timestamp,equity,daily_return,position,stop_price,drawdown
2020-01-02,100000.0,0.0,0,,0.0
2020-01-03,100000.0,0.0,0,,0.0
2020-01-06,100000.0,0.0,0,,0.0
2020-01-07,100000.0,0.0,0,,0.0
2020-01-08,100000.0,0.0,0,,0.0
2020-01-09,100000.0,0.0,0,,0.0
2020-01-10,100000.0,0.0,0,,0.0
2020-01-13,100000.0,0.0,0,,0.0
2020-01-14,100000.0,0.0,0,,0.0
2020-01-15,100000.0,0.0,0,,0.0
2020-01-16,100000.0,0.0,0,,0.0
2020-01-17,100000.0,0.0,0,,0.0
2020-01-20,100000.0,0.0,0,,0.0
2020-01-21,100000.0,0.0,0,,0.0
2020-01-22,100000.0,0.0,0,,0.0
2020-01-23,100000.0,0.0,0,,0.0
2020-01-24,100000.0,0.0,0,,0.0
2020-01-27,100000.0,0.0,0,,0.0
2020-01-28,100000.0,0.0,0,,0.0
2020-01-29,100000.0,0.0,0,,0.0
2020-01-30,100000.0,0.0,0,,0.0
2020-01-31,100000.0,0.0,0,,0.0
2020-02-03,100000.0,0.0,0,,0.0
2020-02-04,100000.0,0.0,0,,0.0
2020-02-05,100000.0,0.0,0,,0.0
2020-02-06,100000.0,0.0,0,,0.0
2020-02-07,100000.0,0.0,0,,0.0
2020-02-10,100000.0,0.0,0,,0.0
2020-02-11,100000.0,0.0,0,,0.0
2020-02-12,100000.0,0.0,0,,0.0
2020-02-13,100000.0,0.0,0,,0.0
2020-02-14,100000.0,0.0,0,,0.0
2020-02-17,100000.0,0.0,0,,0.0
2020-02-18,100000.0,0.0,0,,0.0
2020-02-19,100000.0,0.0,0,,0.0
2020-02-20,100000.0,0.0,0,,0.0
2020-02-21,100000.0,0.0,0,,0.0
2020-02-26,100000.0,0.0,0,,0.0
2020-02-27,100000.0,0.0,0,,0.0
2020-02-28,100000.0,0.0,0,,0.0
2020-03-02,100000.0,0.0,0,,0.0
2020-03-03,100000.0,0.0,0,,0.0
2020-03-04,100000.0,0.0,0,,0.0
2020-03-05,100000.0,0.0,0,,0.0
2020-03-06,100000.0,0.0,0,,0.0
2020-03-09,100000.0,0.0,0,,0.0
2020-03-10,100000.0,0.0,0,,0.0
2020-03-11,100000.0,0.0,0,,0.0
2020-03-12,100000.0,0.0,0,,0.0
2020-03-13,100000.0,0.0,0,,0.0
2020-03-16,100000.0,0.0,0,,0.0
2020-03-17,100000.0,0.0,0,,0.0
2020-03-18,100000.0,0.0,0,,0.0
2020-03-19,100000.0,0.0,0,,0.0
2020-03-20,100000.0,0.0,0,,0.0
2020-03-23,100000.0,0.0,0,,0.0
2020-03-24,100000.0,0.0,0,,0.0
2020-03-25,100000.0,0.0,0,,0.0
2020-03-26,100000.0,0.0,0,,0.0
2020-03-27,99850.22466300549,-0.0014977533699451762,1,21.863084043775284,-0.0014977533699451762
2020-03-30,99850.22466300549,0.0,1,22.118149008069718,-0.0014977533699451762
2020-03-31,99850.22466300549,0.0,1,22.16162327357701,-0.0014977533699451762
2020-04-01,101064.23141912743,0.012158277662561279,0,,0.0
2020-04-02,100912.86212593853,-0.0014977533699450651,1,22.82809795652117,-0.0014977533699450651
2020-04-03,100761.49283274962,-0.0015000000000000568,0,,-0.0029955067398902413
2020-04-06,100761.49283274962,0.0,0,,-0.0029955067398902413
2020-04-07,100761.49283274962,0.0,0,,-0.0029955067398902413
2020-04-08,100610.57696729866,-0.0014977533699451762,1,24.75305243900844,-0.004488773579520933
2020-04-09,100610.57696729866,0.0,1,24.75305243900844,-0.004488773579520933
2020-04-13,100610.57696729866,0.0,1,24.75305243900844,-0.004488773579520933
2020-04-14,100610.57696729866,0.0,1,25.389935561588832,-0.004488773579520933
2020-04-15,100610.57696729866,0.0,1,25.389935561588832,-0.004488773579520933
2020-04-16,100610.57696729866,0.0,1,25.389935561588832,-0.004488773579520933
2020-04-17,100610.57696729866,0.0,1,25.389935561588832,-0.004488773579520933
2020-04-20,100610.57696729866,0.0,1,25.389935561588832,-0.004488773579520933
2020-04-22,111481.75477166267,0.10805203719184964,1,27.684708254677908,0.0
2020-04-23,113185.48514556745,0.015282593796575705,1,28.036131041390554,0.0
2020-04-24,116769.81861356519,0.03166778375679491,1,28.79274000440325,0.0
2020-04-27,119147.82520507356,0.020364907813876787,1,29.294708115713938,0.0
2020-04-28,115355.47516737405,-0.03182894888070542,1,29.294708115713938,-0.03182894888070542
2020-04-29,115013.73896162905,-0.0029624619485912884,1,29.294708115713938,-0.03469711877937387
2020-04-30,115013.73896162905,0.0,1,29.294708115713938,-0.03469711877937387
2020-05-04,115013.73896162905,0.0,1,29.294708115713938,-0.03469711877937387
2020-05-05,115013.73896162905,0.0,1,29.294708115713938,-0.03469711877937387
2020-05-06,115013.73896162905,0.0,1,29.294708115713938,-0.03469711877937387
2020-05-07,115013.73896162905,0.0,1,29.294708115713938,-0.03469711877937387
2020-05-08,115013.73896162905,0.0,1,29.294708115713938,-0.03469711877937387
2020-05-11,115013.73896162905,0.0,1,29.294708115713938,-0.03469711877937387
2020-05-12,123501.25440391047,0.07379566579531027,1,30.241261073521205,0.0
2020-05-13,123501.25440391047,0.0,1,30.740124702453613,0.0
2020-05-14,123501.25440391047,0.0,1,30.884117943899973,0.0
2020-05-15,123501.25440391047,0.0,1,31.04859815325056,0.0
2020-05-18,123501.25440391047,0.0,1,31.157721655709402,0.0
2020-05-19,126062.4946019352,0.02073857638440013,1,31.872393948691233,0.0
2020-05-20,126062.4946019352,0.0,1,31.888075760432653,0.0
2020-05-21,126062.4946019352,0.0,1,31.888075760432653,0.0
2020-05-22,126062.4946019352,0.0,1,31.888075760432653,0.0
2020-05-25,126062.4946019352,0.0,1,31.888075760432653,0.0
2020-05-26,126062.4946019352,0.0,1,31.888075760432653,0.0
2020-05-27,126062.4946019352,0.0,1,31.888075760432653,0.0
2020-05-28,126062.4946019352,0.0,1,31.888075760432653,0.0
2020-05-29,126062.4946019352,0.0,1,31.888075760432653,0.0
2020-06-01,123766.72568308293,-0.018211355614543234,0,,-0.018211355614543234
2020-06-02,123766.72568308293,0.0,0,,-0.018211355614543234
2020-06-03,123766.72568308293,0.0,0,,-0.018211355614543234
2020-06-04,123766.72568308293,0.0,0,,-0.018211355614543234
2020-06-05,123766.72568308293,0.0,0,,-0.018211355614543234
2020-06-08,123766.72568308293,0.0,0,,-0.018211355614543234
2020-06-09,123766.72568308293,0.0,0,,-0.018211355614543234
2020-06-10,123766.72568308293,0.0,0,,-0.018211355614543234
2020-06-12,123766.72568308293,0.0,0,,-0.018211355614543234
2020-06-15,123766.72568308293,0.0,0,,-0.018211355614543234
2020-06-16,123766.72568308293,0.0,0,,-0.018211355614543234
2020-06-17,123766.72568308293,0.0,0,,-0.018211355614543234
2020-06-18,123766.72568308293,0.0,0,,-0.018211355614543234
2020-06-19,123766.72568308293,0.0,0,,-0.018211355614543234
2020-06-22,123766.72568308293,0.0,0,,-0.018211355614543234
2020-06-23,123581.35365260403,-0.0014977533699450651,1,34.15093401500157,-0.019681832865245275
2020-06-24,123581.35365260403,0.0,1,34.15093401500157,-0.019681832865245275
2020-06-25,123581.35365260403,0.0,1,34.15093401500157,-0.019681832865245275
2020-06-26,123581.35365260403,0.0,1,34.15093401500157,-0.019681832865245275
2020-06-29,123581.35365260403,0.0,1,34.255576610565186,-0.019681832865245275
2020-06-30,123581.35365260403,0.0,1,34.255576610565186,-0.019681832865245275
2020-07-01,126317.35174037892,0.02213924679499768,1,34.89121362141201,0.0
2020-07-02,126317.35174037892,0.0,1,34.92757722309658,0.0
2020-07-03,126317.35174037892,0.0,1,34.92757722309658,0.0
2020-07-06,126317.35174037892,0.0,1,34.92757722309658,0.0
2020-07-07,126317.35174037892,0.0,1,34.92757722309658,0.0
2020-07-08,126317.35174037892,0.0,1,34.92757722309658,0.0
2020-07-09,126317.35174037892,0.0,1,34.92757722309658,0.0
2020-07-10,126317.35174037892,0.0,1,35.587999071393696,0.0
2020-07-13,126317.35174037892,0.0,1,35.587999071393696,0.0
2020-07-14,126317.35174037892,0.0,1,35.587999071393696,0.0
2020-07-15,126317.35174037892,0.0,1,35.587999071393696,0.0
2020-07-16,126317.35174037892,0.0,1,35.587999071393696,0.0
2020-07-17,126317.35174037892,0.0,1,35.587999071393696,0.0
2020-07-20,126317.35174037892,0.0,1,35.587999071393696,0.0
2020-07-21,126317.35174037892,0.0,1,35.72618103027344,0.0
2020-07-22,126127.87571276835,-0.0014999999999999458,0,,-0.0014999999999999458
2020-07-23,126127.87571276835,0.0,0,,-0.0014999999999999458
2020-07-24,126127.87571276835,0.0,0,,-0.0014999999999999458
2020-07-27,126127.87571276835,0.0,0,,-0.0014999999999999458
2020-07-28,126127.87571276835,0.0,0,,-0.0014999999999999458
2020-07-29,126127.87571276835,0.0,0,,-0.0014999999999999458
2020-07-30,126127.87571276835,0.0,0,,-0.0014999999999999458
2020-07-31,126127.87571276835,0.0,0,,-0.0014999999999999458
2020-08-03,126127.87571276835,0.0,0,,-0.0014999999999999458
2020-08-04,126127.87571276835,0.0,0,,-0.0014999999999999458
2020-08-05,126127.87571276835,0.0,0,,-0.0014999999999999458
2020-08-06,126127.87571276835,0.0,0,,-0.0014999999999999458
2020-08-07,126127.87571276835,0.0,0,,-0.0014999999999999458
2020-08-10,126127.87571276835,0.0,0,,-0.0014999999999999458
2020-08-11,126127.87571276835,0.0,0,,-0.0014999999999999458
2020-08-12,126127.87571276835,0.0,0,,-0.0014999999999999458
2020-08-13,126127.87571276835,0.0,0,,-0.0014999999999999458
2020-08-14,126127.87571276835,0.0,0,,-0.0014999999999999458
2020-08-17,126127.87571276835,0.0,0,,-0.0014999999999999458
2020-08-18,125508.3402642191,-0.004911962918967339,1,37.247757639203755,-0.006404594974588895
2020-08-19,126026.19057726485,0.004126023114922495,1,37.247757639203755,-0.0023049973665731915
2020-08-20,126026.19057726485,0.0,1,37.247757639203755,-0.0023049973665731915
2020-08-21,126026.19057726485,0.0,1,37.270759854997905,-0.0023049973665731915
2020-08-24,128013.367450893,0.015767967471887134,1,37.760776792253765,0.0
2020-08-25,128013.367450893,0.0,1,37.760776792253765,0.0
2020-08-26,131186.45864688556,0.024787186363250502,1,38.5432277406965,0.0
2020-08-27,128400.99274410923,-0.021232876712328652,1,38.5432277406965,-0.021232876712328652
2020-08-28,128400.99274410923,0.0,1,38.5432277406965,-0.021232876712328652
2020-08-31,125029.19851233931,-0.026259876654455283,0,,-0.046935180643298935
2020-09-01,125029.19851233931,0.0,0,,-0.046935180643298935
2020-09-02,125029.19851233931,0.0,0,,-0.046935180643298935
2020-09-03,125029.19851233931,0.0,0,,-0.046935180643298935
2020-09-04,125029.19851233931,0.0,0,,-0.046935180643298935
2020-09-08,125029.19851233931,0.0,0,,-0.046935180643298935
2020-09-09,125029.19851233931,0.0,0,,-0.046935180643298935
2020-09-10,125029.19851233931,0.0,0,,-0.046935180643298935
2020-09-11,125029.19851233931,0.0,0,,-0.046935180643298935
2020-09-14,125029.19851233931,0.0,0,,-0.046935180643298935
2020-09-15,125029.19851233931,0.0,0,,-0.046935180643298935
2020-09-16,125029.19851233931,0.0,0,,-0.046935180643298935
2020-09-17,125029.19851233931,0.0,0,,-0.046935180643298935
2020-09-18,125029.19851233931,0.0,0,,-0.046935180643298935
2020-09-21,125029.19851233931,0.0,0,,-0.046935180643298935
2020-09-22,125029.19851233931,0.0,0,,-0.046935180643298935
2020-09-23,125029.19851233931,0.0,0,,-0.046935180643298935
2020-09-24,125029.19851233931,0.0,0,,-0.046935180643298935
2020-09-25,125029.19851233931,0.0,0,,-0.046935180643298935
2020-09-28,125029.19851233931,0.0,0,,-0.046935180643298935
2020-09-29,125029.19851233931,0.0,0,,-0.046935180643298935
2020-09-30,125029.19851233931,0.0,0,,-0.046935180643298935
2020-10-01,125029.19851233931,0.0,0,,-0.046935180643298935
2020-10-02,124841.93560892591,-0.0014977533699451762,1,38.12710789271763,-0.04836263668826668
2020-10-05,124841.93560892591,0.0,1,38.23373140607561,-0.04836263668826668
2020-10-06,124841.93560892591,0.0,1,38.23373140607561,-0.04836263668826668
2020-10-07,124841.93560892591,0.0,1,38.23373140607561,-0.04836263668826668
2020-10-08,124841.93560892591,0.0,1,38.23373140607561,-0.04836263668826668
2020-10-09,124841.93560892591,0.0,1,38.23373140607561,-0.04836263668826668
2020-10-13,124841.93560892591,0.0,1,38.23373140607561,-0.04836263668826668
2020-10-14,129975.63039053966,0.04112155708395404,1,39.54798630305699,-0.009229826529619789
2020-10-15,129975.63039053966,0.0,1,39.54798630305699,-0.009229826529619789
2020-10-16,127927.40818989262,-0.015758509456678227,1,39.54798630305699,-0.02484288767764753
2020-10-19,127927.40818989262,0.0,1,39.54798630305699,-0.02484288767764753
2020-10-20,127927.40818989262,0.0,1,39.54798630305699,-0.02484288767764753
2020-10-21,127927.40818989262,0.0,1,39.54798630305699,-0.02484288767764753
2020-10-22,127927.40818989262,0.0,1,39.54798630305699,-0.02484288767764753
2020-10-23,127927.40818989262,0.0,1,39.54798630305699,-0.02484288767764753
2020-10-26,127927.40818989262,0.0,1,39.54798630305699,-0.02484288767764753
2020-10-27,120868.43904289731,-0.055179490047333135,0,,-0.07865155985162497
2020-10-28,120868.43904289731,0.0,0,,-0.07865155985162497
2020-10-29,120868.43904289731,0.0,0,,-0.07865155985162497
2020-10-30,120868.43904289731,0.0,0,,-0.07865155985162497
2020-11-03,120868.43904289731,0.0,0,,-0.07865155985162497
2020-11-04,120687.40793100081,-0.0014977533699450651,1,38.405407769339426,-0.08003151258275087
2020-11-05,120687.40793100081,0.0,1,38.405407769339426,-0.08003151258275087
2020-11-06,120687.40793100081,0.0,1,38.51940114157541,-0.08003151258275087
2020-11-09,125743.46438800188,0.04189381927807845,1,39.867887769426616,-0.041490519029365514
2020-11-10,120912.31226508193,-0.03842070159616928,0,,-0.07831712577483729
2020-11-11,120912.31226508193,0.0,0,,-0.07831712577483729
2020-11-12,120912.31226508193,0.0,0,,-0.07831712577483729
2020-11-13,120912.31226508193,0.0,0,,-0.07831712577483729
2020-11-16,120912.31226508193,0.0,0,,-0.07831712577483729
2020-11-17,120912.31226508193,0.0,0,,-0.07831712577483729
2020-11-18,120912.31226508193,0.0,0,,-0.07831712577483729
2020-11-19,120912.31226508193,0.0,0,,-0.07831712577483729
2020-11-23,120912.31226508193,0.0,0,,-0.07831712577483729
2020-11-24,120912.31226508193,0.0,0,,-0.07831712577483729
2020-11-25,120912.31226508193,0.0,0,,-0.07831712577483729
2020-11-26,120912.31226508193,0.0,0,,-0.07831712577483729
2020-11-27,120912.31226508193,0.0,0,,-0.07831712577483729
2020-11-30,120912.31226508193,0.0,0,,-0.07831712577483729
2020-12-01,120912.31226508193,0.0,0,,-0.07831712577483729
2020-12-02,120912.31226508193,0.0,0,,-0.07831712577483729
2020-12-03,120912.31226508193,0.0,0,,-0.07831712577483729
2020-12-04,120912.31226508193,0.0,0,,-0.07831712577483729
2020-12-07,120912.31226508193,0.0,0,,-0.07831712577483729
2020-12-08,120912.31226508193,0.0,0,,-0.07831712577483729
2020-12-09,120912.31226508193,0.0,0,,-0.07831712577483729
2020-12-10,120912.31226508193,0.0,0,,-0.07831712577483729
2020-12-11,120912.31226508193,0.0,0,,-0.07831712577483729
2020-12-14,120912.31226508193,0.0,0,,-0.07831712577483729
2020-12-15,120912.31226508193,0.0,0,,-0.07831712577483729
2020-12-16,120912.31226508193,0.0,0,,-0.07831712577483729
2020-12-17,120912.31226508193,0.0,0,,-0.07831712577483729
2020-12-18,120912.31226508193,0.0,0,,-0.07831712577483729
2020-12-21,120912.31226508193,0.0,0,,-0.07831712577483729
2020-12-22,120912.31226508193,0.0,0,,-0.07831712577483729
2020-12-23,120912.31226508193,0.0,0,,-0.07831712577483729
2020-12-28,120912.31226508193,0.0,0,,-0.07831712577483729
2020-12-29,120912.31226508193,0.0,0,,-0.07831712577483729
2020-12-30,120912.31226508193,0.0,0,,-0.07831712577483729
2021-01-04,120912.31226508193,0.0,0,,-0.07831712577483729
2021-01-05,120912.31226508193,0.0,0,,-0.07831712577483729
2021-01-06,120912.31226508193,0.0,0,,-0.07831712577483729
2021-01-07,120912.31226508193,0.0,0,,-0.07831712577483729
2021-01-08,120912.31226508193,0.0,0,,-0.07831712577483729
2021-01-11,120912.31226508193,0.0,0,,-0.07831712577483729
2021-01-12,120912.31226508193,0.0,0,,-0.07831712577483729
2021-01-13,120912.31226508193,0.0,0,,-0.07831712577483729
2021-01-14,120912.31226508193,0.0,0,,-0.07831712577483729
2021-01-15,120912.31226508193,0.0,0,,-0.07831712577483729
2021-01-18,120912.31226508193,0.0,0,,-0.07831712577483729
2021-01-19,120912.31226508193,0.0,0,,-0.07831712577483729
2021-01-20,120912.31226508193,0.0,0,,-0.07831712577483729
2021-01-21,120912.31226508193,0.0,0,,-0.07831712577483729
2021-01-22,120912.31226508193,0.0,0,,-0.07831712577483729
2021-01-26,120912.31226508193,0.0,0,,-0.07831712577483729
2021-01-27,120912.31226508193,0.0,0,,-0.07831712577483729
2021-01-28,120912.31226508193,0.0,0,,-0.07831712577483729
2021-01-29,120912.31226508193,0.0,0,,-0.07831712577483729
2021-02-01,120912.31226508193,0.0,0,,-0.07831712577483729
2021-02-02,120912.31226508193,0.0,0,,-0.07831712577483729
2021-02-03,120912.31226508193,0.0,0,,-0.07831712577483729
2021-02-04,120912.31226508193,0.0,0,,-0.07831712577483729
2021-02-05,120912.31226508193,0.0,0,,-0.07831712577483729
2021-02-08,120912.31226508193,0.0,0,,-0.07831712577483729
2021-02-09,120912.31226508193,0.0,0,,-0.07831712577483729
2021-02-10,120912.31226508193,0.0,0,,-0.07831712577483729
2021-02-11,120912.31226508193,0.0,0,,-0.07831712577483729
2021-02-12,120912.31226508193,0.0,0,,-0.07831712577483729
2021-02-17,120912.31226508193,0.0,0,,-0.07831712577483729
2021-02-18,120912.31226508193,0.0,0,,-0.07831712577483729
2021-02-19,120912.31226508193,0.0,0,,-0.07831712577483729
2021-02-22,120912.31226508193,0.0,0,,-0.07831712577483729
2021-02-23,120912.31226508193,0.0,0,,-0.07831712577483729
2021-02-24,120912.31226508193,0.0,0,,-0.07831712577483729
2021-02-25,120912.31226508193,0.0,0,,-0.07831712577483729
2021-02-26,120912.31226508193,0.0,0,,-0.07831712577483729
2021-03-01,120912.31226508193,0.0,0,,-0.07831712577483729
2021-03-02,120912.31226508193,0.0,0,,-0.07831712577483729
2021-03-03,120912.31226508193,0.0,0,,-0.07831712577483729
2021-03-04,120912.31226508193,0.0,0,,-0.07831712577483729
2021-03-05,120912.31226508193,0.0,0,,-0.07831712577483729
2021-03-08,118319.0055782293,-0.02144782973935022,1,50.175614493233816,-0.09808522313489354
2021-03-09,122693.37135077352,0.03697094774560128,0,,-0.064740579048428
2021-03-10,117796.55619342488,-0.039911000108953876,1,51.38044057573591,-0.10206771789992641
2021-03-11,119735.4008009375,0.01645926392218966,0,,-0.08728841348458727
2021-03-12,119735.4008009375,0.0,0,,-0.08728841348458727
2021-03-15,119735.4008009375,0.0,0,,-0.08728841348458727
2021-03-16,119735.4008009375,0.0,0,,-0.08728841348458727
2021-03-17,119735.4008009375,0.0,0,,-0.08728841348458727
2021-03-18,119735.4008009375,0.0,0,,-0.08728841348458727
2021-03-19,119735.4008009375,0.0,0,,-0.08728841348458727
2021-03-22,119735.4008009375,0.0,0,,-0.08728841348458727
2021-03-23,117345.9281300544,-0.019956275712106564,1,51.89680399213518,-0.10550273755072315
2021-03-24,123637.07737614505,0.053611994436808974,0,,-0.057546955292551716
2021-03-25,123451.89952685477,-0.0014977533699450651,1,54.63858386448452,-0.05895851751627723
2021-03-26,133483.49097614826,0.08125910972403694,1,58.717953954424175,0.0
2021-03-29,134053.06490073155,0.004266999015519302,1,59.51686300550188,0.0
2021-03-30,134053.06490073155,0.0,1,60.04770674024309,0.0
2021-03-31,133224.73288690427,-0.006179135213660869,1,60.04770674024309,-0.006179135213660869
2021-04-01,137359.18618690275,0.031033676783636333,1,61.43392835344587,0.0
2021-04-05,138157.12859458677,0.005809166680692757,1,61.86451516832624,0.0
2021-04-06,133483.10831584004,-0.03383119153020575,1,61.86451516832624,-0.03383119153020575
2021-04-07,134509.40326244524,0.007688575427662547,1,61.86451516832624,-0.02640272977043079
2021-04-08,135231.3557105916,0.005367300951724108,1,61.86451516832624,-0.02117714021533168
2021-04-09,136446.87617960406,0.008988451403340258,1,61.86451516832624,-0.012379038507678741
2021-04-12,137131.20036411026,0.005015315877260784,1,61.86451516832624,-0.007425807418790731
2021-04-13,136789.22960201127,-0.002493748768996329,1,61.86451516832624,-0.009901038089677683
2021-04-14,136219.27301711976,-0.0041666773513514554,1,61.88665199279785,-0.014026461009865931
2021-04-15,136910.81991494333,0.005076718459190888,1,62.207886695861816,-0.009020950944200967
2021-04-16,137169.19534387908,0.0018871804952762528,1,63.2547356741769,-0.007150794611595623
2021-04-19,128996.04233105983,-0.05958446422558217,0,,-0.06630918257145868
2021-04-20,128996.04233105983,0.0,0,,-0.06630918257145868
2021-04-22,128996.04233105983,0.0,0,,-0.06630918257145868
2021-04-23,128996.04233105983,0.0,0,,-0.06630918257145868
2021-04-26,128996.04233105983,0.0,0,,-0.06630918257145868
2021-04-27,128996.04233105983,0.0,0,,-0.06630918257145868
2021-04-28,128996.04233105983,0.0,0,,-0.06630918257145868
2021-04-29,128996.04233105983,0.0,0,,-0.06630918257145868
2021-04-30,128996.04233105983,0.0,0,,-0.06630918257145868
2021-05-03,128996.04233105983,0.0,0,,-0.06630918257145868
2021-05-04,128996.04233105983,0.0,0,,-0.06630918257145868
2021-05-05,128996.04233105983,0.0,0,,-0.06630918257145868
2021-05-06,128996.04233105983,0.0,0,,-0.06630918257145868
2021-05-07,128996.04233105983,0.0,0,,-0.06630918257145868
2021-05-10,128996.04233105983,0.0,0,,-0.06630918257145868
2021-05-11,128996.04233105983,0.0,0,,-0.06630918257145868
2021-05-12,128996.04233105983,0.0,0,,-0.06630918257145868
2021-05-13,128996.04233105983,0.0,0,,-0.06630918257145868
2021-05-14,128996.04233105983,0.0,0,,-0.06630918257145868
2021-05-17,128996.04233105983,0.0,0,,-0.06630918257145868
2021-05-18,128996.04233105983,0.0,0,,-0.06630918257145868
2021-05-19,128996.04233105983,0.0,0,,-0.06630918257145868
2021-05-20,128996.04233105983,0.0,0,,-0.06630918257145868
2021-05-21,128996.04233105983,0.0,0,,-0.06630918257145868
2021-05-24,128996.04233105983,0.0,0,,-0.06630918257145868
2021-05-25,128996.04233105983,0.0,0,,-0.06630918257145868
2021-05-26,128996.04233105983,0.0,0,,-0.06630918257145868
2021-05-27,128996.04233105983,0.0,0,,-0.06630918257145868
2021-05-28,128996.04233105983,0.0,0,,-0.06630918257145868
2021-05-31,128996.04233105983,0.0,0,,-0.06630918257145868
2021-06-01,128020.63444701191,-0.007561533411580168,1,60.036843981061665,-0.07336931688353021
2021-06-02,126330.65495390681,-0.01320083672764949,1,60.036843981061665,-0.08560161723818094
2021-06-04,127238.21763938678,0.007184025807600802,0,,-0.07903255565799161
2021-06-07,127772.99535194621,0.004202964506113016,1,59.997693743024556,-0.07516176217813653
2021-06-08,128476.39878373113,0.005505102465880318,1,60.28011621747698,-0.07007043291456294
2021-06-09,129260.88910840682,0.006106104561634407,1,60.80584280831473,-0.064392185742984
2021-06-10,132950.1320182759,0.028541060914218486,1,62.3251895904541,-0.03768894612445561
2021-06-11,132410.75980061787,-0.004056951350630444,1,62.3251895904541,-0.04159299525420257
2021-06-14,133166.62387667727,0.0057084792595221145,1,62.8225348336356,-0.0361219487454304
2021-06-15,133166.62387667727,0.0,1,62.99341147286551,-0.0361219487454304
2021-06-16,132337.11822975,-0.006229080701899203,1,62.99341147286551,-0.04212602291348444
2021-06-17,131175.44508183937,-0.00877813544264916,1,62.99341147286551,-0.0505343704213389
2021-06-18,128682.12723397241,-0.019007504387055008,0,,-0.0685813425409133
2021-06-21,128682.12723397241,0.0,0,,-0.0685813425409133
2021-06-22,128682.12723397241,0.0,0,,-0.0685813425409133
2021-06-23,128682.12723397241,0.0,0,,-0.0685813425409133
2021-06-24,128682.12723397241,0.0,0,,-0.0685813425409133
2021-06-25,128682.12723397241,0.0,0,,-0.0685813425409133
2021-06-28,128682.12723397241,0.0,0,,-0.0685813425409133
2021-06-29,128682.12723397241,0.0,0,,-0.0685813425409133
2021-06-30,128682.12723397241,0.0,0,,-0.0685813425409133
2021-07-01,128682.12723397241,0.0,0,,-0.0685813425409133
2021-07-02,129333.37353750845,0.005060891652435506,1,61.01506151471819,-0.06386753363245601
2021-07-05,131067.12208225015,0.013405268086035704,1,61.82464408874512,-0.05131842695675726
2021-07-06,132784.12396140676,0.013100172277217714,1,62.666307994297576,-0.038890534913668784
2021-07-07,135166.77455379113,0.017943791180012436,1,63.86708613804409,-0.021644587371026258
2021-07-08,131183.28645285708,-0.029470911872272132,1,63.86708613804409,-0.05047761351637514
2021-07-12,136740.1582630194,0.04235960205311118,0,,-0.010256223084408322
2021-07-13,137198.65551568742,0.0033530548632692003,1,64.34138897487095,-0.006937557899831082
2021-07-14,136197.1667453136,-0.007299552365214845,1,64.34138897487095,-0.014186469197869367
2021-07-15,134847.74084554976,-0.00990788525202746,1,64.34138897487095,-0.023953796540952976
2021-07-16,132190.74862534902,-0.01970364652414891,0,,-0.04318546592514749
2021-07-19,132190.74862534902,0.0,0,,-0.04318546592514749
2021-07-20,132190.74862534902,0.0,0,,-0.04318546592514749
2021-07-21,132190.74862534902,0.0,0,,-0.04318546592514749
2021-07-22,132190.74862534902,0.0,0,,-0.04318546592514749
2021-07-23,132190.74862534902,0.0,0,,-0.04318546592514749
2021-07-26,132190.74862534902,0.0,0,,-0.04318546592514749
2021-07-27,132190.74862534902,0.0,0,,-0.04318546592514749
2021-07-28,132190.74862534902,0.0,0,,-0.04318546592514749
2021-07-29,132190.74862534902,0.0,0,,-0.04318546592514749
2021-07-30,132190.74862534902,0.0,0,,-0.04318546592514749
2021-08-02,132190.74862534902,0.0,0,,-0.04318546592514749
2021-08-03,132190.74862534902,0.0,0,,-0.04318546592514749
2021-08-04,132190.74862534902,0.0,0,,-0.04318546592514749
2021-08-05,132190.74862534902,0.0,0,,-0.04318546592514749
2021-08-06,132190.74862534902,0.0,0,,-0.04318546592514749
2021-08-09,132190.74862534902,0.0,0,,-0.04318546592514749
2021-08-10,132190.74862534902,0.0,0,,-0.04318546592514749
2021-08-11,132190.74862534902,0.0,0,,-0.04318546592514749
2021-08-12,132190.74862534902,0.0,0,,-0.04318546592514749
2021-08-13,132190.74862534902,0.0,0,,-0.04318546592514749
2021-08-16,132190.74862534902,0.0,0,,-0.04318546592514749
2021-08-17,132190.74862534902,0.0,0,,-0.04318546592514749
2021-08-18,132190.74862534902,0.0,0,,-0.04318546592514749
2021-08-19,132190.74862534902,0.0,0,,-0.04318546592514749
2021-08-20,132190.74862534902,0.0,0,,-0.04318546592514749
2021-08-23,132190.74862534902,0.0,0,,-0.04318546592514749
2021-08-24,132190.74862534902,0.0,0,,-0.04318546592514749
2021-08-25,132190.74862534902,0.0,0,,-0.04318546592514749
2021-08-26,132190.74862534902,0.0,0,,-0.04318546592514749
2021-08-27,132190.74862534902,0.0,0,,-0.04318546592514749
2021-08-30,132190.74862534902,0.0,0,,-0.04318546592514749
2021-08-31,132190.74862534902,0.0,0,,-0.04318546592514749
2021-09-01,132190.74862534902,0.0,0,,-0.04318546592514749
2021-09-02,132190.74862534902,0.0,0,,-0.04318546592514749
2021-09-03,132190.74862534902,0.0,0,,-0.04318546592514749
2021-09-06,132190.74862534902,0.0,0,,-0.04318546592514749
2021-09-08,132190.74862534902,0.0,0,,-0.04318546592514749
2021-09-09,132190.74862534902,0.0,0,,-0.04318546592514749
2021-09-10,132190.74862534902,0.0,0,,-0.04318546592514749
2021-09-13,132190.74862534902,0.0,0,,-0.04318546592514749
2021-09-14,132190.74862534902,0.0,0,,-0.04318546592514749
2021-09-15,132190.74862534902,0.0,0,,-0.04318546592514749
2021-09-16,132190.74862534902,0.0,0,,-0.04318546592514749
2021-09-17,132190.74862534902,0.0,0,,-0.04318546592514749
2021-09-20,132190.74862534902,0.0,0,,-0.04318546592514749
2021-09-21,132190.74862534902,0.0,0,,-0.04318546592514749
2021-09-22,132190.74862534902,0.0,0,,-0.04318546592514749
2021-09-23,132190.74862534902,0.0,0,,-0.04318546592514749
2021-09-24,132190.74862534902,0.0,0,,-0.04318546592514749
2021-09-27,132190.74862534902,0.0,0,,-0.04318546592514749
2021-09-28,132190.74862534902,0.0,0,,-0.04318546592514749
2021-09-29,132190.74862534902,0.0,0,,-0.04318546592514749
2021-09-30,132190.74862534902,0.0,0,,-0.04318546592514749
2021-10-01,132190.74862534902,0.0,0,,-0.04318546592514749
2021-10-04,132190.74862534902,0.0,0,,-0.04318546592514749
2021-10-05,132190.74862534902,0.0,0,,-0.04318546592514749
2021-10-06,132190.74862534902,0.0,0,,-0.04318546592514749
2021-10-07,132190.74862534902,0.0,0,,-0.04318546592514749
2021-10-08,132190.74862534902,0.0,0,,-0.04318546592514749
2021-10-11,132190.74862534902,0.0,0,,-0.04318546592514749
2021-10-13,132190.74862534902,0.0,0,,-0.04318546592514749
2021-10-14,132190.74862534902,0.0,0,,-0.04318546592514749
2021-10-15,132190.74862534902,0.0,0,,-0.04318546592514749
2021-10-18,132190.74862534902,0.0,0,,-0.04318546592514749
2021-10-19,132190.74862534902,0.0,0,,-0.04318546592514749
2021-10-20,128602.24415032222,-0.02714641162368503,1,74.20285034179688,-0.06915954711466787
2021-10-21,130934.9771038464,0.01813913099990283,0,,-0.05227491019977204
2021-10-22,130934.9771038464,0.0,0,,-0.05227491019977204
2021-10-25,130934.9771038464,0.0,0,,-0.05227491019977204
2021-10-26,130934.9771038464,0.0,0,,-0.05227491019977204
2021-10-27,130934.9771038464,0.0,0,,-0.05227491019977204
2021-10-28,131110.69311868554,0.0013420097419789556,1,77.34027671813965,-0.05100305389654225
2021-10-29,131080.6296025808,-0.00022929873521093658,1,77.6021545955113,-0.051220657696002814
2021-11-01,131080.6296025808,0.0,1,77.8441344669887,-0.051220657696002814
2021-11-03,132527.846190266,0.011040659417588694,1,79.01610292707171,-0.04074550811518052
2021-11-04,136441.85654964874,0.029533494068586297,1,81.69562993730817,-0.012415371268835407
2021-11-05,133713.16307013502,-0.019998947159743485,1,81.69562993730817,-0.03216602407460478
2021-11-08,135707.08403758027,0.014911927305162775,1,81.69562993730817,-0.017733754182138517
2021-11-09,132988.69599027507,-0.020031290677150038,1,81.69562993730817,-0.03740981487446904
2021-11-10,128806.7684154579,-0.03144573712583043,1,81.69562993730817,-0.06767917279583091
2021-11-11,128420.91036561031,-0.0029956348924384812,0,,-0.07047206559675079
2021-11-12,128420.91036561031,0.0,0,,-0.07047206559675079
2021-11-16,128420.91036561031,0.0,0,,-0.07047206559675079
2021-11-17,128420.91036561031,0.0,0,,-0.07047206559675079
2021-11-18,128420.91036561031,0.0,0,,-0.07047206559675079
2021-11-19,128420.91036561031,0.0,0,,-0.07047206559675079
2021-11-22,128420.91036561031,0.0,0,,-0.07047206559675079
2021-11-23,128420.91036561031,0.0,0,,-0.07047206559675079
2021-11-24,128420.91036561031,0.0,0,,-0.07047206559675079
2021-11-25,128104.8695842063,-0.002460976024108885,1,76.4106867653983,-0.07275961155705668
2021-11-26,126360.07328016029,-0.013620062295127022,1,76.4106867653983,-0.08538868341020744
2021-11-29,127743.22778478758,0.010946135663918222,0,,-0.07537722385906065
2021-11-30,125921.38907656401,-0.014261724396794406,1,77.78258323669434,-0.08856393906338167
2021-12-01,126167.24259186722,0.0019524364931657878,0,,-0.08678441803682169
2021-12-02,127590.26855212497,0.011278886111992126,1,75.90559387207031,-0.07648436349216248
2021-12-03,127426.79582851897,-0.0012812319110310222,0,,-0.07766760119599236
2021-12-06,127426.79582851897,0.0,0,,-0.07766760119599236
2021-12-07,127426.79582851897,0.0,0,,-0.07766760119599236
2021-12-08,127426.79582851897,0.0,0,,-0.07766760119599236
2021-12-09,127426.79582851897,0.0,0,,-0.07766760119599236
2021-12-10,127426.79582851897,0.0,0,,-0.07766760119599236
2021-12-13,127426.79582851897,0.0,0,,-0.07766760119599236
2021-12-14,127426.79582851897,0.0,0,,-0.07766760119599236
2021-12-15,127426.79582851897,0.0,0,,-0.07766760119599236
2021-12-16,127426.79582851897,0.0,0,,-0.07766760119599236
2021-12-17,127426.79582851897,0.0,0,,-0.07766760119599236
2021-12-20,127426.79582851897,0.0,0,,-0.07766760119599236
2021-12-21,127426.79582851897,0.0,0,,-0.07766760119599236
2021-12-22,127426.79582851897,0.0,0,,-0.07766760119599236
2021-12-23,128585.22541105219,0.009090941783485906,1,77.56187220982143,-0.06928273105344218
2021-12-27,129222.95437753087,0.004959581977167504,1,78.12501880100795,-0.06466676246053626
2021-12-28,129318.82911134024,0.0007419326873556731,1,78.66091074262347,-0.06397280815803541
2021-12-29,128231.10157929639,-0.008411207706708668,0,,-0.07184592728774553
2021-12-30,126885.86459210595,-0.010490723160157533,1,76.91806629725865,-0.08158293471454248
2022-01-03,127747.56582533334,0.00679115231627625,0,,-0.07534582453432159
2022-01-04,125953.63819253074,-0.014042753935956775,1,77.20727212088448,-0.08833051559624105
2022-01-05,120292.18350045104,-0.04494871901537045,1,77.20727212088448,-0.1293088910855934
2022-01-06,120111.74522520036,-0.0015000000000000568,0,,-0.130614927748965
2022-01-07,120111.74522520036,0.0,0,,-0.130614927748965
2022-01-10,120111.74522520036,0.0,0,,-0.130614927748965
2022-01-11,120111.74522520036,0.0,0,,-0.130614927748965
2022-01-12,120111.74522520036,0.0,0,,-0.130614927748965
2022-01-13,120111.74522520036,0.0,0,,-0.130614927748965
2022-01-14,120111.74522520036,0.0,0,,-0.130614927748965
2022-01-17,120111.74522520036,0.0,0,,-0.130614927748965
2022-01-18,120111.74522520036,0.0,0,,-0.130614927748965
2022-01-19,120111.74522520036,0.0,0,,-0.130614927748965
2022-01-20,120111.74522520036,0.0,0,,-0.130614927748965
2022-01-21,120111.74522520036,0.0,0,,-0.130614927748965
2022-01-24,120111.74522520036,0.0,0,,-0.130614927748965
2022-01-25,120111.74522520036,0.0,0,,-0.130614927748965
2022-01-26,120111.74522520036,0.0,0,,-0.130614927748965
2022-01-27,120111.74522520036,0.0,0,,-0.130614927748965
2022-01-28,120111.74522520036,0.0,0,,-0.130614927748965
2022-01-31,120111.74522520036,0.0,0,,-0.130614927748965
2022-02-01,120111.74522520036,0.0,0,,-0.130614927748965
2022-02-02,120111.74522520036,0.0,0,,-0.130614927748965
2022-02-03,120111.74522520036,0.0,0,,-0.130614927748965
2022-02-04,120111.74522520036,0.0,0,,-0.130614927748965
2022-02-07,120111.74522520036,0.0,0,,-0.130614927748965
2022-02-08,120111.74522520036,0.0,0,,-0.130614927748965
2022-02-09,120111.74522520036,0.0,0,,-0.130614927748965
2022-02-10,120111.74522520036,0.0,0,,-0.130614927748965
2022-02-11,120111.74522520036,0.0,0,,-0.130614927748965
2022-02-14,120111.74522520036,0.0,0,,-0.130614927748965
2022-02-15,120111.74522520036,0.0,0,,-0.130614927748965
2022-02-16,120111.74522520036,0.0,0,,-0.130614927748965
2022-02-17,120111.74522520036,0.0,0,,-0.130614927748965
2022-02-18,120111.74522520036,0.0,0,,-0.130614927748965
2022-02-21,120111.74522520036,0.0,0,,-0.130614927748965
2022-02-22,120111.74522520036,0.0,0,,-0.130614927748965
2022-02-23,120111.74522520036,0.0,0,,-0.130614927748965
2022-02-24,120111.74522520036,0.0,0,,-0.130614927748965
2022-02-25,120111.74522520036,0.0,0,,-0.130614927748965
2022-03-02,120111.74522520036,0.0,0,,-0.130614927748965
2022-03-03,120111.74522520036,0.0,0,,-0.130614927748965
2022-03-04,120111.74522520036,0.0,0,,-0.130614927748965
2022-03-07,120111.74522520036,0.0,0,,-0.130614927748965
2022-03-08,120111.74522520036,0.0,0,,-0.130614927748965
2022-03-09,120111.74522520036,0.0,0,,-0.130614927748965
2022-03-10,120111.74522520036,0.0,0,,-0.130614927748965
2022-03-11,120111.74522520036,0.0,0,,-0.130614927748965
2022-03-14,120111.74522520036,0.0,0,,-0.130614927748965
2022-03-15,120111.74522520036,0.0,0,,-0.130614927748965
2022-03-16,120111.74522520036,0.0,0,,-0.130614927748965
2022-03-17,120573.40804881671,0.0038436109870085833,1,54.28723880222866,-0.12727334973331972
2022-03-18,121204.21217884372,0.0052317019169900725,0,,-0.12270750404411124
2022-03-21,121204.21217884372,0.0,0,,-0.12270750404411124
2022-03-22,121204.21217884372,0.0,0,,-0.12270750404411124
2022-03-23,121022.6781616013,-0.0014977533699451762,1,54.88467175619943,-0.12402147183635681
2022-03-24,122299.08493934748,0.010546839626551563,1,55.713795934404644,-0.11478266678351212
2022-03-25,119403.32463845891,-0.023677693928165322,1,55.713795934404644,-0.13574257185931893
2022-03-28,122024.64561853811,0.021953500775763857,1,55.713795934404644,-0.1167690957401728
2022-03-29,122115.63631193846,0.0007456747195546676,0,,-0.11611049278333685
2022-03-30,122115.63631193846,0.0,0,,-0.11611049278333685
2022-03-31,122115.63631193846,0.0,0,,-0.11611049278333685
2022-04-01,118698.17716527733,-0.02798543454280822,1,53.99978365216936,-0.14084652473062376
2022-04-04,119761.90408171373,0.00896161122133532,1,53.99978365216936,-0.13314712530580053
2022-04-05,115547.30710185219,-0.0351914660356929,1,53.99978365216936,-0.1636529488035442
2022-04-06,113111.73881929052,-0.021078537818408627,0,,-0.18128192175150326
2022-04-07,113111.73881929052,0.0,0,,-0.18128192175150326
2022-04-08,113111.73881929052,0.0,0,,-0.18128192175150326
2022-04-11,113111.73881929052,0.0,0,,-0.18128192175150326
2022-04-12,113111.73881929052,0.0,0,,-0.18128192175150326
2022-04-13,113111.73881929052,0.0,0,,-0.18128192175150326
2022-04-14,113111.73881929052,0.0,0,,-0.18128192175150326
2022-04-18,113111.73881929052,0.0,0,,-0.18128192175150326
2022-04-19,113111.73881929052,0.0,0,,-0.18128192175150326
2022-04-20,113111.73881929052,0.0,0,,-0.18128192175150326
2022-04-22,113111.73881929052,0.0,0,,-0.18128192175150326
2022-04-25,113111.73881929052,0.0,0,,-0.18128192175150326
2022-04-26,113111.73881929052,0.0,0,,-0.18128192175150326
2022-04-27,113111.73881929052,0.0,0,,-0.18128192175150326
2022-04-28,113111.73881929052,0.0,0,,-0.18128192175150326
2022-04-29,113111.73881929052,0.0,0,,-0.18128192175150326
2022-05-02,113111.73881929052,0.0,0,,-0.18128192175150326
2022-05-03,113111.73881929052,0.0,0,,-0.18128192175150326
2022-05-04,113111.73881929052,0.0,0,,-0.18128192175150326
2022-05-05,113111.73881929052,0.0,0,,-0.18128192175150326
2022-05-06,113111.73881929052,0.0,0,,-0.18128192175150326
2022-05-09,113111.73881929052,0.0,0,,-0.18128192175150326
2022-05-10,113111.73881929052,0.0,0,,-0.18128192175150326
2022-05-11,113111.73881929052,0.0,0,,-0.18128192175150326
2022-05-12,113111.73881929052,0.0,0,,-0.18128192175150326
2022-05-13,113111.73881929052,0.0,0,,-0.18128192175150326
2022-05-16,113111.73881929052,0.0,0,,-0.18128192175150326
2022-05-17,113111.73881929052,0.0,0,,-0.18128192175150326
2022-05-18,113111.73881929052,0.0,0,,-0.18128192175150326
2022-05-19,113111.73881929052,0.0,0,,-0.18128192175150326
2022-05-20,113111.73881929052,0.0,0,,-0.18128192175150326
2022-05-23,113111.73881929052,0.0,0,,-0.18128192175150326
2022-05-24,113111.73881929052,0.0,0,,-0.18128192175150326
2022-05-25,113111.73881929052,0.0,0,,-0.18128192175150326
2022-05-26,113111.73881929052,0.0,0,,-0.18128192175150326
2022-05-27,113111.73881929052,0.0,0,,-0.18128192175150326
2022-05-30,113111.73881929052,0.0,0,,-0.18128192175150326
2022-05-31,113111.73881929052,0.0,0,,-0.18128192175150326
2022-06-01,113111.73881929052,0.0,0,,-0.18128192175150326
2022-06-02,113111.73881929052,0.0,0,,-0.18128192175150326
2022-06-03,113111.73881929052,0.0,0,,-0.18128192175150326
2022-06-06,113111.73881929052,0.0,0,,-0.18128192175150326
2022-06-07,112942.32533129358,-0.0014977533699450651,1,46.82001658848354,-0.18250815951223487
2022-06-08,116249.40352064687,0.029281123614664617,0,,-0.15857107987693286
2022-06-09,113102.31837414912,-0.027071839090673677,1,48.187155042375835,-0.18135010820874387
2022-06-10,110250.54793781246,-0.025214075868036923,0,,-0.20199160868972876
2022-06-13,110250.54793781246,0.0,0,,-0.20199160868972876
2022-06-14,110250.54793781246,0.0,0,,-0.20199160868972876
2022-06-15,110250.54793781246,0.0,0,,-0.20199160868972876
2022-06-17,110250.54793781246,0.0,0,,-0.20199160868972876
2022-06-20,110250.54793781246,0.0,0,,-0.20199160868972876
2022-06-21,110250.54793781246,0.0,0,,-0.20199160868972876
2022-06-22,110250.54793781246,0.0,0,,-0.20199160868972876
2022-06-23,110250.54793781246,0.0,0,,-0.20199160868972876
2022-06-24,110250.54793781246,0.0,0,,-0.20199160868972876
2022-06-27,110085.4198081003,-0.0014977533699451762,1,45.565070561000276,-0.20318682844705827
2022-06-28,106864.0048833585,-0.02926286633014008,1,45.565070561000276,-0.226503865776307
2022-06-29,106703.70887603346,-0.0015000000000000568,0,,-0.22766410997764264
2022-06-30,106703.70887603346,0.0,0,,-0.22766410997764264
2022-07-01,106703.70887603346,0.0,0,,-0.22766410997764264
2022-07-04,106703.70887603346,0.0,0,,-0.22766410997764264
2022-07-05,106703.70887603346,0.0,0,,-0.22766410997764264
2022-07-06,106703.70887603346,0.0,0,,-0.22766410997764264
2022-07-07,106703.70887603346,0.0,0,,-0.22766410997764264
2022-07-08,106703.70887603346,0.0,0,,-0.22766410997764264
2022-07-11,106703.70887603346,0.0,0,,-0.22766410997764264
2022-07-12,106703.70887603346,0.0,0,,-0.22766410997764264
2022-07-13,106703.70887603346,0.0,0,,-0.22766410997764264
2022-07-14,106703.70887603346,0.0,0,,-0.22766410997764264
2022-07-15,106703.70887603346,0.0,0,,-0.22766410997764264
2022-07-18,104989.5918243952,-0.01606426870906319,1,44.697554860796245,-0.24007112124861518
2022-07-19,109786.28536892176,0.04568732444021184,1,45.76317323957171,-0.2053520040136143
2022-07-20,115263.37089982582,0.04988861324981597,1,48.28071362631662,-0.16570811747210823
2022-07-21,121622.53760515133,0.055170750739644614,1,51.05385330745152,-0.11967960797705302
2022-07-22,118865.79251065405,-0.022666400066795878,1,51.05385330745152,-0.13963330216960368
2022-07-25,117708.76646506104,-0.009733885764395267,1,51.05385330745152,-0.1480080133217746
2022-07-26,114711.03583442143,-0.025467352353313544,0,,-0.16970599344870863
2022-07-27,114711.03583442143,0.0,0,,-0.16970599344870863
2022-07-28,114711.03583442143,0.0,0,,-0.16970599344870863
2022-07-29,114711.03583442143,0.0,0,,-0.16970599344870863
2022-08-01,114711.03583442143,0.0,0,,-0.16970599344870863
2022-08-02,114711.03583442143,0.0,0,,-0.16970599344870863
2022-08-03,114711.03583442143,0.0,0,,-0.16970599344870863
2022-08-04,114711.03583442143,0.0,0,,-0.16970599344870863
2022-08-05,114711.03583442143,0.0,0,,-0.16970599344870863
2022-08-08,114711.03583442143,0.0,0,,-0.16970599344870863
2022-08-09,114711.03583442143,0.0,0,,-0.16970599344870863
2022-08-10,114711.03583442143,0.0,0,,-0.16970599344870863
2022-08-11,114711.03583442143,0.0,0,,-0.16970599344870863
2022-08-12,114711.03583442143,0.0,0,,-0.16970599344870863
2022-08-15,114711.03583442143,0.0,0,,-0.16970599344870863
2022-08-16,114711.03583442143,0.0,0,,-0.16970599344870863
2022-08-17,114711.03583442143,0.0,0,,-0.16970599344870863
2022-08-18,114711.03583442143,0.0,0,,-0.16970599344870863
2022-08-19,114711.03583442143,0.0,0,,-0.16970599344870863
2022-08-22,114711.03583442143,0.0,0,,-0.16970599344870863
2022-08-23,114711.03583442143,0.0,0,,-0.16970599344870863
2022-08-24,114711.03583442143,0.0,0,,-0.16970599344870863
2022-08-25,114711.03583442143,0.0,0,,-0.16970599344870863
2022-08-26,114711.03583442143,0.0,0,,-0.16970599344870863
2022-08-29,114711.03583442143,0.0,0,,-0.16970599344870863
2022-08-30,114711.03583442143,0.0,0,,-0.16970599344870863
2022-08-31,114711.03583442143,0.0,0,,-0.16970599344870863
2022-09-01,114711.03583442143,0.0,0,,-0.16970599344870863
2022-09-02,114711.03583442143,0.0,0,,-0.16970599344870863
2022-09-05,114711.03583442143,0.0,0,,-0.16970599344870863
2022-09-06,114711.03583442143,0.0,0,,-0.16970599344870863
2022-09-08,114711.03583442143,0.0,0,,-0.16970599344870863
2022-09-09,114711.03583442143,0.0,0,,-0.16970599344870863
2022-09-12,114711.03583442143,0.0,0,,-0.16970599344870863
2022-09-13,114711.03583442143,0.0,0,,-0.16970599344870863
2022-09-14,114711.03583442143,0.0,0,,-0.16970599344870863
2022-09-15,114711.03583442143,0.0,0,,-0.16970599344870863
2022-09-16,114711.03583442143,0.0,0,,-0.16970599344870863
2022-09-19,114711.03583442143,0.0,0,,-0.16970599344870863
2022-09-20,114711.03583442143,0.0,0,,-0.16970599344870863
2022-09-21,114711.03583442143,0.0,0,,-0.16970599344870863
2022-09-22,114711.03583442143,0.0,0,,-0.16970599344870863
2022-09-23,114711.03583442143,0.0,0,,-0.16970599344870863
2022-09-26,114711.03583442143,0.0,0,,-0.16970599344870863
2022-09-27,114711.03583442143,0.0,0,,-0.16970599344870863
2022-09-28,114711.03583442143,0.0,0,,-0.16970599344870863
2022-09-29,114711.03583442143,0.0,0,,-0.16970599344870863
2022-09-30,114711.03583442143,0.0,0,,-0.16970599344870863
2022-10-03,114711.03583442143,0.0,0,,-0.16970599344870863
2022-10-04,114711.03583442143,0.0,0,,-0.16970599344870863
2022-10-05,115114.48328601083,0.003517076178893186,1,42.33741051810129,-0.1667857861767894
2022-10-06,114482.7729525668,-0.005487670320983851,0,,-0.17135819108900885
2022-10-07,114482.7729525668,0.0,0,,-0.17135819108900885
2022-10-10,114482.7729525668,0.0,0,,-0.17135819108900885
2022-10-11,114482.7729525668,0.0,0,,-0.17135819108900885
2022-10-13,114482.7729525668,0.0,0,,-0.17135819108900885
2022-10-14,114482.7729525668,0.0,0,,-0.17135819108900885
2022-10-17,114482.7729525668,0.0,0,,-0.17135819108900885
2022-10-18,114482.7729525668,0.0,0,,-0.17135819108900885
2022-10-19,114482.7729525668,0.0,0,,-0.17135819108900885
2022-10-20,114482.7729525668,0.0,0,,-0.17135819108900885
2022-10-21,114482.7729525668,0.0,0,,-0.17135819108900885
2022-10-24,115601.03781660827,0.009767974999215001,1,41.77541582924979,-0.16326403861626215
2022-10-25,119704.01846260889,0.035492593522470584,1,43.55317292894636,-0.13356610925323553
2022-10-26,119889.39225837456,0.0015486012762686574,1,43.59068134852818,-0.13222434862422272
2022-10-27,116486.37400981887,-0.028384648420118896,1,43.59068134852818,-0.15685585539606384
2022-10-28,116486.37400981887,0.0,1,43.59068134852818,-0.15685585539606384
2022-10-31,114444.56306068545,-0.017528324376903548,1,43.59068134852818,-0.1716347594591685
2022-11-01,110929.96838153817,-0.030710018765012226,1,43.59068134852818,-0.1970738715404614
2022-11-03,110929.96838153817,0.0,1,43.59068134852818,-0.1970738715404614
2022-11-04,106127.58263009886,-0.04329205012410842,0,,-0.23183418973968806
2022-11-07,106127.58263009886,0.0,0,,-0.23183418973968806
2022-11-08,106127.58263009886,0.0,0,,-0.23183418973968806
2022-11-09,104240.33446395972,-0.017782824402182262,1,43.24817425864084,-0.2454943474553073
2022-11-10,121479.67510520825,0.165380711122036,1,49.33371271405901,-0.12071366609187018
2022-11-11,126074.47157406746,0.03782358213322401,1,50.989504269191194,-0.08745590722267471
2022-11-14,128125.14735309928,0.01626559091169444,1,52.37392589024135,-0.07261283832067544
2022-11-16,128295.79759062942,0.0013319027611327083,1,52.63194588252476,-0.07137764879939568
2022-11-17,129978.44516781288,0.013115375630248671,1,53.29045867919922,-0.05919841784475499
2022-11-18,129978.44516781288,0.0,1,53.53006935119629,-0.05919841784475499
2022-11-21,127012.840822561,-0.022816124176766706,1,53.53006935119629,-0.08066386356890753
2022-11-22,129070.91892231077,0.01620370103070856,1,53.53006935119629,-0.06576721566745136
2022-11-23,132553.82297647605,0.02698442130300216,1,54.16717461177281,-0.04055748461994502
2022-11-24,135245.15322156006,0.02030367879741668,1,55.14467348371233,-0.021077271963082844
2022-11-25,131852.71622456066,-0.025083612360155105,1,55.14467348371233,-0.04563219020370646
2022-11-28,129003.07294314307,-0.02161232140689706,1,55.14467348371233,-0.0662582940494203
2022-11-29,126379.58867722674,-0.020336602889084676,1,55.14467348371233,-0.08524742832431376
2022-11-30,127849.63953281177,0.011632027536816247,1,55.14467348371233,-0.07460700122120856
2022-12-01,131287.3100583941,0.026888386530804942,1,55.14467348371233,-0.049724676577143634
2022-12-02,129726.79214564321,-0.011886281408742372,1,55.14467348371233,-0.061019916487131454
2022-12-05,129930.3387105597,0.0015690403003874032,1,55.14467348371233,-0.05954661889483859
2022-12-06,127578.24698872757,-0.018102713693926353,1,55.14467348371233,-0.07657137719547036
2022-12-07,128754.29284964364,0.009218231859072112,1,55.14467348371233,-0.06805899804515447
2022-12-08,129952.95116114446,0.009309657060526888,1,55.14467348371233,-0.059382946916311075
2022-12-09,129387.5449949779,-0.004350852836465746,1,55.14467348371233,-0.06347543328974836
2022-12-12,131852.71622456066,0.019052616151565838,1,55.14467348371233,-0.04563219020370646
2022-12-13,137506.77788622634,0.042881647216399754,1,57.11071423121861,-0.004707326469333695
2022-12-14,135674.86742939125,-0.013322328433517772,1,57.11071423121861,-0.017966942353583204
2022-12-15,128969.25542214772,-0.04942412794862916,0,,-0.06650306984448318
2022-12-16,128969.25542214772,0.0,0,,-0.06650306984448318
2022-12-19,128969.25542214772,0.0,0,,-0.06650306984448318
2022-12-20,128969.25542214772,0.0,0,,-0.06650306984448318
2022-12-21,128969.25542214772,0.0,0,,-0.06650306984448318
2022-12-22,128969.25542214772,0.0,0,,-0.06650306984448318
2022-12-23,128969.25542214772,0.0,0,,-0.06650306984448318
2022-12-26,128969.25542214772,0.0,0,,-0.06650306984448318
2022-12-27,128969.25542214772,0.0,0,,-0.06650306984448318
2022-12-28,128969.25542214772,0.0,0,,-0.06650306984448318
2022-12-29,128969.25542214772,0.0,0,,-0.06650306984448318
2023-01-02,128969.25542214772,0.0,0,,-0.06650306984448318
2023-01-03,128969.25542214772,0.0,0,,-0.06650306984448318
2023-01-04,128969.25542214772,0.0,0,,-0.06650306984448318
2023-01-05,128969.25542214772,0.0,0,,-0.06650306984448318
2023-01-06,128969.25542214772,0.0,0,,-0.06650306984448318
2023-01-09,128969.25542214772,0.0,0,,-0.06650306984448318
2023-01-10,130388.23866251096,0.011002492304996059,1,55.482140813555034,-0.0562322770537097
2023-01-11,131542.89374153054,0.008855515580728168,1,56.013928822108674,-0.04787472727857045
2023-01-12,132694.27296659886,0.008752880465976887,0,,-0.039540888577804134
2023-01-13,134571.2899377048,0.01414542564002308,1,56.72571250370571,-0.025954785636898903
2023-01-16,141306.4861017739,0.05004927995553077,1,59.05071531023298,0.0
2023-01-17,134968.7772006282,-0.044850799676534714,1,59.05071531023298,-0.044850799676534714
2023-01-18,135896.25028872906,0.00687176032366521,1,59.05071531023298,-0.03828724329857147
2023-01-19,131678.4762644544,-0.031036721140675017,1,59.05071531023298,-0.06813565394574361
2023-01-20,135300.01939434398,0.02750292403609156,1,59.05071531023298,-0.04250665962427114
2023-01-23,140445.2580828806,0.03802836623060912,1,59.05071531023298,-0.006094752213093635
2023-01-24,138325.3316298485,-0.015094325589697699,1,59.05071531023298,-0.021097081628498437
2023-01-25,138744.90619840033,0.0030332446241634337,1,59.05071531023298,-0.01812782961377024
2023-01-26,139186.55122490285,0.0031831440778877784,1,59.05071531023298,-0.015002389029362573
2023-01-27,137596.61059704822,-0.011423090908298739,1,59.05071531023298,-0.026254106283937206
2023-01-30,133687.99146086088,-0.02840636204065905,1,59.05071531023298,-0.05391468467644078
2023-01-31,133798.40271748652,0.0008258876165250228,1,59.05071531023298,-0.05313332453033881
2023-02-01,138170.75418580484,0.03267865220745936,1,59.05071531023298,-0.022190997755832553
2023-02-02,140224.43556962936,0.014863357994433724,1,59.05071531023298,-0.007657472505297358
2023-02-03,144972.1954190815,0.033858291746124314,1,59.408929279872346,0.0
2023-02-06,137574.52329141975,-0.05102821341897146,1,59.408929279872346,-0.05102821341897146
2023-02-07,140864.83265143246,0.02391656013986654,1,59.408929279872346,-0.028332072614169812
2023-02-08,138148.67530401528,-0.01928201167241128,1,59.408929279872346,-0.04706778493173103
2023-02-09,141946.87475973807,0.027493564070479426,1,59.408929279872346,-0.02086828202192781
2023-02-10,137066.62477187073,-0.03438082026200118,1,59.408929279872346,-0.05453163363055624
2023-02-13,138501.99637952063,0.010472072322776471,1,59.408929279872346,-0.0446306205190381
2023-02-14,139881.7991018642,0.009962330929603747,0,,-0.03511291460063859
2023-02-15,140486.90498311754,0.004325837136343269,1,58.222503253391814,-0.03093897021424008
2023-02-16,137206.45176696908,-0.02335059781224924,1,58.222503253391814,-0.053567124576291425
2023-02-17,134872.70613138535,-0.017009007998744496,1,58.222503253391814,-0.06966500892464811
2023-02-22,133439.33119491796,-0.010627613084822962,0,,-0.07955224924906912
2023-02-23,133439.33119491796,0.0,0,,-0.07955224924906912
2023-02-24,133439.33119491796,0.0,0,,-0.07955224924906912
2023-02-27,133439.33119491796,0.0,0,,-0.07955224924906912
2023-02-28,133439.33119491796,0.0,0,,-0.07955224924906912
2023-03-01,133439.33119491796,0.0,0,,-0.07955224924906912
2023-03-02,133439.33119491796,0.0,0,,-0.07955224924906912
2023-03-03,133439.33119491796,0.0,0,,-0.07955224924906912
2023-03-06,133439.33119491796,0.0,0,,-0.07955224924906912
2023-03-07,133439.33119491796,0.0,0,,-0.07955224924906912
2023-03-08,133439.33119491796,0.0,0,,-0.07955224924906912
2023-03-09,133439.33119491796,0.0,0,,-0.07955224924906912
2023-03-10,133439.33119491796,0.0,0,,-0.07955224924906912
2023-03-13,133439.33119491796,0.0,0,,-0.07955224924906912
2023-03-14,133439.33119491796,0.0,0,,-0.07955224924906912
2023-03-15,133439.33119491796,0.0,0,,-0.07955224924906912
2023-03-16,133439.33119491796,0.0,0,,-0.07955224924906912
2023-03-17,133439.33119491796,0.0,0,,-0.07955224924906912
2023-03-20,133439.33119491796,0.0,0,,-0.07955224924906912
2023-03-21,133439.33119491796,0.0,0,,-0.07955224924906912
2023-03-22,133886.26390337595,0.00334933264769699,1,58.1517847606114,-0.07646936354697975
2023-03-23,138155.1086455615,0.03188411281135095,1,59.89785998208182,-0.047023408549572876
2023-03-24,133023.87742292654,-0.03714108926510418,1,59.89785998208182,-0.08241799720018783
2023-03-27,128944.79282656031,-0.03066430384822927,0,,-0.11055501053970807
2023-03-28,128944.79282656031,0.0,0,,-0.11055501053970807
2023-03-29,131710.73837052324,0.0214506183873846,1,55.93428570883615,-0.09147586549422393
2023-03-30,133690.55134925578,0.015031522890434523,1,57.07500035422189,-0.07781936416988822
2023-03-31,133158.3437339157,-0.003980891768108008,1,57.10178593226841,-0.08149046547177297
2023-04-03,129922.52045814686,-0.02430056716712281,1,57.10178593226841,-0.10381076810921885
2023-04-04,134435.6468832381,0.034737060281593735,1,57.442858832223074,-0.07267978873731351
2023-04-05,129390.3128428068,-0.037529733797564524,1,57.442858832223074,-0.10748186941110349
2023-04-06,128794.24291229591,-0.004606758554135615,1,57.442858832223074,-0.11159348494391497
2023-04-10,130327.00344314531,0.01190084662319224,1,57.442858832223074,-0.10102069526918778
2023-04-11,128198.17298178504,-0.01633453087325043,1,57.442858832223074,-0.11570510047672644
2023-04-12,125281.66940271399,-0.022749962119081424,1,57.442858832223074,-0.13582277594297776
2023-04-13,127133.75775110492,0.014783394547828399,1,57.442858832223074,-0.12304730308049572
2023-04-14,126431.23980085104,-0.005525817553739154,1,57.442858832223074,-0.12789318368693237
2023-04-17,126262.85385415742,-0.0013318381355655884,0,,-0.12905468880318482
2023-04-18,126262.85385415742,0.0,0,,-0.12905468880318482
2023-04-19,126262.85385415742,0.0,0,,-0.12905468880318482
2023-04-20,126262.85385415742,0.0,0,,-0.12905468880318482
2023-04-24,126262.85385415742,0.0,0,,-0.12905468880318482
2023-04-25,126262.85385415742,0.0,0,,-0.12905468880318482
2023-04-26,126262.85385415742,0.0,0,,-0.12905468880318482
2023-04-27,126262.85385415742,0.0,0,,-0.12905468880318482
2023-04-28,126262.85385415742,0.0,0,,-0.12905468880318482
2023-05-02,126262.85385415742,0.0,0,,-0.12905468880318482
2023-05-03,126262.85385415742,0.0,0,,-0.12905468880318482
2023-05-04,126262.85385415742,0.0,0,,-0.12905468880318482
2023-05-05,126262.85385415742,0.0,0,,-0.12905468880318482
2023-05-08,126262.85385415742,0.0,0,,-0.12905468880318482
2023-05-09,126262.85385415742,0.0,0,,-0.12905468880318482
2023-05-10,126262.85385415742,0.0,0,,-0.12905468880318482
2023-05-11,126262.85385415742,0.0,0,,-0.12905468880318482
2023-05-12,126262.85385415742,0.0,0,,-0.12905468880318482
2023-05-15,126262.85385415742,0.0,0,,-0.12905468880318482
2023-05-16,126262.85385415742,0.0,0,,-0.12905468880318482
2023-05-17,126262.85385415742,0.0,0,,-0.12905468880318482
2023-05-18,129114.63438053329,0.022586061056958817,1,59.3257143838065,-0.10938346482722161
2023-05-19,129874.85520636856,0.005887952434537436,1,60.46892792837961,-0.10413955703071176
2023-05-22,129751.58081389965,-0.0009491782860742148,1,60.46892792837961,-0.10498988831053102
2023-05-23,126710.6818347711,-0.023436315457998624,1,60.46892792837961,-0.12596562762618402
2023-05-24,124056.53034125945,-0.020946548902424977,0,,-0.14427363134951243
2023-05-25,124056.53034125945,0.0,0,,-0.14427363134951243
2023-05-26,124056.53034125945,0.0,0,,-0.14427363134951243
2023-05-29,124056.53034125945,0.0,0,,-0.14427363134951243
2023-05-30,124056.53034125945,0.0,0,,-0.14427363134951243
2023-05-31,124056.53034125945,0.0,0,,-0.14427363134951243
2023-06-01,124056.53034125945,0.0,0,,-0.14427363134951243
2023-06-02,124056.53034125945,0.0,0,,-0.14427363134951243
2023-06-05,124056.53034125945,0.0,0,,-0.14427363134951243
2023-06-06,124056.53034125945,0.0,0,,-0.14427363134951243
2023-06-07,124056.53034125945,0.0,0,,-0.14427363134951243
2023-06-09,124056.53034125945,0.0,0,,-0.14427363134951243
2023-06-12,124056.53034125945,0.0,0,,-0.14427363134951243
2023-06-13,124056.53034125945,0.0,0,,-0.14427363134951243
2023-06-14,124056.53034125945,0.0,0,,-0.14427363134951243
2023-06-15,124056.53034125945,0.0,0,,-0.14427363134951243
2023-06-16,124056.53034125945,0.0,0,,-0.14427363134951243
2023-06-19,124056.53034125945,0.0,0,,-0.14427363134951243
2023-06-20,124056.53034125945,0.0,0,,-0.14427363134951243
2023-06-21,124056.53034125945,0.0,0,,-0.14427363134951243
2023-06-22,124056.53034125945,0.0,0,,-0.14427363134951243
2023-06-23,125152.13992161247,0.008831534924756967,1,56.319286482674734,-0.1367162540387401
2023-06-26,125065.96545901874,-0.0006885576439020769,0,,-0.1373106746608781
2023-06-27,125065.96545901874,0.0,0,,-0.1373106746608781
2023-06-28,125065.96545901874,0.0,0,,-0.1373106746608781
2023-06-29,125065.96545901874,0.0,0,,-0.1373106746608781
2023-06-30,125065.96545901874,0.0,0,,-0.1373106746608781
2023-07-03,125065.96545901874,0.0,0,,-0.1373106746608781
2023-07-04,125065.96545901874,0.0,0,,-0.1373106746608781
2023-07-05,125065.96545901874,0.0,0,,-0.1373106746608781
2023-07-06,125065.96545901874,0.0,0,,-0.1373106746608781
2023-07-07,125065.96545901874,0.0,0,,-0.1373106746608781
2023-07-10,125065.96545901874,0.0,0,,-0.1373106746608781
2023-07-11,125065.96545901874,0.0,0,,-0.1373106746608781
2023-07-12,125065.96545901874,0.0,0,,-0.1373106746608781
2023-07-13,125065.96545901874,0.0,0,,-0.1373106746608781
2023-07-14,123378.3869105943,-0.013493507544044214,1,62.59535299028669,-0.14895137958050797
2023-07-17,125066.19257915762,0.013679913563680923,1,62.765001841953826,-0.13730910801467933
2023-07-18,123904.87309726722,-0.009285638732108747,0,,-0.1453197439751357
2023-07-19,118951.31675128374,-0.03997870480925203,1,60.784286907741,-0.17948875363704975
2023-07-20,115753.17512671386,-0.026886138900478862,0,,-0.20154913297616905
2023-07-21,115753.17512671386,0.0,0,,-0.20154913297616905
2023-07-24,115753.17512671386,0.0,0,,-0.20154913297616905
2023-07-25,115753.17512671386,0.0,0,,-0.20154913297616905
2023-07-26,115753.17512671386,0.0,0,,-0.20154913297616905
2023-07-27,115753.17512671386,0.0,0,,-0.20154913297616905
2023-07-28,115753.17512671386,0.0,0,,-0.20154913297616905
2023-07-31,115753.17512671386,0.0,0,,-0.20154913297616905
2023-08-01,115753.17512671386,0.0,0,,-0.20154913297616905
2023-08-02,115753.17512671386,0.0,0,,-0.20154913297616905
2023-08-03,115753.17512671386,0.0,0,,-0.20154913297616905
2023-08-04,115753.17512671386,0.0,0,,-0.20154913297616905
2023-08-07,115753.17512671386,0.0,0,,-0.20154913297616905
2023-08-08,115753.17512671386,0.0,0,,-0.20154913297616905
2023-08-09,115753.17512671386,0.0,0,,-0.20154913297616905
2023-08-10,115753.17512671386,0.0,0,,-0.20154913297616905
2023-08-11,115753.17512671386,0.0,0,,-0.20154913297616905
2023-08-14,115753.17512671386,0.0,0,,-0.20154913297616905
2023-08-15,115753.17512671386,0.0,0,,-0.20154913297616905
2023-08-16,115753.17512671386,0.0,0,,-0.20154913297616905
2023-08-17,115753.17512671386,0.0,0,,-0.20154913297616905
2023-08-18,115753.17512671386,0.0,0,,-0.20154913297616905
2023-08-21,115753.17512671386,0.0,0,,-0.20154913297616905
2023-08-22,115348.64786529132,-0.00349474008794759,1,56.624643325805664,-0.20433951122941374
2023-08-23,115579.80541858598,0.0020039901426900375,1,56.76964282989502,-0.20274501545298962
2023-08-24,110763.98019281156,-0.04166666666666663,1,56.76964282989502,-0.23596397314244844
2023-08-25,110617.06540004292,-0.001326376973027732,0,,-0.23697737293503585
2023-08-28,110617.06540004292,0.0,0,,-0.23697737293503585
2023-08-29,110617.06540004292,0.0,0,,-0.23697737293503585
2023-08-30,110617.06540004292,0.0,0,,-0.23697737293503585
2023-08-31,110617.06540004292,0.0,0,,-0.23697737293503585
2023-09-01,110617.06540004292,0.0,0,,-0.23697737293503585
2023-09-04,105352.43993627826,-0.04759324833582701,0,,-0.2732920983107938
2023-09-05,105352.43993627826,0.0,0,,-0.2732920983107938
2023-09-06,105352.43993627826,0.0,0,,-0.2732920983107938
2023-09-08,105352.43993627826,0.0,0,,-0.2732920983107938
2023-09-11,105352.43993627826,0.0,0,,-0.2732920983107938
2023-09-12,105352.43993627826,0.0,0,,-0.2732920983107938
2023-09-13,105352.43993627826,0.0,0,,-0.2732920983107938
2023-09-14,105352.43993627826,0.0,0,,-0.2732920983107938
2023-09-15,105352.43993627826,0.0,0,,-0.2732920983107938
2023-09-18,105352.43993627826,0.0,0,,-0.2732920983107938
2023-09-19,105352.43993627826,0.0,0,,-0.2732920983107938
2023-09-20,105352.43993627826,0.0,0,,-0.2732920983107938
2023-09-21,105352.43993627826,0.0,0,,-0.2732920983107938
2023-09-22,105352.43993627826,0.0,0,,-0.2732920983107938
2023-09-25,105352.43993627826,0.0,0,,-0.2732920983107938
2023-09-26,105352.43993627826,0.0,0,,-0.2732920983107938
2023-09-27,105352.43993627826,0.0,0,,-0.2732920983107938
2023-09-28,105352.43993627826,0.0,0,,-0.2732920983107938
2023-09-29,105352.43993627826,0.0,0,,-0.2732920983107938
2023-10-02,105352.43993627826,0.0,0,,-0.2732920983107938
2023-10-03,105352.43993627826,0.0,0,,-0.2732920983107938
2023-10-04,105352.43993627826,0.0,0,,-0.2732920983107938
2023-10-05,105352.43993627826,0.0,0,,-0.2732920983107938
2023-10-06,105352.43993627826,0.0,0,,-0.2732920983107938
2023-10-09,105352.43993627826,0.0,0,,-0.2732920983107938
2023-10-10,105352.43993627826,0.0,0,,-0.2732920983107938
2023-10-11,105352.43993627826,0.0,0,,-0.2732920983107938
2023-10-13,105352.43993627826,0.0,0,,-0.2732920983107938
2023-10-16,104777.50753256283,-0.005457229126000107,1,52.66035720280239,-0.2772579098379865
2023-10-17,104853.3525625172,0.0007238674763361264,1,52.66035720280239,-0.2767347403451391
2023-10-18,100947.42754860871,-0.037251312604235975,1,52.66035720280239,-0.3036773206283262
2023-10-19,102388.44695284114,0.014274949240668189,1,52.66035720280239,-0.2937373497251694
2023-10-20,101023.26534558294,-0.0133333559389468,1,52.66035720280239,-0.30315420102766766
2023-10-23,101781.70117916641,0.007507536318381636,1,52.66035720280239,-0.2979226058835711
2023-10-24,103014.15760049454,0.012108821203122178,1,52.66035720280239,-0.2894212762474615
2023-10-25,100378.59705693103,-0.025584449797518505,1,52.66035720280239,-0.30760104193249305
2023-10-26,98069.73873759118,-0.023001500190626856,0,,-0.3235272566984726
2023-10-27,98069.73873759118,0.0,0,,-0.3235272566984726
2023-10-30,98069.73873759118,0.0,0,,-0.3235272566984726
2023-10-31,98069.73873759118,0.0,0,,-0.3235272566984726
2023-11-01,98069.73873759118,0.0,0,,-0.3235272566984726
2023-11-03,98069.73873759118,0.0,0,,-0.3235272566984726
2023-11-06,98069.73873759118,0.0,0,,-0.3235272566984726
2023-11-07,98069.73873759118,0.0,0,,-0.3235272566984726
2023-11-08,98069.73873759118,0.0,0,,-0.3235272566984726
2023-11-09,98069.73873759118,0.0,0,,-0.3235272566984726
2023-11-10,98069.73873759118,0.0,0,,-0.3235272566984726
2023-11-13,98069.73873759118,0.0,0,,-0.3235272566984726
2023-11-14,98069.73873759118,0.0,0,,-0.3235272566984726
2023-11-16,98069.73873759118,0.0,0,,-0.3235272566984726
2023-11-17,98069.73873759118,0.0,0,,-0.3235272566984726
2023-11-20,98069.73873759118,0.0,0,,-0.3235272566984726
2023-11-21,98069.73873759118,0.0,0,,-0.3235272566984726
2023-11-22,98069.73873759118,0.0,0,,-0.3235272566984726
2023-11-23,98069.73873759118,0.0,0,,-0.3235272566984726
2023-11-24,98069.73873759118,0.0,0,,-0.3235272566984726
2023-11-27,98069.73873759118,0.0,0,,-0.3235272566984726
2023-11-28,98069.73873759118,0.0,0,,-0.3235272566984726
2023-11-29,98069.73873759118,0.0,0,,-0.3235272566984726
2023-11-30,98069.73873759118,0.0,0,,-0.3235272566984726
2023-12-01,98069.73873759118,0.0,0,,-0.3235272566984726
2023-12-04,98069.73873759118,0.0,0,,-0.3235272566984726
2023-12-05,98069.73873759118,0.0,0,,-0.3235272566984726
2023-12-06,98069.73873759118,0.0,0,,-0.3235272566984726
2023-12-07,98069.73873759118,0.0,0,,-0.3235272566984726
2023-12-08,98069.73873759118,0.0,0,,-0.3235272566984726
2023-12-11,98069.73873759118,0.0,0,,-0.3235272566984726
2023-12-12,98069.73873759118,0.0,0,,-0.3235272566984726
2023-12-13,98069.73873759118,0.0,0,,-0.3235272566984726
2023-12-14,98069.73873759118,0.0,0,,-0.3235272566984726
2023-12-15,98069.73873759118,0.0,0,,-0.3235272566984726
2023-12-18,98069.73873759118,0.0,0,,-0.3235272566984726
2023-12-19,98069.73873759118,0.0,0,,-0.3235272566984726
2023-12-20,98069.73873759118,0.0,0,,-0.3235272566984726
2023-12-21,98069.73873759118,0.0,0,,-0.3235272566984726
2023-12-22,98069.73873759118,0.0,0,,-0.3235272566984726
2023-12-26,98069.73873759118,0.0,0,,-0.3235272566984726
2023-12-27,98069.73873759118,0.0,0,,-0.3235272566984726
2023-12-28,98069.73873759118,0.0,0,,-0.3235272566984726
2024-01-02,98069.73873759118,0.0,0,,-0.3235272566984726
2024-01-03,98069.73873759118,0.0,0,,-0.3235272566984726
2024-01-04,98069.73873759118,0.0,0,,-0.3235272566984726
2024-01-05,98069.73873759118,0.0,0,,-0.3235272566984726
2024-01-08,98069.73873759118,0.0,0,,-0.3235272566984726
2024-01-09,98069.73873759118,0.0,0,,-0.3235272566984726
2024-01-10,98069.73873759118,0.0,0,,-0.3235272566984726
2024-01-11,98069.73873759118,0.0,0,,-0.3235272566984726
2024-01-12,98069.73873759118,0.0,0,,-0.3235272566984726
2024-01-15,98069.73873759118,0.0,0,,-0.3235272566984726
2024-01-16,98069.73873759118,0.0,0,,-0.3235272566984726
2024-01-17,98069.73873759118,0.0,0,,-0.3235272566984726
2024-01-18,98069.73873759118,0.0,0,,-0.3235272566984726
2024-01-19,99890.70487231662,0.018568073680688357,1,64.04678303854806,-0.3109664609578725
2024-01-22,101476.74058963009,0.01587771073735822,1,65.24464198521206,-0.3000261857366233
2024-01-23,104266.98612102072,0.027496404744357328,1,67.23928615025112,-0.28077942242918585
2024-01-24,111947.50284539095,0.07366201911174075,1,71.4889327457973,-0.22780018249860745
2024-01-25,113841.92132512925,0.016922382648898004,1,72.42892619541713,-0.21473272170543967
2024-01-26,113959.40794214666,0.0010320154091731926,1,72.48749896458217,-0.21392231377392024
2024-01-29,116279.71820960815,0.020360848738696813,1,73.95499924251011,-0.19791710490780623
2024-01-30,114576.19587527729,-0.014650210376843664,1,73.95499924251011,-0.20966778806057473
2024-01-31,114825.85773747439,0.0021790028922663573,1,73.95499924251011,-0.20794565188490743
2024-02-01,116573.42354801118,0.015219270684937891,1,73.99964060102191,-0.1958911623637618
2024-02-02,117909.80860726803,0.011463891327738729,1,74.75785882132394,-0.18667294603342577
2024-02-05,119525.21037676561,0.013700317120165284,1,75.76857089996338,-0.17553010747167386
2024-02-06,119686.75167412941,0.0013515248946611713,1,75.76857089996338,-0.17441581588702326
2024-02-07,123196.58312750577,0.02932514588525681,1,78.35606983729771,-0.15020543924734941
2024-02-08,123181.89449934349,-0.00011922918468509902,1,78.35606983729771,-0.15030675955997785
2024-02-09,125737.17800083978,0.020743986053160635,1,79.99857357570103,-0.1326807348308251
2024-02-14,122535.74051402873,-0.025461343555759353,1,79.99857357570103,-0.1547638486138262
2024-02-15,123651.8297632726,0.009108275222901918,1,79.99857357570103,-0.1470652051186545
2024-02-16,124386.10431342064,0.00593824249551167,1,79.99857357570103,-0.14200027147378957
2024-02-19,124151.14228352631,-0.0018889732996403286,1,79.99857357570103,-0.14362101005207428
2024-02-20,120024.52289701931,-0.03323867433360339,1,79.99857357570103,-0.17208591240509363
2024-02-21,119172.76172985388,-0.007096559491398646,1,79.99857357570103,-0.17796125398147788
2024-02-22,125942.77397854999,0.056808385997151545,1,79.99857357570103,-0.13126255959304323
2024-02-23,124665.13222780183,-0.010144621325918646,1,79.99857357570103,-0.14007557195761966
2024-02-26,126295.22262546171,0.01307575236579539,1,79.99857357570103,-0.1288314130832393
2024-02-27,124532.96818676262,-0.013953452886537043,1,79.99857357570103,-0.14098722291701338
2024-02-28,124283.30632456552,-0.0020047852856336368,1,79.99857357570103,-0.14270935909268057
2024-02-29,126163.0585844225,0.015124736502809322,1,79.99857357570103,-0.12974306404263292
2024-03-01,130715.5585545122,0.03608425494094525,1,82.42607034955707,-0.0983404909014215
2024-03-04,132316.27169584748,0.012245773640386703,1,83.60535376412528,-0.08729897265229813
2024-03-05,128204.34093750278,-0.031076531296140963,1,83.60535376412528,-0.11566255469268893
2024-03-06,132698.0975990838,0.03505151720074462,1,83.60535376412528,-0.08466518551723723
2024-03-07,138028.92679966794,0.0401726120949375,1,86.55071149553571,-0.0478937950780296
2024-03-08,133197.39891519703,-0.03500373433666759,1,86.55071149553571,-0.08122106773541093
2024-03-11,126913.31354250824,-0.047178739403835435,0,,-0.12456789955045611
2024-03-12,126913.31354250824,0.0,0,,-0.12456789955045611
2024-03-13,126913.31354250824,0.0,0,,-0.12456789955045611
2024-03-14,126913.31354250824,0.0,0,,-0.12456789955045611
2024-03-15,126913.31354250824,0.0,0,,-0.12456789955045611
2024-03-18,126913.31354250824,0.0,0,,-0.12456789955045611
2024-03-19,126913.31354250824,0.0,0,,-0.12456789955045611
2024-03-20,126913.31354250824,0.0,0,,-0.12456789955045611
2024-03-21,126913.31354250824,0.0,0,,-0.12456789955045611
2024-03-22,126913.31354250824,0.0,0,,-0.12456789955045611
2024-03-25,126913.31354250824,0.0,0,,-0.12456789955045611
2024-03-26,126913.31354250824,0.0,0,,-0.12456789955045611
2024-03-27,126913.31354250824,0.0,0,,-0.12456789955045611
2024-03-28,126913.31354250824,0.0,0,,-0.12456789955045611
2024-04-01,126913.31354250824,0.0,0,,-0.12456789955045611
2024-04-02,126913.31354250824,0.0,0,,-0.12456789955045611
2024-04-03,126913.31354250824,0.0,0,,-0.12456789955045611
2024-04-04,123155.72358376104,-0.02960753173849362,1,84.99071284702846,-0.15048728324941218
2024-04-05,124940.65430186504,0.014493282700661858,0,,-0.13817505528773877
2024-04-08,124940.65430186504,0.0,0,,-0.13817505528773877
2024-04-09,124940.65430186504,0.0,0,,-0.13817505528773877
2024-04-10,125450.47107738227,0.004080471471563429,1,83.93928527832031,-0.13465840318735856
2024-04-11,127708.58338521971,0.018000030517578258,1,85.71821648733956,-0.11908222803660118
2024-04-12,125269.26866982617,-0.01910063247695426,1,85.71821648733956,-0.1359083146412915
2024-04-15,126077.71917894192,0.006453701835256842,1,85.71821648733956,-0.13033172454566178
2024-04-16,130593.94379461677,0.03582095746247593,1,87.04357092721122,-0.09917937424414713
2024-04-17,121147.52768456188,-0.07233425866142107,0,,-0.16433956639511416
2024-04-18,121147.52768456188,0.0,0,,-0.16433956639511416
2024-04-19,121147.52768456188,0.0,0,,-0.16433956639511416
2024-04-22,121147.52768456188,0.0,0,,-0.16433956639511416
2024-04-23,121147.52768456188,0.0,0,,-0.16433956639511416
2024-04-24,121147.52768456188,0.0,0,,-0.16433956639511416
2024-04-25,121147.52768456188,0.0,0,,-0.16433956639511416
2024-04-26,121147.52768456188,0.0,0,,-0.16433956639511416
2024-04-29,121147.52768456188,0.0,0,,-0.16433956639511416
2024-04-30,121147.52768456188,0.0,0,,-0.16433956639511416
2024-05-02,121147.52768456188,0.0,0,,-0.16433956639511416
2024-05-03,121147.52768456188,0.0,0,,-0.16433956639511416
2024-05-06,121147.52768456188,0.0,0,,-0.16433956639511416
2024-05-07,121147.52768456188,0.0,0,,-0.16433956639511416
2024-05-08,121147.52768456188,0.0,0,,-0.16433956639511416
2024-05-09,121147.52768456188,0.0,0,,-0.16433956639511416
2024-05-10,121147.52768456188,0.0,0,,-0.16433956639511416
2024-05-13,121147.52768456188,0.0,0,,-0.16433956639511416
2024-05-14,121147.52768456188,0.0,0,,-0.16433956639511416
2024-05-15,121147.52768456188,0.0,0,,-0.16433956639511416
2024-05-16,121147.52768456188,0.0,0,,-0.16433956639511416
2024-05-17,121147.52768456188,0.0,0,,-0.16433956639511416
2024-05-20,122163.35276778851,0.008385025288106585,1,82.08357538495746,-0.15733253252706714
2024-05-21,121332.30399573645,-0.006802766568070107,1,82.08357538495746,-0.16306500260279233
2024-05-22,122908.3492244155,0.012989493949891795,0,,-0.1521936405176485
2024-05-23,122908.3492244155,0.0,0,,-0.1521936405176485
2024-05-24,124165.4704771821,0.010228119250639711,1,84.48392677307129,-0.14352217597141237
2024-05-27,127823.91659166332,0.029464279404100013,1,86.6328547341483,-0.11828667406081839
2024-05-28,128087.21729401583,0.0020598704011991487,1,86.6328547341483,-0.11647045887837348
2024-05-29,126216.42266748313,-0.014605630960335514,1,86.6328547341483,-0.12937496529855053
2024-05-31,126452.0019418896,0.001866470855596214,1,86.6328547341483,-0.12774996904512792
2024-06-03,126590.57736373888,0.0010958736889983278,1,86.6328547341483,-0.12679409318597645
2024-06-04,126119.41881492594,-0.0037219085229316384,1,86.6328547341483,-0.13004408569282178
2024-06-05,138092.51711188757,0.09493461363417444,1,91.97500092642647,-0.04745515708930481
2024-06-06,138951.6910709293,0.006221727121865639,1,92.55035318647113,-0.04152868300537427
2024-06-07,137856.93783748112,-0.007878660741806542,1,92.55035318647113,-0.04908015334272742
2024-06-10,141141.2186830796,0.02382383431053947,1,93.96964182172503,-0.026425596473360957
2024-06-11,139547.57490024547,-0.011291129534686362,1,93.96964182172503,-0.037418351175235176
2024-06-12,145007.53321664824,0.03912614260982883,1,96.09892763410296,0.0
2024-06-13,142734.86246591376,-0.015672777133164506,1,96.09892763410296,-0.015672777133164506
2024-06-14,138369.66795558613,-0.03058253908620301,1,96.09892763410296,-0.045776002900103197
2024-06-17,143843.48698596194,0.03955938545818283,1,96.09892763410296,-0.008027487985380444
2024-06-18,145229.26234970865,0.009633911084774738,1,96.24285915919712,0.0
2024-06-19,150453.63081907798,0.0359732493634044,1,99.14321381705147,0.0
2024-06-20,144383.93853201298,-0.0403426109029158,1,99.14321381705147,-0.0403426109029158
2024-06-21,142457.7116222152,-0.013341005442725873,1,99.14321381705147,-0.05314540535401213
2024-06-24,137184.13785555935,-0.03701852084105406,0,,-0.08819656189936242
2024-06-25,137184.13785555935,0.0,0,,-0.08819656189936242
2024-06-26,137184.13785555935,0.0,0,,-0.08819656189936242
2024-06-27,137184.13785555935,0.0,0,,-0.08819656189936242
2024-06-28,137184.13785555935,0.0,0,,-0.08819656189936242
2024-07-01,137184.13785555935,0.0,0,,-0.08819656189936242
2024-07-02,137184.13785555935,0.0,0,,-0.08819656189936242
2024-07-03,137184.13785555935,0.0,0,,-0.08819656189936242
2024-07-04,137184.13785555935,0.0,0,,-0.08819656189936242
2024-07-05,137184.13785555935,0.0,0,,-0.08819656189936242
2024-07-08,137184.13785555935,0.0,0,,-0.08819656189936242
2024-07-09,137184.13785555935,0.0,0,,-0.08819656189936242
2024-07-10,137184.13785555935,0.0,0,,-0.08819656189936242
2024-07-11,137184.13785555935,0.0,0,,-0.08819656189936242
2024-07-12,137184.13785555935,0.0,0,,-0.08819656189936242
2024-07-15,137184.13785555935,0.0,0,,-0.08819656189936242
2024-07-16,137184.13785555935,0.0,0,,-0.08819656189936242
2024-07-17,137184.13785555935,0.0,0,,-0.08819656189936242
2024-07-18,137184.13785555935,0.0,0,,-0.08819656189936242
2024-07-19,137184.13785555935,0.0,0,,-0.08819656189936242
2024-07-22,137184.13785555935,0.0,0,,-0.08819656189936242
2024-07-23,137184.13785555935,0.0,0,,-0.08819656189936242
2024-07-24,137184.13785555935,0.0,0,,-0.08819656189936242
2024-07-25,137184.13785555935,0.0,0,,-0.08819656189936242
2024-07-26,137184.13785555935,0.0,0,,-0.08819656189936242
2024-07-29,137184.13785555935,0.0,0,,-0.08819656189936242
2024-07-30,137184.13785555935,0.0,0,,-0.08819656189936242
2024-07-31,137184.13785555935,0.0,0,,-0.08819656189936242
2024-08-01,137184.13785555935,0.0,0,,-0.08819656189936242
2024-08-02,137184.13785555935,0.0,0,,-0.08819656189936242
2024-08-05,137184.13785555935,0.0,0,,-0.08819656189936242
2024-08-06,137184.13785555935,0.0,0,,-0.08819656189936242
2024-08-07,137184.13785555935,0.0,0,,-0.08819656189936242
2024-08-08,137184.13785555935,0.0,0,,-0.08819656189936242
2024-08-09,137184.13785555935,0.0,0,,-0.08819656189936242
2024-08-12,137184.13785555935,0.0,0,,-0.08819656189936242
2024-08-13,137184.13785555935,0.0,0,,-0.08819656189936242
2024-08-14,137184.13785555935,0.0,0,,-0.08819656189936242
2024-08-15,137184.13785555935,0.0,0,,-0.08819656189936242
2024-08-16,137184.13785555935,0.0,0,,-0.08819656189936242
2024-08-19,137184.13785555935,0.0,0,,-0.08819656189936242
2024-08-20,137184.13785555935,0.0,0,,-0.08819656189936242
2024-08-21,137184.13785555935,0.0,0,,-0.08819656189936242
2024-08-22,132862.06751485352,-0.0315056128811082,1,84.1571431841169,-0.11692348804382457
2024-08-23,130310.92728675419,-0.01920141900406691,1,84.1571431841169,-0.13387981016254502
2024-08-26,130129.93734235888,-0.001388908422062185,0,,-0.1350827717887284
2024-08-27,130129.93734235888,0.0,0,,-0.1350827717887284
2024-08-28,127912.70836641178,-0.017038577142427958,1,81.93392835344586,-0.14981973070342114
2024-08-29,132552.7376893576,0.03627496737583136,0,,-0.11897946917111213
2024-08-30,132552.7376893576,0.0,0,,-0.11897946917111213
2024-09-02,130713.93560563892,-0.013872230146071973,1,84.05143329075405,-0.13120118873818498
2024-09-03,127099.51687536902,-0.027651364894822894,1,84.05143329075405,-0.15522466168857374
2024-09-04,120299.63801398965,-0.05350043043867103,0,,-0.20042050591220906
2024-09-05,120299.63801398965,0.0,0,,-0.20042050591220906
2024-09-06,120299.63801398965,0.0,0,,-0.20042050591220906
2024-09-09,120299.63801398965,0.0,0,,-0.20042050591220906
2024-09-10,120299.63801398965,0.0,0,,-0.20042050591220906
2024-09-11,120299.63801398965,0.0,0,,-0.20042050591220906
2024-09-12,120299.63801398965,0.0,0,,-0.20042050591220906
2024-09-13,120299.63801398965,0.0,0,,-0.20042050591220906
2024-09-16,120299.63801398965,0.0,0,,-0.20042050591220906
2024-09-17,120299.63801398965,0.0,0,,-0.20042050591220906
2024-09-18,120299.63801398965,0.0,0,,-0.20042050591220906
2024-09-19,120299.63801398965,0.0,0,,-0.20042050591220906
2024-09-20,120299.63801398965,0.0,0,,-0.20042050591220906
2024-09-23,120299.63801398965,0.0,0,,-0.20042050591220906
2024-09-24,120299.63801398965,0.0,0,,-0.20042050591220906
2024-09-25,120299.63801398965,0.0,0,,-0.20042050591220906
2024-09-26,120299.63801398965,0.0,0,,-0.20042050591220906
2024-09-27,120299.63801398965,0.0,0,,-0.20042050591220906
2024-09-30,120299.63801398965,0.0,0,,-0.20042050591220906
2024-10-01,120299.63801398965,0.0,0,,-0.20042050591220906
2024-10-02,120299.63801398965,0.0,0,,-0.20042050591220906
2024-10-03,120299.63801398965,0.0,0,,-0.20042050591220906
2024-10-04,117808.6423510891,-0.020706593170387366,1,77.88321604047503,-0.216977073203669
2024-10-07,115925.75848080916,-0.015982561488728786,1,77.88321604047503,-0.22949178527827574
2024-10-08,118393.48285155925,0.021287109983917807,1,77.88321604047503,-0.21308989216798224
2024-10-09,122173.51791433938,0.03192772922745668,1,79.878573008946,-0.18796563931877275
2024-10-10,120033.8766579859,-0.017513134539136943,1,79.878573008946,-0.20218690632778513
2024-10-11,124156.25127460469,0.034343426467552396,1,81.14892986842564,-0.17478727101040292
2024-10-14,124170.51859682494,0.00011491424776277626,1,81.14892986842564,-0.17469244231040693
2024-10-15,115579.43590535707,-0.06918778135543324,0,,-0.23179364116282108
2024-10-16,115579.43590535707,0.0,0,,-0.23179364116282108
2024-10-17,115579.43590535707,0.0,0,,-0.23179364116282108
2024-10-18,115579.43590535707,0.0,0,,-0.23179364116282108
2024-10-21,115579.43590535707,0.0,0,,-0.23179364116282108
2024-10-22,115579.43590535707,0.0,0,,-0.23179364116282108
2024-10-23,115579.43590535707,0.0,0,,-0.23179364116282108
2024-10-24,115579.43590535707,0.0,0,,-0.23179364116282108
2024-10-25,115579.43590535707,0.0,0,,-0.23179364116282108
2024-10-28,115579.43590535707,0.0,0,,-0.23179364116282108
2024-10-29,115579.43590535707,0.0,0,,-0.23179364116282108
2024-10-30,115579.43590535707,0.0,0,,-0.23179364116282108
2024-10-31,115579.43590535707,0.0,0,,-0.23179364116282108
2024-11-01,115579.43590535707,0.0,0,,-0.23179364116282108
2024-11-04,115579.43590535707,0.0,0,,-0.23179364116282108
2024-11-05,115579.43590535707,0.0,0,,-0.23179364116282108
2024-11-06,115579.43590535707,0.0,0,,-0.23179364116282108
2024-11-07,115579.43590535707,0.0,0,,-0.23179364116282108
2024-11-08,115579.43590535707,0.0,0,,-0.23179364116282108
2024-11-11,115579.43590535707,0.0,0,,-0.23179364116282108
2024-11-12,115579.43590535707,0.0,0,,-0.23179364116282108
2024-11-13,115579.43590535707,0.0,0,,-0.23179364116282108
2024-11-14,115851.05018246778,0.002350022518998296,1,66.88143348693848,-0.229988338920316
2024-11-18,110387.27335044325,-0.047162082893672186,1,66.88143348693848,-0.26630369270925025
2024-11-19,110237.55506463835,-0.0013563002442282812,0,,-0.26729880519001814
2024-11-21,110237.55506463835,0.0,0,,-0.26729880519001814
2024-11-22,110237.55506463835,0.0,0,,-0.26729880519001814
2024-11-25,110237.55506463835,0.0,0,,-0.26729880519001814
2024-11-26,110237.55506463835,0.0,0,,-0.26729880519001814
2024-11-27,110237.55506463835,0.0,0,,-0.26729880519001814
2024-11-28,110237.55506463835,0.0,0,,-0.26729880519001814
2024-11-29,110237.55506463835,0.0,0,,-0.26729880519001814
2024-12-02,114624.64572169061,0.0397966977268307,1,72.11892781938825,-0.23813971721607763
2024-12-03,117083.7115599831,0.021453203391032627,1,73.58642905099052,-0.2217953736139645
2024-12-04,116688.50953569016,-0.0033753800509687126,1,73.58642905099052,-0.22442210998543943
2024-12-05,114053.79214917353,-0.022579064528292503,1,73.58642905099052,-0.24193393321079515
2024-12-06,114170.89318132296,0.0010267175684632868,1,73.58642905099052,-0.2411556134619668
2024-12-09,116498.21756660508,0.02038456843449521,1,74.16857174464634,-0.22568689813344978
2024-12-10,116498.21756660508,0.0,1,74.16857174464634,-0.22568689813344978
2024-12-11,113658.59012488057,-0.024374857410166095,1,74.16857174464634,-0.2445606695822703
2024-12-12,114624.64572169061,0.008499626783585734,1,74.16857174464634,-0.23813971721607763
2024-12-13,115458.97103285936,0.007278760217017455,1,74.16857174464634,-0.23259431889882443
2024-12-16,120347.83303509153,0.04234285095820578,1,76.12893513270787,-0.20010017451947681
2024-12-17,119074.38443704699,-0.01058140031215371,1,76.12893513270787,-0.20856423478250818
2024-12-18,121328.52905276252,0.018930558628310834,1,76.69536018371582,-0.1935819136285165
2024-12-19,116600.68934526262,-0.03896725481147045,1,76.69536018371582,-0.22500581268473252
2024-12-20,114697.83665862627,-0.016319394827948863,1,76.69536018371582,-0.23765324881689576
2024-12-23,118913.3733096838,0.03675341029843637,1,76.69536018371582,-0.20963440588098314
2024-12-26,118269.33996760013,-0.005415987488694207,1,76.69536018371582,-0.21391501605022611
2024-12-27,119425.67636612618,0.009777144261081006,1,76.69536018371582,-0.20622934976067964
2024-12-30,115107.67910378017,-0.03615635593394684,1,76.69536018371582,-0.23492920392065297
2025-01-02,115341.88116807902,0.002034634579745953,1,76.69536018371582,-0.23337256442299614
2025-01-03,116351.84686010283,0.008756279001137957,1,76.69536018371582,-0.226659760707157
2025-01-06,125617.2566407557,0.07963268337109652,1,77.63607079642159,-0.16507660229342203
2025-01-07,125836.81828419359,0.0017478621115394333,1,77.72892951965332,-0.16361727132053305
2025-01-08,120040.4512012261,-0.046062568666324744,1,77.72892951965332,-0.20214320819165899
2025-01-09,118781.6430240425,-0.010486533202657133,1,77.72892951965332,-0.21050995992992272
2025-01-10,120464.93406724095,0.014171306275480022,1,77.72892951965332,-0.19932185477064857
2025-01-13,117112.992401705,-0.027825040469162232,1,77.72892951965332,-0.221600756564429
2025-01-14,118781.6430240425,0.014248210963766716,1,77.72892951965332,-0.21050995992992272
2025-01-15,116205.4761536006,-0.02168825758640547,1,77.72892951965332,-0.2276326232808641
2025-01-16,121372.43914797629,0.04446402325778509,1,77.72892951965332,-0.19329006227887002
2025-01-17,122953.26957988626,0.013024624395845175,1,77.72892951965332,-0.1827829683436566
2025-01-20,121679.82098184171,-0.01035717555454796,1,77.72892951965332,-0.19124702860668796
2025-01-21,123041.08977031379,0.011187301045382236,1,77.72892951965332,-0.1821992656443635
2025-01-22,125529.43645032817,0.02022370481811797,1,77.72892951965332,-0.1656603049927151
2025-01-23,116981.25094869464,-0.06809705948943723,1,77.72892951965332,-0.22247638483802512
2025-01-24,115649.26300194445,-0.011386337006554781,1,77.72892951965332,-0.23132953075081408
2025-01-27,107700.42970735021,-0.06873224340790307,0,,-0.2841619765437162
2025-01-28,107700.42970735021,0.0,0,,-0.2841619765437162
2025-01-29,107700.42970735021,0.0,0,,-0.2841619765437162
2025-01-30,107700.42970735021,0.0,0,,-0.2841619765437162
2025-01-31,106366.69838070469,-0.0123837140693831,1,70.86607469831195,-0.2930267099461912
2025-02-03,105144.13371138881,-0.011493866858028334,0,,-0.30115256681425184
2025-02-04,105144.13371138881,0.0,0,,-0.30115256681425184
2025-02-05,105144.13371138881,0.0,0,,-0.30115256681425184
2025-02-06,105144.13371138881,0.0,0,,-0.30115256681425184
2025-02-07,105144.13371138881,0.0,0,,-0.30115256681425184
2025-02-10,105144.13371138881,0.0,0,,-0.30115256681425184
2025-02-11,105144.13371138881,0.0,0,,-0.30115256681425184
2025-02-12,105144.13371138881,0.0,0,,-0.30115256681425184
2025-02-13,105144.13371138881,0.0,0,,-0.30115256681425184
2025-02-14,105144.13371138881,0.0,0,,-0.30115256681425184
2025-02-17,105144.13371138881,0.0,0,,-0.30115256681425184
2025-02-18,105144.13371138881,0.0,0,,-0.30115256681425184
2025-02-19,105144.13371138881,0.0,0,,-0.30115256681425184
2025-02-20,105144.13371138881,0.0,0,,-0.30115256681425184
2025-02-21,105144.13371138881,0.0,0,,-0.30115256681425184
2025-02-24,105144.13371138881,0.0,0,,-0.30115256681425184
2025-02-25,104178.01479525157,-0.009188519435512688,1,71.124997820173,-0.30757394003653726
2025-02-26,108371.99535009047,0.04025782755681817,1,73.39857074192592,-0.2796983711186811
2025-02-27,102012.49118643586,-0.05868217285388666,1,73.39857074192592,-0.3219672358116308
2025-02-28,103378.5383656259,0.013390979509494416,0,,-0.3128877129596186
2025-03-05,103378.5383656259,0.0,0,,-0.3128877129596186
2025-03-06,103378.5383656259,0.0,0,,-0.3128877129596186
2025-03-07,103378.5383656259,0.0,0,,-0.3128877129596186
2025-03-10,103378.5383656259,0.0,0,,-0.3128877129596186
2025-03-11,103378.5383656259,0.0,0,,-0.3128877129596186
2025-03-12,103378.5383656259,0.0,0,,-0.3128877129596186
2025-03-13,103378.5383656259,0.0,0,,-0.3128877129596186
2025-03-14,103378.5383656259,0.0,0,,-0.3128877129596186
2025-03-17,103378.5383656259,0.0,0,,-0.3128877129596186
2025-03-18,103378.5383656259,0.0,0,,-0.3128877129596186
2025-03-19,103378.5383656259,0.0,0,,-0.3128877129596186
2025-03-20,103378.5383656259,0.0,0,,-0.3128877129596186
2025-03-21,103378.5383656259,0.0,0,,-0.3128877129596186
2025-03-24,103378.5383656259,0.0,0,,-0.3128877129596186
2025-03-25,103378.5383656259,0.0,0,,-0.3128877129596186
2025-03-26,103378.5383656259,0.0,0,,-0.3128877129596186
2025-03-27,103378.5383656259,0.0,0,,-0.3128877129596186
2025-03-28,103378.5383656259,0.0,0,,-0.3128877129596186
2025-03-31,103378.5383656259,0.0,0,,-0.3128877129596186
2025-04-01,103378.5383656259,0.0,0,,-0.3128877129596186
2025-04-02,103378.5383656259,0.0,0,,-0.3128877129596186
2025-04-03,103378.5383656259,0.0,0,,-0.3128877129596186
2025-04-04,103378.5383656259,0.0,0,,-0.3128877129596186
2025-04-07,103378.5383656259,0.0,0,,-0.3128877129596186
2025-04-08,103378.5383656259,0.0,0,,-0.3128877129596186
2025-04-09,103378.5383656259,0.0,0,,-0.3128877129596186
2025-04-10,103378.5383656259,0.0,0,,-0.3128877129596186
2025-04-11,103378.5383656259,0.0,0,,-0.3128877129596186
2025-04-14,103378.5383656259,0.0,0,,-0.3128877129596186
2025-04-15,103378.5383656259,0.0,0,,-0.3128877129596186
2025-04-16,103378.5383656259,0.0,0,,-0.3128877129596186
2025-04-17,103378.5383656259,0.0,0,,-0.3128877129596186
2025-04-22,103378.5383656259,0.0,0,,-0.3128877129596186
2025-04-23,103378.5383656259,0.0,0,,-0.3128877129596186
2025-04-24,103378.5383656259,0.0,0,,-0.3128877129596186
2025-04-25,103378.5383656259,0.0,0,,-0.3128877129596186
2025-04-28,103378.5383656259,0.0,0,,-0.3128877129596186
2025-04-29,103378.5383656259,0.0,0,,-0.3128877129596186
2025-04-30,103378.5383656259,0.0,0,,-0.3128877129596186
2025-05-02,103378.5383656259,0.0,0,,-0.3128877129596186
2025-05-05,104162.0991944297,0.007579530927710909,1,65.0507150377546,-0.30767972412918587
2025-05-06,103692.90100291923,-0.004504500150622537,1,65.0507150377546,-0.31079828091612494
2025-05-07,108340.89733547096,0.044824633968152616,1,67.95428548540387,-0.2799050661279687
2025-05-08,108502.18526254337,0.001488707690623814,1,68.47857175554547,-0.27883305526193414
2025-05-09,105980.24078821186,-0.02324325973923147,1,68.47857175554547,-0.2955953258738291
2025-05-12,112578.34664877193,0.062257887050337635,1,71.57821355547223,-0.2517405792343521
2025-05-13,113428.77186668693,0.007554074502161612,1,72.18500137329102,-0.24608817182294407
2025-05-14,113428.77186668693,0.0,1,72.49035971505302,-0.24608817182294407
2025-05-15,115686.79165913333,0.01990694032286844,1,74.00893156869071,-0.23108009405071872
2025-05-16,112754.30016555109,-0.025348541968582827,1,74.00893156869071,-0.2505710925571528
2025-05-19,112358.4075494398,-0.003511108804985952,1,74.00893156869071,-0.2532024189927864
2025-05-20,113399.44068727343,0.00926528918074565,1,74.00893156869071,-0.24628312344527326
2025-05-21,111156.08648453378,-0.019782762499916062,1,74.00893156869071,-0.261193725406334
2025-05-22,112343.75314630034,0.0106846750306544,1,74.00893156869071,-0.2532998204516922
2025-05-23,109118.00579141949,-0.02871318844653603,1,74.00893156869071,-0.2747399634201251
2025-05-26,108352.50821544258,-0.007015318603239229,0,,-0.27982789364692984
2025-05-27,108352.50821544258,0.0,0,,-0.27982789364692984
2025-05-28,108352.50821544258,0.0,0,,-0.27982789364692984
2025-05-29,108352.50821544258,0.0,0,,-0.27982789364692984
2025-05-30,108352.50821544258,0.0,0,,-0.27982789364692984
2025-06-02,108352.50821544258,0.0,0,,-0.27982789364692984
2025-06-03,108352.50821544258,0.0,0,,-0.27982789364692984
2025-06-04,108352.50821544258,0.0,0,,-0.27982789364692984
2025-06-05,108352.50821544258,0.0,0,,-0.27982789364692984
2025-06-06,108352.50821544258,0.0,0,,-0.27982789364692984
2025-06-09,108352.50821544258,0.0,0,,-0.27982789364692984
2025-06-10,108352.50821544258,0.0,0,,-0.27982789364692984
2025-06-11,108352.50821544258,0.0,0,,-0.27982789364692984
2025-06-12,108352.50821544258,0.0,0,,-0.27982789364692984
2025-06-13,108352.50821544258,0.0,0,,-0.27982789364692984
2025-06-16,108352.50821544258,0.0,0,,-0.27982789364692984
2025-06-17,108352.50821544258,0.0,0,,-0.27982789364692984
2025-06-18,108352.50821544258,0.0,0,,-0.27982789364692984
2025-06-20,106727.05085752076,-0.015001566504485808,1,72.48035866873605,-0.2906316033950611
2025-06-23,107044.58189927085,0.002975169267761313,0,,-0.288521112341961
2025-06-24,109996.07974222032,0.027572603774816296,1,76.21607562473842,-0.26890378687841887
2025-06-25,111890.22284795034,0.017220096481338265,1,77.59464182172503,-0.25631423955132415
2025-06-26,108223.68823285043,-0.03276903487878857,1,77.59464182172503,-0.2806841041743252
2025-06-27,107046.61506319045,-0.01087629879262142,1,77.59464182172503,-0.28850759878360743
2025-06-30,107181.90952469892,0.0012638836027520917,1,77.59464182172503,-0.28760835520422734
2025-07-01,104825.38044127589,-0.021986257698459744,0,,-0.30327118148893684
2025-07-02,104825.38044127589,0.0,0,,-0.30327118148893684
2025-07-03,104825.38044127589,0.0,0,,-0.30327118148893684
2025-07-04,104825.38044127589,0.0,0,,-0.30327118148893684
2025-07-07,104825.38044127589,0.0,0,,-0.30327118148893684
2025-07-08,104825.38044127589,0.0,0,,-0.30327118148893684
2025-07-09,104825.38044127589,0.0,0,,-0.30327118148893684
2025-07-10,104825.38044127589,0.0,0,,-0.30327118148893684
2025-07-11,104825.38044127589,0.0,0,,-0.30327118148893684
2025-07-14,104825.38044127589,0.0,0,,-0.30327118148893684
2025-07-15,104825.38044127589,0.0,0,,-0.30327118148893684
2025-07-16,104825.38044127589,0.0,0,,-0.30327118148893684
2025-07-17,104825.38044127589,0.0,0,,-0.30327118148893684
2025-07-18,104825.38044127589,0.0,0,,-0.30327118148893684
2025-07-21,104825.38044127589,0.0,0,,-0.30327118148893684
2025-07-22,104825.38044127589,0.0,0,,-0.30327118148893684
2025-07-23,104825.38044127589,0.0,0,,-0.30327118148893684
2025-07-24,104825.38044127589,0.0,0,,-0.30327118148893684
2025-07-25,104825.38044127589,0.0,0,,-0.30327118148893684
2025-07-28,104825.38044127589,0.0,0,,-0.30327118148893684
2025-07-29,104825.38044127589,0.0,0,,-0.30327118148893684
2025-07-30,104825.38044127589,0.0,0,,-0.30327118148893684
2025-07-31,104825.38044127589,0.0,0,,-0.30327118148893684
2025-08-01,104825.38044127589,0.0,0,,-0.30327118148893684
2025-08-04,104825.38044127589,0.0,0,,-0.30327118148893684
2025-08-05,104825.38044127589,0.0,0,,-0.30327118148893684
2025-08-06,104825.38044127589,0.0,0,,-0.30327118148893684
2025-08-07,104825.38044127589,0.0,0,,-0.30327118148893684
2025-08-08,104825.38044127589,0.0,0,,-0.30327118148893684
2025-08-11,104825.38044127589,0.0,0,,-0.30327118148893684
2025-08-12,104825.38044127589,0.0,0,,-0.30327118148893684
2025-08-13,104825.38044127589,0.0,0,,-0.30327118148893684
2025-08-14,104825.38044127589,0.0,0,,-0.30327118148893684
2025-08-15,104825.38044127589,0.0,0,,-0.30327118148893684
2025-08-18,104825.38044127589,0.0,0,,-0.30327118148893684
2025-08-19,105402.89885701571,0.005509337655715374,1,70.2628596169608,-0.29943266717329164
2025-08-20,105021.5100607996,-0.003618390009685446,1,70.2628596169608,-0.3019675930115038
2025-08-21,103255.84912912261,-0.016812374252234696,1,70.2628596169608,-0.3137031750779825
2025-08-22,105021.5100607996,0.01709986355803439,1,70.41071319580078,-0.3019675930115038
2025-08-25,105092.14080876231,0.0006725360159249849,1,70.57142966134208,-0.30149814107752126
2025-08-26,105442.25104119557,0.0033314597051588013,0,,-0.29917111028054255
2025-08-27,106363.51216765337,0.008737115505034865,1,72.27035576956612,-0.2930478873217983
2025-08-28,104975.98218114814,-0.013045168951530739,1,72.27035576956612,-0.30227019707232705
2025-08-29,103826.71286741292,-0.010947926276622222,1,72.27035576956612,-0.3099088915157814
2025-09-01,102453.1906666239,-0.01322898667265926,1,72.27035576956612,-0.31903809759283974
2025-09-02,100760.12225927044,-0.016525287268627786,0,,-0.33029118864910934
2025-09-03,100760.12225927044,0.0,0,,-0.33029118864910934
2025-09-04,100760.12225927044,0.0,0,,-0.33029118864910934
2025-09-05,100760.12225927044,0.0,0,,-0.33029118864910934
2025-09-08,100760.12225927044,0.0,0,,-0.33029118864910934
2025-09-09,100760.12225927044,0.0,0,,-0.33029118864910934
2025-09-10,100760.12225927044,0.0,0,,-0.33029118864910934
2025-09-11,100760.12225927044,0.0,0,,-0.33029118864910934
2025-09-12,100760.12225927044,0.0,0,,-0.33029118864910934
2025-09-15,100760.12225927044,0.0,0,,-0.33029118864910934
2025-09-16,100760.12225927044,0.0,0,,-0.33029118864910934
2025-09-17,100760.12225927044,0.0,0,,-0.33029118864910934
2025-09-18,100760.12225927044,0.0,0,,-0.33029118864910934
2025-09-19,100760.12225927044,0.0,0,,-0.33029118864910934
2025-09-22,100760.12225927044,0.0,0,,-0.33029118864910934
2025-09-23,100760.12225927044,0.0,0,,-0.33029118864910934
2025-09-24,100760.12225927044,0.0,0,,-0.33029118864910934
2025-09-25,100760.12225927044,0.0,0,,-0.33029118864910934
2025-09-26,100760.12225927044,0.0,0,,-0.33029118864910934
2025-09-29,100760.12225927044,0.0,0,,-0.33029118864910934
2025-09-30,100760.12225927044,0.0,0,,-0.33029118864910934
2025-10-01,100760.12225927044,0.0,0,,-0.33029118864910934
2025-10-02,100760.12225927044,0.0,0,,-0.33029118864910934
2025-10-03,100760.12225927044,0.0,0,,-0.33029118864910934
2025-10-06,100760.12225927044,0.0,0,,-0.33029118864910934
2025-10-07,100760.12225927044,0.0,0,,-0.33029118864910934
2025-10-08,100760.12225927044,0.0,0,,-0.33029118864910934
2025-10-09,100760.12225927044,0.0,0,,-0.33029118864910934
2025-10-10,100760.12225927044,0.0,0,,-0.33029118864910934
2025-10-13,100760.12225927044,0.0,0,,-0.33029118864910934
2025-10-14,100760.12225927044,0.0,0,,-0.33029118864910934
2025-10-15,100760.12225927044,0.0,0,,-0.33029118864910934
2025-10-16,100760.12225927044,0.0,0,,-0.33029118864910934
2025-10-17,100760.12225927044,0.0,0,,-0.33029118864910934
2025-10-20,100760.12225927044,0.0,0,,-0.33029118864910934
2025-10-21,100760.12225927044,0.0,0,,-0.33029118864910934
2025-10-22,100760.12225927044,0.0,0,,-0.33029118864910934
2025-10-23,100760.12225927044,0.0,0,,-0.33029118864910934
2025-10-24,100760.12225927044,0.0,0,,-0.33029118864910934
2025-10-27,100760.12225927044,0.0,0,,-0.33029118864910934
2025-10-28,100760.12225927044,0.0,0,,-0.33029118864910934
2025-10-29,100760.12225927044,0.0,0,,-0.33029118864910934
2025-10-30,100760.12225927044,0.0,0,,-0.33029118864910934
2025-10-31,100760.12225927044,0.0,0,,-0.33029118864910934
2025-11-03,100760.12225927044,0.0,0,,-0.33029118864910934
2025-11-04,100760.12225927044,0.0,0,,-0.33029118864910934
2025-11-05,100760.12225927044,0.0,0,,-0.33029118864910934
2025-11-06,100760.12225927044,0.0,0,,-0.33029118864910934
2025-11-07,100760.12225927044,0.0,0,,-0.33029118864910934
2025-11-10,100760.12225927044,0.0,0,,-0.33029118864910934
2025-11-11,100760.12225927044,0.0,0,,-0.33029118864910934
2025-11-12,100760.12225927044,0.0,0,,-0.33029118864910934
2025-11-13,100760.12225927044,0.0,0,,-0.33029118864910934
2025-11-14,100760.12225927044,0.0,0,,-0.33029118864910934
2025-11-17,100760.12225927044,0.0,0,,-0.33029118864910934
2025-11-18,100760.12225927044,0.0,0,,-0.33029118864910934
2025-11-19,100760.12225927044,0.0,0,,-0.33029118864910934
2025-11-21,100598.58891318733,-0.0016031475792325223,1,87.58678681509835,-0.33136483070881717
2025-11-24,102822.38879580566,0.022105676696294374,0,,-0.3165841978286943
2025-11-25,102822.38879580566,0.0,0,,-0.3165841978286943
2025-11-26,102822.38879580566,0.0,0,,-0.3165841978286943
2025-11-27,104797.5520937015,0.01920946713092131,1,94.48964418683734,-0.30345614444013247
2025-11-28,102839.89040314479,-0.018680414298287484,0,,-0.31646787223891726
2025-12-01,102839.89040314479,0.0,0,,-0.31646787223891726
2025-12-02,103616.7533033582,0.007554100817960929,1,99.46285711015973,-0.3113044016334947
2025-12-03,105257.80684861646,0.01583772404500805,1,100.9067851475307,-0.30039703079555435
2025-12-04,102753.03898433161,-0.023796504404535512,1,100.9067851475307,-0.317045135933654
2025-12-05,104163.77115177762,0.013729347388558688,1,100.9067851475307,-0.3076686113541812
2025-12-08,106495.79615225714,0.022388062324294244,1,102.45928628104073,-0.2921686530761134
2025-12-09,105305.79382481193,-0.011174171849411385,1,102.45928628104073,-0.30007808218704124
2025-12-10,107081.20211727603,0.016859549963772036,1,103.48714338030133,-0.28827771364293453
2025-12-11,106131.11270545448,-0.008872606891179746,1,103.48714338030133,-0.29459254570547244
2025-12-12,101946.91050109651,-0.03942484063057339,1,103.48714338030133,-0.3224031221706526
2025-12-15,102445.94137332044,0.004895007310874444,1,103.48714338030133,-0.3190862804998523
2025-12-16,102225.21153331964,-0.002154598191415391,1,103.48714338030133,-0.3205533759683973
2025-12-17,99165.66807396075,-0.02992944121579688,0,,-0.3408888337616227
2025-12-18,99165.66807396075,0.0,0,,-0.3408888337616227
2025-12-19,99165.66807396075,0.0,0,,-0.3408888337616227
2025-12-22,99165.66807396075,0.0,0,,-0.3408888337616227
2025-12-23,99165.66807396075,0.0,0,,-0.3408888337616227
2025-12-26,99165.66807396075,0.0,0,,-0.3408888337616227
2025-12-29,99165.66807396075,0.0,0,,-0.3408888337616227
2025-12-30,99165.66807396075,0.0,0,,-0.3408888337616227
2026-01-02,99165.66807396075,0.0,0,,-0.3408888337616227
2026-01-05,99165.66807396075,0.0,0,,-0.3408888337616227
2026-01-06,99165.66807396075,0.0,0,,-0.3408888337616227
2026-01-07,99165.66807396075,0.0,0,,-0.3408888337616227
2026-01-08,99165.66807396075,0.0,0,,-0.3408888337616227
2026-01-09,99165.66807396075,0.0,0,,-0.3408888337616227
2026-01-12,99165.66807396075,0.0,0,,-0.3408888337616227
2026-01-13,99165.66807396075,0.0,0,,-0.3408888337616227
2026-01-14,99165.66807396075,0.0,0,,-0.3408888337616227
2026-01-15,99165.66807396075,0.0,0,,-0.3408888337616227
2026-01-16,99165.66807396075,0.0,0,,-0.3408888337616227
2026-01-19,99165.66807396075,0.0,0,,-0.3408888337616227
2026-01-20,99165.66807396075,0.0,0,,-0.3408888337616227
2026-01-21,99165.66807396075,0.0,0,,-0.3408888337616227
2026-01-22,99165.66807396075,0.0,0,,-0.3408888337616227
2026-01-23,99165.66807396075,0.0,0,,-0.3408888337616227
2026-01-26,99165.66807396075,0.0,0,,-0.3408888337616227
2026-01-27,99165.66807396075,0.0,0,,-0.3408888337616227
2026-01-28,99165.66807396075,0.0,0,,-0.3408888337616227
2026-01-29,99165.66807396075,0.0,0,,-0.3408888337616227
2026-01-30,99165.66807396075,0.0,0,,-0.3408888337616227
2026-02-02,99165.66807396075,0.0,0,,-0.3408888337616227
2026-02-03,99165.66807396075,0.0,0,,-0.3408888337616227
2026-02-04,99165.66807396075,0.0,0,,-0.3408888337616227
2026-02-05,99165.66807396075,0.0,0,,-0.3408888337616227
2026-02-06,99165.66807396075,0.0,0,,-0.3408888337616227
2026-02-09,99165.66807396075,0.0,0,,-0.3408888337616227
2026-02-10,99165.66807396075,0.0,0,,-0.3408888337616227
2026-02-11,99165.66807396075,0.0,0,,-0.3408888337616227
2026-02-12,99165.66807396075,0.0,0,,-0.3408888337616227
2026-02-13,99165.66807396075,0.0,0,,-0.3408888337616227
2026-02-18,99165.66807396075,0.0,0,,-0.3408888337616227
2026-02-19,99165.66807396075,0.0,0,,-0.3408888337616227
2026-02-20,99165.66807396075,0.0,0,,-0.3408888337616227
2026-02-23,99165.66807396075,0.0,0,,-0.3408888337616227
2026-02-24,99165.66807396075,0.0,0,,-0.3408888337616227
2026-02-25,99165.66807396075,0.0,0,,-0.3408888337616227
2026-02-26,99165.66807396075,0.0,0,,-0.3408888337616227
2026-02-27,99165.66807396075,0.0,0,,-0.3408888337616227
2026-03-02,99165.66807396075,0.0,0,,-0.3408888337616227
2026-03-03,99165.66807396075,0.0,0,,-0.3408888337616227
2026-03-04,99165.66807396075,0.0,0,,-0.3408888337616227
2026-03-05,99165.66807396075,0.0,0,,-0.3408888337616227
2026-03-06,99165.66807396075,0.0,0,,-0.3408888337616227
2026-03-09,99165.66807396075,0.0,0,,-0.3408888337616227
2026-03-10,99165.66807396075,0.0,0,,-0.3408888337616227
2026-03-11,99165.66807396075,0.0,0,,-0.3408888337616227
2026-03-12,99165.66807396075,0.0,0,,-0.3408888337616227
2026-03-13,99165.66807396075,0.0,0,,-0.3408888337616227
2026-03-16,99165.66807396075,0.0,0,,-0.3408888337616227
2026-03-17,99165.66807396075,0.0,0,,-0.3408888337616227
2026-03-18,99165.66807396075,0.0,0,,-0.3408888337616227
2026-03-19,99165.66807396075,0.0,0,,-0.3408888337616227
2026-03-20,99165.66807396075,0.0,0,,-0.3408888337616227
2026-03-23,99165.66807396075,0.0,0,,-0.3408888337616227
2026-03-24,99165.66807396075,0.0,0,,-0.3408888337616227
2026-03-25,99165.66807396075,0.0,0,,-0.3408888337616227
2026-03-26,99165.66807396075,0.0,0,,-0.3408888337616227
2026-03-27,99165.66807396075,0.0,0,,-0.3408888337616227
2026-03-30,99165.66807396075,0.0,0,,-0.3408888337616227
2026-03-31,99165.66807396075,0.0,0,,-0.3408888337616227
2026-04-01,99165.66807396075,0.0,0,,-0.3408888337616227
2026-04-02,99165.66807396075,0.0,0,,-0.3408888337616227
2026-04-06,99165.66807396075,0.0,0,,-0.3408888337616227
2026-04-07,101422.01536744839,0.022753311073392624,1,111.41678701128278,-0.3258918723642543
2026-04-08,106995.3610426872,0.05495203043487917,0,,-0.2888482620180153
2026-04-09,108168.31120295664,0.01096262631238254,1,119.75821495056152,-0.28105217126311743
2026-04-10,109834.81783258365,0.015406606714050808,1,122.15107481820243,-0.26997562481784754
2026-04-13,111127.3717319085,0.011768161725319581,1,124.31607137407575,-0.2613845799072786
2026-04-14,111777.71729521536,0.005852253618269687,1,125.65893309456962,-0.25706201514253113
2026-04-15,108932.46630951898,-0.025454545454545396,1,125.65893309456962,-0.275973163847994
2026-04-16,104380.05977068079,-0.041791090324743485,1,125.65893309456962,-0.3062310347551608
2026-04-17,107145.64869050165,0.026495375897434448,0,,-0.2878493652350246
2026-04-20,107330.40800666236,0.0017243753565243658,1,121.24963678632464,-0.2866213502303028
2026-04-22,105443.62247407968,-0.01757922631269193,1,121.24963678632464,-0.29916199496124685
2026-04-23,103131.29365847938,-0.021929527470176957,1,121.24963678632464,-0.3145310412448882
2026-04-24,106624.27161451416,0.033869234372273294,0,,-0.29131473242589323
2026-04-27,104249.05882136911,-0.022276473800752594,1,119.7832167489188,-0.3071017412219871
2026-04-28,101977.56155575837,-0.02178913931014914,1,119.7832167489188,-0.322199397910261
2026-04-29,101233.72498032358,-0.007294120040594265,1,119.7832167489188,-0.3271433568654907
2026-04-30,103025.32905904768,0.01769769984333114,1,119.7832167489188,-0.31523534195770464
2026-05-04,100705.84430540017,-0.02251373302887616,1,119.7832167489188,-0.33065195065647857
2026-05-05,101832.58316223208,0.011188415772722893,0,,-0.32316300638376216
2026-05-06,103569.15550452464,0.017053209182820828,1,123.59214074271065,-0.31162076354895285
2026-05-07,102583.2145100128,-0.00951963921795973,1,123.59214074271065,-0.3181738855251014
2026-05-08,106120.56435845593,0.03448273545861502,1,127.78571428571429,-0.29466265599088803
2026-05-11,105367.93624243852,-0.007092198581560183,1,127.78571428571429,-0.2996650485015909
2026-05-12,101642.42936499103,-0.03535712105887279,1,127.78571428571429,-0.3244268761634801
2026-05-13,102399.27329979232,0.007446141729685607,0,,-0.31939646293462676
2026-05-14,103981.08516050848,0.015447491078233844,1,130.34142739432198,-0.3088828458679951
2026-05-15,100467.52602924588,-0.033790367987013736,1,130.34142739432198,-0.33223594882825325
2026-05-18,96190.78928281889,-0.04256834935083442,1,130.34142739432198,-0.3606615622424606
2026-05-19,96140.38464610832,-0.0005240068938656695,1,130.34142739432198,-0.3609965799913589
2026-05-20,101223.51867657926,0.05287199597944103,1,130.34142739432198,-0.32721119373781304
2026-05-21,104168.27884074206,0.029091659751244725,1,130.34142739432198,-0.30763865070158747
2026-05-22,106616.2545089554,0.02350020270523956,1,132.0996437072754,-0.2913680186478016
2026-05-25,108761.82432928395,0.02012422805706726,1,134.98856898716517,-0.2771073470465386
2026-05-26,108236.23404487436,-0.004832488675606594,1,135.1389318193708,-0.28060071760561545
2026-05-27,106457.85563099264,-0.016430527443743292,1,135.1389318193708,-0.29242082725800556
2026-05-28,105917.86245235299,-0.005072365730448225,1,135.1389318193708,-0.2960099276054009
2026-05-29,105982.6589971043,0.000611762201870869,1,135.1389318193708,-0.29557925308861754
2026-06-01,106789.05628114827,0.0076087662988904015,1,135.1389318193708,-0.290219480249279
2026-06-02,111706.58449344673,0.04604899025750231,1,141.3785661969866,-0.25753480401031315
2026-06-03,115544.13733465524,0.034353864265124434,1,146.10856791904993,-0.2320282554457045
2026-06-05,111476.19311671227,-0.03520684226635251,1,146.10856791904993,-0.25906611552124303
2026-06-08,118388.09921158619,0.062003427831782476,1,149.2871377127511,-0.2131256748868422
2026-06-09,120137.68282319713,0.014778374036431119,1,149.85464695521765,-0.20149695179065563
2026-06-10,118071.31244184998,-0.01720001861853926,1,149.85464695521765,-0.21523121908681664
2026-06-11,126466.39804293052,0.07110182335963366,1,158.06606783185686,-0.15943272784817242
2026-06-12,123564.8355752686,-0.022943347106928358,1,158.06606783185686,-0.1787181545398756
2026-06-15,125336.01803512998,0.014334033235389843,1,158.06606783185686,-0.16694587327142796
2026-06-16,121196.07033222598,-0.03303079009374332,1,158.06606783185686,-0.19446230926812602
2026-06-17,126502.39978541103,0.04378301572517329,1,158.06606783185686,-0.1591934398875926
2026-06-18,132327.1235689853,0.04604437380994253,1,163.65785489763533,-0.12047902833192503
2026-06-19,131016.74583497153,-0.00990256342518192,1,163.65785489763533,-0.12918854053764584
2026-06-22,129598.36287351623,-0.01082596695877247,1,163.65785489763533,-0.13861591662510575
2026-06-23,124198.43108711972,-0.04166666666666663,1,163.65785489763533,-0.17450692009905966
2026-06-24,119338.49247936286,-0.03913043478260869,1,163.65785489763533,-0.20680882322561822
2026-06-25,123946.42987594548,0.03861233120050911,1,163.65785489763533,-0.17618186280268422
2026-06-26,121109.67493922423,-0.022886943492930634,1,163.65785489763533,-0.19503654195717057
2026-06-29,127078.3947065312,0.04928359167260754,1,163.65785489763533,-0.15536505157961755
2026-06-30,135437.48955132056,0.06577904028527781,1,165.37964739118303,-0.09980577528111956
2026-07-01,125040.81912745486,-0.07676360849797159,1,165.37964739118303,-0.1689079323195748
2026-07-02,120620.07541110582,-0.0353544046431985,1,165.37964739118303,-0.19829069757610118
2026-07-03,123946.42987594548,0.02757712141617019,1,165.37964739118303,-0.17618186280268422
2026-07-06,122816.04986814494,-0.009119907761215185,1,165.37964739118303,-0.18369500822593987
2026-07-07,117455.66937411649,-0.043645602507028536,0,,-0.2193231314214137
2026-07-08,117455.66937411649,0.0,0,,-0.2193231314214137
2026-07-09,115990.9646420329,-0.012470276998024388,1,147.2700026375907,-0.22905838821853886
2026-07-10,114915.49301427286,-0.009272029343657229,0,,-0.236206581465223
2026-07-13,114915.49301427286,0.0,0,,-0.236206581465223
2026-07-14,114915.49301427286,0.0,0,,-0.236206581465223
2026-07-15,114915.49301427286,0.0,0,,-0.236206581465223
2026-07-16,114915.49301427286,0.0,0,,-0.236206581465223
2026-07-17,114915.49301427286,0.0,0,,-0.236206581465223
2026-07-20,114915.49301427286,0.0,0,,-0.236206581465223
2026-07-21,114915.49301427286,0.0,0,,-0.236206581465223
2026-07-22,114915.49301427286,0.0,0,,-0.236206581465223
2026-07-23,115438.79235915394,0.004553775397509563,1,149.45715114048548,-0.2327284377871195
2026-07-24,117876.46640741325,0.021116593464311384,0,,-0.21652627613114306
2026-07-27,117876.46640741325,0.0,0,,-0.21652627613114306
2026-07-28,117876.46640741325,0.0,0,,-0.21652627613114306
2026-07-29,117876.46640741325,0.0,0,,-0.21652627613114306
2026-07-30,117876.46640741325,0.0,0,,-0.21652627613114306
2026-07-31,117876.46640741325,0.0,0,,-0.21652627613114306
2026-08-03,117876.46640741325,0.0,0,,-0.21652627613114306
2026-08-04,117876.46640741325,0.0,0,,-0.21652627613114306
2026-08-05,117876.46640741325,0.0,0,,-0.21652627613114306
2026-08-06,117876.46640741325,0.0,0,,-0.21652627613114306
2026-08-07,117876.46640741325,0.0,0,,-0.21652627613114306
2026-08-10,117876.46640741325,0.0,0,,-0.21652627613114306
2026-08-11,117876.46640741325,0.0,0,,-0.21652627613114306
2026-08-12,116759.18901697222,-0.009478375323700439,1,152.47964477539062,-0.22395233414222937
2026-08-13,120288.60670680477,0.030228179208400485,1,156.86034774780273,-0.2004938262244197
2026-08-14,120419.07325494505,0.0010846126803869538,1,159.0110637119838,-0.19962667169029502
2026-08-17,121888.5192858662,0.012202768142967946,1,163.081419808524,-0.18985990153711618
2026-08-18,117541.97782825625,-0.03565997423773748,1,163.081419808524,-0.21874947657726074
2026-08-19,113291.57843985085,-0.03616069311523551,1,163.081419808524,-0.2470000370008676
2026-08-20,113128.49357826628,-0.001439514426671673,0,,-0.2480839913108881
2026-08-21,113128.49357826628,0.0,0,,-0.2480839913108881
2026-08-24,113651.1636309607,0.004620145077180116,1,151.15643692016602,-0.24461003026489025
2026-08-25,113021.34223836202,-0.0055417065032769,1,151.15643692016602,-0.24879617977268143
2026-08-26,112751.42029306825,-0.002388238716228508,1,151.15643692016602,-0.25059023381992707
2026-08-27,112336.15088765953,-0.0036830525445208373,1,151.15643692016602,-0.2533503493661453
2026-08-28,111547.1474659747,-0.007023593166138098,1,151.15643692016602,-0.2585945127498367
2026-08-31,110564.35447129638,-0.008810561426307317,1,151.15643692016602,-0.26512671133705545
2026-09-01,107359.88811093886,-0.028982816167840375,1,151.15643692016602,-0.2864254087690299
2026-09-02,107198.84827877245,-0.0015000000000000568,0,,-0.2874957706558764
2026-09-03,107198.84827877245,0.0,0,,-0.2874957706558764
2026-09-04,107198.84827877245,0.0,0,,-0.2874957706558764
2026-09-08,107198.84827877245,0.0,0,,-0.2874957706558764
2026-09-09,107780.86939354727,0.005429359775034781,1,150.956426348005,-0.28362732885353326
2026-09-10,106256.5114732955,-0.014143121398341951,0,,-0.2937590745080122
2026-09-11,106256.5114732955,0.0,0,,-0.2937590745080122
2026-09-14,106256.5114732955,0.0,0,,-0.2937590745080122
2026-09-15,106256.5114732955,0.0,0,,-0.2937590745080122
2026-09-16,106256.5114732955,0.0,0,,-0.2937590745080122
2026-09-17,106256.5114732955,0.0,0,,-0.2937590745080122
2026-09-18,106256.5114732955,0.0,0,,-0.2937590745080122
2026-09-21,106256.5114732955,0.0,0,,-0.2937590745080122
