timestamp,equity,daily_return,position,stop_price,drawdown
2020-01-02,100000.0,0.0,0,,0.0
2020-01-03,100000.0,0.0,0,,0.0
2020-01-06,100000.0,0.0,0,,0.0
2020-01-07,100000.0,0.0,0,,0.0
2020-01-08,100000.0,0.0,0,,0.0
2020-01-09,100000.0,0.0,0,,0.0
2020-01-10,100000.0,0.0,0,,0.0
2020-01-13,100000.0,0.0,0,,0.0
2020-01-14,100000.0,0.0,0,,0.0
2020-01-15,100000.0,0.0,0,,0.0
2020-01-16,100000.0,0.0,0,,0.0
2020-01-17,100000.0,0.0,0,,0.0
2020-01-21,100000.0,0.0,0,,0.0
2020-01-22,100000.0,0.0,0,,0.0
2020-01-23,100000.0,0.0,0,,0.0
2020-01-24,100000.0,0.0,0,,0.0
2020-01-27,100000.0,0.0,0,,0.0
2020-01-28,100000.0,0.0,0,,0.0
2020-01-29,100000.0,0.0,0,,0.0
2020-01-30,100000.0,0.0,0,,0.0
2020-01-31,100000.0,0.0,0,,0.0
2020-02-03,100000.0,0.0,0,,0.0
2020-02-04,100296.64968927797,0.002966496892779613,1,5.706172475860789,0.0
2020-02-05,101769.86655052575,0.01468859494122543,1,5.791481423654222,0.0
2020-02-06,103186.26103440818,0.01391762151107101,1,5.870380029736936,0.0
2020-02-07,102106.71371400332,-0.010462122666164642,1,5.870380029736936,-0.010462122666164642
2020-02-10,106725.23872604867,0.045232334329960544,1,6.043910458035292,0.0
2020-02-11,108722.00151142298,0.01870937754938895,1,6.148990834050417,0.0
2020-02-12,110609.18328792002,0.017357864556041713,1,6.26520422332936,0.0
2020-02-13,109894.88264224482,-0.006457878310301313,1,6.26520422332936,-0.006457878310301313
2020-02-14,117610.00534952187,0.07020456750832604,1,6.6979634870157705,0.0
2020-02-18,120361.65174443023,0.023396363147257793,1,6.85150112200242,0.0
2020-02-19,127719.63191382342,0.06113226316482234,1,7.2403058053559155,0.0
2020-02-20,125284.56066284757,-0.01906575531488286,1,7.2403058053559155,-0.01906575531488286
2020-02-21,118029.59697720711,-0.0579078830404669,0,,-0.07586958082649731
2020-02-24,118029.59697720711,0.0,0,,-0.07586958082649731
2020-02-25,118029.59697720711,0.0,0,,-0.07586958082649731
2020-02-26,118029.59697720711,0.0,0,,-0.07586958082649731
2020-02-27,118029.59697720711,0.0,0,,-0.07586958082649731
2020-02-28,118029.59697720711,0.0,0,,-0.07586958082649731
2020-03-02,118029.59697720711,0.0,0,,-0.07586958082649731
2020-03-03,118029.59697720711,0.0,0,,-0.07586958082649731
2020-03-04,118029.59697720711,0.0,0,,-0.07586958082649731
2020-03-05,118029.59697720711,0.0,0,,-0.07586958082649731
2020-03-06,118029.59697720711,0.0,0,,-0.07586958082649731
2020-03-09,118029.59697720711,0.0,0,,-0.07586958082649731
2020-03-10,118029.59697720711,0.0,0,,-0.07586958082649731
2020-03-11,118029.59697720711,0.0,0,,-0.07586958082649731
2020-03-12,118029.59697720711,0.0,0,,-0.07586958082649731
2020-03-13,118029.59697720711,0.0,0,,-0.07586958082649731
2020-03-16,118029.59697720711,0.0,0,,-0.07586958082649731
2020-03-17,118029.59697720711,0.0,0,,-0.07586958082649731
2020-03-18,118029.59697720711,0.0,0,,-0.07586958082649731
2020-03-19,118029.59697720711,0.0,0,,-0.07586958082649731
2020-03-20,118029.59697720711,0.0,0,,-0.07586958082649731
2020-03-23,118029.59697720711,0.0,0,,-0.07586958082649731
2020-03-24,118029.59697720711,0.0,0,,-0.07586958082649731
2020-03-25,118029.59697720711,0.0,0,,-0.07586958082649731
2020-03-26,118029.59697720711,0.0,0,,-0.07586958082649731
2020-03-27,119139.7739012052,0.009405919806813268,1,4.693997082995683,-0.06717728421271463
2020-03-30,120199.00080079978,0.008890623717927593,0,,-0.058883908451114686
2020-03-31,120199.00080079978,0.0,0,,-0.058883908451114686
2020-04-01,120199.00080079978,0.0,0,,-0.058883908451114686
2020-04-02,120199.00080079978,0.0,0,,-0.058883908451114686
2020-04-03,120199.00080079978,0.0,0,,-0.058883908451114686
2020-04-06,120199.00080079978,0.0,0,,-0.058883908451114686
2020-04-07,112111.48493516246,-0.06728438515924429,1,5.554447071717307,-0.12220632603445247
2020-04-08,113836.19418353112,0.015383876588255907,0,,-0.10870245648421473
2020-04-09,109883.80116518325,-0.03472000312989787,1,5.55613448342786,-0.13964830998475308
2020-04-13,112767.24529367845,0.0262408480405647,1,5.580164591249684,-0.11707195202561993
2020-04-14,118659.47630487093,0.05225126317351636,1,6.0397001251374975,-0.07093784622763144
2020-04-15,117359.81630506567,-0.010952854675222445,1,6.0397001251374975,-0.08111372898214941
2020-04-16,123151.76349949339,0.04935204720644837,1,6.341777401567996,-0.035764810357519106
2020-04-17,122157.20086968884,-0.008075910580108259,1,6.341777401567996,-0.043551887527265465
2020-04-20,119954.93044081602,-0.018028167092843606,1,6.341777401567996,-0.060794893914558834
2020-04-21,112625.15919572834,-0.06110437660337842,1,6.341777401567996,-0.11818443642461962
2020-04-22,119578.8220665173,0.0617416474298107,1,6.341777401567996,-0.06373969080022868
2020-04-23,118684.52723113897,-0.007478705843756095,1,6.341777401567996,-0.07074170624591791
2020-04-24,121016.346278074,0.019647203399932645,1,6.341777401567996,-0.052484379537457104
2020-04-27,124146.34215163648,0.025864240409062766,1,6.5474178890885115,-0.027977607738471688
2020-04-28,121756.00151327578,-0.01925421721600984,1,6.5474178890885115,-0.04669313801790076
2020-04-29,124723.02617063395,0.02436861116069622,1,6.61545525736874,-0.023462373781435453
2020-04-30,122140.48155944854,-0.020706237576790576,1,6.61545525736874,-0.04368279387259211
2020-05-01,118170.53862275029,-0.032503088951438164,1,6.61545525736874,-0.07476605708914208
2020-05-04,121726.76074548608,0.03009398251190798,1,6.61545525736874,-0.04692208299175904
2020-05-05,122750.60419892662,0.008410997279236332,1,6.61545525736874,-0.038905747224902476
2020-05-06,124443.04381625536,0.01378762759151897,1,6.695352171061186,-0.025654537587290305
2020-05-07,127401.69680173951,0.02377515765246563,1,6.881671584494628,-0.0024893206104636967
2020-05-08,130590.19824438913,0.025027150522269004,1,7.073010593086341,0.0
2020-05-11,134819.23040604257,0.03238399373388767,1,7.353999744498875,0.0
2020-05-12,130423.02116432467,-0.03260817635939317,1,7.353999744498875,-0.03260817635939317
2020-05-13,130046.95284587223,-0.002883450445290814,1,7.353999744498875,-0.035397602744040246
2020-05-14,134234.17471517104,0.03219776994130252,1,7.353999744498875,-0.0043395566723639645
2020-05-15,141927.47679882325,0.057312544290427425,1,7.679110405995582,0.0
2020-05-18,146265.18848262323,0.030562874657093397,1,7.91966389518364,0.0
2020-05-19,147188.68402994497,0.006313843758054993,1,7.9556664810340685,0.0
2020-05-20,149938.43776587187,0.01868182838952137,1,8.107076548145118,0.0
2020-05-21,146683.06709343032,-0.021711381824084386,1,8.107076548145118,-0.021711381824084386
2020-05-22,150878.66063460315,0.028603121166674406,1,8.139099535968189,0.0
2020-05-26,145721.91905059858,-0.034178071056006565,1,8.139099535968189,-0.034178071056006565
2020-05-27,136536.96510403944,-0.0630306957690413,0,,-0.09505449922634401
2020-05-28,136536.96510403944,0.0,0,,-0.09505449922634401
2020-05-29,136536.96510403944,0.0,0,,-0.09505449922634401
2020-06-01,136536.96510403944,0.0,0,,-0.09505449922634401
2020-06-02,136536.96510403944,0.0,0,,-0.09505449922634401
2020-06-03,136536.96510403944,0.0,0,,-0.09505449922634401
2020-06-04,136536.96510403944,0.0,0,,-0.09505449922634401
2020-06-05,136536.96510403944,0.0,0,,-0.09505449922634401
2020-06-08,136536.96510403944,0.0,0,,-0.09505449922634401
2020-06-09,136536.96510403944,0.0,0,,-0.09505449922634401
2020-06-10,136536.96510403944,0.0,0,,-0.09505449922634401
2020-06-11,136536.96510403944,0.0,0,,-0.09505449922634401
2020-06-12,136536.96510403944,0.0,0,,-0.09505449922634401
2020-06-15,136536.96510403944,0.0,0,,-0.09505449922634401
2020-06-16,136536.96510403944,0.0,0,,-0.09505449922634401
2020-06-17,136536.96510403944,0.0,0,,-0.09505449922634401
2020-06-18,136536.96510403944,0.0,0,,-0.09505449922634401
2020-06-19,136536.96510403944,0.0,0,,-0.09505449922634401
2020-06-22,136536.96510403944,0.0,0,,-0.09505449922634401
2020-06-23,136536.96510403944,0.0,0,,-0.09505449922634401
2020-06-24,136536.96510403944,0.0,0,,-0.09505449922634401
2020-06-25,136536.96510403944,0.0,0,,-0.09505449922634401
2020-06-26,136536.96510403944,0.0,0,,-0.09505449922634401
2020-06-29,136536.96510403944,0.0,0,,-0.09505449922634401
2020-06-30,136536.96510403944,0.0,0,,-0.09505449922634401
2020-07-01,136536.96510403944,0.0,0,,-0.09505449922634401
2020-07-02,136536.96510403944,0.0,0,,-0.09505449922634401
2020-07-06,136536.96510403944,0.0,0,,-0.09505449922634401
2020-07-07,136536.96510403944,0.0,0,,-0.09505449922634401
2020-07-08,136536.96510403944,0.0,0,,-0.09505449922634401
2020-07-09,136536.96510403944,0.0,0,,-0.09505449922634401
2020-07-10,136536.96510403944,0.0,0,,-0.09505449922634401
2020-07-13,136536.96510403944,0.0,0,,-0.09505449922634401
2020-07-14,136536.96510403944,0.0,0,,-0.09505449922634401
2020-07-15,136536.96510403944,0.0,0,,-0.09505449922634401
2020-07-16,136536.96510403944,0.0,0,,-0.09505449922634401
2020-07-17,136536.96510403944,0.0,0,,-0.09505449922634401
2020-07-20,136536.96510403944,0.0,0,,-0.09505449922634401
2020-07-21,136536.96510403944,0.0,0,,-0.09505449922634401
2020-07-22,136536.96510403944,0.0,0,,-0.09505449922634401
2020-07-23,136536.96510403944,0.0,0,,-0.09505449922634401
2020-07-24,136536.96510403944,0.0,0,,-0.09505449922634401
2020-07-27,136536.96510403944,0.0,0,,-0.09505449922634401
2020-07-28,136536.96510403944,0.0,0,,-0.09505449922634401
2020-07-29,136536.96510403944,0.0,0,,-0.09505449922634401
2020-07-30,136536.96510403944,0.0,0,,-0.09505449922634401
2020-07-31,136536.96510403944,0.0,0,,-0.09505449922634401
2020-08-03,136536.96510403944,0.0,0,,-0.09505449922634401
2020-08-04,136536.96510403944,0.0,0,,-0.09505449922634401
2020-08-05,136536.96510403944,0.0,0,,-0.09505449922634401
2020-08-06,136536.96510403944,0.0,0,,-0.09505449922634401
2020-08-07,136536.96510403944,0.0,0,,-0.09505449922634401
2020-08-10,136536.96510403944,0.0,0,,-0.09505449922634401
2020-08-11,136536.96510403944,0.0,0,,-0.09505449922634401
2020-08-12,136536.96510403944,0.0,0,,-0.09505449922634401
2020-08-13,136536.96510403944,0.0,0,,-0.09505449922634401
2020-08-14,136536.96510403944,0.0,0,,-0.09505449922634401
2020-08-17,136536.96510403944,0.0,0,,-0.09505449922634401
2020-08-18,136536.96510403944,0.0,0,,-0.09505449922634401
2020-08-19,136536.96510403944,0.0,0,,-0.09505449922634401
2020-08-20,136536.96510403944,0.0,0,,-0.09505449922634401
2020-08-21,136536.96510403944,0.0,0,,-0.09505449922634401
2020-08-24,136536.96510403944,0.0,0,,-0.09505449922634401
2020-08-25,136536.96510403944,0.0,0,,-0.09505449922634401
2020-08-26,136536.96510403944,0.0,0,,-0.09505449922634401
2020-08-27,136536.96510403944,0.0,0,,-0.09505449922634401
2020-08-28,136536.96510403944,0.0,0,,-0.09505449922634401
2020-08-31,136536.96510403944,0.0,0,,-0.09505449922634401
2020-09-01,136536.96510403944,0.0,0,,-0.09505449922634401
2020-09-02,136536.96510403944,0.0,0,,-0.09505449922634401
2020-09-03,136536.96510403944,0.0,0,,-0.09505449922634401
2020-09-04,136536.96510403944,0.0,0,,-0.09505449922634401
2020-09-08,136536.96510403944,0.0,0,,-0.09505449922634401
2020-09-09,136536.96510403944,0.0,0,,-0.09505449922634401
2020-09-10,136536.96510403944,0.0,0,,-0.09505449922634401
2020-09-11,136536.96510403944,0.0,0,,-0.09505449922634401
2020-09-14,136536.96510403944,0.0,0,,-0.09505449922634401
2020-09-15,136536.96510403944,0.0,0,,-0.09505449922634401
2020-09-16,136536.96510403944,0.0,0,,-0.09505449922634401
2020-09-17,136536.96510403944,0.0,0,,-0.09505449922634401
2020-09-18,136536.96510403944,0.0,0,,-0.09505449922634401
2020-09-21,136536.96510403944,0.0,0,,-0.09505449922634401
2020-09-22,136536.96510403944,0.0,0,,-0.09505449922634401
2020-09-23,136536.96510403944,0.0,0,,-0.09505449922634401
2020-09-24,136536.96510403944,0.0,0,,-0.09505449922634401
2020-09-25,136536.96510403944,0.0,0,,-0.09505449922634401
2020-09-28,136277.5792406244,-0.0018997482712272973,1,11.342339466887879,-0.09677366787699371
2020-09-29,135055.34355431102,-0.008968721730485796,0,,-0.10487445350945235
2020-09-30,135055.34355431102,0.0,0,,-0.10487445350945235
2020-10-01,135055.34355431102,0.0,0,,-0.10487445350945235
2020-10-02,135055.34355431102,0.0,0,,-0.10487445350945235
2020-10-05,138994.6287609609,0.029167932959762943,1,12.257215513309331,-0.07876549157884494
2020-10-06,139952.37311247017,0.00689051339643032,1,12.364948248498614,-0.07241771285731502
2020-10-07,142270.17396974686,0.016561354450303156,1,12.622089216796379,-0.057055693818122255
2020-10-08,140994.10855505324,-0.008969310847718237,1,12.622089216796379,-0.06551325441235356
2020-10-09,140219.80379108968,-0.0054917526122109095,1,12.622089216796379,-0.07064522443851096
2020-10-12,144939.55273212495,0.03365964588045722,1,13.001288897022123,-0.039363471795799465
2020-10-13,145166.25158616653,0.0015640924079609597,1,13.079984440104875,-0.03786094749522528
2020-10-14,143607.4151890114,-0.01073828372726049,1,13.079984440104875,-0.04819266962609903
2020-10-15,142331.32049892875,-0.008885994420295806,1,13.079984440104875,-0.056650424252998155
2020-10-16,140716.44124874275,-0.011345916306580994,1,13.079984440104875,-0.06735358958727233
2020-10-19,137519.86152258364,-0.022716462254105396,1,13.079984440104875,-0.08854001656583999
2020-10-20,139025.19226708886,0.010946278798121156,1,13.079984440104875,-0.0785629214738387
2020-10-21,137794.97211158715,-0.008848900946946792,1,13.079984440104875,-0.08671662691056081
2020-10-22,136126.59696721422,-0.012107663427819881,1,13.079984440104875,-0.0977743546061518
2020-10-23,138462.30460410292,0.017158348837966297,1,13.079984440104875,-0.08229365225192498
2020-10-26,133640.05010967527,-0.034827200863192576,0,,-0.11425479555837403
2020-10-27,133640.05010967527,0.0,0,,-0.11425479555837403
2020-10-28,133640.05010967527,0.0,0,,-0.11425479555837403
2020-10-29,133640.05010967527,0.0,0,,-0.11425479555837403
2020-10-30,133640.05010967527,0.0,0,,-0.11425479555837403
2020-11-02,133640.05010967527,0.0,0,,-0.11425479555837403
2020-11-03,133640.05010967527,0.0,0,,-0.11425479555837403
2020-11-04,133640.05010967527,0.0,0,,-0.11425479555837403
2020-11-05,133640.05010967527,0.0,0,,-0.11425479555837403
2020-11-06,137716.9508455507,0.030506578922483207,1,13.19359977952487,-0.0872337395738646
2020-11-09,128909.8269141226,-0.06395090711313567,1,13.19359977952487,-0.14560596991038055
2020-11-10,128487.44768761045,-0.0032765479298451083,0,,-0.14840543290094266
2020-11-11,128487.44768761045,0.0,0,,-0.14840543290094266
2020-11-12,128487.44768761045,0.0,0,,-0.14840543290094266
2020-11-13,128487.44768761045,0.0,0,,-0.14840543290094266
2020-11-16,128487.44768761045,0.0,0,,-0.14840543290094266
2020-11-17,127061.99121411855,-0.011094130198286645,1,11.82426879478024,-0.15785313390449318
2020-11-18,127277.83554048312,0.0016987324399855286,0,,-0.15642255170382469
2020-11-19,127277.83554048312,0.0,0,,-0.15642255170382469
2020-11-20,123627.58737459629,-0.028679370217022604,1,11.8998632309112,-0.18061582165024193
2020-11-23,124229.68310532768,0.004870237650978604,0,,-0.1766252259742268
2020-11-24,124229.68310532768,0.0,0,,-0.1766252259742268
2020-11-25,124229.68310532768,0.0,0,,-0.1766252259742268
2020-11-27,122988.66304003364,-0.009989722538709556,1,11.987180007619019,-0.18485051151211696
2020-11-30,124289.39576659379,0.010576037615245504,1,12.208658762077986,-0.17622945985982108
2020-12-01,124182.72910962094,-0.0008582120487026224,1,12.322023593512604,-0.1769364296627356
2020-12-02,125615.60483993925,0.011538446131695634,1,12.51599607599498,-0.167439554993438
2020-12-03,124275.08530820078,-0.010671600343337695,1,12.51599607599498,-0.17632430732421933
2020-12-04,124575.0084548677,0.002413381136879611,0,,-0.17433646394460944
2020-12-07,124575.0084548677,0.0,0,,-0.17433646394460944
2020-12-08,124575.0084548677,0.0,0,,-0.17433646394460944
2020-12-09,124575.0084548677,0.0,0,,-0.17433646394460944
2020-12-10,125386.40922899792,0.006513351146383295,1,12.097509585512302,-0.16895862740551615
2020-12-11,125150.06116663251,-0.0018849575788851824,0,,-0.1705251051391553
2020-12-14,125150.06116663251,0.0,0,,-0.1705251051391553
2020-12-15,124225.75752241201,-0.007385562864326789,1,12.602928207945086,-0.17665124411953093
2020-12-16,124615.02048077673,0.00313351245448823,0,,-0.17407127053859206
2020-12-17,124615.02048077673,0.0,0,,-0.17407127053859206
2020-12-18,124615.02048077673,0.0,0,,-0.17407127053859206
2020-12-21,124615.02048077673,0.0,0,,-0.17407127053859206
2020-12-22,124045.35266694438,-0.00457142174060976,1,12.505327651115694,-0.17784693908864602
2020-12-23,121532.35838357602,-0.020258673375016523,1,12.505327651115694,-0.19450266941391925
2020-12-24,121387.5718135732,-0.001191341729301798,1,12.505327651115694,-0.19546229199668763
2020-12-28,121846.75602934882,0.0037827943084720594,0,,-0.19241889133390166
2020-12-29,121846.75602934882,0.0,0,,-0.19241889133390166
2020-12-30,121846.75602934882,0.0,0,,-0.19241889133390166
2020-12-31,121846.75602934882,0.0,0,,-0.19241889133390166
2021-01-04,121846.75602934882,0.0,0,,-0.19241889133390166
2021-01-05,121846.75602934882,0.0,0,,-0.19241889133390166
2021-01-06,121846.75602934882,0.0,0,,-0.19241889133390166
2021-01-07,121846.75602934882,0.0,0,,-0.19241889133390166
2021-01-08,121846.75602934882,0.0,0,,-0.19241889133390166
2021-01-11,123502.54219636237,0.013589086989026722,1,12.512616258648587,-0.18144460139754337
2021-01-12,122262.63554266622,-0.01003952333001179,1,12.512616258648587,-0.18966250741871982
2021-01-13,122688.7894280463,0.00348556109140441,1,12.512616258648587,-0.18683802658367232
2021-01-14,119683.17478693946,-0.024497875112457157,1,12.512616258648587,-0.2067587670546247
2021-01-15,119754.85706562921,0.0005989336330471939,0,,-0.206283668201094
2021-01-19,119754.85706562921,0.0,0,,-0.206283668201094
2021-01-20,119754.85706562921,0.0,0,,-0.206283668201094
2021-01-21,123576.64446159688,0.03191342288416088,1,12.589065846174554,-0.1809534632543306
2021-01-22,122195.38557972266,-0.011177345750826517,1,12.589065846174554,-0.19010822958155382
2021-01-25,121667.39822447603,-0.004320845281855279,1,12.589065846174554,-0.1936076466165798
2021-01-26,119724.7464070877,-0.015966905232937867,1,12.589065846174554,-0.2064832369036187
2021-01-27,115113.15511427617,-0.038518279897885144,1,12.589065846174554,-0.23704813768822897
2021-01-28,116300.6019015922,0.010315474249117829,1,12.589065846174554,-0.22917792739923526
2021-01-29,115754.7982368696,-0.004693042476121012,1,12.589065846174554,-0.23279542812748233
2021-02-01,116146.18446279094,0.003381166326431373,0,,-0.23020138186358285
2021-02-02,117339.78730844629,0.010276728858344297,1,12.466220747771175,-0.22229037018946673
2021-02-03,117112.58580759527,-0.0019362699222710278,1,12.466220747771175,-0.22379622595392934
2021-02-04,118270.24930957863,0.00988504774273613,1,12.556970721066014,-0.216123414589392
2021-02-05,117636.25816598049,-0.005360529357967603,1,12.556970721066014,-0.22032540803850897
2021-02-08,124973.91188995176,0.06237578309927305,1,13.266555461358863,-0.17169259480230492
2021-02-09,123454.8675517859,-0.01215489149050164,1,13.266555461358863,-0.1817605814332618
2021-02-10,127791.23039120257,0.03512508599628683,1,13.617244045576669,-0.15301985149055342
2021-02-11,132002.12436356652,0.032951353230368685,1,14.054170229681203,-0.12511070943790847
2021-02-12,129496.37707494404,-0.018982628504682464,1,14.054170229681203,-0.14171840782337375
2021-02-16,132690.243069799,0.0246637478746341,1,14.11894563346761,-0.12054996702848997
2021-02-17,129018.1632498691,-0.02767407561382096,1,14.11894563346761,-0.1448879337395209
2021-02-18,128351.70882915585,-0.005165586022353619,1,14.11894563346761,-0.1493050886765419
2021-02-19,129195.59656612063,0.0065748071814770714,1,14.11894563346761,-0.14371193366432655
2021-02-22,124255.5095956216,-0.038237270478260976,1,14.11894563346761,-0.1764540520641107
2021-02-23,121644.89549190179,-0.021010047057195447,0,,-0.19375679118400635
2021-02-24,121644.89549190179,0.0,0,,-0.19375679118400635
2021-02-25,121644.89549190179,0.0,0,,-0.19375679118400635
2021-02-26,121644.89549190179,0.0,0,,-0.19375679118400635
2021-03-01,121644.89549190179,0.0,0,,-0.19375679118400635
2021-03-02,121644.89549190179,0.0,0,,-0.19375679118400635
2021-03-03,121644.89549190179,0.0,0,,-0.19375679118400635
2021-03-04,121644.89549190179,0.0,0,,-0.19375679118400635
2021-03-05,121644.89549190179,0.0,0,,-0.19375679118400635
2021-03-08,121644.89549190179,0.0,0,,-0.19375679118400635
2021-03-09,121644.89549190179,0.0,0,,-0.19375679118400635
2021-03-10,121644.89549190179,0.0,0,,-0.19375679118400635
2021-03-11,121644.89549190179,0.0,0,,-0.19375679118400635
2021-03-12,121644.89549190179,0.0,0,,-0.19375679118400635
2021-03-15,121644.89549190179,0.0,0,,-0.19375679118400635
2021-03-16,121644.89549190179,0.0,0,,-0.19375679118400635
2021-03-17,121644.89549190179,0.0,0,,-0.19375679118400635
2021-03-18,121644.89549190179,0.0,0,,-0.19375679118400635
2021-03-19,121644.89549190179,0.0,0,,-0.19375679118400635
2021-03-22,121644.89549190179,0.0,0,,-0.19375679118400635
2021-03-23,121644.89549190179,0.0,0,,-0.19375679118400635
2021-03-24,121644.89549190179,0.0,0,,-0.19375679118400635
2021-03-25,121644.89549190179,0.0,0,,-0.19375679118400635
2021-03-26,121644.89549190179,0.0,0,,-0.19375679118400635
2021-03-29,121644.89549190179,0.0,0,,-0.19375679118400635
2021-03-30,121644.89549190179,0.0,0,,-0.19375679118400635
2021-03-31,121644.89549190179,0.0,0,,-0.19375679118400635
2021-04-01,123606.06910317416,0.016122120072049606,1,12.639144006271508,-0.18075844136420027
2021-04-05,125178.925070446,0.012724747083082022,1,12.842448598088412,-0.1703337997306099
2021-04-06,124051.29088205988,-0.009008179194313515,1,12.842448598088412,-0.1778075815341017
2021-04-07,126575.01666693039,0.02034421219582394,1,13.006192352148746,-0.1610807245070338
2021-04-08,128127.71627052581,0.012267030607479246,1,13.231761537197613,-0.15078967607735738
2021-04-09,128870.5292411322,0.0057974417419415225,1,13.327980022556797,-0.14586642869776056
2021-04-12,136110.5443078701,0.05618053335678441,1,14.01578184508984,-0.09788074910406563
2021-04-13,140321.20268350537,0.030935578114441586,1,14.439895090321578,-0.06997316854943292
2021-04-14,136719.09859258594,-0.025670419167115988,1,14.439895090321578,-0.09384734714943377
2021-04-15,144417.80156812852,0.05631036961766567,1,14.813235809900908,-0.042821556337390154
2021-04-16,142406.3883570072,-0.013927737365344361,1,14.813235809900908,-0.056152886312492045
2021-04-19,137477.53638569373,-0.0346111717892672,1,14.813235809900908,-0.08882054090713443
2021-04-20,135772.71748496025,-0.012400708839810815,1,14.813235809900908,-0.1001198120801613
2021-04-21,137466.36600820368,0.012474144692810274,1,14.813235809900908,-0.08889457640985599
2021-04-22,132858.1428238943,-0.03352255041087193,0,,-0.11943715390177545
2021-04-23,132858.1428238943,0.0,0,,-0.11943715390177545
2021-04-26,132858.1428238943,0.0,0,,-0.11943715390177545
2021-04-27,132858.1428238943,0.0,0,,-0.11943715390177545
2021-04-28,132858.1428238943,0.0,0,,-0.11943715390177545
2021-04-29,132858.1428238943,0.0,0,,-0.11943715390177545
2021-04-30,132858.1428238943,0.0,0,,-0.11943715390177545
2021-05-03,132858.1428238943,0.0,0,,-0.11943715390177545
2021-05-04,132858.1428238943,0.0,0,,-0.11943715390177545
2021-05-05,132858.1428238943,0.0,0,,-0.11943715390177545
2021-05-06,132858.1428238943,0.0,0,,-0.11943715390177545
2021-05-07,132858.1428238943,0.0,0,,-0.11943715390177545
2021-05-10,132858.1428238943,0.0,0,,-0.11943715390177545
2021-05-11,132858.1428238943,0.0,0,,-0.11943715390177545
2021-05-12,132858.1428238943,0.0,0,,-0.11943715390177545
2021-05-13,132858.1428238943,0.0,0,,-0.11943715390177545
2021-05-14,132858.1428238943,0.0,0,,-0.11943715390177545
2021-05-17,132858.1428238943,0.0,0,,-0.11943715390177545
2021-05-18,132858.1428238943,0.0,0,,-0.11943715390177545
2021-05-19,132858.1428238943,0.0,0,,-0.11943715390177545
2021-05-20,132858.1428238943,0.0,0,,-0.11943715390177545
2021-05-21,132858.1428238943,0.0,0,,-0.11943715390177545
2021-05-24,132858.1428238943,0.0,0,,-0.11943715390177545
2021-05-25,131664.1692515207,-0.008986830216016428,1,14.352608079613134,-0.1273506226941924
2021-05-26,132103.80821290176,0.003339093421393935,1,14.352608079613134,-0.12443676489924704
2021-05-27,130319.98677873121,-0.013503179494232964,1,14.352608079613134,-0.13625965242136384
2021-05-28,136685.35262983356,0.048844125973631636,1,14.865376963758518,-0.0940710100757246
2021-06-01,136853.68249999924,0.0012315135962046586,1,14.906613898879845,-0.09295534620743684
2021-06-02,141176.49021458311,0.031587076325723995,1,15.403128033571136,-0.06430445749725122
2021-06-03,142787.81782916808,0.011413569016596181,1,15.584272086959249,-0.05362483184437472
2021-06-04,147907.8648034754,0.03585772968694667,1,16.185462131505822,-0.019689966882211474
2021-06-07,148250.80671121005,0.002318618473671652,1,16.185462131505822,-0.01741700192949891
2021-06-08,146887.656925299,-0.009194889499430814,1,16.185462131505822,-0.026451744020776657
2021-06-09,146090.22436811702,-0.005428860217897791,1,16.185462131505822,-0.03173700141786606
2021-06-10,146652.0112151886,0.0038454787067476737,1,16.185462131505822,-0.028013566674286783
2021-06-11,150020.58991745242,0.02296987729217692,1,16.509192941476236,-0.005687157571134582
2021-06-14,151649.12100584953,0.010855383846265276,1,16.76899564666046,0.0
2021-06-15,149711.29787562936,-0.01277833407386142,1,16.76899564666046,-0.01277833407386142
2021-06-16,149894.35056888894,0.0012227046045092393,1,16.76899564666046,-0.011571253597262188
2021-06-17,157022.88700264294,0.047557072075760765,1,17.243992150280647,0.0
2021-06-18,156867.15368352697,-0.0009917873890151752,1,17.243992150280647,-0.0009917873890151752
2021-06-21,155087.1096038592,-0.011347462090495641,1,17.243992150280647,-0.012327995209712062
2021-06-22,158954.33131673053,0.024935803644477117,1,17.432216294794586,0.0
2021-06-23,160389.27500037636,0.009027395930385707,1,17.67506135933186,0.0
2021-06-24,161637.01009540347,0.0077794172648026905,1,17.881233210764233,0.0
2021-06-25,160168.41654584606,-0.009085750526383718,1,17.881233210764233,-0.009085750526383718
2021-06-28,168197.46140656102,0.05012876467075977,1,18.567519382785374,0.0
2021-06-29,168548.86007810783,0.0020892031818329215,1,18.587328671828843,0.0
2021-06-30,168344.72185374328,-0.0012111516166288805,1,18.587328671828843,-0.0012111516166288805
2021-07-01,170107.91683827294,0.010473717055777376,1,18.785815876253416,0.0
2021-07-02,172422.3317421394,0.01360556843492966,1,19.074723382004567,0.0
2021-07-06,174202.3919299287,0.010323837810356506,1,19.249729617599034,0.0
2021-07-07,171452.39731131107,-0.015786204702193718,1,19.249729617599034,-0.015786204702193718
2021-07-08,167505.18266683753,-0.023022219032064473,1,19.249729617599034,-0.03844499027191928
2021-07-09,168746.6194863398,0.0074113337852443895,1,19.249729617599034,-0.03131858514195052
2021-07-12,172636.95635363102,0.02305430994193136,1,19.249729617599034,-0.008986303568824572
2021-07-13,170427.74359158773,-0.012796870430905383,1,19.249729617599034,-0.02166817743730698
2021-07-14,166989.72277733497,-0.02017289404764766,1,19.249729617599034,-0.041403961637306086
2021-07-15,162325.78754787947,-0.027929474652008457,0,,-0.06817704539227276
2021-07-16,162325.78754787947,0.0,0,,-0.06817704539227276
2021-07-19,162325.78754787947,0.0,0,,-0.06817704539227276
2021-07-20,161061.53382948565,-0.007788372614677241,1,17.185914366050476,-0.07543442977366721
2021-07-21,167967.127180871,0.042875497253715755,1,17.712573631148775,-0.03579322120654793
2021-07-22,169559.4057348612,0.00947970344385074,1,17.867912350220692,-0.026652826885035563
2021-07-23,169247.8798153713,-0.0018372671108380922,1,17.867912350220692,-0.028441125633626885
2021-07-26,166963.31775971488,-0.013498320086187232,1,17.867912350220692,-0.041555538302399886
2021-07-27,166219.09394843515,-0.004457409095995346,1,17.867912350220692,-0.04582771736397717
2021-07-28,166928.89764390534,0.004270289764005009,0,,-0.041753125232339316
2021-07-29,166928.89764390534,0.0,0,,-0.041753125232339316
2021-07-30,166928.89764390534,0.0,0,,-0.041753125232339316
2021-08-02,166928.89764390534,0.0,0,,-0.041753125232339316
2021-08-03,166928.89764390534,0.0,0,,-0.041753125232339316
2021-08-04,166928.89764390534,0.0,0,,-0.041753125232339316
2021-08-05,166928.89764390534,0.0,0,,-0.041753125232339316
2021-08-06,165395.72689831146,-0.009184573595306778,1,18.764364853312827,-0.05055421417611561
2021-08-09,164819.12603046492,-0.003486189629318792,1,18.764364853312827,-0.0538641622282553
2021-08-10,164790.84692307038,-0.00017157661295519322,0,,-0.05402649701069573
2021-08-11,164790.84692307038,0.0,0,,-0.05402649701069573
2021-08-12,164790.84692307038,0.0,0,,-0.05402649701069573
2021-08-13,166883.4330849941,0.012698436842797367,1,18.730712001566026,-0.04201411222802609
2021-08-16,164916.00488616896,-0.011789236130006486,1,18.730712001566026,-0.05330803406818385
2021-08-17,160848.88015338525,-0.02466179517015943,1,18.730712001566026,-0.07665515742122975
2021-08-18,157393.54393530724,-0.021481879232127743,1,18.730712001566026,-0.09649033981911492
2021-08-19,160904.78615905758,0.022308680114563995,0,,-0.07633423182972121
2021-08-20,167294.16188433248,0.03970904705692768,1,19.019317863279998,-0.03965634437657428
2021-08-23,176472.24092421265,0.054861920682121035,1,20.125532112131648,0.0
2021-08-24,175146.14204960212,-0.007514489914479117,1,20.125532112131648,-0.007514489914479117
2021-08-25,178521.58675089787,0.01927216130367193,1,20.342278117495372,0.0
2021-08-26,177356.27607659012,-0.0065275617112555695,1,20.342278117495372,-0.0065275617112555695
2021-08-27,181921.16583335452,0.025738529573056113,1,20.690503720166248,0.0
2021-08-30,182339.0644103971,0.0022971410452887753,1,20.760652491657428,0.0
2021-08-31,179935.65536792987,-0.01318098812363,1,20.760652491657428,-0.01318098812363
2021-09-01,180385.77926589796,0.0025015825632095368,1,20.760652491657428,-0.010712378890476382
2021-09-02,180024.0711887794,-0.0020051917539762876,1,20.760652491657428,-0.012696090270636007
2021-09-03,183617.1713989515,0.019958998740808642,1,20.959291563397855,0.0
2021-09-07,182162.232768698,-0.007923761264638451,1,20.959291563397855,-0.007923761264638451
2021-09-08,179565.87173306147,-0.014253014997534064,1,20.959291563397855,-0.02206383877403073
2021-09-09,178263.70727341998,-0.007251736908989392,1,20.959291563397855,-0.029155574529028505
2021-09-10,180683.25204937212,0.013572839996203179,1,20.986753545712837,-0.015978458480905067
2021-09-13,178062.75663257472,-0.014503255764299339,1,20.986753545712837,-0.030249974575136562
2021-09-14,178786.18816882654,0.004062789714890158,1,20.986753545712837,-0.026310084145825918
2021-09-15,179581.9613205021,0.004450976665625328,1,20.986753545712837,-0.021976213050804216
2021-09-16,178786.18816882654,-0.0044312532607623245,1,20.986753545712837,-0.026310084145825918
2021-09-17,176037.09910862232,-0.015376406244582363,1,20.986753545712837,-0.041281935848252904
2021-09-20,168996.01859007074,-0.0399977081774503,0,,-0.07962846120264455
2021-09-21,168996.01859007074,0.0,0,,-0.07962846120264455
2021-09-22,168996.01859007074,0.0,0,,-0.07962846120264455
2021-09-23,171349.5093399558,0.013926308853428493,1,20.88452497676932,-0.0668110828934474
2021-09-24,168293.26031766183,-0.017836345339223625,1,20.88452497676932,-0.08345576268569599
2021-09-27,165084.54158752214,-0.019066234287000383,1,20.88452497676932,-0.10093080984873071
2021-09-28,161442.76929024077,-0.022060044279498037,0,,-0.12076431599380011
2021-09-29,161442.76929024077,0.0,0,,-0.12076431599380011
2021-09-30,161442.76929024077,0.0,0,,-0.12076431599380011
2021-10-01,161442.76929024077,0.0,0,,-0.12076431599380011
2021-10-04,161442.76929024077,0.0,0,,-0.12076431599380011
2021-10-05,161442.76929024077,0.0,0,,-0.12076431599380011
2021-10-06,161442.76929024077,0.0,0,,-0.12076431599380011
2021-10-07,161442.76929024077,0.0,0,,-0.12076431599380011
2021-10-08,161442.76929024077,0.0,0,,-0.12076431599380011
2021-10-11,161442.76929024077,0.0,0,,-0.12076431599380011
2021-10-12,161442.76929024077,0.0,0,,-0.12076431599380011
2021-10-13,161442.76929024077,0.0,0,,-0.12076431599380011
2021-10-14,161442.76929024077,0.0,0,,-0.12076431599380011
2021-10-15,161442.76929024077,0.0,0,,-0.12076431599380011
2021-10-18,161442.76929024077,0.0,0,,-0.12076431599380011
2021-10-19,161302.29263968478,-0.0008701328103672967,1,20.708646246746692,-0.12152936781049961
2021-10-20,159949.0356946886,-0.008389570432325355,1,20.708646246746692,-0.1288993590519828
2021-10-21,164211.345707532,0.02664792566164209,1,21.13175286781135,-0.10568633392819116
2021-10-22,164457.39494260144,0.0014983692753343103,1,21.275639534212853,-0.10434632180843773
2021-10-25,167641.4531747465,0.01936099153982318,1,21.765280407763754,-0.08700557852235935
2021-10-26,178865.30310248965,0.06695151894229645,1,23.052589808216393,-0.02587921521858816
2021-10-27,176940.39158337697,-0.01076179385115128,1,23.052589808216393,-0.0363625022905274
2021-10-28,180486.25352807605,0.020039867172036985,1,23.230645176502954,-0.01705133483443544
2021-10-29,185016.35395671037,0.02509942081505745,1,23.81615579235087,0.0
2021-11-01,186897.85235380914,0.010169362636661905,1,24.050743021952307,0.0
2021-11-02,191051.66418133234,0.022225037769079137,1,24.52337695652963,0.0
2021-11-03,192477.20709025595,0.007461557139698982,1,24.76724747784699,0.0
2021-11-04,215655.8537503294,0.12042281270843969,1,27.159187444747964,0.0
2021-11-05,215301.25093839655,-0.0016442994973991931,1,27.159187444747964,-0.0016442994973991931
2021-11-08,222914.08461870524,0.035358984897337686,1,27.740813133909782,0.0
2021-11-09,221850.3038786782,-0.00477215579197976,1,27.740813133909782,-0.00477215579197976
2021-11-10,213180.93190262106,-0.039077575394253716,1,27.740813133909782,-0.043663246908479336
2021-11-11,219918.149915287,0.031603286243928386,1,27.740813133909782,-0.013439862754938914
2021-11-12,219918.149915287,0.0,1,27.740813133909782,-0.013439862754938914
2021-11-15,217276.84571957326,-0.012010396580414917,1,27.740813133909782,-0.025288841253680694
2021-11-16,218564.90681817665,0.005928202309535502,1,27.740813133909782,-0.019510556311270633
2021-11-17,211748.1050057615,-0.031188912765790167,1,27.740813133909782,-0.05009095603825642
2021-11-18,229217.08832391747,0.08249888856233523,1,27.740813133909782,0.0
2021-11-19,238696.97705642527,0.041357687604474336,1,28.457141260025296,0.0
2021-11-22,231250.55341989355,-0.031196137162522453,1,28.457141260025296,-0.031196137162522453
2021-11-23,229730.8725832346,-0.006571577080291768,1,28.457141260025296,-0.03756270642284332
2021-11-24,236446.33556729325,0.029231869920424147,1,28.457141260025296,-0.009428864650430802
2021-11-26,227972.3849557847,-0.03583879018965308,1,28.457141260025296,-0.04492973573815051
2021-11-29,241526.37708509422,0.059454534951407956,1,28.866253182078506,0.0
2021-11-30,236460.82045585036,-0.02097309904772504,1,28.866253182078506,-0.02097309904772504
2021-12-01,227508.18997555267,-0.03786094653244787,1,28.866253182078506,-0.0580399841985072
2021-12-02,232509.16006537937,0.021981494777678412,1,28.866253182078506,-0.03733429503038466
2021-12-03,222138.03525003532,-0.04460523109036996,1,28.866253182078506,-0.08027422126332828
2021-12-06,209262.7252776607,-0.05796085284486452,0,,-0.13358231178231283
2021-12-07,209262.7252776607,0.0,0,,-0.13358231178231283
2021-12-08,209262.7252776607,0.0,0,,-0.13358231178231283
2021-12-09,209262.7252776607,0.0,0,,-0.13358231178231283
2021-12-10,209262.7252776607,0.0,0,,-0.13358231178231283
2021-12-13,209262.7252776607,0.0,0,,-0.13358231178231283
2021-12-14,209262.7252776607,0.0,0,,-0.13358231178231283
2021-12-15,209262.7252776607,0.0,0,,-0.13358231178231283
2021-12-16,190403.2984607387,-0.0901232017880792,1,26.478459418545743,-0.21166664793031653
2021-12-17,187425.36185203365,-0.015640152417417896,0,,-0.22399630171242035
2021-12-20,187425.36185203365,0.0,0,,-0.22399630171242035
2021-12-21,187425.36185203365,0.0,0,,-0.22399630171242035
2021-12-22,187425.36185203365,0.0,0,,-0.22399630171242035
2021-12-23,187425.36185203365,0.0,0,,-0.22399630171242035
2021-12-27,187425.36185203365,0.0,0,,-0.22399630171242035
2021-12-28,187425.36185203365,0.0,0,,-0.22399630171242035
2021-12-29,187425.36185203365,0.0,0,,-0.22399630171242035
2021-12-30,187425.36185203365,0.0,0,,-0.22399630171242035
2021-12-31,187425.36185203365,0.0,0,,-0.22399630171242035
2022-01-03,187425.36185203365,0.0,0,,-0.22399630171242035
2022-01-04,187425.36185203365,0.0,0,,-0.22399630171242035
2022-01-05,187425.36185203365,0.0,0,,-0.22399630171242035
2022-01-06,187425.36185203365,0.0,0,,-0.22399630171242035
2022-01-07,187425.36185203365,0.0,0,,-0.22399630171242035
2022-01-10,187425.36185203365,0.0,0,,-0.22399630171242035
2022-01-11,187425.36185203365,0.0,0,,-0.22399630171242035
2022-01-12,187425.36185203365,0.0,0,,-0.22399630171242035
2022-01-13,187425.36185203365,0.0,0,,-0.22399630171242035
2022-01-14,187425.36185203365,0.0,0,,-0.22399630171242035
2022-01-18,187425.36185203365,0.0,0,,-0.22399630171242035
2022-01-19,187425.36185203365,0.0,0,,-0.22399630171242035
2022-01-20,187425.36185203365,0.0,0,,-0.22399630171242035
2022-01-21,187425.36185203365,0.0,0,,-0.22399630171242035
2022-01-24,187425.36185203365,0.0,0,,-0.22399630171242035
2022-01-25,187425.36185203365,0.0,0,,-0.22399630171242035
2022-01-26,187425.36185203365,0.0,0,,-0.22399630171242035
2022-01-27,187425.36185203365,0.0,0,,-0.22399630171242035
2022-01-28,187425.36185203365,0.0,0,,-0.22399630171242035
2022-01-31,187425.36185203365,0.0,0,,-0.22399630171242035
2022-02-01,187425.36185203365,0.0,0,,-0.22399630171242035
2022-02-02,187425.36185203365,0.0,0,,-0.22399630171242035
2022-02-03,187425.36185203365,0.0,0,,-0.22399630171242035
2022-02-04,187425.36185203365,0.0,0,,-0.22399630171242035
2022-02-07,187425.36185203365,0.0,0,,-0.22399630171242035
2022-02-08,187425.36185203365,0.0,0,,-0.22399630171242035
2022-02-09,187425.36185203365,0.0,0,,-0.22399630171242035
2022-02-10,187425.36185203365,0.0,0,,-0.22399630171242035
2022-02-11,187425.36185203365,0.0,0,,-0.22399630171242035
2022-02-14,187425.36185203365,0.0,0,,-0.22399630171242035
2022-02-15,187425.36185203365,0.0,0,,-0.22399630171242035
2022-02-16,188940.60983044258,0.00808454076564713,1,22.832797167152304,-0.2177226681793215
2022-02-17,174658.34362548997,-0.07559129939174891,1,22.832797167152304,-0.2768560281763569
2022-02-18,168493.56844899122,-0.0352961962682844,1,22.832797167152304,-0.30238025973607097
2022-02-22,166697.56186575073,-0.01065919963457962,1,22.832797167152304,-0.30981632781656765
2022-02-23,162995.7092859644,-0.022206998940797917,0,,-0.3251432358937012
2022-02-24,162995.7092859644,0.0,0,,-0.3251432358937012
2022-02-25,162995.7092859644,0.0,0,,-0.3251432358937012
2022-02-28,162995.7092859644,0.0,0,,-0.3251432358937012
2022-03-01,162995.7092859644,0.0,0,,-0.3251432358937012
2022-03-02,162995.7092859644,0.0,0,,-0.3251432358937012
2022-03-03,162995.7092859644,0.0,0,,-0.3251432358937012
2022-03-04,162995.7092859644,0.0,0,,-0.3251432358937012
2022-03-07,162995.7092859644,0.0,0,,-0.3251432358937012
2022-03-08,162995.7092859644,0.0,0,,-0.3251432358937012
2022-03-09,162995.7092859644,0.0,0,,-0.3251432358937012
2022-03-10,162995.7092859644,0.0,0,,-0.3251432358937012
2022-03-11,162995.7092859644,0.0,0,,-0.3251432358937012
2022-03-14,162995.7092859644,0.0,0,,-0.3251432358937012
2022-03-15,162995.7092859644,0.0,0,,-0.3251432358937012
2022-03-16,162995.7092859644,0.0,0,,-0.3251432358937012
2022-03-17,162995.7092859644,0.0,0,,-0.3251432358937012
2022-03-18,162995.7092859644,0.0,0,,-0.3251432358937012
2022-03-21,164145.34553845334,0.0070531688074806365,1,23.279610475959654,-0.3203833572155894
2022-03-22,162855.95004033638,-0.007855205969363954,1,23.279610475959654,-0.3257218859248685
2022-03-23,157391.43288383636,-0.03355429847755986,1,23.279610475959654,-0.3483468150214316
2022-03-24,172839.51222603797,0.0981507001947377,1,24.369853065557354,-0.28438659863165416
2022-03-25,170027.44533689224,-0.016269815003111865,1,24.369853065557354,-0.2960294962856649
2022-03-28,173263.1910506768,0.019030725935881954,1,24.669212272268066,-0.2826324265625325
2022-03-29,175946.35715186616,0.015486071132122747,1,25.236660867579328,-0.2715232212924016
2022-03-30,170015.14725734145,-0.03371033075385166,1,25.236660867579328,-0.296080414449135
2022-03-31,167534.64692937967,-0.014589878419522195,1,25.236660867579328,-0.3063505156194427
2022-04-01,164010.28983771318,-0.021036586498744403,1,25.236660867579328,-0.3209425329974237
2022-04-04,167988.99460378653,0.02425887284273598,1,25.236660867579328,-0.3044693642524978
2022-04-05,159214.96674823077,-0.05222977776758475,1,25.236660867579328,-0.34079677478813675
2022-04-06,152863.80509570098,-0.03989048129233341,0,,-0.3670927087112964
2022-04-07,152863.80509570098,0.0,0,,-0.3670927087112964
2022-04-08,152863.80509570098,0.0,0,,-0.3670927087112964
2022-04-11,152863.80509570098,0.0,0,,-0.3670927087112964
2022-04-12,152863.80509570098,0.0,0,,-0.3670927087112964
2022-04-13,152863.80509570098,0.0,0,,-0.3670927087112964
2022-04-14,152863.80509570098,0.0,0,,-0.3670927087112964
2022-04-18,152863.80509570098,0.0,0,,-0.3670927087112964
2022-04-19,152863.80509570098,0.0,0,,-0.3670927087112964
2022-04-20,152863.80509570098,0.0,0,,-0.3670927087112964
2022-04-21,152863.80509570098,0.0,0,,-0.3670927087112964
2022-04-22,152863.80509570098,0.0,0,,-0.3670927087112964
2022-04-25,152863.80509570098,0.0,0,,-0.3670927087112964
2022-04-26,152863.80509570098,0.0,0,,-0.3670927087112964
2022-04-27,152863.80509570098,0.0,0,,-0.3670927087112964
2022-04-28,152863.80509570098,0.0,0,,-0.3670927087112964
2022-04-29,152863.80509570098,0.0,0,,-0.3670927087112964
2022-05-02,152863.80509570098,0.0,0,,-0.3670927087112964
2022-05-03,152863.80509570098,0.0,0,,-0.3670927087112964
2022-05-04,152863.80509570098,0.0,0,,-0.3670927087112964
2022-05-05,152863.80509570098,0.0,0,,-0.3670927087112964
2022-05-06,152863.80509570098,0.0,0,,-0.3670927087112964
2022-05-09,152863.80509570098,0.0,0,,-0.3670927087112964
2022-05-10,152863.80509570098,0.0,0,,-0.3670927087112964
2022-05-11,152863.80509570098,0.0,0,,-0.3670927087112964
2022-05-12,152863.80509570098,0.0,0,,-0.3670927087112964
2022-05-13,152863.80509570098,0.0,0,,-0.3670927087112964
2022-05-16,152863.80509570098,0.0,0,,-0.3670927087112964
2022-05-17,152863.80509570098,0.0,0,,-0.3670927087112964
2022-05-18,152863.80509570098,0.0,0,,-0.3670927087112964
2022-05-19,152863.80509570098,0.0,0,,-0.3670927087112964
2022-05-20,152863.80509570098,0.0,0,,-0.3670927087112964
2022-05-23,152863.80509570098,0.0,0,,-0.3670927087112964
2022-05-24,152863.80509570098,0.0,0,,-0.3670927087112964
2022-05-25,152863.80509570098,0.0,0,,-0.3670927087112964
2022-05-26,152863.80509570098,0.0,0,,-0.3670927087112964
2022-05-27,152863.80509570098,0.0,0,,-0.3670927087112964
2022-05-31,150157.96499522874,-0.01770098617379201,1,15.864374797823164,-0.3782957919236899
2022-06-01,150350.29658104997,0.001280861696729474,0,,-0.3774994748168695
2022-06-02,150350.29658104997,0.0,0,,-0.3774994748168695
2022-06-03,150350.29658104997,0.0,0,,-0.3774994748168695
2022-06-06,150350.29658104997,0.0,0,,-0.3774994748168695
2022-06-07,153814.84852414622,0.023043199926304103,1,16.048934714608507,-0.3631550707608453
2022-06-08,151587.55117145553,-0.01448037932658397,1,16.048934714608507,-0.37237682690843976
2022-06-09,146710.21525439955,-0.0321750426031977,1,16.048934714608507,-0.39257062924141484
2022-06-10,137979.7929805193,-0.059507937185842574,1,16.048934714608507,-0.4287174980813526
2022-06-13,129867.15820663687,-0.0587958178414415,0,,-0.46230652000016437
2022-06-14,129867.15820663687,0.0,0,,-0.46230652000016437
2022-06-15,129867.15820663687,0.0,0,,-0.46230652000016437
2022-06-16,129867.15820663687,0.0,0,,-0.46230652000016437
2022-06-17,129867.15820663687,0.0,0,,-0.46230652000016437
2022-06-21,129867.15820663687,0.0,0,,-0.46230652000016437
2022-06-22,129867.15820663687,0.0,0,,-0.46230652000016437
2022-06-23,129867.15820663687,0.0,0,,-0.46230652000016437
2022-06-24,134592.34663814594,0.03638478347228191,1,14.86959750069047,-0.4427426591559126
2022-06-27,132572.62629555326,-0.01500620498149674,1,14.86959750069047,-0.4511049770400627
2022-06-28,132617.00726526344,0.00033476722118508384,0,,-0.45092122497850406
2022-06-29,132617.00726526344,0.0,0,,-0.45092122497850406
2022-06-30,132617.00726526344,0.0,0,,-0.45092122497850406
2022-07-01,132617.00726526344,0.0,0,,-0.45092122497850406
2022-07-05,132617.00726526344,0.0,0,,-0.45092122497850406
2022-07-06,132617.00726526344,0.0,0,,-0.45092122497850406
2022-07-07,132617.00726526344,0.0,0,,-0.45092122497850406
2022-07-08,132617.00726526344,0.0,0,,-0.45092122497850406
2022-07-11,132617.00726526344,0.0,0,,-0.45092122497850406
2022-07-12,132617.00726526344,0.0,0,,-0.45092122497850406
2022-07-13,132617.00726526344,0.0,0,,-0.45092122497850406
2022-07-14,132617.00726526344,0.0,0,,-0.45092122497850406
2022-07-15,132617.00726526344,0.0,0,,-0.45092122497850406
2022-07-18,132617.00726526344,0.0,0,,-0.45092122497850406
2022-07-19,136482.66263739587,0.02914901679541204,1,15.029562066853194,-0.4349161185433983
2022-07-20,143028.88636378536,0.04796377503112881,1,15.78532146506144,-0.4078125623794968
2022-07-21,144980.6999203481,0.013646289264942046,1,16.046524495606246,-0.3997314013066626
2022-07-22,139109.18988387886,-0.04049856318596212,1,16.046524495606246,-0.4240414170793937
2022-07-25,136739.6649671091,-0.017033561325083713,1,16.046524495606246,-0.4338520429222802
2022-07-26,135451.87270442082,-0.00941783982722233,0,,-0.4391839337005473
2022-07-27,135451.87270442082,0.0,0,,-0.4391839337005473
2022-07-28,135316.70926127644,-0.0009978706122383274,1,15.881976953674336,-0.43974355557197853
2022-07-29,136663.58894854065,0.009953535632200472,1,16.10436306633163,-0.4341670230891944
2022-08-01,138755.33239105035,0.01530578450780573,1,16.327812942479135,-0.4255065054771874
2022-08-02,139394.92394934807,0.004609491738271965,1,16.4239780102843,-0.42285838246049356
2022-08-03,142156.30793815645,0.019809788696550923,1,16.774643303322904,-0.41142532896905026
2022-08-04,144579.13711723202,0.017043416603993444,1,17.0772327377018,-0.40139400564811145
2022-08-05,142878.66373495676,-0.01176154053884293,1,17.0772327377018,-0.40843453431747556
2022-08-08,133879.58187106493,-0.06298408473769979,1,17.0772327377018,-0.4456937437359205
2022-08-09,128657.42056281894,-0.03900640587057769,0,,-0.46731523854435764
2022-08-10,128657.42056281894,0.0,0,,-0.46731523854435764
2022-08-11,128657.42056281894,0.0,0,,-0.46731523854435764
2022-08-12,128657.42056281894,0.0,0,,-0.46731523854435764
2022-08-15,128657.42056281894,0.0,0,,-0.46731523854435764
2022-08-16,128657.42056281894,0.0,0,,-0.46731523854435764
2022-08-17,128657.42056281894,0.0,0,,-0.46731523854435764
2022-08-18,128657.42056281894,0.0,0,,-0.46731523854435764
2022-08-19,128657.42056281894,0.0,0,,-0.46731523854435764
2022-08-22,128657.42056281894,0.0,0,,-0.46731523854435764
2022-08-23,128657.42056281894,0.0,0,,-0.46731523854435764
2022-08-24,128657.42056281894,0.0,0,,-0.46731523854435764
2022-08-25,128657.42056281894,0.0,0,,-0.46731523854435764
2022-08-26,128657.42056281894,0.0,0,,-0.46731523854435764
2022-08-29,128657.42056281894,0.0,0,,-0.46731523854435764
2022-08-30,128657.42056281894,0.0,0,,-0.46731523854435764
2022-08-31,128657.42056281894,0.0,0,,-0.46731523854435764
2022-09-01,128657.42056281894,0.0,0,,-0.46731523854435764
2022-09-02,128657.42056281894,0.0,0,,-0.46731523854435764
2022-09-06,128657.42056281894,0.0,0,,-0.46731523854435764
2022-09-07,128657.42056281894,0.0,0,,-0.46731523854435764
2022-09-08,128657.42056281894,0.0,0,,-0.46731523854435764
2022-09-09,128657.42056281894,0.0,0,,-0.46731523854435764
2022-09-12,128657.42056281894,0.0,0,,-0.46731523854435764
2022-09-13,128657.42056281894,0.0,0,,-0.46731523854435764
2022-09-14,128657.42056281894,0.0,0,,-0.46731523854435764
2022-09-15,128657.42056281894,0.0,0,,-0.46731523854435764
2022-09-16,128657.42056281894,0.0,0,,-0.46731523854435764
2022-09-19,128657.42056281894,0.0,0,,-0.46731523854435764
2022-09-20,128657.42056281894,0.0,0,,-0.46731523854435764
2022-09-21,128657.42056281894,0.0,0,,-0.46731523854435764
2022-09-22,128657.42056281894,0.0,0,,-0.46731523854435764
2022-09-23,128657.42056281894,0.0,0,,-0.46731523854435764
2022-09-26,128657.42056281894,0.0,0,,-0.46731523854435764
2022-09-27,128657.42056281894,0.0,0,,-0.46731523854435764
2022-09-28,128657.42056281894,0.0,0,,-0.46731523854435764
2022-09-29,128657.42056281894,0.0,0,,-0.46731523854435764
2022-09-30,128657.42056281894,0.0,0,,-0.46731523854435764
2022-10-03,128657.42056281894,0.0,0,,-0.46731523854435764
2022-10-04,128657.42056281894,0.0,0,,-0.46731523854435764
2022-10-05,128657.42056281894,0.0,0,,-0.46731523854435764
2022-10-06,128657.42056281894,0.0,0,,-0.46731523854435764
2022-10-07,128657.42056281894,0.0,0,,-0.46731523854435764
2022-10-10,128657.42056281894,0.0,0,,-0.46731523854435764
2022-10-11,128657.42056281894,0.0,0,,-0.46731523854435764
2022-10-12,128657.42056281894,0.0,0,,-0.46731523854435764
2022-10-13,128657.42056281894,0.0,0,,-0.46731523854435764
2022-10-14,128657.42056281894,0.0,0,,-0.46731523854435764
2022-10-17,128657.42056281894,0.0,0,,-0.46731523854435764
2022-10-18,128657.42056281894,0.0,0,,-0.46731523854435764
2022-10-19,128657.42056281894,0.0,0,,-0.46731523854435764
2022-10-20,128657.42056281894,0.0,0,,-0.46731523854435764
2022-10-21,128657.42056281894,0.0,0,,-0.46731523854435764
2022-10-24,128657.42056281894,0.0,0,,-0.46731523854435764
2022-10-25,134202.82212916244,0.04310207325846305,1,11.39543360009327,-0.44435542093242975
2022-10-26,130509.00900789398,-0.027524109125763196,1,11.39543360009327,-0.4596490429618243
2022-10-27,133342.65684662285,0.021712277644813538,1,11.39543360009327,-0.4479167929569706
2022-10-28,140001.68137532318,0.049939191899857516,1,11.960963648959162,-0.42034620373576015
2022-10-31,136591.2069148481,-0.02436023929835618,1,11.960963648959162,-0.4344667089229576
2022-11-01,137056.72986735182,0.0034081472959963666,1,11.960963648959162,-0.43253928816617737
2022-11-02,133777.81897557975,-0.023923749639623737,1,11.960963648959162,-0.44611507616641244
2022-11-03,135822.07572687583,0.015280984298819078,1,11.960963648959162,-0.4376511693419589
2022-11-04,143260.3613932787,0.05476492408612943,1,12.325809293754542,-0.40685417832104764
2022-11-07,144727.77217239924,0.010242964382116915,1,12.544552354894877,-0.4007786067961887
2022-11-08,147773.9361007414,0.021047542448961343,1,12.816486534790723,-0.38816646908640573
2022-11-09,139414.72480384668,-0.05656756203066848,1,12.816486534790723,-0.4227764002988035
2022-11-10,159391.817740377,0.14329256084418374,1,13.692492923260692,-0.340064552517921
2022-11-11,165231.16775981485,0.03663519308719576,1,14.221578775936061,-0.31588768997433003
2022-11-14,164907.35767617368,-0.0019597397272642647,1,14.221578775936061,-0.3172283720461978
2022-11-15,168661.8827693212,0.02276748076044144,1,14.57042778014532,-0.3016833821429843
2022-11-16,161011.06166287576,-0.04536188604576097,1,14.57042778014532,-0.3333603409860755
2022-11-17,158653.05705116625,-0.01464498517901014,1,14.57042778014532,-0.3431232689120748
2022-11-18,155940.88153226872,-0.017095009508848236,1,14.57042778014532,-0.3543525828761641
2022-11-21,155009.82595204658,-0.005970567634821733,1,14.57042778014532,-0.35820746444834994
2022-11-22,162306.43745044546,0.047071928850859646,1,14.57042778014532,-0.3279970518778498
2022-11-23,167174.2024155255,0.029991200851575917,1,14.57042778014532,-0.30784287648786723
2022-11-25,164654.2927619954,-0.015073555710866549,1,14.57042778014532,-0.31827614544980054
2022-11-28,160171.0788780795,-0.027228041302247097,1,14.57042778014532,-0.33683815071822043
2022-11-29,158268.47694435815,-0.01187856101768292,1,14.57042778014532,-0.34471555920951347
2022-11-30,171306.52529001702,0.08237931265518283,1,14.894460134005291,-0.2907336773835574
2022-12-01,173452.5652993478,0.01252748548660132,1,15.349467473071043,-0.28184835382084483
2022-12-02,170830.7562852073,-0.015115423687252716,1,15.349467473071043,-0.2927035202245407
2022-12-05,168138.12469988677,-0.015761983637332166,1,15.349467473071043,-0.3038519157655042
2022-12-06,161831.70369360244,-0.03750738279935495,1,15.349467473071043,-0.32996260844592507
2022-12-07,163178.02916147735,0.008319293668340277,1,15.349467473071043,-0.324388370616818
2022-12-08,173796.75138502519,0.06507446056380406,1,15.38482511449566,-0.2804233082840747
2022-12-09,172096.13890738654,-0.00978506481902619,1,15.38482511449566,-0.2874644128547753
2022-12-12,177501.62327662954,0.03140967835514297,1,15.73747971651996,-0.265083899245951
2022-12-13,182937.54587113654,0.03062463595634446,1,16.21641100036686,-0.242577361201902
2022-12-14,178908.72844288603,-0.022022911748736718,1,16.21641100036686,-0.25925801313264774
2022-12-15,171600.09065268704,-0.04085120862357572,1,16.21641100036686,-0.28951821857440796
2022-12-16,167743.3372416313,-0.022475241104981003,1,16.21641100036686,-0.30548646791264455
2022-12-19,164271.92026873672,-0.020694812860996392,0,,-0.319859295488622
2022-12-20,164271.92026873672,0.0,0,,-0.319859295488622
2022-12-21,164271.92026873672,0.0,0,,-0.319859295488622
2022-12-22,164271.92026873672,0.0,0,,-0.319859295488622
2022-12-23,164271.92026873672,0.0,0,,-0.319859295488622
2022-12-27,164271.92026873672,0.0,0,,-0.319859295488622
2022-12-28,164271.92026873672,0.0,0,,-0.319859295488622
2022-12-29,164271.92026873672,0.0,0,,-0.319859295488622
2022-12-30,164271.92026873672,0.0,0,,-0.319859295488622
2023-01-03,164271.92026873672,0.0,0,,-0.319859295488622
2023-01-04,164271.92026873672,0.0,0,,-0.319859295488622
2023-01-05,164271.92026873672,0.0,0,,-0.319859295488622
2023-01-06,164271.92026873672,0.0,0,,-0.319859295488622
2023-01-09,164271.92026873672,0.0,0,,-0.319859295488622
2023-01-10,164271.92026873672,0.0,0,,-0.319859295488622
2023-01-11,164271.92026873672,0.0,0,,-0.319859295488622
2023-01-12,164271.92026873672,0.0,0,,-0.319859295488622
2023-01-13,164271.92026873672,0.0,0,,-0.319859295488622
2023-01-17,164271.92026873672,0.0,0,,-0.319859295488622
2023-01-18,161333.44110988584,-0.01788789681184555,1,15.749327746029309,-0.33202558222845746
2023-01-19,155651.44242318402,-0.03521897659662354,1,15.749327746029309,-0.3555509576150967
2023-01-20,165622.7907976815,0.06406203642743913,1,15.893686633792647,-0.3142662395862067
2023-01-23,178193.74235451568,0.0759010972843126,1,17.060985559199434,-0.26221829472590186
2023-01-24,178862.2117442594,0.003751362875660469,1,17.172915220893238,-0.2594506078263952
2023-01-25,179400.69653794623,0.003010612406251445,1,17.199070589248542,-0.2572211006388754
2023-01-26,183847.84156210753,0.024788894970765307,1,17.62586820512191,-0.23880843251611183
2023-01-27,189074.92965813068,0.02843159893317182,1,18.143613133029184,-0.21716653915809747
2023-01-30,177905.9091788124,-0.05907192719581156,1,18.143613133029184,-0.26341002036339556
2023-01-31,181387.57604547843,0.019570271064839107,1,18.143613133029184,-0.24899475479826283
2023-02-01,194441.26668106025,0.07196573723609889,1,18.461087941857215,-0.19494810865914247
2023-02-02,201553.0426811072,0.03657544574481886,1,19.20685911658934,-0.1655029768856412
2023-02-03,195898.90797799485,-0.028052837247702578,1,19.20685911658934,-0.1889129860587606
2023-02-06,195796.8051132877,-0.0005212018063858181,1,19.20685911658934,-0.18933572607556293
2023-02-07,205860.95652612235,0.0514009991481299,1,19.539227570704135,-0.14766677242215365
2023-02-08,206158.07178043536,0.001443281228878046,1,19.539227570704135,-0.14643661587404155
2023-02-09,207383.60786884566,0.005944642757987895,1,19.6969865789768,-0.14136248648411365
2023-02-10,197430.80590380743,-0.047992230761712995,1,19.6969865789768,-0.1825704161734315
2023-02-13,202286.52211663962,0.024594521562141702,1,19.6969865789768,-0.16246612664847648
2023-02-14,213269.83003272206,0.05429579687839703,1,20.079597609051476,-0.11699155758220503
2023-02-15,211348.0138142593,-0.009011195902242308,1,20.079597609051476,-0.12494851964016562
2023-02-16,204273.38387641156,-0.03347384160451672,1,20.079597609051476,-0.15423985428952858
2023-02-17,198572.75004144927,-0.027906885012544125,1,20.079597609051476,-0.17784238542406317
2023-02-21,191767.40686984558,-0.03427128430352688,1,20.079597609051476,-0.20601878277550456
2023-02-22,192686.54562533312,0.004792987351137201,1,20.079597609051476,-0.20221324084430714
2023-02-23,219703.87231217578,0.1402138722200985,1,20.689991436676955,-0.09035247013716419
2023-02-24,216194.34146192027,-0.0159739144026958,1,20.689991436676955,-0.10488310191581685
2023-02-27,218190.48530030198,0.009233099371998676,1,20.689991436676955,-0.09661839864625044
2023-02-28,215544.45397715628,-0.012127161821487653,1,20.689991436676955,-0.1075738535124221
2023-03-01,210735.23689617403,-0.022311950004948566,1,20.689991436676955,-0.12748562107596184
2023-03-02,216454.34614955456,0.027138837043176878,1,20.689991436676955,-0.10380659552851368
2023-03-03,221802.11901526464,0.02470623926403004,1,21.237985550499083,-0.08166502685079546
2023-03-06,218682.6306919811,-0.014064285486239503,1,21.237985550499083,-0.09458075208516403
2023-03-07,216249.67897837376,-0.011125491338332183,1,21.237985550499083,-0.10465398608539977
2023-03-08,224542.00049460214,0.03834605237521593,1,21.72427937013395,-0.07032100094188953
2023-03-09,217623.99454094368,-0.030809407319878024,1,21.72427937013395,-0.09896385990060741
2023-03-10,213250.36073972992,-0.020097203943156616,1,21.72427937013395,-0.11707216696833955
2023-03-13,213259.6250705794,4.344344749229734e-05,1,21.72427937013395,-0.11703380953938591
2023-03-14,223446.23602912578,0.047766242462327524,1,21.72427937013395,-0.07485783239980648
2023-03-15,224978.43566686256,0.00685712887791512,1,22.02136494602043,-0.06851401332617812
2023-03-16,237170.77425432455,0.054193365472217314,1,23.157545598207786,-0.018033652818114754
2023-03-17,238879.3866289272,0.007204143849403932,1,23.294105697016025,-0.010959425997742911
2023-03-20,240504.42480052167,0.006802755962023621,1,23.419722979422787,-0.004231224336265771
2023-03-21,243280.88441373044,0.011544318219973038,1,23.671218110088844,0.0
2023-03-22,245778.7929298457,0.01026759057595017,1,23.860872090592114,0.0
2023-03-23,252492.50441528857,0.027316073146145037,1,24.535858118923088,0.0
2023-03-24,248666.72622517264,-0.01515204658837499,1,24.535858118923088,-0.01515204658837499
2023-03-27,246363.7946031427,-0.009261116905301514,1,24.535858118923088,-0.024272838618866976
2023-03-28,245240.25489287812,-0.004560490359691305,1,24.535858118923088,-0.028722632932034586
2023-03-29,250570.3509893811,0.02173418103333491,1,24.535858118923088,-0.007612714802598619
2023-03-30,254275.37341876916,0.014786356066305073,1,24.94022049095734,0.0
2023-03-31,257934.02095062897,0.014388524860542873,1,25.38188654963669,0.0
2023-04-03,259679.7971351911,0.0067683052360754115,1,25.674468011932344,0.0
2023-04-04,254925.40288561513,-0.01830867977419437,1,25.674468011932344,-0.01830867977419437
2023-04-05,249613.88869409187,-0.020835562605373337,1,25.674468011932344,-0.03876277073591072
2023-04-06,251062.49638106022,0.005803393771664833,1,25.674468011932344,-0.033184332586507104
2023-04-10,256095.4417277297,0.02004658369615875,1,25.674468011932344,-0.013802981390944935
2023-04-11,252288.209947073,-0.014866456641990489,1,25.674468011932344,-0.028464236608556792
2023-04-12,246029.51553887024,-0.024807716577464056,1,25.674468011932344,-0.05256582047164193
2023-04-13,245732.40028455722,-0.001207640691655465,1,25.674468011932344,-0.0537099805395056
2023-04-14,248471.7138355668,0.011147547282480685,1,25.674468011932344,-0.043161167804630196
2023-04-17,250737.48164763724,0.009118815888917942,1,25.674468011932344,-0.03443593065847328
2023-04-18,256912.58410507155,0.02462775974639575,1,25.73598206367356,-0.010656250738978024
2023-04-19,259364.06448037783,0.009542079785020086,1,25.981621641727607,-0.001215853748718465
2023-04-20,251684.64411655648,-0.02960865214387609,1,25.981621641727607,-0.030788506101890878
2023-04-21,251823.9107912231,0.0005533379883206901,1,25.981621641727607,-0.030252204563600116
2023-04-24,250463.3806053977,-0.005402704538860825,0,,-0.03549146537955461
2023-04-25,242357.84554820295,-0.03236215624656491,1,25.08082501028302,-0.06670504127808685
2023-04-26,249012.25225923405,0.02745694778718266,0,,-0.04107961032641849
2023-04-27,247394.40642492543,-0.00649705313545923,1,25.301088048517627,-0.04730976705080303
2023-04-28,252146.74597788855,0.01920956751463687,1,25.69484994414963,-0.02900899970043025
2023-05-01,262696.38369221863,0.0418392776532408,1,26.738528519966422,0.0
2023-05-02,256335.7154848477,-0.024213002546785156,1,26.738528519966422,-0.024213002546785156
2023-05-03,252628.35190734803,-0.014462922462784245,1,26.738528519966422,-0.03832573423114405
2023-05-04,250447.55286771167,-0.008632439800090874,1,26.738528519966422,-0.046627329437690324
2023-05-05,260606.46647541094,0.040563038014850505,1,26.738528519966422,-0.007955637559351691
2023-05-08,264886.3178051987,0.01642265975848911,1,26.893145292988077,0.0
2023-05-09,259616.0230670566,-0.019896440034392282,1,26.893145292988077,-0.019896440034392282
2023-05-10,262469.20518573635,0.010990007800646406,1,26.893145292988077,-0.009125094264928912
2023-05-11,259679.6386063307,-0.010628167130813049,1,26.893145292988077,-0.0196562783688099
2023-05-12,257516.98814396476,-0.008328147997943236,1,26.893145292988077,-0.027820725971408944
2023-05-15,263087.12516590906,0.02163017306970949,1,26.893145292988077,-0.0067923200193859
2023-05-16,265449.63575002394,0.008979955148413321,1,27.029680092519303,0.0
2023-05-17,274218.33360469225,0.033033376858448094,1,27.972035646870335,0.0
2023-05-18,287848.3666783035,0.049705039391203076,1,29.297351088902744,0.0
2023-05-19,284086.4879007543,-0.013068959956105797,1,29.297351088902744,-0.013068959956105797
2023-05-22,283286.8737431627,-0.0028146856385191654,1,29.297351088902744,-0.01584686058072604
2023-05-23,278852.5424183317,-0.015653147871762307,1,29.297351088902744,-0.03125195520051516
2023-05-24,277489.5582147362,-0.004887831366984008,1,29.297351088902744,-0.035987032280590414
2023-05-25,345112.7201595677,0.24369623988698397,1,34.29623630671848,0.0
2023-05-26,353890.5183534606,0.02543458319888736,1,35.12660936257941,0.0
2023-05-30,364476.5747917486,0.02991336554463664,1,35.88095929197019,0.0
2023-05-31,343786.0504775725,-0.05676777533919175,1,35.88095929197019,-0.05676777533919175
2023-06-01,361377.9787540182,0.05117115209301759,1,35.88095929197019,-0.008501495712038176
2023-06-02,357352.5027460289,-0.011139239922334565,1,35.88095929197019,-0.019546035433937625
2023-06-05,355935.0033423838,-0.003966669864496564,1,35.88095929197019,-0.02343517262870798
2023-06-06,351237.1789894702,-0.01319854554567268,1,35.88095929197019,-0.03632440798106995
2023-06-07,340559.1813377186,-0.030401102988222295,1,35.88095929197019,-0.06562120890127354
2023-06-08,349964.9376722265,0.02761856631661508,1,35.88095929197019,-0.039815006294474764
2023-06-09,352327.6913951757,0.0067514012651237465,1,35.88095929197019,-0.03333241211321858
2023-06-12,358798.10205208877,0.018364751948082736,1,35.88095929197019,-0.015579801645426272
2023-06-13,372793.0691488414,0.039005131344649335,1,35.88095929197019,0.0
2023-06-14,390741.16108333605,0.04814491850793701,1,37.33930040629048,0.0
2023-06-15,387615.05562321685,-0.008000450864843689,1,38.385956772961094,-0.008000450864843689
2023-06-16,387969.3783729494,0.0009141098741967113,1,38.523222236472,-0.007093654281780437
2023-06-20,398111.25489519193,0.026140920102445175,1,39.935709769117175,0.0
2023-06-21,391177.2826837322,-0.017417172024652205,1,39.935709769117175,-0.017417172024652205
2023-06-22,390995.6232404324,-0.00046439159772648786,1,39.935709769117175,-0.017873475234034264
2023-06-23,383580.02773245366,-0.018965929711747043,1,39.935709769117175,-0.03650041787078795
2023-06-26,369248.9038302985,-0.03736149660052446,1,39.935709769117175,-0.07249820423311526
2023-06-27,380553.8870673281,0.03061615923503247,1,39.935709769117175,-0.04410166156313777
2023-06-28,373656.4551492434,-0.01812471808194771,1,39.935709769117175,-0.06142704946230815
2023-06-29,370975.4674263875,-0.007175007111238307,1,39.935709769117175,-0.06816131705683204
2023-06-30,384425.2130544065,0.036255081020115876,1,39.935709769117175,-0.03437743010904937
2023-07-03,385433.92660944833,0.00262395264615245,1,39.935709769117175,-0.0318436822115995
2023-07-05,384561.61394041765,-0.0022631963841485137,1,39.935709769117175,-0.034034810089308865
2023-07-06,382616.85060765385,-0.0050570916655896525,1,39.935709769117175,-0.038919784600455976
2023-07-07,386251.84564784664,0.009500352727329853,1,39.935709769117175,-0.02978918355490212
2023-07-10,383316.63890672853,-0.007599204441845364,1,39.935709769117175,-0.03716201390075813
2023-07-11,385361.22809800925,0.005333943230620308,1,39.935709769117175,-0.03202629074261987
2023-07-12,398965.4363540118,0.035302483135492224,1,40.66260484907221,0.0
2023-07-13,417822.3117826739,0.04726443373387834,1,42.54447701648598,0.0
2023-07-14,413205.7652686363,-0.011049066514281392,1,42.54447701648598,-0.011049066514281392
2023-07-17,422220.6932941558,0.021817043185877738,1,42.92273879457402,0.0
2023-07-18,431608.2142160954,0.022233682694939416,1,43.83431882656086,0.0
2023-07-19,427818.65234556154,-0.008780096730588438,1,43.83431882656086,-0.008780096730588438
2023-07-20,413669.22262082534,-0.033073428769784696,1,43.83431882656086,-0.04156313759656216
2023-07-21,402664.02956641914,-0.026603847839300587,1,43.83431882656086,-0.06706124604751995
2023-07-24,405417.68106659496,0.0068385832803117275,1,43.83431882656086,-0.06068126668318574
2023-07-25,415114.1619786209,0.023917262035824116,1,43.83431882656086,-0.03821533440328895
2023-07-26,413051.3026406527,-0.004969378370845545,1,43.83431882656086,-0.04299480631791619
2023-07-27,417122.5234835992,0.00985645322244233,1,43.83431882656086,-0.03356212939275427
2023-07-28,424847.00951342593,0.018518506182106043,1,43.83431882656086,-0.015665143711292573
2023-07-31,424656.2149967824,-0.000449089936779834,1,43.83431882656086,-0.016107198589673466
2023-08-01,422638.6836843412,-0.004750975592000994,1,43.83431882656086,-0.020781649274319358
2023-08-02,398527.7280628679,-0.05704862463437255,0,,-0.07664470939995816
2023-08-03,398527.7280628679,0.0,0,,-0.07664470939995816
2023-08-04,398527.7280628679,0.0,0,,-0.07664470939995816
2023-08-07,398527.7280628679,0.0,0,,-0.07664470939995816
2023-08-08,398527.7280628679,0.0,0,,-0.07664470939995816
2023-08-09,398527.7280628679,0.0,0,,-0.07664470939995816
2023-08-10,398527.7280628679,0.0,0,,-0.07664470939995816
2023-08-11,398527.7280628679,0.0,0,,-0.07664470939995816
2023-08-14,398527.7280628679,0.0,0,,-0.07664470939995816
2023-08-15,398527.7280628679,0.0,0,,-0.07664470939995816
2023-08-16,398527.7280628679,0.0,0,,-0.07664470939995816
2023-08-17,398527.7280628679,0.0,0,,-0.07664470939995816
2023-08-18,398527.7280628679,0.0,0,,-0.07664470939995816
2023-08-21,398527.7280628679,0.0,0,,-0.07664470939995816
2023-08-22,377536.21210268623,-0.052672661102442175,1,43.21082549553927,-0.12528028969888105
2023-08-23,378604.2977153739,0.002829094477424965,0,,-0.1228056249971734
2023-08-24,355053.56654619507,-0.062204077743680974,1,45.2150511512951,-0.17737069209616885
2023-08-25,340540.56188547926,-0.04087553549142442,0,,-0.21099610556767778
2023-08-28,340540.56188547926,0.0,0,,-0.21099610556767778
2023-08-29,355463.2645330546,0.043820632012094185,1,42.9667241771694,-0.1764214562536498
2023-08-30,358960.7860784707,0.009839333327483324,1,43.48803262572722,-0.16831799244036616
2023-08-31,359623.89065303263,0.0018472897326924365,1,43.7504909411266,-0.1667816348069363
2023-09-01,353459.4688950987,-0.017141302116330692,1,43.7504909411266,-0.18106408253358575
2023-09-05,353743.67646265036,0.0008040739959238596,1,43.7504909411266,-0.18040559745802298
2023-09-06,342936.9099864101,-0.03054970928188805,1,43.7504909411266,-0.2054439681847431
2023-09-07,336961.560759207,-0.01742404813596732,1,43.7504909411266,-0.21928835072981534
2023-09-08,332086.4471188432,-0.01446786283094037,1,43.7504909411266,-0.23058357978197364
2023-09-11,329215.3797649515,-0.008645542083396962,1,43.7504909411266,-0.23723560182262515
2023-09-12,326970.93370159494,-0.006817561393878346,1,43.7504909411266,-0.2424357949362641
2023-09-13,331452.5013216675,0.013706318079522717,1,43.7504909411266,-0.23205237897599984
2023-09-14,332152.0891802561,0.0021106730400253237,1,43.7504909411266,-0.2304314926361528
2023-09-15,318928.66173279524,-0.03981136316226708,0,,-0.2610690639610588
2023-09-18,318928.66173279524,0.0,0,,-0.2610690639610588
2023-09-19,318928.66173279524,0.0,0,,-0.2610690639610588
2023-09-20,318928.66173279524,0.0,0,,-0.2610690639610588
2023-09-21,318928.66173279524,0.0,0,,-0.2610690639610588
2023-09-22,318928.66173279524,0.0,0,,-0.2610690639610588
2023-09-25,318928.66173279524,0.0,0,,-0.2610690639610588
2023-09-26,318928.66173279524,0.0,0,,-0.2610690639610588
2023-09-27,318928.66173279524,0.0,0,,-0.2610690639610588
2023-09-28,318928.66173279524,0.0,0,,-0.2610690639610588
2023-09-29,318928.66173279524,0.0,0,,-0.2610690639610588
2023-10-02,318928.66173279524,0.0,0,,-0.2610690639610588
2023-10-03,318928.66173279524,0.0,0,,-0.2610690639610588
2023-10-04,318928.66173279524,0.0,0,,-0.2610690639610588
2023-10-05,318928.66173279524,0.0,0,,-0.2610690639610588
2023-10-06,318928.66173279524,0.0,0,,-0.2610690639610588
2023-10-09,321511.7831629833,0.008099370612078216,1,41.843151238833876,-0.25508418845334946
2023-10-10,325240.0992155411,0.011596203460660703,1,42.457892718593016,-0.24644599314159132
2023-10-11,332398.55940177164,0.022009771253594712,1,43.49930971282887,-0.22986044182340792
2023-10-12,333385.6805277364,0.0029696913480650178,1,43.605789380046765,-0.22757336504068815
2023-10-13,322846.85295089113,-0.03161151840763732,1,43.605789380046765,-0.2519909438302539
2023-10-16,327349.3412057315,0.013946204566303244,1,43.605789380046765,-0.24155905651546306
2023-10-17,309784.21848947357,-0.05365864691085065,0,,-0.2822559713046323
2023-10-18,309784.21848947357,0.0,0,,-0.2822559713046323
2023-10-19,309784.21848947357,0.0,0,,-0.2822559713046323
2023-10-20,305606.0444749953,-0.013487368836447855,1,37.8224739323593,-0.2919364497498048
2023-10-23,303982.6663128228,-0.005311996249816708,0,,-0.29569768067336577
2023-10-24,307656.41391704127,0.012085385159553486,1,39.540482604122175,-0.28718591587553655
2023-10-25,294381.4420312165,-0.043148692129670096,1,39.540482604122175,-0.3179429113371157
2023-10-26,294460.50523968734,0.0002685740239780632,0,,-0.3177597285202307
2023-10-27,294460.50523968734,0.0,0,,-0.3177597285202307
2023-10-30,294460.50523968734,0.0,0,,-0.3177597285202307
2023-10-31,294460.50523968734,0.0,0,,-0.3177597285202307
2023-11-01,294460.50523968734,0.0,0,,-0.3177597285202307
2023-11-02,294460.50523968734,0.0,0,,-0.3177597285202307
2023-11-03,294460.50523968734,0.0,0,,-0.3177597285202307
2023-11-06,294460.50523968734,0.0,0,,-0.3177597285202307
2023-11-07,295537.1953896154,0.003656484081121958,1,41.93640588440231,-0.3152651278280646
2023-11-08,299517.99291425414,0.013469700554580744,1,42.64390780550038,-0.3060419541406295
2023-11-09,304802.9700731143,0.017644940484003557,0,,-0.2937971057230455
2023-11-10,309696.5347647692,0.016054845825423048,1,44.493775797875074,-0.2824591271339616
2023-11-13,311522.6155325066,0.005896355182418933,1,44.77628383090914,-0.27822825128964057
2023-11-14,318160.58514838363,0.021308146776214842,1,45.96970175227705,-0.2628486329291949
2023-11-15,313239.82493976876,-0.01546627847167159,1,45.96970175227705,-0.2742496212480853
2023-11-16,317032.9364417067,0.012109288793873185,1,45.96970175227705,-0.2654613003195154
2023-11-17,315866.8178953298,-0.003678225232574106,1,45.96970175227705,-0.2681630990989824
2023-11-20,322985.2564639475,0.02253620249207855,1,47.0333938135465,-0.25167027450910173
2023-11-21,320005.8641047428,-0.009224546011242563,1,47.0333938135465,-0.25857327649347306
2023-11-22,312137.7411679403,-0.02458743360473903,1,47.0333938135465,-0.276803056830469
2023-11-24,306114.89718749706,-0.019295468589947795,1,47.0333938135465,-0.2907574807317429
2023-11-27,309100.6562929283,0.009753720360765383,1,47.0333938135465,-0.28383972753083564
2023-11-28,306403.2373291066,-0.008726668510420255,1,47.0333938135465,-0.29008942082900624
2023-11-29,308447.15876773646,0.006670691394929706,1,47.0333938135465,-0.28535382643736085
2023-11-30,301466.11225335515,-0.022632876704946736,0,,-0.30152832517126604
2023-12-01,301466.11225335515,0.0,0,,-0.30152832517126604
2023-12-04,301466.11225335515,0.0,0,,-0.30152832517126604
2023-12-05,301466.11225335515,0.0,0,,-0.30152832517126604
2023-12-06,301466.11225335515,0.0,0,,-0.30152832517126604
2023-12-07,301466.11225335515,0.0,0,,-0.30152832517126604
2023-12-08,306899.8586016798,0.01802440183975995,1,43.9889085914333,-0.2889387910304628
2023-12-11,301221.3305476271,-0.018502869567700753,1,43.9889085914333,-0.30209546383467767
2023-12-12,297021.75117355847,-0.013941839266275458,0,,-0.31182553670109914
2023-12-13,297021.75117355847,0.0,0,,-0.31182553670109914
2023-12-14,297021.75117355847,0.0,0,,-0.31182553670109914
2023-12-15,297021.75117355847,0.0,0,,-0.31182553670109914
2023-12-18,297021.75117355847,0.0,0,,-0.31182553670109914
2023-12-19,297657.00744949514,0.0021387533856584984,1,46.009611650306816,-0.31035370123779493
2023-12-20,297516.0788032676,-0.0004734598638718168,0,,-0.3106802210805265
2023-12-21,297516.0788032676,0.0,0,,-0.3106802210805265
2023-12-22,294866.38550869346,-0.008906050742643279,1,45.57383529940689,-0.316819338009491
2023-12-26,297577.735721458,0.00919518244877926,1,45.90686257101924,-0.3105373671770105
2023-12-27,298411.0973419115,0.0028004837742081623,1,46.29061424122812,-0.3086065382608669
2023-12-28,299045.1472376162,0.0021247530716934637,1,46.512006184907506,-0.3071374978792878
2023-12-29,299045.1472376162,0.0,1,46.512006184907506,-0.3071374978792878
2024-01-02,290868.797376043,-0.027341523302086612,1,46.512006184907506,-0.3260814141261633
2024-01-03,287251.69456441374,-0.012435513345740445,1,46.512006184907506,-0.33446193769473986
2024-01-04,289842.28545616276,0.009018539979989804,1,46.512006184907506,-0.3284597560716349
2024-01-05,296478.7405171693,0.022896780055960075,1,46.512006184907506,-0.3130836468076814
2024-01-08,315536.69825725595,0.06428102637930277,1,48.93049704335686,-0.2689279585877514
2024-01-09,320892.9383647028,0.016975014751152484,1,49.62126363530275,-0.2565179999006234
2024-01-10,328199.67342536856,0.022770008894248406,1,50.779559747746674,-0.23958890814564704
2024-01-11,331049.87493462657,0.008684352057730216,1,51.27121640883808,-0.23298523051538078
2024-01-12,330373.5950451405,-0.002042833846771952,1,51.27121640883808,-0.23455211424745792
2024-01-16,340470.14041630685,0.030560993743421916,1,52.674259917224276,-0.21115926620005887
2024-01-17,338483.48458863137,-0.005835036885308953,1,52.674259917224276,-0.21576218097841582
2024-01-18,344848.1677169798,0.01880352637022642,1,53.056977020804986,-0.2010157444679146
2024-01-19,359244.2572145837,0.04174616786544427,1,55.09431885117362,-0.16766121361462527
2024-01-22,360228.5852936811,0.0027399966995422798,1,55.254361043498776,-0.16538060808702837
2024-01-23,361551.03024102224,0.0036711271712737137,1,55.580279899007294,-0.16231661415970478
2024-01-24,370542.5343650743,0.02486925322286604,1,56.69016142888655,-0.14148405391665475
2024-01-25,372082.4522421403,0.004155846452836176,1,56.7883902026739,-0.137916193467421
2024-01-26,368543.7172222498,-0.009510620558874527,1,56.7883902026739,-0.14611514544130244
2024-01-29,377203.173597383,0.023496415677359606,1,57.97980416885489,-0.1260519119579896
2024-01-30,379069.07010404294,0.004946661738990388,1,58.53816219494424,-0.12172878638900841
2024-01-31,371538.90837682417,-0.01986488036376055,1,58.53816219494424,-0.13917553897432555
2024-02-01,380596.87281895854,0.024379585119918445,1,58.703016064892765,-0.11818899575344222
2024-02-02,399515.9100330538,0.04970886143642761,1,61.307637538795106,-0.07435517473023301
2024-02-05,418670.46599935315,0.04794441343954148,1,64.25796502653787,-0.0299756765293272
2024-02-06,411973.57358659053,-0.0159956169747425,1,64.25796502653787,-0.045491814063747804
2024-02-07,423302.0117217109,0.027497972834753526,1,64.52518958322693,-0.019244773896322953
2024-02-08,420536.2932765151,-0.006533676591676696,1,64.52518958322693,-0.025652711359281155
2024-02-09,435584.7092572963,0.035783869838046156,1,66.51477720922473,0.0
2024-02-12,436279.0811222603,0.0015941144172575417,1,66.51477720922473,0.0
2024-02-13,435554.52519616723,-0.0016607624739404248,1,66.51477720922473,-0.0016607624739404248
2024-02-14,446255.00563140714,0.02456748768806971,1,67.68702208763534,0.0
2024-02-15,438754.91258282075,-0.01680674267838067,1,67.68702208763534,-0.01680674267838067
2024-02-16,438483.20987966063,-0.0006192584866131501,1,67.68702208763534,-0.017415593446957978
2024-02-20,408849.36398720974,-0.06758262397455017,0,,-0.08382122591828878
2024-02-21,408849.36398720974,0.0,0,,-0.08382122591828878
2024-02-22,408849.36398720974,0.0,0,,-0.08382122591828878
2024-02-23,408849.36398720974,0.0,0,,-0.08382122591828878
2024-02-26,408849.36398720974,0.0,0,,-0.08382122591828878
2024-02-27,408849.36398720974,0.0,0,,-0.08382122591828878
2024-02-28,408849.36398720974,0.0,0,,-0.08382122591828878
2024-02-29,408849.36398720974,0.0,0,,-0.08382122591828878
2024-03-01,408849.36398720974,0.0,0,,-0.08382122591828878
2024-03-04,408849.36398720974,0.0,0,,-0.08382122591828878
2024-03-05,408849.36398720974,0.0,0,,-0.08382122591828878
2024-03-06,408849.36398720974,0.0,0,,-0.08382122591828878
2024-03-07,408849.36398720974,0.0,0,,-0.08382122591828878
2024-03-08,408849.36398720974,0.0,0,,-0.08382122591828878
2024-03-11,408849.36398720974,0.0,0,,-0.08382122591828878
2024-03-12,408849.36398720974,0.0,0,,-0.08382122591828878
2024-03-13,408849.36398720974,0.0,0,,-0.08382122591828878
2024-03-14,408849.36398720974,0.0,0,,-0.08382122591828878
2024-03-15,408849.36398720974,0.0,0,,-0.08382122591828878
2024-03-18,408849.36398720974,0.0,0,,-0.08382122591828878
2024-03-19,408849.36398720974,0.0,0,,-0.08382122591828878
2024-03-20,408849.36398720974,0.0,0,,-0.08382122591828878
2024-03-21,408849.36398720974,0.0,0,,-0.08382122591828878
2024-03-22,408849.36398720974,0.0,0,,-0.08382122591828878
2024-03-25,408849.36398720974,0.0,0,,-0.08382122591828878
2024-03-26,408849.36398720974,0.0,0,,-0.08382122591828878
2024-03-27,408849.36398720974,0.0,0,,-0.08382122591828878
2024-03-28,408849.36398720974,0.0,0,,-0.08382122591828878
2024-04-01,408849.36398720974,0.0,0,,-0.08382122591828878
2024-04-02,408849.36398720974,0.0,0,,-0.08382122591828878
2024-04-03,408849.36398720974,0.0,0,,-0.08382122591828878
2024-04-04,408849.36398720974,0.0,0,,-0.08382122591828878
2024-04-05,408849.36398720974,0.0,0,,-0.08382122591828878
2024-04-08,408849.36398720974,0.0,0,,-0.08382122591828878
2024-04-09,408849.36398720974,0.0,0,,-0.08382122591828878
2024-04-10,408849.36398720974,0.0,0,,-0.08382122591828878
2024-04-11,408849.36398720974,0.0,0,,-0.08382122591828878
2024-04-12,408849.36398720974,0.0,0,,-0.08382122591828878
2024-04-15,394046.90239869594,-0.036205172105824523,1,80.79354833338157,-0.1169916361136204
2024-04-16,395432.17087050993,0.003515491337151566,0,,-0.11388742785974548
2024-04-17,395432.17087050993,0.0,0,,-0.11388742785974548
2024-04-18,395432.17087050993,0.0,0,,-0.11388742785974548
2024-04-19,395432.17087050993,0.0,0,,-0.11388742785974548
2024-04-22,395432.17087050993,0.0,0,,-0.11388742785974548
2024-04-23,395432.17087050993,0.0,0,,-0.11388742785974548
2024-04-24,395432.17087050993,0.0,0,,-0.11388742785974548
2024-04-25,395432.17087050993,0.0,0,,-0.11388742785974548
2024-04-26,395432.17087050993,0.0,0,,-0.11388742785974548
2024-04-29,395432.17087050993,0.0,0,,-0.11388742785974548
2024-04-30,395432.17087050993,0.0,0,,-0.11388742785974548
2024-05-01,395432.17087050993,0.0,0,,-0.11388742785974548
2024-05-02,395432.17087050993,0.0,0,,-0.11388742785974548
2024-05-03,395432.17087050993,0.0,0,,-0.11388742785974548
2024-05-06,406986.7927880387,0.029220237423000395,1,81.10980350075887,-0.08799500811830163
2024-05-07,399981.4243688238,-0.0172127659750948,1,81.10980350075887,-0.10369313661167956
2024-05-08,399354.20592025283,-0.001568118943425345,1,81.10980350075887,-0.10509865238328087
2024-05-09,391999.7826701324,-0.018415790145926314,1,81.10980350075887,-0.12157896780229704
2024-05-10,398283.2524825939,0.016029268612500758,0,,-0.10749852112232994
2024-05-13,397339.5091017895,-0.002369528155958811,1,81.49939146536443,-0.10961332850576544
2024-05-14,401545.897013216,0.010586382212368628,1,82.84370625018477,-0.10018735488452868
2024-05-15,415936.44725709327,0.03583787146355433,1,86.39620468781585,-0.06793998496759956
2024-05-16,414745.26608379546,-0.002863853795821658,1,86.83568589607364,-0.07060926857958372
2024-05-17,406481.9085874746,-0.019923934453422554,1,86.83568589607364,-0.08912638859402255
2024-05-20,416595.72874911653,0.02488135375271061,1,87.18287035554785,-0.06646262004462145
2024-05-21,419259.359002199,0.006393801158452561,1,88.30960934079795,-0.06049376766320391
2024-05-22,417342.95475077577,-0.004570927780799261,1,88.30960934079795,-0.06478818280082632
2024-05-23,456237.8754001724,0.0931965430508428,1,95.37450186242154,0.0
2024-05-24,467973.52937588136,0.025722664882689816,1,98.03203160582888,0.0
2024-05-28,500640.1110139651,0.06980433632998406,1,104.49908525975043,0.0
2024-05-29,504701.4811835662,0.008112354723986304,1,104.91932871149362,0.0
2024-05-30,485691.4255418209,-0.03766593986838551,1,104.91932871149362,-0.03766593986838551
2024-05-31,481880.55277800886,-0.007846283799555986,1,104.91932871149362,-0.04521668601415718
2024-06-03,505470.64292426,0.04895422737077859,1,104.91932871149362,0.0
2024-06-04,511786.8256684599,0.01249564704224837,1,104.91932871149362,0.0
2024-06-05,538172.4964244972,0.05155597884250773,1,110.43907738565302,0.0
2024-06-06,531834.3107567636,-0.011777238171484461,1,110.43907738565302,-0.011777238171484461
2024-06-07,531350.8175072634,-0.00090910503463415,1,110.43907738565302,-0.01267563645960279
2024-06-10,535315.4084055652,0.007461343368023732,1,110.43907738565302,-0.005308870367612406
2024-06-11,531491.1659263845,-0.007143905105536197,1,110.43907738565302,-0.012414849407024753
2024-06-12,550348.9143081262,0.03548083127378576,1,110.57235944305761,0.0
2024-06-13,569734.1617864356,0.035223559044682995,1,116.1818679335433,0.0
2024-06-14,579712.6051819075,0.01751420937123349,1,118.26179977055546,0.0
2024-06-17,575756.3787537734,-0.006824461625933975,1,118.26179977055546,-0.006824461625933975
2024-06-18,595976.8303356279,0.03511980470910592,1,122.53864850380431,0.0
2024-06-20,574877.2695799097,-0.035403323890688565,1,122.53864850380431,-0.035403323890688565
2024-06-21,556371.131275464,-0.032191459436148984,1,122.53864850380431,-0.06645509866190558
2024-06-24,538728.7725933584,-0.03170969464512108,0,,-0.09605752242084631
2024-06-25,538728.7725933584,0.0,0,,-0.09605752242084631
2024-06-26,538728.7725933584,0.0,0,,-0.09605752242084631
2024-06-27,538728.7725933584,0.0,0,,-0.09605752242084631
2024-06-28,538728.7725933584,0.0,0,,-0.09605752242084631
2024-07-01,538728.7725933584,0.0,0,,-0.09605752242084631
2024-07-02,538728.7725933584,0.0,0,,-0.09605752242084631
2024-07-03,538728.7725933584,0.0,0,,-0.09605752242084631
2024-07-05,538728.7725933584,0.0,0,,-0.09605752242084631
2024-07-08,538728.7725933584,0.0,0,,-0.09605752242084631
2024-07-09,538728.7725933584,0.0,0,,-0.09605752242084631
2024-07-10,538728.7725933584,0.0,0,,-0.09605752242084631
2024-07-11,538728.7725933584,0.0,0,,-0.09605752242084631
2024-07-12,538728.7725933584,0.0,0,,-0.09605752242084631
2024-07-15,538728.7725933584,0.0,0,,-0.09605752242084631
2024-07-16,538728.7725933584,0.0,0,,-0.09605752242084631
2024-07-17,538728.7725933584,0.0,0,,-0.09605752242084631
2024-07-18,538728.7725933584,0.0,0,,-0.09605752242084631
2024-07-19,538728.7725933584,0.0,0,,-0.09605752242084631
2024-07-22,538728.7725933584,0.0,0,,-0.09605752242084631
2024-07-23,538728.7725933584,0.0,0,,-0.09605752242084631
2024-07-24,515713.492063719,-0.04272146152292433,1,105.55315703154258,-0.13467526619568093
2024-07-25,509486.29875442997,-0.012074908655908656,0,,-0.1451239833140665
2024-07-26,509486.29875442997,0.0,0,,-0.1451239833140665
2024-07-29,509486.29875442997,0.0,0,,-0.1451239833140665
2024-07-30,509486.29875442997,0.0,0,,-0.1451239833140665
2024-07-31,509486.29875442997,0.0,0,,-0.1451239833140665
2024-08-01,509486.29875442997,0.0,0,,-0.1451239833140665
2024-08-02,509486.29875442997,0.0,0,,-0.1451239833140665
2024-08-05,509486.29875442997,0.0,0,,-0.1451239833140665
2024-08-06,509486.29875442997,0.0,0,,-0.1451239833140665
2024-08-07,509486.29875442997,0.0,0,,-0.1451239833140665
2024-08-08,509486.29875442997,0.0,0,,-0.1451239833140665
2024-08-09,509486.29875442997,0.0,0,,-0.1451239833140665
2024-08-12,509486.29875442997,0.0,0,,-0.1451239833140665
2024-08-13,509486.29875442997,0.0,0,,-0.1451239833140665
2024-08-14,509486.29875442997,0.0,0,,-0.1451239833140665
2024-08-15,526286.0664373959,0.032973934184368225,1,101.41428084639094,-0.11693535780406972
2024-08-16,533653.9040245429,0.013999682030387595,1,103.33825276187855,-0.10457273360104868
2024-08-19,556871.1379803963,0.04350616341557889,1,109.26098800824377,-0.0656161286223309
2024-08-20,545091.2006841181,-0.021153793926186326,1,109.26098800824377,-0.08538189248540629
2024-08-21,550445.6521663237,0.009823037824653102,1,111.53579800135417,-0.07639756422017785
2024-08-22,530055.6372063141,-0.03704273960519633,1,111.53579800135417,-0.11061032874749488
2024-08-23,554172.3723960766,0.04549849769897918,1,114.34936653926499,-0.07014443483651689
2024-08-26,541707.0883557441,-0.02249351404227573,1,114.34936653926499,-0.09106015404880996
2024-08-27,549588.9687362559,0.014550077984830878,1,114.34936653926499,-0.07783500840669999
2024-08-28,538066.0364689981,-0.020966454792122335,1,114.34936653926499,-0.09716953901381875
2024-08-29,503711.3286864314,-0.06384849712502916,1,114.34936653926499,-0.15481390710648368
2024-08-30,511336.2040379228,0.015137391035805026,1,114.34936653926499,-0.14201999472033033
2024-09-03,489901.08671315707,-0.041919811575039545,0,,-0.17798635487680559
2024-09-04,489901.08671315707,0.0,0,,-0.17798635487680559
2024-09-05,489901.08671315707,0.0,0,,-0.17798635487680559
2024-09-06,489901.08671315707,0.0,0,,-0.17798635487680559
2024-09-09,489901.08671315707,0.0,0,,-0.17798635487680559
2024-09-10,490483.1596444254,0.0011881437846434917,1,92.05183324084915,-0.17700968447346033
2024-09-11,495591.8957709386,0.010415721775680842,0,,-0.16843764632285607
2024-09-12,504590.76884760766,0.01815782936214183,1,102.22091452958335,-0.15333827900080554
2024-09-13,504421.34812558885,-0.0003357586632147802,1,102.80490921801427,-0.1536225530084433
2024-09-16,493895.9337557969,-0.02086631426069485,0,,-0.17128333080053382
2024-09-17,493895.9337557969,0.0,0,,-0.17128333080053382
2024-09-18,493895.9337557969,0.0,0,,-0.17128333080053382
2024-09-19,493895.9337557969,0.0,0,,-0.17128333080053382
2024-09-20,493895.9337557969,0.0,0,,-0.17128333080053382
2024-09-23,493895.9337557969,0.0,0,,-0.17128333080053382
2024-09-24,493895.9337557969,0.0,0,,-0.17128333080053382
2024-09-25,493895.9337557969,0.0,0,,-0.17128333080053382
2024-09-26,493895.9337557969,0.0,0,,-0.17128333080053382
2024-09-27,493895.9337557969,0.0,0,,-0.17128333080053382
2024-09-30,506203.12147623237,0.02491858482584841,1,109.32825650172295,-0.15063288418249232
2024-10-01,487695.65695177275,-0.036561340179978696,1,109.32825650172295,-0.18168688424158363
2024-10-02,495407.0872321332,0.015811972426736265,1,109.32825650172295,-0.1687477398187749
2024-10-03,512080.4413919411,0.033655865225834525,1,110.93915397268024,-0.1407712257814453
2024-10-04,520708.9109288302,0.016849832251814023,1,113.27871346263247,-0.12629336506993083
2024-10-07,532380.2588406957,0.022414342575867163,1,115.76233302802181,-0.10670980524380014
2024-10-08,553930.5061853484,0.04047905042831634,1,120.69603950390938,-0.07055026640314332
2024-10-09,552930.1750092678,-0.001805878471957456,1,121.01805366812005,-0.07222873966781251
2024-10-10,561933.7926258829,0.016283462222810074,1,123.037400234371,-0.05712141139878446
2024-10-11,561892.1307403096,-7.414020320550829e-05,1,123.037400234371,-0.0571913166089415
2024-10-14,575522.5746735466,0.024258115014493153,1,126.5829335724107,-0.03432055513057841
2024-10-15,548553.4474124633,-0.0468602422352955,1,126.5829335724107,-0.0795725278388052
2024-10-16,565726.999011906,0.03130697962149487,1,126.5829335724107,-0.050756723724790676
2024-10-17,570770.5715906381,0.008915205722090702,1,126.5829335724107,-0.042294024636485794
2024-10-18,575230.814068156,0.007814422641111207,1,126.5829335724107,-0.034810105379077694
2024-10-21,599031.9817427596,0.041376725815984505,1,131.67924805179868,0.0
2024-10-22,598531.7843031248,-0.0008350095735784047,1,131.8447043138433,-0.0008350095735784047
2024-10-23,581733.3807834082,-0.028066017478545646,1,131.8447043138433,-0.028877591658837187
2024-10-24,585276.4884496139,0.006090604017658929,1,131.8447043138433,-0.022962869616955817
2024-10-25,589986.7022405711,0.00804784385484969,1,131.8447043138433,-0.015099827351242712
2024-10-28,585735.0877068645,-0.007206288747798051,1,131.8447043138433,-0.0221973023831058
2024-10-29,588777.8705270574,0.005194810562067165,1,131.8447043138433,-0.01711780260190776
2024-10-30,580816.373378474,-0.013522072664613694,1,131.8447043138433,-0.030408407095879886
2024-10-31,553388.6468601403,-0.04722271577640458,1,131.8447043138433,-0.07619515530678256
2024-11-01,564393.1179384836,0.01988561048511084,1,131.8447043138433,-0.05782473200095495
2024-11-04,567102.4782677128,0.004800484348791212,1,131.8447043138433,-0.053301834373107315
2024-11-05,583192.3112167394,0.028372002531491525,1,131.8447043138433,-0.02644211162138288
2024-11-06,606951.8807089587,0.040740539673180365,1,134.65138886031448,0.0
2024-11-07,620582.3246421956,0.022457206850262423,1,137.67559337694124,0.0
2024-11-08,615371.8497084146,-0.008396105926454012,1,137.67559337694124,-0.008396105926454012
2024-11-11,605492.8865724386,-0.01605364811643073,1,137.67559337694124,-0.02431496591279325
2024-11-12,618122.935626406,0.020859120452204172,1,137.67559337694124,-0.003963034263355203
2024-11-13,609702.9666269501,-0.013621835583439545,1,137.67559337694124,-0.017530886045647787
2024-11-14,611745.4819742513,0.003350017072413225,1,137.67559337694124,-0.014239597740781984
2024-11-15,591820.6533472505,-0.03257045489359156,1,137.67559337694124,-0.046346262458454524
2024-11-18,573913.0897810014,-0.03025842958498748,0,,-0.07520232692431561
2024-11-19,573913.0897810014,0.0,0,,-0.07520232692431561
2024-11-20,567144.5226014913,-0.011793714588550275,1,135.03649358751923,-0.08610912673272564
2024-11-21,570176.7970683991,0.005346563963976481,1,135.03649358751923,-0.08122295072270769
2024-11-22,551827.9095063175,-0.03218104920513021,1,135.03649358751923,-0.11079016015404464
2024-11-25,528775.1021340534,-0.04177535600344651,1,135.03649358751923,-0.14793721777537705
2024-11-26,534503.082732483,0.010832545963893603,0,,-0.13870720852280571
2024-11-27,534503.082732483,0.0,0,,-0.13870720852280571
2024-11-29,534503.082732483,0.0,0,,-0.13870720852280571
2024-12-02,532933.6830437409,-0.0029361845411985943,1,125.08453971857028,-0.14123612310258693
2024-12-03,539199.8713366477,0.011757913774784745,1,127.0329234416476,-0.13113885148512727
2024-12-04,557959.9544154684,0.03479244724653863,1,131.53088848325922,-0.10090904581085658
2024-12-05,557690.9343212108,-0.0004821494663347359,1,131.6143186300288,-0.10134254203460524
2024-12-06,555088.5269238056,-0.004666397169559078,0,,-0.1055360346528581
2024-12-09,555088.5269238056,0.0,0,,-0.1055360346528581
2024-12-10,555088.5269238056,0.0,0,,-0.1055360346528581
2024-12-11,555088.5269238056,0.0,0,,-0.1055360346528581
2024-12-12,555088.5269238056,0.0,0,,-0.1055360346528581
2024-12-13,555088.5269238056,0.0,0,,-0.1055360346528581
2024-12-16,555088.5269238056,0.0,0,,-0.1055360346528581
2024-12-17,555088.5269238056,0.0,0,,-0.1055360346528581
2024-12-18,555088.5269238056,0.0,0,,-0.1055360346528581
2024-12-19,555088.5269238056,0.0,0,,-0.1055360346528581
2024-12-20,555088.5269238056,0.0,0,,-0.1055360346528581
2024-12-23,555088.5269238056,0.0,0,,-0.1055360346528581
2024-12-24,555088.5269238056,0.0,0,,-0.1055360346528581
2024-12-26,555169.6449859426,0.00014613536076235611,1,126.42332757181859,-0.10540532183859319
2024-12-27,543584.5238310255,-0.020867713607091276,1,126.42332757181859,-0.1240734673768934
2024-12-30,545488.8924258933,0.0035033532254495903,1,126.42332757181859,-0.12100478733357145
2024-12-31,546809.9959674707,0.0024218706557015413,0,,-0.11887597462151256
2025-01-02,546809.9959674707,0.0,0,,-0.11887597462151256
2025-01-03,546809.9959674707,0.0,0,,-0.11887597462151256
2025-01-06,546809.9959674707,0.0,0,,-0.11887597462151256
2025-01-07,500001.1784740946,-0.08560344148529553,1,139.29339390338262,-0.19430322356928798
2025-01-08,507943.6760709372,0.01588495775366283,0,,-0.18150476431342388
2025-01-10,501500.41149770323,-0.012684998114503743,1,121.88402763514553,-0.19188737483483842
2025-01-13,491611.33424861106,-0.01971898132557659,1,121.88402763514553,-0.20782253259943284
2025-01-14,501263.9413583532,0.019634630931557595,0,,-0.1922684203947267
2025-01-15,501263.9413583532,0.0,0,,-0.1922684203947267
2025-01-16,482209.6674186707,-0.03801245684668264,1,123.41281906488378,-0.2229722822081749
2025-01-17,497155.7236733471,0.030994932836341693,1,123.41281906488378,-0.19888836028324142
2025-01-21,508419.41424433456,0.02265626248404251,1,125.00401483797764,-0.18073816469479687
2025-01-22,530946.8505553162,0.04430876492878277,1,131.1081175458098,-0.14443768461913553
2025-01-23,531488.3895241251,0.0010199494888096794,1,131.38806255319895,-0.143565054272918
2025-01-24,514881.635832704,-0.031245750648081327,1,131.38806255319895,-0.17032500703340947
2025-01-27,449872.68086985353,-0.1262599992670418,0,,-0.2750797710372541
2025-01-28,449872.68086985353,0.0,0,,-0.2750797710372541
2025-01-29,449872.68086985353,0.0,0,,-0.2750797710372541
2025-01-30,449872.68086985353,0.0,0,,-0.2750797710372541
2025-01-31,449872.68086985353,0.0,0,,-0.2750797710372541
2025-02-03,449872.68086985353,0.0,0,,-0.2750797710372541
2025-02-04,449872.68086985353,0.0,0,,-0.2750797710372541
2025-02-05,449872.68086985353,0.0,0,,-0.2750797710372541
2025-02-06,449872.68086985353,0.0,0,,-0.2750797710372541
2025-02-07,449872.68086985353,0.0,0,,-0.2750797710372541
2025-02-10,449872.68086985353,0.0,0,,-0.2750797710372541
2025-02-11,449872.68086985353,0.0,0,,-0.2750797710372541
2025-02-12,449872.68086985353,0.0,0,,-0.2750797710372541
2025-02-13,449872.68086985353,0.0,0,,-0.2750797710372541
2025-02-14,449872.68086985353,0.0,0,,-0.2750797710372541
2025-02-18,443252.77547564683,-0.014715064229743335,1,125.69477254183809,-0.2857470187678811
2025-02-19,442712.1992519019,-0.0012195664723472222,1,125.80458932869122,-0.2866180977565659
2025-02-20,444588.1002769917,0.0042372923724707245,0,,-0.2835952900635311
2025-02-21,444588.1002769917,0.0,0,,-0.2835952900635311
2025-02-24,444588.1002769917,0.0,0,,-0.2835952900635311
2025-02-25,444588.1002769917,0.0,0,,-0.2835952900635311
2025-02-26,448327.60702182504,0.00841117146973458,1,118.00196661462739,-0.27756948720652996
2025-02-27,410318.08449304575,-0.08478068700982078,1,118.00196661462739,-0.3388176423980175
2025-02-28,402439.45835917484,-0.019201264656918737,0,,-0.3515131798328187
2025-03-03,371091.34972954314,-0.07789521623313012,1,107.67952646938622,-0.4020272009140763
2025-03-04,359456.9996793105,-0.031351714500248984,0,,-0.4207746733899328
2025-03-05,359456.9996793105,0.0,0,,-0.4207746733899328
2025-03-06,359456.9996793105,0.0,0,,-0.4207746733899328
2025-03-07,359456.9996793105,0.0,0,,-0.4207746733899328
2025-03-10,359456.9996793105,0.0,0,,-0.4207746733899328
2025-03-11,359456.9996793105,0.0,0,,-0.4207746733899328
2025-03-12,359456.9996793105,0.0,0,,-0.4207746733899328
2025-03-13,359456.9996793105,0.0,0,,-0.4207746733899328
2025-03-14,359456.9996793105,0.0,0,,-0.4207746733899328
2025-03-17,359456.9996793105,0.0,0,,-0.4207746733899328
2025-03-18,359456.9996793105,0.0,0,,-0.4207746733899328
2025-03-19,359456.9996793105,0.0,0,,-0.4207746733899328
2025-03-20,359456.9996793105,0.0,0,,-0.4207746733899328
2025-03-21,359456.9996793105,0.0,0,,-0.4207746733899328
2025-03-24,359456.9996793105,0.0,0,,-0.4207746733899328
2025-03-25,359456.9996793105,0.0,0,,-0.4207746733899328
2025-03-26,359456.9996793105,0.0,0,,-0.4207746733899328
2025-03-27,359456.9996793105,0.0,0,,-0.4207746733899328
2025-03-28,359456.9996793105,0.0,0,,-0.4207746733899328
2025-03-31,359456.9996793105,0.0,0,,-0.4207746733899328
2025-04-01,359456.9996793105,0.0,0,,-0.4207746733899328
2025-04-02,359456.9996793105,0.0,0,,-0.4207746733899328
2025-04-03,359456.9996793105,0.0,0,,-0.4207746733899328
2025-04-04,359456.9996793105,0.0,0,,-0.4207746733899328
2025-04-07,359456.9996793105,0.0,0,,-0.4207746733899328
2025-04-08,359456.9996793105,0.0,0,,-0.4207746733899328
2025-04-09,359456.9996793105,0.0,0,,-0.4207746733899328
2025-04-10,359456.9996793105,0.0,0,,-0.4207746733899328
2025-04-11,359456.9996793105,0.0,0,,-0.4207746733899328
2025-04-14,359456.9996793105,0.0,0,,-0.4207746733899328
2025-04-15,359456.9996793105,0.0,0,,-0.4207746733899328
2025-04-16,359456.9996793105,0.0,0,,-0.4207746733899328
2025-04-17,359456.9996793105,0.0,0,,-0.4207746733899328
2025-04-21,359456.9996793105,0.0,0,,-0.4207746733899328
2025-04-22,359456.9996793105,0.0,0,,-0.4207746733899328
2025-04-23,359456.9996793105,0.0,0,,-0.4207746733899328
2025-04-24,359456.9996793105,0.0,0,,-0.4207746733899328
2025-04-25,359456.9996793105,0.0,0,,-0.4207746733899328
2025-04-28,359456.9996793105,0.0,0,,-0.4207746733899328
2025-04-29,359456.9996793105,0.0,0,,-0.4207746733899328
2025-04-30,374207.0945405775,0.04103437928438258,1,94.18978032110806,-0.3970065216466949
2025-05-01,387916.5252538655,0.036635945478584286,0,,-0.37491528544980135
2025-05-02,388421.06452209136,0.0013006387595775326,1,101.44533702251285,-0.37410227604203794
2025-05-05,386114.29041290045,-0.005938849150802672,1,101.44533702251285,-0.37781938820845495
2025-05-06,385164.43462745554,-0.002460037893000977,1,101.44533702251285,-0.37934997608975274
2025-05-07,397105.39362935664,0.031002236780897974,1,105.56384595967415,-0.3601084370904172
2025-05-08,398157.02800819953,0.002648250050777401,1,106.1605130710161,-0.35841384422644995
2025-05-09,395714.5491078113,-0.006134461352112375,1,106.1605130710161,-0.36234962970309315
2025-05-12,417255.81863991404,0.054436384966563,1,111.7790675871589,-0.32763824867153923
2025-05-13,440764.6003032145,0.05634141122328651,1,118.28744036845688,-0.28975643874913326
2025-05-14,459117.0405009893,0.041637736299942496,1,123.39028020154774,-0.26018350463703765
2025-05-15,457386.98583674146,-0.00376822141552402,1,123.39028020154774,-0.26297129699842225
2025-05-16,459320.5976877852,0.00422751829614576,1,124.27939717688446,-0.25985549467169855
2025-05-19,459897.2652974376,0.0012554795333701296,1,124.32075959176876,-0.25892625839352246
2025-05-20,455860.43652399885,-0.008777675098432969,1,124.32075959176876,-0.2654311629213242
2025-05-21,447108.2550211349,-0.01919925661810129,1,124.32075959176876,-0.279534338528058
2025-05-22,450602.31646507524,0.00781479967032861,1,124.32075959176876,-0.273904043714304
2025-05-23,445378.14852159633,-0.011593744090047986,1,124.32075959176876,-0.2823222144162991
2025-05-27,459659.8078304877,0.032066367324707024,1,124.32075959176876,-0.2593088949229898
2025-05-28,457319.13344114285,-0.005092188504347228,1,124.32075959176876,-0.2630806336535353
2025-05-29,472177.5121949773,0.032490175169429536,1,127.44889181863765,-0.23913799435519356
2025-05-30,458404.7199354304,-0.02916867471202167,1,127.44889181863765,-0.2613313306985833
2025-06-02,466037.41466385283,0.01665055876714705,1,127.44889181863765,-0.24903208461092985
2025-06-03,479063.8824071054,0.027951549239128015,1,130.06094090571122,-0.22804136794692698
2025-06-04,481438.5607471857,0.004956913737993451,1,131.23431021027466,-0.22421483559854039
2025-06-05,474891.40067776013,-0.013599160107292785,1,131.23431021027466,-0.23476486225809823
2025-06-06,480760.03679119924,0.0123578487735585,1,131.23431021027466,-0.22530820214967073
2025-06-09,483847.13936742,0.006421296156031264,1,131.6366114399916,-0.22033367668602544
2025-06-10,488358.88307475846,0.009324729527670828,1,132.99861837061272,-0.213063499099289
2025-06-11,484559.2007565251,-0.0077805123443442925,1,132.99861837061272,-0.2191862682587622
2025-06-12,491921.05609075126,0.015192891441814238,1,134.6248999935787,-0.2073234499961396
2025-06-13,481641.54774578335,-0.02089666262033618,1,134.6248999935787,-0.22388774442862236
2025-06-16,490869.3698766176,0.019159107377723306,1,134.6248999935787,-0.20901812638696338
2025-06-17,488935.55068441085,-0.003939580081545602,1,134.6248999935787,-0.21213426282111292
2025-06-18,493549.46174982795,0.00943664468447536,1,136.32559991095434,-0.20469945380028354
2025-06-20,488019.6210967653,-0.011204227907487097,1,136.32559991095434,-0.21361018237485407
2025-06-23,489105.2594263436,0.002224579264125781,1,136.32559991095434,-0.21186079589304563
2025-06-24,501759.4461113918,0.025872113294978405,1,139.49476356421903,-0.19146996911217629
2025-06-25,523505.8019713678,0.043340202219428026,1,145.23638054660194,-0.1564281140730176
2025-06-26,525914.4842621835,0.004601061309627008,1,146.3822795257797,-0.1525467881067898
2025-06-27,535176.154837881,0.017610601823775163,1,149.03548190514695,-0.137622627027859
2025-06-30,535990.4354203555,0.0015215188029467086,1,149.3785795918861,-0.13631050363964614
2025-07-01,520079.3337465723,-0.029685420899917325,1,149.3785795918861,-0.16194948986594082
2025-07-02,533479.8967832057,0.025766382486490658,1,149.3785795918861,-0.1403559598788282
2025-07-03,540570.3425350372,0.013290933350226908,1,149.68704862596257,-0.12893048823665787
2025-07-07,536838.5644476932,-0.006903408851184123,1,149.68704862596257,-0.1349438372141616
2025-07-08,542809.4197545018,0.011122254812210741,1,151.12727587770596,-0.12532246214478437
2025-07-09,552580.0092148344,0.018000036669871378,1,153.4720163712115,-0.10957823438907766
2025-07-10,556718.953511061,0.007490217212359207,1,154.62619983933058,-0.1029087819540393
2025-07-11,559500.8498953148,0.004996949298580855,1,155.28995885495377,-0.09842606262126152
2025-07-14,556617.2008353084,-0.005153967255895897,1,155.28995885495377,-0.10307274517328069
2025-07-15,579109.829376288,0.04040951035509721,1,160.1242324019189,-0.06682835398159159
2025-07-16,581382.8587111973,0.003925040155780879,1,161.45318253757495,-0.0631656177987332
2025-07-17,586912.7511995507,0.009511619418247186,1,162.97223681406993,-0.05425480569730623
2025-07-18,584911.131447036,-0.00341042130780711,1,162.97223681406993,-0.05748019525971226
2025-07-21,581416.810826642,-0.005974105180302058,1,162.97223681406993,-0.06311090770774852
2025-07-22,566659.1998780357,-0.025382153858992007,1,162.97223681406993,-0.08689117079712183
2025-07-23,579381.2389586826,0.022450953030296095,1,162.97223681406993,-0.06639100736113934
2025-07-24,589423.2380014098,0.01733228204070869,1,164.03046973623722,-0.050209432984980595
2025-07-25,588609.0092542261,-0.0013813991283149196,1,164.03046973623722,-0.0515214728463369
2025-07-28,599634.7902801976,0.01873192705619875,1,166.80818399856477,-0.03375464226132374
2025-07-29,595428.0454236631,-0.007015511649297035,1,166.80818399856477,-0.04053334782461859
2025-07-30,608184.0884550454,0.021423315763210216,1,169.0698284289459,-0.019978390770795107
2025-07-31,603434.4725984309,-0.0078095036466339085,1,169.0698284289459,-0.027631873101850668
2025-08-01,589355.3856058113,-0.023331592131278334,1,169.0698284289459,-0.05031876964009352
2025-08-04,610660.6749767506,0.03615015641036212,1,169.0698284289459,-0.01598764462259772
2025-08-05,604757.5683949592,-0.009666754097136132,1,169.0698284289459,-0.02549985009057476
2025-08-06,608692.9555043898,0.006507379675917413,1,169.0698284289459,-0.019158407620875617
2025-08-07,613272.9662896531,0.007524336767571249,1,169.0698284289459,-0.011778225164174372
2025-08-08,619820.5410414047,0.010676444440988364,1,170.88133562652254,-0.0012275302897647444
2025-08-11,617649.264382248,-0.0035030730919445308,1,170.88133562652254,-0.004726303253381636
2025-08-12,621381.1461401735,0.00604207269907131,1,171.7740819229181,0.0
2025-08-13,616054.810838616,-0.008571768446215544,1,171.7740819229181,-0.008571768446215544
2025-08-14,617513.5595910507,0.002367887932648305,1,171.7740819229181,-0.006224177500632311
2025-08-15,612187.276124784,-0.008625370866016335,1,171.7740819229181,-0.014795862527369863
2025-08-18,617479.607475606,0.008644954831996898,1,171.7740819229181,-0.006278817258622449
2025-08-19,595869.0600774089,-0.034997993677144845,1,171.7740819229181,-0.041057064929050036
2025-08-20,582654.5936939482,-0.022176795656656534,0,,-0.06232334644651294
2025-08-21,582654.5936939482,0.0,0,,-0.06232334644651294
2025-08-22,582654.5936939482,0.0,0,,-0.06232334644651294
2025-08-25,582654.5936939482,0.0,0,,-0.06232334644651294
2025-08-26,582654.5936939482,0.0,0,,-0.06232334644651294
2025-08-27,582654.5936939482,0.0,0,,-0.06232334644651294
2025-08-28,582654.5936939482,0.0,0,,-0.06232334644651294
2025-08-29,582654.5936939482,0.0,0,,-0.06232334644651294
2025-09-02,582654.5936939482,0.0,0,,-0.06232334644651294
2025-09-03,582654.5936939482,0.0,0,,-0.06232334644651294
2025-09-04,582654.5936939482,0.0,0,,-0.06232334644651294
2025-09-05,582654.5936939482,0.0,0,,-0.06232334644651294
2025-09-08,582654.5936939482,0.0,0,,-0.06232334644651294
2025-09-09,582654.5936939482,0.0,0,,-0.06232334644651294
2025-09-10,582654.5936939482,0.0,0,,-0.06232334644651294
2025-09-11,582654.5936939482,0.0,0,,-0.06232334644651294
2025-09-12,582654.5936939482,0.0,0,,-0.06232334644651294
2025-09-15,582654.5936939482,0.0,0,,-0.06232334644651294
2025-09-16,582654.5936939482,0.0,0,,-0.06232334644651294
2025-09-17,582654.5936939482,0.0,0,,-0.06232334644651294
2025-09-18,582654.5936939482,0.0,0,,-0.06232334644651294
2025-09-19,584760.8146233293,0.003614870546249316,1,164.48200592484443,-0.05893376672967687
2025-09-22,607731.5785856567,0.039282324307458705,1,170.8994703946869,-0.021966497759553394
2025-09-23,590586.2753284797,-0.028211967028401563,1,170.8994703946869,-0.049558746677432985
2025-09-24,594129.0086599807,0.005998671962924584,0,,-0.04385736137871998
2025-09-25,594129.0086599807,0.0,0,,-0.04385736137871998
2025-09-26,594129.0086599807,0.0,0,,-0.04385736137871998
2025-09-29,594129.0086599807,0.0,0,,-0.04385736137871998
2025-09-30,607900.7061074295,0.023179641536961615,1,172.94690356325265,-0.02169431775727404
2025-10-01,610051.0844978295,0.0035373842616002182,1,173.52759629246066,-0.018233674633874597
2025-10-02,615427.0055846148,0.008812247405822538,1,174.87944876699012,-0.009582106880042907
2025-10-03,611289.1736046614,-0.006723513824393845,1,174.87944876699012,-0.01624119527636203
2025-10-06,604512.2386101974,-0.011086299720476922,1,174.87944876699012,-0.027147440238186382
2025-10-07,602883.1897154491,-0.0026948154076972264,1,174.87944876699012,-0.02976909830565022
2025-10-08,616143.7651957949,0.021995264931179426,1,175.47368910349553,-0.008428612578465944
2025-10-09,627416.8870865874,0.01829625247804012,1,178.34253600019647,0.0
2025-10-10,596757.9539243723,-0.04886532988389891,1,178.34253600019647,-0.04886532988389891
2025-10-13,613569.8719243669,0.028172088682583585,1,178.34253600019647,-0.022069879608308196
2025-10-14,586559.9465611351,-0.04402094463751838,1,178.34253600019647,-0.06511928729743255
2025-10-15,580930.4369617902,-0.009597500873268716,0,,-0.07409180575399743
2025-10-16,580930.4369617902,0.0,0,,-0.07409180575399743
2025-10-17,580930.4369617902,0.0,0,,-0.07409180575399743
2025-10-20,580930.4369617902,0.0,0,,-0.07409180575399743
2025-10-21,580930.4369617902,0.0,0,,-0.07409180575399743
2025-10-22,577306.3867774375,-0.0062383548076876405,1,166.65422243389983,-0.07986794958904941
2025-10-23,583326.679376058,0.010428245272369407,1,167.47139640488982,-0.07027258688439575
2025-10-24,596455.9477282877,0.022507573914282597,1,171.38424563068696,-0.04934667841356155
2025-10-27,613203.9182589992,0.028079140789021073,1,176.4863268495152,-0.022653149955185525
2025-10-28,643753.6826968781,0.04981991068259206,1,184.74794712828788,0.0
2025-10-29,662999.3327056285,0.0298959843276152,1,189.86391229496954,0.0
2025-10-30,649709.8833067769,-0.020044438573744605,1,189.86391229496954,-0.020044438573744605
2025-10-31,648428.9731108054,-0.0019715110218919696,1,189.86391229496954,-0.021976431764060833
2025-11-03,662486.9392721306,0.021680040134361755,1,191.26640707934246,-0.00077284155235402
2025-11-04,636260.3017864855,-0.03958815778988811,1,191.26640707934246,-0.04033040396892096
2025-11-05,625116.4173291613,-0.017514662514751422,1,191.26640707934246,-0.05713869306907304
2025-11-06,612349.1953973686,-0.020423750805235952,0,,-0.0763954574457294
2025-11-07,612349.1953973686,0.0,0,,-0.0763954574457294
2025-11-10,623779.1528139701,0.018665750690150418,1,178.49556776657417,-0.05915568531812099
2025-11-11,605321.1512000841,-0.029590603550341377,1,178.49556776657417,-0.08699583643646502
2025-11-12,607326.7895850168,0.003313345950255231,1,178.49556776657417,-0.08397073778855568
2025-11-13,585578.277022387,-0.03581023089314139,1,178.49556776657417,-0.11677395717322148
2025-11-14,595951.099768123,0.017713810694073073,1,178.49556776657417,-0.10112865825051265
2025-11-17,584763.5253299449,-0.01877263829621434,1,178.49556776657417,-0.11800284482400869
2025-11-18,568342.5226438928,-0.028081441428459142,1,178.49556776657417,-0.14277059627715083
2025-11-19,584512.8325015012,0.028451698075282472,1,178.49556776657417,-0.11838096410117394
2025-11-20,566086.1914305165,-0.03152478448099316,1,178.49556776657417,-0.14617381420222542
2025-11-21,567114.5330004598,0.0018165812653805347,0,,-0.14462276954921394
2025-11-24,567114.5330004598,0.0,0,,-0.14462276954921394
2025-11-25,567114.5330004598,0.0,0,,-0.14462276954921394
2025-11-26,567114.5330004598,0.0,0,,-0.14462276954921394
2025-11-28,567114.5330004598,0.0,0,,-0.14462276954921394
2025-12-01,567114.5330004598,0.0,0,,-0.14462276954921394
2025-12-02,567114.5330004598,0.0,0,,-0.14462276954921394
2025-12-03,567114.5330004598,0.0,0,,-0.14462276954921394
2025-12-04,567114.5330004598,0.0,0,,-0.14462276954921394
2025-12-05,567114.5330004598,0.0,0,,-0.14462276954921394
2025-12-08,567114.5330004598,0.0,0,,-0.14462276954921394
2025-12-09,567114.5330004598,0.0,0,,-0.14462276954921394
2025-12-10,567114.5330004598,0.0,0,,-0.14462276954921394
2025-12-11,567114.5330004598,0.0,0,,-0.14462276954921394
2025-12-12,567114.5330004598,0.0,0,,-0.14462276954921394
2025-12-15,567114.5330004598,0.0,0,,-0.14462276954921394
2025-12-16,567114.5330004598,0.0,0,,-0.14462276954921394
2025-12-17,567114.5330004598,0.0,0,,-0.14462276954921394
2025-12-18,567114.5330004598,0.0,0,,-0.14462276954921394
2025-12-19,567114.5330004598,0.0,0,,-0.14462276954921394
2025-12-22,565557.0091390241,-0.002746400895768386,1,171.1741086306902,-0.14697197834114373
2025-12-23,582552.351351704,0.030050626087284815,1,176.13623504716244,-0.1213379522202972
2025-12-24,580705.0172303461,-0.0031711040511148703,1,176.13623504716244,-0.12412428099957229
2025-12-26,586616.4487890305,0.010179749413702144,1,177.7007527479478,-0.11520808566260188
2025-12-29,579504.254755171,-0.012124095818556446,1,177.7007527479478,-0.12593538761151246
2025-12-30,577410.6345040726,-0.00361277804937421,1,177.7007527479478,-0.12909318905688438
2025-12-31,574208.6325949898,-0.005545450183529921,1,177.7007527479478,-0.13392275939146636
2026-01-02,581443.9696937196,0.012600536961681508,1,177.7007527479478,-0.12300972110950736
2026-01-05,579196.3970929954,-0.0038655016095673345,1,177.7007527479478,-0.1263997284441335
2026-01-06,576487.0144804696,-0.004677830570293917,1,177.7007527479478,-0.13048628250063454
2026-01-07,582244.4466524523,0.009987097761727126,1,177.7007527479478,-0.12180236399880551
2026-01-08,569713.4873935414,-0.02152181842344103,1,177.7007527479478,-0.1407027740607184
2026-01-09,569159.2495274732,-0.0009728361331303725,1,177.7007527479478,-0.14153872945121082
2026-01-12,569405.5826942897,0.00043280183361860125,1,177.7007527479478,-0.14116718583922672
2026-01-13,572084.2030591358,0.004704239730442206,1,177.7007527479478,-0.13712703039304408
2026-01-14,563863.580330216,-0.014369602734984221,1,177.7007527479478,-0.14952617217705222
2026-01-15,575902.014366722,0.021349905289956617,1,177.7007527479478,-0.13136863650144526
2026-01-16,573377.2993144256,-0.00438393162259143,1,177.7007527479478,-0.1351766570042614
2026-01-20,546962.5398015031,-0.046068722191314526,0,,-0.17501796333729602
2026-01-21,546962.5398015031,0.0,0,,-0.17501796333729602
2026-01-22,546962.5398015031,0.0,0,,-0.17501796333729602
2026-01-23,546962.5398015031,0.0,0,,-0.17501796333729602
2026-01-26,546962.5398015031,0.0,0,,-0.17501796333729602
2026-01-27,546962.5398015031,0.0,0,,-0.17501796333729602
2026-01-28,546962.5398015031,0.0,0,,-0.17501796333729602
2026-01-29,549482.8602080528,0.004607848295176353,1,179.85669509574342,-0.17121657126610856
2026-01-30,545543.9370112333,-0.007168418675203236,1,179.85669509574342,-0.17715763787434358
2026-02-02,529788.1570111403,-0.028880863540361568,1,179.85669509574342,-0.20092203585012347
2026-02-03,530788.9729335948,0.0018890870043242192,0,,-0.19941250805260613
2026-02-04,530788.9729335948,0.0,0,,-0.19941250805260613
2026-02-05,530788.9729335948,0.0,0,,-0.19941250805260613
2026-02-06,530788.9729335948,0.0,0,,-0.19941250805260613
2026-02-09,546619.2107682755,0.029823976461284207,1,173.05035192799645,-0.17553580553756853
2026-02-10,542304.7149325351,-0.007893055623999112,1,173.05035192799645,-0.18204334728445615
2026-02-11,546647.9934087506,0.008008926267137229,1,173.25296879802116,-0.175492392763143
2026-02-12,537702.612406856,-0.016364060802846025,1,173.25296879802116,-0.18898468538037605
2026-02-13,525823.335566851,-0.02209265226893964,1,173.25296879802116,-0.20690216471105205
2026-02-17,521990.238414673,-0.007289705292454873,0,,-0.21268361419839232
2026-02-18,521990.238414673,0.0,0,,-0.21268361419839232
2026-02-19,523548.921737966,0.0029860392179494877,1,170.0871879025616,-0.21033265659345457
2026-02-20,528898.6996332884,0.010218296081220712,1,172.11723053317786,-0.20226360187285541
2026-02-23,533719.020766737,0.009113883503194087,1,174.18042587357218,-0.19499312527406698
2026-02-24,537341.232073871,0.006786738276500337,1,176.1334003804052,-0.18952975430451857
2026-02-25,544892.0993921693,0.014052276035389388,1,179.49107302596977,-0.17814080269353572
2026-02-26,515162.11038608686,-0.05456124072866242,1,179.49107302596977,-0.22298246020283896
2026-02-27,504262.400292878,-0.021157825611515024,0,,-0.2394224618069558
2026-03-02,504262.400292878,0.0,0,,-0.2394224618069558
2026-03-03,504262.400292878,0.0,0,,-0.2394224618069558
2026-03-04,504262.400292878,0.0,0,,-0.2394224618069558
2026-03-05,509537.9922742899,0.010461997520235133,1,167.61413872903333,-0.23146530148843358
2026-03-06,494196.8253395234,-0.03010799423668531,1,167.61413872903333,-0.25460433976191255
2026-03-09,507620.33579271764,0.027162275767295796,1,167.61413872903333,-0.23435769728278
2026-03-10,506165.1587824079,-0.0028666641340073795,0,,-0.23655253661145825
2026-03-11,506165.1587824079,0.0,0,,-0.23655253661145825
2026-03-12,506165.1587824079,0.0,0,,-0.23655253661145825
2026-03-13,506165.1587824079,0.0,0,,-0.23655253661145825
2026-03-16,506165.1587824079,0.0,0,,-0.23655253661145825
2026-03-17,496858.8662713969,-0.01838588126728724,1,168.7443420284435,-0.2505891910271316
2026-03-18,497613.418985792,0.0015186459689398024,0,,-0.24945110132300508
2026-03-19,497613.418985792,0.0,0,,-0.24945110132300508
2026-03-20,497613.418985792,0.0,0,,-0.24945110132300508
2026-03-23,497613.418985792,0.0,0,,-0.24945110132300508
2026-03-24,497613.418985792,0.0,0,,-0.24945110132300508
2026-03-25,497613.418985792,0.0,0,,-0.24945110132300508
2026-03-26,497613.418985792,0.0,0,,-0.24945110132300508
2026-03-27,497613.418985792,0.0,0,,-0.24945110132300508
2026-03-30,497613.418985792,0.0,0,,-0.24945110132300508
2026-03-31,497613.418985792,0.0,0,,-0.24945110132300508
2026-04-01,497613.418985792,0.0,0,,-0.24945110132300508
2026-04-02,497613.418985792,0.0,0,,-0.24945110132300508
2026-04-06,497613.418985792,0.0,0,,-0.24945110132300508
2026-04-07,497613.418985792,0.0,0,,-0.24945110132300508
2026-04-08,497613.418985792,0.0,0,,-0.24945110132300508
2026-04-09,497613.418985792,0.0,0,,-0.24945110132300508
2026-04-10,497613.418985792,0.0,0,,-0.24945110132300508
2026-04-13,505628.6760069653,0.01610739725932131,1,176.42936603908288,-0.23736171204946854
2026-04-14,524859.1833898765,0.038032865411783634,1,182.73630338566343,-0.20835639268597295
2026-04-15,531162.5186321778,0.01200957407583192,1,185.336136004877,-0.19884909014227636
2026-04-16,529773.6509213147,-0.002614769796708716,1,185.44101075368394,-0.20094391534397804
2026-04-17,538667.7248839444,0.016788441530004805,1,188.9240871621437,-0.18752900898753588
2026-04-20,539682.680796507,0.00188419663120043,1,189.4552569624589,-0.1859981538833222
2026-04-21,533860.1592415882,-0.010788787118989118,1,189.4552569624589,-0.19478024651553916
2026-04-22,540857.9079381973,0.013107830909409257,1,190.81689553978194,-0.18422556214194863
2026-04-23,533219.115127326,-0.014123474389033275,1,190.81689553978194,-0.19574713152226486
2026-04-24,556268.998514549,0.043227788976992976,1,194.8375623635697,-0.160981058239568
2026-04-27,578544.3328329006,0.04004417714781017,1,202.29743913855162,-0.127383235105345
2026-04-28,569356.4418842864,-0.01588104908680854,1,202.29743913855162,-0.1412413047826091
2026-04-29,558886.5035093955,-0.018389075111261644,1,202.29743913855162,-0.15703308293141072
2026-04-30,540135.1909409086,-0.033551199484586736,0,,-0.18531563412488605
2026-05-01,540135.1909409086,0.0,0,,-0.18531563412488605
2026-05-04,540135.1909409086,0.0,0,,-0.18531563412488605
2026-05-05,540135.1909409086,0.0,0,,-0.18531563412488605
2026-05-06,540135.1909409086,0.0,0,,-0.18531563412488605
2026-05-07,540135.1909409086,0.0,0,,-0.18531563412488605
2026-05-08,540135.1909409086,0.0,0,,-0.18531563412488605
2026-05-11,540135.1909409086,0.0,0,,-0.18531563412488605
2026-05-12,540135.1909409086,0.0,0,,-0.18531563412488605
2026-05-13,540135.1909409086,0.0,0,,-0.18531563412488605
2026-05-14,540135.1909409086,0.0,0,,-0.18531563412488605
2026-05-15,540135.1909409086,0.0,0,,-0.18531563412488605
2026-05-18,540135.1909409086,0.0,0,,-0.18531563412488605
2026-05-19,540135.1909409086,0.0,0,,-0.18531563412488605
2026-05-20,540135.1909409086,0.0,0,,-0.18531563412488605
2026-05-21,540135.1909409086,0.0,0,,-0.18531563412488605
2026-05-22,540135.1909409086,0.0,0,,-0.18531563412488605
2026-05-26,540135.1909409086,0.0,0,,-0.18531563412488605
2026-05-27,540135.1909409086,0.0,0,,-0.18531563412488605
2026-05-28,540135.1909409086,0.0,0,,-0.18531563412488605
2026-05-29,530680.086275793,-0.017505070626198105,1,194.90998474908585,-0.1995767414875893
2026-06-01,563907.271355738,0.0626124588791841,1,203.65300607099624,-0.14946027312803833
2026-06-02,560036.6276090945,-0.006863972045151656,1,203.65300607099624,-0.15529835403657855
2026-06-03,539753.4530038858,-0.03621758578863232,1,203.65300607099624,-0.18589140836505758
2026-06-04,550221.4079741997,0.01939395646671027,1,203.65300607099624,-0.1701026217797147
2026-06-05,516099.93708853435,-0.062014073591381225,1,203.65300607099624,-0.2215679388659617
2026-06-08,528089.5512069265,0.02323118694032189,0,,-0.20348403813341687
2026-06-09,528089.5512069265,0.0,0,,-0.20348403813341687
2026-06-10,528089.5512069265,0.0,0,,-0.20348403813341687
2026-06-11,528089.5512069265,0.0,0,,-0.20348403813341687
2026-06-12,528089.5512069265,0.0,0,,-0.20348403813341687
2026-06-15,528089.5512069265,0.0,0,,-0.20348403813341687
2026-06-16,528089.5512069265,0.0,0,,-0.20348403813341687
2026-06-17,528089.5512069265,0.0,0,,-0.20348403813341687
2026-06-18,528089.5512069265,0.0,0,,-0.20348403813341687
2026-06-22,528089.5512069265,0.0,0,,-0.20348403813341687
2026-06-23,528089.5512069265,0.0,0,,-0.20348403813341687
2026-06-24,528089.5512069265,0.0,0,,-0.20348403813341687
2026-06-25,528089.5512069265,0.0,0,,-0.20348403813341687
2026-06-26,528089.5512069265,0.0,0,,-0.20348403813341687
2026-06-29,528089.5512069265,0.0,0,,-0.20348403813341687
2026-06-30,528089.5512069265,0.0,0,,-0.20348403813341687
2026-07-01,528089.5512069265,0.0,0,,-0.20348403813341687
2026-07-02,528089.5512069265,0.0,0,,-0.20348403813341687
2026-07-06,528089.5512069265,0.0,0,,-0.20348403813341687
2026-07-07,528089.5512069265,0.0,0,,-0.20348403813341687
2026-07-08,528089.5512069265,0.0,0,,-0.20348403813341687
2026-07-09,528089.5512069265,0.0,0,,-0.20348403813341687
2026-07-10,528089.5512069265,0.0,0,,-0.20348403813341687
2026-07-13,514630.7065384954,-0.02548591358732899,1,191.5346396309989,-0.2237839751084768
2026-07-14,525649.2556633025,0.021410594013948403,0,,-0.20716472893240356
2026-07-15,526199.1108935841,0.0010460496697322075,1,194.64821406773157,-0.20633538385895123
2026-07-16,513570.31711842277,-0.02400002872242657,1,194.64821406773157,-0.22538335744231008
2026-07-17,501030.7954307951,-0.024416367670906935,0,,-0.2442966821910021
2026-07-20,501030.7954307951,0.0,0,,-0.2442966821910021
2026-07-21,501030.7954307951,0.0,0,,-0.2442966821910021
2026-07-22,501030.7954307951,0.0,0,,-0.2442966821910021
2026-07-23,498608.44534437795,-0.004834732931604302,1,190.8082215445382,-0.24795030590813583
2026-07-24,494022.66584987554,-0.009197155678610902,1,190.8082215445382,-0.2548670240227504
2026-07-27,469350.1888958771,-0.049941993879074276,1,190.8082215445382,-0.2920804505481026
2026-07-28,470544.4034447955,0.002544399847218104,1,190.8082215445382,-0.2902792201546346
2026-07-29,455048.31058080087,-0.03293226473537825,0,,-0.31365193276470127
2026-07-30,455048.31058080087,0.0,0,,-0.31365193276470127
2026-07-31,455048.31058080087,0.0,0,,-0.31365193276470127
2026-08-03,474937.25499778654,0.04370732503456698,1,187.0274990626744,-0.2836534947032012
2026-08-04,487118.67635046126,0.025648485614655492,1,192.56857463291712,-0.2652802916669875
2026-08-05,503850.8804098835,0.0343493379986608,1,199.20035825456893,-0.24004315607117943
2026-08-06,503322.26281492965,-0.0010491548501886383,1,199.47036034720284,-0.24084046847992135
2026-08-07,514745.2145380637,0.022695105237842794,1,204.38500758579798,-0.22361126301976175
2026-08-10,500012.58991165995,-0.028621197847608748,1,204.38500758579798,-0.24583243866752824
2026-08-11,499897.66389436653,-0.00022984624709898593,1,204.38500758579798,-0.24600578125118422
2026-08-12,515043.98009843065,0.030298833737428144,1,204.50428063528878,-0.2231606357783319
2026-08-13,517825.03540674655,0.005399646274448999,1,206.3535761151995,-0.21896597799946693
2026-08-14,517503.26360062294,-0.0006213909798139516,1,208.05643245152064,-0.21945130549566594
2026-08-17,517158.48554874264,-0.0006662335798260921,1,208.42427934919084,-0.2199713332466341
2026-08-18,505046.0478628413,-0.023421133026656604,1,208.42427934919084,-0.23824048841527024
2026-08-19,500035.56108692,-0.009920851370134987,1,208.42427934919084,-0.24579779130948898
2026-08-20,498403.73088104173,-0.003263428309640881,1,208.42427934919084,-0.24825907614852327
2026-08-21,493508.1701224139,-0.009822480160760039,1,208.42427934919084,-0.2556430364590858
2026-08-24,478319.65117245546,-0.03077663120793106,0,,-0.2785518362130399
2026-08-25,478319.65117245546,0.0,0,,-0.2785518362130399
2026-08-26,478319.65117245546,0.0,0,,-0.2785518362130399
2026-08-27,478319.65117245546,0.0,0,,-0.2785518362130399
2026-08-28,478319.65117245546,0.0,0,,-0.2785518362130399
2026-08-31,478319.65117245546,0.0,0,,-0.2785518362130399
2026-09-01,478319.65117245546,0.0,0,,-0.2785518362130399
2026-09-02,478319.65117245546,0.0,0,,-0.2785518362130399
2026-09-03,478319.65117245546,0.0,0,,-0.2785518362130399
2026-09-04,478319.65117245546,0.0,0,,-0.2785518362130399
