task_id,ticker,data_fingerprint,momentum_window,atr_window,stop_multiplier,cost_per_side,stop_slippage,bars,total_trades,win_rate,total_return,annualized_return,annualized_volatility,return_skewness,return_kurtosis,sharpe_ratio,sortino_ratio,max_drawdown,profit_factor,exposure,final_equity,deflated_sharpe_ratio
1e9a3685fb68b8a6149253139e53702b297091b86420a7226bba2add2b1c168a,PRIO3.SA,8d5188e61fa02f4e4ade81846eea29cc78ad17ae4bd13cde66772cf2b3b94ba7,45,14,3.0,0.0015,0.0,1163,28,0.4642857142857143,2.881666683702404,0.3416185663919957,0.3090745354241218,0.892495919493932,8.56926043816385,1.1040251715768303,1.8316888662789579,-0.23562183418729798,4.4904952866735615,0.41444539982803097,3.881666683702404,0.9171418511969172
ab4dd6ba3cfd95d4d1d94c760f38641c00e2a096b7f8471a12f69ab08b63352e,VALE3.SA,dac5522ae92f306ae7f13023cdcadc9afa05574295f8ffd706c9f04b87e79a3e,20,14,2.0,0.0015,0.0,1163,47,0.5106382978723404,1.3230320053564748,0.2003757256015537,0.18420436374399723,1.4538629291598526,12.467354270298175,1.08282753761237,1.859723176468841,-0.1540691196529712,2.7574094923649266,0.3379191745485813,2.323032005356475,0.7593240515238739
106a2463d480f347ea01dd751dac4867865e4a828a972752dfee15aefc31b00f,VALE3.SA,dac5522ae92f306ae7f13023cdcadc9afa05574295f8ffd706c9f04b87e79a3e,20,14,2.5,0.0015,0.0,1163,47,0.48936170212765956,1.4806384683419753,0.21757131280984643,0.20038330787994335,1.2514261126429969,10.052229102610172,1.0818339396050554,1.8382256436320121,-0.1583718922121664,2.840835808190809,0.4032674118658641,2.4806384683419753,0.7573148383199271
a6c68e9d86a07de2ade8e5e41c432b41d1857f0e89f8f6aafe64d5d41f557031,WEGE3.SA,b67fb8f3e724dc522918a81ef29842c7bc0be6cabee33d7155075bae21bae18a,45,14,2.0,0.0015,0.0,1163,30,0.3333333333333333,1.1394466012592477,0.17915269498921194,0.19012764554748063,1.4451425149658894,43.7216068036346,0.9611603653834182,1.5973176243707372,-0.21734692861900884,2.9685620362510003,0.25623387790197766,2.1394466012592477,0.6929586211212052
b2354a22834b2d0dad0701db23e2485d9bcab9b7ac8100d7dcdc8521ed690260,PRIO3.SA,8d5188e61fa02f4e4ade81846eea29cc78ad17ae4bd13cde66772cf2b3b94ba7,45,14,2.5,0.0015,0.0,1163,28,0.42857142857142855,1.9501355784178296,0.2641710127788679,0.2865353000783948,0.9885616618255425,10.269578891560716,0.9599999760098362,1.5885171740284008,-0.2589271652499653,3.7688825819428153,0.3353396388650043,2.9501355784178296,0.857103924428674
6b07c9a11af24f37ab1c237d0b05fd8d20812c3559f9ebc42989a0261b992e96,VALE3.SA,dac5522ae92f306ae7f13023cdcadc9afa05574295f8ffd706c9f04b87e79a3e,20,14,3.0,0.0015,0.0,1163,47,0.5106382978723404,1.2044145670246116,0.1868207441399885,0.20700183272972716,1.1101108471337195,9.44183861868775,0.9301185022698454,1.5495416441461658,-0.18383578317869698,2.5895844039167817,0.43594153052450557,2.2044145670246116,0.6389853020898586
efdcf5259615d05b0eeb5b077b089a8f66eb87976c6e61e634b0558bff90680d,PRIO3.SA,8d5188e61fa02f4e4ade81846eea29cc78ad17ae4bd13cde66772cf2b3b94ba7,30,14,3.0,0.0015,0.0,1163,42,0.4523809523809524,2.2241009052950558,0.28873163094606524,0.3375644644736533,1.5625973363991739,14.030696217869984,0.9169940724001762,1.5724179977774912,-0.2598066834265996,3.0179062995049737,0.4411006018916595,3.2241009052950558,0.8382544911350989
428e7e23ce5f5df9080d692e9b150797b75b4598335aba797904c92e56685d52,VALE3.SA,dac5522ae92f306ae7f13023cdcadc9afa05574295f8ffd706c9f04b87e79a3e,60,14,2.0,0.0015,0.0,1163,20,0.35,0.6713092654712884,0.1177178184337575,0.1359387743941501,3.0344621630131168,36.135586195589184,0.8856392199951373,1.587767038466973,-0.2495593757538105,2.8382050166870836,0.17196904557179707,1.6713092654712884,0.606294531063324
72c24ed034c43c9dd9366d0f2f64b7371f629602d374715b1eaea4fec66ac465,PRIO3.SA,8d5188e61fa02f4e4ade81846eea29cc78ad17ae4bd13cde66772cf2b3b94ba7,45,14,1.5,0.0015,0.0,1163,28,0.42857142857142855,1.0544765407288148,0.16884360484073446,0.1988353336705439,2.553671928963851,23.726035814769908,0.8822095540873561,1.628186306886221,-0.28230085534782534,2.74884292257758,0.14445399828030955,2.054476540728815,0.8244674918005721
38f9e8fe7558282e52ae916c8a1cddced12adb63d35f0f9206b35f19467f55ce,VALE3.SA,dac5522ae92f306ae7f13023cdcadc9afa05574295f8ffd706c9f04b87e79a3e,45,14,2.0,0.0015,0.0,1163,33,0.36363636363636365,0.7635484915812325,0.13080434574244504,0.15515908071400777,2.636485038923004,26.457651882937263,0.8687057349909971,1.5484939707964052,-0.2128829018670172,2.484115375234585,0.21668099742046432,1.7635484915812325,0.5902564464629201
8c1b74bd986badbed83e628750cbf841b706aebec555e7e628ddf7d7dda4f2bb,PRIO3.SA,8d5188e61fa02f4e4ade81846eea29cc78ad17ae4bd13cde66772cf2b3b94ba7,45,14,2.0,0.0015,0.0,1163,28,0.5,1.2191285663872025,0.18853277296560522,0.23341836530460605,1.6552618467915579,16.419376758025408,0.8550334273718667,1.4771392675443062,-0.2507564076611899,3.1800946319226946,0.23301805674978504,2.2191285663872025,0.8017769392698755
b6725485184940b4faa9e01fe3140550384912a72927bda77e0d974f5315c6ad,PRIO3.SA,8d5188e61fa02f4e4ade81846eea29cc78ad17ae4bd13cde66772cf2b3b94ba7,30,14,2.5,0.0015,0.0,1163,42,0.4523809523809524,1.7944381977163721,0.2494058623736657,0.3196861924213282,1.7519796954505784,16.55526902779372,0.8530907801033822,1.470878653642241,-0.24358182504111836,2.912208345632189,0.39552880481513325,2.794438197716372,0.80119955142176
e9673f0d44e0705aea1f45cc9233293a4914ae8816eef214f2108d5cd18c1a7b,VALE3.SA,dac5522ae92f306ae7f13023cdcadc9afa05574295f8ffd706c9f04b87e79a3e,45,14,2.5,0.0015,0.0,1163,33,0.36363636363636365,0.873406422937097,0.1457086044997289,0.18135430057101565,1.9137031974403167,17.711205183974545,0.8395686109784071,1.4426998253094072,-0.24695690256235137,2.409702768424039,0.294067067927773,1.873406422937097,0.5628170591392152
12e904c192c8f267d45e7918da3c702a733b2a1249905eb202888fb1519e1980,VALE3.SA,dac5522ae92f306ae7f13023cdcadc9afa05574295f8ffd706c9f04b87e79a3e,60,14,2.5,0.0015,0.0,1163,20,0.35,0.7282366659439279,0.12585925327368908,0.156393289408041,2.3785341482536837,24.44164988728384,0.8351384402965941,1.4587190335152649,-0.26259908181513647,2.7339139775723162,0.235597592433362,1.7282366659439279,0.5595184160188044
42f221a0178e97573e3b0d12451bae413d18ea01a70502ece6b0d34f72b303a7,WEGE3.SA,b67fb8f3e724dc522918a81ef29842c7bc0be6cabee33d7155075bae21bae18a,15,14,2.5,0.0015,0.0,1163,72,0.3888888888888889,1.2294581899831085,0.1897293584288573,0.2448160865005102,1.4911904306059314,15.256920703978196,0.8303993471972592,1.3837537699445233,-0.4076624619732462,1.9726296527450082,0.4866723989681857,2.2294581899831085,0.58656601927052
a2268696ce2d75639ec08df1f855df5dd40c04c5a8b0c354559bc2852e86c12c,PRIO3.SA,8d5188e61fa02f4e4ade81846eea29cc78ad17ae4bd13cde66772cf2b3b94ba7,15,14,1.5,0.0015,0.0,1163,73,0.3424657534246575,1.7137659388319624,0.24150049576846122,0.3403468860979413,2.9293017565565282,32.0845751131171,0.7996907439222884,1.4437633534464696,-0.3864693583682537,2.032664031165066,0.33276010318142735,2.7137659388319624,0.7717556323986113
867ba8d8fab42463212967f075170e0aae2c7ed6f4c11b46ba81d5a1fe46b007,PRIO3.SA,8d5188e61fa02f4e4ade81846eea29cc78ad17ae4bd13cde66772cf2b3b94ba7,30,14,2.0,0.0015,0.0,1163,42,0.4523809523809524,1.2548392295455901,0.19265116440181274,0.2850360195812675,2.3606569069303873,23.476886791958872,0.7570454746917704,1.3390322373059989,-0.27405764319686365,2.2226633214041573,0.31556319862424764,2.25483922954559,0.7377526938586562
ffffabd4217a319b96c107d2b1f715618f49ebcd0d947d338cd0aecf90022c20,WEGE3.SA,b67fb8f3e724dc522918a81ef29842c7bc0be6cabee33d7155075bae21bae18a,15,14,3.0,0.0015,0.0,1163,72,0.3888888888888889,1.0351631135085295,0.16645392111213875,0.2463648251905173,1.4483356590436764,14.977972577671423,0.7465014281911234,1.231796620713021,-0.42260283769693874,1.8597657203268,0.49699054170249357,2.0351631135085295,0.5127423069308052
5234f35f56812559c1cf891438382103016667730a3bd5f984d6644b397be848,VALE3.SA,dac5522ae92f306ae7f13023cdcadc9afa05574295f8ffd706c9f04b87e79a3e,30,14,2.5,0.0015,0.0,1163,42,0.3333333333333333,0.7557865562729815,0.1297240544659375,0.18870359976614878,1.613498188645867,14.33830064790543,0.7396360416397506,1.2423284880568568,-0.2651033060901048,2.015929628670252,0.3473774720550301,1.7557865562729815,0.47368898595914116
58e609aa2ddb0dbc12e54e3e23333cae14c596105404f49dfe951222ef47e5c9,PRIO3.SA,8d5188e61fa02f4e4ade81846eea29cc78ad17ae4bd13cde66772cf2b3b94ba7,60,14,3.0,0.0015,0.0,1163,29,0.3103448275862069,1.1736823895057618,0.1832158655962206,0.28790071668642125,0.7198851087831787,9.343612780391366,0.7272120296492272,1.1482767779688352,-0.2505855012100392,2.5841026465776045,0.36113499570077384,2.1736823895057618,0.7080394098993036
7f1188c281ecbb2f4d19d0f8c90b9b372e20ba54c92dc5fcf2147798c10d5a0e,VALE3.SA,dac5522ae92f306ae7f13023cdcadc9afa05574295f8ffd706c9f04b87e79a3e,60,14,3.0,0.0015,0.0,1163,19,0.42105263157894735,0.6254992249954123,0.11100707113048136,0.16359781176715543,2.148587916888858,21.7561010418474,0.7241577604532246,1.2367791809197501,-0.27740098733062246,2.533501950682908,0.2553740326741187,1.6254992249954123,0.4595839024583951
1a4c707f9d0c404b146a43d56eab3686d6c370c04be7edc9a6bff8de4862d427,WEGE3.SA,b67fb8f3e724dc522918a81ef29842c7bc0be6cabee33d7155075bae21bae18a,45,14,2.5,0.0015,0.0,1163,30,0.3333333333333333,0.8244459062262375,0.13915317161843044,0.21115029630158744,1.0456636180399705,31.477063880915097,0.7219155763752217,1.1446712172516391,-0.2786848850117055,2.525321083478838,0.32674118658641443,1.8244459062262375,0.49115068981044946
c18945956f4bfc164f9b434c65d4eb5ca1c4a4f0f70718d5187bb3a5f5e4d36c,WEGE3.SA,b67fb8f3e724dc522918a81ef29842c7bc0be6cabee33d7155075bae21bae18a,15,14,2.0,0.0015,0.0,1163,72,0.375,0.9472766567713962,0.1553497469411429,0.2394784990365608,1.5590340598460333,16.609429413444367,0.7210530935312522,1.1968415872641671,-0.4043586288276908,1.8109321487423755,0.4342218400687876,1.9472766567713962,0.49024271507653827
2936e2ccbdb6cb98d05fa38709875f8e267f456d974a6d4a83062d9ad67a9700,WEGE3.SA,b67fb8f3e724dc522918a81ef29842c7bc0be6cabee33d7155075bae21bae18a,60,14,2.0,0.0015,0.0,1163,26,0.34615384615384615,0.5791470916630557,0.10406439259453193,0.15541362612339066,4.655383712657393,59.11947238745479,0.7125762271121473,1.3646004694097484,-0.332711066953025,2.409293996221022,0.2063628546861565,1.5791470916630557,0.4815580827320318
e6bbea967d25c6e788301a52538a894036b2580eb1ec9205466d102f48955aa9,VALE3.SA,dac5522ae92f306ae7f13023cdcadc9afa05574295f8ffd706c9f04b87e79a3e,45,14,3.0,0.0015,0.0,1163,33,0.36363636363636365,0.6949789742519255,0.1211289119455794,0.18707105577378996,1.8211822941817157,16.420562163518355,0.7035005503744058,1.1959917474325052,-0.2783059988710128,2.0945872518952164,0.3164230438521066,1.6949789742519255,0.4416514457604104
444a63fedc569e82a7bb6b109c0baf7ab40eb9430b0b1fc10337809fac7b653c,BBDC4.SA,4f2191358cc52e9018aa04788b147ab245a0dc35638103c37c6b1ee0c4c48ba1,30,14,2.0,0.0015,0.0,1163,44,0.4772727272727273,0.642346303850529,0.11349203350719383,0.17447716636515276,1.120120751848699,19.3786436278917,0.7027683365795215,1.1252567509300353,-0.322525749694201,1.9420611042229994,0.26053310404127256,1.642346303850529,0.6021546316535726
8316970769ae127b30e40f6cc7c833a19d9fdb2520d63d96483de2b2c42707bc,ITUB4.SA,5985bb264ae48ba470e29d32102683299f4b248f48433515690421888e36e29f,30,14,1.5,0.0015,0.0,1163,41,0.36585365853658536,0.4744080307988381,0.0877679253219199,0.13603520906658045,1.613257486990633,20.5031581541911,0.6858874106686028,1.1303713147408165,-0.19173572701743635,2.042469441446405,0.21668099742046432,1.474408030798838,0.5570458319476449
75cdbb0e341076b16125eaa6bc611cd8f8f6ecabfa00f4235cacbfeb13cf866a,PRIO3.SA,8d5188e61fa02f4e4ade81846eea29cc78ad17ae4bd13cde66772cf2b3b94ba7,30,14,1.5,0.0015,0.0,1163,42,0.40476190476190477,0.9138614797228939,0.1510247141226604,0.2529817074063066,3.3934773919316505,35.06353116178276,0.6783817279927247,1.2830864559646113,-0.3299925427803745,2.1158259663030665,0.19690455717970765,1.9138614797228939,0.6794430223327519
5fdb944f8372fe08cd73003cfe24c6e664d4c2da1a4930c2c31b2838b1f8725e,SMTO3.SA,af537ffb25e029f80e1bee6c804cd42412ab25bbb83c79c679269a354f378060,20,14,1.5,0.0015,0.0,1163,45,0.5111111111111111,0.7019113585260248,0.12212088560512635,0.20064724269538606,0.37751730345218126,16.108043899029408,0.6743659716909912,1.0282321736308406,-0.22075086787810005,1.8705562092442978,0.22098022355975924,1.7019113585260248,0.5524021284710641
c839f96335c3b8b6003ee7813cbc607611216004aea9a1f9d708c84db2649d7f,VALE3.SA,dac5522ae92f306ae7f13023cdcadc9afa05574295f8ffd706c9f04b87e79a3e,30,14,2.0,0.0015,0.0,1163,42,0.3333333333333333,0.5744396183867584,0.10335040910284476,0.167946142986207,1.8697057594311512,19.069901803693334,0.6685694947475217,1.1218632736169993,-0.2258429659228952,1.8691134408258692,0.27343078245915736,1.5744396183867584,0.41122111234780606
1e22f1e8e3e72572ead0386efb9ada004f205ef255c5ea47f0de27a5b9cdedbb,BBDC4.SA,4f2191358cc52e9018aa04788b147ab245a0dc35638103c37c6b1ee0c4c48ba1,30,14,1.5,0.0015,0.0,1163,44,0.5,0.5468201390946437,0.09912733471283519,0.16162889071603234,1.5728064704839881,23.056221919772735,0.6648264484096351,1.0903337146735048,-0.2840139453227586,1.8707702158027286,0.20980223559759242,1.5468201390946437,0.5703228269305257
18b1813d316a9c887907432a124a0873e58340ad846661688b1f887353673840,PRIO3.SA,8d5188e61fa02f4e4ade81846eea29cc78ad17ae4bd13cde66772cf2b3b94ba7,10,14,3.0,0.0015,0.0,1163,85,0.36470588235294116,1.4073419707328858,0.20968414462089435,0.40800623639655326,2.599735430055828,28.420215354046494,0.6628826544402723,1.1515316775303306,-0.37645556523171997,1.7876740760721928,0.5528804815133276,2.407341970732886,0.6636953035018412
f11641c1ca202f1992b67788a5b323767bdca4a4f505f42acbf04b3d34f344fd,BBDC4.SA,4f2191358cc52e9018aa04788b147ab245a0dc35638103c37c6b1ee0c4c48ba1,60,14,2.5,0.0015,0.0,1163,22,0.5454545454545454,0.5176604877576108,0.09460417172157065,0.15526054778212064,1.1104997353535293,15.882053703700642,0.6593327540463955,1.0561280259781336,-0.1499441757486556,2.4650519302594294,0.2467755803955288,1.5176604877576108,0.564988629435388
5bc1f06f41f7e35ae1d2738d05dd5e1e43df3f5b51c7da5b8a0140d047204dfe,SMTO3.SA,af537ffb25e029f80e1bee6c804cd42412ab25bbb83c79c679269a354f378060,45,14,1.5,0.0015,0.0,1163,20,0.55,0.49345298622999234,0.09079716368836377,0.14901109003653937,1.1556734181859176,25.436510938141673,0.657291683827556,1.0270446043200114,-0.22329598617307078,2.5115912366917157,0.1590713671539123,1.4934529862299923,0.5383492533740968
d676756a378dc226976d714fabf6fc526b4975bf410dddd35bbfce0c47dfaaa5,WEGE3.SA,b67fb8f3e724dc522918a81ef29842c7bc0be6cabee33d7155075bae21bae18a,20,14,2.0,0.0015,0.0,1163,57,0.3157894736842105,0.7717901958848723,0.13194734112575546,0.2318459528435408,1.6434218846943445,19.355672961502236,0.6488340728415772,1.0752985224662608,-0.3961485392513333,1.7469591811304814,0.38779019776440243,1.7717901958848723,0.4268780341028846
e12b5b4e5ec16ef8f2149da6733961d1b69fe26bfef9e0dce77a59675a639b41,PRIO3.SA,8d5188e61fa02f4e4ade81846eea29cc78ad17ae4bd13cde66772cf2b3b94ba7,10,14,1.5,0.0015,0.0,1163,85,0.3764705882352941,1.1747750623014785,0.18334471824991994,0.3627790630957037,3.719793272231022,43.59512159198973,0.6367340328888673,1.1732739899888636,-0.4633786002016138,1.811639088846029,0.3748925193465176,2.1747750623014785,0.6446236085027945
b78fe49b36210d66a9c6a9bba3af59fe4d7a70d3149643a01605807eb023c57a,WEGE3.SA,b67fb8f3e724dc522918a81ef29842c7bc0be6cabee33d7155075bae21bae18a,20,14,2.5,0.0015,0.0,1163,57,0.3333333333333333,0.7299461197603674,0.12610046082750892,0.24513761203418216,1.5200762222021464,15.628603438192147,0.6052678377729332,0.9994842982728264,-0.40639350747380343,1.7403703842839604,0.47463456577815993,1.7299461197603674,0.3898250157542352
916e60144e3573c15d58cee82f0a17db2acc30bd9346841b95cf43dce1208684,ITUB4.SA,5985bb264ae48ba470e29d32102683299f4b248f48433515690421888e36e29f,30,14,3.0,0.0015,0.0,1163,41,0.4146341463414634,0.5369525816787459,0.0976042413306395,0.18467694919906547,0.6199881206917895,10.321541635224376,0.5962144949754505,0.9130905368265024,-0.18769637368431358,1.989951863289822,0.4204643164230438,1.536952581678746,0.4784539446200713
9dd55eef3590ef053854fbec3062036d8fc388f2e9c5f490a3b61ae0d5c8f835,WEGE3.SA,b67fb8f3e724dc522918a81ef29842c7bc0be6cabee33d7155075bae21bae18a,30,14,2.0,0.0015,0.0,1163,37,0.40540540540540543,0.56773517119753,0.10233065185041967,0.19730312044654646,2.4486937649266394,27.997223325416503,0.5906077241540442,0.9999282361390811,-0.35002655597821397,1.8340850895005416,0.3310404127257094,1.56773517119753,0.3756109126076851
691f641a5532f1562e773e834028a56363b952b9df789970f43be20d60e1e0e7,PRIO3.SA,8d5188e61fa02f4e4ade81846eea29cc78ad17ae4bd13cde66772cf2b3b94ba7,60,14,2.5,0.0015,0.0,1163,29,0.3103448275862069,0.7796095677192767,0.13302792196473212,0.27660253034853954,0.7351612118732769,10.891771967891446,0.5887681968856526,0.9224714384208189,-0.3202910158719037,2.2014453164926087,0.3000859845227859,1.7796095677192767,0.5969407609330271
ab2fc420e456c355dced49eabeda2c6f99d301a52b4ab63ab724a4acab23d289,PRIO3.SA,8d5188e61fa02f4e4ade81846eea29cc78ad17ae4bd13cde66772cf2b3b94ba7,15,14,2.0,0.0015,0.0,1163,72,0.3194444444444444,1.0125415165031426,0.16363221642667525,0.3751707439790261,2.126055273900646,23.33674605428046,0.5861191835648892,0.9918409283401339,-0.41669733497843864,1.7083240815112692,0.4419604471195185,2.0125415165031426,0.5970307920029845
534c4824c0efeaa2f08a37cdd97ba500d062fa88b24af162dcdf4c2b729d9883,SMTO3.SA,af537ffb25e029f80e1bee6c804cd42412ab25bbb83c79c679269a354f378060,45,14,2.0,0.0015,0.0,1163,20,0.55,0.47676685709591315,0.08814477087474915,0.1691745351845166,0.5094642159740941,18.831212181408976,0.5836772905627972,0.8774556504992831,-0.22615897794667794,2.4036997920435152,0.2235597592433362,1.4767668570959132,0.4744753768749123
8ab92dc530b5e91bed24fdea9cb56cb40020b8c1daf863d3b6c5e620460e5999,BBDC4.SA,4f2191358cc52e9018aa04788b147ab245a0dc35638103c37c6b1ee0c4c48ba1,30,14,2.5,0.0015,0.0,1163,44,0.45454545454545453,0.47826381661531614,0.08838368029426524,0.17617718309128083,1.1439348763525894,18.007997859042273,0.5681380046846288,0.8999777440594906,-0.3228495464558776,1.744232210449242,0.2717110920034394,1.4782638166153161,0.4855910496943602
8b04187ec56d9404cfdaf83a8a413098e33903427748728abf5d894ddd5db7fe,SMTO3.SA,af537ffb25e029f80e1bee6c804cd42412ab25bbb83c79c679269a354f378060,45,14,3.0,0.0015,0.0,1163,20,0.55,0.5795569828075844,0.10412648193323171,0.21637188047657133,0.5531977206664859,11.444018202057322,0.5654926909496222,0.85797542508777,-0.31221652661518995,2.4037679971225336,0.36027515047291486,1.5795569828075844,0.4587762866501185
2af31dd9c18b5b0b7717a415fa1ade08f6308b7f6b8426db075194288ffca246,VALE3.SA,dac5522ae92f306ae7f13023cdcadc9afa05574295f8ffd706c9f04b87e79a3e,30,14,3.0,0.0015,0.0,1163,42,0.3333333333333333,0.5128883481306734,0.09385746173324061,0.19209349237982756,1.4913414750397527,13.7230608091918,0.5619572947347178,0.9241625926064492,-0.30826712334874995,1.7523923661975371,0.3645743766122098,1.5128883481306734,0.32400178040567906
592ea12aa3ea81a08b4b1888f21f7b7bbcb355366f3591e5811d0a2a5cefd536,VALE3.SA,dac5522ae92f306ae7f13023cdcadc9afa05574295f8ffd706c9f04b87e79a3e,45,14,1.5,0.0015,0.0,1163,33,0.42424242424242425,0.3554124961354497,0.06811344334582103,0.135956554681977,3.2644191185083544,40.226740552107195,0.551462421717598,0.9755808478683988,-0.18660982833631423,1.897057555321132,0.14273430782459157,1.3554124961354497,0.31082008679086603
6bdab4c9403aff74cba918053a184831a5273a767580a370aa2d5b10118e1373,VALE3.SA,dac5522ae92f306ae7f13023cdcadc9afa05574295f8ffd706c9f04b87e79a3e,60,14,1.5,0.0015,0.0,1163,20,0.35,0.31072562506224943,0.0603825491639185,0.11907810641260139,3.7494734552556905,53.18634887708102,0.5508632912218454,0.971576397959378,-0.22650686758518734,2.0270201288071057,0.11006018916595013,1.3107256250622494,0.3090809183833847
b255aa552179d287d808fdb32c70dcf14f01cb1cbe60acd1db1346dab1d33ba8,PRIO3.SA,8d5188e61fa02f4e4ade81846eea29cc78ad17ae4bd13cde66772cf2b3b94ba7,15,14,3.0,0.0015,0.0,1163,72,0.2916666666666667,0.9186779902030684,0.15165176075742615,0.4007545934822199,1.657573856459862,18.991466330019023,0.5479459205060306,0.9005268526830092,-0.40097627828567883,1.6093057309665668,0.5563198624247635,1.9186779902030684,0.5631687654174453
629691031b0d4d2ab39e9455792ef396eb6b742777b38cce76f297ccd910c8b3,WEGE3.SA,b67fb8f3e724dc522918a81ef29842c7bc0be6cabee33d7155075bae21bae18a,45,14,1.5,0.0015,0.0,1163,30,0.4,0.3657472824718928,0.0698728863366922,0.14266166173965067,-2.236356446067896,59.08390727288286,0.5458734906569495,0.7653928602064435,-0.1820383162850998,1.7958494200763466,0.18400687876182287,1.3657472824718928,0.3511284686110252
5c5d1ece4d8534bae464620d98a25ba2305e4e53a74a880d8c868d38974602e7,BBDC4.SA,4f2191358cc52e9018aa04788b147ab245a0dc35638103c37c6b1ee0c4c48ba1,60,14,2.0,0.0015,0.0,1163,22,0.5,0.36054967904381274,0.06898933026261145,0.14637961062780397,0.9050376571139986,17.307235374078978,0.5285680494423753,0.8265812316800509,-0.19486445971152055,2.020029537255157,0.20120378331900257,1.3605496790438127,0.45144068533090387
8dd86e55a5ce17229d02b921003e58b53502c76d927e3d1509baf47a7eaf83f6,BBDC4.SA,4f2191358cc52e9018aa04788b147ab245a0dc35638103c37c6b1ee0c4c48ba1,30,14,3.0,0.0015,0.0,1163,44,0.4318181818181818,0.4490793062750986,0.08369135464806332,0.19044027036152691,0.9797527818571088,14.768742951431292,0.516558231189542,0.81271391012194,-0.3474433976569745,1.6668989642024183,0.3284608770421324,1.4490793062750986,0.44103405156532743
6c2fb1034ed80c2e204a6b5b5f6737a774381587b51e4e8132c3764691a6367e,ITUB4.SA,5985bb264ae48ba470e29d32102683299f4b248f48433515690421888e36e29f,30,14,2.0,0.0015,0.0,1163,41,0.3902439024390244,0.346495258766782,0.066586865163484,0.1449889674498001,1.4009499119367326,18.1635635312377,0.5165137216755658,0.8268725770418259,-0.23642811935679986,1.7550681370525958,0.2467755803955288,1.346495258766782,0.40928167429074364
44b64e7e119cccf100d63dfdccefd35168e795a6fdbceb4b939dc3a91d0de357,PRIO3.SA,8d5188e61fa02f4e4ade81846eea29cc78ad17ae4bd13cde66772cf2b3b94ba7,10,14,2.0,0.0015,0.0,1163,85,0.32941176470588235,0.7940500340722803,0.13501375232141188,0.3802531977949935,3.171085730150832,36.867519945895545,0.5150270734756885,0.9066883134535928,-0.5167073134338106,1.6246611400922149,0.468615649183147,1.7940500340722803,0.5352096269164552
c8a6506c79d51b664a353b85dafb502d90c404e642a7b0bbaa64df2682a05e93,WEGE3.SA,b67fb8f3e724dc522918a81ef29842c7bc0be6cabee33d7155075bae21bae18a,20,14,3.0,0.0015,0.0,1163,57,0.3333333333333333,0.5530417751702279,0.10008375891052057,0.2474421485499361,1.4550650679902266,15.182707339152026,0.5074587277674495,0.8266531881649443,-0.4157578676520043,1.6332731550349686,0.4866723989681857,1.553041775170228,0.3109952773801343
1972f5bd11c3b69d68f43fdb9d5f5ad9fe775a9f430a52a151e5e535e974b807,WEGE3.SA,b67fb8f3e724dc522918a81ef29842c7bc0be6cabee33d7155075bae21bae18a,60,14,2.5,0.0015,0.0,1163,26,0.34615384615384615,0.39175332449443845,0.07425458333517576,0.1709956979184757,3.00676973004064,44.55204159279971,0.5026989021916317,0.8541077816882443,-0.39914455930629167,1.947984536232805,0.2510748065348237,1.3917533244944384,0.3033687470839306
8498ec4f2d7e38516408f652c25cecc25ddff3feb9c149329711bfdc49c24739,BBDC4.SA,4f2191358cc52e9018aa04788b147ab245a0dc35638103c37c6b1ee0c4c48ba1,60,14,3.0,0.0015,0.0,1163,22,0.5454545454545454,0.3613012086307126,0.06911724834488742,0.15761787638025726,0.964546538997909,15.771606429525916,0.5023503407191479,0.7879954492878549,-0.18681597727019184,2.0573757848506746,0.25709372312983664,1.3613012086307126,0.4289031441840825
50929d2712c97416ffdeb0ad342f07d0df9cd879a128c828f83318216578029d,WEGE3.SA,b67fb8f3e724dc522918a81ef29842c7bc0be6cabee33d7155075bae21bae18a,45,14,3.0,0.0015,0.0,1163,30,0.3,0.4653994057771085,0.08632434909865117,0.21467840972369526,0.9631351941577981,29.6601649722187,0.49231082770384454,0.7633653424052542,-0.33805581377697946,1.9652766449195,0.33963886500429924,1.4653994057771085,0.30122196077460495
3902385600fef15cb2d57dd8aecfe844301d9c9e78cd2269ca93b7bb4bc60b49,SMTO3.SA,af537ffb25e029f80e1bee6c804cd42412ab25bbb83c79c679269a354f378060,45,14,2.5,0.0015,0.0,1163,20,0.5,0.3958843770432521,0.07494469950917804,0.18144100881876982,0.6358848078575017,14.990876861213918,0.48861969066825023,0.7384922394297092,-0.25577499631108336,2.172451843675225,0.2708512467755804,1.395884377043252,0.39360251413727915
49089d27e11575fa4bcb3f8bd19ef2c74541f6e7391ab091bac7ecd13d556b8a,SMTO3.SA,af537ffb25e029f80e1bee6c804cd42412ab25bbb83c79c679269a354f378060,30,14,1.5,0.0015,0.0,1163,37,0.40540540540540543,0.3973792522119277,0.07519403284618797,0.1894913572300652,0.9278801454552724,18.019811916243064,0.47671163558627083,0.7324063573792775,-0.37632809153223445,1.6174688611430366,0.20894239036973344,1.3973792522119277,0.38327235088802714
48c10d3241dde2ccd34cc5718495db0e24c9a59a1900f5d31cafbf162638be28,PRIO3.SA,8d5188e61fa02f4e4ade81846eea29cc78ad17ae4bd13cde66772cf2b3b94ba7,15,14,2.5,0.0015,0.0,1163,72,0.2638888888888889,0.6645278782292796,0.11673356710168092,0.3955684544533149,1.7420875373851041,19.82767663228883,0.4719962643476484,0.7752118113453061,-0.4629110110305057,1.5432953701839307,0.5004299226139295,1.6645278782292796,0.4966233704264178
40fe8d6262cc34d75907adba4ab576c0d8c5a4e208a49d304e6628384f5a775b,SMTO3.SA,af537ffb25e029f80e1bee6c804cd42412ab25bbb83c79c679269a354f378060,20,14,3.0,0.0015,0.0,1163,45,0.4666666666666667,0.4752011558422786,0.087894687464386,0.2681599702885003,0.33895681493202595,8.637346352895008,0.4477524940391832,0.6634237428898008,-0.39281499758835203,1.5189385584965396,0.44969905417024936,1.4752011558422786,0.3605711528417656
4751ed3be9605218ca0e73e4917eaa7ed6a14c1d0dee881717ea07179413158f,PRIO3.SA,8d5188e61fa02f4e4ade81846eea29cc78ad17ae4bd13cde66772cf2b3b94ba7,20,14,3.0,0.0015,0.0,1163,61,0.3770491803278688,0.5623978829501028,0.1015163966576682,0.36321467570376914,0.4547070971643912,7.380478887415155,0.4466496903434828,0.67794283229777,-0.4410264416371926,1.518519851956356,0.5631986242476354,1.5623978829501028,0.4748623325896605
d6b86caa9c78b197cb085dc589adb7eabf26b35f2d35f1bacc083e40a26f25ff,ITUB4.SA,5985bb264ae48ba470e29d32102683299f4b248f48433515690421888e36e29f,60,14,1.5,0.0015,0.0,1163,24,0.3333333333333333,0.19789816886581102,0.039901255102072986,0.09923048065976081,0.3593680684510728,20.42605653944736,0.44383135817621044,0.6586380880470505,-0.25183872315276923,1.5605381901110535,0.16079105760963028,1.197898168865811,0.3512652990764451
b91ed8909400774e7353f41558fcde54a7bc68450e1c4e1901b35676e936c72f,PRIO3.SA,8d5188e61fa02f4e4ade81846eea29cc78ad17ae4bd13cde66772cf2b3b94ba7,10,14,2.5,0.0015,0.0,1163,85,0.3411764705882353,0.5673513744446304,0.10227217244485876,0.399977861600478,2.691912258332255,30.733098595397756,0.43578096371812447,0.743047186132565,-0.5674393162672158,1.5267847484958719,0.5184866723989682,1.5673513744446304,0.4644916301056458
d3dce1e56d849b09061456ed42517429b3ec8a8d33431f22571e1ec2b4cfb539,SMTO3.SA,af537ffb25e029f80e1bee6c804cd42412ab25bbb83c79c679269a354f378060,10,14,1.5,0.0015,0.0,1163,71,0.4507042253521127,0.3910110370059483,0.07413040991204078,0.24484226736888054,-0.08040749610734246,9.256981245518578,0.41460845522977885,0.5978582963580472,-0.42482416243859866,1.3498706357070902,0.351676698194325,1.3910110370059483,0.3350831066092692
228688fcc3c767d5cd3d36a0d36a3a17433cb3349e3996375c2664679747b9f2,WEGE3.SA,b67fb8f3e724dc522918a81ef29842c7bc0be6cabee33d7155075bae21bae18a,10,14,2.5,0.0015,0.0,1163,78,0.2692307692307692,0.3949907536200634,0.0747955502961779,0.2590519566611239,0.9255377169936029,13.232239527165016,0.40675021244901854,0.6311476627483797,-0.35919823352093316,1.4046671649673201,0.5279449699054171,1.3949907536200634,0.23999876443015022
d6b205e04b4e17d6ed1230e4bbb0ad3fcea714008b6cb811efc07778caad2eed,SMTO3.SA,af537ffb25e029f80e1bee6c804cd42412ab25bbb83c79c679269a354f378060,20,14,2.5,0.0015,0.0,1163,45,0.4888888888888889,0.3725906282355931,0.07103219890982815,0.2567380787723266,0.44003682817650863,9.665145251146068,0.39507371173942807,0.5877240366134632,-0.37615519770017003,1.4412496792502438,0.39122957867583835,1.372590628235593,0.3188624196729629
d5d16bfac409d17ebb5d6f21875cdbf82cc4fdbc8cf1b9415eafe79fcd693a66,BBDC4.SA,4f2191358cc52e9018aa04788b147ab245a0dc35638103c37c6b1ee0c4c48ba1,60,14,1.5,0.0015,0.0,1163,22,0.45454545454545453,0.20503573347492265,0.041240721983822004,0.12241684421653282,1.191283396536648,25.02204568033932,0.3909668904822583,0.6124786966226426,-0.14864299005528658,1.586882316242722,0.15133276010318142,1.2050357334749227,0.3367401110509124
8a7094a7988728966e953af854d726a04798b38e264fb6f881c9f9c983732ba4,SMTO3.SA,af537ffb25e029f80e1bee6c804cd42412ab25bbb83c79c679269a354f378060,20,14,2.0,0.0015,0.0,1163,45,0.4666666666666667,0.33383881184287967,0.06440650180189533,0.2298439955197242,0.521467807820818,12.078800373503313,0.385939936717854,0.5775681257506776,-0.31844024145172667,1.4200884143534478,0.3112639724849527,1.3338388118428797,0.3117325239652538
e2d5daae73b6014ec4b9f644bdada028b620d06f666303ab7cf13d337b8075c9,ITUB4.SA,5985bb264ae48ba470e29d32102683299f4b248f48433515690421888e36e29f,45,14,1.5,0.0015,0.0,1163,28,0.35714285714285715,0.20087807341960717,0.04046123529862333,0.12340041360910407,1.5062599884248047,29.21880513932507,0.3826584953471965,0.5956931552334727,-0.28340849631832343,1.5865894317614886,0.18400687876182287,1.2008780734196072,0.30134985240951506
c9ce51f80cf9af16e3af2525ab9cbfa55d33d323b616652ead5b2a49dde0b17b,WEGE3.SA,b67fb8f3e724dc522918a81ef29842c7bc0be6cabee33d7155075bae21bae18a,10,14,3.0,0.0015,0.0,1163,78,0.28205128205128205,0.3462570894192025,0.06654598353526264,0.26088601548357915,0.8733432259813966,13.022264565402965,0.3762267459027898,0.5796706512146622,-0.3512451228184673,1.379178845708746,0.5365434221840069,1.3462570894192025,0.22020190433188697
4177302d9a95c495554263cbf2a63c461d282e985c12b4e226381198102f5cf4,BBDC4.SA,4f2191358cc52e9018aa04788b147ab245a0dc35638103c37c6b1ee0c4c48ba1,45,14,2.5,0.0015,0.0,1163,37,0.35135135135135137,0.2410505591351051,0.04790616864173902,0.1571162941550424,0.39718372004337577,16.52834036966364,0.37618653049410905,0.5652992364049736,-0.18759135658550985,1.4370427921606346,0.25709372312983664,1.241050559135105,0.32661000524355654
c0bd6cccce46aaacc25d099a4bf47ec45bad114687a6331bc359c02639be30d8,VALE3.SA,dac5522ae92f306ae7f13023cdcadc9afa05574295f8ffd706c9f04b87e79a3e,20,14,1.5,0.0015,0.0,1163,47,0.46808510638297873,0.21287786281855814,0.04270526441725875,0.1413889364591864,1.2599472904192692,16.20358631847287,0.3659287566318173,0.5772649888210736,-0.14940351893180315,1.40636188206352,0.2175408426483233,1.2128778628185581,0.18993241619207785
17f23373ce15e1cee7fd9b14fa5ccc901dbf7738eab8cf518e7e1ad5cf87c99e,ITUB4.SA,5985bb264ae48ba470e29d32102683299f4b248f48433515690421888e36e29f,60,14,2.0,0.0015,0.0,1163,24,0.4166666666666667,0.1715716063751176,0.03490598935537936,0.11172798167311686,0.6146732964879321,18.988774864788432,0.36278280245096467,0.5416092815901061,-0.27241015958429327,1.46084581271549,0.19776440240756663,1.1715716063751176,0.2884138850898552
39aba359b92c98c5ee7e33663b4e78c1529b8ef02563355e981484960095b457,ITUB4.SA,5985bb264ae48ba470e29d32102683299f4b248f48433515690421888e36e29f,60,14,3.0,0.0015,0.0,1163,24,0.4166666666666667,0.21694110245799192,0.0434611719704463,0.1534101722833771,0.39977982785638266,12.064865031177087,0.3538068548671482,0.5260862104627454,-0.28801669505273264,1.6125976700452733,0.3181427343078246,1.216941102457992,0.28223984731357066
fca5165cec4e6f394b8017c69fd6879e74bbe3c1c99f1408f7a4bc260c54e9af,SMTO3.SA,af537ffb25e029f80e1bee6c804cd42412ab25bbb83c79c679269a354f378060,30,14,3.0,0.0015,0.0,1163,37,0.43243243243243246,0.30605318576846297,0.059562344015822166,0.2576463346236797,0.20414577477165696,9.528513857788125,0.35311447993715517,0.5143262728516225,-0.4632161010709387,1.489434136356396,0.4316423043852107,1.306053185768463,0.2878448256630436
38fae5c9ca628a7ce660f4ad5418373fca9e884cb9e86c7d777d38433018a2f7,WEGE3.SA,b67fb8f3e724dc522918a81ef29842c7bc0be6cabee33d7155075bae21bae18a,30,14,2.5,0.0015,0.0,1163,37,0.40540540540540543,0.265278856684505,0.052305447818141726,0.21352079289333045,1.7958041853583826,21.832492040985507,0.34391448865921276,0.5500446619776519,-0.43485064137644414,1.5061983529758332,0.3903697334479794,1.265278856684505,0.19789809261875546
5300af154e1bb7779d585a509e1566b1825916a7cd98c699399f1fe546c7fd3b,PRIO3.SA,8d5188e61fa02f4e4ade81846eea29cc78ad17ae4bd13cde66772cf2b3b94ba7,60,14,2.0,0.0015,0.0,1163,29,0.27586206896551724,0.26182964835538836,0.051683204827564166,0.21609298642663852,1.3625018252754049,18.449032329824586,0.3399819875221405,0.5426013349679257,-0.32918231262124253,1.5258215601613605,0.19002579535683578,1.2618296483553884,0.38369590855789176
d4426565d5a0c2d09936e391d5b21e74c71dee76bceae62a17ee0a4e8d177d60,BBDC4.SA,4f2191358cc52e9018aa04788b147ab245a0dc35638103c37c6b1ee0c4c48ba1,45,14,3.0,0.0015,0.0,1163,37,0.40540540540540543,0.2321699177065506,0.046276802339668244,0.181728627903072,0.45914786288056586,13.315699892739756,0.33947596516343476,0.5124487535634541,-0.2014659182989128,1.426990391172875,0.3250214961306965,1.2321699177065506,0.29849832553808
006c53d1507b4e6a855fd883792734394b53b8eb6ad29a85d04e1c891452e4d4,ITUB4.SA,5985bb264ae48ba470e29d32102683299f4b248f48433515690421888e36e29f,45,14,3.0,0.0015,0.0,1163,28,0.42857142857142855,0.22202409163072367,0.044404010798418936,0.17916606664643875,0.5882896030425063,11.993341999488951,0.33166685782223687,0.49793761440407946,-0.27744671908166096,1.5228703176196043,0.3766122098022356,1.2220240916307237,0.2659712506528493
b0f22357159463bc687dd107a17b460965b92490ead7550009fb52c9a6fe8e90,PRIO3.SA,8d5188e61fa02f4e4ade81846eea29cc78ad17ae4bd13cde66772cf2b3b94ba7,20,14,1.5,0.0015,0.0,1163,61,0.3770491803278688,0.2573796676570952,0.05087844948266307,0.26569978285928375,0.33893203864104715,15.598954961201569,0.31926894920520016,0.47759132108878244,-0.34809725439604544,1.3525283231430725,0.2760103181427343,1.2573796676570952,0.3680130938764823
4bc3523c2fa63487a59690541c3d7802c1e499735f4eec2281f67ccb7f8a90fd,WEGE3.SA,b67fb8f3e724dc522918a81ef29842c7bc0be6cabee33d7155075bae21bae18a,60,14,3.0,0.0015,0.0,1163,26,0.34615384615384615,0.19851091573249757,0.04001649082674397,0.1732044194202777,2.901067739250916,42.32281603893879,0.311437649777837,0.5178017895417751,-0.4586763379543132,1.5380159266818065,0.26139294926913154,1.1985109157324976,0.17665964804456746
05b61576d7523f1f2b24d0d155dfe0fef90399e737c8169b59878a1a99dc576a,WEGE3.SA,b67fb8f3e724dc522918a81ef29842c7bc0be6cabee33d7155075bae21bae18a,30,14,3.0,0.0015,0.0,1163,37,0.3783783783783784,0.22863381847014752,0.04562545901395465,0.2256403064467497,1.5472695480357592,17.974184336593318,0.30897314609621174,0.4891979955297458,-0.45486748037171176,1.4727714914768932,0.4445399828030954,1.2286338184701475,0.1783179731782223
c5b048b6994d39742c2eb9c586a09b256da07f85d1e5cd4e3b052e44fda48c64,SMTO3.SA,af537ffb25e029f80e1bee6c804cd42412ab25bbb83c79c679269a354f378060,30,14,2.0,0.0015,0.0,1163,37,0.40540540540540543,0.217068086529,0.04348476366069565,0.2116106640233582,0.29988921824079284,14.609378815842136,0.30670520666772266,0.4485430172849732,-0.4253474721591596,1.3654205849154823,0.28460877042132415,1.217068086529,0.25466969530711775
24a6c83956e615089923910d498396ff5be2e7ac47ebae5a3026c17efad5048f,PETR4.SA,3dbc48fc84bc60cb7b2eb556d8e0d91ecd2b3ae1ef256f8cb07085a4f75408a2,30,14,2.0,0.0015,0.0,1163,49,0.3469387755102041,0.21814695645859317,0.043685123384396896,0.2340699940473752,-2.8735759555214933,43.598967087750985,0.3035094787389208,0.39733082216642657,-0.38122675389191907,1.3256051224107812,0.3000859845227859,1.2181469564585932,0.3718056520006333
15671b5629b21e2202880a536f3694c4c2fbe2d484e6debdf8045fa31b259808,PETR4.SA,3dbc48fc84bc60cb7b2eb556d8e0d91ecd2b3ae1ef256f8cb07085a4f75408a2,45,14,1.5,0.0015,0.0,1163,39,0.4358974358974359,0.1938194485197251,0.0391330151261613,0.2040994963356118,-4.213279287079959,69.87416896137142,0.29437799429171363,0.3768150937237505,-0.3562444833447863,1.3504694008462028,0.2003439380911436,1.193819448519725,0.3661449814769705
a3f03c3aaded0f33fdbfe8b2d1e4e4f6e8466d014d7a730b9a4059f2749c5481,ITUB4.SA,5985bb264ae48ba470e29d32102683299f4b248f48433515690421888e36e29f,60,14,2.5,0.0015,0.0,1163,24,0.4166666666666667,0.14281927040196996,0.02934897032881878,0.13517538948863744,0.4153762489890354,13.925800052765487,0.2813978160771702,0.41515808179427544,-0.2895991817235032,1.4158944656848451,0.26397248495270853,1.14281927040197,0.23213336224126724
641dd36664a63a56929a24beb573e6163df14f3d43a2c1118e6bc1fb637ad4e7,PRIO3.SA,8d5188e61fa02f4e4ade81846eea29cc78ad17ae4bd13cde66772cf2b3b94ba7,60,14,1.5,0.0015,0.0,1163,29,0.20689655172413793,0.1746148790521056,0.035487894735147796,0.1921750161853949,1.993532698276454,23.190398365862798,0.27607133056497546,0.45547381928140207,-0.4264623360234664,1.483169365644193,0.12037833190025796,1.1746148790521056,0.3313328524403393
092f7cac309a25d9d33d36941a0409fda591faf11d0e2a94e58f207c3155f35a,RENT3.SA,a39aeb3efe6fb94134e5fec95fac0add9eed4db3714182e188545f4d9784c8d3,60,14,2.5,0.0015,0.0,1163,23,0.34782608695652173,0.1804341346275724,0.03659731670205035,0.21470213536337376,0.6154422454735701,30.924955915222608,0.2743610163383983,0.41129035881261294,-0.30403174945180655,1.5219261902383845,0.31556319862424764,1.1804341346275724,0.30960137211821925
36205865acf3ac0fdabd017b1986bfb07ef808ec44aa59b413902eb4b7940b63,ITUB4.SA,5985bb264ae48ba470e29d32102683299f4b248f48433515690421888e36e29f,15,14,1.5,0.0015,0.0,1163,65,0.2923076923076923,0.16160452992597718,0.03299185381216918,0.17640760001340552,0.33988968575429546,10.462785438680404,0.2719563633795653,0.3967715388273219,-0.22969186850107448,1.241780575480776,0.3929492691315563,1.1616045299259772,0.22611065411174536
2acc75477c5c4bb882aaec278fbbbd7fa549960f41a6d89692e58e45a96ee58a,PRIO3.SA,8d5188e61fa02f4e4ade81846eea29cc78ad17ae4bd13cde66772cf2b3b94ba7,20,14,2.0,0.0015,0.0,1163,61,0.36065573770491804,0.1775425958480099,0.03604659114113362,0.30947455783388544,0.605588498962377,11.262912122841353,0.268081784984874,0.4043704418015086,-0.41348893652176844,1.2859962097376578,0.39552880481513325,1.17754259584801,0.32697953915876227
5eb6751eb004d57208c4f77eb05fa01213439e370200a1c14035279711deb4df,ITUB4.SA,5985bb264ae48ba470e29d32102683299f4b248f48433515690421888e36e29f,45,14,2.0,0.0015,0.0,1163,28,0.35714285714285715,0.12896302086722966,0.026631755452012573,0.1326252068439469,1.4323635789936802,24.40377485513996,0.2639598591640887,0.4069306740922941,-0.30181284895072535,1.3650060610501356,0.21840068787618228,1.1289630208672297,0.21898799691896836
f90481fd0c3af33bf7bed93203f6b2c1d7a232d4534bcffb0790e3a5b2e627e6,PRIO3.SA,8d5188e61fa02f4e4ade81846eea29cc78ad17ae4bd13cde66772cf2b3b94ba7,20,14,2.5,0.0015,0.0,1163,61,0.32786885245901637,0.15511535787919506,0.03173870958763625,0.34016368623171517,0.4924601163322398,8.779713154178822,0.2608585904117415,0.3926836091384735,-0.45244519790175153,1.3101665641730198,0.47463456577815993,1.155115357879195,0.3215377298501655
ab9ac389cc7d79a96562b08ac317b9e788cc3cd154f4977a69c126b0f63a3223,ITUB4.SA,5985bb264ae48ba470e29d32102683299f4b248f48433515690421888e36e29f,30,14,2.5,0.0015,0.0,1163,41,0.3902439024390244,0.13624385606676537,0.02806276602954738,0.15318824202356301,0.9891011598253074,15.83992108289833,0.2567613577559727,0.3914489346150581,-0.27236310587746204,1.3278138586129844,0.28460877042132415,1.1362438560667654,0.21524254174473134
42e98ba53555af37404bbd4d9da3543582540efbbc2c6daf0a9c515ae8e5de74,VALE3.SA,dac5522ae92f306ae7f13023cdcadc9afa05574295f8ffd706c9f04b87e79a3e,10,14,2.5,0.0015,0.0,1163,83,0.3253012048192771,0.159530690378187,0.032591965721987526,0.22079366740847026,1.0794525585272483,9.851153017353159,0.2545386497031187,0.400034160426725,-0.452261630699178,1.2499221742273148,0.4763542562338779,1.159530690378187,0.13247624221538695
26610f534d4fcce5c358fc537071794a39e60a7eda0409f459133723bab5e725,RENT3.SA,a39aeb3efe6fb94134e5fec95fac0add9eed4db3714182e188545f4d9784c8d3,60,14,3.0,0.0015,0.0,1163,23,0.34782608695652173,0.12033399691016466,0.024926373938912283,0.22626116835724866,0.5534492051280728,26.255436523910912,0.22153400930551345,0.33092583260207564,-0.3571587408597702,1.4335111464415606,0.3585554600171969,1.1203339969101647,0.2708278074988123
d31e2c415a9d8f9f4dfcc0b862cb1890c02ee7ed9ba010eb9a9e46baa177364e,PETR4.SA,3dbc48fc84bc60cb7b2eb556d8e0d91ecd2b3ae1ef256f8cb07085a4f75408a2,10,14,2.0,0.0015,0.0,1163,73,0.3013698630136986,0.08488499815361461,0.01781061571327247,0.2877031873288097,-1.7224188507842113,21.6824576802204,0.2086064125610616,0.2766491428046839,-0.4862855162671428,1.136752517501984,0.4892519346517627,1.0848849981536146,0.2966353169680817
6806c316d86f02cbe6faeb1f8529afbe02917cc02f734b5b1eb0167e75cf6401,PETR4.SA,3dbc48fc84bc60cb7b2eb556d8e0d91ecd2b3ae1ef256f8cb07085a4f75408a2,30,14,1.5,0.0015,0.0,1163,49,0.32653061224489793,0.10023015622087739,0.02091291006524809,0.21002894594510188,-3.69254931234695,60.92691449459843,0.20750521510765568,0.26799506385318256,-0.2978015407523523,1.2034380229427606,0.22699914015477213,1.1002301562208774,0.2982551041934752
2be4e30f46ef7aeb3ae30fb08d2f739c4ca56f3ac4abcdc59ebb25f5240f9a85,BBDC4.SA,4f2191358cc52e9018aa04788b147ab245a0dc35638103c37c6b1ee0c4c48ba1,45,14,2.0,0.0015,0.0,1163,37,0.32432432432432434,0.08809525786092709,0.018462456502196467,0.14831815546025748,0.6209756372131942,17.777065240354478,0.19720402796970454,0.29601062323590915,-0.2335764261811094,1.2224904210711625,0.21840068787618228,1.088095257860927,0.20187030230860553
be612370be86219a6f03247f89ebc3a798c2b1f9f43c312e991d08d5483bbe04,SMTO3.SA,af537ffb25e029f80e1bee6c804cd42412ab25bbb83c79c679269a354f378060,30,14,2.5,0.0015,0.0,1163,37,0.40540540540540543,0.08788402670585582,0.018419612510177652,0.22671768637307857,0.05343871118633921,13.675667388033931,0.19384479776718594,0.27757278869977786,-0.44277609719104283,1.204192321031737,0.3284608770421324,1.0878840267058558,0.18384620901317394
444c7141f9626a5d4777b897db545bf1a30fdc010dbbf4e603db661f509c2435,SMTO3.SA,af537ffb25e029f80e1bee6c804cd42412ab25bbb83c79c679269a354f378060,10,14,2.0,0.0015,0.0,1163,71,0.36619718309859156,0.07635205354782304,0.01607063236978723,0.2581483127552893,-0.037760024806713324,7.896918172509629,0.19087721355330312,0.272357941327543,-0.48195865448825337,1.149339150260228,0.4230438521066208,1.076352053547823,0.18226243027996747
61d7b54345fb42f0058182691f518489f6403f34bd4e3e099894aa4d4ebd16d6,WEGE3.SA,b67fb8f3e724dc522918a81ef29842c7bc0be6cabee33d7155075bae21bae18a,15,14,1.5,0.0015,0.0,1163,72,0.3888888888888889,0.0829847895837581,0.01742406764561566,0.19009117439433895,0.8968467322729505,12.891332748195476,0.18522951381351035,0.28288397971890805,-0.3743804217101053,1.1487813727262315,0.28546861564918313,1.082984789583758,0.11895387914337063
4702f2e8aedc8669903e08ae01f164a798eb2f2ce9f0a47e3d10543a2fc0218e,RENT3.SA,a39aeb3efe6fb94134e5fec95fac0add9eed4db3714182e188545f4d9784c8d3,45,14,2.5,0.0015,0.0,1163,39,0.358974358974359,0.0660968284731751,0.013965097700058271,0.24116766284063504,0.6323046766887334,21.527353716419196,0.1774877585291692,0.26616308980641673,-0.46899861099278584,1.3242754722861945,0.39208942390369733,1.066096828473175,0.24034934866761481
d968a70a74a4f73aa11897993eb2d2b7319712903647bb07ba3e77afa2e97fac,BBDC4.SA,4f2191358cc52e9018aa04788b147ab245a0dc35638103c37c6b1ee0c4c48ba1,10,14,2.0,0.0015,0.0,1163,79,0.2911392405063291,0.0713987273847363,0.015055619568241196,0.21062941419261097,0.3422880489830211,10.001731860571272,0.17592680207151257,0.26076484192681,-0.3387101799132278,1.1406001271685182,0.4230438521066208,1.0713987273847363,0.18963532327392613
ceafdae7920f6f1685c90a5002d0dae24f57e194b21b1866d613f6618d192449,PETR4.SA,3dbc48fc84bc60cb7b2eb556d8e0d91ecd2b3ae1ef256f8cb07085a4f75408a2,45,14,2.0,0.0015,0.0,1163,39,0.46153846153846156,0.055864641000648474,0.011848421171544388,0.22466923434345137,-3.483791798220991,51.63859073445493,0.16898856849650415,0.21591499457018057,-0.4057777187532775,1.1613487442213257,0.2519346517626827,1.0558646410006485,0.26970227679785175
c1f856747bbaf9f4ed10d276d0523335441ec1a9a4d21be60ae07ac846dd3731,VALE3.SA,dac5522ae92f306ae7f13023cdcadc9afa05574295f8ffd706c9f04b87e79a3e,10,14,3.0,0.0015,0.0,1163,83,0.3253012048192771,0.05986847336991419,0.012678577524572576,0.224492821338795,0.9568978176013262,9.661506214025449,0.1673450515823972,0.2592084804399475,-0.49313068458552545,1.16921757054508,0.4944110060189166,1.0598684733699142,0.09696530069454073
9bd11a57c7c76d689a6734488d2ce808d5ac4726057a12460e14fbcd92767207,BBDC4.SA,4f2191358cc52e9018aa04788b147ab245a0dc35638103c37c6b1ee0c4c48ba1,10,14,3.0,0.0015,0.0,1163,79,0.31645569620253167,0.04591736024788262,0.009775222453123567,0.22273843007618968,0.20504820348737918,9.55460974527267,0.15481837310678156,0.22603410942059296,-0.3559499439108723,1.1198089452129343,0.468615649183147,1.0459173602478826,0.17778200369661318
f08e402c9f9ed811eccba8f9a5ffef00e10f8bbe87e9804b0c148896d2914b86,PETR4.SA,3dbc48fc84bc60cb7b2eb556d8e0d91ecd2b3ae1ef256f8cb07085a4f75408a2,45,14,2.5,0.0015,0.0,1163,39,0.41025641025641024,0.024630363742373707,0.005286189023632648,0.23187127562306928,-3.297717137168169,46.507301853656585,0.1429202771772078,0.18216291302699253,-0.4580093398668398,1.135457505854246,0.2889079965606191,1.0246303637423737,0.25104528216676364
95b6dafa1ffaf2ae196ee8cae528c59815430366c07dc6c27f5924cadcbb92ef,RENT3.SA,a39aeb3efe6fb94134e5fec95fac0add9eed4db3714182e188545f4d9784c8d3,30,14,2.5,0.0015,0.0,1163,47,0.2765957446808511,0.004142503467186032,0.0008961490441432574,0.2688607338947411,0.5820752497279377,16.6773025100251,0.137054212804297,0.2038654195229558,-0.47386922929247133,1.4081655030745341,0.47807394668959585,1.004142503467186,0.2142941293118648
fb90531162bb6c6a866c45627e5c9f8d289c7d7843b293398539d7a0e6410766,RENT3.SA,a39aeb3efe6fb94134e5fec95fac0add9eed4db3714182e188545f4d9784c8d3,15,14,2.5,0.0015,0.0,1163,63,0.30158730158730157,-0.00235206252837894,-0.0005101174030869293,0.2717727129818875,0.47691523129716984,15.292337880821018,0.13342794771280894,0.19882400096136443,-0.43522462522672667,1.1046466797363357,0.4823731728288908,0.9976479374716211,0.21213854697953766
d0bbd6d8afed6d93f80c8122ab61657d7cd817f91c51088af25e57933dabbc85,PETR4.SA,3dbc48fc84bc60cb7b2eb556d8e0d91ecd2b3ae1ef256f8cb07085a4f75408a2,15,14,2.0,0.0015,0.0,1163,62,0.3548387096774194,-0.025090857324544746,-0.005490950000168859,0.27622381570981275,-1.9996034292039757,25.19449143524185,0.12181967734701978,0.1594000815407226,-0.3964177672982665,1.0594088946069598,0.43250214961306965,0.9749091426754553,0.23543271308633362
c3a6192b3a124ea01f6d41b35f306f12e9804a810cdc4d59a52add40e282b782,BBDC4.SA,4f2191358cc52e9018aa04788b147ab245a0dc35638103c37c6b1ee0c4c48ba1,15,14,2.5,0.0015,0.0,1163,57,0.3684210526315789,0.01108261689338641,0.0023910371133726294,0.2178227914321339,0.09345995761094356,11.959510606459517,0.11979465033125458,0.17231690057581323,-0.3085432551859667,1.1181008365292606,0.4032674118658641,1.0110826168933864,0.1590177369208558
6bd7bcc51d4a1bffc1c278b60b4eb87620685bf911509f4004feb0671cbc40a8,BBDC4.SA,4f2191358cc52e9018aa04788b147ab245a0dc35638103c37c6b1ee0c4c48ba1,45,14,1.5,0.0015,0.0,1163,37,0.3783783783783784,0.03216488063722167,0.006883360705852937,0.1337089639804681,0.987791728418383,23.247072132283243,0.11778070266700909,0.18049055863478913,-0.20639873096112493,1.1275473006464827,0.17454858125537404,1.0321648806372217,0.15718554782148358
72e65de4a1d480d562b164c0e3c56f28eaa1942ade6cd3abdb0ca724d7a9e47f,PETR4.SA,3dbc48fc84bc60cb7b2eb556d8e0d91ecd2b3ae1ef256f8cb07085a4f75408a2,30,14,2.5,0.0015,0.0,1163,48,0.2916666666666667,-0.018783275387413978,-0.004100258992541073,0.2555089494374964,-3.2760516363446657,41.572965098030465,0.11680340121545295,0.14749896545186247,-0.5040959868108918,1.1178766622091052,0.33963886500429924,0.981216724612586,0.23313670346269932
10f4e734560da1af4c7f0bae87c4273d0985ef668afde3375fcdf2f686d79acb,PETR4.SA,3dbc48fc84bc60cb7b2eb556d8e0d91ecd2b3ae1ef256f8cb07085a4f75408a2,30,14,3.0,0.0015,0.0,1163,48,0.2916666666666667,-0.04673198120272981,-0.010316589540029342,0.2781741837648572,-2.661634081581802,30.745866190616972,0.10671982716099962,0.13573482769936518,-0.503968702136459,1.0854124813101735,0.43938091143594155,0.9532680187972702,0.22593265757040665
970f28738ee670cd7356ca7523295c97a9326d24cfcf96296f99a83ed2802dd6,VALE3.SA,dac5522ae92f306ae7f13023cdcadc9afa05574295f8ffd706c9f04b87e79a3e,10,14,2.0,0.0015,0.0,1163,83,0.3493975903614458,-0.0011239304153670693,-0.00024364163845858045,0.21234750620906984,1.1117278862462274,10.835251116787088,0.10396969429578407,0.16124952869564974,-0.422114576854436,1.1232647354008602,0.4411006018916595,0.9988760695846329,0.07580464740193166
8101ea6211ed172bac8a4b171f56fda13d52272cf0fdb31caff75b8487bea855,RENT3.SA,a39aeb3efe6fb94134e5fec95fac0add9eed4db3714182e188545f4d9784c8d3,15,14,3.0,0.0015,0.0,1163,63,0.30158730158730157,-0.04048571473645923,-0.008915031930838868,0.272702480057428,0.4345908657642084,15.316822169190221,0.10300142802849775,0.15287287517577913,-0.4458857145793873,1.0740681666210707,0.4935511607910576,0.9595142852635408,0.19379087477164508
fddb1040492e72f28e3f6d691c68776a23594ce6b291684be5e2b8a4a3d2d93d,BBDC4.SA,4f2191358cc52e9018aa04788b147ab245a0dc35638103c37c6b1ee0c4c48ba1,10,14,2.5,0.0015,0.0,1163,79,0.31645569620253167,-0.006938450060744561,-0.0015075327991157517,0.2198130090981409,0.22017423422357432,9.82747152505909,0.10281376725301603,0.14978373700618736,-0.36164676509103344,1.0747167364891423,0.4479793637145314,0.9930615499392554,0.15024498255018026
d8b8e53089928beb28899a9c041cc469f3ca052ad9730420899b3b4089ed1bb0,BBDC4.SA,4f2191358cc52e9018aa04788b147ab245a0dc35638103c37c6b1ee0c4c48ba1,15,14,3.0,0.0015,0.0,1163,57,0.3508771929824561,-0.017920031245062695,-0.003910476760041526,0.22149586158441953,0.16411093510728775,10.970140422594293,0.09289768930750635,0.13417960138718127,-0.2972351873568555,1.082937050777048,0.4282029234737747,0.9820799687549373,0.14538172153049617
c59baa60ab5e71a2537b98227b6f9e1cabf98eeb618d6eef7c2491b2e2fc3fd9,RENT3.SA,a39aeb3efe6fb94134e5fec95fac0add9eed4db3714182e188545f4d9784c8d3,20,14,2.5,0.0015,0.0,1163,51,0.3137254901960784,-0.044902910944987995,-0.009905433795958762,0.2603765121863671,1.1081988076128721,13.01170870262637,0.09046568620851923,0.13882278993167166,-0.5108567365572076,1.083362439753158,0.47377472055030095,0.955097089055012,0.18604771716112256
292c05522da64f78027fc7c333cb6fe2c2be7a0b7dbf61f1952afcd5a1c47906,WEGE3.SA,b67fb8f3e724dc522918a81ef29842c7bc0be6cabee33d7155075bae21bae18a,20,14,1.5,0.0015,0.0,1163,57,0.3157894736842105,-0.008900605678571316,-0.001935350994060836,0.18228521155437258,0.6699777056203609,17.317679483490462,0.08006473929823138,0.11930653939685812,-0.32081508384334767,1.0678412019451025,0.25021496130696474,0.9910993943214287,0.0803971643878017
86b1cc85b1f54f5753a59cc8b13ac441716078da393895c775246b8a2182ac98,VALE3.SA,dac5522ae92f306ae7f13023cdcadc9afa05574295f8ffd706c9f04b87e79a3e,15,14,2.5,0.0015,0.0,1163,64,0.3125,-0.03662565718271804,-0.008052468855614614,0.21554373164282142,0.8736344090525708,10.255474430194228,0.06940658330802423,0.10565736736288789,-0.35756867873916265,1.110431158590209,0.44282029234737746,0.963374342817282,0.06606173688852529
14d20a54e0d437d1426f8b87a666cc23a6c77f79663c5b82956ae9e19449e9cc,PETR4.SA,3dbc48fc84bc60cb7b2eb556d8e0d91ecd2b3ae1ef256f8cb07085a4f75408a2,45,14,3.0,0.0015,0.0,1163,39,0.4358974358974359,-0.07798087542450594,-0.017438342373100046,0.2505893522276633,-2.7966351347144816,35.53450332602725,0.05927840727545229,0.0754557787447623,-0.5112658843424531,1.009369318047419,0.35597592433361996,0.9220191245754941,0.19586162388633332
4983e7b6d7818cdeda743b61832fcd226d73b99b7c692f3c2628e3b389176459,RENT3.SA,a39aeb3efe6fb94134e5fec95fac0add9eed4db3714182e188545f4d9784c8d3,45,14,3.0,0.0015,0.0,1163,39,0.358974358974359,-0.07677606732533537,-0.017160283704736212,0.2474125973973672,0.4822670017394192,20.026946989856203,0.05330871607874591,0.07843428201064574,-0.5368160192018122,1.1681100625123537,0.4170249355116079,0.9232239326746646,0.16594227046321203
692a10df02959d13c22fa5a784518486748baad5142b832f515dd288cccb670e,SMTO3.SA,af537ffb25e029f80e1bee6c804cd42412ab25bbb83c79c679269a354f378060,15,14,1.5,0.0015,0.0,1163,72,0.4027777777777778,-0.07062771686179559,-0.01574571090541721,0.2344521127611556,0.08255337509452465,11.793306183410262,0.049476467462946504,0.07048897236247817,-0.5168869821721926,1.0199684647363623,0.30180567497850386,0.9293722831382044,0.11297216344470501
bcc3c3b580603bd1a033514a3811d1a1697aedc4ae451fc83cdca3cddc6c4729,VALE3.SA,dac5522ae92f306ae7f13023cdcadc9afa05574295f8ffd706c9f04b87e79a3e,15,14,2.0,0.0015,0.0,1163,64,0.3125,-0.049427538279518624,-0.01092365028152964,0.20398500171244893,0.8454047072532734,12.02276113704811,0.0474129967226942,0.07142692945117117,-0.3055995868372776,1.097329829173248,0.3929492691315563,0.9505724617204814,0.06031853773126472
b56be24047a40444f01d29b7c783962018c4407a4ac02dd3367d3d6a1490f674,RENT3.SA,a39aeb3efe6fb94134e5fec95fac0add9eed4db3714182e188545f4d9784c8d3,30,14,3.0,0.0015,0.0,1163,47,0.2553191489361702,-0.10498954078954481,-0.02374770699464912,0.27182472922823075,0.5128434917730662,16.30228830162362,0.04689290850000091,0.06912973100913589,-0.5363188642703106,1.2874633649800866,0.49527085124677556,0.8950104592104552,0.1625402574842481
ff9e9f801dc924ba8b09a0ec994089dac8f663688a2811ac3caa50e5ad3ab1fe,SMTO3.SA,af537ffb25e029f80e1bee6c804cd42412ab25bbb83c79c679269a354f378060,60,14,3.0,0.0015,0.0,1163,27,0.25925925925925924,-0.05671266404516284,-0.012571092039907583,0.20921764154477385,-0.29075257417052325,16.68729455846545,0.04446841200145663,0.06340376620743382,-0.4325875239617596,1.0573565994040068,0.33877901977644026,0.9432873359548372,0.11104857716063504
d9d0f318deb7b355027a1605dc717c5a4fb8205e444c1192823642cf4887794f,ITUB4.SA,5985bb264ae48ba470e29d32102683299f4b248f48433515690421888e36e29f,15,14,2.0,0.0015,0.0,1163,65,0.26153846153846155,-0.04819354456821123,-0.010645578022855484,0.1861077156173741,0.2512539331124013,9.737415902727204,0.035340438441964,0.0505217901947894,-0.26675270613963475,1.026862639920085,0.4307824591573517,0.9518064554317888,0.10415445163323334
dde3c6aeafaaaae52fffa1278decaab9a915e35b75a9dc01b4784eaef4014190,BBDC4.SA,4f2191358cc52e9018aa04788b147ab245a0dc35638103c37c6b1ee0c4c48ba1,10,14,1.5,0.0015,0.0,1163,79,0.2911392405063291,-0.05358171233945441,-0.011861848817826814,0.19315255049549773,0.338616173863914,12.167465407151754,0.034531578245507816,0.05055860041536399,-0.3734611197187485,1.0325399895076093,0.35683576956147894,0.9464182876605456,0.11865325741034
62055db6332c4d1a8564eac725c086f63f2bdf3bde840342348d737b8802a0c7,RENT3.SA,a39aeb3efe6fb94134e5fec95fac0add9eed4db3714182e188545f4d9784c8d3,60,14,2.0,0.0015,0.0,1163,23,0.43478260869565216,-0.04260713861256349,-0.009390240348385981,0.1740232567453183,-0.8136445454208204,44.01475227601262,0.0334768015209339,0.04687409621590345,-0.27625592550457845,1.028224306206881,0.22785898538263114,0.9573928613874365,0.1559460883301486
5b7316a010dd442a6d1864b8cdf576601c2c72a92d79bbcbfa160d608f44e155,ITUB4.SA,5985bb264ae48ba470e29d32102683299f4b248f48433515690421888e36e29f,45,14,2.5,0.0015,0.0,1163,28,0.35714285714285715,-0.027328656349269398,-0.005986032182202283,0.13963442505735096,1.0482038922958585,21.272524773731845,0.026384852155781326,0.03928981597979675,-0.3456703432552445,1.025134053691988,0.25623387790197766,0.9726713436507306,0.10058597447372247
6d98ba0dc4e1aa5dd8cb3b950274f66ac879a3d967f15960a03d5f2e2f5bb741,WEGE3.SA,b67fb8f3e724dc522918a81ef29842c7bc0be6cabee33d7155075bae21bae18a,10,14,2.0,0.0015,0.0,1163,79,0.24050632911392406,-0.1046458517902028,-0.023666488468083502,0.24430839132905743,0.8952618363910798,15.566224240147681,0.023103896894394738,0.034585202413109105,-0.48679231582640126,1.0830376416723329,0.4591573516766982,0.8953541482097972,0.06382829790925582
f7a30e6436c0b14fd73b0b68c96d1e3a94cd769651416faa9215efa8fd1bb4a5,VALE3.SA,dac5522ae92f306ae7f13023cdcadc9afa05574295f8ffd706c9f04b87e79a3e,15,14,3.0,0.0015,0.0,1163,64,0.265625,-0.08475946539411883,-0.019008106064622665,0.21905875293959148,0.8351700033476889,9.770186528400503,0.021083271336795564,0.03200894874324614,-0.37274373285504814,1.0668932152499229,0.471195184866724,0.9152405346058812,0.05396236148501132
4e35d1f9492b7a8f9c85a58002544b3e93aafb0bbcd416031248b330ec7bc4f3,VALE3.SA,dac5522ae92f306ae7f13023cdcadc9afa05574295f8ffd706c9f04b87e79a3e,10,14,1.5,0.0015,0.0,1163,83,0.3614457831325301,-0.06992815072973357,-0.015585224147357968,0.19759450309148097,1.2037022150533976,13.245185724092938,0.018326340727226793,0.02820923554804863,-0.3214617219436219,1.0015353771712265,0.35683576956147894,0.9300718492702664,0.053291808620136105
1a503c080292cf27b3fc1e6a96ebe94198af06d6897c3011194b7ece5de012c0,SMTO3.SA,af537ffb25e029f80e1bee6c804cd42412ab25bbb83c79c679269a354f378060,10,14,3.0,0.0015,0.0,1163,71,0.38028169014084506,-0.14079398213513328,-0.032345903674927845,0.2732695245952445,-0.3592332206258014,8.824352948082176,0.016934776826669606,0.023440150603875772,-0.5395935788519237,1.016230204112771,0.470335339638865,0.8592060178648667,0.1002085564259117
126f6f07d7f0f937275aae9acee22b7e28fbe2c7ab1c3c228d98ed22bf44a47a,SMTO3.SA,af537ffb25e029f80e1bee6c804cd42412ab25bbb83c79c679269a354f378060,10,14,2.5,0.0015,0.0,1163,71,0.38028169014084506,-0.1343790579768267,-0.030785025554347922,0.2637349069412228,-0.1716366370670411,8.176626054070844,0.013588930062939894,0.01900681652079646,-0.546510733267613,1.0162093429390093,0.4411006018916595,0.8656209420231733,0.0989251891508528
779f4e0c0b051c94b80ee3205767c36fd0f21c8c16415f11b28ec1a768ee72af,PETR4.SA,3dbc48fc84bc60cb7b2eb556d8e0d91ecd2b3ae1ef256f8cb07085a4f75408a2,10,14,2.5,0.0015,0.0,1163,73,0.3013698630136986,-0.20844932377022007,-0.0493902404636003,0.307057848694948,-2.102005783225797,22.18580719920746,-0.0066880681066755696,-0.008558699503882848,-0.6101623161695847,0.9605733607434995,0.5184866723989682,0.7915506762297799,0.15790503823374213
de9ae9fb1052d835a11441c751ba3ce88f19d8c2c7d67ef9f068e2dd22d0ce72,RENT3.SA,a39aeb3efe6fb94134e5fec95fac0add9eed4db3714182e188545f4d9784c8d3,20,14,3.0,0.0015,0.0,1163,51,0.3137254901960784,-0.16528029558598856,-0.03838915383842434,0.26319080815389423,1.0179755221469289,12.833566801445127,-0.018503786591136228,-0.028048231949141876,-0.5530958471934997,0.9779282406982797,0.4935511607910576,0.8347197044140114,0.13069684780186863
86e50d5b30ccdd69adae0d3530ada214d9ed84cc8a091efccb52ee1df5c9f7ec,ITUB4.SA,5985bb264ae48ba470e29d32102683299f4b248f48433515690421888e36e29f,15,14,3.0,0.0015,0.0,1163,65,0.24615384615384617,-0.11117417545511832,-0.025213415017649177,0.20063258399836517,0.1795838573360956,8.638416022482529,-0.027129732331254028,-0.038501754435334046,-0.3086380360549458,0.9767781384215547,0.5090283748925194,0.8888258245448817,0.08198968897113329
e13fe01f4f7a8e4953e9e4e8dfc9c2d83e890b2df88907ed8c4ec7603f5501c7,ITUB4.SA,5985bb264ae48ba470e29d32102683299f4b248f48433515690421888e36e29f,10,14,3.0,0.0015,0.0,1163,76,0.3684210526315789,-0.12644834930152082,-0.028867803346878773,0.2094223498327899,-1.4666034378469355,28.117923930733117,-0.033613486013876426,-0.0456358321140289,-0.4598887880511944,0.9919726286954154,0.49871023215821153,0.8735516506984792,0.07954793475027067
8e890b494c2d7409e8a8e8460f966b7e2531dee4c690ccea745cda579312ff89,PETR4.SA,3dbc48fc84bc60cb7b2eb556d8e0d91ecd2b3ae1ef256f8cb07085a4f75408a2,10,14,3.0,0.0015,0.0,1163,73,0.3150684931506849,-0.24515651674141048,-0.059120700905964996,0.3116345994677823,-2.041128988746273,21.17474368930924,-0.034983665241042246,-0.044749553404991184,-0.6352901471837766,0.9348635626171962,0.5382631126397248,0.7548434832585895,0.1432550594426235
7ae36b22b59e8f792d3dc78cbf243db42c216b7d51395bddaa3eeee9e7809dfb,BBDC4.SA,4f2191358cc52e9018aa04788b147ab245a0dc35638103c37c6b1ee0c4c48ba1,15,14,2.0,0.0015,0.0,1163,57,0.2982456140350877,-0.11560865375882756,-0.026269275566850214,0.1945116430085034,0.35412202478732824,12.673638224109924,-0.03986907712525288,-0.057416349376208445,-0.3694876625052842,0.9939445612765794,0.3310404127257094,0.8843913462411724,0.09004558146917124
e6b1a4a8895f1cd0ab7b8a9b3e3aa76feb9268182abdd288cd0f1bc18b171c23,BBDC4.SA,4f2191358cc52e9018aa04788b147ab245a0dc35638103c37c6b1ee0c4c48ba1,20,14,2.0,0.0015,0.0,1163,53,0.33962264150943394,-0.10044884636112028,-0.022676641949840537,0.17062345790058298,-0.37085813397402045,14.582529957778242,-0.04889158914413252,-0.0672675761377231,-0.43029766228594657,0.9865304176187436,0.26741186586414445,0.8995511536388797,0.0867232158971647
d72f10d796550b7c29b2164d0150bba4d356a8bf60b55bb763e96377b0ca6a25,BBDC4.SA,4f2191358cc52e9018aa04788b147ab245a0dc35638103c37c6b1ee0c4c48ba1,20,14,2.5,0.0015,0.0,1163,52,0.38461538461538464,-0.11710448059721856,-0.026626371105164193,0.1875046143680138,-0.6427083150960669,15.440475616484802,-0.04967295691403248,-0.06740406732945939,-0.44661601510704463,0.9758010485681791,0.3310404127257094,0.8828955194027814,0.08636522110075939
998494409867c8495368ae7e6d4ada727348abc9d46614b1e857bebd95e7c878,RENT3.SA,a39aeb3efe6fb94134e5fec95fac0add9eed4db3714182e188545f4d9784c8d3,45,14,1.5,0.0015,0.0,1163,39,0.41025641025641024,-0.10730588905805039,-0.02429573066040358,0.17627112463200492,-0.9341319422242157,39.169042196807034,-0.050632017091217535,-0.07076597665660316,-0.3335256649976478,0.8832382760950188,0.1883061049011178,0.8926941109419496,0.11614419641015056
b45cec2987340b3b75ac79be31ee10811a858658fc4d04e134e99865e7bf55bf,RENT3.SA,a39aeb3efe6fb94134e5fec95fac0add9eed4db3714182e188545f4d9784c8d3,15,14,2.0,0.0015,0.0,1163,63,0.3333333333333333,-0.18210120537457986,-0.042621532810629637,0.24859004020643244,0.007931193563504394,15.50917035646965,-0.050779302294737656,-0.07306579087250517,-0.4021108890906514,0.9254983037726248,0.412725709372313,0.8178987946254201,0.11642664507556266
36800036741c9c752d1065765f3309d58c19e96135380d92bc221c741d020393,VALE3.SA,dac5522ae92f306ae7f13023cdcadc9afa05574295f8ffd706c9f04b87e79a3e,30,14,1.5,0.0015,0.0,1163,42,0.30952380952380953,-0.07079595584034859,-0.01578432055342638,0.13422556148918724,2.082448669124205,32.80069344453348,-0.052185428143531366,-0.08129616054659466,-0.26317296723125505,0.9748050985371495,0.16595012897678418,0.9292040441596514,0.03937768433891692
14905c403b633e6e653341827602d02842a3e0a6f42f748b8623fd96a4e4c6b5,WEGE3.SA,b67fb8f3e724dc522918a81ef29842c7bc0be6cabee33d7155075bae21bae18a,60,14,1.5,0.0015,0.0,1163,26,0.34615384615384615,-0.05200629799869416,-0.011505670720380667,0.10855321506545593,1.4585900343670104,33.702890357603366,-0.05269106509285403,-0.07873776681982929,-0.30430529025116027,0.9232590246721369,0.13843508168529664,0.9479937020013058,0.04637759777142325
25ae9d44be55e3335a8e0106136b60f5197e9b63d569f4a5c599d724f4e0cb42,SMTO3.SA,af537ffb25e029f80e1bee6c804cd42412ab25bbb83c79c679269a354f378060,60,14,2.5,0.0015,0.0,1163,27,0.18518518518518517,-0.11507209848349964,-0.026141300161618197,0.17451986968450908,-0.377518943510835,18.008217729015577,-0.06424995536322986,-0.0904076108069087,-0.4076732078378099,0.9489013533572961,0.2510748065348237,0.8849279015165004,0.07269563362658199
843d725571e1a0a75eb2ec590d4c0afd5fa546ce56ac5fde9d0bb484c1c5945d,BBDC4.SA,4f2191358cc52e9018aa04788b147ab245a0dc35638103c37c6b1ee0c4c48ba1,20,14,3.0,0.0015,0.0,1163,52,0.36538461538461536,-0.14721997210254056,-0.03391865351591805,0.19344409898028617,-0.40831894402938296,12.805537112257518,-0.08131719753116826,-0.11140344326532745,-0.44854538200198224,0.9394497327954956,0.36371453138435084,0.8527800278974594,0.07613937320557052
7e58be898321325e76f0ba8cc06adee8afa9660c2e6af2bd2de462a0cf4b13bf,ITUB4.SA,5985bb264ae48ba470e29d32102683299f4b248f48433515690421888e36e29f,10,14,1.5,0.0015,0.0,1163,76,0.3684210526315789,-0.14608748592462362,-0.033640807197928724,0.18933648650967003,-2.1438679903071662,39.56306275828697,-0.0842241732182026,-0.11207075998696243,-0.47367322451258065,0.9638992120677219,0.4041272570937231,0.8539125140753764,0.06386555347620121
7a40e48d0213f2eaa9a3b3c3de79ea1ca0190e9b6489f7db78e5bf064d843d6d,VBBR3.SA,ac16caba9eff3a8c0fd73d77f3097c7e8453c47c67e652f3978c66d2e590f50f,45,14,3.0,0.0015,0.0,1163,40,0.35,-0.15825826652398822,-0.036642060963854806,0.19608709130686497,0.2198182221066414,14.248247501704547,-0.0924716673029945,-0.13117778068409638,-0.44995196480260025,0.8400115760319072,0.3310404127257094,0.8417417334760118,0.12822027888895932
27ec842af1190a55dc631fd362a6f792682ed236766b4f71f159a489bd25755a,SMTO3.SA,af537ffb25e029f80e1bee6c804cd42412ab25bbb83c79c679269a354f378060,15,14,3.0,0.0015,0.0,1163,72,0.3611111111111111,-0.24829865952177432,-0.05997072839320061,0.2705972506047426,-0.023798879439396365,7.995182118026399,-0.09314067162412304,-0.13031797227306324,-0.5697186205371547,0.9174126284248714,0.4763542562338779,0.7517013404782257,0.06462809296959193
80f1931394796f60cc74926e2844875d49358e5e6b8d1f01fecc3f5e24e7c429,SMTO3.SA,af537ffb25e029f80e1bee6c804cd42412ab25bbb83c79c679269a354f378060,15,14,2.0,0.0015,0.0,1163,72,0.375,-0.23131117522094125,-0.055407878476107286,0.25103889842002103,0.09717885073474496,9.69344918668295,-0.10160031682605092,-0.14371997445918314,-0.6197393640129019,0.8970452924151355,0.37833190025795355,0.7686888247790588,0.06244084764563268
85c78c68192d35a8475b2df4cb39927294031361a65a7bcbfea7af3eaab46c20,SMTO3.SA,af537ffb25e029f80e1bee6c804cd42412ab25bbb83c79c679269a354f378060,15,14,2.5,0.0015,0.0,1163,72,0.3888888888888889,-0.256028871366759,-0.06207385145786781,0.2649322524436674,-0.06950042887195125,9.154227352113754,-0.10922816740722745,-0.15277634777310464,-0.583227553859423,0.9013087752153687,0.4411006018916595,0.743971128633241,0.06035229015032284
459c31a2e7e1a8a5aafa36cc8bcf1c908b3716ee905cf4aa83b3a76037028c40,PETR4.SA,3dbc48fc84bc60cb7b2eb556d8e0d91ecd2b3ae1ef256f8cb07085a4f75408a2,60,14,1.5,0.0015,0.0,1163,33,0.30303030303030304,-0.1676186392254062,-0.03897349284632923,0.18503121438835568,-5.690669703507846,96.98953741351006,-0.11760127161321884,-0.14338877034167882,-0.36994381507943197,0.8330404337343044,0.17282889079965605,0.8323813607745938,0.10258256018177053
babb22bd81fafe97c12fd629777756647bb90949a9bf2e36f05029c13f7f8894,PETR4.SA,3dbc48fc84bc60cb7b2eb556d8e0d91ecd2b3ae1ef256f8cb07085a4f75408a2,15,14,2.5,0.0015,0.0,1163,62,0.3548387096774194,-0.315399958347398,-0.0788246501747567,0.2975288844485916,-2.3525682491520583,24.893042860654344,-0.12216829846389075,-0.1542208110971674,-0.5418992663934706,0.8553722447800248,0.470335339638865,0.684600041652602,0.10349451966720508
b09e0c17b578bc4e36034e1a4a7d5c0570f122aab036c7325db2b676c2a7b269,PETR4.SA,3dbc48fc84bc60cb7b2eb556d8e0d91ecd2b3ae1ef256f8cb07085a4f75408a2,10,14,1.5,0.0015,0.0,1163,73,0.2602739726027397,-0.26767143674117944,-0.06527393040392726,0.25825322930755734,-1.984363272698441,29.532177426228436,-0.12897320777637147,-0.1697685346357821,-0.5420707117379364,0.8830735342425938,0.3645743766122098,0.7323285632588206,0.10110692607646504
ec215eeff2976174ce9ee61d879dca2c9d79be309b92666a969961ea3e0e3c8d,ITUB4.SA,5985bb264ae48ba470e29d32102683299f4b248f48433515690421888e36e29f,20,14,3.0,0.0015,0.0,1163,57,0.2807017543859649,-0.17406781519132652,-0.0405917965882413,0.1833307774333064,0.0581891149585048,8.837795979973421,-0.13440855109516553,-0.1883086717065539,-0.3455977589228071,0.8927107453447105,0.4522785898538263,0.8259321848086735,0.05241440633316946
0b6e5a4df633b4ba29ad2dfbd8791d9acc606cf77f295eeaa78fa35ca6a2d4f6,PETR4.SA,3dbc48fc84bc60cb7b2eb556d8e0d91ecd2b3ae1ef256f8cb07085a4f75408a2,20,14,1.5,0.0015,0.0,1163,61,0.3442622950819672,-0.21600584872251372,-0.05136401035275806,0.21246324241632503,-3.1563509462067985,50.94511181949995,-0.13846679540552487,-0.1776991364278379,-0.3871772145917519,0.8724183370688687,0.28116938950988823,0.7839941512774863,0.09627509656480948
9f4c7f448d8dd8ea8fdce73624c5ddd806c7649d5b8ce64a9aacc7e3b81cd5be,VALE3.SA,dac5522ae92f306ae7f13023cdcadc9afa05574295f8ffd706c9f04b87e79a3e,15,14,1.5,0.0015,0.0,1163,64,0.3125,-0.1761904790559662,-0.041126605564919316,0.18245971593298416,1.1456274893052674,15.171056931058049,-0.1397018781981987,-0.21038668002216665,-0.317959226098379,0.9030950799864488,0.3061049011177988,0.8238095209440338,0.026072499828815543
d91c8ce0ba8dd4eac30367b7a42f78269673dd2455c283dca99232bc780cb0bf,VBBR3.SA,ac16caba9eff3a8c0fd73d77f3097c7e8453c47c67e652f3978c66d2e590f50f,30,14,3.0,0.0015,0.0,1163,44,0.22727272727272727,-0.23737854919219736,-0.057028427504460355,0.22907721303038214,0.03728035693889903,12.57291609006097,-0.14174253330150438,-0.1986806922095782,-0.5520640129946546,0.894499768898356,0.3826311263972485,0.7626214508078026,0.10728689664808738
13b527e2c589c29cb698b89ab931ab20f1df19872f0b261a666713d8b8b14c6f,ITUB4.SA,5985bb264ae48ba470e29d32102683299f4b248f48433515690421888e36e29f,10,14,2.0,0.0015,0.0,1163,76,0.3684210526315789,-0.20514732863490004,-0.04853238837280305,0.2026299076116073,-1.7003991182374933,31.346215316557707,-0.1425085878236935,-0.19059366477143827,-0.47934725361646524,0.9138152409710772,0.4514187446259673,0.7948526713651,0.04927380063984654
8ba1cc887311e2bf360ecbb1c6730f4dc375f23a9b1d96904eaf4cd3f60c1bbc,VBBR3.SA,ac16caba9eff3a8c0fd73d77f3097c7e8453c47c67e652f3978c66d2e590f50f,20,14,3.0,0.0015,0.0,1163,63,0.25396825396825395,-0.2758992376231043,-0.06755954310231416,0.24664138673632527,0.06916160772931364,10.30016693150083,-0.16028011470622489,-0.22537121736689358,-0.5205978870406189,0.8027026611271063,0.45657781599312125,0.7241007623768957,0.10015935825739347
706dffac749398f3b7312e90de8d91664377cc2fc6aee8f1465f91840e7496d6,PETR4.SA,3dbc48fc84bc60cb7b2eb556d8e0d91ecd2b3ae1ef256f8cb07085a4f75408a2,15,14,3.0,0.0015,0.0,1163,62,0.3387096774193548,-0.3724189888517515,-0.09601986013252406,0.30728425140387816,-2.238595670812251,22.48202140475103,-0.1697644570311957,-0.2134427771448103,-0.5591629906034223,0.7977079590418825,0.5073086844368013,0.6275810111482485,0.08551479579922588
d88679d99546794637a6aac7d5233252279f5fb0232e06b2630dae5c1866a652,SMTO3.SA,af537ffb25e029f80e1bee6c804cd42412ab25bbb83c79c679269a354f378060,60,14,1.5,0.0015,0.0,1163,27,0.25925925925925924,-0.13010185988843825,-0.029749326149285715,0.12727417693147522,0.15913297669615625,24.064667576276307,-0.1736934177355453,-0.24539788600133272,-0.27622737534415,0.7951808746583546,0.12295786758383491,0.8698981401115617,0.0457146926601667
c050990ed1ee2f6b606ebdcab1fe1fd6a66b20c9381ea2a39a682857ea9740fa,PETR4.SA,3dbc48fc84bc60cb7b2eb556d8e0d91ecd2b3ae1ef256f8cb07085a4f75408a2,20,14,2.0,0.0015,0.0,1163,61,0.3442622950819672,-0.3019042479173245,-0.07491988542980454,0.2540774779895965,-2.5031028465753384,33.233592553094,-0.17551041013275911,-0.2246202743297988,-0.4931165937006323,0.8068673463189294,0.351676698194325,0.6980957520826755,0.08321396892742816
31bf710c0d3688de0ecb8c2557e531bdda6fc2578014d819d8036ed0b2f754a4,VBBR3.SA,ac16caba9eff3a8c0fd73d77f3097c7e8453c47c67e652f3978c66d2e590f50f,20,14,2.5,0.0015,0.0,1163,63,0.2857142857142857,-0.27548945710864525,-0.0674452294778074,0.23575741743659162,-0.4186249035638269,14.950730702920433,-0.17766242750951608,-0.2446848198467125,-0.49400153952092773,0.813838973250364,0.4299226139294927,0.7245105428913547,0.09318759381549724
29b9b5c44d10bdd20a878f5464ad0934651b73456d69eb36d59b96527a14f758,VBBR3.SA,ac16caba9eff3a8c0fd73d77f3097c7e8453c47c67e652f3978c66d2e590f50f,15,14,3.0,0.0015,0.0,1163,68,0.3088235294117647,-0.302652579269893,-0.0751348473491027,0.25390035296747526,0.3784691789321412,8.985625380751102,-0.18109450614664524,-0.2606218570583762,-0.5327301520768081,0.8330067631581016,0.4883920894239037,0.697347420730107,0.09293193134973299
0d579a64199b767f3c3233460c24dd023d9c91ad38352070b502ec06d726f564,ITUB4.SA,5985bb264ae48ba470e29d32102683299f4b248f48433515690421888e36e29f,10,14,2.5,0.0015,0.0,1163,76,0.3684210526315789,-0.23499087752786552,-0.05638949772446156,0.20350086490882788,-1.6648784528418596,30.813288574393983,-0.18177776627860662,-0.24352254556251204,-0.4987374269938343,0.887119998164163,0.47893379191745483,0.7650091224721345,0.040936571111625464
d1808e14f997951cdac09998ef8308d8463043a66a02b2de6d48c499273f98c4,ITUB4.SA,5985bb264ae48ba470e29d32102683299f4b248f48433515690421888e36e29f,15,14,2.5,0.0015,0.0,1163,65,0.2153846153846154,-0.218635740223596,-0.05205443578134772,0.1922132442373348,0.141013620710578,9.069102242036463,-0.18210227401795356,-0.25525827661576134,-0.3374481883614677,0.8574784497445456,0.47979363714531387,0.781364259776404,0.042427277857208456
d9a26658df6d2b1459b80db9277c8d115b5a7f0eeaacd76285da311f0ac551a3,RENT3.SA,a39aeb3efe6fb94134e5fec95fac0add9eed4db3714182e188545f4d9784c8d3,30,14,1.5,0.0015,0.0,1163,48,0.3541666666666667,-0.20961701905277919,-0.04969427643462154,0.1800561305350827,0.9472650272739737,19.748989859812752,-0.19363154662109164,-0.28306049254634746,-0.40765591478854735,0.8393724859963521,0.2063628546861565,0.7903829809472208,0.06801648137937877
b21b29bc7e9f8677aa660b3f5f8447642939ebd743e8a84f4bb814608b2c28a6,ITUB4.SA,5985bb264ae48ba470e29d32102683299f4b248f48433515690421888e36e29f,20,14,1.5,0.0015,0.0,1163,57,0.2982456140350877,-0.1679429250294464,-0.039054631549261254,0.14418751077995826,-0.10097016858039297,13.532951499360353,-0.20414663987898404,-0.2814363951780833,-0.3416741961459916,0.8864944920881699,0.2699914015477214,0.8320570749705536,0.03812774964769511
3be9d279721ccdc2d98a8f7079255de47a6e15def24bc4c7baae4de3b3a83f75,RENT3.SA,a39aeb3efe6fb94134e5fec95fac0add9eed4db3714182e188545f4d9784c8d3,45,14,2.0,0.0015,0.0,1163,39,0.38461538461538464,-0.23718655727095295,-0.05697699347533214,0.19161553903501374,-0.9125993982192041,29.938335553136582,-0.20946087029611316,-0.2877142304024692,-0.4102879368288548,0.736431682925703,0.26397248495270853,0.762813442729047,0.061517421228613534
6886772c903e89178876595bc075b835a0e4057fb2d36258d6caf2ac145bf599,RENT3.SA,a39aeb3efe6fb94134e5fec95fac0add9eed4db3714182e188545f4d9784c8d3,10,14,2.5,0.0015,0.0,1163,90,0.3333333333333333,-0.3961936212142674,-0.10355284267819587,0.2996532853314169,0.5524178623539417,14.81108490317642,-0.21565739462324568,-0.31553829339544787,-0.6292762270826342,0.83207579136611,0.49785038693035255,0.6038063787857326,0.06167431293425257
42aaa2453a6cf8bf297acdffc1cf035ae9d072b2feba6f259c14e734494455df,RENT3.SA,a39aeb3efe6fb94134e5fec95fac0add9eed4db3714182e188545f4d9784c8d3,30,14,2.0,0.0015,0.0,1163,48,0.3541666666666667,-0.28854641967774397,-0.07111281543758008,0.22316074615889195,-0.28413776829072346,21.8300839536986,-0.21846498735855113,-0.30569441028071637,-0.4409478374682406,0.7747408817529856,0.33276010318142735,0.711453580322256,0.05992138294850147
36edd2344726682972312a098b4a9f143caa4477f868ef31dcaa795d7fa624e8,RENT3.SA,a39aeb3efe6fb94134e5fec95fac0add9eed4db3714182e188545f4d9784c8d3,60,14,1.5,0.0015,0.0,1163,23,0.34782608695652173,-0.16836026752400512,-0.039159090184458845,0.1341691125453629,-3.5571659118307024,91.18563931785033,-0.22909410242691364,-0.29765740603791646,-0.22585644838569152,0.7201512477223249,0.10834049871023216,0.8316397324759949,0.053255908590247425
eecf219e092d46566889f3bc24a13b0e1429abb06755ed40a1fc686305cbf04b,RENT3.SA,a39aeb3efe6fb94134e5fec95fac0add9eed4db3714182e188545f4d9784c8d3,10,14,3.0,0.0015,0.0,1163,90,0.32222222222222224,-0.410382420263398,-0.10815995164653469,0.30045518648391295,0.5143076975434818,14.892903866899964,-0.23134955257229434,-0.3376609808388307,-0.6339150419747281,0.8231844483319039,0.5073086844368013,0.589617579736602,0.05770232524623431
e9daa4188e192872d03551f6f596656fb621b1e53fe00c793dd2742883bca913,VBBR3.SA,ac16caba9eff3a8c0fd73d77f3097c7e8453c47c67e652f3978c66d2e590f50f,20,14,1.5,0.0015,0.0,1163,63,0.30158730158730157,-0.24846941857225202,-0.06001700262874177,0.18865993236849446,0.8063227610357353,15.672832805904374,-0.23426720228605624,-0.3417611429603509,-0.34753772074647804,0.7688662466947527,0.2553740326741187,0.751530581427748,0.07620626049108437
aad9b5ea3ca5ed2ee7a02022f1ee90d174664ca56edb1a5ff13aab5d3814b68d,VBBR3.SA,ac16caba9eff3a8c0fd73d77f3097c7e8453c47c67e652f3978c66d2e590f50f,15,14,2.5,0.0015,0.0,1163,68,0.3088235294117647,-0.3355355642460358,-0.08476419933499268,0.24684823221492844,-0.099974499234993,13.034143491118586,-0.23508773077831227,-0.33058027450804245,-0.5139571052361751,0.815514258555399,0.469475494411006,0.6644644357539642,0.07458448975862458
3a279589133e853f18d56749520ad45e082f94454c84058c8bedc4cc4bcb9ed9,BBDC4.SA,4f2191358cc52e9018aa04788b147ab245a0dc35638103c37c6b1ee0c4c48ba1,15,14,1.5,0.0015,0.0,1163,57,0.2982456140350877,-0.22474088448828222,-0.05366426499079424,0.17083832331777385,0.4826751720187487,18.237663349011505,-0.2376804250584399,-0.3398927543517028,-0.3814578974124958,0.8418201127321207,0.24247635425623387,0.7752591155117178,0.03931735949130216
7c3249153a2816d7c0387425433651f0c54a7612d8eeca7360519a4ce1ed3dce,VBBR3.SA,ac16caba9eff3a8c0fd73d77f3097c7e8453c47c67e652f3978c66d2e590f50f,30,14,1.5,0.0015,0.0,1163,44,0.22727272727272727,-0.2377536068315611,-0.057128933528969195,0.17745143755504478,1.1070824791258218,21.586892194600235,-0.24341786946171684,-0.359436766675765,-0.3917283831516525,0.804721190871801,0.20808254514187446,0.7622463931684389,0.07399421875168338
e0beed2bb293322f58828c4a54564516a446db1a9df737cc151d153976f24852,PETR4.SA,3dbc48fc84bc60cb7b2eb556d8e0d91ecd2b3ae1ef256f8cb07085a4f75408a2,15,14,1.5,0.0015,0.0,1163,62,0.2903225806451613,-0.3330973726219728,-0.08403754698801535,0.236875095442325,-2.7920831677616516,39.87491573449128,-0.24826903618187116,-0.31683450759183546,-0.4195989947951124,0.760608780973837,0.2889079965606191,0.6669026273780272,0.0601116394110453
93c701648ce7dcec36ffdca5c7a3e314dd49512aeebd90de2b2c5e310e33a9e6,VBBR3.SA,ac16caba9eff3a8c0fd73d77f3097c7e8453c47c67e652f3978c66d2e590f50f,45,14,2.5,0.0015,0.0,1163,40,0.325,-0.25890793553638847,-0.06286152089790542,0.1812207501651779,0.4048846811472173,16.162677085891968,-0.26785320962325015,-0.37805801572570347,-0.41366623561487714,0.6586728524590906,0.28116938950988823,0.7410920644636115,0.065995915554942
f28cdabe684d2c3164c0beff3e2cc0e20725c81689d094aeb02c58cb1721c564,VBBR3.SA,ac16caba9eff3a8c0fd73d77f3097c7e8453c47c67e652f3978c66d2e590f50f,15,14,1.5,0.0015,0.0,1163,68,0.27941176470588236,-0.3011176151157752,-0.07469411573493234,0.20551582946836291,0.9142812027744595,13.58919978327108,-0.27568671854645377,-0.40714791137209266,-0.39544179537331625,0.771910081384686,0.3069647463456578,0.6988823848842248,0.06471463159860869
c6ac2e4329f366a00cf1d03ba876ec1a4d707008029a0943cb1c71a6902006b4,VBBR3.SA,ac16caba9eff3a8c0fd73d77f3097c7e8453c47c67e652f3978c66d2e590f50f,30,14,2.5,0.0015,0.0,1163,44,0.20454545454545456,-0.3168220621285297,-0.07923961485417208,0.2153734899499786,0.2205016268281071,13.535555516116208,-0.27571834602117057,-0.38640167641665907,-0.5230524512500849,0.7858937913232813,0.33190025795356837,0.6831779378714703,0.06356831817025643
7069e5b49a4ac8a401dfbab2cea24d2344d54b29368872ce94b1973d5eb882d1,RADL3.SA,f72393f97e187d8b940f7829ec9dde3f25dd99315f18c2582b5a0d690cb92772,60,14,1.5,0.0015,0.0,1163,45,0.3111111111111111,-0.20423467423283592,-0.04829577497358428,0.14091782808206493,0.8801938003314657,16.055933786769053,-0.2811556437299879,-0.4125527329636757,-0.34039863924102765,0.7224294718163785,0.20206362854686155,0.7957653257671641,0.044719106688756394
ce3338e8655492d9e88e5415ee1dc04180d0dceb01ad56fdd8a54f758ab3edb8,PETR4.SA,3dbc48fc84bc60cb7b2eb556d8e0d91ecd2b3ae1ef256f8cb07085a4f75408a2,20,14,2.5,0.0015,0.0,1163,61,0.36065573770491804,-0.41881423951891317,-0.11093905752667843,0.26608326979848146,-2.417011650530862,28.892685219027353,-0.30466640913428916,-0.3842541980343002,-0.5544770985786459,0.7231566825535973,0.3895098882201204,0.5811857604810868,0.046503967720120665
19b413cc070957ca2d533c8db33de73e03bc964fb0bcdb6b77b6432e032dbf02,RADL3.SA,f72393f97e187d8b940f7829ec9dde3f25dd99315f18c2582b5a0d690cb92772,60,14,3.0,0.0015,0.0,1163,45,0.26666666666666666,-0.3071295183185353,-0.07642465822883726,0.19404969212610945,0.14325091124882844,9.02158169180928,-0.31272612609370926,-0.43992618787353965,-0.4957704981432737,0.682714951245368,0.4479793637145314,0.6928704816814647,0.0377720461160711
01379f9c600baaad548a9e9d5566506e34a6563d2391e145d5b50bcc1e750211,RADL3.SA,f72393f97e187d8b940f7829ec9dde3f25dd99315f18c2582b5a0d690cb92772,30,14,1.5,0.0015,0.0,1163,66,0.3484848484848485,-0.24051348873973222,-0.05786970630937671,0.15115368003253773,0.5027583540129684,11.74155393582261,-0.31900787594317354,-0.4607148213884661,-0.3584220723202327,0.7277510196047394,0.2596732588134136,0.7594865112602678,0.037221489315000356
62961367c23c9aba35552e55b45721377d9d81bcae621ab98dd627655c7c8b46,WEGE3.SA,b67fb8f3e724dc522918a81ef29842c7bc0be6cabee33d7155075bae21bae18a,30,14,1.5,0.0015,0.0,1163,37,0.35135135135135137,-0.20738169293804143,-0.0491125658482604,0.1300818113370299,-0.017298224268511585,21.196931799538667,-0.3220525539741381,-0.4434488001369259,-0.3958480657446679,0.7484545686386804,0.177128116938951,0.7926183070619586,0.011859807539210121
b7e4b41343d4037d38fca2bbc0d4a3f4a5e9b052722dfdd17951e4f64f691f83,RENT3.SA,a39aeb3efe6fb94134e5fec95fac0add9eed4db3714182e188545f4d9784c8d3,10,14,2.0,0.0015,0.0,1163,90,0.3333333333333333,-0.46206123343622363,-0.12571118211779797,0.2858879603481658,0.13007073052518045,12.726076618352959,-0.3268552106853471,-0.4661968932697741,-0.5993894970825944,0.7523482270375093,0.470335339638865,0.5379387665637764,0.037340471957980625
50a4a825c2a74e4dac865d81a0bf5f03cf46ac4f7a306af5052c61a9d8e893de,RENT3.SA,a39aeb3efe6fb94134e5fec95fac0add9eed4db3714182e188545f4d9784c8d3,20,14,2.0,0.0015,0.0,1163,51,0.35294117647058826,-0.3521814588813791,-0.08978177087817951,0.2147453477427216,0.5463699023391987,12.12777003218039,-0.33108166116657567,-0.4771465879185703,-0.5445270757257483,0.697070302845532,0.33705932932072225,0.6478185411186209,0.037229853028696636
986a920206a9ac7d9235528d9a3d97674402895a616604d36cfe3bc97b241547,VBBR3.SA,ac16caba9eff3a8c0fd73d77f3097c7e8453c47c67e652f3978c66d2e590f50f,60,14,3.0,0.0015,0.0,1163,36,0.2222222222222222,-0.3110964979288622,-0.07757301586836662,0.18634669890832944,-0.5384539226086227,15.769685217982879,-0.3396387211194019,-0.45764664724110665,-0.4682592352459912,0.65254358775127,0.28030954428202925,0.6889035020711378,0.04700246500612465
34ccb512412c6857e5b3cfb48745562b61b64bccaa153038d20813d6556f2abb,RADL3.SA,f72393f97e187d8b940f7829ec9dde3f25dd99315f18c2582b5a0d690cb92772,30,14,2.5,0.0015,0.0,1163,66,0.3181818181818182,-0.3040550848876129,-0.07553821124573346,0.17986639903503485,-0.21916087169340778,10.353506712171836,-0.34652518702593693,-0.4782423063769865,-0.42305695104868457,0.6986896963519132,0.38005159071367156,0.6959449151123871,0.03170321283736738
b46dbd4aa5890dd4d750dd3bf4b9dc8aff7514833ff255784a007f4433be089b,PETR4.SA,3dbc48fc84bc60cb7b2eb556d8e0d91ecd2b3ae1ef256f8cb07085a4f75408a2,60,14,2.0,0.0015,0.0,1163,33,0.2727272727272727,-0.3467699731351308,-0.08813961895744427,0.2021986370397276,-5.068654851870093,73.42209499974808,-0.35016913063127575,-0.41941161212864697,-0.43846067362701846,0.6159372688970495,0.20292347377472056,0.6532300268648692,0.033073099112719884
c22ea0b9838f3399526340614922d756fc78429a7556814f9468dbf01059ee10,BBDC4.SA,4f2191358cc52e9018aa04788b147ab245a0dc35638103c37c6b1ee0c4c48ba1,20,14,1.5,0.0015,0.0,1163,53,0.37735849056603776,-0.24993562834321037,-0.060414672221565824,0.14658144198595532,-0.540146936957385,20.095574382850163,-0.35153345191415786,-0.4704473728238648,-0.434000379105687,0.7505500136159273,0.1831470335339639,0.7500643716567896,0.021687781106856208
2a8f92bfac94d6abc1ab9419376a22f040762e18c2432fdaf248b834bed7c611,PETR4.SA,3dbc48fc84bc60cb7b2eb556d8e0d91ecd2b3ae1ef256f8cb07085a4f75408a2,60,14,2.5,0.0015,0.0,1163,33,0.2727272727272727,-0.3704084001931528,-0.0953931179773635,0.2103779234034206,-4.596440426312754,63.348141092451606,-0.3663889845666243,-0.4401787684490916,-0.48130112661253155,0.6293686787993454,0.236457437661221,0.6295915998068472,0.030826446770164495
fdf2a66af1bcc2134755a6054dd9e2395cfdd1e5be644aa54951f213230df3a9,RADL3.SA,f72393f97e187d8b940f7829ec9dde3f25dd99315f18c2582b5a0d690cb92772,15,14,3.0,0.0015,0.0,1163,70,0.35714285714285715,-0.37655199793531546,-0.09731316054744332,0.2149740290133552,-0.7999986432848792,10.676338227947332,-0.367837549583193,-0.4886635642231892,-0.5280615703095568,0.6886811227057222,0.528804815133276,0.6234480020646845,0.027729272667932736
e312503ab2be684866f7429a161a66b26f1e3e47c4765e338f439dff3e2b33df,ITUB4.SA,5985bb264ae48ba470e29d32102683299f4b248f48433515690421888e36e29f,20,14,2.0,0.0015,0.0,1163,57,0.2807017543859649,-0.27607746215771634,-0.06760927697626018,0.15624835099748535,-0.029272810608066385,11.959606295070294,-0.36983094389602844,-0.5072429313714879,-0.4234763913016646,0.7605688168919732,0.3181427343078246,0.7239225378422837,0.01670702712700789
5742e5a0a23fed644975f9602e82c0d5cfe1a575e9a8b95362244178d6677eba,RADL3.SA,f72393f97e187d8b940f7829ec9dde3f25dd99315f18c2582b5a0d690cb92772,60,14,2.5,0.0015,0.0,1163,45,0.28888888888888886,-0.31198331888767583,-0.07783044011858187,0.1758453627821186,0.0005248353058427442,11.065643164551485,-0.3727802866916158,-0.5175147824660301,-0.500808458815239,0.6671443426686499,0.3473774720550301,0.6880166811123242,0.028197855869224797
afa990cbe425ee299efad81e913e33665517d977dd504995403c5fd73f97a2d8,VBBR3.SA,ac16caba9eff3a8c0fd73d77f3097c7e8453c47c67e652f3978c66d2e590f50f,30,14,2.0,0.0015,0.0,1163,44,0.18181818181818182,-0.3535100799965226,-0.09018659209750401,0.19919810197492133,0.3781122517100537,16.453161534047382,-0.37504184292500725,-0.525872177387153,-0.4809973994191813,0.6759595710415517,0.27429062768701634,0.6464899200034774,0.04156295733112675
63c058b995da292ad1b952c596ce9b8f869359472c879f2954fe6f990817e13d,RADL3.SA,f72393f97e187d8b940f7829ec9dde3f25dd99315f18c2582b5a0d690cb92772,60,14,2.0,0.0015,0.0,1163,45,0.3111111111111111,-0.29336394109915787,-0.07247933478512292,0.15998416747759234,0.2871489110765018,12.822121806727761,-0.39038910052606846,-0.5500787001939783,-0.46042530593269515,0.6231588505651573,0.2596732588134136,0.7066360589008421,0.026277815909187707
2883be972f187279d4305998872ece01e0be84cbdfdf61a8351f4feb9927ab11,RADL3.SA,f72393f97e187d8b940f7829ec9dde3f25dd99315f18c2582b5a0d690cb92772,30,14,2.0,0.0015,0.0,1163,66,0.3484848484848485,-0.3018000484903308,-0.07488996794221126,0.16307583298441525,0.13382613809655336,11.175754781879297,-0.39580634292307804,-0.5575156921030509,-0.4291061696993612,0.6396835320705558,0.29664660361135,0.6981999515096692,0.025353789381178382
e9aabc8f617ca30888489a2eb49e22a610063370297dea10a146c61e0e702f00,RENT3.SA,a39aeb3efe6fb94134e5fec95fac0add9eed4db3714182e188545f4d9784c8d3,10,14,1.5,0.0015,0.0,1163,90,0.3333333333333333,-0.4700395246228416,-0.12853730186445023,0.2593108187723334,0.2603310861252162,11.441395485873866,-0.40100521337354295,-0.5702060236514754,-0.539233689669139,0.6988244269548186,0.3757523645743766,0.5299604753771584,0.026362328052238038
0afcd17921853c351f6f776716551c27d2badf5484ef498b0a85e7cdb9fcfda1,RADL3.SA,f72393f97e187d8b940f7829ec9dde3f25dd99315f18c2582b5a0d690cb92772,15,14,2.5,0.0015,0.0,1163,71,0.36619718309859156,-0.38463219561205386,-0.09986113860734835,0.20744500115162703,-0.689947092347578,9.703254338826731,-0.4026728463391271,-0.5353251462976109,-0.5287238491082139,0.6635690919293977,0.4926913155631986,0.6153678043879461,0.023319031442089577
8716faa57228c45555835501478c49e933ecb2477343dd2d764488db2482c5b7,VBBR3.SA,ac16caba9eff3a8c0fd73d77f3097c7e8453c47c67e652f3978c66d2e590f50f,15,14,2.0,0.0015,0.0,1163,68,0.3088235294117647,-0.42202717206858087,-0.11200634499007345,0.22809870790550282,0.2715885627296008,11.92067118080926,-0.40683385036338693,-0.5732558374540435,-0.4787834743386169,0.6688529862600787,0.39552880481513325,0.5779728279314191,0.03570928746587487
8ef83b9571a4724e87103c7ae0b80f87fe937f7af1c268c005974881d6c42337,RADL3.SA,f72393f97e187d8b940f7829ec9dde3f25dd99315f18c2582b5a0d690cb92772,30,14,3.0,0.0015,0.0,1163,66,0.3181818181818182,-0.35658276519537846,-0.09112531939728574,0.19002093018458757,-0.22739860126781555,9.473955289611476,-0.40754198482987475,-0.5617826888593521,-0.4601394139486433,0.6423737727388776,0.4471195184866724,0.6434172348046215,0.02338558002662766
37fdc1d8ec56aee687d875734770db8dc3d335dd277e442ce9e985ed368fab8a,PETR4.SA,3dbc48fc84bc60cb7b2eb556d8e0d91ecd2b3ae1ef256f8cb07085a4f75408a2,20,14,3.0,0.0015,0.0,1163,61,0.32786885245901637,-0.5423845088821955,-0.15581631049168942,0.29546740476897587,-2.5814150817590162,25.947445616149214,-0.419943715440268,-0.5174918184671764,-0.6265186372496098,0.6540629129556,0.46345657781599314,0.4576154911178045,0.02537806350295213
e9cd64b1ee96d6de0b77671cd3062de12286b030b3c00182ec16d43c59728f3a,RADL3.SA,f72393f97e187d8b940f7829ec9dde3f25dd99315f18c2582b5a0d690cb92772,15,14,1.5,0.0015,0.0,1163,72,0.4166666666666667,-0.34895488491147775,-0.08880135780547815,0.1723110361914792,-0.4674376217132531,12.585613386468868,-0.4531278870901446,-0.6136565843956379,-0.5128356233382949,0.6728003302234272,0.3129836629406707,0.6510451150885223,0.018158429029798306
1407da980a95c0afd281e69af106491a750ecef2a32117f51ab519da8f0939e9,RENT3.SA,a39aeb3efe6fb94134e5fec95fac0add9eed4db3714182e188545f4d9784c8d3,15,14,1.5,0.0015,0.0,1163,63,0.31746031746031744,-0.43141552225980895,-0.11515187309632924,0.21167534675418812,-0.7289181341993001,24.238327655964603,-0.4711077439149869,-0.6414077973852508,-0.5186916395262726,0.6382521532409915,0.2588134135855546,0.568584477740191,0.017292110536763328
e2fb6f0a8ec6ec1a4749b961d8a290d634b2566ef3cfd6fc5ba564367b1313ba,VBBR3.SA,ac16caba9eff3a8c0fd73d77f3097c7e8453c47c67e652f3978c66d2e590f50f,45,14,1.5,0.0015,0.0,1163,40,0.3,-0.2949326522623913,-0.0729258842302608,0.1385023507104228,1.2648376011110916,33.712416628198014,-0.47785091960978243,-0.6871429618672562,-0.39089592215495816,0.5376703379645619,0.1418744625967326,0.7050673477376087,0.02742900213634908
db43ba79585bdaba9c3cd37dc50a9a3c346bda819632711cef0d09a1efa9fafc,VBBR3.SA,ac16caba9eff3a8c0fd73d77f3097c7e8453c47c67e652f3978c66d2e590f50f,60,14,1.5,0.0015,0.0,1163,36,0.3055555555555556,-0.3019976403526392,-0.07494670301280204,0.13866463812677907,-0.4913906965901727,24.928777857094378,-0.4921745091831454,-0.6560641305904222,-0.3566832862206304,0.5371763888793928,0.1358555460017197,0.6980023596473608,0.022563971289870144
b3d0d5abfcb4247bf741fff2c7ed5b0e3f67940b15b10ee439fe96f8b1b22565,ITUB4.SA,5985bb264ae48ba470e29d32102683299f4b248f48433515690421888e36e29f,20,14,2.5,0.0015,0.0,1163,57,0.24561403508771928,-0.35474372131726206,-0.09056305755566973,0.16503840876861717,-0.047079295931585934,10.848933186943157,-0.4925413364907488,-0.6706690916666143,-0.47081283190689516,0.6545406800066056,0.3645743766122098,0.6452562786827379,0.008416301294133566
3bb05f0beef074083345f0cfc51bfb2a73da025ce70c09f1186717dbf8d9de32,PETR4.SA,3dbc48fc84bc60cb7b2eb556d8e0d91ecd2b3ae1ef256f8cb07085a4f75408a2,60,14,3.0,0.0015,0.0,1163,33,0.2727272727272727,-0.479980901067142,-0.1321058171639945,0.22932266578481889,-3.803225688348942,46.82077875367273,-0.4982262510910127,-0.5993725760079319,-0.5266371314082421,0.503744043524178,0.2897678417884781,0.520019098932858,0.014654546962216297
c7a09285dd38355740b196558f7fdd69e38addc4cf81082bb21830f2c2c5cec4,VBBR3.SA,ac16caba9eff3a8c0fd73d77f3097c7e8453c47c67e652f3978c66d2e590f50f,45,14,2.0,0.0015,0.0,1163,40,0.3,-0.3458940164983273,-0.08787480695173144,0.1563364344938858,0.47702008900962245,23.90745762574722,-0.5102594419354741,-0.7052002161571342,-0.43492118423560544,0.4641933480857659,0.1943250214961307,0.6541059835016727,0.022135757879410745
7c39e9fc32cd3ee96a37d75efddeec64160df302aac2b80663c68eaec5892204,SMTO3.SA,af537ffb25e029f80e1bee6c804cd42412ab25bbb83c79c679269a354f378060,60,14,2.0,0.0015,0.0,1163,27,0.18518518518518517,-0.3190124786045425,-0.0798800960415752,0.13966727887906086,-0.932801545154404,26.59526411486094,-0.5257231494379068,-0.6958128379921238,-0.41342359094834014,0.47975625766886937,0.14015477214101463,0.6809875213954575,0.006650305246181265
9e8393f8293326d60bb4688c7f2623296bf8f0c992c1ed11e9e9d0c115309e75,VBBR3.SA,ac16caba9eff3a8c0fd73d77f3097c7e8453c47c67e652f3978c66d2e590f50f,20,14,2.0,0.0015,0.0,1163,63,0.2698412698412698,-0.45241949406370985,-0.12233930960519546,0.20693483409236182,0.12754660181336486,14.339054354093353,-0.5270178191848995,-0.726672931138782,-0.4855768193719634,0.5215912508311352,0.32932072226999143,0.5475805059362902,0.019669493979336983
2dd3f7aac30ca6bf8f727501c6ac52900af34ed811dca1e4f88d9fda6828a510,RADL3.SA,f72393f97e187d8b940f7829ec9dde3f25dd99315f18c2582b5a0d690cb92772,15,14,2.0,0.0015,0.0,1163,72,0.375,-0.4335454986362959,-0.1158711688532994,0.19413236235876144,-0.6787965142817295,10.025270979885622,-0.5365890762210095,-0.7076804478082211,-0.5930778252821615,0.611705755257849,0.42562338779019776,0.5664545013637041,0.01117290362554807
1acc87375def3dc7b9513b68c0c575147e8549004d993f05ff39c77e6a8eb58a,VBBR3.SA,ac16caba9eff3a8c0fd73d77f3097c7e8453c47c67e652f3978c66d2e590f50f,60,14,2.5,0.0015,0.0,1163,36,0.25,-0.39000960282428154,-0.10157139050484831,0.16906427866530271,-0.4163204750534427,16.937999370361087,-0.5485806174435616,-0.732979749038398,-0.42135399927935513,0.4465423457854061,0.23215821152192606,0.6099903971757185,0.016780106565961017
583ab6c55a64eed321089be81ee450c67ec898afd59bf3088f6f8e52d25973a2,VBBR3.SA,ac16caba9eff3a8c0fd73d77f3097c7e8453c47c67e652f3978c66d2e590f50f,60,14,2.0,0.0015,0.0,1163,36,0.25,-0.3648856175284162,-0.09367958347814587,0.15632750319707522,-0.2683040456860567,18.85380211246458,-0.5507543014804287,-0.7412308850676179,-0.377613194134098,0.4372098446965199,0.19604471195184867,0.6351143824715838,0.01683877383892496
4de89c3bb8a8c0bc7f8f89f08526217528dc0ff0d2abe4af97f857d5906cf20c,WEGE3.SA,b67fb8f3e724dc522918a81ef29842c7bc0be6cabee33d7155075bae21bae18a,10,14,1.5,0.0015,0.0,1163,79,0.24050632911392406,-0.47988705661255815,-0.13207188229086608,0.20316635721943269,0.4217243053994873,12.197383728496241,-0.5957234638116707,-0.8335356573060864,-0.631159932822978,0.6303619866471223,0.31986242476354254,0.5201129433874419,0.0023752036392455933
3ed09dd529de5f2ec37e4b2328abe2a730460738ec8a2e0ddb0b8c076694da94,VBBR3.SA,ac16caba9eff3a8c0fd73d77f3097c7e8453c47c67e652f3978c66d2e590f50f,10,14,3.0,0.0015,0.0,1163,90,0.24444444444444444,-0.5838038750440475,-0.17299312876579054,0.26064283339153455,0.15815306363507178,7.985636019965693,-0.5982765896474702,-0.8301429306084291,-0.6940067911840009,0.6402498552788156,0.5090283748925194,0.4161961249559525,0.01346757264864551
16e9914aeb8e0652f52c404af5abede6a98717f49351424589d60049d7257398,RADL3.SA,f72393f97e187d8b940f7829ec9dde3f25dd99315f18c2582b5a0d690cb92772,45,14,2.0,0.0015,0.0,1163,52,0.25,-0.4316588550189865,-0.11523393998149623,0.16169303982544173,-0.9137896166892217,17.84604119152728,-0.675615881058321,-0.8863050596882106,-0.46221693137623265,0.5020731984171883,0.29492691315563196,0.5683411449810135,0.004653494689603466
e3266cd7223c444fefcd497934343e09b3479a49231bd423a117390fc1ff988a,VBBR3.SA,ac16caba9eff3a8c0fd73d77f3097c7e8453c47c67e652f3978c66d2e590f50f,10,14,2.5,0.0015,0.0,1163,90,0.24444444444444444,-0.6285322449726973,-0.19311790289480701,0.26508728142811805,-0.22831587303627823,10.943230812739644,-0.6760564421406883,-0.9192442016183104,-0.7282348876723099,0.6162106972701054,0.4995700773860705,0.3714677550273026,0.008309091262811208
c2ba499347ff2733a454575e44364b3d4a82612bc14cfc46070fe59a9eea1752,RADL3.SA,f72393f97e187d8b940f7829ec9dde3f25dd99315f18c2582b5a0d690cb92772,45,14,3.0,0.0015,0.0,1163,52,0.2692307692307692,-0.5084024644936326,-0.14261144580325003,0.19362348220395625,-0.550144632658498,12.009781658962336,-0.6971156103134983,-0.9276175792547684,-0.5226673728771598,0.4384281443134995,0.43680137575236455,0.4915975355063674,0.0042607698706322306
4cf919755649fcd3c91651b2f488911051902d1cd216a1bbad4b0486bc751d75,RADL3.SA,f72393f97e187d8b940f7829ec9dde3f25dd99315f18c2582b5a0d690cb92772,10,14,2.5,0.0015,0.0,1163,100,0.36,-0.544731295813421,-0.15675626062732584,0.2088352187292582,-0.40005946140050924,8.803620520682607,-0.7113219308910618,-0.9480805063893205,-0.6032174977954842,0.5429278842825753,0.49527085124677556,0.455268704186579,0.003966244364049465
82a475fd61208a53d95c06924d30678704a2f3c0305bff17bce8b1771345438a,RADL3.SA,f72393f97e187d8b940f7829ec9dde3f25dd99315f18c2582b5a0d690cb92772,45,14,2.5,0.0015,0.0,1163,52,0.25,-0.4760999569619909,-0.1307064231227174,0.1736415212257191,-0.8642409782982565,15.682720729734223,-0.7190459777463002,-0.9435943375934694,-0.49739245339609706,0.4773487277533244,0.3422184006878762,0.5239000430380091,0.0035108803919378095
319aa9ecc93b43e87934bfa5a49594c39ba021e490fe7b50a055da1830d0e91a,RADL3.SA,f72393f97e187d8b940f7829ec9dde3f25dd99315f18c2582b5a0d690cb92772,10,14,3.0,0.0015,0.0,1163,99,0.35353535353535354,-0.5690670345827729,-0.16673424656336966,0.21306686733001973,-0.6307119669737384,10.46433563102832,-0.7485635575661522,-0.9874282779192578,-0.6244269401162585,0.5346272904782189,0.5116079105760963,0.4309329654172271,0.0029787775907531566
6b14f6bbf37c0ff9754328170c3c6ada3bfa7a62d0b6a41aa21847b0aca2b1e0,RENT3.SA,a39aeb3efe6fb94134e5fec95fac0add9eed4db3714182e188545f4d9784c8d3,20,14,1.5,0.0015,0.0,1163,51,0.3137254901960784,-0.5315111713491038,-0.15150989353561217,0.18315360781510306,0.2628763696000841,20.815998568728702,-0.8052618889072648,-1.1039608725672072,-0.6257818283268519,0.4363340781388272,0.2055030094582975,0.46848882865089625,0.0027412104920472302
d4c7a4044d2c94bc5252eb24cba21ae60638a662468783abb9cce373b5a684ab,RADL3.SA,f72393f97e187d8b940f7829ec9dde3f25dd99315f18c2582b5a0d690cb92772,10,14,1.5,0.0015,0.0,1163,100,0.35,-0.5308842220616458,-0.15126398518569895,0.1795906284546802,0.04876966317210085,9.411196473490135,-0.8231415806270067,-1.1178467135979866,-0.5883198629885551,0.5439706573437031,0.35597592433361996,0.46911577793835424,0.0020871083863757134
c7947cab806979b22fa4cc09065fc6f3ab2dcf11c534c365c21faf2964458378,VBBR3.SA,ac16caba9eff3a8c0fd73d77f3097c7e8453c47c67e652f3978c66d2e590f50f,10,14,1.5,0.0015,0.0,1163,91,0.23076923076923078,-0.6314574732548357,-0.1944989650921235,0.22992524453896887,0.4496400741342739,10.358713319507894,-0.8257293917287573,-1.1492525874528126,-0.650900614721565,0.5574094276433859,0.3576956147893379,0.36854252674516436,0.0037835456277281465
f0d03e92de0c0dbb4024e6302e9db745d253935bfa749f9a9e41aa4585ae645b,RADL3.SA,f72393f97e187d8b940f7829ec9dde3f25dd99315f18c2582b5a0d690cb92772,20,14,2.5,0.0015,0.0,1163,67,0.29850746268656714,-0.5685447427631647,-0.1665155198595718,0.19046767634458078,-0.37783560765260366,8.905913031655365,-0.860373884576436,-1.1320808208868163,-0.5976075929201803,0.4209563052648719,0.44969905417024936,0.4314552572368353,0.0014494308965931624
24b429fc5de9c312740cd43aa6ca08aeabb26db8c3f998f763e0254eb4f99d2d,RADL3.SA,f72393f97e187d8b940f7829ec9dde3f25dd99315f18c2582b5a0d690cb92772,20,14,3.0,0.0015,0.0,1163,67,0.29850746268656714,-0.6012875460853689,-0.18064790703772682,0.20346574476137308,-0.3496181212215993,9.165216904727352,-0.8767564231805843,-1.1611271966290435,-0.6236389548500532,0.3995902019320531,0.5116079105760963,0.39871245391463106,0.0013007607467187543
a53694b0780ad6576a3463a07e81500f361879063d4b6cd01e065e81011e827d,RADL3.SA,f72393f97e187d8b940f7829ec9dde3f25dd99315f18c2582b5a0d690cb92772,10,14,2.0,0.0015,0.0,1163,100,0.38,-0.5866009540350168,-0.17420061686172095,0.19564911916102026,-0.2017443972108263,8.653124040869871,-0.8798979507664595,-1.1748548609948546,-0.6335559931300194,0.48240097436231993,0.4273430782459157,0.41339904596498317,0.0013224886973677297
0742758574dcaac3c0cc3b9671778dd0c25fce6f8b17a267e282636b04a12405,RADL3.SA,f72393f97e187d8b940f7829ec9dde3f25dd99315f18c2582b5a0d690cb92772,45,14,1.5,0.0015,0.0,1163,52,0.3269230769230769,-0.46755662684768196,-0.12765424318657548,0.14193347216543462,-1.03513174628437,25.231342544882278,-0.890495441856084,-1.1573425486738689,-0.5012152424005449,0.3756623570387876,0.2115219260533104,0.532443373152318,0.0010290643338304317
00386c1e071b2ca8a11318e757fa8cdfe98cfbfcd436abe939f80f845cbfc253,RADL3.SA,f72393f97e187d8b940f7829ec9dde3f25dd99315f18c2582b5a0d690cb92772,20,14,1.5,0.0015,0.0,1163,67,0.3283582089552239,-0.4958082608219957,-0.13789900720254633,0.15009485599610947,0.24933587588318995,11.42900922854721,-0.9133608598533763,-1.2386932837120535,-0.5369643685167544,0.42470470433187146,0.2828890799656062,0.5041917391780043,0.0012009198783057284
6ed28cc2ce409cd90c03f1a7c2ace9877f1415d4d7c326c05baf0837b9659ed9,VBBR3.SA,ac16caba9eff3a8c0fd73d77f3097c7e8453c47c67e652f3978c66d2e590f50f,10,14,2.0,0.0015,0.0,1163,90,0.23333333333333334,-0.7060697772985676,-0.23302954883435267,0.2503194693627539,0.03193668852668158,9.571375535933374,-0.934049464555141,-1.2615808265850126,-0.7459715380454478,0.48477926090319434,0.4479793637145314,0.29393022270143243,0.0016991233429162755
86547fef6a3606fc00e8823d74dbe316583db5e920db55c5b049bfe2252e547b,RADL3.SA,f72393f97e187d8b940f7829ec9dde3f25dd99315f18c2582b5a0d690cb92772,20,14,2.0,0.0015,0.0,1163,67,0.29850746268656714,-0.6431699172068909,-0.20011619670393832,0.16684057985658685,-0.21698609558256873,10.640150113209454,-1.254152366059728,-1.6308106272737797,-0.6689920482830387,0.2867141007891297,0.3250214961306965,0.3568300827931091,7.064098933740048e-05
