timestamp,equity,daily_return,position,stop_price,drawdown
2020-01-02,100000.0,0.0,0,,0.0
2020-01-03,100000.0,0.0,0,,0.0
2020-01-06,100000.0,0.0,0,,0.0
2020-01-07,100000.0,0.0,0,,0.0
2020-01-08,100000.0,0.0,0,,0.0
2020-01-09,100000.0,0.0,0,,0.0
2020-01-10,100000.0,0.0,0,,0.0
2020-01-13,100000.0,0.0,0,,0.0
2020-01-14,100000.0,0.0,0,,0.0
2020-01-15,100000.0,0.0,0,,0.0
2020-01-16,100000.0,0.0,0,,0.0
2020-01-17,100000.0,0.0,0,,0.0
2020-01-20,100000.0,0.0,0,,0.0
2020-01-21,100000.0,0.0,0,,0.0
2020-01-22,100000.0,0.0,0,,0.0
2020-01-23,100000.0,0.0,0,,0.0
2020-01-24,100000.0,0.0,0,,0.0
2020-01-27,100000.0,0.0,0,,0.0
2020-01-28,100000.0,0.0,0,,0.0
2020-01-29,100000.0,0.0,0,,0.0
2020-01-30,100000.0,0.0,0,,0.0
2020-01-31,100000.0,0.0,0,,0.0
2020-02-03,99850.22466300549,-0.0014977533699451762,1,28.91178580692836,-0.0014977533699451762
2020-02-04,99700.44932601097,-0.0015000000000000568,0,,-0.0029955067398902413
2020-02-05,99700.44932601097,0.0,0,,-0.0029955067398902413
2020-02-06,98674.4953629724,-0.010290364486561066,1,30.45133856364659,-0.013255046370275969
2020-02-07,97857.91464600913,-0.008275499296545696,1,30.45133856364659,-0.021420853539908746
2020-02-10,97990.00975320072,0.0013498663615449935,1,30.45133856364659,-0.02009990246799276
2020-02-11,97990.00975320072,0.0,1,30.45133856364659,-0.02009990246799276
2020-02-12,103213.74304723453,0.05330883533117703,1,31.25669710976737,0.0
2020-02-13,103513.9575341574,0.00290866776128329,1,31.428349018096924,0.0
2020-02-14,103513.9575341574,0.0,1,31.428349018096924,0.0
2020-02-17,103513.9575341574,0.0,1,31.538616929735458,0.0
2020-02-18,97723.11785275041,-0.05594259768781551,0,,-0.05594259768781551
2020-02-19,97723.11785275041,0.0,0,,-0.05594259768781551
2020-02-20,97576.75272366492,-0.0014977533699450651,1,29.687231268201554,-0.05735656284355006
2020-02-21,97576.75272366492,0.0,1,29.687231268201554,-0.05735656284355006
2020-02-26,97576.75272366492,0.0,1,29.687231268201554,-0.05735656284355006
2020-02-27,95248.07661722967,-0.02386507074108113,1,29.687231268201554,-0.07985281515490472
2020-02-28,95248.07661722967,0.0,1,29.687231268201554,-0.07985281515490472
2020-03-02,97537.48685881351,0.02403628842589889,1,29.764241559164866,-0.05773589202568907
2020-03-03,97537.48685881351,0.0,1,29.771607671465194,-0.05773589202568907
2020-03-04,98900.13760287837,0.013970533668119955,1,30.12790243966239,-0.04457195958097304
2020-03-05,101609.72795143227,0.027397235375282714,1,31.127678666796005,-0.018395872673467872
2020-03-06,101609.72795143227,0.0,1,31.144419738224574,-0.018395872673467872
2020-03-09,101609.72795143227,0.0,1,31.144419738224574,-0.018395872673467872
2020-03-10,97175.52137453157,-0.04363958713697347,0,,-0.06123267152194689
2020-03-11,97175.52137453157,0.0,0,,-0.06123267152194689
2020-03-12,97175.52137453157,0.0,0,,-0.06123267152194689
2020-03-13,97175.52137453157,0.0,0,,-0.06123267152194689
2020-03-16,97175.52137453157,0.0,0,,-0.06123267152194689
2020-03-17,97175.52137453157,0.0,0,,-0.06123267152194689
2020-03-18,97175.52137453157,0.0,0,,-0.06123267152194689
2020-03-19,97175.52137453157,0.0,0,,-0.06123267152194689
2020-03-20,97175.52137453157,0.0,0,,-0.06123267152194689
2020-03-23,97175.52137453157,0.0,0,,-0.06123267152194689
2020-03-24,97175.52137453157,0.0,0,,-0.06123267152194689
2020-03-25,97175.52137453157,0.0,0,,-0.06123267152194689
2020-03-26,97175.52137453157,0.0,0,,-0.06123267152194689
2020-03-27,97029.9764099167,-0.0014977533699450651,1,29.41794756480626,-0.0626387134517693
2020-03-30,97029.9764099167,0.0,1,29.6616975239345,-0.0626387134517693
2020-03-31,96884.43144530182,-0.0015000000000000568,0,,-0.06404475538159171
2020-04-01,96884.43144530182,0.0,0,,-0.06404475538159171
2020-04-02,96884.43144530182,0.0,0,,-0.06404475538159171
2020-04-03,96884.43144530182,0.0,0,,-0.06404475538159171
2020-04-06,96884.43144530182,0.0,0,,-0.06404475538159171
2020-04-07,96884.43144530182,0.0,0,,-0.06404475538159171
2020-04-08,95720.0384126844,-0.01201837091106639,1,31.754910809653147,-0.0752934126675735
2020-04-09,94003.5640742947,-0.017932236205227436,0,,-0.09187546961214832
2020-04-13,94003.5640742947,0.0,0,,-0.09187546961214832
2020-04-14,93862.76991941556,-0.0014977533699452872,1,30.2765177999224,-0.0932356161878668
2020-04-15,93862.76991941556,0.0,1,30.2765177999224,-0.0932356161878668
2020-04-16,93862.76991941556,0.0,1,30.2765177999224,-0.0932356161878668
2020-04-17,106826.17896731016,0.13811023325887506,1,33.79736689158848,0.0
2020-04-20,106981.1817045097,0.0014509808241571776,1,33.816697869982036,0.0
2020-04-22,108258.98804306834,0.011944215965832505,1,34.1637488092695,0.0
2020-04-23,110126.56624042142,0.017251022119383785,1,34.725891726357595,0.0
2020-04-24,110126.56624042142,0.0,1,34.725891726357595,0.0
2020-04-27,115230.26931816517,0.04634397722527428,1,36.19687393733433,0.0
2020-04-28,111971.46223596325,-0.028280825007914734,1,36.19687393733433,-0.028280825007914734
2020-04-29,111971.46223596325,0.0,1,36.19687393733433,-0.028280825007914734
2020-04-30,110534.8689474919,-0.012829994891412122,1,36.19687393733433,-0.0407479770589505
2020-05-04,108141.90743794886,-0.021648928816116686,0,,-0.06151475582031718
2020-05-05,108141.90743794886,0.0,0,,-0.06151475582031718
2020-05-06,108141.90743794886,0.0,0,,-0.06151475582031718
2020-05-07,108141.90743794886,0.0,0,,-0.06151475582031718
2020-05-08,108141.90743794886,0.0,0,,-0.06151475582031718
2020-05-11,108141.90743794886,0.0,0,,-0.06151475582031718
2020-05-12,108141.90743794886,0.0,0,,-0.06151475582031718
2020-05-13,108141.90743794886,0.0,0,,-0.06151475582031718
2020-05-14,108141.90743794886,0.0,0,,-0.06151475582031718
2020-05-15,108141.90743794886,0.0,0,,-0.06151475582031718
2020-05-18,108141.90743794886,0.0,0,,-0.06151475582031718
2020-05-19,108141.90743794886,0.0,0,,-0.06151475582031718
2020-05-20,108141.90743794886,0.0,0,,-0.06151475582031718
2020-05-21,108141.90743794886,0.0,0,,-0.06151475582031718
2020-05-22,108141.90743794886,0.0,0,,-0.06151475582031718
2020-05-25,108141.90743794886,0.0,0,,-0.06151475582031718
2020-05-26,108141.90743794886,0.0,0,,-0.06151475582031718
2020-05-27,108141.90743794886,0.0,0,,-0.06151475582031718
2020-05-28,108141.90743794886,0.0,0,,-0.06151475582031718
2020-05-29,108141.90743794886,0.0,0,,-0.06151475582031718
2020-06-01,108141.90743794886,0.0,0,,-0.06151475582031718
2020-06-02,108141.90743794886,0.0,0,,-0.06151475582031718
2020-06-03,108141.90743794886,0.0,0,,-0.06151475582031718
2020-06-04,108141.90743794886,0.0,0,,-0.06151475582031718
2020-06-05,108141.90743794886,0.0,0,,-0.06151475582031718
2020-06-08,108141.90743794886,0.0,0,,-0.06151475582031718
2020-06-09,108141.90743794886,0.0,0,,-0.06151475582031718
2020-06-10,108141.90743794886,0.0,0,,-0.06151475582031718
2020-06-12,108141.90743794886,0.0,0,,-0.06151475582031718
2020-06-15,108141.90743794886,0.0,0,,-0.06151475582031718
2020-06-16,108141.90743794886,0.0,0,,-0.06151475582031718
2020-06-17,108141.90743794886,0.0,0,,-0.06151475582031718
2020-06-18,107979.93753165136,-0.0014977533699452872,1,35.98326083592006,-0.06292037525743122
2020-06-19,107979.93753165136,0.0,1,36.05870737348284,-0.06292037525743122
2020-06-22,107276.34612292476,-0.006515945691488834,1,36.05870737348284,-0.06902633520085444
2020-06-23,107276.34612292476,0.0,1,36.05870737348284,-0.06902633520085444
2020-06-24,107276.34612292476,0.0,1,36.05870737348284,-0.06902633520085444
2020-06-25,111443.16968652951,0.03884196017293595,1,37.30513490949358,-0.03286549319067378
2020-06-26,111443.16968652951,0.0,1,37.348215103149414,-0.03286549319067378
2020-06-29,111107.77809854537,-0.0030095302289726567,1,37.348215103149414,-0.03577611372439893
2020-06-30,111107.77809854537,0.0,1,37.348215103149414,-0.03577611372439893
2020-07-01,111279.1173975318,0.001542099949424447,1,37.45758819580078,-0.03428918411813964
2020-07-02,115927.1395001314,0.041769041769041726,1,38.8062493460519,0.0
2020-07-03,115927.1395001314,0.0,1,38.8062493460519,0.0
2020-07-06,115927.1395001314,0.0,1,38.8062493460519,0.0
2020-07-07,115927.1395001314,0.0,1,39.11897209712437,0.0
2020-07-08,121176.66812037915,0.04528299967447924,1,40.597542898995535,0.0
2020-07-09,123079.62349680465,0.015703975079881527,1,41.13352516719273,0.0
2020-07-10,124023.80861242564,0.007671335748321573,1,41.459730420793804,0.0
2020-07-13,127632.85884352059,0.029099656521379913,1,42.31129196711949,0.0
2020-07-14,132331.92339165942,0.0368170437512485,1,43.63482025691441,0.0
2020-07-15,128139.58973049115,-0.031680440771349905,1,43.63482025691441,-0.031680440771349905
2020-07-16,127341.22269108696,-0.006230447912962345,1,43.63482025691441,-0.037713505348226595
2020-07-17,130509.1696259341,0.024877623034389673,1,43.63482025691441,-0.01377410468319551
2020-07-20,130585.72216903685,0.0005865683102739272,1,43.63482025691441,-0.013195615826231077
2020-07-21,130585.72216903685,0.0,1,43.63482025691441,-0.013195615826231077
2020-07-22,127957.31435391861,-0.02012783458604983,1,43.63482025691441,-0.03305785123966942
2020-07-23,128285.40780670797,0.0025640851751691507,1,43.63482025691441,-0.030578529210786742
2020-07-24,139309.43014695492,0.08593356429795374,1,44.96683216094971,0.0
2020-07-27,155233.00437428203,0.11430363479722527,1,49.44625105176653,0.0
2020-07-28,145597.93063870736,-0.062068461371420414,1,49.44625105176653,-0.062068461371420414
2020-07-29,152345.7575142824,0.046345623498725175,1,49.44625105176653,-0.018599439414560326
2020-07-30,150194.9102957677,-0.014118195699102665,1,49.44625105176653,-0.03245504458811466
2020-07-31,150194.9102957677,0.0,1,49.44625105176653,-0.03245504458811466
2020-08-03,151747.90006423165,0.010339829528215994,1,49.44625105176653,-0.02245079468827027
2020-08-04,151747.90006423165,0.0,1,49.44625105176653,-0.02245079468827027
2020-08-05,151747.90006423165,0.0,1,49.44625105176653,-0.02245079468827027
2020-08-06,157598.93520212756,0.03855760201900171,1,50.24500124795096,0.0
2020-08-07,157088.56637276566,-0.0032384027766896306,1,50.24500124795096,-0.0032384027766896306
2020-08-10,159673.22987753947,0.01645354314737646,1,50.77254663194929,0.0
2020-08-11,154861.15548594214,-0.03013701417130421,1,50.77254663194929,-0.03013701417130421
2020-08-12,158357.2069987847,0.022575393434668856,1,50.77254663194929,-0.008241975688498826
2020-08-13,153399.31453097056,-0.031308284364046646,1,50.77254663194929,-0.03929221793396842
2020-08-14,153738.34406134603,0.0022101111169372523,1,50.77254663194929,-0.03716894698469608
2020-08-17,161969.89517227098,0.05354260292826063,1,52.88883835928781,0.0
2020-08-18,158900.3840609049,-0.018951121182744113,1,52.88883835928781,-0.018951121182744113
2020-08-19,158907.67107089362,4.585898285758283e-05,1,52.88883835928781,-0.01890613127902796
2020-08-20,156049.59450126102,-0.01798576840483379,1,52.88883835928781,-0.03655185838524577
2020-08-21,159483.66749097823,0.022006292298884844,1,52.88883835928781,-0.015349936966054023
2020-08-24,162239.67029473846,0.017280783964390256,1,52.88883835928781,0.0
2020-08-25,161547.02608880404,-0.004269265369413744,1,52.88883835928781,-0.004269265369413744
2020-08-26,167223.0728601161,0.03513556955354846,1,54.53964260646275,0.0
2020-08-27,163322.38647658753,-0.023326245097717746,1,54.53964260646275,-0.023326245097717746
2020-08-28,159093.59551506356,-0.025892292249416693,1,54.53964260646275,-0.04861456739198278
2020-08-31,157686.50562645678,-0.008844415666459327,0,,-0.05702901561698226
2020-09-01,157686.50562645678,0.0,0,,-0.05702901561698226
2020-09-02,157686.50562645678,0.0,0,,-0.05702901561698226
2020-09-03,157686.50562645678,0.0,0,,-0.05702901561698226
2020-09-04,157686.50562645678,0.0,0,,-0.05702901561698226
2020-09-08,157686.50562645678,0.0,0,,-0.05702901561698226
2020-09-09,157686.50562645678,0.0,0,,-0.05702901561698226
2020-09-10,157686.50562645678,0.0,0,,-0.05702901561698226
2020-09-11,157686.50562645678,0.0,0,,-0.05702901561698226
2020-09-14,155439.62813755882,-0.014249015665427911,1,51.69084807804653,-0.07046542394549982
2020-09-15,155439.62813755882,0.0,1,51.69084807804653,-0.07046542394549982
2020-09-16,155206.46869535247,-0.0015000000000000568,0,,-0.07185972580958166
2020-09-17,155206.46869535247,0.0,0,,-0.07185972580958166
2020-09-18,155206.46869535247,0.0,0,,-0.07185972580958166
2020-09-21,155206.46869535247,0.0,0,,-0.07185972580958166
2020-09-22,155206.46869535247,0.0,0,,-0.07185972580958166
2020-09-23,155206.46869535247,0.0,0,,-0.07185972580958166
2020-09-24,155206.46869535247,0.0,0,,-0.07185972580958166
2020-09-25,155206.46869535247,0.0,0,,-0.07185972580958166
2020-09-28,155206.46869535247,0.0,0,,-0.07185972580958166
2020-09-29,155876.46475997719,0.004316805029175752,1,55.84830284118652,-0.06785312520617581
2020-09-30,155267.9866728787,-0.0039035917836309775,1,55.84830284118652,-0.07149184608775827
2020-10-01,159062.43336531785,0.024438049167426534,1,56.819553239004954,-0.048800918170094465
2020-10-02,157247.25394242685,-0.011411741820408938,1,56.819553239004954,-0.05965575651174726
2020-10-05,157247.25394242685,0.0,1,56.819553239004954,-0.05965575651174726
2020-10-06,157247.25394242685,0.0,1,56.819553239004954,-0.05965575651174726
2020-10-07,165215.5867804563,0.05067390773607339,1,58.63116005488804,-0.012004839077075724
2020-10-08,168182.77159025407,0.017959472635839413,1,59.48423916952951,0.0
2020-10-09,167673.43056252255,-0.0030284970506516684,1,59.48423916952951,-0.0030284970506516684
2020-10-13,167673.43056252255,0.0,1,59.48423916952951,-0.0030284970506516684
2020-10-14,170339.79286954165,0.015902115785868975,1,60.328345571245464,0.0
2020-10-15,169211.71891630715,-0.006622492221171505,1,60.328345571245464,-0.006622492221171505
2020-10-16,167502.50963432426,-0.010101010101009944,1,60.328345571245464,-0.016656608461361633
2020-10-19,168251.1441344076,0.004469392737563638,1,60.328345571245464,-0.0122616606486875
2020-10-20,169413.40435971887,0.00690788898518746,1,60.328345571245464,-0.005438473854035175
2020-10-21,168620.32874915426,-0.004681303782082424,1,60.328345571245464,-0.010094318487895992
2020-10-22,169485.1882285502,0.005129034475330307,1,60.328345571245464,-0.005017058120095119
2020-10-23,169037.37623124552,-0.00264218957411666,1,60.328345571245464,-0.007645991675554131
2020-10-26,166135.14220873793,-0.017169185225268113,1,60.328345571245464,-0.024683901453513735
2020-10-27,168350.28119377457,0.0133333559389468,1,60.328345571245464,-0.011679664758608599
2020-10-28,165007.06825550346,-0.01985867154224119,1,60.328345571245464,-0.03130639367468513
2020-10-29,167775.9789465673,0.016780558071466167,1,60.328345571245464,-0.015051174360285247
2020-10-30,164734.5561035507,-0.018127880177562394,0,,-0.0329062086525127
2020-11-03,164734.5561035507,0.0,0,,-0.0329062086525127
2020-11-04,164734.5561035507,0.0,0,,-0.0329062086525127
2020-11-05,164734.5561035507,0.0,0,,-0.0329062086525127
2020-11-06,164734.5561035507,0.0,0,,-0.0329062086525127
2020-11-09,164734.5561035507,0.0,0,,-0.0329062086525127
2020-11-10,164734.5561035507,0.0,0,,-0.0329062086525127
2020-11-11,164734.5561035507,0.0,0,,-0.0329062086525127
2020-11-12,164487.8243670002,-0.0014977533699451762,1,58.242637634277344,-0.034354676637556425
2020-11-13,171833.74229467192,0.04465934154057338,0,,0.0
2020-11-16,177426.75357446025,0.032548969748892986,1,62.8683933530535,0.0
2020-11-17,168165.83018294262,-0.052195755177536496,1,62.8683933530535,-0.052195755177536496
2020-11-18,171314.03253591276,0.01872082068958547,1,62.8683933530535,-0.03445208186138726
2020-11-19,168428.17537510965,-0.016845421931201976,1,62.8683933530535,-0.05071714393722582
2020-11-23,175118.08786147294,0.03971967559147416,1,62.8683933530535,-0.013011936849864236
2020-11-24,170526.97694375642,-0.02621722846441943,1,62.8683933530535,-0.03888802839312622
2020-11-25,170395.7943398453,-0.0007692777193509803,1,62.8683933530535,-0.039627390418685016
2020-11-26,171838.72292024686,0.008468099732107826,1,62.8683933530535,-0.03149485938076568
2020-11-27,174094.9276010628,0.013129780310710881,1,62.8683933530535,-0.018778599654641015
2020-11-30,171051.66732809052,-0.017480464910189064,1,62.8683933530535,-0.03593080591250464
2020-12-01,173517.7561689022,0.014417216033805413,1,62.8683933530535,-0.022031612069808637
2020-12-02,171418.95460025544,-0.01209560113608088,1,62.8683933530535,-0.03386072761390824
2020-12-03,168297.0127868537,-0.01821234892420165,1,62.8683933530535,-0.05145639315197803
2020-12-04,174567.15695322558,0.03725641984099237,1,62.8683933530535,-0.016117054297758893
2020-12-07,178686.03851877933,0.0235948252663436,1,63.39035565512521,0.0
2020-12-08,178030.1655305341,-0.0036705329284933974,1,63.55999823978969,-0.0036705329284933974
2020-12-09,176036.30604188523,-0.011199559820141314,1,63.55999823978969,-0.014828984395530265
2020-12-10,172625.7785124032,-0.01937400077385487,1,63.55999823978969,-0.03391568841423065
2020-12-11,172625.7785124032,0.0,1,63.55999823978969,-0.03391568841423065
2020-12-14,177898.98292662302,0.030547027562519924,1,63.89213997977121,-0.004404684320502117
2020-12-15,175091.84733755968,-0.015779379639405677,1,63.89213997977121,-0.020114560773822898
2020-12-16,175300.73057468786,0.0011929923654609986,0,,-0.018945564925799685
2020-12-17,173982.13209012817,-0.007521922357293764,1,62.09285926818848,-0.026324980214706528
2020-12-18,174642.15533770656,0.0037936266192926116,1,62.19464547293527,-0.022631220741108793
2020-12-21,176622.22508044174,0.01133786821919558,1,63.173218045915874,-0.011549942320315587
2020-12-22,176727.83121713164,0.0005979209957398535,1,63.29357692173549,-0.010958927277588626
2020-12-23,178866.3000937461,0.012100351494650052,1,64.2446460723877,0.0
2020-12-28,183776.8746671143,0.02745388354762457,1,65.95107514517647,0.0
2020-12-29,180872.77640623154,-0.01580230519287651,1,65.95107514517647,-0.01580230519287651
2020-12-30,186654.5663582468,0.031966059607719144,1,66.83928762163434,0.0
2021-01-04,195076.4694428867,0.04512026278786929,1,69.56857681274414,0.0
2021-01-05,195974.11153359505,0.004601488294676992,1,69.7157233101981,0.0
2021-01-06,202363.1317359993,0.03260134796584602,1,71.87857954842704,0.0
2021-01-07,217385.24715411218,0.07423345986615071,1,77.0185740334647,0.0
2021-01-08,212025.86160654534,-0.02465386045156681,1,77.0185740334647,-0.02465386045156681
2021-01-11,222401.42786417023,0.048935380707843645,1,77.86143439156669,0.0
2021-01-12,216725.2239065338,-0.02552233594967357,1,77.86143439156669,-0.02552233594967357
2021-01-13,210600.20897469867,-0.028261661570489927,1,77.86143439156669,-0.05306269389906548
2021-01-14,217913.2778375615,0.03472488891851677,1,77.86143439156669,-0.020180401131910997
2021-01-15,220104.55985367644,0.010055752627191383,1,77.86143439156669,-0.01032757762641967
2021-01-18,220447.76469118524,0.0015592809060245294,1,77.86143439156669,-0.00878440031499339
2021-01-19,231905.75860083697,0.051976004046594415,1,77.91500009809222,0.0
2021-01-20,229239.27918308415,-0.011498116449718876,1,77.91500009809222,-0.011498116449718876
2021-01-21,236921.939310895,0.03351371612748366,1,79.07750075204032,0.0
2021-01-22,233806.6287766325,-0.013149101106143202,1,79.07750075204032,-0.013149101106143202
2021-01-26,223219.87038793892,-0.04527997535436712,1,79.07750075204032,-0.05783368548649204
2021-01-27,217543.6664303025,-0.025428757519532774,1,79.07750075204032,-0.08179180424132793
2021-01-28,227180.00987340932,0.04429613420252876,1,79.07750075204032,-0.04111873077614003
2021-01-29,221345.38663958258,-0.025682819703537918,1,79.07750075204032,-0.06574550553071601
2021-02-01,233199.41866855454,0.05355445717183138,1,79.07750075204032,-0.015712013219069898
2021-02-02,227364.81557703883,-0.025019801184875234,1,79.07750075204032,-0.040338702956989825
2021-02-03,226229.57478551153,-0.004993036361611747,1,79.07750075204032,-0.045130326707957025
2021-02-04,229265.66561052337,0.013420397522694971,1,79.07750075204032,-0.03231559611001178
2021-02-05,226651.97918996,-0.011400252251479781,1,79.07750075204032,-0.04334744241418054
2021-02-08,234809.8770040307,0.03599305791736973,1,79.2239317212786,-0.008914591502194202
2021-02-09,235945.117795558,0.004834723334520508,1,80.1789311000279,-0.004122967751227002
2021-02-10,236948.3458806452,0.004251955261716844,1,80.97500010899135,0.0
2021-02-11,245607.84766610403,0.036545947401636525,1,84.12821197509766,0.0
2021-02-12,248327.14022335727,0.01107168432561667,1,84.81535393851144,0.0
2021-02-17,244736.61214514592,-0.014458862913581894,1,84.81535393851144,-0.014458862913581894
2021-02-18,241990.93316045348,-0.011218913919851303,1,84.81535393851144,-0.025515564095026866
2021-02-19,242967.75467579043,0.0040366037792385345,1,84.81535393851144,-0.021581956538243685
2021-02-22,241172.49063668476,-0.007388898339622196,1,84.81535393851144,-0.028811387995034576
2021-02-23,242624.54983828164,0.006020832632127826,1,84.81535393851144,-0.02296402390792418
2021-02-24,235786.6985193677,-0.028182850100996082,1,84.81535393851144,-0.05049968236540758
2021-02-25,230480.1261113013,-0.02250581750959335,1,84.81535393851144,-0.07186896323939262
2021-02-26,232460.19585403652,0.008591064991777309,1,84.81535393851144,-0.0638953291816966
2021-03-01,240248.4621185372,0.03350365526402199,1,84.81535393851144,-0.03253240099955945
2021-03-02,236921.939310895,-0.013846177321213848,1,84.81535393851144,-0.04592812892784859
2021-03-03,227576.00770810753,-0.039447303318429716,1,84.81535393851144,-0.08356369141361342
2021-03-04,228789.9725368247,0.005334326939570033,0,,-0.07867512052432091
2021-03-05,228789.9725368247,0.0,0,,-0.07867512052432091
2021-03-08,220331.2475778327,-0.036971572071982095,1,75.98392840794155,-0.11273794970756612
2021-03-09,227971.7921049407,0.03467753489848935,0,,-0.08196988899444502
2021-03-10,227971.7921049407,0.0,0,,-0.08196988899444502
2021-03-11,227971.7921049407,0.0,0,,-0.08196988899444502
2021-03-12,227971.7921049407,0.0,0,,-0.08196988899444502
2021-03-15,227971.7921049407,0.0,0,,-0.08196988899444502
2021-03-16,227971.7921049407,0.0,0,,-0.08196988899444502
2021-03-17,227971.7921049407,0.0,0,,-0.08196988899444502
2021-03-18,227971.7921049407,0.0,0,,-0.08196988899444502
2021-03-19,227971.7921049407,0.0,0,,-0.08196988899444502
2021-03-22,227971.7921049407,0.0,0,,-0.08196988899444502
2021-03-23,227971.7921049407,0.0,0,,-0.08196988899444502
2021-03-24,227971.7921049407,0.0,0,,-0.08196988899444502
2021-03-25,227971.7921049407,0.0,0,,-0.08196988899444502
2021-03-26,227971.7921049407,0.0,0,,-0.08196988899444502
2021-03-29,227971.7921049407,0.0,0,,-0.08196988899444502
2021-03-30,227971.7921049407,0.0,0,,-0.08196988899444502
2021-03-31,227971.7921049407,0.0,0,,-0.08196988899444502
2021-04-01,227971.7921049407,0.0,0,,-0.08196988899444502
2021-04-05,222050.65965294815,-0.025973092536233144,1,81.8635779789516,-0.10581397001864079
2021-04-06,216016.53845390034,-0.027174524986679938,1,81.8635779789516,-0.1301130506331094
2021-04-07,213719.03730145787,-0.010635765061723701,1,81.8635779789516,-0.13936496385683506
2021-04-08,217607.13543704088,0.018192568077586513,1,81.8635779789516,-0.12370780237184442
2021-04-09,220030.88117177726,0.011138172146186953,1,81.8635779789516,-0.11394750902430162
2021-04-12,220914.5354611782,0.00401604667806188,1,81.8635779789516,-0.11038908086133026
2021-04-13,219525.9221048204,-0.00628574916294633,1,81.8635779789516,-0.11598095195165414
2021-04-14,217228.42095237796,-0.010465739673993557,1,81.8635779789516,-0.12523286517537968
2021-04-15,209906.6782103637,-0.0337052707464065,1,81.8635779789516,-0.15471712829470186
2021-04-16,211381.69069873102,0.007026991713379838,0,,-0.14877733255976677
2021-04-19,203159.6471296512,-0.03889666858989316,1,76.52857889447894,-0.1818870585513943
2021-04-20,203717.08502184405,0.0027438416047116387,1,76.52857889447894,-0.17964228622529466
2021-04-22,204904.19650065192,0.005827255375662643,0,,-0.17486185232773466
2021-04-23,204904.19650065192,0.0,0,,-0.17486185232773466
2021-04-26,207204.59595841524,0.011226707393257263,1,76.35000583103725,-0.1655982677848038
2021-04-27,207079.23767717046,-0.0006049975902558957,1,76.67857469831195,-0.1661030788220993
2021-04-28,206768.6188206547,-0.0015000000000000568,0,,-0.1673539242038662
2021-04-29,206768.6188206547,0.0,0,,-0.1673539242038662
2021-04-30,206768.6188206547,0.0,0,,-0.1673539242038662
2021-05-03,206768.6188206547,0.0,0,,-0.1673539242038662
2021-05-04,206768.6188206547,0.0,0,,-0.1673539242038662
2021-05-05,206768.6188206547,0.0,0,,-0.1673539242038662
2021-05-06,206768.6188206547,0.0,0,,-0.1673539242038662
2021-05-07,206768.6188206547,0.0,0,,-0.1673539242038662
2021-05-10,206768.6188206547,0.0,0,,-0.1673539242038662
2021-05-11,206768.6188206547,0.0,0,,-0.1673539242038662
2021-05-12,206768.6188206547,0.0,0,,-0.1673539242038662
2021-05-13,206768.6188206547,0.0,0,,-0.1673539242038662
2021-05-14,206768.6188206547,0.0,0,,-0.1673539242038662
2021-05-17,206768.6188206547,0.0,0,,-0.1673539242038662
2021-05-18,206768.6188206547,0.0,0,,-0.1673539242038662
2021-05-19,206768.6188206547,0.0,0,,-0.1673539242038662
2021-05-20,206768.6188206547,0.0,0,,-0.1673539242038662
2021-05-21,206768.6188206547,0.0,0,,-0.1673539242038662
2021-05-24,206768.6188206547,0.0,0,,-0.1673539242038662
2021-05-25,206768.6188206547,0.0,0,,-0.1673539242038662
2021-05-26,206768.6188206547,0.0,0,,-0.1673539242038662
2021-05-27,206768.6188206547,0.0,0,,-0.1673539242038662
2021-05-28,206768.6188206547,0.0,0,,-0.1673539242038662
2021-05-31,206768.6188206547,0.0,0,,-0.1673539242038662
2021-06-01,206768.6188206547,0.0,0,,-0.1673539242038662
2021-06-02,206768.6188206547,0.0,0,,-0.1673539242038662
2021-06-04,206768.6188206547,0.0,0,,-0.1673539242038662
2021-06-07,206768.6188206547,0.0,0,,-0.1673539242038662
2021-06-08,206768.6188206547,0.0,0,,-0.1673539242038662
2021-06-09,206768.6188206547,0.0,0,,-0.1673539242038662
2021-06-10,208655.60037861392,0.009126053889231267,1,70.69000216892788,-0.15975515124549367
2021-06-11,210462.98919757133,0.008662067136840923,1,71.38286181858608,-0.1524768939541974
2021-06-14,212159.1518045988,0.008059196600287866,1,71.96607780456543,-0.14564653861928767
2021-06-15,209990.27249331147,-0.010222888302668709,1,71.96607780456543,-0.15438049862598102
2021-06-16,210212.7249171713,0.001059346326944377,1,71.96607780456543,-0.15348469471320803
2021-06-17,205510.6559324628,-0.02236814629828532,0,,-0.17241967290560056
2021-06-18,200171.2144410039,-0.025981336428674617,1,70.09714780535016,-0.1939213158055928
2021-06-21,197468.144763115,-0.013503788171728148,0,,-0.20480643160669942
2021-06-22,197468.144763115,0.0,0,,-0.20480643160669942
2021-06-23,197468.144763115,0.0,0,,-0.20480643160669942
2021-06-24,197468.144763115,0.0,0,,-0.20480643160669942
2021-06-25,197468.144763115,0.0,0,,-0.20480643160669942
2021-06-28,197468.144763115,0.0,0,,-0.20480643160669942
2021-06-29,197468.144763115,0.0,0,,-0.20480643160669942
2021-06-30,197468.144763115,0.0,0,,-0.20480643160669942
2021-07-01,197468.144763115,0.0,0,,-0.20480643160669942
2021-07-02,197468.144763115,0.0,0,,-0.20480643160669942
2021-07-05,201363.08121769357,0.019724378629530248,1,72.7174963269915,-0.1891217325799427
2021-07-06,206103.82308416296,0.023543252505876078,1,74.50607245309013,-0.17003102077854504
2021-07-07,203510.8136714695,-0.012581083523300673,1,74.50607245309013,-0.18047292982787877
2021-07-08,202594.10225512797,-0.004504485043342221,1,74.50607245309013,-0.18416447725808316
2021-07-12,207622.93629575317,0.02482221340427948,1,75.0949957711356,-0.1639136338097914
2021-07-13,210818.34750369523,0.015390453795481873,1,76.21856825692313,-0.15104588522190865
2021-07-14,207570.56135030944,-0.015405614320778582,1,76.21856825692313,-0.16412454489021788
2021-07-15,199331.22904616783,-0.039694127387536304,0,,-0.19730389168546048
2021-07-16,199331.22904616783,0.0,0,,-0.19730389168546048
2021-07-19,199331.22904616783,0.0,0,,-0.19730389168546048
2021-07-20,199241.53337460675,-0.0004499830357255208,1,70.8342865535191,-0.1976650913170449
2021-07-21,198406.1398980459,-0.004192868135531658,1,70.8342865535191,-0.20102917578968638
2021-07-22,197831.80314840688,-0.00289475290398844,1,70.8342865535191,-0.2033419989032712
2021-07-23,198145.08317112402,0.0015835675444060282,1,70.8342865535191,-0.20208043714874302
2021-07-26,195508.3644193047,-0.01330701075000762,1,70.8342865535191,-0.21269836134924613
2021-07-27,191174.76698381756,-0.022165790442566058,1,70.8342865535191,-0.2301495244866676
2021-07-28,191774.27029306398,0.003135891408185376,0,,-0.22773535699491787
2021-07-29,193779.06282452648,0.01045391818411745,1,69.26428822108677,-0.21966216560045615
2021-07-30,192162.05696725982,-0.008344584980942482,0,,-0.22617376097344777
2021-08-02,189317.96093590057,-0.014800507843459543,1,70.67249815804618,-0.2376267822936351
2021-08-03,192824.77228892423,0.01852339490499255,0,,-0.22350504211707012
2021-08-04,193935.67850023252,0.005761221434991359,1,73.09357043675014,-0.21903148272155226
2021-08-05,193395.20438145465,-0.0027868730651189333,0,,-0.22120794284706147
2021-08-06,193395.20438145465,0.0,0,,-0.22120794284706147
2021-08-09,193395.20438145465,0.0,0,,-0.22120794284706147
2021-08-10,193395.20438145465,0.0,0,,-0.22120794284706147
2021-08-11,193395.20438145465,0.0,0,,-0.22120794284706147
2021-08-12,193395.20438145465,0.0,0,,-0.22120794284706147
2021-08-13,193489.48896200684,0.0004875228465657244,1,71.51856858389718,-0.22082826392647548
2021-08-16,193335.91180214853,-0.0007937235282504673,1,71.67821311950684,-0.2214467108659448
2021-08-17,192202.46156710017,-0.005862595440666474,0,,-0.226011053829138
2021-08-18,192202.46156710017,0.0,0,,-0.226011053829138
2021-08-19,192202.46156710017,0.0,0,,-0.226011053829138
2021-08-20,192202.46156710017,0.0,0,,-0.226011053829138
2021-08-23,192202.46156710017,0.0,0,,-0.226011053829138
2021-08-24,192202.46156710017,0.0,0,,-0.226011053829138
2021-08-25,193410.3674085654,0.006284549280049401,1,71.5417845589774,-0.2211468821547138
2021-08-26,197542.73552857095,0.02136580461209836,1,73.09678213936942,-0.20450605861730786
2021-08-27,195489.23017364086,-0.01039524611945597,1,73.09678213936942,-0.21277541392451704
2021-08-30,197466.68264017158,0.0101154036198019,1,73.38821247645787,-0.20481231949693202
2021-08-31,195210.35668815198,-0.011426362775998622,1,73.38821247645787,-0.21389842240936507
2021-09-01,199013.1558444147,0.019480519480519654,1,73.73392813546317,-0.19858475531344355
2021-09-02,198176.53538794807,-0.004203844981588434,1,73.73392813546317,-0.20195378076798753
2021-09-03,202815.95500067738,0.0234105395154236,1,75.08571352277484,-0.18327108821752214
2021-09-06,202562.43892533387,-0.0012499809265137385,1,75.08571352277484,-0.1842919837793825
2021-09-08,204869.4603556075,0.011389186675047958,1,75.83499608721051,-0.17500173291031285
2021-09-09,204032.85924117762,-0.004083581383861334,1,75.83499608721051,-0.17837068047551818
2021-09-10,205858.18658887286,0.008946242063576637,1,76.53035245622907,-0.17102018569652033
2021-09-13,204590.58687011863,-0.006157635699404085,1,76.53035245622907,-0.17612474139516088
2021-09-14,205199.0486613871,0.002974045876581455,1,76.53035245622907,-0.17367449857948958
2021-09-15,200711.73482545654,-0.02186810253363003,1,76.53035245622907,-0.19174466937070656
2021-09-16,203931.44894263285,0.016041484171198217,1,76.53035245622907,-0.17877905427813012
2021-09-17,198125.83990969407,-0.028468434187274072,1,76.53035245622907,-0.20215792872462413
2021-09-20,193728.67693960766,-0.022193788412912974,0,,-0.21986506684143003
2021-09-21,193728.67693960766,0.0,0,,-0.21986506684143003
2021-09-22,193728.67693960766,0.0,0,,-0.21986506684143003
2021-09-23,193728.67693960766,0.0,0,,-0.21986506684143003
2021-09-24,193728.67693960766,0.0,0,,-0.21986506684143003
2021-09-27,193728.67693960766,0.0,0,,-0.21986506684143003
2021-09-28,190018.59615103138,-0.019150911714184926,1,72.90249742780414,-0.23480536207150138
2021-09-29,190032.66311933624,7.402942969680915e-05,0,,-0.23474871514884843
2021-09-30,190032.66311933624,0.0,0,,-0.23474871514884843
2021-10-01,190032.66311933624,0.0,0,,-0.23474871514884843
2021-10-04,190032.66311933624,0.0,0,,-0.23474871514884843
2021-10-05,190032.66311933624,0.0,0,,-0.23474871514884843
2021-10-06,190032.66311933624,0.0,0,,-0.23474871514884843
2021-10-07,190032.66311933624,0.0,0,,-0.23474871514884843
2021-10-08,190032.66311933624,0.0,0,,-0.23474871514884843
2021-10-11,190032.66311933624,0.0,0,,-0.23474871514884843
2021-10-13,190032.66311933624,0.0,0,,-0.23474871514884843
2021-10-14,190032.66311933624,0.0,0,,-0.23474871514884843
2021-10-15,190032.66311933624,0.0,0,,-0.23474871514884843
2021-10-18,190032.66311933624,0.0,0,,-0.23474871514884843
2021-10-19,193268.88993802015,0.017029845109583164,1,77.51856994628906,-0.22171660429792373
2021-10-20,189393.5890700847,-0.02005134333403691,1,77.51856994628906,-0.23732223187632617
2021-10-21,194355.86281286282,0.02620085382584847,1,77.88749858311245,-0.21733942315749344
2021-10-22,190220.6316891849,-0.02127659574468077,1,77.88749858311245,-0.23399177585627007
2021-10-25,187479.55554796485,-0.014409983380240798,1,77.88749858311245,-0.245029941635309
2021-10-26,187975.79914760194,0.0026469211439437146,1,77.88749858311245,-0.24303159542477903
2021-10-27,187125.1215884769,-0.0045254631871897155,1,77.88749858311245,-0.24645722807354986
2021-10-28,192063.76039123017,0.02639217418179829,1,77.88749858311245,-0.22656959598343196
2021-10-29,190362.40527298008,-0.00885828286806667,1,77.88749858311245,-0.23342086128097372
2021-11-01,190007.97131349213,-0.001861890529170851,1,77.88749858311245,-0.2348481477192147
2021-11-03,187904.89432752738,-0.011068361876749422,1,77.88749858311245,-0.24331712531092353
2021-11-04,194001.41082519788,0.03244469240404113,1,77.88749858311245,-0.21876678219423074
2021-11-05,193741.4805694554,-0.001339836935395744,1,77.88749858311245,-0.21981350731460503
2021-11-08,198089.39009700308,0.02244181016253255,1,78.3175027029855,-0.20230471015438733
2021-11-09,196128.1047230105,-0.009901011725222397,1,78.3175027029855,-0.2102027005723034
2021-11-10,192678.1426346376,-0.017590350415333078,1,78.3175027029855,-0.22409551182632037
2021-11-11,188826.476706727,-0.019990154956051498,1,78.3175027029855,-0.2396059627760081
2021-11-12,191780.21322363982,0.015642597205795195,1,78.3175027029855,-0.22771142513402465
2021-11-16,192016.50853935743,0.0012321151997158886,1,78.3175027029855,-0.2267598766423653
2021-11-17,195182.905431963,0.016490232619538414,1,78.3175027029855,-0.21400896713743733
2021-11-18,201539.35218537602,0.03256661611499956,1,79.51321683611188,-0.18841189890037024
2021-11-19,205934.51356479642,0.021807956271377327,1,81.22321673801967,-0.17071282108121932
2021-11-22,206974.21655958937,0.005048706876741305,1,81.29356874738421,-0.1665259931982187
2021-11-23,201326.67378150625,-0.02728621406066367,1,81.29356874738421,-0.1892683433618112
2021-11-24,199034.58938805058,-0.011384901714231899,1,81.29356874738421,-0.1984984435892534
2021-11-25,205580.0615771315,0.032886103913925435,1,81.29356874738421,-0.1721401801179565
2021-11-26,192701.77757466244,-0.06264364308324355,1,81.29356874738421,-0.22400033519760554
2021-11-29,198609.25060848807,0.030656038092522486,1,81.29356874738421,-0.20021125991363875
2021-11-30,192701.77757466244,-0.02974419880104595,1,81.29356874738421,-0.22400033519760554
2021-12-01,203736.93287508623,0.057265456703678996,1,81.29356874738421,-0.17956235999079473
2021-12-02,205556.42663710663,0.008930603481382304,1,81.29356874738421,-0.17223535674667145
2021-12-03,201657.49082914632,-0.018967715443135136,1,81.29356874738421,-0.18793616095378884
2021-12-06,200688.67462625096,-0.0048042658812817995,1,81.29356874738421,-0.19183753154914118
2021-12-07,203217.07236360124,0.012598606981978344,1,81.29356874738421,-0.1816558102315433
2021-12-08,199719.84039517862,-0.017209341359692876,1,81.29356874738421,-0.19573897474298996
2021-12-09,198325.68541272072,-0.0069805532574998,1,81.29356874738421,-0.20135316166272788
2021-12-10,197711.3031693133,-0.003097845052842607,1,81.29356874738421,-0.20382724581983946
2021-12-13,197167.82574598046,-0.002748843463276418,1,81.29356874738421,-0.20601580009080633
2021-12-14,191807.6823403293,-0.02718569008595173,0,,-0.22760080848268005
2021-12-15,191807.6823403293,0.0,0,,-0.22760080848268005
2021-12-16,191807.6823403293,0.0,0,,-0.22760080848268005
2021-12-17,191807.6823403293,0.0,0,,-0.22760080848268005
2021-12-20,191807.6823403293,0.0,0,,-0.22760080848268005
2021-12-21,191807.6823403293,0.0,0,,-0.22760080848268005
2021-12-22,191807.6823403293,0.0,0,,-0.22760080848268005
2021-12-23,191807.6823403293,0.0,0,,-0.22760080848268005
2021-12-27,191807.6823403293,0.0,0,,-0.22760080848268005
2021-12-28,190291.7277055411,-0.00790351364601971,1,81.87750135149274,-0.23370547603301173
2021-12-29,190796.35450900358,0.0026518588566464274,1,81.87750135149274,-0.23167337111283026
2021-12-30,183204.87315122897,-0.039788398354416055,1,81.87750135149274,-0.26224385708929854
2022-01-03,188954.7087284977,0.0313847305389221,0,,-0.2390895793406116
2022-01-04,190345.4705389733,0.007360291891290949,1,87.10250118800572,-0.23348905654143348
2022-01-05,184457.04561011595,-0.030935461254654406,1,87.10250118800572,-0.2572014261340646
2022-01-06,183448.75303796955,-0.005466273022054158,1,87.10250118800572,-0.26126176593920825
2022-01-07,175386.13551159023,-0.04395024437538997,0,,-0.29372949185562414
2022-01-10,175386.13551159023,0.0,0,,-0.29372949185562414
2022-01-11,175386.13551159023,0.0,0,,-0.29372949185562414
2022-01-12,175386.13551159023,0.0,0,,-0.29372949185562414
2022-01-13,175386.13551159023,0.0,0,,-0.29372949185562414
2022-01-14,175386.13551159023,0.0,0,,-0.29372949185562414
2022-01-17,175386.13551159023,0.0,0,,-0.29372949185562414
2022-01-18,175386.13551159023,0.0,0,,-0.29372949185562414
2022-01-19,175386.13551159023,0.0,0,,-0.29372949185562414
2022-01-20,175386.13551159023,0.0,0,,-0.29372949185562414
2022-01-21,175386.13551159023,0.0,0,,-0.29372949185562414
2022-01-24,175386.13551159023,0.0,0,,-0.29372949185562414
2022-01-25,175386.13551159023,0.0,0,,-0.29372949185562414
2022-01-26,175386.13551159023,0.0,0,,-0.29372949185562414
2022-01-27,175386.13551159023,0.0,0,,-0.29372949185562414
2022-01-28,175386.13551159023,0.0,0,,-0.29372949185562414
2022-01-31,175386.13551159023,0.0,0,,-0.29372949185562414
2022-02-01,175386.13551159023,0.0,0,,-0.29372949185562414
2022-02-02,175386.13551159023,0.0,0,,-0.29372949185562414
2022-02-03,175386.13551159023,0.0,0,,-0.29372949185562414
2022-02-04,175386.13551159023,0.0,0,,-0.29372949185562414
2022-02-07,175386.13551159023,0.0,0,,-0.29372949185562414
2022-02-08,175386.13551159023,0.0,0,,-0.29372949185562414
2022-02-09,175386.13551159023,0.0,0,,-0.29372949185562414
2022-02-10,175386.13551159023,0.0,0,,-0.29372949185562414
2022-02-11,175386.13551159023,0.0,0,,-0.29372949185562414
2022-02-14,175386.13551159023,0.0,0,,-0.29372949185562414
2022-02-15,175386.13551159023,0.0,0,,-0.29372949185562414
2022-02-16,175386.13551159023,0.0,0,,-0.29372949185562414
2022-02-17,175386.13551159023,0.0,0,,-0.29372949185562414
2022-02-18,175386.13551159023,0.0,0,,-0.29372949185562414
2022-02-21,175386.13551159023,0.0,0,,-0.29372949185562414
2022-02-22,175386.13551159023,0.0,0,,-0.29372949185562414
2022-02-23,175386.13551159023,0.0,0,,-0.29372949185562414
2022-02-24,175386.13551159023,0.0,0,,-0.29372949185562414
2022-02-25,175386.13551159023,0.0,0,,-0.29372949185562414
2022-03-02,175386.13551159023,0.0,0,,-0.29372949185562414
2022-03-03,175386.13551159023,0.0,0,,-0.29372949185562414
2022-03-04,175386.13551159023,0.0,0,,-0.29372949185562414
2022-03-07,175386.13551159023,0.0,0,,-0.29372949185562414
2022-03-08,175386.13551159023,0.0,0,,-0.29372949185562414
2022-03-09,175386.13551159023,0.0,0,,-0.29372949185562414
2022-03-10,175386.13551159023,0.0,0,,-0.29372949185562414
2022-03-11,175386.13551159023,0.0,0,,-0.29372949185562414
2022-03-14,175386.13551159023,0.0,0,,-0.29372949185562414
2022-03-15,175386.13551159023,0.0,0,,-0.29372949185562414
2022-03-16,175386.13551159023,0.0,0,,-0.29372949185562414
2022-03-17,175386.13551159023,0.0,0,,-0.29372949185562414
2022-03-18,175386.13551159023,0.0,0,,-0.29372949185562414
2022-03-21,175386.13551159023,0.0,0,,-0.29372949185562414
2022-03-22,175386.13551159023,0.0,0,,-0.29372949185562414
2022-03-23,175386.13551159023,0.0,0,,-0.29372949185562414
2022-03-24,175386.13551159023,0.0,0,,-0.29372949185562414
2022-03-25,175386.13551159023,0.0,0,,-0.29372949185562414
2022-03-28,175386.13551159023,0.0,0,,-0.29372949185562414
2022-03-29,175386.13551159023,0.0,0,,-0.29372949185562414
2022-03-30,175386.13551159023,0.0,0,,-0.29372949185562414
2022-03-31,175386.13551159023,0.0,0,,-0.29372949185562414
2022-04-01,175386.13551159023,0.0,0,,-0.29372949185562414
2022-04-04,175386.13551159023,0.0,0,,-0.29372949185562414
2022-04-05,175386.13551159023,0.0,0,,-0.29372949185562414
2022-04-06,175386.13551159023,0.0,0,,-0.29372949185562414
2022-04-07,175386.13551159023,0.0,0,,-0.29372949185562414
2022-04-08,175386.13551159023,0.0,0,,-0.29372949185562414
2022-04-11,175386.13551159023,0.0,0,,-0.29372949185562414
2022-04-12,175386.13551159023,0.0,0,,-0.29372949185562414
2022-04-13,175386.13551159023,0.0,0,,-0.29372949185562414
2022-04-14,175386.13551159023,0.0,0,,-0.29372949185562414
2022-04-18,175386.13551159023,0.0,0,,-0.29372949185562414
2022-04-19,175386.13551159023,0.0,0,,-0.29372949185562414
2022-04-20,175386.13551159023,0.0,0,,-0.29372949185562414
2022-04-22,175386.13551159023,0.0,0,,-0.29372949185562414
2022-04-25,175386.13551159023,0.0,0,,-0.29372949185562414
2022-04-26,175386.13551159023,0.0,0,,-0.29372949185562414
2022-04-27,175386.13551159023,0.0,0,,-0.29372949185562414
2022-04-28,175386.13551159023,0.0,0,,-0.29372949185562414
2022-04-29,175386.13551159023,0.0,0,,-0.29372949185562414
2022-05-02,175386.13551159023,0.0,0,,-0.29372949185562414
2022-05-03,175386.13551159023,0.0,0,,-0.29372949185562414
2022-05-04,175386.13551159023,0.0,0,,-0.29372949185562414
2022-05-05,175386.13551159023,0.0,0,,-0.29372949185562414
2022-05-06,175386.13551159023,0.0,0,,-0.29372949185562414
2022-05-09,175386.13551159023,0.0,0,,-0.29372949185562414
2022-05-10,175386.13551159023,0.0,0,,-0.29372949185562414
2022-05-11,175386.13551159023,0.0,0,,-0.29372949185562414
2022-05-12,175386.13551159023,0.0,0,,-0.29372949185562414
2022-05-13,175386.13551159023,0.0,0,,-0.29372949185562414
2022-05-16,175386.13551159023,0.0,0,,-0.29372949185562414
2022-05-17,175093.08369423563,-0.0016708950026168568,1,53.64643110547747,-0.2949095957181782
2022-05-18,170841.03550941928,-0.02428450110708935,1,53.64643110547747,-0.31203236442155813
2022-05-19,170584.77395615514,-0.0015000000000000568,0,,-0.3130643158749259
2022-05-20,170584.77395615514,0.0,0,,-0.3130643158749259
2022-05-23,170584.77395615514,0.0,0,,-0.3130643158749259
2022-05-24,170584.77395615514,0.0,0,,-0.3130643158749259
2022-05-25,170584.77395615514,0.0,0,,-0.3130643158749259
2022-05-26,170584.77395615514,0.0,0,,-0.3130643158749259
2022-05-27,170584.77395615514,0.0,0,,-0.3130643158749259
2022-05-30,170584.77395615514,0.0,0,,-0.3130643158749259
2022-05-31,170584.77395615514,0.0,0,,-0.3130643158749259
2022-06-01,170584.77395615514,0.0,0,,-0.3130643158749259
2022-06-02,170584.77395615514,0.0,0,,-0.3130643158749259
2022-06-03,170584.77395615514,0.0,0,,-0.3130643158749259
2022-06-06,170584.77395615514,0.0,0,,-0.3130643158749259
2022-06-07,170584.77395615514,0.0,0,,-0.3130643158749259
2022-06-08,170584.77395615514,0.0,0,,-0.3130643158749259
2022-06-09,167580.11116327666,-0.017613897906566756,1,52.94642979758127,-0.3251639308834825
2022-06-10,165040.1062881281,-0.015156959006154214,1,52.94642979758127,-0.3353923935189559
2022-06-13,163061.97667989408,-0.011985750934870198,0,,-0.3433582147596579
2022-06-14,163061.97667989408,0.0,0,,-0.3433582147596579
2022-06-15,163061.97667989408,0.0,0,,-0.3433582147596579
2022-06-17,163061.97667989408,0.0,0,,-0.3433582147596579
2022-06-20,163061.97667989408,0.0,0,,-0.3433582147596579
2022-06-21,163061.97667989408,0.0,0,,-0.3433582147596579
2022-06-22,159481.91079879648,-0.021955246428329578,1,52.31571524483817,-0.3577749469697479
2022-06-23,159481.91079879648,0.0,1,52.31571524483817,-0.3577749469697479
2022-06-24,162788.73659880264,0.020734801730448726,1,52.334284509931294,-0.3444585378288386
2022-06-27,162295.61850055915,-0.0030291905235360073,1,52.334284509931294,-0.34644429781383246
2022-06-28,161686.46870906145,-0.0037533347919408433,1,52.334284509931294,-0.3488973111693191
2022-06-29,158721.33957567698,-0.01833875869179824,0,,-0.36083772626336597
2022-06-30,158721.33957567698,0.0,0,,-0.36083772626336597
2022-07-01,158721.33957567698,0.0,0,,-0.36083772626336597
2022-07-04,158721.33957567698,0.0,0,,-0.36083772626336597
2022-07-05,158721.33957567698,0.0,0,,-0.36083772626336597
2022-07-06,158721.33957567698,0.0,0,,-0.36083772626336597
2022-07-07,158721.33957567698,0.0,0,,-0.36083772626336597
2022-07-08,158721.33957567698,0.0,0,,-0.36083772626336597
2022-07-11,158721.33957567698,0.0,0,,-0.36083772626336597
2022-07-12,158721.33957567698,0.0,0,,-0.36083772626336597
2022-07-13,158721.33957567698,0.0,0,,-0.36083772626336597
2022-07-14,158721.33957567698,0.0,0,,-0.36083772626336597
2022-07-15,160112.343588034,0.008763812201155297,1,53.90714250292097,-0.35523622813027467
2022-07-18,155778.26892302014,-0.027068960255590024,1,53.90714250292097,-0.37268931304526065
2022-07-19,160498.81997385307,0.03030301391502599,1,53.90714250292097,-0.35367990856942666
2022-07-20,163811.49125767488,0.02063984822045084,1,54.90249974387033,-0.34033995998047173
2022-07-21,166682.47373903322,0.017526136044035523,1,56.24071529933384,-0.32877866837627556
2022-07-22,164750.0812792462,-0.011593255226176158,1,56.24071529933384,-0.3365603085870432
2022-07-25,159339.39081639587,-0.03284180754775701,1,56.24071529933384,-0.3583488672519708
2022-07-26,155336.5801205567,-0.025121287807931547,1,56.24071529933384,-0.3744679700300194
2022-07-27,158511.21509742163,0.020437137050404397,1,56.24071529933384,-0.3616838862041053
2022-07-28,154745.23812069738,-0.023758426016794232,0,,-0.37684927236905263
2022-07-29,154745.23812069738,0.0,0,,-0.37684927236905263
2022-08-01,154745.23812069738,0.0,0,,-0.37684927236905263
2022-08-02,154745.23812069738,0.0,0,,-0.37684927236905263
2022-08-03,154745.23812069738,0.0,0,,-0.37684927236905263
2022-08-04,154745.23812069738,0.0,0,,-0.37684927236905263
2022-08-05,154745.23812069738,0.0,0,,-0.37684927236905263
2022-08-08,154745.23812069738,0.0,0,,-0.37684927236905263
2022-08-09,154745.23812069738,0.0,0,,-0.37684927236905263
2022-08-10,154745.23812069738,0.0,0,,-0.37684927236905263
2022-08-11,154745.23812069738,0.0,0,,-0.37684927236905263
2022-08-12,154745.23812069738,0.0,0,,-0.37684927236905263
2022-08-15,154745.23812069738,0.0,0,,-0.37684927236905263
2022-08-16,153427.0248253904,-0.008518603294783156,1,54.15285873413086,-0.3821576462105962
2022-08-17,153196.8842881523,-0.0015000000000000568,0,,-0.38308440974128033
2022-08-18,153196.8842881523,0.0,0,,-0.38308440974128033
2022-08-19,153196.8842881523,0.0,0,,-0.38308440974128033
2022-08-22,153196.8842881523,0.0,0,,-0.38308440974128033
2022-08-23,153196.8842881523,0.0,0,,-0.38308440974128033
2022-08-24,153196.8842881523,0.0,0,,-0.38308440974128033
2022-08-25,153196.8842881523,0.0,0,,-0.38308440974128033
2022-08-26,153196.8842881523,0.0,0,,-0.38308440974128033
2022-08-29,153196.8842881523,0.0,0,,-0.38308440974128033
2022-08-30,153196.8842881523,0.0,0,,-0.38308440974128033
2022-08-31,153196.8842881523,0.0,0,,-0.38308440974128033
2022-09-01,153196.8842881523,0.0,0,,-0.38308440974128033
2022-09-02,153196.8842881523,0.0,0,,-0.38308440974128033
2022-09-05,153196.8842881523,0.0,0,,-0.38308440974128033
2022-09-06,153196.8842881523,0.0,0,,-0.38308440974128033
2022-09-08,153196.8842881523,0.0,0,,-0.38308440974128033
2022-09-09,153196.8842881523,0.0,0,,-0.38308440974128033
2022-09-12,153196.8842881523,0.0,0,,-0.38308440974128033
2022-09-13,153196.8842881523,0.0,0,,-0.38308440974128033
2022-09-14,153196.8842881523,0.0,0,,-0.38308440974128033
2022-09-15,153196.8842881523,0.0,0,,-0.38308440974128033
2022-09-16,153196.8842881523,0.0,0,,-0.38308440974128033
2022-09-19,153196.8842881523,0.0,0,,-0.38308440974128033
2022-09-20,153196.8842881523,0.0,0,,-0.38308440974128033
2022-09-21,153196.8842881523,0.0,0,,-0.38308440974128033
2022-09-22,153196.8842881523,0.0,0,,-0.38308440974128033
2022-09-23,153196.8842881523,0.0,0,,-0.38308440974128033
2022-09-26,153196.8842881523,0.0,0,,-0.38308440974128033
2022-09-27,153196.8842881523,0.0,0,,-0.38308440974128033
2022-09-28,153196.8842881523,0.0,0,,-0.38308440974128033
2022-09-29,153196.8842881523,0.0,0,,-0.38308440974128033
2022-09-30,153196.8842881523,0.0,0,,-0.38308440974128033
2022-10-03,153196.8842881523,0.0,0,,-0.38308440974128033
2022-10-04,153196.8842881523,0.0,0,,-0.38308440974128033
2022-10-05,153196.8842881523,0.0,0,,-0.38308440974128033
2022-10-06,153196.8842881523,0.0,0,,-0.38308440974128033
2022-10-07,153196.8842881523,0.0,0,,-0.38308440974128033
2022-10-10,153196.8842881523,0.0,0,,-0.38308440974128033
2022-10-11,153196.8842881523,0.0,0,,-0.38308440974128033
2022-10-13,153196.8842881523,0.0,0,,-0.38308440974128033
2022-10-14,153196.8842881523,0.0,0,,-0.38308440974128033
2022-10-17,153196.8842881523,0.0,0,,-0.38308440974128033
2022-10-18,153196.8842881523,0.0,0,,-0.38308440974128033
2022-10-19,153196.8842881523,0.0,0,,-0.38308440974128033
2022-10-20,153196.8842881523,0.0,0,,-0.38308440974128033
2022-10-21,153196.8842881523,0.0,0,,-0.38308440974128033
2022-10-24,153196.8842881523,0.0,0,,-0.38308440974128033
2022-10-25,153196.8842881523,0.0,0,,-0.38308440974128033
2022-10-26,153196.8842881523,0.0,0,,-0.38308440974128033
2022-10-27,153196.8842881523,0.0,0,,-0.38308440974128033
2022-10-28,153196.8842881523,0.0,0,,-0.38308440974128033
2022-10-31,153196.8842881523,0.0,0,,-0.38308440974128033
2022-11-01,153196.8842881523,0.0,0,,-0.38308440974128033
2022-11-03,153196.8842881523,0.0,0,,-0.38308440974128033
2022-11-04,153196.8842881523,0.0,0,,-0.38308440974128033
2022-11-07,153196.8842881523,0.0,0,,-0.38308440974128033
2022-11-08,153196.8842881523,0.0,0,,-0.38308440974128033
2022-11-09,153196.8842881523,0.0,0,,-0.38308440974128033
2022-11-10,153196.8842881523,0.0,0,,-0.38308440974128033
2022-11-11,153560.68893007032,0.0023747522255983533,1,44.91035883767264,-0.38161938807030715
2022-11-14,151218.87282631092,-0.015250101572713226,1,44.91035883767264,-0.3910497552128315
2022-11-16,167393.01700249658,0.1069585024268973,1,48.49928787776402,-0.3259173489779035
2022-11-17,171420.94355962498,0.024062691677684045,1,49.41785989488874,-0.3096971059810828
2022-11-18,172357.6676189102,0.005464466825545244,1,49.69643075125558,-0.3059249687171386
2022-11-21,165800.5753817283,-0.03804351919915683,1,49.69643075125558,-0.3323300254954036
2022-11-22,172545.00528411166,0.04067796439701987,1,49.69643075125558,-0.3051705700435464
2022-11-23,173450.51036956086,0.005247935655733338,1,49.901786123003276,-0.301524149903425
2022-11-24,174699.4837226696,0.007200747639471539,1,50.36250128064837,-0.29649460157461427
2022-11-25,177353.53720915987,0.015192108356218759,1,50.98035703386579,-0.2858068713325509
2022-11-28,166924.64901730765,-0.058802820377656384,1,50.98035703386579,-0.3278034415925394
2022-11-29,163927.12726315786,-0.0179573344727475,1,50.98035703386579,-0.3398743000232919
2022-11-30,168798.10904697076,0.029714311872209853,1,50.98035703386579,-0.32025911909932325
2022-12-01,167642.80452646274,-0.00684429776512796,1,50.98035703386579,-0.32491146809133786
2022-12-02,166112.82467555182,-0.009126427198785092,1,50.98035703386579,-0.33107261443053704
2022-12-05,167830.15410275685,0.01033833137543283,1,50.98035703386579,-0.324157021452418
2022-12-06,162834.28451250718,-0.029767413472020388,1,50.98035703386579,-0.3442751188370057
2022-12-07,161991.2292858227,-0.005177381588947427,1,50.98035703386579,-0.34767005676415375
2022-12-08,163958.34623699388,0.012143354673235685,1,50.98035703386579,-0.3397485828994692
2022-12-09,165582.00683159818,0.009902884676925128,1,50.98035703386579,-0.33321018925814627
2022-12-12,165269.76944886733,-0.0018856963308120367,1,50.98035703386579,-0.334467552357685
2022-12-13,166862.19915854294,0.009635335699843761,1,50.98035703386579,-0.3280549238055127
2022-12-14,164926.3011812078,-0.011601776718139556,1,50.98035703386579,-0.33585068054637435
2022-12-15,161997.65528457417,-0.017757300537625365,0,,-0.3476441796137718
2022-12-16,161997.65528457417,0.0,0,,-0.3476441796137718
2022-12-19,161997.65528457417,0.0,0,,-0.3476441796137718
2022-12-20,161997.65528457417,0.0,0,,-0.3476441796137718
2022-12-21,161997.65528457417,0.0,0,,-0.3476441796137718
2022-12-22,161997.65528457417,0.0,0,,-0.3476441796137718
2022-12-23,161997.65528457417,0.0,0,,-0.3476441796137718
2022-12-26,161997.65528457417,0.0,0,,-0.3476441796137718
2022-12-27,161997.65528457417,0.0,0,,-0.3476441796137718
2022-12-28,161997.65528457417,0.0,0,,-0.3476441796137718
2022-12-29,161997.65528457417,0.0,0,,-0.3476441796137718
2023-01-02,161997.65528457417,0.0,0,,-0.3476441796137718
2023-01-03,161997.65528457417,0.0,0,,-0.3476441796137718
2023-01-04,161997.65528457417,0.0,0,,-0.3476441796137718
2023-01-05,161997.65528457417,0.0,0,,-0.3476441796137718
2023-01-06,161997.65528457417,0.0,0,,-0.3476441796137718
2023-01-09,161997.65528457417,0.0,0,,-0.3476441796137718
2023-01-10,161997.65528457417,0.0,0,,-0.3476441796137718
2023-01-11,161997.65528457417,0.0,0,,-0.3476441796137718
2023-01-12,161997.65528457417,0.0,0,,-0.3476441796137718
2023-01-13,160473.55707261802,-0.009408149823396106,1,51.52214445386614,-0.35378164091012987
2023-01-16,161318.15743119782,0.005263174656230829,1,51.52214445386614,-0.35038048082017703
2023-01-17,165774.13480378976,0.027622292763245904,1,52.52714197976248,-0.33243650027667293
2023-01-18,168715.67091885823,0.017744240490533025,1,53.431786264692036,-0.3205910929948804
2023-01-19,165599.39756404673,-0.018470562561495818,1,53.431786264692036,-0.3331401577165559
2023-01-20,172647.414352328,0.042560642683228345,1,55.06035641261509,-0.30475817424933627
2023-01-23,179957.5592201169,0.042341467407503774,1,57.44178690229143,-0.2753206151439811
2023-01-24,176084.0541265971,-0.02152454784509439,1,57.44178690229143,-0.290919011235668
2023-01-25,170812.60667534693,-0.02993710860076071,1,57.44178690229143,-0.31214684580304053
2023-01-26,172327.04793287037,0.008866097690329422,1,57.44178690229143,-0.30604827254132916
2023-01-27,174016.24865002994,0.009802295910144032,1,57.44178690229143,-0.2992459523614236
2023-01-30,174190.99699971953,0.0010042070843685469,1,57.44178690229143,-0.2985422501823851
2023-01-31,167042.85466246767,-0.04103623298776671,0,,-0.3273274338349753
2023-02-01,167042.85466246767,0.0,0,,-0.3273274338349753
2023-02-02,167042.85466246767,0.0,0,,-0.3273274338349753
2023-02-03,167042.85466246767,0.0,0,,-0.3273274338349753
2023-02-06,167042.85466246767,0.0,0,,-0.3273274338349753
2023-02-07,167042.85466246767,0.0,0,,-0.3273274338349753
2023-02-08,167042.85466246767,0.0,0,,-0.3273274338349753
2023-02-09,167042.85466246767,0.0,0,,-0.3273274338349753
2023-02-10,167042.85466246767,0.0,0,,-0.3273274338349753
2023-02-13,167042.85466246767,0.0,0,,-0.3273274338349753
2023-02-14,167042.85466246767,0.0,0,,-0.3273274338349753
2023-02-15,167042.85466246767,0.0,0,,-0.3273274338349753
2023-02-16,167042.85466246767,0.0,0,,-0.3273274338349753
2023-02-17,167042.85466246767,0.0,0,,-0.3273274338349753
2023-02-22,167042.85466246767,0.0,0,,-0.3273274338349753
2023-02-23,167042.85466246767,0.0,0,,-0.3273274338349753
2023-02-24,167042.85466246767,0.0,0,,-0.3273274338349753
2023-02-27,167042.85466246767,0.0,0,,-0.3273274338349753
2023-02-28,167042.85466246767,0.0,0,,-0.3273274338349753
2023-03-01,167042.85466246767,0.0,0,,-0.3273274338349753
2023-03-02,167042.85466246767,0.0,0,,-0.3273274338349753
2023-03-03,167042.85466246767,0.0,0,,-0.3273274338349753
2023-03-06,167042.85466246767,0.0,0,,-0.3273274338349753
2023-03-07,167042.85466246767,0.0,0,,-0.3273274338349753
2023-03-08,167042.85466246767,0.0,0,,-0.3273274338349753
2023-03-09,167042.85466246767,0.0,0,,-0.3273274338349753
2023-03-10,167042.85466246767,0.0,0,,-0.3273274338349753
2023-03-13,167042.85466246767,0.0,0,,-0.3273274338349753
2023-03-14,167042.85466246767,0.0,0,,-0.3273274338349753
2023-03-15,167042.85466246767,0.0,0,,-0.3273274338349753
2023-03-16,167042.85466246767,0.0,0,,-0.3273274338349753
2023-03-17,167042.85466246767,0.0,0,,-0.3273274338349753
2023-03-20,167042.85466246767,0.0,0,,-0.3273274338349753
2023-03-21,167042.85466246767,0.0,0,,-0.3273274338349753
2023-03-22,166683.16526521265,-0.0021532761636635644,1,57.526427950177876,-0.32877588363764887
2023-03-23,171090.45711120247,0.026441133626046165,1,58.90178544180734,-0.3110279570838872
2023-03-24,166874.7857417746,-0.024640014648437347,1,58.90178544180734,-0.32800423831370407
2023-03-27,162905.48504828813,-0.023786102111487573,1,58.90178544180734,-0.3439883981196612
2023-03-28,159955.12492838185,-0.01811087035548098,0,,-0.35586933919300734
2023-03-29,159955.12492838185,0.0,0,,-0.35586933919300734
2023-03-30,159955.12492838185,0.0,0,,-0.35586933919300734
2023-03-31,159955.12492838185,0.0,0,,-0.35586933919300734
2023-04-03,159955.12492838185,0.0,0,,-0.35586933919300734
2023-04-04,159955.12492838185,0.0,0,,-0.35586933919300734
2023-04-05,159955.12492838185,0.0,0,,-0.35586933919300734
2023-04-06,159955.12492838185,0.0,0,,-0.35586933919300734
2023-04-10,158726.16754162192,-0.007683138550954038,1,52.708927971976145,-0.36081828430490503
2023-04-11,161141.30307916322,0.015215736478410236,0,,-0.3510926637570704
2023-04-12,161141.30307916322,0.0,0,,-0.3510926637570704
2023-04-13,161141.30307916322,0.0,0,,-0.3510926637570704
2023-04-14,161141.30307916322,0.0,0,,-0.3510926637570704
2023-04-17,161141.30307916322,0.0,0,,-0.3510926637570704
2023-04-18,161141.30307916322,0.0,0,,-0.3510926637570704
2023-04-19,161141.30307916322,0.0,0,,-0.3510926637570704
2023-04-20,161141.30307916322,0.0,0,,-0.3510926637570704
2023-04-24,161141.30307916322,0.0,0,,-0.3510926637570704
2023-04-25,161141.30307916322,0.0,0,,-0.3510926637570704
2023-04-26,161141.30307916322,0.0,0,,-0.3510926637570704
2023-04-27,161141.30307916322,0.0,0,,-0.3510926637570704
2023-04-28,161141.30307916322,0.0,0,,-0.3510926637570704
2023-05-02,161141.30307916322,0.0,0,,-0.3510926637570704
2023-05-03,161141.30307916322,0.0,0,,-0.3510926637570704
2023-05-04,161141.30307916322,0.0,0,,-0.3510926637570704
2023-05-05,161141.30307916322,0.0,0,,-0.3510926637570704
2023-05-08,161141.30307916322,0.0,0,,-0.3510926637570704
2023-05-09,161141.30307916322,0.0,0,,-0.3510926637570704
2023-05-10,161141.30307916322,0.0,0,,-0.3510926637570704
2023-05-11,161141.30307916322,0.0,0,,-0.3510926637570704
2023-05-12,161141.30307916322,0.0,0,,-0.3510926637570704
2023-05-15,161141.30307916322,0.0,0,,-0.3510926637570704
2023-05-16,161141.30307916322,0.0,0,,-0.3510926637570704
2023-05-17,161141.30307916322,0.0,0,,-0.3510926637570704
2023-05-18,165292.82837937784,0.025763260076003824,1,54.5057133265904,-0.33437469528821706
2023-05-19,165809.63851850192,0.0031266337698445668,1,54.66964217594692,-0.3322935287324421
2023-05-22,163512.71065162597,-0.013852800641740992,1,54.66964217594692,-0.341543133366112
2023-05-23,161072.21589406976,-0.014925413124340148,1,54.66964217594692,-0.3513708741251813
2023-05-24,159665.35236737772,-0.00873436501064384,1,54.66964217594692,-0.3570362376671068
2023-05-25,182376.24787180728,0.14224059990281135,1,58.898572376796174,-0.2655806863971075
2023-05-26,185075.13674630955,0.014798466938519939,1,59.659999574933735,-0.25471240646574456
2023-05-29,184185.0833587416,-0.004809146183628044,1,59.659999574933735,-0.2582966034518952
2023-05-30,185103.854505492,0.004988303775723679,1,59.659999574933735,-0.25459676159842715
2023-05-31,179217.96247131383,-0.031797782114815654,1,59.659999574933735,-0.2782989313607983
2023-06-01,178500.1718283766,-0.004005126679487492,1,59.659999574933735,-0.28118943556541975
2023-06-02,176346.79989956488,-0.012063696671856028,1,59.659999574933735,-0.2898609481792842
2023-06-05,174537.9753652466,-0.010257200784751896,1,59.659999574933735,-0.2971449870189026
2023-06-06,175112.21007011956,0.0032900273059275342,1,59.659999574933735,-0.29483257483408665
2023-06-07,179734.77261043794,0.026397716860905307,1,59.659999574933735,-0.27621776480502325
2023-06-09,181084.22252399707,0.007508006903505393,1,59.659999574933735,-0.2707836027865449
2023-06-12,187716.6010550629,0.03662593261092595,1,59.776425634111675,-0.24407537216342268
2023-06-13,186682.98077681471,-0.005506280597660007,1,59.776425634111675,-0.24823770527497258
2023-06-14,192597.59057017532,0.031682640638954096,1,60.90500150408064,-0.224419890645284
2023-06-15,183094.03851474452,-0.04934408591143857,1,60.90500150408064,-0.2626901821924861
2023-06-16,181744.5886011854,-0.007370255877831133,1,60.90500150408064,-0.2681243442109644
2023-06-19,180423.85644680873,-0.00726696824671258,1,60.90500150408064,-0.27344286136212537
2023-06-20,177983.3726418685,-0.013526391980540065,1,60.90500150408064,-0.28327055801560075
2023-06-21,174605.85850970363,-0.018976571137130804,0,,-0.2968716252574939
2023-06-22,174605.85850970363,0.0,0,,-0.2968716252574939
2023-06-23,174605.85850970363,0.0,0,,-0.2968716252574939
2023-06-26,174605.85850970363,0.0,0,,-0.2968716252574939
2023-06-27,174605.85850970363,0.0,0,,-0.2968716252574939
2023-06-28,174605.85850970363,0.0,0,,-0.2968716252574939
2023-06-29,174605.85850970363,0.0,0,,-0.2968716252574939
2023-06-30,174605.85850970363,0.0,0,,-0.2968716252574939
2023-07-03,174605.85850970363,0.0,0,,-0.2968716252574939
2023-07-04,174567.85483616084,-0.0002176540573560759,1,58.30321325574602,-0.2970246640010987
2023-07-05,171326.83872770012,-0.018565938794989245,1,58.30321325574602,-0.3100760610636414
2023-07-06,170712.15976737908,-0.0035877563894001208,1,58.30321325574602,-0.3125513400837604
2023-07-07,169898.14228114538,-0.00476836264823155,0,,-0.31582934459628176
2023-07-10,169898.14228114538,0.0,0,,-0.31582934459628176
2023-07-11,169898.14228114538,0.0,0,,-0.31582934459628176
2023-07-12,169898.14228114538,0.0,0,,-0.31582934459628176
2023-07-13,169898.14228114538,0.0,0,,-0.31582934459628176
2023-07-14,169898.14228114538,0.0,0,,-0.31582934459628176
2023-07-17,169898.14228114538,0.0,0,,-0.31582934459628176
2023-07-18,169898.14228114538,0.0,0,,-0.31582934459628176
2023-07-19,169898.14228114538,0.0,0,,-0.31582934459628176
2023-07-20,160517.55425101306,-0.0552130111853103,0,,-0.3536044666457484
2023-07-21,160517.55425101306,0.0,0,,-0.3536044666457484
2023-07-24,160517.55425101306,0.0,0,,-0.3536044666457484
2023-07-25,160517.55425101306,0.0,0,,-0.3536044666457484
2023-07-26,160517.55425101306,0.0,0,,-0.3536044666457484
2023-07-27,160517.55425101306,0.0,0,,-0.3536044666457484
2023-07-28,160517.55425101306,0.0,0,,-0.3536044666457484
2023-07-31,160517.55425101306,0.0,0,,-0.3536044666457484
2023-08-01,160517.55425101306,0.0,0,,-0.3536044666457484
2023-08-02,160517.55425101306,0.0,0,,-0.3536044666457484
2023-08-03,160517.55425101306,0.0,0,,-0.3536044666457484
2023-08-04,160517.55425101306,0.0,0,,-0.3536044666457484
2023-08-07,160517.55425101306,0.0,0,,-0.3536044666457484
2023-08-08,160517.55425101306,0.0,0,,-0.3536044666457484
2023-08-09,160517.55425101306,0.0,0,,-0.3536044666457484
2023-08-10,160517.55425101306,0.0,0,,-0.3536044666457484
2023-08-11,160517.55425101306,0.0,0,,-0.3536044666457484
2023-08-14,160517.55425101306,0.0,0,,-0.3536044666457484
2023-08-15,160517.55425101306,0.0,0,,-0.3536044666457484
2023-08-16,160517.55425101306,0.0,0,,-0.3536044666457484
2023-08-17,160517.55425101306,0.0,0,,-0.3536044666457484
2023-08-18,160517.55425101306,0.0,0,,-0.3536044666457484
2023-08-21,160517.55425101306,0.0,0,,-0.3536044666457484
2023-08-22,160517.55425101306,0.0,0,,-0.3536044666457484
2023-08-23,160517.55425101306,0.0,0,,-0.3536044666457484
2023-08-24,160517.55425101306,0.0,0,,-0.3536044666457484
2023-08-25,160517.55425101306,0.0,0,,-0.3536044666457484
2023-08-28,160517.55425101306,0.0,0,,-0.3536044666457484
2023-08-29,160517.55425101306,0.0,0,,-0.3536044666457484
2023-08-30,160517.55425101306,0.0,0,,-0.3536044666457484
2023-08-31,157800.45025775742,-0.016927145482211303,1,55.62214170183454,-0.3645460978778874
2023-09-01,157563.74958237077,-0.0015000000000000568,0,,-0.3654992787310706
2023-09-04,157563.74958237077,0.0,0,,-0.3654992787310706
2023-09-05,157563.74958237077,0.0,0,,-0.3654992787310706
2023-09-06,152729.39748690234,-0.030681880243914494,1,56.08642700740269,-0.3849669538757212
2023-09-08,151279.4540857776,-0.009493544955869293,0,,-0.39080579774844726
2023-09-11,151279.4540857776,0.0,0,,-0.39080579774844726
2023-09-12,151279.4540857776,0.0,0,,-0.39080579774844726
2023-09-13,151279.4540857776,0.0,0,,-0.39080579774844726
2023-09-14,151279.4540857776,0.0,0,,-0.39080579774844726
2023-09-15,151279.4540857776,0.0,0,,-0.39080579774844726
2023-09-18,151279.4540857776,0.0,0,,-0.39080579774844726
2023-09-19,151279.4540857776,0.0,0,,-0.39080579774844726
2023-09-20,151279.4540857776,0.0,0,,-0.39080579774844726
2023-09-21,151279.4540857776,0.0,0,,-0.39080579774844726
2023-09-22,151279.4540857776,0.0,0,,-0.39080579774844726
2023-09-25,151279.4540857776,0.0,0,,-0.39080579774844726
2023-09-26,151279.4540857776,0.0,0,,-0.39080579774844726
2023-09-27,151279.4540857776,0.0,0,,-0.39080579774844726
2023-09-28,151279.4540857776,0.0,0,,-0.39080579774844726
2023-09-29,151279.4540857776,0.0,0,,-0.39080579774844726
2023-10-02,151279.4540857776,0.0,0,,-0.39080579774844726
2023-10-03,151279.4540857776,0.0,0,,-0.39080579774844726
2023-10-04,151279.4540857776,0.0,0,,-0.39080579774844726
2023-10-05,151279.4540857776,0.0,0,,-0.39080579774844726
2023-10-06,151279.4540857776,0.0,0,,-0.39080579774844726
2023-10-09,149842.33891165405,-0.009499737970423139,1,54.84642955235073,-0.396592983042938
2023-10-10,150289.7132611974,0.002985633785435926,1,54.84642955235073,-0.39479143066674194
2023-10-11,152210.7677299592,0.012782341699082655,1,55.434644154139924,-0.38705544793431135
2023-10-13,151184.45192159124,-0.00674272801901088,1,55.434644154139924,-0.3911883663396246
2023-10-16,151342.340483683,0.001044343912915302,1,55.434644154139924,-0.39055255761589946
2023-10-17,150210.76898015154,-0.007476899722278607,1,55.434644154139924,-0.39510933502860457
2023-10-18,148473.91448759916,-0.011562782777457703,1,55.434644154139924,-0.4021035543917808
2023-10-19,154184.45506564915,0.0384615748682704,1,55.55071571895054,-0.37910751548554744
2023-10-20,151316.02906956532,-0.018603859869417372,1,55.55071571895054,-0.3906585122614288
2023-10-23,149737.08321649052,-0.010434756071671103,1,55.55071571895054,-0.39701684205032994
2023-10-24,150158.13611322333,0.0028119480337682745,1,55.55071571895054,-0.3953212847449379
2023-10-25,145967.04598247015,-0.027911175772673325,0,,-0.41219857865241616
2023-10-26,145967.04598247015,0.0,0,,-0.41219857865241616
2023-10-27,145967.04598247015,0.0,0,,-0.41219857865241616
2023-10-30,145967.04598247015,0.0,0,,-0.41219857865241616
2023-10-31,145967.04598247015,0.0,0,,-0.41219857865241616
2023-11-01,145967.04598247015,0.0,0,,-0.41219857865241616
2023-11-03,145967.04598247015,0.0,0,,-0.41219857865241616
2023-11-06,145645.099799529,-0.0022056086753979853,1,52.59785543169294,-0.4134950385667516
2023-11-07,144973.44253876334,-0.0046116021870297175,1,52.59785543169294,-0.41619976612960097
2023-11-08,144755.9823749552,-0.0014999999999999458,0,,-0.4170754664804066
2023-11-09,144755.9823749552,0.0,0,,-0.4170754664804066
2023-11-10,144755.9823749552,0.0,0,,-0.4170754664804066
2023-11-13,142602.94157122105,-0.014873587733025273,1,56.4396401814052,-0.42574564567144313
2023-11-14,144926.41817666814,0.016293328733942403,1,56.46571145738874,-0.41638913069947003
2023-11-16,145555.68712789763,0.004341989260111312,1,56.94356713976179,-0.41385509857288294
2023-11-17,147588.7233872647,0.013967412057082074,1,57.762138911655974,-0.4056681712094926
2023-11-20,146886.8397331959,-0.004755672641920672,1,57.762138911655974,-0.4084946188278943
2023-11-21,146184.96531176573,-0.004778334278993657,1,57.762138911655974,-0.4113210292669581
2023-11-22,147153.0721007833,0.006622478494644701,1,57.84106799534389,-0.4074225154430289
2023-11-23,144248.73326845336,-0.019736854901274414,1,57.84106799534389,-0.41911813127349207
2023-11-24,144635.97783058812,0.0026845612669199603,1,57.84106799534389,-0.4175587183080528
2023-11-27,144272.94124694602,-0.002510001930967176,1,57.84106799534389,-0.4190206470497745
2023-11-28,143958.30215501197,-0.0021808600366405306,1,57.84106799534389,-0.4202876817027369
2023-11-29,146620.61659824714,0.018493649920714006,1,57.84106799534389,-0.40956668503342175
2023-11-30,144514.96563604075,-0.014361220209406556,1,57.84106799534389,-0.41804602788862666
2023-12-01,145386.26820900358,0.006029151161805579,1,57.84106799534389,-0.414537339421554
2023-12-04,144999.02364686885,-0.0026635566543191658,1,57.84106799534389,-0.4160967523869932
2023-12-05,144200.3357767453,-0.005508229297244593,1,57.84106799534389,-0.41931302536225135
2023-12-06,144514.96563604075,0.002181894082289526,1,57.84106799534389,-0.41804602788862666
2023-12-07,147298.2922738233,0.01925978133498174,1,57.886788095746724,-0.40683772163873755
2023-12-08,148968.28271690966,0.011337473213755223,1,58.47678715842111,-0.40011276019640674
2023-12-11,151073.92444647744,0.014134832537267217,1,59.348571504865376,-0.39163345452053955
2023-12-12,152017.84172227958,0.006248048955242114,1,59.681431906563894,-0.38783235056165233
2023-12-13,152961.74976544312,0.0062091925031271256,1,60.360716819763184,-0.38403128378210283
2023-12-14,154220.2969005407,0.008227855245036553,1,60.495003019060405,-0.3789631823495909
2023-12-15,153639.42544101927,-0.003766504611880328,1,60.495003019060405,-0.3813023203874186
2023-12-18,152961.74976544312,-0.00441081886131045,1,60.495003019060405,-0.38403128378210283
2023-12-19,152719.71614370975,-0.0015823146773916719,1,60.495003019060405,-0.3850059401225885
2023-12-20,148847.2705223623,-0.025356553293377493,1,60.495003019060405,-0.4006000697769807
2023-12-21,151388.5635384115,0.01707315832618783,1,60.495003019060405,-0.39036641986757714
2023-12-22,152332.471581575,0.006235002308638826,1,60.495003019060405,-0.38656535308802775
2023-12-26,153470.00652212522,0.007467448855387859,1,60.495003019060405,-0.3819845612360897
2023-12-27,152743.9241222024,-0.004731102945630727,1,60.495003019060405,-0.384908455898871
2023-12-28,152913.34304109644,0.0011091696109528648,1,60.495003019060405,-0.38422621505019994
2024-01-02,151194.9458736634,-0.011237718914896777,1,60.495003019060405,-0.39114610776062786
2024-01-03,149113.50288994968,-0.01376661747313268,1,60.495003019060405,-0.3995279663921153
2024-01-04,147879.1545007061,-0.008277911559455342,1,60.495003019060405,-0.4044986207802477
2024-01-05,146195.27326032135,-0.011386873600069847,0,,-0.41127951971409027
2024-01-08,146195.27326032135,0.0,0,,-0.41127951971409027
2024-01-09,146195.27326032135,0.0,0,,-0.41127951971409027
2024-01-10,146195.27326032135,0.0,0,,-0.41127951971409027
2024-01-11,146195.27326032135,0.0,0,,-0.41127951971409027
2024-01-12,146195.27326032135,0.0,0,,-0.41127951971409027
2024-01-15,146195.27326032135,0.0,0,,-0.41127951971409027
2024-01-16,146195.27326032135,0.0,0,,-0.41127951971409027
2024-01-17,146195.27326032135,0.0,0,,-0.41127951971409027
2024-01-18,149675.4375018207,0.023804902606546108,1,65.76071398598808,-0.39726508601840504
2024-01-19,150616.2597578114,0.006285749162946441,1,65.93643079485211,-0.3934764455373667
2024-01-22,149996.17384484736,-0.004116991843783224,1,65.93643079485211,-0.39597349806415183
2024-01-23,151770.90080471055,0.011831814868150659,1,66.31393037523542,-0.3888267683177902
2024-01-24,153951.8785733013,0.014370197165773702,1,66.97321265084403,-0.38004408847607374
2024-01-25,156068.71233595232,0.013749970330132255,1,67.85070964268276,-0.3715197130866297
2024-01-26,153866.34779427233,-0.014111505815074588,1,67.85070964268276,-0.3803885163100674
2024-01-29,154379.51615511812,0.0033351565706358777,1,67.85070964268276,-0.37832201499899765
2024-01-30,153417.32343936624,-0.006232644975937673,1,67.85070964268276,-0.38219671316886517
2024-01-31,150231.37940884504,-0.02076652074940122,1,67.85070964268276,-0.3950263379438922
2024-02-01,156453.59268491872,0.04141753407682125,1,67.85070964268276,-0.3699698206801041
2024-02-02,153417.32343936624,-0.01940683619625927,1,67.85070964268276,-0.38219671316886517
2024-02-05,158228.3196447819,0.03135888501742157,1,67.9214277267456,-0.36282309093374243
2024-02-06,157907.58330175525,-0.0020270476470122256,1,67.9214277267456,-0.36411467888799576
2024-02-07,165669.33428702247,0.04915375704556779,1,71.86214501517159,-0.3328585263052135
2024-02-08,178220.67839128803,0.07576142053254298,1,76.93571172441754,-0.2823149405619222
2024-02-09,176788.07454754077,-0.008038370500430658,1,76.93571172441754,-0.2880839589723091
2024-02-14,172062.6091211541,-0.026729548576626128,1,76.93571172441754,-0.30711315337343803
2024-02-15,172233.67067921205,0.0009941820534495882,1,76.93571172441754,-0.30642429770545065
2024-02-16,168064.13084652164,-0.024208622020581827,1,76.93571172441754,-0.323214809724959
2024-02-19,166631.52700277438,-0.008524149897609856,1,76.93571172441754,-0.32898382813534577
2024-02-20,164258.76046283363,-0.014239601488506115,0,,-0.33853883101504145
2024-02-21,164258.76046283363,0.0,0,,-0.33853883101504145
2024-02-22,164258.76046283363,0.0,0,,-0.33853883101504145
2024-02-23,164258.76046283363,0.0,0,,-0.33853883101504145
2024-02-26,164258.76046283363,0.0,0,,-0.33853883101504145
2024-02-27,164258.76046283363,0.0,0,,-0.33853883101504145
2024-02-28,164258.76046283363,0.0,0,,-0.33853883101504145
2024-02-29,164258.76046283363,0.0,0,,-0.33853883101504145
2024-03-01,164258.76046283363,0.0,0,,-0.33853883101504145
2024-03-04,164258.76046283363,0.0,0,,-0.33853883101504145
2024-03-05,164258.76046283363,0.0,0,,-0.33853883101504145
2024-03-06,164258.76046283363,0.0,0,,-0.33853883101504145
2024-03-07,164258.76046283363,0.0,0,,-0.33853883101504145
2024-03-08,164258.76046283363,0.0,0,,-0.33853883101504145
2024-03-11,164258.76046283363,0.0,0,,-0.33853883101504145
2024-03-12,164258.76046283363,0.0,0,,-0.33853883101504145
2024-03-13,164258.76046283363,0.0,0,,-0.33853883101504145
2024-03-14,164258.76046283363,0.0,0,,-0.33853883101504145
2024-03-15,164258.76046283363,0.0,0,,-0.33853883101504145
2024-03-18,164258.76046283363,0.0,0,,-0.33853883101504145
2024-03-19,164258.76046283363,0.0,0,,-0.33853883101504145
2024-03-20,164258.76046283363,0.0,0,,-0.33853883101504145
2024-03-21,164258.76046283363,0.0,0,,-0.33853883101504145
2024-03-22,164258.76046283363,0.0,0,,-0.33853883101504145
2024-03-25,164258.76046283363,0.0,0,,-0.33853883101504145
2024-03-26,164258.76046283363,0.0,0,,-0.33853883101504145
2024-03-27,164258.76046283363,0.0,0,,-0.33853883101504145
2024-03-28,164258.76046283363,0.0,0,,-0.33853883101504145
2024-04-01,164258.76046283363,0.0,0,,-0.33853883101504145
2024-04-02,164258.76046283363,0.0,0,,-0.33853883101504145
2024-04-03,164258.76046283363,0.0,0,,-0.33853883101504145
2024-04-04,164258.76046283363,0.0,0,,-0.33853883101504145
2024-04-05,164258.76046283363,0.0,0,,-0.33853883101504145
2024-04-08,164258.76046283363,0.0,0,,-0.33853883101504145
2024-04-09,164258.76046283363,0.0,0,,-0.33853883101504145
2024-04-10,165832.52210836846,0.009580990633926811,1,86.52142551967076,-0.33220137775029024
2024-04-11,167188.44545637057,0.008176462196697765,1,87.46357127598354,-0.3267411475604587
2024-04-12,163780.81264602792,-0.020381987529346945,1,87.46357127598354,-0.34046350109490386
2024-04-15,162549.77607931296,-0.00751636621424967,1,87.46357127598354,-0.34542081895233867
2024-04-16,164405.24655246365,0.011414783323019595,1,87.46357127598354,-0.33794893943292015
2024-04-17,163370.46258657682,-0.006294105495937563,1,87.46357127598354,-0.34211595865182665
2024-04-18,155810.09828800574,-0.04627742481028063,0,,-0.3725611379092003
2024-04-19,155810.09828800574,0.0,0,,-0.3725611379092003
2024-04-22,155810.09828800574,0.0,0,,-0.3725611379092003
2024-04-23,155810.09828800574,0.0,0,,-0.3725611379092003
2024-04-24,155810.09828800574,0.0,0,,-0.3725611379092003
2024-04-25,155810.09828800574,0.0,0,,-0.3725611379092003
2024-04-26,155382.8121048556,-0.002742352311211116,1,80.57571492876325,-0.3742817963227987
2024-04-29,155453.33008516475,0.00045383385301045465,1,80.89964376177106,-0.3739978242195251
2024-04-30,156628.36729730148,0.0075587780042600805,0,,-0.3692660127426166
2024-05-02,153938.81055023184,-0.017171581326417718,1,81.29464776175362,-0.38009671270014256
2024-05-03,155171.6088778513,0.0080083659423702,0,,-0.37513230032656697
2024-05-06,155352.36760032154,0.0011648955873913014,1,82.5703569139753,-0.374404394700514
2024-05-07,153699.6843756154,-0.010638287978706695,1,82.5703569139753,-0.3810596609079032
2024-05-08,153795.74227177285,0.0006249713299519843,0,,-0.38067284094101994
2024-05-09,153795.74227177285,0.0,0,,-0.38067284094101994
2024-05-10,153795.74227177285,0.0,0,,-0.38067284094101994
2024-05-13,150527.65889685068,-0.021249504873464775,1,89.31786073957171,-0.3938332364257128
2024-05-14,155979.58360564662,0.03621875706265976,1,90.57963970729283,-0.371878629676357
2024-05-15,159864.684520448,0.024907752828881913,1,93.02213995797294,-0.356233537837797
2024-05-16,155883.65910338136,-0.024902469416611117,1,93.02213995797294,-0.37226491247323124
2024-05-17,154972.33973807868,-0.005846150716145915,1,93.02213995797294,-0.3759347464047258
2024-05-20,155995.5750886667,0.006602696663916996,1,93.02213995797294,-0.37181423283674575
2024-05-21,157562.4110805888,0.010044105360241806,1,93.02213995797294,-0.36550466880555366
2024-05-22,160680.0793834854,0.019786878618543113,1,94.19464193071637,-0.3529499867031768
2024-05-23,162454.7558629581,0.011044782192552782,1,95.37607002258301,-0.34580346023862496
2024-05-24,164677.0962835721,0.013679749840556754,1,96.58571325029645,-0.3368542152281315
2024-05-27,175469.0419138062,0.06553398058252435,1,102.21964182172503,-0.293395632245509
2024-05-28,163184.3101713684,-0.07001082133036496,0,,-0.34286558438762416
2024-05-29,163184.3101713684,0.0,0,,-0.34286558438762416
2024-05-31,163184.3101713684,0.0,0,,-0.34286558438762416
2024-06-03,163184.3101713684,0.0,0,,-0.34286558438762416
2024-06-04,163184.3101713684,0.0,0,,-0.34286558438762416
2024-06-05,163184.3101713684,0.0,0,,-0.34286558438762416
2024-06-06,163184.3101713684,0.0,0,,-0.34286558438762416
2024-06-07,163184.3101713684,0.0,0,,-0.34286558438762416
2024-06-10,163184.3101713684,0.0,0,,-0.34286558438762416
2024-06-11,163184.3101713684,0.0,0,,-0.34286558438762416
2024-06-12,163184.3101713684,0.0,0,,-0.34286558438762416
2024-06-13,163184.3101713684,0.0,0,,-0.34286558438762416
2024-06-14,163184.3101713684,0.0,0,,-0.34286558438762416
2024-06-17,163184.3101713684,0.0,0,,-0.34286558438762416
2024-06-18,163184.3101713684,0.0,0,,-0.34286558438762416
2024-06-19,163184.3101713684,0.0,0,,-0.34286558438762416
2024-06-20,163184.3101713684,0.0,0,,-0.34286558438762416
2024-06-21,163184.3101713684,0.0,0,,-0.34286558438762416
2024-06-24,163184.3101713684,0.0,0,,-0.34286558438762416
2024-06-25,163184.3101713684,0.0,0,,-0.34286558438762416
2024-06-26,163184.3101713684,0.0,0,,-0.34286558438762416
2024-06-27,163184.3101713684,0.0,0,,-0.34286558438762416
2024-06-28,163184.3101713684,0.0,0,,-0.34286558438762416
2024-07-01,163184.3101713684,0.0,0,,-0.34286558438762416
2024-07-02,163184.3101713684,0.0,0,,-0.34286558438762416
2024-07-03,163184.3101713684,0.0,0,,-0.34286558438762416
2024-07-04,163184.3101713684,0.0,0,,-0.34286558438762416
2024-07-05,163184.3101713684,0.0,0,,-0.34286558438762416
2024-07-08,163184.3101713684,0.0,0,,-0.34286558438762416
2024-07-09,163184.3101713684,0.0,0,,-0.34286558438762416
2024-07-10,163184.3101713684,0.0,0,,-0.34286558438762416
2024-07-11,163184.3101713684,0.0,0,,-0.34286558438762416
2024-07-12,163184.3101713684,0.0,0,,-0.34286558438762416
2024-07-15,163184.3101713684,0.0,0,,-0.34286558438762416
2024-07-16,163184.3101713684,0.0,0,,-0.34286558438762416
2024-07-17,163184.3101713684,0.0,0,,-0.34286558438762416
2024-07-18,163184.3101713684,0.0,0,,-0.34286558438762416
2024-07-19,163184.3101713684,0.0,0,,-0.34286558438762416
2024-07-22,163184.3101713684,0.0,0,,-0.34286558438762416
2024-07-23,162693.04203971752,-0.003010510821383261,1,105.99571010044643,-0.34484389465692866
2024-07-24,154875.8805746825,-0.048048529716019805,1,105.99571010044643,-0.376323182253137
2024-07-25,152959.23038862643,-0.01237539492233486,0,,-0.3840414291766595
2024-07-26,152959.23038862643,0.0,0,,-0.3840414291766595
2024-07-29,152959.23038862643,0.0,0,,-0.3840414291766595
2024-07-30,152959.23038862643,0.0,0,,-0.3840414291766595
2024-07-31,152959.23038862643,0.0,0,,-0.3840414291766595
2024-08-01,152959.23038862643,0.0,0,,-0.3840414291766595
2024-08-02,152959.23038862643,0.0,0,,-0.3840414291766595
2024-08-05,152959.23038862643,0.0,0,,-0.3840414291766595
2024-08-06,152959.23038862643,0.0,0,,-0.3840414291766595
2024-08-07,152959.23038862643,0.0,0,,-0.3840414291766595
2024-08-08,152959.23038862643,0.0,0,,-0.3840414291766595
2024-08-09,152959.23038862643,0.0,0,,-0.3840414291766595
2024-08-12,152959.23038862643,0.0,0,,-0.3840414291766595
2024-08-13,152959.23038862643,0.0,0,,-0.3840414291766595
2024-08-14,152959.23038862643,0.0,0,,-0.3840414291766595
2024-08-15,152959.23038862643,0.0,0,,-0.3840414291766595
2024-08-16,153076.7003574928,0.000767982217012575,1,104.93500191824776,-0.38356838394785076
2024-08-19,152473.42822316027,-0.003940979475803075,1,105.02928706577846,-0.3859977282949484
2024-08-20,151857.31780287047,-0.004040772398637649,1,105.8617834363665,-0.38847877172715495
2024-08-21,149822.4399258268,-0.013399932953413574,0,,-0.3966731151856001
2024-08-22,146412.4282364839,-0.02276035346261296,1,107.07785524640765,-0.41040504833747304
2024-08-23,147092.3632736552,0.004643970770521699,1,107.19499942234584,-0.40766698661550516
2024-08-26,146009.5048373955,-0.007361758368414573,1,107.19499942234584,-0.4120275991336767
2024-08-27,147394.5534213586,0.009486016581629952,1,108.37070982796806,-0.40645008318951803
2024-08-28,148326.32158699242,0.006321591564989237,1,109.36428642272949,-0.4026979030420088
2024-08-29,147538.06469641134,-0.005314342607213973,0,,-0.40587217102525097
2024-08-30,146777.59777671387,-0.005154377761849349,1,111.58214242117745,-0.40893453029461424
2024-09-02,145294.00609440508,-0.010107752850443186,1,111.58214242117745,-0.41490887398082743
2024-09-03,138366.4841017093,-0.04767933777113009,1,111.58214242117745,-0.44280563140518636
2024-09-04,136606.7354957627,-0.012718026459739074,0,,-0.44989204412819284
2024-09-05,136606.7354957627,0.0,0,,-0.44989204412819284
2024-09-06,136606.7354957627,0.0,0,,-0.44989204412819284
2024-09-09,136606.7354957627,0.0,0,,-0.44989204412819284
2024-09-10,136606.7354957627,0.0,0,,-0.44989204412819284
2024-09-11,136606.7354957627,0.0,0,,-0.44989204412819284
2024-09-12,136698.28967338096,0.0006702025144367241,1,109.9742843082973,-0.4495233603929558
2024-09-13,136436.30263103204,-0.0019165348957539408,1,109.9742843082973,-0.4505783680820601
2024-09-16,132586.29150347225,-0.028218377758091773,1,109.9742843082973,-0.46608215523998775
2024-09-17,132091.6989262169,-0.0037303447562103687,0,,-0.4680738528724354
2024-09-18,132091.6989262169,0.0,0,,-0.4680738528724354
2024-09-19,132091.6989262169,0.0,0,,-0.4680738528724354
2024-09-20,131751.35963231738,-0.0025765380918418845,1,110.04785592215401,-0.46944438085255635
2024-09-23,132189.80178063325,0.003327799800620257,1,111.04820905412946,-0.4676787979689395
2024-09-24,135993.2742461966,0.028772813139361197,1,114.50035204206195,-0.45236241949277967
2024-09-25,136979.76698926018,0.0072539818497028286,1,115.5414251599993,-0.44838986642356515
2024-09-26,139566.56646547653,0.01888453698727033,1,118.23892566135952,-0.4379729644534879
2024-09-27,132178.83842721354,-0.05293336524181402,1,118.23892566135952,-0.46772294680184534
2024-09-30,129047.43332454945,-0.023690668944624238,0,,-0.480332946255983
2024-10-01,129047.43332454945,0.0,0,,-0.480332946255983
2024-10-02,131795.1261410873,0.02129211519943608,1,110.9821390424456,-0.46926813548231383
2024-10-03,135207.97316812922,0.025895092838171152,1,113.71535382952008,-0.4555247845784528
2024-10-04,135207.97316812922,0.0,1,114.00999695914132,-0.4555247845784528
2024-10-07,139125.61318545515,0.028974918605239264,1,117.37999752589634,-0.4397486595290433
2024-10-08,141671.53876271102,0.018299474259007464,1,119.73393249511719,-0.4294963545455206
2024-10-09,143021.30932160857,0.009527464518884976,1,121.43714278084892,-0.4240609013055585
2024-10-10,142768.9170126324,-0.0017647182099881364,1,121.43714278084892,-0.4250772715208687
2024-10-11,146291.4918178685,0.02467326137190229,1,123.99035290309361,-0.410892052772456
2024-10-14,147794.8946619685,0.010276762000429374,1,125.61927740914481,-0.40483793060623696
2024-10-15,145611.1226612095,-0.014775693069463913,1,125.61927740914481,-0.41363186267018615
2024-10-16,144535.69666479228,-0.007385603357508486,1,125.61927740914481,-0.41796254515398523
2024-10-17,160326.9690113739,0.10925517163559118,1,134.18750626700265,-0.35437194312644127
2024-10-18,157638.378903336,-0.01676941892319539,1,134.18750626700265,-0.3651987504807226
2024-10-21,157276.25881616562,-0.0022971568833021205,1,134.18750626700265,-0.3666569885405846
2024-10-22,155114.4223242475,-0.013745472509267831,1,134.18750626700265,-0.3753625874935369
2024-10-23,156650.74517627212,0.009904448786929088,1,134.18750626700265,-0.36917589823096675
2024-10-24,154455.9886764294,-0.01401050788091085,1,134.18750626700265,-0.3780140642802703
2024-10-25,160414.74453606395,0.03857898881549726,1,134.28713444301061,-0.35401847582274215
2024-10-28,152359.99220036046,-0.05021204477804497,1,134.28713444301061,-0.38645452904052047
2024-10-29,155860.63149675567,0.02297610577317233,1,134.28713444301061,-0.3723576434031045
2024-10-30,153632.9549889884,-0.01429274657990609,1,134.28713444301061,-0.38132837654875906
2024-10-31,151525.990758499,-0.013714272635323654,1,134.28713444301061,-0.3898130078645077
2024-11-01,154313.3241456474,0.018395084389125183,1,134.28713444301061,-0.3785885666510288
2024-11-04,149847.0033756924,-0.028943195894992835,1,134.28713444301061,-0.39657419949783634
2024-11-05,153248.86590365064,0.022702239292895054,1,134.28713444301061,-0.38287508257932945
2024-11-06,151163.85392666538,-0.013605399065701018,1,134.28713444301061,-0.3912713133542254
2024-11-07,157912.72346581635,0.0446460536949862,1,134.28713444301061,-0.3640939797245596
2024-11-08,158538.23710570988,0.003961135152158457,1,134.28713444301061,-0.36157507003417744
2024-11-11,152206.359915158,-0.03993911693574537,1,134.28713444301061,-0.3870731979667774
2024-11-12,151679.62304370146,-0.003460675833455107,1,134.28713444301061,-0.38919433893825073
2024-11-13,149155.64971994972,-0.01664016084101516,1,134.28713444301061,-0.39935824338092074
2024-11-14,150340.82023922435,0.00794586407889919,1,134.28713444301061,-0.39458562562271426
2024-11-18,146828.11246122615,-0.023364963503649472,0,,-0.4087311103846243
2024-11-19,146828.11246122615,0.0,0,,-0.4087311103846243
2024-11-21,146828.11246122615,0.0,0,,-0.4087311103846243
2024-11-22,146828.11246122615,0.0,0,,-0.4087311103846243
2024-11-25,146828.11246122615,0.0,0,,-0.4087311103846243
2024-11-26,146828.11246122615,0.0,0,,-0.4087311103846243
2024-11-27,146828.11246122615,0.0,0,,-0.4087311103846243
2024-11-28,146828.11246122615,0.0,0,,-0.4087311103846243
2024-11-29,146828.11246122615,0.0,0,,-0.4087311103846243
2024-12-02,146828.11246122615,0.0,0,,-0.4087311103846243
2024-12-03,149195.4044050263,0.01612287935953205,1,140.08320890154158,-0.3991981534083112
2024-12-04,151247.33179277298,0.013753288152068333,1,142.2835753304618,-0.390935152489841
2024-12-05,151663.66159778353,0.002752642311607767,1,142.73214558192663,-0.3892586148200716
2024-12-06,152040.34742753764,0.0024836920445261423,1,143.24607903616769,-0.3877417213004374
2024-12-09,150662.4886232712,-0.009062454983688628,1,143.24607903616769,-0.39329028438954283
2024-12-10,144328.30100861966,-0.04204223408581853,1,143.24607903616769,-0.4187977162753781
2024-12-11,144130.03575579214,-0.001373710155540997,1,143.24607903616769,-0.41959611975495426
2024-12-12,141781.9412997808,-0.01629149985080036,0,,-0.4290517694833704
2024-12-13,141781.9412997808,0.0,0,,-0.4290517694833704
2024-12-16,141781.9412997808,0.0,0,,-0.4290517694833704
2024-12-17,141781.9412997808,0.0,0,,-0.4290517694833704
2024-12-18,141781.9412997808,0.0,0,,-0.4290517694833704
2024-12-19,141781.9412997808,0.0,0,,-0.4290517694833704
2024-12-20,141781.9412997808,0.0,0,,-0.4290517694833704
2024-12-23,141781.9412997808,0.0,0,,-0.4290517694833704
2024-12-26,141781.9412997808,0.0,0,,-0.4290517694833704
2024-12-27,141781.9412997808,0.0,0,,-0.4290517694833704
2024-12-30,141781.9412997808,0.0,0,,-0.4290517694833704
2025-01-02,141781.9412997808,0.0,0,,-0.4290517694833704
2025-01-03,141781.9412997808,0.0,0,,-0.4290517694833704
2025-01-06,141781.9412997808,0.0,0,,-0.4290517694833704
2025-01-07,141781.9412997808,0.0,0,,-0.4290517694833704
2025-01-08,141781.9412997808,0.0,0,,-0.4290517694833704
2025-01-09,141781.9412997808,0.0,0,,-0.4290517694833704
2025-01-10,141781.9412997808,0.0,0,,-0.4290517694833704
2025-01-13,141781.9412997808,0.0,0,,-0.4290517694833704
2025-01-14,141781.9412997808,0.0,0,,-0.4290517694833704
2025-01-15,141781.9412997808,0.0,0,,-0.4290517694833704
2025-01-16,141781.9412997808,0.0,0,,-0.4290517694833704
2025-01-17,141781.9412997808,0.0,0,,-0.4290517694833704
2025-01-20,141781.9412997808,0.0,0,,-0.4290517694833704
2025-01-21,141781.9412997808,0.0,0,,-0.4290517694833704
2025-01-22,141781.9412997808,0.0,0,,-0.4290517694833704
2025-01-23,141781.9412997808,0.0,0,,-0.4290517694833704
2025-01-24,141781.9412997808,0.0,0,,-0.4290517694833704
2025-01-27,141781.9412997808,0.0,0,,-0.4290517694833704
2025-01-28,141781.9412997808,0.0,0,,-0.4290517694833704
2025-01-29,141781.9412997808,0.0,0,,-0.4290517694833704
2025-01-30,141781.9412997808,0.0,0,,-0.4290517694833704
2025-01-31,141781.9412997808,0.0,0,,-0.4290517694833704
2025-02-03,141781.9412997808,0.0,0,,-0.4290517694833704
2025-02-04,141781.9412997808,0.0,0,,-0.4290517694833704
2025-02-05,141781.9412997808,0.0,0,,-0.4290517694833704
2025-02-06,141781.9412997808,0.0,0,,-0.4290517694833704
2025-02-07,141781.9412997808,0.0,0,,-0.4290517694833704
2025-02-10,141781.9412997808,0.0,0,,-0.4290517694833704
2025-02-11,141781.9412997808,0.0,0,,-0.4290517694833704
2025-02-12,141781.9412997808,0.0,0,,-0.4290517694833704
2025-02-13,141781.9412997808,0.0,0,,-0.4290517694833704
2025-02-14,141781.9412997808,0.0,0,,-0.4290517694833704
2025-02-17,141781.9412997808,0.0,0,,-0.4290517694833704
2025-02-18,141781.9412997808,0.0,0,,-0.4290517694833704
2025-02-19,141781.9412997808,0.0,0,,-0.4290517694833704
2025-02-20,141781.9412997808,0.0,0,,-0.4290517694833704
2025-02-21,141781.9412997808,0.0,0,,-0.4290517694833704
2025-02-24,141781.9412997808,0.0,0,,-0.4290517694833704
2025-02-25,141781.9412997808,0.0,0,,-0.4290517694833704
2025-02-26,141781.9412997808,0.0,0,,-0.4290517694833704
2025-02-27,141781.9412997808,0.0,0,,-0.4290517694833704
2025-02-28,141781.9412997808,0.0,0,,-0.4290517694833704
2025-03-05,141781.9412997808,0.0,0,,-0.4290517694833704
2025-03-06,141781.9412997808,0.0,0,,-0.4290517694833704
2025-03-07,141781.9412997808,0.0,0,,-0.4290517694833704
2025-03-10,141781.9412997808,0.0,0,,-0.4290517694833704
2025-03-11,141781.9412997808,0.0,0,,-0.4290517694833704
2025-03-12,141781.9412997808,0.0,0,,-0.4290517694833704
2025-03-13,141781.9412997808,0.0,0,,-0.4290517694833704
2025-03-14,141781.9412997808,0.0,0,,-0.4290517694833704
2025-03-17,141781.9412997808,0.0,0,,-0.4290517694833704
2025-03-18,141781.9412997808,0.0,0,,-0.4290517694833704
2025-03-19,141781.9412997808,0.0,0,,-0.4290517694833704
2025-03-20,141781.9412997808,0.0,0,,-0.4290517694833704
2025-03-21,141781.9412997808,0.0,0,,-0.4290517694833704
2025-03-24,141781.9412997808,0.0,0,,-0.4290517694833704
2025-03-25,141781.9412997808,0.0,0,,-0.4290517694833704
2025-03-26,141781.9412997808,0.0,0,,-0.4290517694833704
2025-03-27,141781.9412997808,0.0,0,,-0.4290517694833704
2025-03-28,141781.9412997808,0.0,0,,-0.4290517694833704
2025-03-31,141781.9412997808,0.0,0,,-0.4290517694833704
2025-04-01,141781.9412997808,0.0,0,,-0.4290517694833704
2025-04-02,141781.9412997808,0.0,0,,-0.4290517694833704
2025-04-03,141781.9412997808,0.0,0,,-0.4290517694833704
2025-04-04,141781.9412997808,0.0,0,,-0.4290517694833704
2025-04-07,141781.9412997808,0.0,0,,-0.4290517694833704
2025-04-08,141781.9412997808,0.0,0,,-0.4290517694833704
2025-04-09,141781.9412997808,0.0,0,,-0.4290517694833704
2025-04-10,141781.9412997808,0.0,0,,-0.4290517694833704
2025-04-11,141781.9412997808,0.0,0,,-0.4290517694833704
2025-04-14,141781.9412997808,0.0,0,,-0.4290517694833704
2025-04-15,141781.9412997808,0.0,0,,-0.4290517694833704
2025-04-16,141781.9412997808,0.0,0,,-0.4290517694833704
2025-04-17,141781.9412997808,0.0,0,,-0.4290517694833704
2025-04-22,141781.9412997808,0.0,0,,-0.4290517694833704
2025-04-23,141781.9412997808,0.0,0,,-0.4290517694833704
2025-04-24,141781.9412997808,0.0,0,,-0.4290517694833704
2025-04-25,141781.9412997808,0.0,0,,-0.4290517694833704
2025-04-28,141781.9412997808,0.0,0,,-0.4290517694833704
2025-04-29,141781.9412997808,0.0,0,,-0.4290517694833704
2025-04-30,141781.9412997808,0.0,0,,-0.4290517694833704
2025-05-02,142797.66252658732,0.007163967551120587,1,113.3282173701695,-0.4249615148865795
2025-05-05,143423.06513503336,0.00437964177690664,1,114.60142762320382,-0.4224430523138477
2025-05-06,139852.55576539718,-0.02489494535815795,1,114.60142762320382,-0.436821300967719
2025-05-07,141148.8549033964,0.009269041462308003,1,114.60142762320382,-0.4316011742557
2025-05-08,140443.85528386,-0.004994724328574285,1,114.60142762320382,-0.43444016969897814
2025-05-09,141285.31064044707,0.005991400299332206,1,114.60142762320382,-0.4310516743624224
2025-05-12,150564.09254972925,0.06567407373931089,1,121.18678964887347,-0.39368652007064264
2025-05-13,154634.93094646107,0.02703724591829415,1,124.68464742388043,-0.3772934734102159
2025-05-14,156135.900676901,0.009706537334436938,1,126.82964134216309,-0.37124914926147456
2025-05-15,156238.23597312134,0.0006554245101650924,1,127.11785071236747,-0.37083705054311333
2025-05-16,155783.4008671328,-0.0029111638591899913,1,127.11785071236747,-0.37266864698311364
2025-05-19,154760.013203235,-0.006569298514484512,1,127.11785071236747,-0.37678977390857693
2025-05-20,155840.25959309313,0.006980138909910227,1,127.11785071236747,-0.3724396799603822
2025-05-21,152940.63807758657,-0.018606369901318254,1,127.11785071236747,-0.384116299410429
2025-05-22,157830.1935457755,0.031970282912697545,1,129.48393058776855,-0.36442632326126134
2025-05-23,156044.93018553386,-0.011311291712531868,1,129.48393058776855,-0.3716154825236597
2025-05-26,154794.1249686418,-0.008015673533288692,1,129.48393058776855,-0.3766524076691232
2025-05-27,157830.1935457755,0.019613590488326116,1,129.52321652003698,-0.36442632326126134
2025-05-28,158398.74610368474,0.003602305396301464,1,130.01964432852608,-0.36213679277579824
2025-05-29,157875.6701160355,-0.003302273537612699,1,130.01964432852608,-0.36424319156563156
2025-05-30,157443.5819706005,-0.002736888749972799,1,130.65107890537806,-0.36598318722235423
2025-06-02,156522.51225207598,-0.005850157288066038,1,130.65107890537806,-0.3696922853003818
2025-06-03,157648.25256304123,0.007192194239460381,1,131.0382123674665,-0.36515898978563166
2025-06-04,162151.19645605516,0.028563233780300123,1,134.6464331490653,-0.3470258775975569
2025-06-05,160684.32114017493,-0.009046342845072775,1,134.6464331490653,-0.3529329053777699
2025-06-06,162947.16656695868,0.014082552738980292,1,134.6464331490653,-0.34382054889209357
2025-06-09,163925.07766059646,0.006001399804862029,1,134.94035993303572,-0.33988255366226006
2025-06-10,169963.1030494571,0.036834055380850605,1,139.3610725402832,-0.3155677510859901
2025-06-11,169314.94480503394,-0.0038135232458926804,1,139.3610725402832,-0.3181778493774623
2025-06-12,169656.07980994892,0.0020147955947291685,1,139.3610725402832,-0.3168041171119993
2025-06-13,165494.27092184997,-0.02453085614592221,1,139.3610725402832,-0.3335634970346112
2025-06-16,167586.55752159978,0.012642652752238304,1,139.3610725402832,-0.3251379717462036
2025-06-17,167609.28713130622,0.00013562907456643458,1,139.3610725402832,-0.3250464408338515
2025-06-18,166529.0407414481,-0.006445027052778163,1,139.3610725402832,-0.3293965347820462
2025-06-20,164425.40668769213,-0.012632235461093266,1,139.3610725402832,-0.3378677556557045
2025-06-23,163856.8541297829,-0.0034578145151809014,1,139.3610725402832,-0.34015728614116747
2025-06-24,173385.7832017658,0.05815398521221149,1,141.0496368408203,-0.30178480271703545
2025-06-25,175557.6581371824,0.01252625731654855,1,143.46499797276087,-0.2930387794935444
2025-06-26,174443.2999819175,-0.0063475337224774275,1,143.46499797276087,-0.29752623968119285
2025-06-27,176967.67472710228,0.014471032968571773,1,146.04786137172155,-0.28736071873606284
2025-06-30,175398.4641150017,-0.00886721608633001,1,146.04786137172155,-0.2936798452346371
2025-07-01,174659.35273005854,-0.004213898842686303,1,146.04786137172155,-0.2966562069173688
2025-07-02,179321.47329440605,0.02669264766801782,1,148.7821420942034,-0.27788209885912685
2025-07-03,179435.19074632676,0.0006341541246095428,1,148.84464699881417,-0.27742416481366394
2025-07-04,177195.09228009658,-0.012484164655288121,1,148.84464699881417,-0.2864449205160625
2025-07-07,177388.39806768406,0.0010909206632083723,1,148.84464699881417,-0.28566648853551624
2025-07-08,177195.09228009658,-0.0010897318522135047,1,148.84464699881417,-0.2864449205160625
2025-07-09,181254.54852112808,0.02290952976629068,1,150.0892824445452,-0.27009770918273734
2025-07-10,180765.60164973274,-0.002697570214842626,1,150.0892824445452,-0.27206667186219136
2025-07-11,180799.71341513953,0.00018870717158292472,1,150.0892824445452,-0.27192930562273765
2025-07-14,181391.01293360232,0.0032704671223957593,1,151.3307157244001,-0.2695481743539969
2025-07-15,187485.8970484233,0.03360080533345933,1,156.0567899431501,-0.24500440475499563
2025-07-16,187622.34411005044,0.0007277724019525422,1,156.07500076293945,-0.24445493979718058
2025-07-17,195184.08618990454,0.04030299331202647,1,161.84820829119002,-0.21400421228889177
2025-07-18,190612.93611692413,-0.023419686318755017,1,161.84820829119002,-0.2324119870849487
2025-07-21,188190.8966679597,-0.012706584864097259,1,161.84820829119002,-0.24216540931171748
2025-07-22,183762.36799551736,-0.02353210888970869,0,,-0.259998855420182
2025-07-23,183762.36799551736,0.0,0,,-0.259998855420182
2025-07-24,183762.36799551736,0.0,0,,-0.259998855420182
2025-07-25,183762.36799551736,0.0,0,,-0.259998855420182
2025-07-28,183762.36799551736,0.0,0,,-0.259998855420182
2025-07-29,183762.36799551736,0.0,0,,-0.259998855420182
2025-07-30,183762.36799551736,0.0,0,,-0.259998855420182
2025-07-31,183762.36799551736,0.0,0,,-0.259998855420182
2025-08-01,183762.36799551736,0.0,0,,-0.259998855420182
2025-08-04,183762.36799551736,0.0,0,,-0.259998855420182
2025-08-05,183762.36799551736,0.0,0,,-0.259998855420182
2025-08-06,183762.36799551736,0.0,0,,-0.259998855420182
2025-08-07,183762.36799551736,0.0,0,,-0.259998855420182
2025-08-08,181587.85494891662,-0.011833288122700902,1,153.79285594395228,-0.26875550217512334
2025-08-11,182887.3683788175,0.007156389562872789,1,153.79285594395228,-0.2635224316829812
2025-08-12,181932.16830027185,-0.0052228871081305694,1,153.79285594395228,-0.2673689708799716
2025-08-13,183688.79868409704,0.009655413884398723,0,,-0.26029511506926484
2025-08-14,183688.79868409704,0.0,0,,-0.26029511506926484
2025-08-15,183688.79868409704,0.0,0,,-0.26029511506926484
2025-08-18,183688.79868409704,0.0,0,,-0.26029511506926484
2025-08-19,183688.79868409704,0.0,0,,-0.26029511506926484
2025-08-20,183688.79868409704,0.0,0,,-0.26029511506926484
2025-08-21,183688.79868409704,0.0,0,,-0.26029511506926484
2025-08-22,183688.79868409704,0.0,0,,-0.26029511506926484
2025-08-25,183688.79868409704,0.0,0,,-0.26029511506926484
2025-08-26,183688.79868409704,0.0,0,,-0.26029511506926484
2025-08-27,183688.79868409704,0.0,0,,-0.26029511506926484
2025-08-28,183688.79868409704,0.0,0,,-0.26029511506926484
2025-08-29,183688.79868409704,0.0,0,,-0.26029511506926484
2025-09-01,183688.79868409704,0.0,0,,-0.26029511506926484
2025-09-02,183688.79868409704,0.0,0,,-0.26029511506926484
2025-09-03,183688.79868409704,0.0,0,,-0.26029511506926484
2025-09-04,183688.79868409704,0.0,0,,-0.26029511506926484
2025-09-05,183688.79868409704,0.0,0,,-0.26029511506926484
2025-09-08,186137.08999578404,0.013328473642519212,1,157.87499782017298,-0.2504359780072227
2025-09-09,189738.67378234168,0.01934909257815942,1,161.52393068586076,-0.23593259435242697
2025-09-10,195974.73951848008,0.0328666033751881,1,166.23214776175362,-0.2108202939790993
2025-09-11,193429.17048661565,-0.012989271158716842,1,166.23214776175362,-0.22107116317356112
2025-09-12,192973.4281771688,-0.0023561198566913744,1,166.23214776175362,-0.22290641287295743
2025-09-15,192728.87524934846,-0.0012672880931348107,1,166.23214776175362,-0.22389121432317494
2025-09-16,193129.05122563263,0.0020763675176667107,1,166.23214776175362,-0.2222797272504199
2025-09-17,194040.5528061665,0.004719650279175092,1,166.23214776175362,-0.2186091595480173
2025-09-18,198620.33134236533,0.023602172174667757,1,167.7246426173619,-0.20016663839596138
2025-09-19,195974.73951848008,-0.013319843975715617,1,167.7246426173619,-0.2108202939790993
2025-09-22,201543.83964026478,0.02841743857125789,1,169.7725056239537,-0.1883938281615669
2025-09-23,207524.24257427832,0.0296729631860142,1,174.0578667776925,-0.16431106810306306
2025-09-24,208091.15147333086,0.002731771922259263,1,174.0578667776925,-0.16202815654316416
2025-09-25,206468.22781958512,-0.007799099780336993,1,174.0578667776925,-0.16856358256339699
2025-09-26,201688.3528144241,-0.023150656426119687,1,174.0578667776925,-0.18781188140363558
2025-09-29,202711.02098456366,0.005070536577193918,1,174.0578667776925,-0.1836936518407304
2025-09-30,206823.93037537098,0.020289520376499448,1,174.0578667776925,-0.16713118755628698
2025-10-01,213882.5847743269,0.03412880891560732,1,178.63858141217912,-0.13870636700462657
2025-10-02,213660.26855675573,-0.0010394311337024176,1,178.63858141217912,-0.13960162242202157
2025-10-03,216205.82062697998,0.011914016992579324,1,179.63572147914343,-0.12935082153116995
2025-10-06,223775.8006301856,0.03501284091821977,1,185.4778594970703,-0.098866920349862
2025-10-07,219662.89123937828,-0.01837959859477556,1,185.4778594970703,-0.11542938463430541
2025-10-08,226454.7560002647,0.030919490873335453,1,186.91107995169503,-0.08807891156568515
2025-10-09,223320.0413590986,-0.013842564830753301,1,186.91107995169503,-0.10070223835286829
2025-10-10,215616.6750176783,-0.034494738110106726,1,186.91107995169503,-0.13172327912389126
2025-10-13,229556.10709523698,0.06464913753268764,1,188.08500126429968,-0.07558993797954072
2025-10-14,225098.60502294832,-0.019417919778711656,1,188.08500126429968,-0.09354005840648794
2025-10-15,232457.37868288727,0.03269133391203716,1,190.49857221330916,-0.06390667377796877
2025-10-16,227332.9109962449,-0.02204476242345077,1,190.49857221330916,-0.08454262876071117
2025-10-17,221930.54379722854,-0.02376412273674533,1,190.49857221330916,-0.10629767009109992
2025-10-20,222764.24233435057,0.0037565741193503754,1,190.49857221330916,-0.10294041104816098
2025-10-21,221452.5647775325,-0.0058881871842310085,1,190.49857221330916,-0.10822246582331874
2025-10-22,216761.61965172802,-0.021182618185149216,1,190.49857221330916,-0.12711264883587725
2025-10-23,218340.08684661557,0.007282041892027191,1,190.49857221330916,-0.12075624657767947
2025-10-24,220663.32269926867,0.010640445766082252,1,190.49857221330916,-0.11140070110422262
2025-10-27,222497.46965792123,0.008311970182522055,1,190.49857221330916,-0.10401469022759091
2025-10-28,225098.60502294832,0.011690628972213402,1,190.49857221330916,-0.09354005840648794
2025-10-29,227210.63453233472,0.009382685908564836,1,190.49857221330916,-0.08503502948582009
2025-10-30,227299.56441169124,0.00039139840236601664,1,190.49857221330916,-0.0846769136581399
2025-10-31,224809.5956362698,-0.010954569058968966,1,190.49857221330916,-0.09470388361874049
2025-11-03,226988.31831476357,0.009691413181574404,1,190.6464238848005,-0.08593028490321497
2025-11-04,221052.38880124834,-0.02615081497402838,1,190.6464238848005,-0.10983395289607378
2025-11-05,219785.16770328846,-0.005732673167803903,1,190.6464238848005,-0.1149369839091966
2025-11-06,219455.48995173353,-0.0014999999999999458,0,,-0.11626457843333271
2025-11-07,219455.48995173353,0.0,0,,-0.11626457843333271
2025-11-10,219455.48995173353,0.0,0,,-0.11626457843333271
2025-11-11,219455.48995173353,0.0,0,,-0.11626457843333271
2025-11-12,219455.48995173353,0.0,0,,-0.11626457843333271
2025-11-13,219455.48995173353,0.0,0,,-0.11626457843333271
2025-11-14,219455.48995173353,0.0,0,,-0.11626457843333271
2025-11-17,219455.48995173353,0.0,0,,-0.11626457843333271
2025-11-18,219455.48995173353,0.0,0,,-0.11626457843333271
2025-11-19,219455.48995173353,0.0,0,,-0.11626457843333271
2025-11-21,219455.48995173353,0.0,0,,-0.11626457843333271
2025-11-24,219455.48995173353,0.0,0,,-0.11626457843333271
2025-11-25,219455.48995173353,0.0,0,,-0.11626457843333271
2025-11-26,219455.48995173353,0.0,0,,-0.11626457843333271
2025-11-27,219455.48995173353,0.0,0,,-0.11626457843333271
2025-11-28,219455.48995173353,0.0,0,,-0.11626457843333271
2025-12-01,219455.48995173353,0.0,0,,-0.11626457843333271
2025-12-02,219455.48995173353,0.0,0,,-0.11626457843333271
2025-12-03,219455.48995173353,0.0,0,,-0.11626457843333271
2025-12-04,219455.48995173353,0.0,0,,-0.11626457843333271
2025-12-05,219455.48995173353,0.0,0,,-0.11626457843333271
2025-12-08,222980.89714820866,0.016064338136405176,1,190.46213476998466,-0.10206795379816713
2025-12-09,226845.9233332558,0.017333440821516444,1,194.24678257533483,-0.08650370181358447
2025-12-10,231573.4741981642,0.020840360696996907,1,198.06071036202567,-0.067466109464008
2025-12-11,225022.5981717351,-0.028288542325980326,1,198.06071036202567,-0.0938461338968466
2025-12-12,215920.82542486305,-0.04044826084500919,0,,-0.1304984818387005
2025-12-15,215920.82542486305,0.0,0,,-0.1304984818387005
2025-12-16,215920.82542486305,0.0,0,,-0.1304984818387005
2025-12-17,215920.82542486305,0.0,0,,-0.1304984818387005
2025-12-18,215920.82542486305,0.0,0,,-0.1304984818387005
2025-12-19,215920.82542486305,0.0,0,,-0.1304984818387005
2025-12-22,215920.82542486305,0.0,0,,-0.1304984818387005
2025-12-23,215920.82542486305,0.0,0,,-0.1304984818387005
2025-12-26,215920.82542486305,0.0,0,,-0.1304984818387005
2025-12-29,215920.82542486305,0.0,0,,-0.1304984818387005
2025-12-30,215920.82542486305,0.0,0,,-0.1304984818387005
2026-01-02,215920.82542486305,0.0,0,,-0.1304984818387005
2026-01-05,215920.82542486305,0.0,0,,-0.1304984818387005
2026-01-06,215920.82542486305,0.0,0,,-0.1304984818387005
2026-01-07,215920.82542486305,0.0,0,,-0.1304984818387005
2026-01-08,215920.82542486305,0.0,0,,-0.1304984818387005
2026-01-09,215920.82542486305,0.0,0,,-0.1304984818387005
2026-01-12,215920.82542486305,0.0,0,,-0.1304984818387005
2026-01-13,215920.82542486305,0.0,0,,-0.1304984818387005
2026-01-14,215920.82542486305,0.0,0,,-0.1304984818387005
2026-01-15,215920.82542486305,0.0,0,,-0.1304984818387005
2026-01-16,215920.82542486305,0.0,0,,-0.1304984818387005
2026-01-19,215920.82542486305,0.0,0,,-0.1304984818387005
2026-01-20,215920.82542486305,0.0,0,,-0.1304984818387005
2026-01-21,215920.82542486305,0.0,0,,-0.1304984818387005
2026-01-22,215920.82542486305,0.0,0,,-0.1304984818387005
2026-01-23,215920.82542486305,0.0,0,,-0.1304984818387005
2026-01-26,215920.82542486305,0.0,0,,-0.1304984818387005
2026-01-27,215920.82542486305,0.0,0,,-0.1304984818387005
2026-01-28,215920.82542486305,0.0,0,,-0.1304984818387005
2026-01-29,215920.82542486305,0.0,0,,-0.1304984818387005
2026-01-30,215920.82542486305,0.0,0,,-0.1304984818387005
2026-02-02,215920.82542486305,0.0,0,,-0.1304984818387005
2026-02-03,209616.5643033658,-0.029197096246239784,1,208.21534674508231,-0.1558854013507075
2026-02-04,204839.5230514352,-0.02278942634045411,1,208.21534674508231,-0.17512228881952752
2026-02-05,203978.9709965367,-0.004201103586256694,0,,-0.178587685530191
2026-02-06,209700.61239368643,0.028050153254508103,1,207.21428026471818,-0.1555469442241726
2026-02-09,214283.47063383332,0.021854291162217265,1,212.76606478009904,-0.13709202127042353
2026-02-10,217570.17179918903,0.015338099367318891,1,216.4839254106794,-0.123856652947817
2026-02-11,223763.98022690712,0.02846809549534579,1,222.27214431762695,-0.09891452047632354
2026-02-12,223856.554802505,0.0004137152704559721,1,222.27214431762695,-0.09854172765345848
2026-02-13,221458.65715061506,-0.010711759832118695,1,222.27214431762695,-0.10819793216551121
2026-02-18,218884.8494399208,-0.011622068623597825,1,222.27214431762695,-0.11856251699655007
2026-02-19,217949.76570218237,-0.004272034999823426,1,222.27214431762695,-0.12232804877409709
2026-02-20,223125.15490895556,0.02374578926524329,1,222.27214431762695,-0.10148703557627181
2026-02-23,221838.2510536084,-0.005767632322192795,1,222.27214431762695,-0.10666932799179141
2026-02-24,230902.12561180766,0.04085803289176182,1,228.96785136631556,-0.07016959401166034
2026-02-25,231124.33002193726,0.0009623315919715658,1,230.07750156947546,-0.06927478883680205
2026-02-26,224375.03175947405,-0.02920202413057338,1,230.07750156947546,-0.09645384891212272
2026-02-27,221875.27805843705,-0.011140961993118204,1,230.07750156947546,-0.10652022224042113
2026-03-02,219875.49487548106,-0.009013096008061328,1,230.07750156947546,-0.11457324125862944
2026-03-03,212693.25336716408,-0.032665038513656985,0,,-0.14349574043393876
2026-03-04,212693.25336716408,0.0,0,,-0.14349574043393876
2026-03-05,212693.25336716408,0.0,0,,-0.14349574043393876
2026-03-06,212693.25336716408,0.0,0,,-0.14349574043393876
2026-03-09,212693.25336716408,0.0,0,,-0.14349574043393876
2026-03-10,212693.25336716408,0.0,0,,-0.14349574043393876
2026-03-11,212693.25336716408,0.0,0,,-0.14349574043393876
2026-03-12,212693.25336716408,0.0,0,,-0.14349574043393876
2026-03-13,212693.25336716408,0.0,0,,-0.14349574043393876
2026-03-16,212693.25336716408,0.0,0,,-0.14349574043393876
2026-03-17,212693.25336716408,0.0,0,,-0.14349574043393876
2026-03-18,212693.25336716408,0.0,0,,-0.14349574043393876
2026-03-19,212693.25336716408,0.0,0,,-0.14349574043393876
2026-03-20,212693.25336716408,0.0,0,,-0.14349574043393876
2026-03-23,212693.25336716408,0.0,0,,-0.14349574043393876
2026-03-24,212693.25336716408,0.0,0,,-0.14349574043393876
2026-03-25,212693.25336716408,0.0,0,,-0.14349574043393876
2026-03-26,212693.25336716408,0.0,0,,-0.14349574043393876
2026-03-27,212693.25336716408,0.0,0,,-0.14349574043393876
2026-03-30,212693.25336716408,0.0,0,,-0.14349574043393876
2026-03-31,212693.25336716408,0.0,0,,-0.14349574043393876
2026-04-01,212693.25336716408,0.0,0,,-0.14349574043393876
2026-04-02,212693.25336716408,0.0,0,,-0.14349574043393876
2026-04-06,212693.25336716408,0.0,0,,-0.14349574043393876
2026-04-07,212693.25336716408,0.0,0,,-0.14349574043393876
2026-04-08,212693.25336716408,0.0,0,,-0.14349574043393876
2026-04-09,211643.3077789495,-0.004936431088399917,1,213.12500217982702,-0.1477238146882076
2026-04-10,212392.97975519407,0.003542148268763423,1,213.65393611363,-0.14470492607389718
2026-04-13,210911.92422773017,-0.006973184938461663,1,213.65393611363,-0.15066905680133902
2026-04-14,216479.55692454596,0.026397903851107962,1,218.6828487941197,-0.1282485002250099
2026-04-15,215080.79233470515,-0.006461416540723741,1,218.6828487941197,-0.13388124978505678
2026-04-16,206596.77662051507,-0.03944571536163677,1,218.6828487941197,-0.16804592347541203
2026-04-17,210802.2215775406,0.02035581109162332,1,218.6828487941197,-0.15111082345677151
2026-04-20,208937.19282443222,-0.008847291737019702,1,218.6828487941197,-0.15862119365404792
2026-04-22,220703.29030659673,0.05631404022955078,1,223.81893048967635,-0.11123975370519046
2026-04-23,218280.58316505645,-0.010977213516729645,1,223.81893048967635,-0.12099586469394974
2026-04-24,228547.35064471271,0.04703472627197858,1,230.8525003705706,-0.07965214579789259
2026-04-27,229936.96404705042,0.006080199129054664,1,231.43498938424247,-0.07405624757634566
2026-04-28,223528.24514882572,-0.027871633970575238,1,231.43498938424247,-0.09986381292123869
2026-04-29,225466.39970207316,0.008670736675613577,1,231.43498938424247,-0.09205896907088795
2026-04-30,224140.77486235238,-0.0058794784565346925,1,231.43498938424247,-0.09739718880203962
2026-05-04,228300.50573180526,0.018558563795487037,1,231.43498938424247,-0.08064617694843623
2026-05-05,221425.52267031296,-0.030113744336460857,1,231.43498938424247,-0.1083313629305589
2026-05-06,235870.29549446638,0.0652353561141219,1,235.5089236668178,-0.050163041855540325
2026-05-07,234041.8435914085,-0.007751937984496027,1,235.5089236668178,-0.05752611905045857
2026-05-08,230375.8025477706,-0.01566404104232788,1,235.5089236668178,-0.07228906860297413
2026-05-11,225374.98547690883,-0.021707214974649114,1,235.5089236668178,-0.09242708922514142
2026-05-12,221516.95084545822,-0.0171182912038208,1,235.5089236668178,-0.10796318660048465
2026-05-13,229287.87143345422,0.0350804783035199,1,235.5089236668178,-0.07667010852208189
2026-05-14,238978.6581496724,0.042264715772507566,1,236.87498910086495,-0.03764583309450753
2026-05-15,233721.858928381,-0.021996940069849535,1,236.87498910086495,-0.05881468002989765
2026-05-18,225941.80110286287,-0.03328767733232074,1,236.87498910086495,-0.09014455327097937
2026-05-19,226682.32189160437,0.0032774846669667568,1,236.87498910086495,-0.08716251599516878
2026-05-20,230293.51161014749,0.015930619063757145,1,236.87498910086495,-0.07262044977036941
2026-05-21,233356.1741277618,0.01329895269823722,1,236.87498910086495,-0.060287272998552965
2026-05-22,234188.12309164857,0.003565146570457811,1,236.87498910086495,-0.05693705939266813
2026-05-25,234956.06954293745,0.0032791861566281444,1,236.87498910086495,-0.053844580452999447
2026-05-26,236327.40847023088,0.005836575875486361,1,238.65536172049386,-0.04832227255681065
2026-05-27,245204.53464758754,0.03756282961345492,1,247.2260638645717,-0.012574564233941987
2026-05-28,244555.4420339913,-0.002647147674202377,1,247.2260638645717,-0.015188425179678444
2026-05-29,241840.18984195188,-0.011102808301693856,1,247.2260638645717,-0.026122599308197714
2026-06-01,250863.59551954863,0.03731143977141982,1,252.48927743094308,0.0
2026-06-02,255946.68957805258,0.020262382223999786,1,258.4689189365932,0.0
2026-06-03,254063.3863498999,-0.007358185531750605,1,258.4689189365932,-0.007358185531750605
2026-06-05,249839.66691783012,-0.01662466793327244,1,258.4689189365932,-0.02386052607396616
2026-06-08,252143.50627169677,0.00922127131487227,1,258.4689189365932,-0.014859279143737525
2026-06-09,254154.8145250452,0.007976839392330515,1,258.4689189365932,-0.007000969834622284
2026-06-10,244098.32905822684,-0.039568345323741094,1,258.4689189365932,-0.04629229836634596
2026-06-11,245423.96784792858,0.005430757329705216,1,258.4689189365932,-0.04111294327530279
2026-06-12,247709.5327267509,0.00931272075365741,1,258.4689189365932,-0.032183095881729296
2026-06-15,254520.49932566436,0.027495779124603326,1,258.4689189365932,-0.005572216053035928
2026-06-16,248075.2175273701,-0.025323232570149012,1,258.4689189365932,-0.030754342100142718
2026-06-17,254950.18663888145,0.027713244313704255,1,258.4689189365932,-0.003893400382766976
2026-06-18,271881.669117173,0.06641094364945022,1,269.745361328125,0.0
2026-06-19,276754.48116283905,0.0179225471930069,1,275.5610678536551,0.0
2026-06-22,276443.6476873146,-0.0011231380038307925,1,276.82464490618025,-0.0011231380038307925
2026-06-23,259457.31388392826,-0.061445918347161954,1,276.82464490618025,-0.06250004410491672
2026-06-24,264147.29747926566,0.018076127919198104,1,276.82464490618025,-0.04555367497791474
2026-06-25,257720.29015601566,-0.024331149266270558,1,276.82464490618025,-0.06877645097867047
2026-06-26,250943.72743257013,-0.02629425381813444,0,,-0.0932622793380613
2026-06-29,250943.72743257013,0.0,0,,-0.0932622793380613
2026-06-30,250943.72743257013,0.0,0,,-0.0932622793380613
2026-07-01,250943.72743257013,0.0,0,,-0.0932622793380613
2026-07-02,250943.72743257013,0.0,0,,-0.0932622793380613
2026-07-03,250943.72743257013,0.0,0,,-0.0932622793380613
2026-07-06,250943.72743257013,0.0,0,,-0.0932622793380613
2026-07-07,250943.72743257013,0.0,0,,-0.0932622793380613
2026-07-08,250943.72743257013,0.0,0,,-0.0932622793380613
2026-07-09,245234.22510407816,-0.0227521221068423,1,254.86248561314173,-0.11389248667744156
2026-07-10,244594.877679679,-0.0026070888927832714,1,254.86248561314173,-0.11620264773323663
2026-07-13,238157.7040485841,-0.026317695988404943,1,254.86248561314173,-0.1394621577655506
2026-07-14,240135.37154292077,0.008304024857130887,0,,-0.13231623013313387
2026-07-15,240135.37154292077,0.0,0,,-0.13231623013313387
2026-07-16,240135.37154292077,0.0,0,,-0.13231623013313387
2026-07-17,240135.37154292077,0.0,0,,-0.13231623013313387
2026-07-20,240135.37154292077,0.0,0,,-0.13231623013313387
2026-07-21,240135.37154292077,0.0,0,,-0.13231623013313387
2026-07-22,240135.37154292077,0.0,0,,-0.13231623013313387
2026-07-23,240135.37154292077,0.0,0,,-0.13231623013313387
2026-07-24,240135.37154292077,0.0,0,,-0.13231623013313387
2026-07-27,240135.37154292077,0.0,0,,-0.13231623013313387
2026-07-28,240135.37154292077,0.0,0,,-0.13231623013313387
2026-07-29,240135.37154292077,0.0,0,,-0.13231623013313387
2026-07-30,240135.37154292077,0.0,0,,-0.13231623013313387
2026-07-31,240135.37154292077,0.0,0,,-0.13231623013313387
2026-08-03,240135.37154292077,0.0,0,,-0.13231623013313387
2026-08-04,240135.37154292077,0.0,0,,-0.13231623013313387
2026-08-05,240135.37154292077,0.0,0,,-0.13231623013313387
2026-08-06,240135.37154292077,0.0,0,,-0.13231623013313387
2026-08-07,240135.37154292077,0.0,0,,-0.13231623013313387
2026-08-10,240135.37154292077,0.0,0,,-0.13231623013313387
2026-08-11,240135.37154292077,0.0,0,,-0.13231623013313387
2026-08-12,238913.20543425524,-0.005089488070053383,1,255.63213566371374,-0.1367322963284502
2026-08-13,240810.72156557773,0.007942282335852813,1,257.46250752040316,-0.12987598049446736
2026-08-14,241586.96859330463,0.0032234737003415947,1,260.1357198442732,-0.12707115860155582
2026-08-17,242363.2156210315,0.0032131163044379907,1,262.04285376412525,-0.1242663367086444
2026-08-18,233789.9382011734,-0.035373674168705516,1,262.04285376412525,-0.15524425397247965
2026-08-19,231340.43412714094,-0.010477371664834867,1,262.04285376412525,-0.16409507388961486
2026-08-20,233565.67911615653,0.009618919396479741,1,262.04285376412525,-0.1560545717822388
2026-08-21,234221.18947452045,0.0028065354500903528,1,262.04285376412525,-0.15368600902000396
2026-08-24,225673.60977146597,-0.03649362264033895,0,,-0.18457107244206716
2026-08-25,225673.60977146597,0.0,0,,-0.18457107244206716
2026-08-26,225673.60977146597,0.0,0,,-0.18457107244206716
2026-08-27,225673.60977146597,0.0,0,,-0.18457107244206716
2026-08-28,225673.60977146597,0.0,0,,-0.18457107244206716
2026-08-31,225673.60977146597,0.0,0,,-0.18457107244206716
2026-09-01,225673.60977146597,0.0,0,,-0.18457107244206716
2026-09-02,225673.60977146597,0.0,0,,-0.18457107244206716
2026-09-03,226624.97720039854,0.004215678695865144,1,248.28926740373885,-0.1811334860841689
2026-09-04,230198.5571708732,0.015768694230533287,0,,-0.16822103041060754
2026-09-08,230044.10300218192,-0.0006709606289001524,1,261.0367867606027,-0.16877912135114914
2026-09-09,230581.9514882839,0.0023380233576206777,1,262.1814215523856,-0.1668357075215262
2026-09-10,225162.02762234857,-0.023505412418242666,1,262.1814215523856,-0.18641957782838603
2026-09-11,226385.8634058649,0.005435356025346394,0,,-0.1819974785786318
2026-09-14,226385.8634058649,0.0,0,,-0.1819974785786318
2026-09-15,226385.8634058649,0.0,0,,-0.1819974785786318
2026-09-16,226385.8634058649,0.0,0,,-0.1819974785786318
2026-09-17,226385.8634058649,0.0,0,,-0.1819974785786318
2026-09-18,227704.69738656018,0.005825602185816958,1,262.7224818638393,-0.17723212130183563
2026-09-21,230739.2270653709,0.013326601135764893,0,,-0.1662674219551058
