timestamp,equity,daily_return,position,stop_price,drawdown
2020-01-02,100000.0,0.0,0,,0.0
2020-01-03,100000.0,0.0,0,,0.0
2020-01-06,100000.0,0.0,0,,0.0
2020-01-07,100000.0,0.0,0,,0.0
2020-01-08,100000.0,0.0,0,,0.0
2020-01-09,100000.0,0.0,0,,0.0
2020-01-10,100000.0,0.0,0,,0.0
2020-01-13,100000.0,0.0,0,,0.0
2020-01-14,100000.0,0.0,0,,0.0
2020-01-15,100000.0,0.0,0,,0.0
2020-01-16,100000.0,0.0,0,,0.0
2020-01-17,100000.0,0.0,0,,0.0
2020-01-21,100000.0,0.0,0,,0.0
2020-01-22,100000.0,0.0,0,,0.0
2020-01-23,100000.0,0.0,0,,0.0
2020-01-24,100000.0,0.0,0,,0.0
2020-01-27,100000.0,0.0,0,,0.0
2020-01-28,100000.0,0.0,0,,0.0
2020-01-29,100000.0,0.0,0,,0.0
2020-01-30,100000.0,0.0,0,,0.0
2020-01-31,100000.0,0.0,0,,0.0
2020-02-03,100000.0,0.0,0,,0.0
2020-02-04,100000.0,0.0,0,,0.0
2020-02-05,100000.0,0.0,0,,0.0
2020-02-06,100000.0,0.0,0,,0.0
2020-02-07,100000.0,0.0,0,,0.0
2020-02-10,100000.0,0.0,0,,0.0
2020-02-11,100000.0,0.0,0,,0.0
2020-02-12,100000.0,0.0,0,,0.0
2020-02-13,100000.0,0.0,0,,0.0
2020-02-14,100000.0,0.0,0,,0.0
2020-02-18,100000.0,0.0,0,,0.0
2020-02-19,100000.0,0.0,0,,0.0
2020-02-20,100000.0,0.0,0,,0.0
2020-02-21,100000.0,0.0,0,,0.0
2020-02-24,100000.0,0.0,0,,0.0
2020-02-25,100000.0,0.0,0,,0.0
2020-02-26,100000.0,0.0,0,,0.0
2020-02-27,100000.0,0.0,0,,0.0
2020-02-28,100000.0,0.0,0,,0.0
2020-03-02,100000.0,0.0,0,,0.0
2020-03-03,100000.0,0.0,0,,0.0
2020-03-04,100000.0,0.0,0,,0.0
2020-03-05,100000.0,0.0,0,,0.0
2020-03-06,100000.0,0.0,0,,0.0
2020-03-09,100000.0,0.0,0,,0.0
2020-03-10,100000.0,0.0,0,,0.0
2020-03-11,100000.0,0.0,0,,0.0
2020-03-12,100000.0,0.0,0,,0.0
2020-03-13,100000.0,0.0,0,,0.0
2020-03-16,100000.0,0.0,0,,0.0
2020-03-17,100000.0,0.0,0,,0.0
2020-03-18,100000.0,0.0,0,,0.0
2020-03-19,100000.0,0.0,0,,0.0
2020-03-20,100000.0,0.0,0,,0.0
2020-03-23,100000.0,0.0,0,,0.0
2020-03-24,100000.0,0.0,0,,0.0
2020-03-25,100000.0,0.0,0,,0.0
2020-03-26,100000.0,0.0,0,,0.0
2020-03-27,100000.0,0.0,0,,0.0
2020-03-30,100000.0,0.0,0,,0.0
2020-03-31,100000.0,0.0,0,,0.0
2020-04-01,100000.0,0.0,0,,0.0
2020-04-02,100000.0,0.0,0,,0.0
2020-04-03,100000.0,0.0,0,,0.0
2020-04-06,100000.0,0.0,0,,0.0
2020-04-07,100000.0,0.0,0,,0.0
2020-04-08,100000.0,0.0,0,,0.0
2020-04-09,100000.0,0.0,0,,0.0
2020-04-13,101688.62188300655,0.01688621883006558,1,58.76512774591822,0.0
2020-04-14,104044.30564288847,0.023165657241300375,0,,0.0
2020-04-15,104635.26286902663,0.005679861309916268,1,62.14435012236438,0.0
2020-04-16,105466.66988136346,0.007945763115991822,1,63.004299929036314,0.0
2020-04-17,104035.59741209637,-0.013568954731166372,1,63.004299929036314,-0.013568954731166372
2020-04-20,101876.18270358993,-0.02075649837384752,1,63.004299929036314,-0.034043809118201596
2020-04-21,98727.15067959289,-0.030910384944037417,1,63.004299929036314,-0.06390188681743403
2020-04-22,101570.84007673238,0.02880351937197445,1,63.004299929036314,-0.03693896668031138
2020-04-23,101177.22271026578,-0.0038752989161972007,1,63.004299929036314,-0.040671116058966894
2020-04-24,104098.16705022949,0.028869584099261214,1,63.004299929036314,-0.012975690165180742
2020-04-27,104171.76812168048,0.0007070352296931759,1,63.217433177130026,-0.012277829205563973
2020-04-28,102483.20244939877,-0.016209436613472183,1,63.217433177130026,-0.028288249124777565
2020-04-29,105849.2674510452,0.03284504115011866,1,64.39997144549942,0.0
2020-04-30,108082.28323100264,0.021096185488389763,1,65.80243746195475,0.0
2020-05-01,106342.2491731039,-0.016099160804919244,1,65.80243746195475,-0.016099160804919244
2020-05-04,107846.85289462376,0.014148691918963063,1,65.80243746195475,-0.0021782509523387006
2020-05-05,109465.49463989378,0.01500870634446394,1,66.74938945003917,0.0
2020-05-06,110594.88999020956,0.010317363969633897,1,67.4971893488978,0.0
2020-05-07,111738.9939182825,0.010344998111343262,1,68.48635265786784,0.0
2020-05-08,114398.57008973068,0.023801683532189255,1,70.16546679775871,0.0
2020-05-11,116198.66029462682,0.015735250916897092,1,71.43110924313599,0.0
2020-05-12,114870.72241765542,-0.011428168565836838,1,71.43110924313599,-0.011428168565836838
2020-05-13,113483.7640451268,-0.012074080699917777,1,71.43110924313599,-0.02336426463623842
2020-05-14,114180.93201236344,0.0061433278416762604,1,71.43110924313599,-0.017364471132002235
2020-05-15,113505.88509442771,-0.005912080993196289,1,71.43110924313599,-0.023173891965462157
2020-05-18,116180.19311669913,0.023560963557498482,1,71.43110924313599,-0.0001589276320473898
2020-05-19,115508.88152586788,-0.0057781931052304225,1,71.43110924313599,-0.005936202422729964
2020-05-20,117755.3142284155,0.019448138297872175,1,72.21690178909205,0.0
2020-05-21,116877.38435700184,-0.007455543532504216,1,72.21690178909205,-0.007455543532504216
2020-05-22,117629.88403882338,0.006438368602800226,1,72.63410614499858,-0.0010651764671004704
2020-05-26,116833.1422584,-0.006773293937452296,1,72.63410614499858,-0.007831255651245872
2020-05-27,117342.15912298192,0.004356784853531748,1,72.63410614499858,-0.0035085898937194937
2020-05-28,117393.82532966055,0.00044030386917026654,1,72.63410614499858,-0.0030698308702548083
2020-05-29,117279.44984645238,-0.0009742887488928265,1,72.63410614499858,-0.004041128717469755
2020-06-01,118721.75157009893,0.012297991894870686,1,73.53401232009125,0.0
2020-06-02,119271.35666190949,0.004629354642616157,1,74.07876522922163,0.0
2020-06-03,119927.9364019175,0.005504923884358748,1,74.89102111797376,0.0
2020-06-04,118895.1359123313,-0.008611842416140214,1,74.89102111797376,-0.008611842416140214
2020-06-05,122281.3786622617,0.028480919122101822,1,76.57742013730957,0.0
2020-06-08,123004.35645977159,0.005912411238891302,1,77.15983233601986,0.0
2020-06-09,126888.59627749908,0.031578067066249105,1,79.3571169206751,0.0
2020-06-10,130153.09761880967,0.025727302823740583,1,81.30743767721194,0.0
2020-06-11,123826.00948017307,-0.04861265889473698,0,,-0.04861265889473698
2020-06-12,123826.00948017307,0.0,0,,-0.04861265889473698
2020-06-15,123826.00948017307,0.0,0,,-0.04861265889473698
2020-06-16,123826.00948017307,0.0,0,,-0.04861265889473698
2020-06-17,123826.00948017307,0.0,0,,-0.04861265889473698
2020-06-18,123826.00948017307,0.0,0,,-0.04861265889473698
2020-06-19,123826.00948017307,0.0,0,,-0.04861265889473698
2020-06-22,123826.00948017307,0.0,0,,-0.04861265889473698
2020-06-23,123826.00948017307,0.0,0,,-0.04861265889473698
2020-06-24,123826.00948017307,0.0,0,,-0.04861265889473698
2020-06-25,123826.00948017307,0.0,0,,-0.04861265889473698
2020-06-26,123826.00948017307,0.0,0,,-0.04861265889473698
2020-06-29,123826.00948017307,0.0,0,,-0.04861265889473698
2020-06-30,123826.00948017307,0.0,0,,-0.04861265889473698
2020-07-01,123826.00948017307,0.0,0,,-0.04861265889473698
2020-07-02,123826.00948017307,0.0,0,,-0.04861265889473698
2020-07-06,123826.00948017307,0.0,0,,-0.04861265889473698
2020-07-07,123826.00948017307,0.0,0,,-0.04861265889473698
2020-07-08,123826.00948017307,0.0,0,,-0.04861265889473698
2020-07-09,123826.00948017307,0.0,0,,-0.04861265889473698
2020-07-10,123826.00948017307,0.0,0,,-0.04861265889473698
2020-07-13,123826.00948017307,0.0,0,,-0.04861265889473698
2020-07-14,123826.00948017307,0.0,0,,-0.04861265889473698
2020-07-15,123826.00948017307,0.0,0,,-0.04861265889473698
2020-07-16,123826.00948017307,0.0,0,,-0.04861265889473698
2020-07-17,123826.00948017307,0.0,0,,-0.04861265889473698
2020-07-20,123826.00948017307,0.0,0,,-0.04861265889473698
2020-07-21,123826.00948017307,0.0,0,,-0.04861265889473698
2020-07-22,123826.00948017307,0.0,0,,-0.04861265889473698
2020-07-23,123826.00948017307,0.0,0,,-0.04861265889473698
2020-07-24,123826.00948017307,0.0,0,,-0.04861265889473698
2020-07-27,123826.00948017307,0.0,0,,-0.04861265889473698
2020-07-28,123826.00948017307,0.0,0,,-0.04861265889473698
2020-07-29,123826.00948017307,0.0,0,,-0.04861265889473698
2020-07-30,123826.00948017307,0.0,0,,-0.04861265889473698
2020-07-31,123826.00948017307,0.0,0,,-0.04861265889473698
2020-08-03,123826.00948017307,0.0,0,,-0.04861265889473698
2020-08-04,123826.00948017307,0.0,0,,-0.04861265889473698
2020-08-05,123826.00948017307,0.0,0,,-0.04861265889473698
2020-08-06,123826.00948017307,0.0,0,,-0.04861265889473698
2020-08-07,123826.00948017307,0.0,0,,-0.04861265889473698
2020-08-10,123826.00948017307,0.0,0,,-0.04861265889473698
2020-08-11,123826.00948017307,0.0,0,,-0.04861265889473698
2020-08-12,123826.00948017307,0.0,0,,-0.04861265889473698
2020-08-13,123826.00948017307,0.0,0,,-0.04861265889473698
2020-08-14,123826.00948017307,0.0,0,,-0.04861265889473698
2020-08-17,123826.00948017307,0.0,0,,-0.04861265889473698
2020-08-18,123826.00948017307,0.0,0,,-0.04861265889473698
2020-08-19,123826.00948017307,0.0,0,,-0.04861265889473698
2020-08-20,123826.00948017307,0.0,0,,-0.04861265889473698
2020-08-21,123826.00948017307,0.0,0,,-0.04861265889473698
2020-08-24,123826.00948017307,0.0,0,,-0.04861265889473698
2020-08-25,123826.00948017307,0.0,0,,-0.04861265889473698
2020-08-26,123826.00948017307,0.0,0,,-0.04861265889473698
2020-08-27,123826.00948017307,0.0,0,,-0.04861265889473698
2020-08-28,123826.00948017307,0.0,0,,-0.04861265889473698
2020-08-31,123826.00948017307,0.0,0,,-0.04861265889473698
2020-09-01,123826.00948017307,0.0,0,,-0.04861265889473698
2020-09-02,123826.00948017307,0.0,0,,-0.04861265889473698
2020-09-03,123826.00948017307,0.0,0,,-0.04861265889473698
2020-09-04,123826.00948017307,0.0,0,,-0.04861265889473698
2020-09-08,123826.00948017307,0.0,0,,-0.04861265889473698
2020-09-09,123826.00948017307,0.0,0,,-0.04861265889473698
2020-09-10,123826.00948017307,0.0,0,,-0.04861265889473698
2020-09-11,123826.00948017307,0.0,0,,-0.04861265889473698
2020-09-14,123826.00948017307,0.0,0,,-0.04861265889473698
2020-09-15,120725.33494458745,-0.025040575470390958,1,99.29430570864898,-0.07243594541125797
2020-09-16,117162.30913441625,-0.02951348871226256,1,99.29430570864898,-0.09981159666626327
2020-09-17,114472.20563081451,-0.022960485530508667,0,,-0.1204803594757391
2020-09-18,114472.20563081451,0.0,0,,-0.1204803594757391
2020-09-21,114472.20563081451,0.0,0,,-0.1204803594757391
2020-09-22,114472.20563081451,0.0,0,,-0.1204803594757391
2020-09-23,114472.20563081451,0.0,0,,-0.1204803594757391
2020-09-24,114472.20563081451,0.0,0,,-0.1204803594757391
2020-09-25,114472.20563081451,0.0,0,,-0.1204803594757391
2020-09-28,114472.20563081451,0.0,0,,-0.1204803594757391
2020-09-29,114472.20563081451,0.0,0,,-0.1204803594757391
2020-09-30,114472.20563081451,0.0,0,,-0.1204803594757391
2020-10-01,114472.20563081451,0.0,0,,-0.1204803594757391
2020-10-02,114472.20563081451,0.0,0,,-0.1204803594757391
2020-10-05,114472.20563081451,0.0,0,,-0.1204803594757391
2020-10-06,114472.20563081451,0.0,0,,-0.1204803594757391
2020-10-07,114759.47235951084,0.0025094888939485305,1,101.81796188998786,-0.11827321470583385
2020-10-08,115752.35437745602,0.008651852413844807,0,,-0.11064464469013491
2020-10-09,117273.37148511269,0.013140269291601614,1,105.03239386249028,-0.09895827582543537
2020-10-12,124722.63033147168,0.06352046293224078,1,111.45257694188226,-0.04172368838460272
2020-10-13,121414.06824411241,-0.0265273597787844,1,111.45257694188226,-0.0671442288703108
2020-10-14,121504.29049045141,0.0007430954883878016,1,111.45257694188226,-0.06645102795546787
2020-10-15,121023.06045095042,-0.003960601206414283,1,111.45257694188226,-0.07014844314039426
2020-10-16,119328.68019263294,-0.014000474388963235,1,111.45257694188226,-0.08316680604774473
2020-10-19,116280.78470553542,-0.025542019589735454,1,111.45257694188226,-0.10658457744819305
2020-10-20,117814.7523197628,0.013191926921648722,1,111.45257694188226,-0.09479870648321576
2020-10-21,117173.08595786367,-0.005446400805202867,1,111.45257694188226,-0.09972879553709624
2020-10-22,115127.08832412334,-0.017461327548171646,0,,-0.11544872592041
2020-10-23,115127.08832412334,0.0,0,,-0.11544872592041
2020-10-26,115127.08832412334,0.0,0,,-0.11544872592041
2020-10-27,115127.08832412334,0.0,0,,-0.11544872592041
2020-10-28,115127.08832412334,0.0,0,,-0.11544872592041
2020-10-29,115127.08832412334,0.0,0,,-0.11544872592041
2020-10-30,115127.08832412334,0.0,0,,-0.11544872592041
2020-11-02,115127.08832412334,0.0,0,,-0.11544872592041
2020-11-03,115127.08832412334,0.0,0,,-0.11544872592041
2020-11-04,115127.08832412334,0.0,0,,-0.11544872592041
2020-11-05,115127.08832412334,0.0,0,,-0.11544872592041
2020-11-06,115314.13519938196,0.0016246990867345712,1,105.60580261270319,-0.11401159627324298
2020-11-09,113011.53651280388,-0.019968052334579878,1,105.60580261270319,-0.13170305908668978
2020-11-10,112095.05994031392,-0.008109584213874754,0,,-0.13874458625167607
2020-11-11,112095.05994031392,0.0,0,,-0.13874458625167607
2020-11-12,112095.05994031392,0.0,0,,-0.13874458625167607
2020-11-13,112095.05994031392,0.0,0,,-0.13874458625167607
2020-11-16,113226.02591689971,0.010089347177190344,1,106.83068055008805,-0.13005508137413446
2020-11-17,112369.54276042436,-0.007564366492063934,1,106.83068055008805,-0.13663566356652923
2020-11-18,111089.50381914986,-0.011391333539583659,1,106.83068055008805,-0.14647053468902416
2020-11-19,111663.62631465874,0.0051681074788445525,1,107.47583252183318,-0.1420594026759363
2020-11-20,110440.06098491249,-0.010957599803344653,1,107.47583252183318,-0.15146037239645582
2020-11-23,107155.27910279544,-0.02974266631893474,1,107.47583252183318,-0.17669820339866116
2020-11-24,107050.92622334443,-0.0009738473020157734,0,,-0.17749997363202608
2020-11-25,107050.92622334443,0.0,0,,-0.17749997363202608
2020-11-27,106908.9265563136,-0.0013264683645480835,1,106.75681637105738,-0.1785909938968432
2020-11-30,109164.673864337,0.021099709637765418,1,109.41545947808686,-0.16125950237422104
2020-12-01,112529.92972682959,0.030827334002524687,1,112.81190204203264,-0.13540336891246751
2020-12-02,112860.04752555159,0.0029335999722328587,1,113.36596896355363,-0.13286698825951637
2020-12-03,112731.67558784292,-0.001137443590741083,1,113.36596896355363,-0.1338533031460406
2020-12-04,112098.96782255605,-0.005612510964532413,1,113.36596896355363,-0.1387145609790269
2020-12-07,113474.41541313169,0.012269939833459143,1,114.24004349350994,-0.1281466404628051
2020-12-08,114052.10354529823,0.005090910845967578,1,114.82044795156676,-0.1237081127386439
2020-12-09,111667.96988708859,-0.02090389904349932,1,114.82044795156676,-0.14202602988259283
2020-12-10,113006.76654720581,0.011989083901775333,1,114.82044795156676,-0.1317397079693159
2020-12-11,112245.6796379715,-0.006734879091655044,1,114.82044795156676,-0.13758733605622764
2020-12-14,111667.96988708859,-0.00514683284689621,1,114.82044795156676,-0.14202602988259283
2020-12-15,117261.4740504026,0.050090497471833695,1,117.07236811712532,-0.09904968690152771
2020-12-16,117197.29528778704,-0.0005473132854185714,1,117.07236811712532,-0.09954278897738855
2020-12-17,118013.37300518656,0.006963281152483791,1,117.77481165383345,-0.0932726522512568
2020-12-18,116142.78474772185,-0.015850646497346577,1,117.77481165383345,-0.10764486690989872
2020-12-21,117582.38227595789,0.012395066394895293,1,117.77481165383345,-0.09658406578742129
2020-12-22,120929.36311689275,0.02846498579251211,1,120.38701780941042,-0.07086834405533127
2020-12-23,120085.73594861975,-0.006976197893786451,1,120.38701780941042,-0.07735015035658266
2020-12-24,121011.84572602116,0.007712071463655379,1,120.38701780941042,-0.07023460878020182
2020-12-28,125339.95597747776,0.03576600476994396,1,124.32676306479988,-0.036980615362905644
2020-12-29,123671.04872487733,-0.013315045785561863,1,124.32676306479988,-0.049803262561732176
2020-12-30,122616.54539105091,-0.008526678998027282,1,124.32676306479988,-0.05790528512684112
2020-12-31,121672.05249851002,-0.00770281767055736,1,124.32676306479988,-0.06516206894390486
2021-01-04,117254.97295791378,-0.03630315631151482,0,,-0.09909963648096731
2021-01-05,117254.97295791378,0.0,0,,-0.09909963648096731
2021-01-06,117254.97295791378,0.0,0,,-0.09909963648096731
2021-01-07,117254.97295791378,0.0,0,,-0.09909963648096731
2021-01-08,117254.97295791378,0.0,0,,-0.09909963648096731
2021-01-11,117254.97295791378,0.0,0,,-0.09909963648096731
2021-01-12,117254.97295791378,0.0,0,,-0.09909963648096731
2021-01-13,117254.97295791378,0.0,0,,-0.09909963648096731
2021-01-14,117254.97295791378,0.0,0,,-0.09909963648096731
2021-01-15,117254.97295791378,0.0,0,,-0.09909963648096731
2021-01-19,117254.97295791378,0.0,0,,-0.09909963648096731
2021-01-20,117254.97295791378,0.0,0,,-0.09909963648096731
2021-01-21,119765.69682226634,0.021412514974983088,1,123.48731731931639,-0.07980909395614832
2021-01-22,121690.8294793038,0.016074157359885488,1,125.30938682632119,-0.06501780053126383
2021-01-25,125059.6706567333,0.027683607646067143,1,128.75225536573765,-0.03913412016511442
2021-01-26,125269.6576216031,0.001679094177739815,1,129.05110379074208,-0.03752073586069471
2021-01-27,124307.15318340018,-0.007683460276632248,1,129.05110379074208,-0.04491590705379134
2021-01-28,119958.23071807536,-0.03498529532655703,1,129.05110379074208,-0.0783298061072113
2021-01-29,116144.83688042023,-0.03178934713214743,0,,-0.1076290998422228
2021-02-01,116144.83688042023,0.0,0,,-0.1076290998422228
2021-02-02,115338.61560866884,-0.006941516243046175,1,120.98334799237914,-0.11382350694048982
2021-02-03,114441.459536627,-0.007778453619434855,1,120.98334799237914,-0.12071658969038657
2021-02-04,117389.22928160396,0.025757883173741947,1,122.63650630104999,-0.09806811033102203
2021-02-05,117025.53224181596,-0.0030982147341263033,1,122.63650630104999,-0.10086248900077288
2021-02-08,117153.90459257785,0.001096960195802632,1,122.63650630104999,-0.09987617094065371
2021-02-09,116383.77792380587,-0.006573632107698124,1,122.63650630104999,-0.10579325384426241
2021-02-10,115853.2330876097,-0.004558580634351883,1,122.63650630104999,-0.10986956740039477
2021-02-11,115630.76040608219,-0.0019202975661393173,1,122.63650630104999,-0.11157888270366234
2021-02-12,115836.11050708649,0.001775912398077617,1,123.9872664053857,-0.11000112462674183
2021-02-16,113970.68929330049,-0.016103969700121068,1,123.9872664053857,-0.12433363954889465
2021-02-17,111959.79329244177,-0.017643975072255014,1,123.9872664053857,-0.13978387498430622
2021-02-18,108959.25305569757,-0.026800158775809102,0,,-0.16283780371623802
2021-02-19,108959.25305569757,0.0,0,,-0.16283780371623802
2021-02-22,108959.25305569757,0.0,0,,-0.16283780371623802
2021-02-23,108959.25305569757,0.0,0,,-0.16283780371623802
2021-02-24,108959.25305569757,0.0,0,,-0.16283780371623802
2021-02-25,108959.25305569757,0.0,0,,-0.16283780371623802
2021-02-26,108959.25305569757,0.0,0,,-0.16283780371623802
2021-03-01,108959.25305569757,0.0,0,,-0.16283780371623802
2021-03-02,108959.25305569757,0.0,0,,-0.16283780371623802
2021-03-03,108959.25305569757,0.0,0,,-0.16283780371623802
2021-03-04,108959.25305569757,0.0,0,,-0.16283780371623802
2021-03-05,108959.25305569757,0.0,0,,-0.16283780371623802
2021-03-08,108959.25305569757,0.0,0,,-0.16283780371623802
2021-03-09,108959.25305569757,0.0,0,,-0.16283780371623802
2021-03-10,108959.25305569757,0.0,0,,-0.16283780371623802
2021-03-11,108959.25305569757,0.0,0,,-0.16283780371623802
2021-03-12,108959.25305569757,0.0,0,,-0.16283780371623802
2021-03-15,108959.25305569757,0.0,0,,-0.16283780371623802
2021-03-16,108959.25305569757,0.0,0,,-0.16283780371623802
2021-03-17,108959.25305569757,0.0,0,,-0.16283780371623802
2021-03-18,108959.25305569757,0.0,0,,-0.16283780371623802
2021-03-19,108959.25305569757,0.0,0,,-0.16283780371623802
2021-03-22,108959.25305569757,0.0,0,,-0.16283780371623802
2021-03-23,108959.25305569757,0.0,0,,-0.16283780371623802
2021-03-24,108959.25305569757,0.0,0,,-0.16283780371623802
2021-03-25,108959.25305569757,0.0,0,,-0.16283780371623802
2021-03-26,108959.25305569757,0.0,0,,-0.16283780371623802
2021-03-29,108959.25305569757,0.0,0,,-0.16283780371623802
2021-03-30,108959.25305569757,0.0,0,,-0.16283780371623802
2021-03-31,108959.25305569757,0.0,0,,-0.16283780371623802
2021-04-01,108215.38781072907,-0.006827003894641748,1,113.05062787802169,-0.1685531132907141
2021-04-05,110766.80922404432,0.023577251488279494,1,115.43509941028474,-0.14894988094362227
2021-04-06,111039.55273155837,0.002462321605404272,1,116.0403344674151,-0.14685432184818792
2021-04-07,112526.42114967936,0.013390439546487887,1,117.81194020419753,-0.13543032622054862
2021-04-08,114690.70916088227,0.019233598554814435,1,120.54224103048227,-0.11880154019240785
2021-04-09,117013.37149655164,0.020251529985844563,1,122.79301502463002,-0.10095592316013446
2021-04-12,115464.95525355625,-0.013232814533858828,1,122.79301502463002,-0.11285280668672071
2021-04-13,118271.5291639784,0.02430671630417236,1,124.21638843504223,-0.09128917153881211
2021-04-14,116159.97276089559,-0.017853463280712578,1,124.21638843504223,-0.10751280694752974
2021-04-15,118333.08389270303,0.01870791702302288,1,124.21638843504223,-0.09081623059579347
2021-04-16,118033.95386957821,-0.0025278646789603787,1,124.21638843504223,-0.09311452413315446
2021-04-19,118632.22772352833,0.005068658926830283,1,124.62714746988313,-0.0885178309702892
2021-04-20,117110.14966919205,-0.012830223991776246,1,124.62714746988313,-0.10021235136345041
2021-04-21,117453.28483373576,0.0029300207156508495,1,124.62714746988313,-0.09757595491325854
2021-04-22,116080.81321406331,-0.011685255304824227,1,124.62714746988313,-0.10812101027330934
2021-04-23,118174.73718363751,0.01803850189878342,1,124.62714746988313,-0.09203284942363943
2021-04-26,118526.65404568434,0.002977936489928279,1,124.62714746988313,-0.08932898091428199
2021-04-27,118236.3195277631,-0.0024495293506667792,1,124.62714746988313,-0.09155969630433414
2021-04-28,117523.66268306492,-0.006027393676871329,1,124.62714746988313,-0.09703522364664452
2021-04-29,117435.6800156281,-0.0007486378949411732,1,124.62714746988313,-0.09771121729601973
2021-04-30,115658.51159883708,-0.015133121522815873,1,124.62714746988313,-0.11136566309335261
2021-05-03,116608.65398788234,0.00821506671589245,1,124.62714746988313,-0.10406547272963174
2021-05-04,112606.12457467249,-0.034324462862128424,0,,-0.134817944137822
2021-05-05,112606.12457467249,0.0,0,,-0.134817944137822
2021-05-06,112606.12457467249,0.0,0,,-0.134817944137822
2021-05-07,112606.12457467249,0.0,0,,-0.134817944137822
2021-05-10,112606.12457467249,0.0,0,,-0.134817944137822
2021-05-11,112606.12457467249,0.0,0,,-0.134817944137822
2021-05-12,112606.12457467249,0.0,0,,-0.134817944137822
2021-05-13,112606.12457467249,0.0,0,,-0.134817944137822
2021-05-14,112606.12457467249,0.0,0,,-0.134817944137822
2021-05-17,112606.12457467249,0.0,0,,-0.134817944137822
2021-05-18,112606.12457467249,0.0,0,,-0.134817944137822
2021-05-19,112606.12457467249,0.0,0,,-0.134817944137822
2021-05-20,112606.12457467249,0.0,0,,-0.134817944137822
2021-05-21,112606.12457467249,0.0,0,,-0.134817944137822
2021-05-24,112606.12457467249,0.0,0,,-0.134817944137822
2021-05-25,112606.12457467249,0.0,0,,-0.134817944137822
2021-05-26,112606.12457467249,0.0,0,,-0.134817944137822
2021-05-27,112606.12457467249,0.0,0,,-0.134817944137822
2021-05-28,112606.12457467249,0.0,0,,-0.134817944137822
2021-06-01,112606.12457467249,0.0,0,,-0.134817944137822
2021-06-02,112606.12457467249,0.0,0,,-0.134817944137822
2021-06-03,112606.12457467249,0.0,0,,-0.134817944137822
2021-06-04,112606.12457467249,0.0,0,,-0.134817944137822
2021-06-07,112606.12457467249,0.0,0,,-0.134817944137822
2021-06-08,112606.12457467249,0.0,0,,-0.134817944137822
2021-06-09,112606.12457467249,0.0,0,,-0.134817944137822
2021-06-10,111631.94441642847,-0.008651218234564273,1,118.91673162880116,-0.14230282291571472
2021-06-11,112729.59172119918,0.009832734801035858,1,119.62595984505651,-0.13386931403384794
2021-06-14,115500.23409040213,0.02457777347455714,1,122.50733291896263,-0.11258175023480899
2021-06-15,114756.69922018459,-0.006437518296591227,1,122.50733291896263,-0.11829452145440145
2021-06-16,115208.14299322889,0.003933920861370455,1,122.50733291896263,-0.11482596187876626
2021-06-17,116659.84725729571,0.012600708824480833,1,123.60751362966695,-0.10367214156541071
2021-06-18,115482.55828662514,-0.010091638197279984,1,123.60751362966695,-0.1127175580188754
2021-06-21,117111.29103034001,0.014103712005343771,1,123.74072830249969,-0.10020358198977553
2021-06-22,118598.3885084036,0.012698156300559704,1,125.1559959294248,-0.08877782643519805
2021-06-23,118350.56666635486,-0.0020895886121689022,1,125.1559959294248,-0.0906819059122348
2021-06-24,118093.88265199267,-0.0021688448276366845,1,125.1559959294248,-0.09265407575727347
2021-06-25,117828.30872768849,-0.00224883726692926,1,125.1559959294248,-0.09469454908570696
2021-06-28,119306.59950869568,0.012546142747611233,1,126.38387057588217,-0.08333645766834563
2021-06-29,120678.64130364123,0.011500133275071267,1,127.73516257636746,-0.07279470476313277
2021-06-30,121236.30632511864,0.004621074744074027,1,128.4721951428531,-0.068510019790742
2021-07-01,121510.72855292202,0.002263531743267322,1,128.7341202679007,-0.06640156265200292
2021-07-02,123891.92074883207,0.01959655928548698,1,131.48265485838587,-0.048106245525674995
2021-07-06,125715.42018563619,0.014718469338294682,1,133.14456694467896,-0.03409582648713039
2021-07-07,127972.63905085769,0.017954988034788455,1,135.5514952630506,-0.016753028608954557
2021-07-08,126795.34314577997,-0.00919959073915666,1,135.5514952630506,-0.025798498341267573
2021-07-09,128450.62773439958,0.013054774312306394,1,135.65130220078757,-0.013080517602402808
2021-07-12,127910.68705754906,-0.004203488035628422,1,135.65130220078757,-0.017229021838789715
2021-07-13,128919.80972088504,0.007889275607455337,1,136.08228853031727,-0.009475670733067543
2021-07-14,132026.84018001426,0.024100489023805016,1,139.0068030167878,0.0
2021-07-15,131433.78194454007,-0.00449195205054953,1,139.0068030167878,-0.00449195205054953
2021-07-16,129583.66825316705,-0.014076393937699327,1,139.0068030167878,-0.018505115501636027
2021-07-19,126154.68599897137,-0.0264615309970736,0,,-0.04447697281125873
2021-07-20,126154.68599897137,0.0,0,,-0.04447697281125873
2021-07-21,126154.68599897137,0.0,0,,-0.04447697281125873
2021-07-22,126154.68599897137,0.0,0,,-0.04447697281125873
2021-07-23,126154.68599897137,0.0,0,,-0.04447697281125873
2021-07-26,126154.68599897137,0.0,0,,-0.04447697281125873
2021-07-27,126154.68599897137,0.0,0,,-0.04447697281125873
2021-07-28,126154.68599897137,0.0,0,,-0.04447697281125873
2021-07-29,126154.68599897137,0.0,0,,-0.04447697281125873
2021-07-30,126154.68599897137,0.0,0,,-0.04447697281125873
2021-08-02,126154.68599897137,0.0,0,,-0.04447697281125873
2021-08-03,126154.68599897137,0.0,0,,-0.04447697281125873
2021-08-04,126154.68599897137,0.0,0,,-0.04447697281125873
2021-08-05,126154.68599897137,0.0,0,,-0.04447697281125873
2021-08-06,126154.68599897137,0.0,0,,-0.04447697281125873
2021-08-09,126154.68599897137,0.0,0,,-0.04447697281125873
2021-08-10,126154.68599897137,0.0,0,,-0.04447697281125873
2021-08-11,126154.68599897137,0.0,0,,-0.04447697281125873
2021-08-12,126154.68599897137,0.0,0,,-0.04447697281125873
2021-08-13,126075.66664571122,-0.0006263687522538586,1,140.09290008380222,-0.04507548257754879
2021-08-16,127783.73021427145,0.013547924147489177,1,141.87756824212113,-0.032138237648931645
2021-08-17,126997.3479172175,-0.0061540095576746445,1,141.87756824212113,-0.038094468184947994
2021-08-18,123758.79737699263,-0.02550093047876789,1,141.87756824212113,-0.06262395427890588
2021-08-19,122450.22290694968,-0.010573587476426338,0,,-0.07253538189664444
2021-08-20,122450.22290694968,0.0,0,,-0.07253538189664444
2021-08-23,122450.22290694968,0.0,0,,-0.07253538189664444
2021-08-24,122405.900199883,-0.00036196509907826524,1,140.1006356958882,-0.07287109171902784
2021-08-25,121375.11267493936,-0.008421060776158784,1,140.1006356958882,-0.08067850060299575
2021-08-26,120704.24775614262,-0.005527203262776115,1,140.1006356958882,-0.08575977739400309
2021-08-27,121571.4178073297,0.007184254633184173,1,140.1006356958882,-0.07919164283890257
2021-08-30,125269.30837953,0.030417433956893225,1,142.78248129191104,-0.051183015447999636
2021-08-31,124213.93471823732,-0.008424838254037503,1,142.78248129191104,-0.059176645075533885
2021-09-01,124770.23924845496,0.004478600017619128,1,142.78248129191104,-0.05496307358159269
2021-09-02,125702.91260304365,0.007475126762652495,1,142.9981125649005,-0.04789880276122749
2021-09-03,126234.69498997927,0.004230469890661448,1,144.18598543998814,-0.043870967313446196
2021-09-07,128190.00315277325,0.015489467162329573,1,146.45269913163966,-0.029061038058697863
2021-09-08,126897.36879619746,-0.010083737614354105,1,146.45269913163966,-0.03885173179046719
2021-09-09,126046.49137987365,-0.006705240813072777,1,146.45269913163966,-0.04529646238588003
2021-09-10,122655.85973257273,-0.02689984949348867,0,,-0.07097784385860106
2021-09-13,122655.85973257273,0.0,0,,-0.07097784385860106
2021-09-14,122655.85973257273,0.0,0,,-0.07097784385860106
2021-09-15,122655.85973257273,0.0,0,,-0.07097784385860106
2021-09-16,122655.85973257273,0.0,0,,-0.07097784385860106
2021-09-17,120200.78799546522,-0.020015935173911203,1,137.783724595926,-0.08957309111105449
2021-09-20,118163.43040929221,-0.016949619217553447,0,,-0.10500448054213629
2021-09-21,118163.43040929221,0.0,0,,-0.10500448054213629
2021-09-22,118163.43040929221,0.0,0,,-0.10500448054213629
2021-09-23,118163.43040929221,0.0,0,,-0.10500448054213629
2021-09-24,118163.43040929221,0.0,0,,-0.10500448054213629
2021-09-27,118163.43040929221,0.0,0,,-0.10500448054213629
2021-09-28,118163.43040929221,0.0,0,,-0.10500448054213629
2021-09-29,118163.43040929221,0.0,0,,-0.10500448054213629
2021-09-30,118163.43040929221,0.0,0,,-0.10500448054213629
2021-10-01,118163.43040929221,0.0,0,,-0.10500448054213629
2021-10-04,118163.43040929221,0.0,0,,-0.10500448054213629
2021-10-05,118163.43040929221,0.0,0,,-0.10500448054213629
2021-10-06,118163.43040929221,0.0,0,,-0.10500448054213629
2021-10-07,118163.43040929221,0.0,0,,-0.10500448054213629
2021-10-08,118163.43040929221,0.0,0,,-0.10500448054213629
2021-10-11,118163.43040929221,0.0,0,,-0.10500448054213629
2021-10-12,118163.43040929221,0.0,0,,-0.10500448054213629
2021-10-13,118163.43040929221,0.0,0,,-0.10500448054213629
2021-10-14,118163.43040929221,0.0,0,,-0.10500448054213629
2021-10-15,118163.43040929221,0.0,0,,-0.10500448054213629
2021-10-18,118163.43040929221,0.0,0,,-0.10500448054213629
2021-10-19,119390.95584507775,0.010388370001900515,1,138.0961688059048,-0.09570693593596491
2021-10-20,119792.21838859329,0.003360912396381366,1,138.83985957217786,-0.0926676861669905
2021-10-21,119968.81207658559,0.0014741666058761815,1,139.4097869686481,-0.0913301271695055
2021-10-22,119334.75724234375,-0.0052851638960721425,1,139.4097869686481,-0.09613259637483762
2021-10-25,119294.64228797935,-0.0003361548243897561,1,139.4097869686481,-0.09643643576317495
2021-10-26,119840.41911153693,0.0045750321480495515,1,140.25872270045636,-0.09230260340898522
2021-10-27,119463.17531847495,-0.003147884460508066,1,140.25872270045636,-0.09515992993855771
2021-10-28,122448.77003311257,0.024991757557744076,1,143.1290780291779,-0.07254638627904986
2021-10-29,117595.66532545903,-0.03963375627489896,0,,-0.10930485676154023
2021-11-01,117595.66532545903,0.0,0,,-0.10930485676154023
2021-11-02,117595.66532545903,0.0,0,,-0.10930485676154023
2021-11-03,117595.66532545903,0.0,0,,-0.10930485676154023
2021-11-04,117595.66532545903,0.0,0,,-0.10930485676154023
2021-11-05,117595.66532545903,0.0,0,,-0.10930485676154023
2021-11-08,117595.66532545903,0.0,0,,-0.10930485676154023
2021-11-09,117595.66532545903,0.0,0,,-0.10930485676154023
2021-11-10,117595.66532545903,0.0,0,,-0.10930485676154023
2021-11-11,117595.66532545903,0.0,0,,-0.10930485676154023
2021-11-12,117595.66532545903,0.0,0,,-0.10930485676154023
2021-11-15,117595.66532545903,0.0,0,,-0.10930485676154023
2021-11-16,117595.66532545903,0.0,0,,-0.10930485676154023
2021-11-17,117595.66532545903,0.0,0,,-0.10930485676154023
2021-11-18,117595.66532545903,0.0,0,,-0.10930485676154023
2021-11-19,117595.66532545903,0.0,0,,-0.10930485676154023
2021-11-22,117595.66532545903,0.0,0,,-0.10930485676154023
2021-11-23,117595.66532545903,0.0,0,,-0.10930485676154023
2021-11-24,117595.66532545903,0.0,0,,-0.10930485676154023
2021-11-26,117595.66532545903,0.0,0,,-0.10930485676154023
2021-11-29,117595.66532545903,0.0,0,,-0.10930485676154023
2021-11-30,117595.66532545903,0.0,0,,-0.10930485676154023
2021-12-01,117595.66532545903,0.0,0,,-0.10930485676154023
2021-12-02,117595.66532545903,0.0,0,,-0.10930485676154023
2021-12-03,117595.66532545903,0.0,0,,-0.10930485676154023
2021-12-06,117595.66532545903,0.0,0,,-0.10930485676154023
2021-12-07,117595.66532545903,0.0,0,,-0.10930485676154023
2021-12-08,117595.66532545903,0.0,0,,-0.10930485676154023
2021-12-09,117595.66532545903,0.0,0,,-0.10930485676154023
2021-12-10,117595.66532545903,0.0,0,,-0.10930485676154023
2021-12-13,117595.66532545903,0.0,0,,-0.10930485676154023
2021-12-14,117595.66532545903,0.0,0,,-0.10930485676154023
2021-12-15,117595.66532545903,0.0,0,,-0.10930485676154023
2021-12-16,117595.66532545903,0.0,0,,-0.10930485676154023
2021-12-17,117595.66532545903,0.0,0,,-0.10930485676154023
2021-12-20,117595.66532545903,0.0,0,,-0.10930485676154023
2021-12-21,117595.66532545903,0.0,0,,-0.10930485676154023
2021-12-22,117595.66532545903,0.0,0,,-0.10930485676154023
2021-12-23,117595.66532545903,0.0,0,,-0.10930485676154023
2021-12-27,117595.66532545903,0.0,0,,-0.10930485676154023
2021-12-28,117595.66532545903,0.0,0,,-0.10930485676154023
2021-12-29,117595.66532545903,0.0,0,,-0.10930485676154023
2021-12-30,117595.66532545903,0.0,0,,-0.10930485676154023
2021-12-31,117595.66532545903,0.0,0,,-0.10930485676154023
2022-01-03,117595.66532545903,0.0,0,,-0.10930485676154023
2022-01-04,117595.66532545903,0.0,0,,-0.10930485676154023
2022-01-05,117595.66532545903,0.0,0,,-0.10930485676154023
2022-01-06,117595.66532545903,0.0,0,,-0.10930485676154023
2022-01-07,117595.66532545903,0.0,0,,-0.10930485676154023
2022-01-10,117595.66532545903,0.0,0,,-0.10930485676154023
2022-01-11,117595.66532545903,0.0,0,,-0.10930485676154023
2022-01-12,117595.66532545903,0.0,0,,-0.10930485676154023
2022-01-13,115021.44916717104,-0.02189040005142673,1,163.338941938216,-0.12880252977089302
2022-01-14,114281.94390719442,-0.006429281367354656,0,,-0.13440370343352348
2022-01-18,112973.06879580866,-0.011453035069552753,1,158.8540285479574,-0.14431740817417427
2022-01-19,112936.4501781822,-0.000324135814108506,0,,-0.14459476554769424
2022-01-20,112936.4501781822,0.0,0,,-0.14459476554769424
2022-01-21,112936.4501781822,0.0,0,,-0.14459476554769424
2022-01-24,112936.4501781822,0.0,0,,-0.14459476554769424
2022-01-25,112936.4501781822,0.0,0,,-0.14459476554769424
2022-01-26,112936.4501781822,0.0,0,,-0.14459476554769424
2022-01-27,112936.4501781822,0.0,0,,-0.14459476554769424
2022-01-28,112936.4501781822,0.0,0,,-0.14459476554769424
2022-01-31,112936.4501781822,0.0,0,,-0.14459476554769424
2022-02-01,112936.4501781822,0.0,0,,-0.14459476554769424
2022-02-02,112936.4501781822,0.0,0,,-0.14459476554769424
2022-02-03,112936.4501781822,0.0,0,,-0.14459476554769424
2022-02-04,112936.4501781822,0.0,0,,-0.14459476554769424
2022-02-07,111984.46679581444,-0.0084293722785318,1,156.30372803910814,-0.1518052947178975
2022-02-08,111862.07512041935,-0.0010929343943589798,0,,-0.1527323158844135
2022-02-09,111840.45359881334,-0.00019328732801293658,1,160.61648011434318,-0.15289608199118787
2022-02-10,109201.12682868166,-0.02359903492165094,1,160.61648011434318,-0.17288691693454517
2022-02-11,109170.39839743209,-0.00028139298688545367,0,,-0.17311966075548102
2022-02-14,109170.39839743209,0.0,0,,-0.17311966075548102
2022-02-15,109170.39839743209,0.0,0,,-0.17311966075548102
2022-02-16,109450.90602444403,0.002569447681144865,1,158.61398822877845,-0.17099503498522484
2022-02-17,107122.99441288595,-0.021269002661688186,1,158.61398822877845,-0.18862714379267687
2022-02-18,106120.73748344251,-0.009356132499250491,1,158.61398822877845,-0.19621845574164787
2022-02-22,102715.91148475719,-0.032084454739268686,0,,-0.22200734831866442
2022-02-23,102715.91148475719,0.0,0,,-0.22200734831866442
2022-02-24,102715.91148475719,0.0,0,,-0.22200734831866442
2022-02-25,102715.91148475719,0.0,0,,-0.22200734831866442
2022-02-28,102715.91148475719,0.0,0,,-0.22200734831866442
2022-03-01,102715.91148475719,0.0,0,,-0.22200734831866442
2022-03-02,102715.91148475719,0.0,0,,-0.22200734831866442
2022-03-03,102715.91148475719,0.0,0,,-0.22200734831866442
2022-03-04,102715.91148475719,0.0,0,,-0.22200734831866442
2022-03-07,102715.91148475719,0.0,0,,-0.22200734831866442
2022-03-08,102715.91148475719,0.0,0,,-0.22200734831866442
2022-03-09,102715.91148475719,0.0,0,,-0.22200734831866442
2022-03-10,102715.91148475719,0.0,0,,-0.22200734831866442
2022-03-11,102715.91148475719,0.0,0,,-0.22200734831866442
2022-03-14,102715.91148475719,0.0,0,,-0.22200734831866442
2022-03-15,102715.91148475719,0.0,0,,-0.22200734831866442
2022-03-16,102715.91148475719,0.0,0,,-0.22200734831866442
2022-03-17,102715.91148475719,0.0,0,,-0.22200734831866442
2022-03-18,102715.91148475719,0.0,0,,-0.22200734831866442
2022-03-21,102715.91148475719,0.0,0,,-0.22200734831866442
2022-03-22,102715.91148475719,0.0,0,,-0.22200734831866442
2022-03-23,103917.4342346813,0.01169753286084041,1,154.03699441529903,-0.21290675371012968
2022-03-24,106274.02611621167,0.022677541058301776,1,157.84710382599755,-0.19505741430067913
2022-03-25,106670.90625010975,0.003734497961562999,1,159.08543580871904,-0.19205135785520977
2022-03-28,107208.16652688805,0.005036614909023074,1,160.53118564858497,-0.1879820316784585
2022-03-29,109259.51875183411,0.01913429071125461,1,164.2644889555856,-0.17244464380983182
2022-03-30,108532.98626585695,-0.006649603570260676,1,164.2644889555856,-0.17794755886094238
2022-03-31,106603.73561857281,-0.017775707770155136,1,164.2644889555856,-0.19256012282637291
2022-04-01,106420.59753965045,-0.0017179330335818088,1,164.2644889555856,-0.19394725046400063
2022-04-04,108942.03940983787,0.023693175273217015,1,165.1373762496937,-0.17484930138978572
2022-04-05,106878.47607462092,-0.018941846016429564,1,165.1373762496937,-0.19047917886320975
2022-04-06,104906.46749129464,-0.018450942189234265,1,165.1373762496937,-0.2054156007349861
2022-04-07,105095.74922554051,0.0018042904195738618,1,165.1373762496937,-0.20398193971584944
2022-04-08,103844.15804800893,-0.011909056139326801,1,165.1373762496937,-0.2134617634836914
2022-04-11,102847.14510902774,-0.00960104985896515,0,,-0.22101335630846697
2022-04-12,102847.14510902774,0.0,0,,-0.22101335630846697
2022-04-13,102847.14510902774,0.0,0,,-0.22101335630846697
2022-04-14,102847.14510902774,0.0,0,,-0.22101335630846697
2022-04-18,102847.14510902774,0.0,0,,-0.22101335630846697
2022-04-19,102847.14510902774,0.0,0,,-0.22101335630846697
2022-04-20,102847.14510902774,0.0,0,,-0.22101335630846697
2022-04-21,102847.14510902774,0.0,0,,-0.22101335630846697
2022-04-22,102847.14510902774,0.0,0,,-0.22101335630846697
2022-04-25,102847.14510902774,0.0,0,,-0.22101335630846697
2022-04-26,102847.14510902774,0.0,0,,-0.22101335630846697
2022-04-27,102847.14510902774,0.0,0,,-0.22101335630846697
2022-04-28,102847.14510902774,0.0,0,,-0.22101335630846697
2022-04-29,102847.14510902774,0.0,0,,-0.22101335630846697
2022-05-02,102847.14510902774,0.0,0,,-0.22101335630846697
2022-05-03,102847.14510902774,0.0,0,,-0.22101335630846697
2022-05-04,102847.14510902774,0.0,0,,-0.22101335630846697
2022-05-05,102847.14510902774,0.0,0,,-0.22101335630846697
2022-05-06,102847.14510902774,0.0,0,,-0.22101335630846697
2022-05-09,102847.14510902774,0.0,0,,-0.22101335630846697
2022-05-10,102847.14510902774,0.0,0,,-0.22101335630846697
2022-05-11,102847.14510902774,0.0,0,,-0.22101335630846697
2022-05-12,102847.14510902774,0.0,0,,-0.22101335630846697
2022-05-13,102847.14510902774,0.0,0,,-0.22101335630846697
2022-05-16,102847.14510902774,0.0,0,,-0.22101335630846697
2022-05-17,102847.14510902774,0.0,0,,-0.22101335630846697
2022-05-18,102847.14510902774,0.0,0,,-0.22101335630846697
2022-05-19,102847.14510902774,0.0,0,,-0.22101335630846697
2022-05-20,102847.14510902774,0.0,0,,-0.22101335630846697
2022-05-23,102847.14510902774,0.0,0,,-0.22101335630846697
2022-05-24,102847.14510902774,0.0,0,,-0.22101335630846697
2022-05-25,102847.14510902774,0.0,0,,-0.22101335630846697
2022-05-26,102847.14510902774,0.0,0,,-0.22101335630846697
2022-05-27,102847.14510902774,0.0,0,,-0.22101335630846697
2022-05-31,102847.14510902774,0.0,0,,-0.22101335630846697
2022-06-01,102847.14510902774,0.0,0,,-0.22101335630846697
2022-06-02,102847.14510902774,0.0,0,,-0.22101335630846697
2022-06-03,102847.14510902774,0.0,0,,-0.22101335630846697
2022-06-06,102847.14510902774,0.0,0,,-0.22101335630846697
2022-06-07,102847.14510902774,0.0,0,,-0.22101335630846697
2022-06-08,102847.14510902774,0.0,0,,-0.22101335630846697
2022-06-09,102847.14510902774,0.0,0,,-0.22101335630846697
2022-06-10,102847.14510902774,0.0,0,,-0.22101335630846697
2022-06-13,102847.14510902774,0.0,0,,-0.22101335630846697
2022-06-14,102847.14510902774,0.0,0,,-0.22101335630846697
2022-06-15,102847.14510902774,0.0,0,,-0.22101335630846697
2022-06-16,102847.14510902774,0.0,0,,-0.22101335630846697
2022-06-17,102847.14510902774,0.0,0,,-0.22101335630846697
2022-06-21,102847.14510902774,0.0,0,,-0.22101335630846697
2022-06-22,102847.14510902774,0.0,0,,-0.22101335630846697
2022-06-23,102847.14510902774,0.0,0,,-0.22101335630846697
2022-06-24,102847.14510902774,0.0,0,,-0.22101335630846697
2022-06-27,101944.6811867658,-0.00877480771396466,1,129.07398929329102,-0.22784881431860693
2022-06-28,102129.46623365252,0.001812601155210869,0,,-0.22644921218744352
2022-06-29,102129.46623365252,0.0,0,,-0.22644921218744352
2022-06-30,102129.46623365252,0.0,0,,-0.22644921218744352
2022-07-01,102129.46623365252,0.0,0,,-0.22644921218744352
2022-07-05,102129.46623365252,0.0,0,,-0.22644921218744352
2022-07-06,102129.46623365252,0.0,0,,-0.22644921218744352
2022-07-07,102129.46623365252,0.0,0,,-0.22644921218744352
2022-07-08,102129.46623365252,0.0,0,,-0.22644921218744352
2022-07-11,102129.46623365252,0.0,0,,-0.22644921218744352
2022-07-12,102046.46767893071,-0.0008126798051790729,1,133.6085960523674,-0.22707786129097918
2022-07-13,101787.6047492032,-0.0025367162197321713,1,133.6085960523674,-0.22903854541683233
2022-07-14,103872.48074716437,0.02048261183764133,1,135.65081158510193,-0.21324724120082206
2022-07-15,105061.82681021793,0.01145005928902898,1,137.48732667336614,-0.20423887546676434
2022-07-18,102892.99556204872,-0.020643380322016958,1,137.48732667336614,-0.2206660750059799
2022-07-19,105642.52728160363,0.026722243866413864,1,138.2006170531059,-0.19984052380892015
2022-07-20,107069.73383804159,0.013509772940527576,1,140.31241293448159,-0.18903055096936716
2022-07-21,108685.84243220586,0.015093981615839969,1,142.89506282237122,-0.176789793014691
2022-07-22,107804.33955260368,-0.008110558467189777,1,142.89506282237122,-0.18346648752923267
2022-07-25,107006.75922611092,-0.0073984065001722055,1,142.89506282237122,-0.18950753437550483
2022-07-26,106062.25993651232,-0.00882653858905147,1,142.89506282237122,-0.19666137739947487
2022-07-27,109693.2945356694,0.03423493522889842,1,144.49440212033895,-0.16915913168787355
2022-07-28,110085.11476739455,0.00357196156231554,1,144.92402043971012,-0.16619140004186184
2022-07-29,113695.14693020855,0.03279309987042156,1,149.44989541965538,-0.1388482313506182
2022-08-01,112995.51621213063,-0.006153567121975567,1,149.44989541965538,-0.14414738656121018
2022-08-02,111946.09193307952,-0.009287309038714442,1,149.44989541965538,-0.1520959542738075
2022-08-03,116227.75519852492,0.03824754568480104,1,153.2666880845116,-0.11966570554856737
2022-08-04,116003.86726528157,-0.0019262863062349256,1,153.2666880845116,-0.12136148144487813
2022-08-05,115842.73596331148,-0.0013890166402953374,1,153.2666880845116,-0.12258192496795561
2022-08-08,115506.42450600014,-0.0029031726030526173,1,153.2666880845116,-0.12512922108481184
2022-08-09,115541.48669474728,0.0003035518491467659,1,153.2666880845116,-0.12486365244210762
2022-08-10,118568.03913279338,0.02619450835042514,1,156.9981042362364,-0.10193988607824178
2022-08-11,118042.58585903255,-0.004431660315916464,1,156.9981042362364,-0.10591978344641617
2022-08-12,120571.7391339287,0.021425769831207253,1,159.6530599214508,-0.08676342651590319
2022-08-15,121335.3689730272,0.006333406522819329,1,160.76538261511814,-0.0809795280445218
2022-08-16,121223.2833189782,-0.0009237673647650713,1,161.25162250675396,-0.08182848916406515
2022-08-17,122288.17332567378,0.008784533610540102,1,162.6803971621788,-0.07376278066688657
2022-08-18,122007.9155944198,-0.0022917811562006563,1,163.07468055160987,-0.07588551367232588
2022-08-19,120165.39049138603,-0.015101684952628092,1,163.07468055160987,-0.08984119950500624
2022-08-22,117398.04975211933,-0.023029432417689955,1,163.07468055160987,-0.11080164009037141
2022-08-23,117159.86228774878,-0.0020288877445023834,1,163.07468055160987,-0.11260572374522371
2022-08-24,116306.10149288879,-0.007287144062726236,0,,-0.11907229367673089
2022-08-25,116306.10149288879,0.0,0,,-0.11907229367673089
2022-08-26,116306.10149288879,0.0,0,,-0.11907229367673089
2022-08-29,116306.10149288879,0.0,0,,-0.11907229367673089
2022-08-30,116306.10149288879,0.0,0,,-0.11907229367673089
2022-08-31,116306.10149288879,0.0,0,,-0.11907229367673089
2022-09-01,116306.10149288879,0.0,0,,-0.11907229367673089
2022-09-02,116306.10149288879,0.0,0,,-0.11907229367673089
2022-09-06,116306.10149288879,0.0,0,,-0.11907229367673089
2022-09-07,116306.10149288879,0.0,0,,-0.11907229367673089
2022-09-08,116306.10149288879,0.0,0,,-0.11907229367673089
2022-09-09,116306.10149288879,0.0,0,,-0.11907229367673089
2022-09-12,116306.10149288879,0.0,0,,-0.11907229367673089
2022-09-13,116306.10149288879,0.0,0,,-0.11907229367673089
2022-09-14,116306.10149288879,0.0,0,,-0.11907229367673089
2022-09-15,116306.10149288879,0.0,0,,-0.11907229367673089
2022-09-16,116306.10149288879,0.0,0,,-0.11907229367673089
2022-09-19,116306.10149288879,0.0,0,,-0.11907229367673089
2022-09-20,116306.10149288879,0.0,0,,-0.11907229367673089
2022-09-21,116306.10149288879,0.0,0,,-0.11907229367673089
2022-09-22,116306.10149288879,0.0,0,,-0.11907229367673089
2022-09-23,116306.10149288879,0.0,0,,-0.11907229367673089
2022-09-26,116306.10149288879,0.0,0,,-0.11907229367673089
2022-09-27,116306.10149288879,0.0,0,,-0.11907229367673089
2022-09-28,116306.10149288879,0.0,0,,-0.11907229367673089
2022-09-29,116306.10149288879,0.0,0,,-0.11907229367673089
2022-09-30,116306.10149288879,0.0,0,,-0.11907229367673089
2022-10-03,116306.10149288879,0.0,0,,-0.11907229367673089
2022-10-04,116306.10149288879,0.0,0,,-0.11907229367673089
2022-10-05,116306.10149288879,0.0,0,,-0.11907229367673089
2022-10-06,116306.10149288879,0.0,0,,-0.11907229367673089
2022-10-07,116306.10149288879,0.0,0,,-0.11907229367673089
2022-10-10,116306.10149288879,0.0,0,,-0.11907229367673089
2022-10-11,116306.10149288879,0.0,0,,-0.11907229367673089
2022-10-12,116306.10149288879,0.0,0,,-0.11907229367673089
2022-10-13,116306.10149288879,0.0,0,,-0.11907229367673089
2022-10-14,116306.10149288879,0.0,0,,-0.11907229367673089
2022-10-17,116306.10149288879,0.0,0,,-0.11907229367673089
2022-10-18,116306.10149288879,0.0,0,,-0.11907229367673089
2022-10-19,116306.10149288879,0.0,0,,-0.11907229367673089
2022-10-20,116306.10149288879,0.0,0,,-0.11907229367673089
2022-10-21,116306.10149288879,0.0,0,,-0.11907229367673089
2022-10-24,116306.10149288879,0.0,0,,-0.11907229367673089
2022-10-25,116306.10149288879,0.0,0,,-0.11907229367673089
2022-10-26,114893.34754693147,-0.012146860120177738,1,137.14480773454423,-0.1297727993014287
2022-10-27,113737.8164871192,-0.010057423553963996,0,,-0.1385250428470346
2022-10-28,119345.4658042909,0.049303296743056224,1,139.9766049616542,-0.09605148739781033
2022-10-31,117506.31955247794,-0.015410273355745963,1,139.9766049616542,-0.10998158107653011
2022-11-01,115444.95743431337,-0.017542563889459406,1,139.9766049616542,-0.12559478605329066
2022-11-02,111138.26134983308,-0.03730519011131994,1,139.9766049616542,-0.15821463879390196
2022-11-03,108699.02294861246,-0.021947782623146783,0,,-0.17668996091700062
2022-11-04,108699.02294861246,0.0,0,,-0.17668996091700062
2022-11-07,108699.02294861246,0.0,0,,-0.17668996091700062
2022-11-08,108699.02294861246,0.0,0,,-0.17668996091700062
2022-11-09,105691.54711486858,-0.02766791965706694,1,122.52411768786037,-0.19946923693120566
2022-11-10,110517.41421529952,0.04565991540634795,0,,-0.16291707000930522
2022-11-11,113288.13760408787,0.025070468834809123,1,131.79069221527337,-0.14193100850082296
2022-11-14,112213.54111100799,-0.009485516452175324,1,131.79069221527337,-0.15007023603678982
2022-11-15,113545.44462629665,0.011869365337745297,1,131.99450955579454,-0.1399821091568868
2022-11-16,112599.50164432116,-0.008330963739573982,1,131.99450955579454,-0.14714688702088574
2022-11-17,114060.08217765942,0.012971465344064681,1,134.38374192764434,-0.13608413242229955
2022-11-18,114491.41111521734,0.003781594132871824,1,135.13382826840694,-0.13281715324617283
2022-11-21,112009.21874329021,-0.021680162273737702,1,135.13382826840694,-0.15161781808479757
2022-11-22,111931.86395619856,-0.0006906108975631708,0,,-0.15220372006492666
2022-11-23,111931.86395619856,0.0,0,,-0.15220372006492666
2022-11-25,111613.50289159344,-0.0028442398201258268,1,134.5582631020155,-0.15461505600367254
2022-11-28,108682.05028316191,-0.026264318675480958,1,134.5582631020155,-0.17681851557624573
2022-11-29,108571.69044943855,-0.0010154375394632043,0,,-0.17765440495732066
2022-11-30,108571.69044943855,0.0,0,,-0.17765440495732066
2022-12-01,108571.69044943855,0.0,0,,-0.17765440495732066
2022-12-02,109783.12308249735,0.011157905233343923,1,135.56700827626847,-0.1684787507387766
2022-12-05,108906.70414232292,-0.007983184624068551,1,135.56700827626847,-0.17511693839046505
2022-12-06,106143.75121359939,-0.02536990675168005,1,135.56700827626847,-0.19604414474453924
2022-12-07,104680.58054403709,-0.013784802711728883,1,135.56700827626847,-0.20712651759817502
2022-12-08,105950.63589458469,0.012132673930035365,1,135.56700827626847,-0.19750684216842218
2022-12-09,105586.70332188328,-0.0034349257994402693,1,135.56700827626847,-0.20026334662013212
2022-12-12,105828.78897278632,0.0022927664496261713,0,,-0.1984297372527265
2022-12-13,105828.78897278632,0.0,0,,-0.1984297372527265
2022-12-14,105828.78897278632,0.0,0,,-0.1984297372527265
2022-12-15,105828.78897278632,0.0,0,,-0.1984297372527265
2022-12-16,105828.78897278632,0.0,0,,-0.1984297372527265
2022-12-19,105828.78897278632,0.0,0,,-0.1984297372527265
2022-12-20,105828.78897278632,0.0,0,,-0.1984297372527265
2022-12-21,105828.78897278632,0.0,0,,-0.1984297372527265
2022-12-22,105828.78897278632,0.0,0,,-0.1984297372527265
2022-12-23,105828.78897278632,0.0,0,,-0.1984297372527265
2022-12-27,105828.78897278632,0.0,0,,-0.1984297372527265
2022-12-28,105828.78897278632,0.0,0,,-0.1984297372527265
2022-12-29,105828.78897278632,0.0,0,,-0.1984297372527265
2022-12-30,105828.78897278632,0.0,0,,-0.1984297372527265
2023-01-03,105828.78897278632,0.0,0,,-0.1984297372527265
2023-01-04,105828.78897278632,0.0,0,,-0.1984297372527265
2023-01-05,105828.78897278632,0.0,0,,-0.1984297372527265
2023-01-06,105828.78897278632,0.0,0,,-0.1984297372527265
2023-01-09,105828.78897278632,0.0,0,,-0.1984297372527265
2023-01-10,105828.78897278632,0.0,0,,-0.1984297372527265
2023-01-11,105828.78897278632,0.0,0,,-0.1984297372527265
2023-01-12,105828.78897278632,0.0,0,,-0.1984297372527265
2023-01-13,105828.78897278632,0.0,0,,-0.1984297372527265
2023-01-17,105828.78897278632,0.0,0,,-0.1984297372527265
2023-01-18,105828.78897278632,0.0,0,,-0.1984297372527265
2023-01-19,106608.14074979437,0.007364270011711582,1,123.9557242277647,-0.19252675740449687
2023-01-20,108657.21733085263,0.01922063893663961,1,126.62238350618594,-0.1770066057575711
2023-01-23,111210.70477920692,0.02350039427734596,1,129.29152463741516,-0.15766593650522287
2023-01-24,112329.82393245042,0.010063052432455644,1,131.3655722518687,-0.14918948465863158
2023-01-25,111801.7892700154,-0.004700752159573884,1,131.3655722518687,-0.15318893402601064
2023-01-26,113456.85032489587,0.014803529225129841,1,132.85648669344843,-0.14065314166270138
2023-01-27,115009.43551816838,0.013684367130116115,1,135.01124181655226,-0.12889352376110197
2023-01-30,112700.24014410596,-0.02007831238940061,1,135.01124181655226,-0.14638387171545664
2023-01-31,113716.92015666659,0.00902109890148095,1,135.01124181655226,-0.13868331619830254
2023-02-01,114615.38327106551,0.007900874497489996,1,135.01124181655226,-0.13187816117699103
2023-02-02,118863.28436568461,0.03706222475016996,1,139.22247556524638,-0.09970363447600183
2023-02-03,121763.53974993878,0.024399926350104018,1,141.7344201512676,-0.07773646946394996
2023-02-06,119580.5052341651,-0.017928474486343715,1,141.7344201512676,-0.09427124764085082
2023-02-07,121881.76888840883,0.019244471745100356,1,141.7344201512676,-0.07684097625735009
2023-02-08,119730.24092635934,-0.01765258234822109,1,141.7344201512676,-0.09313711694447058
2023-02-09,118902.69815861074,-0.006911727240719312,1,141.7344201512676,-0.09940510583688267
2023-02-10,119194.73967582341,0.0024561386893264814,1,141.7344201512676,-0.09719311987391888
2023-02-13,121436.4419895769,0.018807057424264695,1,141.7344201512676,-0.0802139790363664
2023-02-14,120923.35274365207,-0.004225166988743534,1,141.7344201512676,-0.08410022856884969
2023-02-15,122604.58357781083,0.013903276712173618,1,142.89745936508572,-0.07136622060602593
2023-02-16,121325.89976475827,-0.010429331234921069,1,142.89745936508572,-0.08105124988726242
2023-02-17,120410.30021865232,-0.007546612453575241,1,142.89745936508572,-0.08798619996906054
2023-02-21,117197.77008746286,-0.026679861484904865,1,142.89745936508572,-0.11231860182620779
2023-02-22,117537.16935772871,0.002895953310481536,1,142.89745936508572,-0.10974791794251348
2023-02-23,117923.96310197281,0.0032908206515240845,1,142.89745936508572,-0.10681825800581635
2023-02-24,115800.68577162318,-0.018005478059735514,1,142.89745936508572,-0.12290042226464903
2023-02-27,116755.74807188871,0.008247466704550233,1,142.89745936508572,-0.1156665727007018
2023-02-28,116353.21329109087,-0.0034476656391254634,1,142.89745936508572,-0.11871545867153155
2023-03-01,114457.66084014969,-0.016291363146103355,0,,-0.13307278516936083
2023-03-02,114457.66084014969,0.0,0,,-0.13307278516936083
2023-03-03,114457.66084014969,0.0,0,,-0.13307278516936083
2023-03-06,114457.66084014969,0.0,0,,-0.13307278516936083
2023-03-07,114457.66084014969,0.0,0,,-0.13307278516936083
2023-03-08,114331.10352340572,-0.0011057129406193411,1,142.5626191906552,-0.13403135780937414
2023-03-09,114674.88179573357,0.0030068656886310663,0,,-0.13142750641174072
2023-03-10,114674.88179573357,0.0,0,,-0.13142750641174072
2023-03-13,114674.88179573357,0.0,0,,-0.13142750641174072
2023-03-14,114674.88179573357,0.0,0,,-0.13142750641174072
2023-03-15,114674.88179573357,0.0,0,,-0.13142750641174072
2023-03-16,114674.88179573357,0.0,0,,-0.13142750641174072
2023-03-17,113710.81812580758,-0.008406929702733379,1,144.84616260127854,-0.13872953430706503
2023-03-20,115471.47742280363,0.01548365692917697,1,145.89544936949468,-0.1253939178930431
2023-03-21,116850.68063737456,0.01194410295384829,1,147.6644842694208,-0.1149475328042957
2023-03-22,115786.9608293569,-0.009103240154147874,1,147.6644842694208,-0.12300437796219932
2023-03-23,116593.92303748631,0.006969370318983259,1,147.6644842694208,-0.1168922707040907
2023-03-24,117562.3072662996,0.00830561493759796,1,149.07403861442978,-0.10955751795614244
2023-03-27,116117.07449305299,-0.012293334546189971,1,149.07403861442978,-0.1205040252820474
2023-03-28,115654.90171200555,-0.003980231013097857,1,149.07403861442978,-0.12400462243651444
2023-03-29,117943.79747840702,0.019790737206288878,1,149.63314171488386,-0.10666802812523168
2023-03-30,119110.23625356505,0.009889784796623724,1,151.4840327902444,-0.09783316717144674
2023-03-31,120973.63727082299,0.015644339864216983,1,154.39623012817316,-0.08371936262445268
2023-04-03,121905.32071461082,0.007701541135793688,1,155.86196859637917,-0.07666258960377359
2023-04-04,121509.1661156783,-0.0032496907978278866,1,155.86196859637917,-0.07966315068962848
2023-04-05,120137.3007828003,-0.01129022094984966,1,155.86196859637917,-0.090053957066631
2023-04-06,120797.57361643553,0.0054959852546458965,1,155.86196859637917,-0.08505290703214585
2023-04-10,118868.1430405019,-0.015972428238170466,1,155.86196859637917,-0.09966683381629748
2023-04-11,117965.7883703643,-0.007591223746383768,1,155.86196859637917,-0.10650146432708818
2023-04-12,117452.27317058783,-0.004353085813017632,1,155.86196859637917,-0.11039094012667794
2023-04-13,121457.82369694926,0.034103644129081845,1,155.86196859637917,-0.0800520293347512
2023-04-14,121201.03196737872,-0.0021142460959227005,1,155.86196859637917,-0.0819970257401822
2023-04-17,121215.73048388612,0.00012127385607874075,1,155.86196859637917,-0.08188569597960194
2023-04-18,122125.40028259513,0.007504552380104945,1,156.90743220285714,-0.07499565909415717
2023-04-19,122976.41253400371,0.0069683476937587585,1,158.18590244811244,-0.06854990722848919
2023-04-20,122257.43664682496,-0.005846453578892241,1,158.18590244811244,-0.07399558695693265
2023-04-21,121061.65772145595,-0.009780827720307528,1,158.18590244811244,-0.08305267658915139
2023-04-24,121289.08654769398,0.001878619791918723,1,158.18590244811244,-0.08133008119924479
2023-04-25,120144.650041054,-0.009435609906996545,1,158.18590244811244,-0.08999829218634092
2023-04-26,120137.3007828003,-6.117008332195972e-05,1,158.18590244811244,-0.090053957066631
2023-04-27,123548.6307873237,0.028395260941402656,1,158.8374195312249,-0.06421580173494124
2023-04-28,124480.32560767229,0.007541118136326519,1,160.54565354120007,-0.05715894254571685
2023-05-01,124414.30742555737,-0.0005303503328147885,1,160.54565354120007,-0.057658978614329115
2023-05-02,123643.98911964959,-0.006191557240060153,1,160.54565354120007,-0.06349353698789528
2023-05-03,122844.3420400916,-0.006467334847828132,1,160.54565354120007,-0.06955023787134973
2023-05-04,121626.538093083,-0.00991339061111296,1,160.54565354120007,-0.0787741498073482
2023-05-05,127334.11312226157,0.04692705324565316,1,163.25929842703826,-0.0355437352840855
2023-05-08,127282.72519728947,-0.00040356761995707924,1,163.26768142319492,-0.03593295860338963
2023-05-09,126013.60158467338,-0.009970902262258607,1,163.26768142319492,-0.04554557684742
2023-05-10,127326.7866171294,0.010420978497100108,1,163.4550466933557,-0.03559922782728486
2023-05-11,127466.13810993063,0.0010944397208441092,1,163.5962632445222,-0.03454374931540638
2023-05-12,126775.59224810173,-0.005417484769432268,1,163.5962632445222,-0.03977409384904329
2023-05-15,126408.2658541458,-0.002897453582682341,1,163.5962632445222,-0.04255630384100484
2023-05-16,126408.2658541458,0.0,1,163.5962632445222,-0.04255630384100484
2023-05-17,126863.73784090311,0.0036031819887700767,1,163.5962632445222,-0.03910645995974327
2023-05-18,128597.48019513096,0.013666177457281714,1,165.50275511075483,-0.025974718323997448
2023-05-19,128678.28790623939,0.0006283770956150292,1,165.67404085433478,-0.0253626631464422
2023-05-22,127973.03215134233,-0.005480767318033819,1,165.67404085433478,-0.03070442360920478
2023-05-23,126033.61295505769,-0.015154905402187113,1,165.67404085433478,-0.04539400637616564
2023-05-24,126239.30117367524,0.0016320108088221374,1,165.67404085433478,-0.0438360790764053
2023-05-25,127084.14732914958,0.006692417873194856,1,165.67404085433478,-0.03743703056231207
2023-05-26,128876.64961972476,0.014104845712444192,1,167.42027570824968,-0.023860228389881333
2023-05-30,130250.40346168961,0.010659447200236594,1,168.9773080379257,-0.013455118034352287
2023-05-31,130213.6913001034,-0.00028185833295335527,1,168.9773080379257,-0.013733183930166759
2023-06-01,132300.00464897597,0.016022227217752816,1,171.53164761388916,0.0
2023-06-02,132931.81332757906,0.004775575634176521,1,172.474071985045,0.0
2023-06-05,131925.37450300937,-0.007571090767336197,1,172.474071985045,-0.007571090767336197
2023-06-06,131653.5770897908,-0.0020602360557434585,1,172.474071985045,-0.009615728588899475
2023-06-07,130632.42837215295,-0.00775633097262074,1,172.474071985045,-0.017297476788041832
2023-06-08,132652.6666561068,0.015465059550133109,1,172.474071985045,-0.0020999237465028076
2023-06-09,132939.151209272,0.002159659209173048,1,172.474071985045,0.0
2023-06-12,135018.18355925544,0.01563897716415119,1,173.50410872575432,0.0
2023-06-13,134665.54430524615,-0.0026117908322661476,1,173.50410872575432,-0.0026117908322661476
2023-06-14,135135.69205538934,0.003491225261582187,1,173.79191875628732,0.0
2023-06-15,136649.059051053,0.011198869615018925,1,175.72846274167688,0.0
2023-06-16,135848.30844510088,-0.005859905743316851,1,175.72846274167688,-0.005859905743316851
2023-06-20,135914.40626314114,0.0004865560623963372,1,175.72846274167688,-0.005376200853584923
2023-06-21,135143.04131364304,-0.005675372984411009,1,175.72846274167688,-0.011021061892912742
2023-06-22,137376.32845102888,0.01652535798867194,1,176.96959668801577,0.0
2023-06-23,137141.26595251806,-0.0017110844434499173,1,176.96959668801577,-0.0017110844434499173
2023-06-26,136105.4187183728,-0.007553140383755208,1,176.96959668801577,-0.00925130076619518
2023-06-27,138155.07678846296,0.015059342158384448,1,178.65278498290246,0.0
2023-06-28,139029.2630941483,0.0063275727972260665,1,180.1050495637591,0.0
2023-06-29,139279.0354857273,0.0017965454611512666,1,180.83594306912093,0.0
2023-06-30,142496.75917916477,0.023102713787583662,1,184.58337321362853,0.0
2023-07-03,141387.43073904325,-0.007784938033058908,1,184.58337321362853,-0.007784938033058908
2023-07-05,140557.30585319785,-0.005871277818022991,1,184.58337321362853,-0.013610508317093761
2023-07-06,140909.89960096407,0.002508540880361565,1,184.58337321362853,-0.011136109953248208
2023-07-07,140079.78609167945,-0.005891094320806256,1,184.58337321362853,-0.01696160039995298
2023-07-10,137414.18581144194,-0.019029157272505537,0,,-0.03566799271085441
2023-07-11,137414.18581144194,0.0,0,,-0.03566799271085441
2023-07-12,137414.18581144194,0.0,0,,-0.03566799271085441
2023-07-13,137414.18581144194,0.0,0,,-0.03566799271085441
2023-07-14,137414.18581144194,0.0,0,,-0.03566799271085441
2023-07-17,137414.18581144194,0.0,0,,-0.03566799271085441
2023-07-18,137414.18581144194,0.0,0,,-0.03566799271085441
2023-07-19,137414.18581144194,0.0,0,,-0.03566799271085441
2023-07-20,137414.18581144194,0.0,0,,-0.03566799271085441
2023-07-21,137414.18581144194,0.0,0,,-0.03566799271085441
2023-07-24,137414.18581144194,0.0,0,,-0.03566799271085441
2023-07-25,137414.18581144194,0.0,0,,-0.03566799271085441
2023-07-26,137414.18581144194,0.0,0,,-0.03566799271085441
2023-07-27,137414.18581144194,0.0,0,,-0.03566799271085441
2023-07-28,137414.18581144194,0.0,0,,-0.03566799271085441
2023-07-31,137414.18581144194,0.0,0,,-0.03566799271085441
2023-08-01,137414.18581144194,0.0,0,,-0.03566799271085441
2023-08-02,137414.18581144194,0.0,0,,-0.03566799271085441
2023-08-03,137414.18581144194,0.0,0,,-0.03566799271085441
2023-08-04,137414.18581144194,0.0,0,,-0.03566799271085441
2023-08-07,137414.18581144194,0.0,0,,-0.03566799271085441
2023-08-08,137414.18581144194,0.0,0,,-0.03566799271085441
2023-08-09,137414.18581144194,0.0,0,,-0.03566799271085441
2023-08-10,137414.18581144194,0.0,0,,-0.03566799271085441
2023-08-11,137414.18581144194,0.0,0,,-0.03566799271085441
2023-08-14,137414.18581144194,0.0,0,,-0.03566799271085441
2023-08-15,137414.18581144194,0.0,0,,-0.03566799271085441
2023-08-16,137414.18581144194,0.0,0,,-0.03566799271085441
2023-08-17,137414.18581144194,0.0,0,,-0.03566799271085441
2023-08-18,137414.18581144194,0.0,0,,-0.03566799271085441
2023-08-21,137414.18581144194,0.0,0,,-0.03566799271085441
2023-08-22,137414.18581144194,0.0,0,,-0.03566799271085441
2023-08-23,137414.18581144194,0.0,0,,-0.03566799271085441
2023-08-24,137414.18581144194,0.0,0,,-0.03566799271085441
2023-08-25,137414.18581144194,0.0,0,,-0.03566799271085441
2023-08-28,137414.18581144194,0.0,0,,-0.03566799271085441
2023-08-29,137414.18581144194,0.0,0,,-0.03566799271085441
2023-08-30,137414.18581144194,0.0,0,,-0.03566799271085441
2023-08-31,137414.18581144194,0.0,0,,-0.03566799271085441
2023-09-01,137414.18581144194,0.0,0,,-0.03566799271085441
2023-09-05,138243.19181989046,0.006032899758879884,1,179.5166604451055,-0.029850274376599595
2023-09-06,132392.6210806456,-0.04232085979949929,0,,-0.07090784489923019
2023-09-07,132392.6210806456,0.0,0,,-0.07090784489923019
2023-09-08,132392.6210806456,0.0,0,,-0.07090784489923019
2023-09-11,131673.0941904547,-0.005434796020486687,1,168.06474515861572,-0.07595727124643736
2023-09-12,129426.70959901517,-0.017060315968502326,1,168.06474515861572,-0.09172173216737023
2023-09-13,129386.4782422102,-0.0003108427690823312,0,,-0.09200406389924054
2023-09-14,129386.4782422102,0.0,0,,-0.09200406389924054
2023-09-15,129386.4782422102,0.0,0,,-0.09200406389924054
2023-09-18,130283.4520215061,0.0069325156034989455,1,165.6174972769465,-0.08570936790430839
2023-09-19,131088.72618986672,0.006180939757626902,1,167.21378519240307,-0.08005819258636226
2023-09-20,128467.96515063338,-0.019992268713004968,1,167.21378519240307,-0.09844991640050316
2023-09-21,127588.16026872705,-0.006848437903369309,0,,-0.10462412616481165
2023-09-22,127588.16026872705,0.0,0,,-0.10462412616481165
2023-09-25,127588.16026872705,0.0,0,,-0.10462412616481165
2023-09-26,127588.16026872705,0.0,0,,-0.10462412616481165
2023-09-27,127588.16026872705,0.0,0,,-0.10462412616481165
2023-09-28,127588.16026872705,0.0,0,,-0.10462412616481165
2023-09-29,127588.16026872705,0.0,0,,-0.10462412616481165
2023-10-02,127588.16026872705,0.0,0,,-0.10462412616481165
2023-10-03,127588.16026872705,0.0,0,,-0.10462412616481165
2023-10-04,127588.16026872705,0.0,0,,-0.10462412616481165
2023-10-05,127588.16026872705,0.0,0,,-0.10462412616481165
2023-10-06,127588.16026872705,0.0,0,,-0.10462412616481165
2023-10-09,127588.16026872705,0.0,0,,-0.10462412616481165
2023-10-10,127588.16026872705,0.0,0,,-0.10462412616481165
2023-10-11,128540.92597663256,0.00746750878685587,1,169.31184729073732,-0.09793789895940863
2023-10-12,129191.5064971706,0.0050612714635049905,1,170.18329870415667,-0.09337231778910238
2023-10-13,127861.75409898981,-0.010292877869722106,1,170.18329870415667,-0.10270412579540844
2023-10-16,127768.8156040857,-0.00072686704135283,1,170.18329870415667,-0.1033563405927096
2023-10-17,126646.37818543705,-0.008784909004140085,1,170.18329870415667,-0.11123327354974188
2023-10-18,125335.70319142101,-0.010349091800295529,0,,-0.1204312019908238
2023-10-19,124735.66497656872,-0.004787448425097818,1,166.08476010214494,-0.12464209224761791
2023-10-20,122901.51017062223,-0.01470433341010391,1,166.08476010214494,-0.1375136467763799
2023-10-23,121318.77143921574,-0.012878106454584759,0,,-0.1486208378488203
2023-10-24,121318.77143921574,0.0,0,,-0.1486208378488203
2023-10-25,120587.34067872039,-0.006028999072594576,1,162.0683558161304,-0.15375380202785605
2023-10-26,117620.23726088056,-0.02460543039708496,1,162.0683558161304,-0.1745760539508575
2023-10-27,117457.86430941029,-0.001380484814956895,0,,-0.17571553917428007
2023-10-30,117457.86430941029,0.0,0,,-0.17571553917428007
2023-10-31,117457.86430941029,0.0,0,,-0.17571553917428007
2023-11-01,117457.86430941029,0.0,0,,-0.17571553917428007
2023-11-02,118651.74729936612,0.010164351250341763,1,167.2313652224001,-0.16733722238424886
2023-11-03,118037.01145670962,-0.005181009607094,1,167.2313652224001,-0.17165125623454558
2023-11-06,117679.79378252813,-0.003026319200842398,0,,-0.17415810394279674
2023-11-07,119234.82028917599,0.013214048535142187,1,171.08109371100883,-0.16324538904594288
2023-11-08,119936.5229615052,0.005885048265493298,1,172.2760218128627,-0.15832104777410427
2023-11-09,119621.74102299252,-0.0026245711543072536,1,172.2760218128627,-0.16053009407330399
2023-11-10,122399.37368417931,0.023220132372533397,1,176.01393724360472,-0.14103749173492786
2023-11-13,121348.73140954107,-0.008583722636924307,1,176.01393724360472,-0.14841058766139203
2023-11-14,123082.28355632605,0.014285704734187998,1,176.95379727707373,-0.1362450327619621
2023-11-15,123456.58786087812,0.003041090023169657,1,178.1595595463849,-0.1336182761486313
2023-11-16,124572.8680215288,0.00904188411483231,1,179.69389646915027,-0.12578455300235847
2023-11-17,124559.75464288016,-0.00010526673148747445,1,179.8746023017176,-0.12587657880507985
2023-11-20,125715.44593224596,0.009278207818241402,1,181.7503005595613,-0.11776628004444123
2023-11-21,125183.54782195418,-0.004230968647865541,1,181.7503005595613,-0.12149898325366304
2023-11-22,125623.52043799122,0.003514620121350065,1,182.28936470977817,-0.1184113859035798
2023-11-24,124743.61577321382,-0.007004298730919012,1,182.28936470977817,-0.12458629591448789
2023-11-27,124625.40267071676,-0.0009476485170348825,1,182.28936470977817,-0.1254158804129566
2023-11-28,125025.96415803865,0.0032141239164558133,1,182.34044844158387,-0.12260485867723947
2023-11-29,124349.6261879525,-0.005409580119144164,1,182.34044844158387,-0.12735119799037276
2023-11-30,124730.4618272685,0.0030626198967449447,1,182.34044844158387,-0.12467860640646744
2023-12-01,125577.55769086383,0.006791411265424596,1,183.34403557854898,-0.1187339388331492
2023-12-04,124389.00689119514,-0.009464675229586494,1,183.34403557854898,-0.12707483589295032
2023-12-05,127009.03560481807,0.02106318539800478,1,184.92261868791005,-0.10868825132277993
2023-12-06,126286.72474578038,-0.005687082463055049,1,184.92261868791005,-0.11375721473779699
2023-12-07,127567.20103970382,0.010139437035057375,1,185.70594443124077,-0.10477121181885718
2023-12-08,128512.763874142,0.007412272329655245,1,187.03860621335866,-0.09813553224351124
2023-12-11,126851.4316572542,-0.01292737131165278,1,187.03860621335866,-0.10979426909098544
2023-12-12,127856.14161023757,0.007920367471279555,1,187.03860621335866,-0.10274351257714698
2023-12-13,129990.24510252026,0.016691442940522938,1,188.5046956705808,-0.08776700711431451
2023-12-14,130088.72221518726,0.0007575730978068851,1,188.5046956705808,-0.08707592393997243
2023-12-15,129734.14375864108,-0.002725666379900682,1,188.5046956705808,-0.08956425040149119
2023-12-18,128630.95669299072,-0.008503444303010532,1,188.5046956705808,-0.09730609008967173
2023-12-19,129320.45875084636,0.005360311977631538,1,188.5046956705808,-0.09246736911224429
2023-12-20,127934.92330037117,-0.010713969497623044,1,188.5046956705808,-0.10219064603767325
2023-12-21,127836.41576223167,-0.0007699816093860168,1,188.5046956705808,-0.10288194272895901
2023-12-22,127127.24870731513,-0.005547457277240597,1,188.5046956705808,-0.10785866682431122
2023-12-26,126766.0882068842,-0.002840936967513752,1,188.5046956705808,-0.11039318411797705
2023-12-27,126831.75651836915,0.0005180274347329483,1,188.5046956705808,-0.1099323433812247
2023-12-28,127114.11504501814,0.0022262447071612623,1,188.5046956705808,-0.10795083497166169
2023-12-29,126424.63327081084,-0.00542411654255015,1,188.5046956705808,-0.11278941360445993
2024-01-02,122707.52357376978,-0.02940178350431699,0,,-0.13887498718839975
2024-01-03,122707.52357376978,0.0,0,,-0.13887498718839975
2024-01-04,122707.52357376978,0.0,0,,-0.13887498718839975
2024-01-05,122707.52357376978,0.0,0,,-0.13887498718839975
2024-01-08,122707.52357376978,0.0,0,,-0.13887498718839975
2024-01-09,122707.52357376978,0.0,0,,-0.13887498718839975
2024-01-10,122707.52357376978,0.0,0,,-0.13887498718839975
2024-01-11,122707.52357376978,0.0,0,,-0.13887498718839975
2024-01-12,122707.52357376978,0.0,0,,-0.13887498718839975
2024-01-16,122707.52357376978,0.0,0,,-0.13887498718839975
2024-01-17,122707.52357376978,0.0,0,,-0.13887498718839975
2024-01-18,122707.52357376978,0.0,0,,-0.13887498718839975
2024-01-19,122707.52357376978,0.0,0,,-0.13887498718839975
2024-01-22,122707.52357376978,0.0,0,,-0.13887498718839975
2024-01-23,122707.52357376978,0.0,0,,-0.13887498718839975
2024-01-24,121946.92077493542,-0.00619850174367742,1,184.79031345584863,-0.14421267208183675
2024-01-25,121740.02230819878,-0.0016966272327489929,1,184.79031345584863,-0.14566462416782422
2024-01-26,120642.80970076036,-0.009012751818466835,1,184.79031345584863,-0.15336453687993623
2024-01-29,120205.18135998135,-0.003627471391494441,0,,-0.15643568280142894
2024-01-30,120205.18135998135,0.0,0,,-0.15643568280142894
2024-01-31,120205.18135998135,0.0,0,,-0.15643568280142894
2024-02-01,120205.18135998135,0.0,0,,-0.15643568280142894
2024-02-02,124022.42634944453,0.031756076953385115,1,174.10595462743552,-0.1296473894293413
2024-02-05,125243.63863187426,0.009846705296579605,1,176.1926665801136,-0.12107728376894333
2024-02-06,126324.7001415063,0.008631668014769112,1,177.93251923068146,-0.11349071467179783
2024-02-07,126398.09429160868,0.0005809960365641409,1,178.75039059933798,-0.11297565629064477
2024-02-08,125670.73878439398,-0.005754481594767102,1,178.75039059933798,-0.11808002155063058
2024-02-09,126185.21930548106,0.0040938767931471,1,178.94816676202228,-0.11446954981744395
2024-02-12,125049.31574098386,-0.009001874948184718,1,178.94816676202228,-0.12244098419279703
2024-02-13,123639.44926343067,-0.011274483744265096,1,178.94816676202228,-0.1323350090511486
2024-02-14,123044.78246404046,-0.004809684958424487,1,178.94816676202228,-0.13650820430706678
2024-02-15,122850.99552256803,-0.001574930180636147,1,178.94816676202228,-0.1378681435968353
2024-02-16,122373.16604486921,-0.003889504319165571,0,,-0.14122140917600556
2024-02-20,122373.16604486921,0.0,0,,-0.14122140917600556
2024-02-21,122373.16604486921,0.0,0,,-0.14122140917600556
2024-02-22,122373.16604486921,0.0,0,,-0.14122140917600556
2024-02-23,122373.16604486921,0.0,0,,-0.14122140917600556
2024-02-26,122373.16604486921,0.0,0,,-0.14122140917600556
2024-02-27,122373.16604486921,0.0,0,,-0.14122140917600556
2024-02-28,122373.16604486921,0.0,0,,-0.14122140917600556
2024-02-29,122373.16604486921,0.0,0,,-0.14122140917600556
2024-03-01,122373.16604486921,0.0,0,,-0.14122140917600556
2024-03-04,122373.16604486921,0.0,0,,-0.14122140917600556
2024-03-05,122373.16604486921,0.0,0,,-0.14122140917600556
2024-03-06,122373.16604486921,0.0,0,,-0.14122140917600556
2024-03-07,122373.16604486921,0.0,0,,-0.14122140917600556
2024-03-08,122373.16604486921,0.0,0,,-0.14122140917600556
2024-03-11,122373.16604486921,0.0,0,,-0.14122140917600556
2024-03-12,122373.16604486921,0.0,0,,-0.14122140917600556
2024-03-13,122373.16604486921,0.0,0,,-0.14122140917600556
2024-03-14,122373.16604486921,0.0,0,,-0.14122140917600556
2024-03-15,122373.16604486921,0.0,0,,-0.14122140917600556
2024-03-18,122373.16604486921,0.0,0,,-0.14122140917600556
2024-03-19,122373.16604486921,0.0,0,,-0.14122140917600556
2024-03-20,122373.16604486921,0.0,0,,-0.14122140917600556
2024-03-21,122373.16604486921,0.0,0,,-0.14122140917600556
2024-03-22,122373.16604486921,0.0,0,,-0.14122140917600556
2024-03-25,122373.16604486921,0.0,0,,-0.14122140917600556
2024-03-26,122373.16604486921,0.0,0,,-0.14122140917600556
2024-03-27,122373.16604486921,0.0,0,,-0.14122140917600556
2024-03-28,122373.16604486921,0.0,0,,-0.14122140917600556
2024-04-01,122373.16604486921,0.0,0,,-0.14122140917600556
2024-04-02,122373.16604486921,0.0,0,,-0.14122140917600556
2024-04-03,122373.16604486921,0.0,0,,-0.14122140917600556
2024-04-04,122373.16604486921,0.0,0,,-0.14122140917600556
2024-04-05,122373.16604486921,0.0,0,,-0.14122140917600556
2024-04-08,121770.60443573342,-0.004923968453303451,1,159.34680025048345,-0.14545000786559525
2024-04-09,121768.39100601702,-1.8177044670664166e-05,0,,-0.14546554105897558
2024-04-10,121768.39100601702,0.0,0,,-0.14546554105897558
2024-04-11,121768.39100601702,0.0,0,,-0.14546554105897558
2024-04-12,123183.81420984468,0.011623896744744844,1,167.68802299783096,-0.1355325207434187
2024-04-15,120490.56343576474,-0.021863674147091894,1,167.68802299783096,-0.15443295602064244
2024-04-16,118098.64092990971,-0.019851533909791996,0,,-0.17121875886720128
2024-04-17,118098.64092990971,0.0,0,,-0.17121875886720128
2024-04-18,118098.64092990971,0.0,0,,-0.17121875886720128
2024-04-19,118098.64092990971,0.0,0,,-0.17121875886720128
2024-04-22,118098.64092990971,0.0,0,,-0.17121875886720128
2024-04-23,118098.64092990971,0.0,0,,-0.17121875886720128
2024-04-24,118098.64092990971,0.0,0,,-0.17121875886720128
2024-04-25,118098.64092990971,0.0,0,,-0.17121875886720128
2024-04-26,118098.64092990971,0.0,0,,-0.17121875886720128
2024-04-29,118098.64092990971,0.0,0,,-0.17121875886720128
2024-04-30,115880.7655552631,-0.018779855188705286,1,162.4925314321937,-0.1867831505587907
2024-05-01,115180.02616320633,-0.006047072511982887,1,162.4925314321937,-0.19170073181532798
2024-05-02,117187.81728628477,0.017431764776936864,0,,-0.17761064910296265
2024-05-03,114962.31788878085,-0.018990876774051757,1,175.96561128626868,-0.19322854392614064
2024-05-06,113915.39038406692,-0.009106701430000474,1,175.96561128626868,-0.200575570698852
2024-05-07,114347.95486663604,0.0037972435604243238,1,175.96561128626868,-0.1975399614326424
2024-05-08,114561.11365428852,0.0018641241804551179,1,175.96561128626868,-0.19604407627090004
2024-05-09,115708.368810497,0.010014350590817012,1,175.96561128626868,-0.18799297979111262
2024-05-10,114911.11452351205,-0.006890204184717752,1,175.96561128626868,-0.19358787395977617
2024-05-13,116938.73877775087,0.017645153496652854,1,175.96561128626868,-0.17935860821423422
2024-05-14,117660.67238256801,0.0061736051915970425,1,175.96561128626868,-0.17429229225746623
2024-05-15,119098.24433426272,0.012217947786500094,1,177.43114995887677,-0.1642038385973572
2024-05-16,119173.57468656563,0.0006325059846514769,1,177.67685605074357,-0.1636751925233213
2024-05-17,119192.39276943872,0.00015790482850408516,1,178.60704324125447,-0.16354313279802302
2024-05-20,119926.87820959465,0.00616218387004519,1,180.13273553219554,-0.15838873178296242
2024-05-21,120749.23616725719,0.006857161379830945,1,181.7461219476104,-0.152617667497714
2024-05-22,119838.99602195296,-0.007538268350148369,1,181.7461219476104,-0.15900546291529083
2024-05-23,117315.40987953555,-0.02105813822034286,1,181.7461219476104,-0.17671524211977396
2024-05-24,119261.43753393715,0.016587996891455736,1,181.7461219476104,-0.16305859711527382
2024-05-28,119267.73279187671,5.27853602114714e-05,1,181.7461219476104,-0.16301441886184664
2024-05-29,119456.06834276905,0.001579098943894408,1,181.7461219476104,-0.16169273581461652
2024-05-30,120083.81483186985,0.005255040600361305,1,182.5410289445256,-0.15728739710574446
2024-05-31,120686.45765029307,0.005018518267986272,1,183.545020229865,-0.1530582285134573
2024-06-03,121803.880439768,0.009258891272729386,1,185.5399407570766,-0.14521648673693055
2024-06-04,122004.75815586405,0.0016491897907586761,1,185.80915626456212,-0.14380678649354828
2024-06-05,122958.93939498912,0.0078208526745005,1,187.44391611315615,-0.13711062550980724
2024-06-06,122086.37409597143,-0.007096395783105169,1,187.44391611315615,-0.14323403002822577
2024-06-07,123599.26672983397,0.012391985961293761,1,188.0899240271845,-0.1326169981562213
2024-06-10,121232.60753955667,-0.019147841673287536,1,188.0899240271845,-0.14922551054562683
2024-06-11,130040.0505322725,0.07264912610117746,1,195.69349223811278,-0.08741748737759114
2024-06-12,133756.4091567379,0.028578569519573715,1,199.65612605777665,-0.06133718459826443
2024-06-13,134490.87525662367,0.005491072199950375,1,200.67709124192217,-0.05618291930748476
2024-06-14,133392.289890292,-0.00816847510461527,1,200.67709124192217,-0.0638924656344323
2024-06-17,136016.3100556899,0.019671453031925523,1,202.60121972789918,-0.045477870239328366
2024-06-18,134522.23550470045,-0.010984524946881069,1,202.60121972789918,-0.05596284238603455
2024-06-20,131628.2928587081,-0.021512745719210358,1,202.60121972789918,-0.07627167370726995
2024-06-21,130253.50909411258,-0.010444439677351314,1,202.60121972789918,-0.0859194984894951
2024-06-24,130661.55011410915,0.0031326681548498048,1,202.60121972789918,-0.08305598761144395
2024-06-25,131245.3555093891,0.0044680733909103765,1,202.60121972789918,-0.0789590144687361
2024-06-26,133869.39501505718,0.01999338944592477,1,202.60121972789918,-0.060544283349351025
2024-06-27,134403.00273911704,0.003986032236866777,1,202.60121972789918,-0.056799582577672814
2024-06-28,132218.38384179253,-0.01625424174164447,1,202.60121972789918,-0.07213059017327528
2024-07-01,136066.5367373152,0.029104522258623478,1,202.60121972789918,-0.04512539428187756
2024-07-02,138276.23996504716,0.01623987264405735,1,203.84473963949793,-0.029618352293970696
2024-07-03,139079.7701697015,0.005811050436846266,1,207.01947702694736,-0.023979415596161013
2024-07-05,142086.7276844184,0.0216203802396846,1,211.8084643204308,-0.0028774794395907133
2024-07-08,143015.814923001,0.006538874205380685,1,213.14537008092213,0.0
2024-07-09,143555.68889459517,0.0037749249751493075,1,214.60396726261132,0.0
2024-07-10,146255.04908243104,0.018803575174355158,1,219.08093500250817,0.0
2024-07-11,142858.87830072577,-0.023220878889392393,1,219.08093500250817,-0.023220878889392393
2024-07-12,144723.31902542524,0.013050926528869411,1,219.08093500250817,-0.01047300634484416
2024-07-15,147146.451804592,0.01674320901071291,1,220.02052162605773,0.0
2024-07-16,147410.11770778726,0.0017918604217883605,1,220.3127445538581,0.0
2024-07-17,143681.2459285234,-0.025295901239666962,1,220.3127445538581,-0.025295901239666962
2024-07-18,139412.0012281021,-0.029713305120872224,0,,-0.05425758152869742
2024-07-19,139412.0012281021,0.0,0,,-0.05425758152869742
2024-07-22,139412.0012281021,0.0,0,,-0.05425758152869742
2024-07-23,139412.0012281021,0.0,0,,-0.05425758152869742
2024-07-24,139412.0012281021,0.0,0,,-0.05425758152869742
2024-07-25,139412.0012281021,0.0,0,,-0.05425758152869742
2024-07-26,139412.0012281021,0.0,0,,-0.05425758152869742
2024-07-29,139412.0012281021,0.0,0,,-0.05425758152869742
2024-07-30,139412.0012281021,0.0,0,,-0.05425758152869742
2024-07-31,139412.0012281021,0.0,0,,-0.05425758152869742
2024-08-01,139412.0012281021,0.0,0,,-0.05425758152869742
2024-08-02,139412.0012281021,0.0,0,,-0.05425758152869742
2024-08-05,139412.0012281021,0.0,0,,-0.05425758152869742
2024-08-06,139412.0012281021,0.0,0,,-0.05425758152869742
2024-08-07,139412.0012281021,0.0,0,,-0.05425758152869742
2024-08-08,139412.0012281021,0.0,0,,-0.05425758152869742
2024-08-09,139412.0012281021,0.0,0,,-0.05425758152869742
2024-08-12,139412.0012281021,0.0,0,,-0.05425758152869742
2024-08-13,139412.0012281021,0.0,0,,-0.05425758152869742
2024-08-14,139412.0012281021,0.0,0,,-0.05425758152869742
2024-08-15,139412.0012281021,0.0,0,,-0.05425758152869742
2024-08-16,140527.3456408963,0.008000347193706014,1,207.68524910462403,-0.046691313825111824
2024-08-19,140427.87707912308,-0.0007078235294317725,1,207.73821851855283,-0.04736608814399801
2024-08-20,140813.30699513922,0.0027446823524859276,1,208.93644048026988,-0.044751410657747126
2024-08-21,140744.93491325108,-0.0004855512830935771,1,209.62806083559136,-0.045215232835975616
2024-08-22,139582.42778226655,-0.008259672944543661,1,209.62806083559136,-0.05310144274518269
2024-08-23,141018.45193641726,0.010288000982406897,1,214.20533440321734,-0.04335974945790533
2024-08-26,141229.83339104045,0.001498963091145722,1,215.52001995354928,-0.04192578103083844
2024-08-27,141758.24398417803,0.003741494133711054,1,216.94410194880948,-0.038341151960905484
2024-08-28,140800.87222926703,-0.006753552583635636,1,216.94410194880948,-0.04483576555865598
2024-08-29,142852.3599028654,0.014570134695315762,1,218.61124397542898,-0.03091889400669734
2024-08-30,142361.27273775346,-0.003437725253162549,1,218.61124397542898,-0.03425032859713317
2024-09-03,138488.28316796562,-0.027205359261730844,1,218.61124397542898,-0.06052389536454672
2024-09-04,136834.23094196853,-0.0119436257577904,0,,-0.0717446463666993
2024-09-05,136834.23094196853,0.0,0,,-0.0717446463666993
2024-09-06,136834.23094196853,0.0,0,,-0.0717446463666993
2024-09-09,136834.23094196853,0.0,0,,-0.0717446463666993
2024-09-10,136834.23094196853,0.0,0,,-0.0717446463666993
2024-09-11,136834.23094196853,0.0,0,,-0.0717446463666993
2024-09-12,136834.23094196853,0.0,0,,-0.0717446463666993
2024-09-13,136834.23094196853,0.0,0,,-0.0717446463666993
2024-09-16,136834.23094196853,0.0,0,,-0.0717446463666993
2024-09-17,136834.23094196853,0.0,0,,-0.0717446463666993
2024-09-18,136834.23094196853,0.0,0,,-0.0717446463666993
2024-09-19,136834.23094196853,0.0,0,,-0.0717446463666993
2024-09-20,135577.69584534323,-0.009182900272653227,1,215.21611550139514,-0.0802687227066704
2024-09-23,134549.8785785664,-0.007581020317304232,1,215.21611550139514,-0.08724122420629132
2024-09-24,135641.2772175416,0.008111479924806542,0,,-0.07983739972024972
2024-09-25,136305.195260284,0.00489466080209211,1,212.4588416026964,-0.0753335159091092
2024-09-26,136659.88020715173,0.0026021381370713303,0,,-0.07292740598678471
2024-09-27,136055.0100177815,-0.0044260992213176475,1,214.9529596990429,-0.07703072127325161
2024-09-30,137192.81173147762,0.00836280643797993,0,,-0.06931210784705788
2024-10-01,135011.782975476,-0.01589754396367693,1,216.33708690647424,-0.08410775952902105
2024-10-02,135351.97755832598,0.0025197399467848935,1,216.33708690647424,-0.08179994926375589
2024-10-03,134689.47742076454,-0.004894646901453359,1,216.33708690647424,-0.08629421429700634
2024-10-04,135363.92500473678,0.005007425946611299,1,216.33708690647424,-0.08171890023810835
2024-10-07,132314.05692254228,-0.022530878017077094,1,216.33708690647424,-0.10240857968223094
2024-10-08,134749.17791970118,0.018404098958166193,1,216.33708690647424,-0.08588921835870178
2024-10-09,136999.27420488105,0.016698404546265477,1,216.61193282479573,-0.07062502672675253
2024-10-10,136700.84517643251,-0.0021783256165447407,1,216.6650458882369,-0.0726495080384092
2024-10-11,135811.56395576993,-0.006505308869998783,1,216.6650458882369,-0.07868220941936477
2024-10-14,138049.72197781835,0.016479878125675196,1,219.08518114604988,-0.06349900451557966
2024-10-15,139571.65767821373,0.01102454737750147,1,221.11106815151382,-0.053174504921784216
2024-10-16,138336.18519329745,-0.008851886589788083,1,221.11106815151382,-0.06155569682453654
2024-10-17,138557.03387795013,0.0015964636030991741,1,221.11106815151382,-0.06005750465098125
2024-10-18,140258.0251587588,0.012276470080234247,1,222.1010049613023,-0.0485183287296882
2024-10-21,141141.3556144143,0.006297896000286851,1,224.78357185313524,-0.042525996117848575
2024-10-22,140771.31537373565,-0.0026217704872381065,1,224.78357185313524,-0.045036273203524435
2024-10-23,137727.40723982756,-0.02162307090636173,1,224.78357185313524,-0.06568552158104812
2024-10-24,137614.03965647533,-0.0008231301643166766,1,224.78357185313524,-0.06645458401119253
2024-10-25,138115.37324176205,0.0036430409756025295,1,224.78357185313524,-0.06305363980815948
2024-10-28,139303.09267415252,0.008599473067429253,1,224.78357185313524,-0.05499639481806384
2024-10-29,139464.23167658923,0.0011567510766874456,1,224.78357185313524,-0.05390326088029618
2024-10-30,137333.4996561653,-0.01527798199444419,1,224.78357185313524,-0.06835770982556932
2024-10-31,135079.78553286832,-0.016410519858151784,0,,-0.08364644412917088
2024-11-01,135079.78553286832,0.0,0,,-0.08364644412917088
2024-11-04,135079.78553286832,0.0,0,,-0.08364644412917088
2024-11-05,135880.83721933427,0.00593021141768868,1,212.09896025971088,-0.07821227380950613
2024-11-06,135166.987496979,-0.005253498116169153,0,,-0.08305488389255578
2024-11-07,135166.987496979,0.0,0,,-0.08305488389255578
2024-11-08,135166.987496979,0.0,0,,-0.08305488389255578
2024-11-11,135166.987496979,0.0,0,,-0.08305488389255578
2024-11-12,135166.987496979,0.0,0,,-0.08305488389255578
2024-11-13,135166.987496979,0.0,0,,-0.08305488389255578
2024-11-14,135166.987496979,0.0,0,,-0.08305488389255578
2024-11-15,135166.987496979,0.0,0,,-0.08305488389255578
2024-11-18,135166.987496979,0.0,0,,-0.08305488389255578
2024-11-19,135166.987496979,0.0,0,,-0.08305488389255578
2024-11-20,135166.987496979,0.0,0,,-0.08305488389255578
2024-11-21,135166.987496979,0.0,0,,-0.08305488389255578
2024-11-22,135166.987496979,0.0,0,,-0.08305488389255578
2024-11-25,135166.987496979,0.0,0,,-0.08305488389255578
2024-11-26,135166.987496979,0.0,0,,-0.08305488389255578
2024-11-27,135229.31884576098,0.00046114328606572386,1,224.52738041570242,-0.082632040808572
2024-11-29,136610.79399707302,0.010215796123973053,1,226.6282038015657,-0.07326039676680707
2024-12-02,137911.67358743874,0.00952252418936661,1,229.19633905220883,-0.06443549647777491
2024-12-03,139673.06258877474,0.01277186300127986,1,231.94532768193534,-0.052486594809928566
2024-12-04,139880.27545688508,0.0014835564157449355,1,232.48532231028156,-0.05108090521865449
2024-12-05,139897.55351731626,0.0001235203489180492,1,232.7739598924761,-0.05096369440097204
2024-12-06,139782.42837630698,-0.0008229246195862183,1,232.82359879371884,-0.05174467974173069
2024-12-09,142033.08816826605,0.016101163916684147,1,236.572468221241,-0.03647666539538452
2024-12-10,142620.2237333335,0.0041337942632906355,1,237.69682066576766,-0.03249365816224925
2024-12-11,141883.42460026065,-0.0051661616689824275,1,237.69682066576766,-0.03749195233994884
2024-12-12,142729.59836779887,0.0059638662509184925,1,238.04324309842582,-0.0317516830782717
2024-12-13,142827.44544837694,0.0006855416234403666,1,238.1428670248501,-0.03108790855519572
2024-12-16,144502.47953528957,0.011727676579625257,1,240.99288420538207,-0.019724820912642715
2024-12-17,145906.96555971046,0.00971945968635013,1,243.17595071784822,-0.010197075827973467
2024-12-18,142781.38831442673,-0.02142171371526902,1,243.17595071784822,-0.031400350704122726
2024-12-19,143782.94961571478,0.00701464884962788,1,243.17595071784822,-0.02460596428843953
2024-12-20,146488.36831210024,0.018815991072767435,1,243.17595071784822,-0.006252958820060162
2024-12-23,146937.34132225014,0.003064905530201223,1,243.22456851787578,-0.003207218017926783
2024-12-24,148623.91180998317,0.011478161184597546,1,246.1193043825095,0.0
2024-12-26,149095.8779993756,0.0031755737259548944,1,246.9226909160917,0.0
2024-12-27,147121.52562338533,-0.013242166064433625,1,246.9226909160917,-0.013242166064433625
2024-12-30,145170.19296743706,-0.013263406885430595,1,246.9226909160917,-0.0263299367133073
2024-12-31,144145.59425224073,-0.007057913847549724,1,246.9226909160917,-0.033202016135922996
2025-01-02,142949.20564476686,-0.008299862466696784,0,,-0.04122630643507452
2025-01-03,142949.20564476686,0.0,0,,-0.04122630643507452
2025-01-06,142949.20564476686,0.0,0,,-0.04122630643507452
2025-01-07,142949.20564476686,0.0,0,,-0.04122630643507452
2025-01-08,142949.20564476686,0.0,0,,-0.04122630643507452
2025-01-10,142949.20564476686,0.0,0,,-0.04122630643507452
2025-01-13,142949.20564476686,0.0,0,,-0.04122630643507452
2025-01-14,142949.20564476686,0.0,0,,-0.04122630643507452
2025-01-15,142949.20564476686,0.0,0,,-0.04122630643507452
2025-01-16,142949.20564476686,0.0,0,,-0.04122630643507452
2025-01-17,142949.20564476686,0.0,0,,-0.04122630643507452
2025-01-21,142949.20564476686,0.0,0,,-0.04122630643507452
2025-01-22,142949.20564476686,0.0,0,,-0.04122630643507452
2025-01-23,142949.20564476686,0.0,0,,-0.04122630643507452
2025-01-24,142949.20564476686,0.0,0,,-0.04122630643507452
2025-01-27,142949.20564476686,0.0,0,,-0.04122630643507452
2025-01-28,142949.20564476686,0.0,0,,-0.04122630643507452
2025-01-29,142949.20564476686,0.0,0,,-0.04122630643507452
2025-01-30,142949.20564476686,0.0,0,,-0.04122630643507452
2025-01-31,142949.20564476686,0.0,0,,-0.04122630643507452
2025-02-03,142949.20564476686,0.0,0,,-0.04122630643507452
2025-02-04,142949.20564476686,0.0,0,,-0.04122630643507452
2025-02-05,142949.20564476686,0.0,0,,-0.04122630643507452
2025-02-06,142949.20564476686,0.0,0,,-0.04122630643507452
2025-02-07,142949.20564476686,0.0,0,,-0.04122630643507452
2025-02-10,142949.20564476686,0.0,0,,-0.04122630643507452
2025-02-11,142949.20564476686,0.0,0,,-0.04122630643507452
2025-02-12,142949.20564476686,0.0,0,,-0.04122630643507452
2025-02-13,145518.58814782195,0.01797409430479857,1,222.61815121624934,-0.023993217649978416
2025-02-14,147368.21669364194,0.012710599857806981,1,226.52122314037658,-0.011587585981021609
2025-02-18,147289.89896355188,-0.000531442476859656,1,227.63059600964093,-0.012112870322486646
2025-02-19,147530.8829982792,0.0016361205786892263,1,228.5594350259692,-0.010496567860199035
2025-02-20,148109.28908047968,0.00392057629186171,1,229.70634943453967,-0.006617144163435951
2025-02-21,147940.59193138525,-0.001139004515798847,1,231.24987148008995,-0.007748611722151022
2025-02-24,148874.44784610026,0.006312371084388646,1,233.82842181152307,-0.0014851527503414452
2025-02-25,148838.28127888023,-0.0002429333424458502,1,234.01419640095318,-0.0017277252996655834
2025-02-26,144813.67307844284,-0.027040141594328326,1,234.01419640095318,-0.02872114895725486
2025-02-27,142970.07537708,-0.012730826186310384,1,234.01419640095318,-0.04108633118831928
2025-02-28,142545.0613798782,-0.002972747940999887,0,,-0.04393693982287583
2025-03-03,140118.21396237414,-0.017025124504570388,1,226.91925940248038,-0.06021403245661194
2025-03-04,138882.04405297263,-0.008822335615364385,1,226.91925940248038,-0.06850513966888971
2025-03-05,138770.19653684305,-0.000805341805647064,1,226.91925940248038,-0.06925531142165975
2025-03-06,138528.84232176899,-0.0017392366739927834,1,226.91925940248038,-0.07087409671815925
2025-03-07,140730.42909146677,0.015892623751117663,1,226.91925940248038,-0.05610784831988358
2025-03-10,134197.80133249605,-0.046419440352341135,0,,-0.09992279375384172
2025-03-11,134197.80133249605,0.0,0,,-0.09992279375384172
2025-03-12,134197.80133249605,0.0,0,,-0.09992279375384172
2025-03-13,134197.80133249605,0.0,0,,-0.09992279375384172
2025-03-14,134197.80133249605,0.0,0,,-0.09992279375384172
2025-03-17,134197.80133249605,0.0,0,,-0.09992279375384172
2025-03-18,134197.80133249605,0.0,0,,-0.09992279375384172
2025-03-19,134197.80133249605,0.0,0,,-0.09992279375384172
2025-03-20,134197.80133249605,0.0,0,,-0.09992279375384172
2025-03-21,134197.80133249605,0.0,0,,-0.09992279375384172
2025-03-24,134197.80133249605,0.0,0,,-0.09992279375384172
2025-03-25,134197.80133249605,0.0,0,,-0.09992279375384172
2025-03-26,134197.80133249605,0.0,0,,-0.09992279375384172
2025-03-27,134197.80133249605,0.0,0,,-0.09992279375384172
2025-03-28,134197.80133249605,0.0,0,,-0.09992279375384172
2025-03-31,134197.80133249605,0.0,0,,-0.09992279375384172
2025-04-01,134197.80133249605,0.0,0,,-0.09992279375384172
2025-04-02,134197.80133249605,0.0,0,,-0.09992279375384172
2025-04-03,134197.80133249605,0.0,0,,-0.09992279375384172
2025-04-04,134197.80133249605,0.0,0,,-0.09992279375384172
2025-04-07,134197.80133249605,0.0,0,,-0.09992279375384172
2025-04-08,134197.80133249605,0.0,0,,-0.09992279375384172
2025-04-09,134197.80133249605,0.0,0,,-0.09992279375384172
2025-04-10,134197.80133249605,0.0,0,,-0.09992279375384172
2025-04-11,134197.80133249605,0.0,0,,-0.09992279375384172
2025-04-14,134197.80133249605,0.0,0,,-0.09992279375384172
2025-04-15,134197.80133249605,0.0,0,,-0.09992279375384172
2025-04-16,134197.80133249605,0.0,0,,-0.09992279375384172
2025-04-17,134197.80133249605,0.0,0,,-0.09992279375384172
2025-04-21,134197.80133249605,0.0,0,,-0.09992279375384172
2025-04-22,134197.80133249605,0.0,0,,-0.09992279375384172
2025-04-23,134197.80133249605,0.0,0,,-0.09992279375384172
2025-04-24,134197.80133249605,0.0,0,,-0.09992279375384172
2025-04-25,134197.80133249605,0.0,0,,-0.09992279375384172
2025-04-28,134197.80133249605,0.0,0,,-0.09992279375384172
2025-04-29,134197.80133249605,0.0,0,,-0.09992279375384172
2025-04-30,134197.80133249605,0.0,0,,-0.09992279375384172
2025-05-01,134197.80133249605,0.0,0,,-0.09992279375384172
2025-05-02,134197.80133249605,0.0,0,,-0.09992279375384172
2025-05-05,131219.2215026175,-0.022195444338902748,1,184.50621018340405,-0.11990040728579343
2025-05-06,130968.50787215613,-0.0019106471414049864,1,184.50621018340405,-0.1215819670567646
2025-05-07,129477.4647252563,-0.011384745624156478,1,184.50621018340405,-0.1315825329134952
2025-05-08,130295.5759574288,0.006318560792864414,1,184.50621018340405,-0.1260953843541237
2025-05-09,131094.85525201308,0.006134354821420995,0,,-0.12073454336167433
2025-05-12,130786.81971604393,-0.002349714909688716,1,195.19782145542956,-0.12280056651471172
2025-05-13,132114.61927151363,0.010152395771626965,1,197.01834447736422,-0.11389489069532222
2025-05-14,131742.31901786104,-0.002818009511025177,1,197.01834447736422,-0.11639194332111069
2025-05-15,131196.316698757,-0.0041444717473814174,1,197.01834447736422,-0.12005403194777498
2025-05-16,131078.43826658608,-0.0008984888839644878,1,197.01834447736422,-0.12084465361855934
2025-05-19,129539.70186368469,-0.011739050474281032,1,197.01834447736422,-0.13116510260446512
2025-05-20,128348.41715783592,-0.009196290316480393,1,197.01834447736422,-0.13915516055800392
2025-05-21,125388.82278420411,-0.02305906406303604,1,197.01834447736422,-0.1590054368590309
2025-05-22,124345.79408963295,-0.008318354630110991,0,,-0.16600112787723276
2025-05-23,124345.79408963295,0.0,0,,-0.16600112787723276
2025-05-27,124345.79408963295,0.0,0,,-0.16600112787723276
2025-05-28,124345.79408963295,0.0,0,,-0.16600112787723276
2025-05-29,124345.79408963295,0.0,0,,-0.16600112787723276
2025-05-30,124345.79408963295,0.0,0,,-0.16600112787723276
2025-06-02,124345.79408963295,0.0,0,,-0.16600112787723276
2025-06-03,124345.79408963295,0.0,0,,-0.16600112787723276
2025-06-04,124104.4864757923,-0.0019406174178010493,1,191.05626137349992,-0.16761960061490067
2025-06-05,122764.42319179571,-0.010797863333151803,1,191.05626137349992,-0.1766075304086554
2025-06-06,124777.56254342619,0.016398393763357166,1,191.3096704094585,-0.16310521647051335
2025-06-09,123266.17643498836,-0.012112643312068405,1,191.3096704094585,-0.17324222447313675
2025-06-10,124012.68461186606,0.00605606662320235,1,191.3096704094585,-0.16823532430329557
2025-06-11,124333.78499372196,0.002589254340077174,0,,-0.16608167400682494
2025-06-12,124333.78499372196,0.0,0,,-0.16608167400682494
2025-06-13,124333.78499372196,0.0,0,,-0.16608167400682494
2025-06-16,124333.78499372196,0.0,0,,-0.16608167400682494
2025-06-17,124333.78499372196,0.0,0,,-0.16608167400682494
2025-06-18,124333.78499372196,0.0,0,,-0.16608167400682494
2025-06-20,124333.78499372196,0.0,0,,-0.16608167400682494
2025-06-23,124333.78499372196,0.0,0,,-0.16608167400682494
2025-06-24,122744.25108403948,-0.012784408596285712,1,191.6867699888058,-0.17674282662225227
2025-06-25,123516.37051135229,0.006290473244112693,1,191.6867699888058,-0.17156414940009568
2025-06-26,123173.22615703306,-0.002778128541978897,1,191.6867699888058,-0.1738656506818459
2025-06-27,123222.2440945617,0.00039795935413877714,1,191.6867699888058,-0.17353688278975932
2025-06-30,125728.59503794665,0.020340085199727076,1,194.51382781875463,-0.156726552571271
2025-07-01,127352.52914772234,0.012916187517132194,1,196.93073041593397,-0.14583467459606314
2025-07-02,130183.67442970992,0.022230773907156554,1,201.62980533815485,-0.12684591836767534
2025-07-03,130863.88404968036,0.0052249993937427686,1,202.6420540829791,-0.12228368882050245
2025-07-07,128657.79498661027,-0.016857890770172967,1,202.6420540829791,-0.13708013452156553
2025-07-08,128694.55139289972,0.0002856912501358888,1,202.6420540829791,-0.1368336058664299
2025-07-09,129387.02254410935,0.005380734022651268,1,202.6420540829791,-0.13218913708230617
2025-07-10,130165.28683075582,0.006015010403235488,1,202.6420540829791,-0.12696924571381552
2025-07-11,129399.27467953916,-0.005884918858686583,1,202.6420540829791,-0.1321069608639277
2025-07-14,127842.76489786498,-0.012028736525215633,1,202.6420540829791,-0.14254661756376408
2025-07-15,128143.03617398924,0.002348754553017862,1,202.6420540829791,-0.14053267002776637
2025-07-16,128786.47999186085,0.00502129368152282,1,202.6420540829791,-0.13621703215430148
2025-07-17,128700.68685642401,-0.0006661656987771991,1,202.6420540829791,-0.1367924547386682
2025-07-18,129411.52681496898,0.0055232025244587035,1,202.6420540829791,-0.13202478464554912
2025-07-21,130208.16930476017,0.006155885100793457,1,202.6420540829791,-0.12668162894949064
2025-07-22,131384.76893001632,0.00903629650534632,1,204.27879685375038,-0.11879006520511226
2025-07-23,131231.55146647798,-0.0011661737108961123,1,204.52401323616485,-0.11981770906485045
2025-07-24,130992.55965912154,-0.0018211459415495845,1,204.52401323616485,-0.12142064947181086
2025-07-25,131066.10065912857,0.0005614135657658892,1,205.36957423550055,-0.1209274031058225
2025-07-28,131170.28139351952,0.000794871701126576,1,205.75023930664028,-0.1202286531753155
2025-07-29,129466.68961183129,-0.012987635336218717,1,205.75023930664028,-0.13165480260712858
2025-07-30,128106.26097608103,-0.01050794331599203,1,205.75023930664028,-0.14077932472004673
2025-07-31,127199.32107999337,-0.007079590717716688,1,205.75023930664028,-0.14686225543722897
2025-08-01,129027.73784687494,0.014374422373934825,0,,-0.13459889315373763
2025-08-04,129027.73784687494,0.0,0,,-0.13459889315373763
2025-08-05,129027.73784687494,0.0,0,,-0.13459889315373763
2025-08-06,129027.73784687494,0.0,0,,-0.13459889315373763
2025-08-07,129511.38153704643,0.0037483699105493873,1,206.7610724907689,-0.1313550496842789
2025-08-08,134997.19079535137,0.04235773870372728,1,214.7655749836315,-0.0945612138524935
2025-08-11,133871.67466977067,-0.00833732997664316,1,214.7655749836315,-0.10211015578625648
2025-08-12,135327.17541295927,0.010872357776796182,1,214.7761982586826,-0.09234797615581292
2025-08-13,137495.72955941883,0.016024528257846837,1,217.87470007159033,-0.07780328065142994
2025-08-14,137171.6291440503,-0.0023571671382599524,1,217.87470007159033,-0.07997705245328945
2025-08-15,136470.38024465833,-0.005112200706281267,1,217.87470007159033,-0.08468039441553277
2025-08-18,136057.88142294833,-0.00302262528301378,1,217.87470007159033,-0.08744706259741053
2025-08-19,135863.4320035473,-0.0014291668910864086,1,217.87470007159033,-0.0887512530419099
2025-08-20,133182.2212494076,-0.019734601979358946,1,217.87470007159033,-0.1067343843673173
2025-08-21,132528.1181667311,-0.00491133934049337,1,217.87470007159033,-0.11112151492688416
2025-08-22,134213.4547664075,0.012716822837219421,1,217.87470007159033,-0.0998178047083933
2025-08-25,133859.89724044187,-0.0026342927136550065,1,217.87470007159033,-0.102189148106412
2025-08-26,135126.82374161872,0.009464570997698818,1,217.87470007159033,-0.09369175355616055
2025-08-27,135822.18843877135,0.005146015261057846,1,218.32874315965645,-0.08902787748873808
2025-08-28,137041.97814808282,0.008980783797791325,1,221.75511576294798,-0.08084663381064938
2025-08-29,136794.48066002683,-0.0018059976322624127,1,221.83303822805343,-0.08250662261367336
2025-09-02,135368.43702743534,-0.010424716156024028,1,221.83303822805343,-0.09207123064795764
2025-09-03,140524.6046124347,0.038089880464190706,1,227.2110465889783,-0.0574883323533385
2025-09-04,141296.5541871997,0.005493341019489506,1,228.71370729588406,-0.0523107943481077
2025-09-05,141243.51514339485,-0.00037537393682363085,1,228.9994305079111,-0.0526665321761185
2025-09-08,140176.93128870844,-0.0075513828270528105,1,228.9994305079111,-0.05982020985653613
2025-09-09,138096.77554859035,-0.01483950120033517,1,228.9994305079111,-0.07377200898090097
2025-09-10,135239.1390632946,-0.0206929993400915,0,,-0.09293844418783348
2025-09-11,135239.1390632946,0.0,0,,-0.09293844418783348
2025-09-12,135239.1390632946,0.0,0,,-0.09293844418783348
2025-09-15,134865.65006315307,-0.002761693121742903,1,224.77681726875068,-0.09544346984751739
2025-09-16,135691.83669377482,0.006125997466626121,1,225.71800937472474,-0.08990215883538322
2025-09-17,136170.44185574012,0.0035271477903671133,1,226.60294308730641,-0.08669210924590154
2025-09-18,135537.99402224406,-0.004644530963379578,1,226.60294308730641,-0.09093399602360785
2025-09-19,139879.67331035793,0.03203293157342535,1,231.86315534940104,-0.06181394692250486
2025-09-22,145907.88015446134,0.043095660015793236,1,241.34205021866714,-0.021382199747518316
2025-09-23,144967.74697790373,-0.006443333804605711,1,241.34205021866714,-0.02768776090167402
2025-09-24,143759.84203625293,-0.008332232284984809,1,241.34205021866714,-0.035789292331374956
2025-09-25,146358.003043036,0.01807292613835698,1,242.34263949520152,-0.01836318342986698
2025-09-26,145554.6266644495,-0.005489118202509857,1,242.34263949520152,-0.023751503947955888
2025-09-29,144967.74697790373,-0.004032023577640764,1,242.34263949520152,-0.02768776090167402
2025-09-30,145081.71970239966,0.0007861936663282609,1,242.34263949520152,-0.02692333517760137
2025-10-01,145548.93719072072,0.0032203746225192287,1,242.38499523162204,-0.02378966378044156
2025-10-02,146506.13006227792,0.006576433260401915,1,244.31851568847318,-0.017369681656179137
2025-10-03,147013.2436761939,0.00346138153878206,1,244.99710387082496,-0.013968423212816217
2025-10-06,146255.4528969311,-0.005154574923412314,1,244.99710387082496,-0.019050996852216118
2025-10-07,146135.8081510798,-0.0008180532313937228,1,244.99710387082496,-0.01985346535407362
2025-10-08,147036.03647585577,0.006160217240152921,1,245.64542619813378,-0.013815549773471658
2025-10-09,144745.5433597608,-0.01557776699503921,1,245.64542619813378,-0.0291781013532314
2025-10-10,140268.83264448988,-0.030928141974942758,0,,-0.05920381886696213
2025-10-13,140268.83264448988,0.0,0,,-0.05920381886696213
2025-10-14,140268.83264448988,0.0,0,,-0.05920381886696213
2025-10-15,140268.83264448988,0.0,0,,-0.05920381886696213
2025-10-16,140268.83264448988,0.0,0,,-0.05920381886696213
2025-10-17,140268.83264448988,0.0,0,,-0.05920381886696213
2025-10-20,140268.83264448988,0.0,0,,-0.05920381886696213
2025-10-21,140268.83264448988,0.0,0,,-0.05920381886696213
2025-10-22,140268.83264448988,0.0,0,,-0.05920381886696213
2025-10-23,140268.83264448988,0.0,0,,-0.05920381886696213
2025-10-24,140268.83264448988,0.0,0,,-0.05920381886696213
2025-10-27,140268.83264448988,0.0,0,,-0.05920381886696213
2025-10-28,140268.83264448988,0.0,0,,-0.05920381886696213
2025-10-29,140268.83264448988,0.0,0,,-0.05920381886696213
2025-10-30,140268.83264448988,0.0,0,,-0.05920381886696213
2025-10-31,140268.83264448988,0.0,0,,-0.05920381886696213
2025-11-03,140268.83264448988,0.0,0,,-0.05920381886696213
2025-11-04,140268.83264448988,0.0,0,,-0.05920381886696213
2025-11-05,140268.83264448988,0.0,0,,-0.05920381886696213
2025-11-06,140268.83264448988,0.0,0,,-0.05920381886696213
2025-11-07,140268.83264448988,0.0,0,,-0.05920381886696213
2025-11-10,140268.83264448988,0.0,0,,-0.05920381886696213
2025-11-11,140268.83264448988,0.0,0,,-0.05920381886696213
2025-11-12,140268.83264448988,0.0,0,,-0.05920381886696213
2025-11-13,140268.83264448988,0.0,0,,-0.05920381886696213
2025-11-14,140268.83264448988,0.0,0,,-0.05920381886696213
2025-11-17,140268.83264448988,0.0,0,,-0.05920381886696213
2025-11-18,140268.83264448988,0.0,0,,-0.05920381886696213
2025-11-19,140268.83264448988,0.0,0,,-0.05920381886696213
2025-11-20,140268.83264448988,0.0,0,,-0.05920381886696213
2025-11-21,140268.83264448988,0.0,0,,-0.05920381886696213
2025-11-24,140268.83264448988,0.0,0,,-0.05920381886696213
2025-11-25,140268.83264448988,0.0,0,,-0.05920381886696213
2025-11-26,140268.83264448988,0.0,0,,-0.05920381886696213
2025-11-28,140268.83264448988,0.0,0,,-0.05920381886696213
2025-12-01,140268.83264448988,0.0,0,,-0.05920381886696213
2025-12-02,140268.83264448988,0.0,0,,-0.05920381886696213
2025-12-03,140268.83264448988,0.0,0,,-0.05920381886696213
2025-12-04,140268.83264448988,0.0,0,,-0.05920381886696213
2025-12-05,140268.83264448988,0.0,0,,-0.05920381886696213
2025-12-08,140268.83264448988,0.0,0,,-0.05920381886696213
2025-12-09,140268.83264448988,0.0,0,,-0.05920381886696213
2025-12-10,140268.83264448988,0.0,0,,-0.05920381886696213
2025-12-11,140268.83264448988,0.0,0,,-0.05920381886696213
2025-12-12,140268.83264448988,0.0,0,,-0.05920381886696213
2025-12-15,140268.83264448988,0.0,0,,-0.05920381886696213
2025-12-16,140268.83264448988,0.0,0,,-0.05920381886696213
2025-12-17,140268.83264448988,0.0,0,,-0.05920381886696213
2025-12-18,140268.83264448988,0.0,0,,-0.05920381886696213
2025-12-19,140268.83264448988,0.0,0,,-0.05920381886696213
2025-12-22,140268.83264448988,0.0,0,,-0.05920381886696213
2025-12-23,140268.83264448988,0.0,0,,-0.05920381886696213
2025-12-24,140268.83264448988,0.0,0,,-0.05920381886696213
2025-12-26,140268.83264448988,0.0,0,,-0.05920381886696213
2025-12-29,140268.83264448988,0.0,0,,-0.05920381886696213
2025-12-30,140268.83264448988,0.0,0,,-0.05920381886696213
2025-12-31,140268.83264448988,0.0,0,,-0.05920381886696213
2026-01-02,140268.83264448988,0.0,0,,-0.05920381886696213
2026-01-05,140268.83264448988,0.0,0,,-0.05920381886696213
2026-01-06,140268.83264448988,0.0,0,,-0.05920381886696213
2026-01-07,140268.83264448988,0.0,0,,-0.05920381886696213
2026-01-08,140268.83264448988,0.0,0,,-0.05920381886696213
2026-01-09,140268.83264448988,0.0,0,,-0.05920381886696213
2026-01-12,140268.83264448988,0.0,0,,-0.05920381886696213
2026-01-13,140268.83264448988,0.0,0,,-0.05920381886696213
2026-01-14,140268.83264448988,0.0,0,,-0.05920381886696213
2026-01-15,140268.83264448988,0.0,0,,-0.05920381886696213
2026-01-16,140268.83264448988,0.0,0,,-0.05920381886696213
2026-01-20,140268.83264448988,0.0,0,,-0.05920381886696213
2026-01-21,140268.83264448988,0.0,0,,-0.05920381886696213
2026-01-22,140268.83264448988,0.0,0,,-0.05920381886696213
2026-01-23,140268.83264448988,0.0,0,,-0.05920381886696213
2026-01-26,140268.83264448988,0.0,0,,-0.05920381886696213
2026-01-27,140268.83264448988,0.0,0,,-0.05920381886696213
2026-01-28,140268.83264448988,0.0,0,,-0.05920381886696213
2026-01-29,140268.83264448988,0.0,0,,-0.05920381886696213
2026-01-30,140268.83264448988,0.0,0,,-0.05920381886696213
2026-02-02,140268.83264448988,0.0,0,,-0.05920381886696213
2026-02-03,140268.83264448988,0.0,0,,-0.05920381886696213
2026-02-04,142219.1034979287,0.013903807543488744,1,259.01351601836285,-0.04612316982683917
2026-02-05,141920.7959743465,-0.002097520770734995,1,259.01351601836285,-0.04812394629085026
2026-02-06,143057.53463230253,0.00800966940857295,1,260.04964254003926,-0.040499733782702996
2026-02-09,141389.42389284528,-0.011660418612306933,1,260.04964254003926,-0.051687908545416605
2026-02-10,140905.44543489334,-0.003423017398520134,1,260.04964254003926,-0.05493399733369264
2026-02-11,141842.4886753901,0.0066501563343039916,1,260.04964254003926,-0.04864916066972602
2026-02-12,133925.54561873534,-0.055815032086562466,0,,-0.10174883829252335
2026-02-13,133925.54561873534,0.0,0,,-0.10174883829252335
2026-02-17,133925.54561873534,0.0,0,,-0.10174883829252335
2026-02-18,134105.4351022289,0.0013432051567343617,1,245.32793363749676,-0.10054230270007525
2026-02-19,132192.87818481275,-0.01426159138112626,1,245.32793363749676,-0.11337000084357551
2026-02-20,134222.09584756652,0.015350431056632363,1,246.257307055153,-0.0997598481687828
2026-02-23,135033.77360710475,0.006047273769737904,1,248.7848318540157,-0.09431584951214911
2026-02-24,138057.32172786014,0.02239105106810335,1,253.94210258563805,-0.07403662944700384
2026-02-25,139117.58210189873,0.007679856169661159,1,257.02144083998155,-0.06692536394278226
2026-02-26,138468.224384996,-0.004667689785084916,1,257.02144083998155,-0.07128066689022827
2026-02-27,134019.18803963612,-0.03213037767415727,1,257.02144083998155,-0.10112076981633666
2026-03-02,134293.11280487856,0.002043921987957553,1,257.02144083998155,-0.09928353079324592
2026-03-03,133801.050126425,-0.003664094667077289,1,257.02144083998155,-0.10258384120461506
2026-03-04,134056.22048837485,0.0019070878868945318,0,,-0.10087238971867307
2026-03-05,134056.22048837485,0.0,0,,-0.10087238971867307
2026-03-06,134056.22048837485,0.0,0,,-0.10087238971867307
2026-03-09,134056.22048837485,0.0,0,,-0.10087238971867307
2026-03-10,134056.22048837485,0.0,0,,-0.10087238971867307
2026-03-11,134056.22048837485,0.0,0,,-0.10087238971867307
2026-03-12,134056.22048837485,0.0,0,,-0.10087238971867307
2026-03-13,134056.22048837485,0.0,0,,-0.10087238971867307
2026-03-16,134056.22048837485,0.0,0,,-0.10087238971867307
2026-03-17,134056.22048837485,0.0,0,,-0.10087238971867307
2026-03-18,134056.22048837485,0.0,0,,-0.10087238971867307
2026-03-19,134056.22048837485,0.0,0,,-0.10087238971867307
2026-03-20,134056.22048837485,0.0,0,,-0.10087238971867307
2026-03-23,134056.22048837485,0.0,0,,-0.10087238971867307
2026-03-24,134056.22048837485,0.0,0,,-0.10087238971867307
2026-03-25,134056.22048837485,0.0,0,,-0.10087238971867307
2026-03-26,134056.22048837485,0.0,0,,-0.10087238971867307
2026-03-27,134056.22048837485,0.0,0,,-0.10087238971867307
2026-03-30,134056.22048837485,0.0,0,,-0.10087238971867307
2026-03-31,134056.22048837485,0.0,0,,-0.10087238971867307
2026-04-01,134056.22048837485,0.0,0,,-0.10087238971867307
2026-04-02,134056.22048837485,0.0,0,,-0.10087238971867307
2026-04-06,134056.22048837485,0.0,0,,-0.10087238971867307
2026-04-07,132465.46251816978,-0.011866349539095156,1,242.45232498043552,-0.11154175222252272
2026-04-08,134849.5058421268,0.017997471028570855,0,,-0.09555175064805266
2026-04-09,134849.5058421268,0.0,0,,-0.09555175064805266
2026-04-10,134849.5058421268,0.0,0,,-0.09555175064805266
2026-04-13,134372.77603755146,-0.003535272907365772,1,244.05340829518587,-0.09874922204010095
2026-04-14,134180.9561204849,-0.0014275206833039844,1,244.05340829518587,-0.10003577616648252
2026-04-15,138120.89569276688,0.029362881933440832,1,250.38138631210907,-0.07361023291773827
2026-04-16,136550.10564232754,-0.011372573588961932,1,250.38138631210907,-0.08414566871594265
2026-04-17,140090.873403386,0.025930172257302875,1,253.97142005313057,-0.06039740814315009
2026-04-20,141552.78112463033,0.010435424419368289,1,257.0198777273141,-0.05059225631158537
2026-04-21,137986.11616911704,-0.025196714096157646,1,257.0198777273141,-0.07451421178998041
2026-04-22,141615.01997568546,0.026299050276339386,1,257.0198777273141,-0.05017481451580763
2026-04-23,141749.7836503791,0.0009516199250390045,1,257.0198777273141,-0.04927094194399706
2026-04-24,140521.1408667028,-0.008667687188198547,1,257.0198777273141,-0.05751156401995705
2026-04-27,138732.61785578582,-0.012727786010601427,1,257.0198777273141,-0.0695073551505776
2026-04-28,140339.70201595686,0.011584039752220443,1,257.0198777273141,-0.05872849136349301
2026-04-29,140059.76190233653,-0.001994732136373689,1,257.0198777273141,-0.06060607589082323
2026-04-30,140671.4999143117,0.0043676927881808325,1,257.0198777273141,-0.056503091823230656
2026-05-01,145228.36010725104,0.032393627676644554,1,262.7443717507369,-0.025939804265687094
2026-05-04,143512.3777689288,-0.011815752357562825,1,262.7443717507369,-0.03744905831984291
2026-05-05,147322.73627519936,0.026550730783693632,1,266.7147525651451,-0.011892627401702272
2026-05-06,149049.0679819298,0.011718026357490752,1,269.8481222718526,-0.00031395916556453685
2026-05-07,149012.77387219816,-0.00024350443933029986,1,270.2327790305812,-0.000557387154444311
2026-05-08,152061.03531888465,0.020456376775462637,1,275.5193960744549,0.0
2026-05-11,151869.04106329972,-0.0012626131025762488,1,275.8621178058521,-0.0012626131025762488
2026-05-12,152969.08541624993,0.007243374589372076,1,278.84614866504927,0.0
2026-05-13,155080.9746808155,0.013805987391627639,1,282.32318863765835,0.0
2026-05-14,154738.51043492818,-0.002208293097152536,1,282.32318863765835,-0.002208293097152536
2026-05-15,155786.68115418765,0.006773819369938039,1,283.3271645896427,0.0
2026-05-18,154546.51617934325,-0.007960661114649215,1,283.3271645896427,-0.007960661114649215
2026-05-19,155132.86416346245,0.0037939903054091673,1,283.3271645896427,-0.004196873480333596
2026-05-20,156834.83602449088,0.01097105935744902,1,285.85103425197866,0.0
2026-05-21,158256.58249068717,0.009065246613796152,1,290.5004552571842,0.0
2026-05-22,160243.9465062738,0.012557860054279724,1,294.21204356579403,0.0
2026-05-26,159989.6817017213,-0.001586735786880622,1,294.42052397064475,-0.001586735786880622
2026-05-27,161297.2998342155,0.008173140408717527,1,297.2940634480087,0.0
2026-05-28,162158.65890657224,0.00534019523725493,1,299.50825733015006,0.0
2026-05-29,161925.156234661,-0.0014399642515899869,1,299.50825733015006,-0.0014399642515899869
2026-06-01,158941.52683141804,-0.01842597822736758,1,299.50825733015006,-0.01983940972900955
2026-06-02,163554.47648040124,0.029022935295418106,1,300.7727384236639,0.0
2026-06-03,160991.14554701603,-0.01567264307615801,1,300.7727384236639,-0.01567264307615801
2026-06-04,161494.4766984826,0.00312645238815068,1,300.7727384236639,-0.012595190460381378
2026-06-05,159475.9853328903,-0.012498826008526143,1,300.7727384236639,-0.024936591374798978
2026-06-08,156466.42703728008,-0.018871545388655653,1,300.7727384236639,-0.043337544747486745
2026-06-09,155578.89528380576,-0.005672346268013495,0,,-0.048764065455287
2026-06-10,155578.89528380576,0.0,0,,-0.048764065455287
2026-06-11,155578.89528380576,0.0,0,,-0.048764065455287
2026-06-12,155578.89528380576,0.0,0,,-0.048764065455287
2026-06-15,155578.89528380576,0.0,0,,-0.048764065455287
2026-06-16,155578.89528380576,0.0,0,,-0.048764065455287
2026-06-17,152815.73244018454,-0.017760524900120145,1,280.9059304647821,-0.06565851495665742
2026-06-18,153700.15486310917,0.005787508974383959,0,,-0.0602510052268298
2026-06-22,153700.15486310917,0.0,0,,-0.0602510052268298
2026-06-23,153700.15486310917,0.0,0,,-0.0602510052268298
2026-06-24,153700.15486310917,0.0,0,,-0.0602510052268298
2026-06-25,153700.15486310917,0.0,0,,-0.0602510052268298
2026-06-26,153700.15486310917,0.0,0,,-0.0602510052268298
2026-06-29,153700.15486310917,0.0,0,,-0.0602510052268298
2026-06-30,153700.15486310917,0.0,0,,-0.0602510052268298
2026-07-01,153700.15486310917,0.0,0,,-0.0602510052268298
2026-07-02,153700.15486310917,0.0,0,,-0.0602510052268298
2026-07-06,153700.15486310917,0.0,0,,-0.0602510052268298
2026-07-07,151216.25778709893,-0.016160667360566316,1,292.7410966058534,-0.07543797613378556
2026-07-08,152545.11389728062,0.008787785980344909,1,292.7410966058534,-0.06731312294249481
2026-07-09,153922.6312968853,0.00903022957872146,1,293.5632327217662,-0.058890746317604714
2026-07-10,153484.56075217167,-0.002846043762522954,1,293.5632327217662,-0.061569184438900026
2026-07-13,154453.19248672578,0.006310939222858636,1,294.24906748024785,-0.0556468045970363
2026-07-14,153260.6415098865,-0.007721115748007379,1,294.24906748024785,-0.06293826492574317
2026-07-15,159413.26908800917,0.04014486379221993,1,303.529309786372,-0.025320049206285722
2026-07-16,162216.9949116182,0.017587781993612772,1,311.32543848836235,-0.008177590718180694
2026-07-17,162450.62262380656,0.0014402172368908062,1,312.8308981029971,-0.006749150988398345
2026-07-20,158970.30713962304,-0.021423835919933798,1,312.8308981029971,-0.02802839420495784
2026-07-21,159530.08294410334,0.0035212601306020552,1,312.8308981029971,-0.02460582934139466
2026-07-22,158629.58890873205,-0.005644666001250687,1,312.8308981029971,-0.03011160365432941
2026-07-23,156570.60531236875,-0.012979820539962161,1,312.8308981029971,-0.04270058098268792
2026-07-24,162100.16618803566,0.03531672413627751,1,313.12851820264376,-0.008891901485434728
2026-07-27,163993.65977139346,0.011681009513348384,1,316.7975071447661,0.0
2026-07-28,165536.66718400363,0.009408945533389002,1,320.05038590167635,0.0
2026-07-29,164616.71160636086,-0.005557412706758136,1,320.05038590167635,-0.005557412706758136
2026-07-30,162299.73248437676,-0.014074993355015941,1,320.05038590167635,-0.019554185514855327
2026-07-31,148146.17572134887,-0.08720628522533347,0,,-0.10505522286083124
2026-08-03,148146.17572134887,0.0,0,,-0.10505522286083124
2026-08-04,148146.17572134887,0.0,0,,-0.10505522286083124
2026-08-05,148146.17572134887,0.0,0,,-0.10505522286083124
2026-08-06,148146.17572134887,0.0,0,,-0.10505522286083124
2026-08-07,148146.17572134887,0.0,0,,-0.10505522286083124
2026-08-10,148146.17572134887,0.0,0,,-0.10505522286083124
2026-08-11,148146.17572134887,0.0,0,,-0.10505522286083124
2026-08-12,148146.17572134887,0.0,0,,-0.10505522286083124
2026-08-13,148146.17572134887,0.0,0,,-0.10505522286083124
2026-08-14,148146.17572134887,0.0,0,,-0.10505522286083124
2026-08-17,148146.17572134887,0.0,0,,-0.10505522286083124
2026-08-18,148146.17572134887,0.0,0,,-0.10505522286083124
2026-08-19,148146.17572134887,0.0,0,,-0.10505522286083124
2026-08-20,148146.17572134887,0.0,0,,-0.10505522286083124
2026-08-21,148146.17572134887,0.0,0,,-0.10505522286083124
2026-08-24,148146.17572134887,0.0,0,,-0.10505522286083124
2026-08-25,148146.17572134887,0.0,0,,-0.10505522286083124
2026-08-26,148146.17572134887,0.0,0,,-0.10505522286083124
2026-08-27,148146.17572134887,0.0,0,,-0.10505522286083124
2026-08-28,148146.17572134887,0.0,0,,-0.10505522286083124
2026-08-31,146651.47393143605,-0.010089371410600845,1,304.5071509225028,-0.11408465310936577
2026-09-01,150483.80469281742,0.02613223487390992,1,308.476437159947,-0.09093370518601829
2026-09-02,150405.1153468016,-0.000522909067699584,1,308.476437159947,-0.0914090641947165
2026-09-03,151909.35167659816,0.010001231183714099,1,310.76535361153736,-0.08232203619430079
2026-09-04,147873.39524024815,-0.02656818946171402,0,,-0.10670307820153058
