timestamp,equity,daily_return,position,stop_price,drawdown
2020-01-02,100000.0,0.0,0,,0.0
2020-01-03,100000.0,0.0,0,,0.0
2020-01-06,100000.0,0.0,0,,0.0
2020-01-07,100000.0,0.0,0,,0.0
2020-01-08,100000.0,0.0,0,,0.0
2020-01-09,100000.0,0.0,0,,0.0
2020-01-10,100000.0,0.0,0,,0.0
2020-01-13,100000.0,0.0,0,,0.0
2020-01-14,100000.0,0.0,0,,0.0
2020-01-15,100000.0,0.0,0,,0.0
2020-01-16,100000.0,0.0,0,,0.0
2020-01-17,100000.0,0.0,0,,0.0
2020-01-21,100000.0,0.0,0,,0.0
2020-01-22,100000.0,0.0,0,,0.0
2020-01-23,100000.0,0.0,0,,0.0
2020-01-24,100000.0,0.0,0,,0.0
2020-01-27,100000.0,0.0,0,,0.0
2020-01-28,100000.0,0.0,0,,0.0
2020-01-29,100000.0,0.0,0,,0.0
2020-01-30,100000.0,0.0,0,,0.0
2020-01-31,100000.0,0.0,0,,0.0
2020-02-03,100000.0,0.0,0,,0.0
2020-02-04,100000.0,0.0,0,,0.0
2020-02-05,100000.0,0.0,0,,0.0
2020-02-06,100000.0,0.0,0,,0.0
2020-02-07,100000.0,0.0,0,,0.0
2020-02-10,100000.0,0.0,0,,0.0
2020-02-11,100000.0,0.0,0,,0.0
2020-02-12,100000.0,0.0,0,,0.0
2020-02-13,100000.0,0.0,0,,0.0
2020-02-14,100000.0,0.0,0,,0.0
2020-02-18,100000.0,0.0,0,,0.0
2020-02-19,100000.0,0.0,0,,0.0
2020-02-20,100000.0,0.0,0,,0.0
2020-02-21,100000.0,0.0,0,,0.0
2020-02-24,100000.0,0.0,0,,0.0
2020-02-25,100000.0,0.0,0,,0.0
2020-02-26,100000.0,0.0,0,,0.0
2020-02-27,100000.0,0.0,0,,0.0
2020-02-28,100000.0,0.0,0,,0.0
2020-03-02,100000.0,0.0,0,,0.0
2020-03-03,100000.0,0.0,0,,0.0
2020-03-04,100000.0,0.0,0,,0.0
2020-03-05,100000.0,0.0,0,,0.0
2020-03-06,100000.0,0.0,0,,0.0
2020-03-09,100000.0,0.0,0,,0.0
2020-03-10,100000.0,0.0,0,,0.0
2020-03-11,100000.0,0.0,0,,0.0
2020-03-12,100000.0,0.0,0,,0.0
2020-03-13,100000.0,0.0,0,,0.0
2020-03-16,100000.0,0.0,0,,0.0
2020-03-17,100000.0,0.0,0,,0.0
2020-03-18,100000.0,0.0,0,,0.0
2020-03-19,100000.0,0.0,0,,0.0
2020-03-20,100000.0,0.0,0,,0.0
2020-03-23,100000.0,0.0,0,,0.0
2020-03-24,100000.0,0.0,0,,0.0
2020-03-25,100000.0,0.0,0,,0.0
2020-03-26,100000.0,0.0,0,,0.0
2020-03-27,98259.53608060074,-0.0174046391939926,1,82.68531853812081,-0.0174046391939926
2020-03-30,101561.40501159451,0.03360354691971379,1,85.27160617283413,0.0
2020-03-31,100825.529364521,-0.007245622950859176,1,85.27160617283413,-0.007245622950859176
2020-04-01,98652.55860123638,-0.02155179126735396,1,85.27160617283413,-0.028641258064774244
2020-04-02,98191.66866325153,-0.0046718498183895285,0,,-0.03317930022687543
2020-04-03,98191.66866325153,0.0,0,,-0.03317930022687543
2020-04-06,101163.69446770144,0.0302675964764636,1,90.53494535173688,-0.003915961421050329
2020-04-07,101873.20158796388,0.007013456003121421,1,91.75803484235492,0.0
2020-04-08,103463.38743497276,0.015609461784076739,1,94.0615177154541,0.0
2020-04-09,103451.23209494298,-0.00011748445832981957,1,94.95067759922573,-0.00011748445832981957
2020-04-13,109837.80075086116,0.06173506614263302,1,100.94724600655692,0.0
2020-04-14,115633.8810704574,0.052769449861283624,1,106.05841037205288,0.0
2020-04-15,116867.5437623784,0.010668695718768717,1,107.06310844421387,0.0
2020-04-16,121957.6561516255,0.043554542393708706,1,111.3504810333252,0.0
2020-04-17,120276.81913240482,-0.013782136130354616,1,111.3504810333252,-0.013782136130354616
2020-04-20,121219.27913285626,0.007835757606907912,1,111.3504810333252,-0.006054372001469521
2020-04-21,117902.67953713177,-0.02736033095931467,1,111.3504810333252,-0.03324905333907313
2020-04-22,119693.9191901765,0.015192527091639096,1,111.3504810333252,-0.018561663391059136
2020-04-23,121515.0410427731,0.015214823484082762,1,111.3504810333252,-0.0036292523390423215
2020-04-24,122060.46266386706,0.004488511186874211,1,111.3504810333252,0.0
2020-04-27,120327.46509461403,-0.01419786171076054,1,111.3504810333252,-0.01419786171076054
2020-04-28,117191.65782904616,-0.0260606110425593,1,111.3504810333252,-0.03988846780163968
2020-04-29,120160.84497908843,0.025336164749658163,1,111.3504810333252,-0.015562923843815302
2020-04-30,125290.46029156004,0.042689574239964,1,111.9257117680141,0.0
2020-05-01,115771.63128747621,-0.07597409237648922,1,111.9257117680141,-0.07597409237648922
2020-05-04,117288.3828075284,0.013101236487597756,1,111.9257117680141,-0.06386821044004654
2020-05-05,117380.04628078527,0.0007815221854265975,1,111.9257117680141,-0.06313660267802235
2020-05-06,119074.56095534777,0.014436139090531874,1,111.9257117680141,-0.049611912365454036
2020-05-07,119902.56911779485,0.006953694859791026,1,111.9257117680141,-0.04300320360566301
2020-05-08,120510.28202686079,0.005068389389295769,1,111.9257117680141,-0.03815277119722782
2020-05-11,121998.67366267317,0.012350743942999287,1,111.9257117680141,-0.026273242362001348
2020-05-12,119362.71901619322,-0.021606420523622827,1,111.9257117680141,-0.04731199216263182
2020-05-13,119918.2713752268,0.004654320575239401,1,111.9257117680141,-0.042877876765970546
2020-05-14,120978.2201168178,0.008838926123896362,1,111.9257117680141,-0.034417945027158
2020-05-15,119768.73287776444,-0.009997561857708503,0,,-0.044071411350442236
2020-05-18,120679.12947988619,0.007601287750542474,1,112.91586031232562,-0.03680512307914696
2020-05-19,121826.59812349213,0.009508426590011165,1,114.27605274745396,-0.027646655300070266
2020-05-20,124244.40231330627,0.019846275173532213,1,117.16735976082938,-0.008349063255251199
2020-05-21,121697.77343977043,-0.02049693045417067,1,117.16735976082938,-0.02867486354052151
2020-05-22,121207.35318451366,-0.004029821100214992,1,117.16735976082938,-0.03258913007059505
2020-05-26,120460.27779025506,-0.0061636144559755746,1,117.16735976082938,-0.03855187769335988
2020-05-27,116380.31443401439,-0.033869782064961496,0,,-0.07111591606265222
2020-05-28,116380.31443401439,0.0,0,,-0.07111591606265222
2020-05-29,116380.31443401439,0.0,0,,-0.07111591606265222
2020-06-01,116380.31443401439,0.0,0,,-0.07111591606265222
2020-06-02,116460.8392007803,0.00069191054481621,1,116.93103463309151,-0.07047321137006413
2020-06-03,116742.99276636093,0.002422733405640143,1,117.6150883265904,-0.06822121576781293
2020-06-04,115904.53897485795,-0.0071820481181340545,1,117.6150883265904,-0.07491329583162498
2020-06-05,116959.67514718318,0.009103493113018724,1,117.69991384233747,-0.06649177539128293
2020-06-08,118893.77401399723,0.016536458949464095,1,119.77068356105259,-0.051054854956053775
2020-06-09,122511.37142620863,0.030427139202305886,1,123.22112573896136,-0.022181168932449258
2020-06-10,124705.9534642629,0.017913292558120686,1,124.91839381626674,-0.004665214142696494
2020-06-11,120490.60535708739,-0.03380230045218735,1,124.91839381626674,-0.038309819624758656
2020-06-12,119881.0743051336,-0.005058743377936992,1,124.91839381626674,-0.043174763456358956
2020-06-15,121183.97891318062,0.010868309410797528,1,124.91839381626674,-0.03277569073354303
2020-06-16,123190.14711467158,0.0165547312399128,1,124.91839381626674,-0.01676355224492654
2020-06-17,124401.187938286,0.009830663019560593,1,124.91839381626674,-0.007097686058496699
2020-06-18,125013.5508759347,0.004922484646629588,1,124.91839381626674,-0.002210139662516597
2020-06-19,126004.15024203034,0.007923935918584757,1,125.551668712071,0.0
2020-06-22,127832.25464604591,0.014508287231048467,1,127.33340808323452,0.0
2020-06-23,130215.26489571782,0.018641697717608263,1,129.48380987984794,0.0
2020-06-24,128801.66518211986,-0.010855867894828064,1,129.48380987984794,-0.010855867894828064
2020-06-25,129752.2300220212,0.007380066387785433,1,129.48380987984794,-0.0035559185328035703
2020-06-26,126845.42154417392,-0.022402763153696492,1,129.48380987984794,-0.02587901928581582
2020-06-29,126257.09369729612,-0.004638148068063397,1,129.48380987984794,-0.030397136630575305
2020-06-30,129951.94265125554,0.029264486024190406,1,129.48380987984794,-0.002022207186485825
2020-07-01,135598.7946021457,0.043453386195574595,1,135.19008472987585,0.0
2020-07-02,136145.20479071737,0.004029609482701257,1,136.0707105909075,0.0
2020-07-06,143999.3607027074,0.05768955229869066,1,143.5721789768764,0.0
2020-07-07,141318.18307697718,-0.018619371729473366,1,143.5721789768764,-0.018619371729473366
2020-07-08,145133.14998457383,0.026995584181255694,1,144.09397288731165,0.0
2020-07-09,149915.16991934108,0.032949191382365184,1,148.3097081865583,0.0
2020-07-10,150733.3692593511,0.005457748808544549,1,148.85811941964286,0.0
2020-07-13,146211.36530655972,-0.030000019073486373,1,148.85811941964286,-0.030000019073486373
2020-07-14,140026.4315806938,-0.042301319824885164,0,,-0.07103229849679138
2020-07-15,140026.4315806938,0.0,0,,-0.07103229849679138
2020-07-16,140026.4315806938,0.0,0,,-0.07103229849679138
2020-07-17,140026.4315806938,0.0,0,,-0.07103229849679138
2020-07-20,140026.4315806938,0.0,0,,-0.07103229849679138
2020-07-21,140026.4315806938,0.0,0,,-0.07103229849679138
2020-07-22,140026.4315806938,0.0,0,,-0.07103229849679138
2020-07-23,140026.4315806938,0.0,0,,-0.07103229849679138
2020-07-24,140026.4315806938,0.0,0,,-0.07103229849679138
2020-07-27,140026.4315806938,0.0,0,,-0.07103229849679138
2020-07-28,140026.4315806938,0.0,0,,-0.07103229849679138
2020-07-29,140026.4315806938,0.0,0,,-0.07103229849679138
2020-07-30,140026.4315806938,0.0,0,,-0.07103229849679138
2020-07-31,140026.4315806938,0.0,0,,-0.07103229849679138
2020-08-03,140026.4315806938,0.0,0,,-0.07103229849679138
2020-08-04,140026.4315806938,0.0,0,,-0.07103229849679138
2020-08-05,140026.4315806938,0.0,0,,-0.07103229849679138
2020-08-06,140026.4315806938,0.0,0,,-0.07103229849679138
2020-08-07,140026.4315806938,0.0,0,,-0.07103229849679138
2020-08-10,140026.4315806938,0.0,0,,-0.07103229849679138
2020-08-11,138355.74447108674,-0.011931226774455683,1,143.7093745640346,-0.08211602280957098
2020-08-12,139373.78617862216,0.007358145564734242,0,,-0.07536209889386669
2020-08-13,138204.4683112152,-0.008389797676216948,1,147.50878524780273,-0.08311962380790905
2020-08-14,137636.09440796127,-0.004112558082956075,1,147.50878524780273,-0.0868903476101216
2020-08-17,139139.67407798758,0.010924312234330102,1,148.7859388078962,-0.07691525266323385
2020-08-18,140222.7490844619,0.007784084687932014,0,,-0.06972988281582626
2020-08-19,138209.91119406986,-0.014354574443406487,1,153.96593584333147,-0.08308351446542295
2020-08-20,139773.6555347631,0.011314270642265756,1,155.00019127982003,-0.0727092731917296
2020-08-21,139237.42295552886,-0.0038364352508535315,1,155.00019127982003,-0.07626676402384647
2020-08-24,140201.36608593608,0.006923017605080961,1,155.36415645054407,-0.06987174256878526
2020-08-25,141855.81926686838,0.01180054964598698,1,157.27895409720284,-0.05889571788983272
2020-08-26,145898.08047088273,0.0284955613728457,1,161.82258442470007,-0.03207842306071462
2020-08-27,144124.08359447846,-0.01215915158498826,1,161.82258442470007,-0.04384752823710014
2020-08-28,144200.38147521578,0.0005293902228860059,1,161.82258442470007,-0.04334135046696064
2020-08-31,146284.25278959595,0.014451219151166539,1,162.6555895124163,-0.029516466669699537
2020-09-01,148325.7191441496,0.01395547583299983,1,165.33867045811243,-0.015972907173984252
2020-09-02,149696.17034581653,0.009239471142122424,1,166.9280297415597,-0.006881017246751608
2020-09-03,141307.42228685314,-0.05603849476966816,0,,-0.06253391016742771
2020-09-04,141307.42228685314,0.0,0,,-0.06253391016742771
2020-09-08,141307.42228685314,0.0,0,,-0.06253391016742771
2020-09-09,141307.42228685314,0.0,0,,-0.06253391016742771
2020-09-10,141307.42228685314,0.0,0,,-0.06253391016742771
2020-09-11,141307.42228685314,0.0,0,,-0.06253391016742771
2020-09-14,141307.42228685314,0.0,0,,-0.06253391016742771
2020-09-15,141307.42228685314,0.0,0,,-0.06253391016742771
2020-09-16,141307.42228685314,0.0,0,,-0.06253391016742771
2020-09-17,141307.42228685314,0.0,0,,-0.06253391016742771
2020-09-18,141307.42228685314,0.0,0,,-0.06253391016742771
2020-09-21,141307.42228685314,0.0,0,,-0.06253391016742771
2020-09-22,141307.42228685314,0.0,0,,-0.06253391016742771
2020-09-23,141307.42228685314,0.0,0,,-0.06253391016742771
2020-09-24,141307.42228685314,0.0,0,,-0.06253391016742771
2020-09-25,141307.42228685314,0.0,0,,-0.06253391016742771
2020-09-28,141307.42228685314,0.0,0,,-0.06253391016742771
2020-09-29,141307.42228685314,0.0,0,,-0.06253391016742771
2020-09-30,141307.42228685314,0.0,0,,-0.06253391016742771
2020-10-01,141307.42228685314,0.0,0,,-0.06253391016742771
2020-10-02,141307.42228685314,0.0,0,,-0.06253391016742771
2020-10-05,141307.42228685314,0.0,0,,-0.06253391016742771
2020-10-06,141307.42228685314,0.0,0,,-0.06253391016742771
2020-10-07,141307.42228685314,0.0,0,,-0.06253391016742771
2020-10-08,141307.42228685314,0.0,0,,-0.06253391016742771
2020-10-09,144464.9385839293,0.02234501377193343,1,152.292058127267,-0.04158621747939817
2020-10-12,151334.2330364605,0.04754990740220588,1,159.78400039672852,0.0
2020-10-13,151365.00480568066,0.00020333647320058823,1,160.43016215733118,0.0
2020-10-14,147852.1135820911,-0.023208080547411525,1,160.43016215733118,-0.023208080547411525
2020-10-15,146750.5942389995,-0.007450142689235162,1,160.43016215733118,-0.030485319725025217
2020-10-16,140822.83249584842,-0.04039344286059299,0,,-0.0696473555652185
2020-10-19,140822.83249584842,0.0,0,,-0.0696473555652185
2020-10-20,140822.83249584842,0.0,0,,-0.0696473555652185
2020-10-21,140822.83249584842,0.0,0,,-0.0696473555652185
2020-10-22,140822.83249584842,0.0,0,,-0.0696473555652185
2020-10-23,140822.83249584842,0.0,0,,-0.0696473555652185
2020-10-26,140822.83249584842,0.0,0,,-0.0696473555652185
2020-10-27,140822.83249584842,0.0,0,,-0.0696473555652185
2020-10-28,140822.83249584842,0.0,0,,-0.0696473555652185
2020-10-29,140822.83249584842,0.0,0,,-0.0696473555652185
2020-10-30,140822.83249584842,0.0,0,,-0.0696473555652185
2020-11-02,140822.83249584842,0.0,0,,-0.0696473555652185
2020-11-03,140822.83249584842,0.0,0,,-0.0696473555652185
2020-11-04,140822.83249584842,0.0,0,,-0.0696473555652185
2020-11-05,140697.89320148996,-0.000887209070745909,1,151.8455423627581,-0.07047277287035347
2020-11-06,140247.6689391998,-0.003199936061909714,1,151.8455423627581,-0.07344720056497256
2020-11-09,133147.97367800018,-0.05062255447737585,1,151.8455423627581,-0.12035167013053727
2020-11-10,130887.8998019208,-0.01697415149212156,0,,-0.13528295414153324
2020-11-11,130887.8998019208,0.0,0,,-0.13528295414153324
2020-11-12,130887.8998019208,0.0,0,,-0.13528295414153324
2020-11-13,130887.8998019208,0.0,0,,-0.13528295414153324
2020-11-16,130887.8998019208,0.0,0,,-0.13528295414153324
2020-11-17,130887.8998019208,0.0,0,,-0.13528295414153324
2020-11-18,130887.8998019208,0.0,0,,-0.13528295414153324
2020-11-19,130887.8998019208,0.0,0,,-0.13528295414153324
2020-11-20,130887.8998019208,0.0,0,,-0.13528295414153324
2020-11-23,130887.8998019208,0.0,0,,-0.13528295414153324
2020-11-24,130887.8998019208,0.0,0,,-0.13528295414153324
2020-11-25,130887.8998019208,0.0,0,,-0.13528295414153324
2020-11-27,130043.94557816007,-0.006447916308825463,1,150.6697060721261,-0.1408585772840435
2020-11-30,130382.84733575754,0.0026060556382747624,0,,-0.13861960693529907
2020-12-01,131476.98407930078,0.008391723036433207,1,152.78739602225167,-0.13139114124768614
2020-12-02,130801.24232404486,-0.005139620139509304,1,152.78739602225167,-0.1358554608314857
2020-12-03,130115.29547396209,-0.005244192164348238,1,152.78739602225167,-0.14038720085265755
2020-12-04,130388.15600365767,0.0020970672871445384,0,,-0.138584534971955
2020-12-07,130388.15600365767,0.0,0,,-0.138584534971955
2020-12-08,130388.15600365767,0.0,0,,-0.138584534971955
2020-12-09,127575.3616553904,-0.021572468194031136,1,151.336735861642,-0.15716739269311897
2020-12-10,127463.97606018788,-0.0008730964486967085,1,151.336735861642,-0.15790326684940437
2020-12-11,127074.57544959977,-0.0030549855937668235,0,,-0.16047586023773763
2020-12-14,127448.22523110006,0.0029403976379878127,1,150.01233891078405,-0.15800732544014695
2020-12-15,127777.24520179458,0.0025815971159888207,1,150.33037458147322,-0.15583363957981944
2020-12-16,130838.94444455668,0.023961224378619583,1,154.09220232282365,-0.13560638000490877
2020-12-17,130641.93409664325,-0.0015057469987226346,1,154.09220232282365,-0.13690793810393143
2020-12-18,129251.98303344568,-0.01063939440891426,1,154.09220232282365,-0.14609071496164672
2020-12-21,129434.86225328351,0.0014149045573290664,1,154.09220232282365,-0.14488251482270043
2020-12-22,129448.5868188251,0.00010603453584812073,1,154.09220232282365,-0.14479184283706403
2020-12-23,128590.71523193826,-0.006627122071927394,1,154.09220232282365,-0.1504594116914908
2020-12-24,128082.8570265923,-0.003949415822362745,1,154.09220232282365,-0.15381460073269582
2020-12-28,128749.72863350676,0.005206564113228618,0,,-0.14940888219973258
2020-12-29,129025.30881205229,0.002140433082620241,1,158.06840079171317,-0.14758824883140997
2020-12-30,127621.24754852637,-0.010882060864285004,1,158.06840079171317,-0.1568642453890583
2020-12-31,126498.00564945723,-0.008801370623195304,1,158.06840079171317,-0.1642849956510567
2021-01-04,122602.2350447623,-0.03079709110585216,0,,-0.1900225867785187
2021-01-05,122602.2350447623,0.0,0,,-0.1900225867785187
2021-01-06,122103.46523049404,-0.004068195119657947,1,149.155882699149,-0.19331773293801957
2021-01-07,122643.66268135943,0.0044240959897876575,0,,-0.18974889315527788
2021-01-08,122643.66268135943,0.0,0,,-0.18974889315527788
2021-01-11,121145.12520752371,-0.012218629491921429,1,149.03496442522322,-0.1996490512252328
2021-01-12,121402.65515748147,0.002125797051401035,1,149.03496442522322,-0.19794766753824145
2021-01-13,123155.51608825006,0.014438406874172749,1,149.77494594029017,-0.18636730962777937
2021-01-14,121660.95675943514,-0.012135545173177276,1,149.77494594029017,-0.19624118589616524
2021-01-15,121305.61376952309,-0.0029207643879924916,0,,-0.1985887760169348
2021-01-19,121305.61376952309,0.0,0,,-0.1985887760169348
2021-01-20,121305.61376952309,0.0,0,,-0.1985887760169348
2021-01-21,121638.51785931236,0.0027443419924635393,1,156.12754004342216,-0.19638942954172645
2021-01-22,121095.60707576094,-0.00446331304512726,1,156.12754004342216,-0.19997619508405495
2021-01-25,121160.71236758988,0.0005376354551673845,1,156.12754004342216,-0.19954607392155432
2021-01-26,122342.53056498944,0.009754137082109926,1,157.23034395490373,-0.191738336598672
2021-01-27,118901.54751607554,-0.02812581228312927,1,157.23034395490373,-0.2144713524191476
2021-01-28,118813.54459769744,-0.0007401326577873846,0,,-0.21505274782484973
2021-01-29,118813.54459769744,0.0,0,,-0.21505274782484973
2021-02-01,118813.54459769744,0.0,0,,-0.21505274782484973
2021-02-02,118635.59121088113,-0.0014977533699449541,1,158.75499834333147,-0.21622840521702413
2021-02-03,116267.43903773623,-0.019961565909301093,1,158.75499834333147,-0.23187371356412256
2021-02-04,116915.72827348724,0.005575845147329783,1,158.75499834333147,-0.2275907603373627
2021-02-05,117658.07477307398,0.006349415177487883,1,158.75499834333147,-0.2226864133878168
2021-02-08,116632.82810321446,-0.00871378077396645,1,158.75499834333147,-0.2294597535741809
2021-02-09,116003.14466034382,-0.00539885256244832,1,158.75499834333147,-0.2336197867580665
2021-02-10,115356.61210279222,-0.005573405440383872,1,158.75499834333147,-0.23789113440795173
2021-02-11,114498.44266802091,-0.007439273910078148,1,158.75499834333147,-0.24356067100838985
2021-02-12,115045.28373775574,0.004775969497859078,1,158.75499834333147,-0.23994793984614504
2021-02-16,114737.81149559602,-0.0026726192693009576,1,158.75499834333147,-0.24197926962778415
2021-02-17,116130.91086499393,0.012141589169594624,1,158.75499834333147,-0.23277569333756865
2021-02-18,116818.50041973063,0.005920814274298136,1,158.75499834333147,-0.22823310071109326
2021-02-19,114069.17050021765,-0.023535055745747435,1,158.75499834333147,-0.24639667770858031
2021-02-22,112434.16797359839,-0.014333430491774601,0,,-0.25719839854701476
2021-02-23,112434.16797359839,0.0,0,,-0.25719839854701476
2021-02-24,112434.16797359839,0.0,0,,-0.25719839854701476
2021-02-25,112434.16797359839,0.0,0,,-0.25719839854701476
2021-02-26,112434.16797359839,0.0,0,,-0.25719839854701476
2021-03-01,112434.16797359839,0.0,0,,-0.25719839854701476
2021-03-02,112434.16797359839,0.0,0,,-0.25719839854701476
2021-03-03,112434.16797359839,0.0,0,,-0.25719839854701476
2021-03-04,112434.16797359839,0.0,0,,-0.25719839854701476
2021-03-05,112434.16797359839,0.0,0,,-0.25719839854701476
2021-03-08,112434.16797359839,0.0,0,,-0.25719839854701476
2021-03-09,112434.16797359839,0.0,0,,-0.25719839854701476
2021-03-10,112434.16797359839,0.0,0,,-0.25719839854701476
2021-03-11,112434.16797359839,0.0,0,,-0.25719839854701476
2021-03-12,112434.16797359839,0.0,0,,-0.25719839854701476
2021-03-15,112434.16797359839,0.0,0,,-0.25719839854701476
2021-03-16,112434.16797359839,0.0,0,,-0.25719839854701476
2021-03-17,112434.16797359839,0.0,0,,-0.25719839854701476
2021-03-18,112434.16797359839,0.0,0,,-0.25719839854701476
2021-03-19,112434.16797359839,0.0,0,,-0.25719839854701476
2021-03-22,112434.16797359839,0.0,0,,-0.25719839854701476
2021-03-23,112434.16797359839,0.0,0,,-0.25719839854701476
2021-03-24,112434.16797359839,0.0,0,,-0.25719839854701476
2021-03-25,112434.16797359839,0.0,0,,-0.25719839854701476
2021-03-26,112434.16797359839,0.0,0,,-0.25719839854701476
2021-03-29,112434.16797359839,0.0,0,,-0.25719839854701476
2021-03-30,112434.16797359839,0.0,0,,-0.25719839854701476
2021-03-31,112434.16797359839,0.0,0,,-0.25719839854701476
2021-04-01,113816.20443203297,0.012291961450358269,1,149.40964835030692,-0.24806790989669025
2021-04-05,116182.9038151057,0.02079404593469847,1,152.53936059134347,-0.23243219947530824
2021-04-06,116078.11959103623,-0.0009018902147275298,1,152.59724698747908,-0.23312446136374132
2021-04-07,118078.99720526235,0.017237336556411798,1,155.5799457005092,-0.2199055696073885
2021-04-08,118795.88348488873,0.006071242952548017,1,157.16133553641183,-0.21516942679454543
2021-04-09,121420.75247204206,0.02209562242522667,1,160.6041990007673,-0.19782810678122342
2021-04-12,121679.63631422714,0.0021321218730272484,1,161.16583687918526,-0.19611777854176393
2021-04-13,122421.72970480313,0.006098747605224553,1,162.361695425851,-0.19121510376876294
2021-04-14,120009.2971064853,-0.01970591825597423,1,162.361695425851,-0.20715295282056234
2021-04-15,121668.8348364314,0.013828409714570444,1,162.361695425851,-0.19618913901117763
2021-04-16,122401.56621369916,0.006022342354579324,1,162.46869223458427,-0.19134831481797376
2021-04-19,121413.90677451738,-0.00806900981526193,1,162.46869223458427,-0.19787333320283573
2021-04-20,120070.15019298875,-0.011067567276491497,1,162.46869223458427,-0.20675092405188122
2021-04-21,121054.20547681242,0.008195669633476843,1,162.46869223458427,-0.20024971668834968
2021-04-22,119146.58538247699,-0.015758395892332966,1,162.46869223458427,-0.21285249826778008
2021-04-23,120293.03643470701,0.00962218974677076,1,162.46869223458427,-0.205278415647416
2021-04-26,122745.78502695425,0.020389780364207022,1,162.46869223458427,-0.1890742170917722
2021-04-27,123049.32523308843,0.0024729175512423485,1,162.6797158377511,-0.18706886449046345
2021-04-28,124528.10578120324,0.012017786731569613,1,164.48910794939314,-0.1772992314764571
2021-04-29,124989.3497608111,0.0037039347600635875,1,165.16398402622767,-0.17425200150279174
2021-04-30,124849.2821743793,-0.001120636171800582,1,165.16398402622767,-0.1751773645786997
2021-05-03,121935.27861424566,-0.023340170719312603,1,165.16398402622767,-0.19442886570258622
2021-05-04,118760.77128537132,-0.026034363188009002,0,,-0.2154013971866614
2021-05-05,118760.77128537132,0.0,0,,-0.2154013971866614
2021-05-06,118760.77128537132,0.0,0,,-0.2154013971866614
2021-05-07,117601.1093867634,-0.009764688171495228,1,155.87878472464425,-0.2230627578829245
2021-05-10,117093.29105420924,-0.004318142364491351,0,,-0.22641768350266134
2021-05-11,117093.29105420924,0.0,0,,-0.22641768350266134
2021-05-12,117093.29105420924,0.0,0,,-0.22641768350266134
2021-05-13,117093.29105420924,0.0,0,,-0.22641768350266134
2021-05-14,117093.29105420924,0.0,0,,-0.22641768350266134
2021-05-17,117093.29105420924,0.0,0,,-0.22641768350266134
2021-05-18,117093.29105420924,0.0,0,,-0.22641768350266134
2021-05-19,117093.29105420924,0.0,0,,-0.22641768350266134
2021-05-20,117093.29105420924,0.0,0,,-0.22641768350266134
2021-05-21,117093.29105420924,0.0,0,,-0.22641768350266134
2021-05-24,117093.29105420924,0.0,0,,-0.22641768350266134
2021-05-25,117093.29105420924,0.0,0,,-0.22641768350266134
2021-05-26,117093.29105420924,0.0,0,,-0.22641768350266134
2021-05-27,117093.29105420924,0.0,0,,-0.22641768350266134
2021-05-28,117093.29105420924,0.0,0,,-0.22641768350266134
2021-06-01,117093.29105420924,0.0,0,,-0.22641768350266134
2021-06-02,117093.29105420924,0.0,0,,-0.22641768350266134
2021-06-03,117093.29105420924,0.0,0,,-0.22641768350266134
2021-06-04,117093.29105420924,0.0,0,,-0.22641768350266134
2021-06-07,117093.29105420924,0.0,0,,-0.22641768350266134
2021-06-08,117093.29105420924,0.0,0,,-0.22641768350266134
2021-06-09,117213.70466416865,0.001028356183990553,1,158.58624921526228,-0.22562216534366553
2021-06-10,119660.75711913788,0.02087684594544914,1,161.63651820591517,-0.20945559858597462
2021-06-11,119560.0235187177,-0.0008418265339896758,1,161.73258318219865,-0.210121099839382
2021-06-14,120883.20950899897,0.011067127216432215,1,163.6325182233538,-0.20137940956572886
2021-06-15,120856.77238984108,-0.0002186996793457352,1,163.88283593314034,-0.20155406763277572
2021-06-16,122004.20877272259,0.0094941835711142,1,165.23348018101282,-0.1939734753792719
2021-06-17,124647.38649517659,0.021664643777805193,1,168.38763155255998,-0.1765111978479016
2021-06-18,124563.7906891136,-0.0006706583139328703,1,168.38763155255998,-0.17706347745949547
2021-06-21,123387.06088801465,-0.00944680468207515,1,168.38763155255998,-0.18483759805368172
2021-06-22,125226.10320997152,0.014904661061875712,1,168.67262867518835,-0.17268787874228742
2021-06-23,125168.22499734914,-0.0004621896804162251,1,168.70018877301897,-0.17307025386721597
2021-06-24,123212.72852823985,-0.015622946391951387,1,168.70018877301897,-0.18598933296095832
2021-06-25,121511.58440019152,-0.013806561613952328,1,168.70018877301897,-0.1972280213898473
2021-06-28,123027.33073508555,0.012474089136242261,1,168.70018877301897,-0.18721417217258673
2021-06-29,123179.15066143312,0.0012340341405479016,1,168.70018877301897,-0.18621116671209414
2021-06-30,122894.07675262495,-0.0023143032508131656,1,168.70018877301897,-0.1880945208544479
2021-07-01,122637.22787536308,-0.0020900020900022076,1,168.70018877301897,-0.18979140500274627
2021-07-02,125424.00548793988,0.022723749230608936,1,168.70018877301897,-0.17138042806554465
2021-07-06,131309.79126677683,0.04692710742205475,1,175.41691098894393,-0.13249570840135938
2021-07-07,132054.26054226316,0.005669564076709488,1,176.52461678641183,-0.12757733723332043
2021-07-08,133298.5058398342,0.009422227593882226,1,177.88513565063477,-0.11935717234667198
2021-07-09,132867.32460279754,-0.00323470420257177,1,177.88513565063477,-0.12220579140224697
2021-07-12,132839.11047315603,-0.00021234814297532711,1,177.88513565063477,-0.12239218937235719
2021-07-13,131367.65857749438,-0.011076947823728478,1,177.88513565063477,-0.13211340530037619
2021-07-14,131521.98594194767,0.0011747744165071516,1,177.88513565063477,-0.13109383433249355
2021-07-15,129718.66916204458,-0.013711143174944596,1,177.88513565063477,-0.14300753117555276
2021-07-16,127662.07932965645,-0.01585423166667732,1,177.88513565063477,-0.15659448831289335
2021-07-19,126006.33796118895,-0.012969719568736937,0,,-0.16753322128220227
2021-07-20,126006.33796118895,0.0,0,,-0.16753322128220227
2021-07-21,126006.33796118895,0.0,0,,-0.16753322128220227
2021-07-22,126006.33796118895,0.0,0,,-0.16753322128220227
2021-07-23,126006.33796118895,0.0,0,,-0.16753322128220227
2021-07-26,126006.33796118895,0.0,0,,-0.16753322128220227
2021-07-27,126006.33796118895,0.0,0,,-0.16753322128220227
2021-07-28,126006.33796118895,0.0,0,,-0.16753322128220227
2021-07-29,126006.33796118895,0.0,0,,-0.16753322128220227
2021-07-30,126006.33796118895,0.0,0,,-0.16753322128220227
2021-08-02,126006.33796118895,0.0,0,,-0.16753322128220227
2021-08-03,126006.33796118895,0.0,0,,-0.16753322128220227
2021-08-04,126006.33796118895,0.0,0,,-0.16753322128220227
2021-08-05,126006.33796118895,0.0,0,,-0.16753322128220227
2021-08-06,126006.33796118895,0.0,0,,-0.16753322128220227
2021-08-09,126006.33796118895,0.0,0,,-0.16753322128220227
2021-08-10,126006.33796118895,0.0,0,,-0.16753322128220227
2021-08-11,126006.33796118895,0.0,0,,-0.16753322128220227
2021-08-12,126006.33796118895,0.0,0,,-0.16753322128220227
2021-08-13,126006.33796118895,0.0,0,,-0.16753322128220227
2021-08-16,126006.33796118895,0.0,0,,-0.16753322128220227
2021-08-17,126006.33796118895,0.0,0,,-0.16753322128220227
2021-08-18,126006.33796118895,0.0,0,,-0.16753322128220227
2021-08-19,126006.33796118895,0.0,0,,-0.16753322128220227
2021-08-20,126006.33796118895,0.0,0,,-0.16753322128220227
2021-08-23,126006.33796118895,0.0,0,,-0.16753322128220227
2021-08-24,126006.33796118895,0.0,0,,-0.16753322128220227
2021-08-25,126006.33796118895,0.0,0,,-0.16753322128220227
2021-08-26,126006.33796118895,0.0,0,,-0.16753322128220227
2021-08-27,126006.33796118895,0.0,0,,-0.16753322128220227
2021-08-30,128221.21881838099,0.01757753532901063,1,164.27448981148856,-0.15290050706906255
2021-08-31,130065.70669824112,0.01438520002272603,1,166.58298764910018,-0.14071481142410125
2021-09-01,130373.36531871183,0.0023654092095504176,1,166.89195959908622,-0.13868225032541348
2021-09-02,129778.27884498522,-0.004564478889317991,1,166.89195959908622,-0.14261371701079806
2021-09-03,130337.76420037396,0.004311086264728647,1,166.92258398873466,-0.13891745078263662
2021-09-07,131508.46117464075,0.00898202436913853,1,168.68243789672852,-0.13118318634172632
2021-09-08,132115.92169592326,0.004619174430729789,1,169.52990341186523,-0.12716996993108798
2021-09-09,130566.72982525108,-0.011726004336084395,1,169.52990341186523,-0.13740477864834066
2021-09-10,130004.24816629519,-0.004308001431212238,1,169.52990341186523,-0.14112084009648052
2021-09-13,129555.30582724241,-0.0034532897607970625,1,169.52990341186523,-0.1440867987051373
2021-09-14,129286.61058941773,-0.002073980962099542,1,169.52990341186523,-0.1458619463898324
2021-09-15,130253.07859764608,0.007475391332653958,1,169.52990341186523,-0.13947693018698504
2021-09-16,130719.63279736071,0.0035819053548502566,1,169.52990341186523,-0.13639461799524966
2021-09-17,129755.79513195848,-0.007373319866162409,1,169.52990341186523,-0.14276225671491005
2021-09-20,126869.96919282849,-0.0222404397136573,0,,-0.16182760106471372
2021-09-21,126869.96919282849,0.0,0,,-0.16182760106471372
2021-09-22,126869.96919282849,0.0,0,,-0.16182760106471372
2021-09-23,126869.96919282849,0.0,0,,-0.16182760106471372
2021-09-24,126869.96919282849,0.0,0,,-0.16182760106471372
2021-09-27,126869.96919282849,0.0,0,,-0.16182760106471372
2021-09-28,126869.96919282849,0.0,0,,-0.16182760106471372
2021-09-29,126869.96919282849,0.0,0,,-0.16182760106471372
2021-09-30,126869.96919282849,0.0,0,,-0.16182760106471372
2021-10-01,126869.96919282849,0.0,0,,-0.16182760106471372
2021-10-04,126869.96919282849,0.0,0,,-0.16182760106471372
2021-10-05,126869.96919282849,0.0,0,,-0.16182760106471372
2021-10-06,126869.96919282849,0.0,0,,-0.16182760106471372
2021-10-07,126869.96919282849,0.0,0,,-0.16182760106471372
2021-10-08,126869.96919282849,0.0,0,,-0.16182760106471372
2021-10-11,126869.96919282849,0.0,0,,-0.16182760106471372
2021-10-12,126869.96919282849,0.0,0,,-0.16182760106471372
2021-10-13,126869.96919282849,0.0,0,,-0.16182760106471372
2021-10-14,126869.96919282849,0.0,0,,-0.16182760106471372
2021-10-15,126869.96919282849,0.0,0,,-0.16182760106471372
2021-10-18,126869.96919282849,0.0,0,,-0.16182760106471372
2021-10-19,127043.6615425655,0.0013690580272232022,1,164.9738437107631,-0.16068009441375442
2021-10-20,125970.62590815047,-0.008446195751808716,1,164.9738437107631,-0.16776915463472541
2021-10-21,126706.51568693164,0.005841756945129006,1,164.9738437107631,-0.16290746431386227
2021-10-22,123037.7496450123,-0.028954833317208273,1,164.9738437107631,-0.18714533915573361
2021-10-25,122832.93841197701,-0.0016646210908944914,0,,-0.18849843416800693
2021-10-26,122832.93841197701,0.0,0,,-0.18849843416800693
2021-10-27,122811.50928586656,-0.0001744574898842055,1,162.3875252859933,-0.188640006694219
2021-10-28,124769.26631597686,0.01594115275917063,1,164.55787549700057,-0.17570599309825197
2021-10-29,118964.46017066638,-0.04652432699740228,0,,-0.21405571701734782
2021-11-01,118964.46017066638,0.0,0,,-0.21405571701734782
2021-11-02,118964.46017066638,0.0,0,,-0.21405571701734782
2021-11-03,118964.46017066638,0.0,0,,-0.21405571701734782
2021-11-04,118964.46017066638,0.0,0,,-0.21405571701734782
2021-11-05,118964.46017066638,0.0,0,,-0.21405571701734782
2021-11-08,118964.46017066638,0.0,0,,-0.21405571701734782
2021-11-09,118964.46017066638,0.0,0,,-0.21405571701734782
2021-11-10,118964.46017066638,0.0,0,,-0.21405571701734782
2021-11-11,118964.46017066638,0.0,0,,-0.21405571701734782
2021-11-12,118964.46017066638,0.0,0,,-0.21405571701734782
2021-11-15,118964.46017066638,0.0,0,,-0.21405571701734782
2021-11-16,118964.46017066638,0.0,0,,-0.21405571701734782
2021-11-17,118964.46017066638,0.0,0,,-0.21405571701734782
2021-11-18,118964.46017066638,0.0,0,,-0.21405571701734782
2021-11-19,118964.46017066638,0.0,0,,-0.21405571701734782
2021-11-22,118964.46017066638,0.0,0,,-0.21405571701734782
2021-11-23,118964.46017066638,0.0,0,,-0.21405571701734782
2021-11-24,118964.46017066638,0.0,0,,-0.21405571701734782
2021-11-26,118964.46017066638,0.0,0,,-0.21405571701734782
2021-11-29,118964.46017066638,0.0,0,,-0.21405571701734782
2021-11-30,118964.46017066638,0.0,0,,-0.21405571701734782
2021-12-01,118964.46017066638,0.0,0,,-0.21405571701734782
2021-12-02,118964.46017066638,0.0,0,,-0.21405571701734782
2021-12-03,118964.46017066638,0.0,0,,-0.21405571701734782
2021-12-06,118964.46017066638,0.0,0,,-0.21405571701734782
2021-12-07,118964.46017066638,0.0,0,,-0.21405571701734782
2021-12-08,118791.3432792272,-0.0014551983944686153,1,162.800847189767,-0.21519942187608598
2021-12-09,118338.43282776499,-0.0038126553582075173,0,,-0.2181915960053945
2021-12-10,116002.29642112128,-0.01974114707133079,1,162.92950330461775,-0.23362539069025434
2021-12-13,115685.69984875555,-0.0027292267664804637,0,,-0.23571700078713353
2021-12-14,115685.69984875555,0.0,0,,-0.23571700078713353
2021-12-15,115685.69984875555,0.0,0,,-0.23571700078713353
2021-12-16,115685.69984875555,0.0,0,,-0.23571700078713353
2021-12-17,115685.69984875555,0.0,0,,-0.23571700078713353
2021-12-20,115685.69984875555,0.0,0,,-0.23571700078713353
2021-12-21,115685.69984875555,0.0,0,,-0.23571700078713353
2021-12-22,115685.69984875555,0.0,0,,-0.23571700078713353
2021-12-23,115685.69984875555,0.0,0,,-0.23571700078713353
2021-12-27,115685.69984875555,0.0,0,,-0.23571700078713353
2021-12-28,115685.69984875555,0.0,0,,-0.23571700078713353
2021-12-29,115685.69984875555,0.0,0,,-0.23571700078713353
2021-12-30,115685.69984875555,0.0,0,,-0.23571700078713353
2021-12-31,115685.69984875555,0.0,0,,-0.23571700078713353
2022-01-03,115685.69984875555,0.0,0,,-0.23571700078713353
2022-01-04,113536.14490024361,-0.01858099100685917,1,160.30193056379045,-0.24991813632220317
2022-01-05,112933.41014351732,-0.005308747775925271,0,,-0.2539001317477646
2022-01-06,112933.41014351732,0.0,0,,-0.2539001317477646
2022-01-07,112933.41014351732,0.0,0,,-0.2539001317477646
2022-01-10,112933.41014351732,0.0,0,,-0.2539001317477646
2022-01-11,112933.41014351732,0.0,0,,-0.2539001317477646
2022-01-12,112933.41014351732,0.0,0,,-0.2539001317477646
2022-01-13,112933.41014351732,0.0,0,,-0.2539001317477646
2022-01-14,112933.41014351732,0.0,0,,-0.2539001317477646
2022-01-18,112933.41014351732,0.0,0,,-0.2539001317477646
2022-01-19,112933.41014351732,0.0,0,,-0.2539001317477646
2022-01-20,112933.41014351732,0.0,0,,-0.2539001317477646
2022-01-21,112933.41014351732,0.0,0,,-0.2539001317477646
2022-01-24,112933.41014351732,0.0,0,,-0.2539001317477646
2022-01-25,112933.41014351732,0.0,0,,-0.2539001317477646
2022-01-26,112933.41014351732,0.0,0,,-0.2539001317477646
2022-01-27,112933.41014351732,0.0,0,,-0.2539001317477646
2022-01-28,112933.41014351732,0.0,0,,-0.2539001317477646
2022-01-31,112933.41014351732,0.0,0,,-0.2539001317477646
2022-02-01,112933.41014351732,0.0,0,,-0.2539001317477646
2022-02-02,112933.41014351732,0.0,0,,-0.2539001317477646
2022-02-03,112933.41014351732,0.0,0,,-0.2539001317477646
2022-02-04,112933.41014351732,0.0,0,,-0.2539001317477646
2022-02-07,112933.41014351732,0.0,0,,-0.2539001317477646
2022-02-08,112933.41014351732,0.0,0,,-0.2539001317477646
2022-02-09,112933.41014351732,0.0,0,,-0.2539001317477646
2022-02-10,112933.41014351732,0.0,0,,-0.2539001317477646
2022-02-11,112933.41014351732,0.0,0,,-0.2539001317477646
2022-02-14,112933.41014351732,0.0,0,,-0.2539001317477646
2022-02-15,112933.41014351732,0.0,0,,-0.2539001317477646
2022-02-16,112933.41014351732,0.0,0,,-0.2539001317477646
2022-02-17,110273.26215693894,-0.023555013376447498,1,140.89224570138114,-0.2714745241246116
2022-02-18,108810.82281277284,-0.013261957754408193,1,140.89224570138114,-0.2811361982086812
2022-02-22,107096.672082685,-0.01575349478826482,1,140.89224570138114,-0.29246081536367297
2022-02-23,103267.2970621362,-0.03575624663287669,1,140.89224570138114,-0.317759760951954
2022-02-24,99560.02317117628,-0.03589978624819867,0,,-0.3422520397036989
2022-02-25,99560.02317117628,0.0,0,,-0.3422520397036989
2022-02-28,99560.02317117628,0.0,0,,-0.3422520397036989
2022-03-01,99560.02317117628,0.0,0,,-0.3422520397036989
2022-03-02,99560.02317117628,0.0,0,,-0.3422520397036989
2022-03-03,99560.02317117628,0.0,0,,-0.3422520397036989
2022-03-04,99560.02317117628,0.0,0,,-0.3422520397036989
2022-03-07,93949.38910833003,-0.05635428643080698,1,131.78394862583704,-0.3793189566575157
2022-03-08,93283.29874233625,-0.007089885014853303,0,,-0.3837195138857131
2022-03-09,93283.29874233625,0.0,0,,-0.3837195138857131
2022-03-10,93283.29874233625,0.0,0,,-0.3837195138857131
2022-03-11,93283.29874233625,0.0,0,,-0.3837195138857131
2022-03-14,93283.29874233625,0.0,0,,-0.3837195138857131
2022-03-15,93283.29874233625,0.0,0,,-0.3837195138857131
2022-03-16,93283.29874233625,0.0,0,,-0.3837195138857131
2022-03-17,93283.29874233625,0.0,0,,-0.3837195138857131
2022-03-18,93283.29874233625,0.0,0,,-0.3837195138857131
2022-03-21,93357.76756485256,0.0007983082022218202,1,146.82668467930384,-0.3832275321187788
2022-03-22,95321.85632751153,0.02103830044237709,1,150.14811815534318,-0.37025168763490734
2022-03-23,94465.69290624889,-0.008981816492547035,1,150.14811815534318,-0.37590797141306176
2022-03-24,94605.30384875112,0.0014779010051912955,1,150.14811815534318,-0.3749856251766813
2022-03-25,95255.08089093215,0.006868294014676479,1,151.63483919416154,-0.37069284268699554
2022-03-28,97692.91358977767,0.025592678900108856,1,156.3630828857422,-0.3545871866803435
2022-03-29,97880.51110757604,0.00192027764251268,1,156.91482489449638,-0.35334781488473466
2022-03-30,96138.1220869976,-0.01780118433038691,1,156.91482489449638,-0.36485898962961893
2022-03-31,94228.37988507385,-0.01986456735857156,1,156.91482489449638,-0.37747579101231254
2022-04-01,94553.55950119832,0.003450973226124532,1,156.91482489449638,-0.37532747663448185
2022-04-04,97320.62068345894,0.029264484561530857,1,157.79391043526786,-0.35704675721843904
2022-04-05,94839.71474064814,-0.0254920891933077,1,157.79391043526786,-0.37343697863055303
2022-04-06,91083.37098184439,-0.03960728655791479,0,,-0.39825343976452554
2022-04-07,91083.37098184439,0.0,0,,-0.39825343976452554
2022-04-08,91083.37098184439,0.0,0,,-0.39825343976452554
2022-04-11,91083.37098184439,0.0,0,,-0.39825343976452554
2022-04-12,91083.37098184439,0.0,0,,-0.39825343976452554
2022-04-13,91083.37098184439,0.0,0,,-0.39825343976452554
2022-04-14,91083.37098184439,0.0,0,,-0.39825343976452554
2022-04-18,91083.37098184439,0.0,0,,-0.39825343976452554
2022-04-19,91083.37098184439,0.0,0,,-0.39825343976452554
2022-04-20,91083.37098184439,0.0,0,,-0.39825343976452554
2022-04-21,91083.37098184439,0.0,0,,-0.39825343976452554
2022-04-22,91083.37098184439,0.0,0,,-0.39825343976452554
2022-04-25,91083.37098184439,0.0,0,,-0.39825343976452554
2022-04-26,91083.37098184439,0.0,0,,-0.39825343976452554
2022-04-27,91083.37098184439,0.0,0,,-0.39825343976452554
2022-04-28,91083.37098184439,0.0,0,,-0.39825343976452554
2022-04-29,91083.37098184439,0.0,0,,-0.39825343976452554
2022-05-02,91083.37098184439,0.0,0,,-0.39825343976452554
2022-05-03,91083.37098184439,0.0,0,,-0.39825343976452554
2022-05-04,91083.37098184439,0.0,0,,-0.39825343976452554
2022-05-05,91083.37098184439,0.0,0,,-0.39825343976452554
2022-05-06,91083.37098184439,0.0,0,,-0.39825343976452554
2022-05-09,91083.37098184439,0.0,0,,-0.39825343976452554
2022-05-10,91083.37098184439,0.0,0,,-0.39825343976452554
2022-05-11,91083.37098184439,0.0,0,,-0.39825343976452554
2022-05-12,91083.37098184439,0.0,0,,-0.39825343976452554
2022-05-13,91083.37098184439,0.0,0,,-0.39825343976452554
2022-05-16,91083.37098184439,0.0,0,,-0.39825343976452554
2022-05-17,91083.37098184439,0.0,0,,-0.39825343976452554
2022-05-18,91083.37098184439,0.0,0,,-0.39825343976452554
2022-05-19,91083.37098184439,0.0,0,,-0.39825343976452554
2022-05-20,91083.37098184439,0.0,0,,-0.39825343976452554
2022-05-23,91083.37098184439,0.0,0,,-0.39825343976452554
2022-05-24,91083.37098184439,0.0,0,,-0.39825343976452554
2022-05-25,91083.37098184439,0.0,0,,-0.39825343976452554
2022-05-26,91083.37098184439,0.0,0,,-0.39825343976452554
2022-05-27,91083.37098184439,0.0,0,,-0.39825343976452554
2022-05-31,91083.37098184439,0.0,0,,-0.39825343976452554
2022-06-01,91083.37098184439,0.0,0,,-0.39825343976452554
2022-06-02,91083.37098184439,0.0,0,,-0.39825343976452554
2022-06-03,91083.37098184439,0.0,0,,-0.39825343976452554
2022-06-06,90612.93447623916,-0.005164900030972808,1,112.03303582327706,-0.40136140059212355
2022-06-07,89313.17300111198,-0.014344105316090427,1,112.03303582327706,-0.409948335708307
2022-06-08,87991.62871163388,-0.014796745486375773,1,112.03303582327706,-0.41867918000864357
2022-06-09,84339.22910861987,-0.04150848957443043,1,112.03303582327706,-0.4428089292046542
2022-06-10,81227.77944275312,-0.036892080930210236,0,,-0.46336486728202664
2022-06-13,81227.77944275312,0.0,0,,-0.46336486728202664
2022-06-14,81227.77944275312,0.0,0,,-0.46336486728202664
2022-06-15,81227.77944275312,0.0,0,,-0.46336486728202664
2022-06-16,81227.77944275312,0.0,0,,-0.46336486728202664
2022-06-17,81227.77944275312,0.0,0,,-0.46336486728202664
2022-06-21,81227.77944275312,0.0,0,,-0.46336486728202664
2022-06-22,82253.66778335672,0.012629772076025114,1,95.12329837254116,-0.4565872878678111
2022-06-23,84888.50725501985,0.0320330939965241,1,98.70169721330915,-0.4391800973811747
2022-06-24,87923.47263024678,0.03575237064906034,1,102.5760691506522,-0.41912945635537646
2022-06-27,85477.3807039488,-0.027820692849391482,1,102.5760691506522,-0.4352896773353726
2022-06-28,81083.47216969957,-0.05140434227234392,1,102.5760691506522,-0.4643182400463509
2022-06-29,80946.76704689616,-0.0016859801281979836,0,,-0.4652213888486709
2022-06-30,80946.76704689616,0.0,0,,-0.4652213888486709
2022-07-01,80946.76704689616,0.0,0,,-0.4652213888486709
2022-07-05,80946.76704689616,0.0,0,,-0.4652213888486709
2022-07-06,80946.76704689616,0.0,0,,-0.4652213888486709
2022-07-07,80946.76704689616,0.0,0,,-0.4652213888486709
2022-07-08,80946.76704689616,0.0,0,,-0.4652213888486709
2022-07-11,80946.76704689616,0.0,0,,-0.4652213888486709
2022-07-12,80946.76704689616,0.0,0,,-0.4652213888486709
2022-07-13,80946.76704689616,0.0,0,,-0.4652213888486709
2022-07-14,81111.46768240131,0.0020346783634945798,1,98.25499670846122,-0.4641332863793016
2022-07-15,83252.35136516891,0.02639434033114041,1,101.23214530944824,-0.44998943796786706
2022-07-18,83406.31805030332,0.0018493974357440823,1,101.65464619227818,-0.44897224984481277
2022-07-19,86668.95741227781,0.03911741266419111,1,106.57250077383858,-0.42741746995257146
2022-07-20,90012.24678937557,0.03857539627705431,1,110.91999653407505,-0.4053298719546735
2022-07-21,91375.95810765562,0.01515028639903937,1,113.28178378513881,-0.3963204492018334
2022-07-22,89755.63564748489,-0.017732481209791873,1,113.28178378513881,-0.4070251854930975
2022-07-25,88817.16884645417,-0.010455798059483934,1,113.28178378513881,-0.4132252104079417
2022-07-26,84176.15147597538,-0.052253606265046715,1,113.28178378513881,-0.44388630922954075
2022-07-27,88692.52994806488,0.05365389594199388,1,113.28178378513881,-0.41404864313302425
2022-07-28,89652.9911907286,0.010829110898360028,1,113.28178378513881,-0.40770331090846723
2022-07-29,98942.35368309495,0.10361464095050743,1,120.85178456987653,-0.3463327021320738
2022-08-01,99264.95374358802,0.0032604850044939404,1,121.2150012425014,-0.3442014297094472
2022-08-02,98363.14807441455,-0.009084834427092292,1,121.2150012425014,-0.3501592511380608
2022-08-03,102292.98199900819,0.03995229922511845,1,125.28964669363839,-0.3241966190908535
2022-08-04,104529.17679341993,0.021860686341448332,1,128.50393649509974,-0.30942309335230833
2022-08-05,103231.4488000389,-0.012414983387324718,1,128.50393649509974,-0.31799659417600945
2022-08-08,102212.33198388491,-0.009872154542052702,1,128.50393649509974,-0.32472943719651026
2022-08-09,101053.9095791174,-0.011333489631663474,1,128.50393649509974,-0.33238260911861117
2022-08-10,104617.15455995196,0.0352608325167747,1,128.50393649509974,-0.3088418641134564
2022-08-11,103114.13765305838,-0.014366830308238376,1,128.50393649509974,-0.3187716157678967
2022-08-12,105247.68799071385,0.020691152408548463,1,129.22499874659948,-0.3046762154447211
2022-08-15,104976.40456489555,-0.0025775713556979163,1,129.62999044145857,-0.30646846211472634
2022-08-16,106149.4936598873,0.011174788276031578,1,131.67999594552177,-0.29871839401610767
2022-08-17,104184.58229129386,-0.01851079360669583,1,131.67999594552177,-0.31169967308464774
2022-08-18,104331.21563131614,0.0014074379989574837,1,131.67999594552177,-0.3107309330498522
2022-08-19,101347.17625916198,-0.02860159688639219,1,131.67999594552177,-0.33044512904902
2022-08-22,97673.9590701624,-0.036243902638259384,1,131.67999594552177,-0.3547124106027396
2022-08-23,97967.22575020697,0.003002506326521548,1,131.67999594552177,-0.35277493053314857
2022-08-24,98099.20358741174,0.001347163157822573,1,131.67999594552177,-0.35190301276474356
2022-08-25,100650.65950350107,0.026008936084948253,1,131.67999594552177,-0.33504669964689426
2022-08-26,96400.0439638545,-0.04223137295487578,0,,-0.3631285904716818
2022-08-29,96400.0439638545,0.0,0,,-0.3631285904716818
2022-08-30,96400.0439638545,0.0,0,,-0.3631285904716818
2022-08-31,96400.0439638545,0.0,0,,-0.3631285904716818
2022-09-01,96400.0439638545,0.0,0,,-0.3631285904716818
2022-09-02,96400.0439638545,0.0,0,,-0.3631285904716818
2022-09-06,96400.0439638545,0.0,0,,-0.3631285904716818
2022-09-07,96400.0439638545,0.0,0,,-0.3631285904716818
2022-09-08,96400.0439638545,0.0,0,,-0.3631285904716818
2022-09-09,96400.0439638545,0.0,0,,-0.3631285904716818
2022-09-12,96400.0439638545,0.0,0,,-0.3631285904716818
2022-09-13,96400.0439638545,0.0,0,,-0.3631285904716818
2022-09-14,96400.0439638545,0.0,0,,-0.3631285904716818
2022-09-15,96400.0439638545,0.0,0,,-0.3631285904716818
2022-09-16,96400.0439638545,0.0,0,,-0.3631285904716818
2022-09-19,96400.0439638545,0.0,0,,-0.3631285904716818
2022-09-20,96400.0439638545,0.0,0,,-0.3631285904716818
2022-09-21,96400.0439638545,0.0,0,,-0.3631285904716818
2022-09-22,96400.0439638545,0.0,0,,-0.3631285904716818
2022-09-23,96400.0439638545,0.0,0,,-0.3631285904716818
2022-09-26,96400.0439638545,0.0,0,,-0.3631285904716818
2022-09-27,96400.0439638545,0.0,0,,-0.3631285904716818
2022-09-28,96400.0439638545,0.0,0,,-0.3631285904716818
2022-09-29,96400.0439638545,0.0,0,,-0.3631285904716818
2022-09-30,96400.0439638545,0.0,0,,-0.3631285904716818
2022-10-03,96400.0439638545,0.0,0,,-0.3631285904716818
2022-10-04,96400.0439638545,0.0,0,,-0.3631285904716818
2022-10-05,96400.0439638545,0.0,0,,-0.3631285904716818
2022-10-06,96400.0439638545,0.0,0,,-0.3631285904716818
2022-10-07,96400.0439638545,0.0,0,,-0.3631285904716818
2022-10-10,96400.0439638545,0.0,0,,-0.3631285904716818
2022-10-11,96400.0439638545,0.0,0,,-0.3631285904716818
2022-10-12,96400.0439638545,0.0,0,,-0.3631285904716818
2022-10-13,96400.0439638545,0.0,0,,-0.3631285904716818
2022-10-14,96400.0439638545,0.0,0,,-0.3631285904716818
2022-10-17,96400.0439638545,0.0,0,,-0.3631285904716818
2022-10-18,96400.0439638545,0.0,0,,-0.3631285904716818
2022-10-19,96400.0439638545,0.0,0,,-0.3631285904716818
2022-10-20,96400.0439638545,0.0,0,,-0.3631285904716818
2022-10-21,96400.0439638545,0.0,0,,-0.3631285904716818
2022-10-24,96127.29526441378,-0.00282934206485419,1,107.26107215881348,-0.36493051754056316
2022-10-25,96753.06035500235,0.006509754475742868,1,108.34285572596959,-0.3607963711347152
2022-10-26,92789.87940767812,-0.040961814879887926,1,108.34285572596959,-0.38697931185084755
2022-10-27,91256.84440332417,-0.016521575565568547,0,,-0.3971073794733606
2022-10-28,91256.84440332417,0.0,0,,-0.3971073794733606
2022-10-31,91256.84440332417,0.0,0,,-0.3971073794733606
2022-11-01,91256.84440332417,0.0,0,,-0.3971073794733606
2022-11-02,91256.84440332417,0.0,0,,-0.3971073794733606
2022-11-03,91256.84440332417,0.0,0,,-0.3971073794733606
2022-11-04,91256.84440332417,0.0,0,,-0.3971073794733606
2022-11-07,91256.84440332417,0.0,0,,-0.3971073794733606
2022-11-08,91256.84440332417,0.0,0,,-0.3971073794733606
2022-11-09,91256.84440332417,0.0,0,,-0.3971073794733606
2022-11-10,91256.84440332417,0.0,0,,-0.3971073794733606
2022-11-11,91256.84440332417,0.0,0,,-0.3971073794733606
2022-11-14,91256.84440332417,0.0,0,,-0.3971073794733606
2022-11-15,91256.84440332417,0.0,0,,-0.3971073794733606
2022-11-16,91256.84440332417,0.0,0,,-0.3971073794733606
2022-11-17,91256.84440332417,0.0,0,,-0.3971073794733606
2022-11-18,91256.84440332417,0.0,0,,-0.3971073794733606
2022-11-21,91256.84440332417,0.0,0,,-0.3971073794733606
2022-11-22,91256.84440332417,0.0,0,,-0.3971073794733606
2022-11-23,91256.84440332417,0.0,0,,-0.3971073794733606
2022-11-25,91256.84440332417,0.0,0,,-0.3971073794733606
2022-11-28,91256.84440332417,0.0,0,,-0.3971073794733606
2022-11-29,91256.84440332417,0.0,0,,-0.3971073794733606
2022-11-30,91256.84440332417,0.0,0,,-0.3971073794733606
2022-12-01,91256.84440332417,0.0,0,,-0.3971073794733606
2022-12-02,90782.60475324473,-0.005196757056199153,1,86.09963853018624,-0.40024046595321283
2022-12-05,87773.5609646516,-0.033145598727553405,1,86.09963853018624,-0.42011985480175207
2022-12-06,85111.70831021073,-0.03032636052572657,1,86.09963853018624,-0.4377055091467448
2022-12-07,85070.70649784677,-0.0004817411514584924,0,,-0.4379763895422273
2022-12-08,85070.70649784677,0.0,0,,-0.4379763895422273
2022-12-09,85124.83019306719,0.0006362201214560326,1,82.20071029663086,-0.4376188188125205
2022-12-12,85111.63268876572,-0.00015503707051789384,0,,-0.4377060087433663
2022-12-13,85111.63268876572,0.0,0,,-0.4377060087433663
2022-12-14,85111.63268876572,0.0,0,,-0.4377060087433663
2022-12-15,85111.63268876572,0.0,0,,-0.4377060087433663
2022-12-16,85111.63268876572,0.0,0,,-0.4377060087433663
2022-12-19,85111.63268876572,0.0,0,,-0.4377060087433663
2022-12-20,85111.63268876572,0.0,0,,-0.4377060087433663
2022-12-21,85111.63268876572,0.0,0,,-0.4377060087433663
2022-12-22,85111.63268876572,0.0,0,,-0.4377060087433663
2022-12-23,85111.63268876572,0.0,0,,-0.4377060087433663
2022-12-27,85111.63268876572,0.0,0,,-0.4377060087433663
2022-12-28,85111.63268876572,0.0,0,,-0.4377060087433663
2022-12-29,85111.63268876572,0.0,0,,-0.4377060087433663
2022-12-30,85111.63268876572,0.0,0,,-0.4377060087433663
2023-01-03,85111.63268876572,0.0,0,,-0.4377060087433663
2023-01-04,85111.63268876572,0.0,0,,-0.4377060087433663
2023-01-05,85111.63268876572,0.0,0,,-0.4377060087433663
2023-01-06,85111.63268876572,0.0,0,,-0.4377060087433663
2023-01-09,85111.63268876572,0.0,0,,-0.4377060087433663
2023-01-10,85111.63268876572,0.0,0,,-0.4377060087433663
2023-01-11,88872.13349693177,0.044183159097856306,1,87.30785315377372,-0.4128620838679058
2023-01-12,89040.36371848133,0.0018929468094222024,1,87.30785315377372,-0.4117506630228728
2023-01-13,91704.0100814351,0.029915043601747016,1,90.09143011910575,-0.3941531584585033
2023-01-17,89769.36609887224,-0.021096612687327987,1,90.09143011910575,-0.4069344746223452
2023-01-18,89217.9420441487,-0.006142675153974042,1,90.09143011910575,-0.4105774834897611
2023-01-19,87554.33603688868,-0.01864654092152007,1,90.09143011910575,-0.4215681745639346
2023-01-20,90890.89615552653,0.0381084509307692,1,90.09143011910575,-0.399525033727509
2023-01-23,91143.23792259376,0.002776315095798454,1,90.09143011910575,-0.3978579260139976
2023-01-24,90021.70786593948,-0.012305137300550828,1,90.09143011910575,-0.4052673669088338
2023-01-25,90825.47368773026,0.008928577793566816,1,90.09143011910575,-0.3999572503279065
2023-01-26,92732.08048845391,0.02099198301215366,1,90.15750122070312,-0.38736116312022395
2023-01-27,95554.60183832524,0.03043737760442844,1,93.30249868120465,-0.36871404350697634
2023-01-30,93975.11450709711,-0.01652968356145279,1,93.30249868120465,-0.379149000604595
2023-01-31,96386.40484195524,0.02565881773600842,1,94.24071448189872,-0.3632186979698896
2023-02-01,98274.32256495747,0.019586971068148662,1,96.33036150251117,-0.3507460810302879
2023-02-02,105526.90403879591,0.07379935352944922,1,103.16893577575684,-0.3028315615338616
2023-02-03,96278.16300800405,-0.08764344140515723,0,,-0.36393380272009357
2023-02-06,96278.16300800405,0.0,0,,-0.36393380272009357
2023-02-07,96278.16300800405,0.0,0,,-0.36393380272009357
2023-02-08,96278.16300800405,0.0,0,,-0.36393380272009357
2023-02-09,96278.16300800405,0.0,0,,-0.36393380272009357
2023-02-10,96278.16300800405,0.0,0,,-0.36393380272009357
2023-02-13,96278.16300800405,0.0,0,,-0.36393380272009357
2023-02-14,96278.16300800405,0.0,0,,-0.36393380272009357
2023-02-15,96278.16300800405,0.0,0,,-0.36393380272009357
2023-02-16,96278.16300800405,0.0,0,,-0.36393380272009357
2023-02-17,96278.16300800405,0.0,0,,-0.36393380272009357
2023-02-21,96278.16300800405,0.0,0,,-0.36393380272009357
2023-02-22,96278.16300800405,0.0,0,,-0.36393380272009357
2023-02-23,96278.16300800405,0.0,0,,-0.36393380272009357
2023-02-24,96278.16300800405,0.0,0,,-0.36393380272009357
2023-02-27,96278.16300800405,0.0,0,,-0.36393380272009357
2023-02-28,96278.16300800405,0.0,0,,-0.36393380272009357
2023-03-01,96278.16300800405,0.0,0,,-0.36393380272009357
2023-03-02,96278.16300800405,0.0,0,,-0.36393380272009357
2023-03-03,96278.16300800405,0.0,0,,-0.36393380272009357
2023-03-06,96278.16300800405,0.0,0,,-0.36393380272009357
2023-03-07,96278.16300800405,0.0,0,,-0.36393380272009357
2023-03-08,96278.16300800405,0.0,0,,-0.36393380272009357
2023-03-09,96278.16300800405,0.0,0,,-0.36393380272009357
2023-03-10,96278.16300800405,0.0,0,,-0.36393380272009357
2023-03-13,96278.16300800405,0.0,0,,-0.36393380272009357
2023-03-14,96278.16300800405,0.0,0,,-0.36393380272009357
2023-03-15,96278.16300800405,0.0,0,,-0.36393380272009357
2023-03-16,96278.16300800405,0.0,0,,-0.36393380272009357
2023-03-17,96278.16300800405,0.0,0,,-0.36393380272009357
2023-03-20,95450.14730006993,-0.008600244147421887,1,90.42964472089496,-0.369404127310623
2023-03-21,98283.07714767197,0.029679680207260972,1,92.35642896379743,-0.3506882434691836
2023-03-22,96417.24834202023,-0.018984232685839597,1,92.35642896379743,-0.3630149289408159
2023-03-23,96427.0191473161,0.00010133876939955044,1,92.35642896379743,-0.362950377657589
2023-03-24,95860.43168720756,-0.005875816395847888,1,92.35642896379743,-0.3666935642735172
2023-03-27,95772.51679836695,-0.0009171134251457769,1,92.35642896379743,-0.36727437810795316
2023-03-28,94991.01633939373,-0.00815996577200273,1,92.35642896379743,-0.3724373975256614
2023-03-29,97931.40268642809,0.0309543624265336,1,92.35642896379743,-0.3530115972833321
2023-03-30,99640.92841910888,0.0174563591022443,1,93.65536063058036,-0.3417175353905224
2023-03-31,100901.09399640931,0.012647067799287592,1,95.7239317212786,-0.3333921924295242
2023-04-03,100041.44945389136,-0.008519675143943917,1,95.7239317212786,-0.3390714743984413
2023-04-04,101545.82554006261,0.015037527888523972,1,96.79285648890904,-0.32913274326238684
2023-04-05,98761.74226599919,-0.027417013542964663,1,96.79285648890904,-0.34752591992589354
2023-04-06,99699.53834500261,0.009495540049077045,1,96.79285648890904,-0.3413303261675651
2023-04-10,99806.99484443494,0.0010778033801970288,1,96.79285648890904,-0.3406204097666753
2023-04-11,97609.03318813107,-0.022022120390757682,1,96.79285648890904,-0.35514134648600193
2023-04-12,95567.37460479814,-0.020916697119597982,1,96.79285648890904,-0.36862965962650607
2023-04-13,100031.67864859548,0.046713683014299345,1,96.79285648890904,-0.33913602568166845
2023-04-14,100139.13514802782,0.001074224694457282,1,96.79285648890904,-0.33842610928077843
2023-04-17,100363.81149924763,0.0022436418178335416,1,96.79285648890904,-0.3369417744339739
2023-04-18,99933.99295445901,-0.004282604839014548,1,96.79285648890904,-0.33978139079933134
2023-04-19,101887.73664895135,0.019550341547772243,1,97.50893320356097,-0.32687389149326307
2023-04-20,101409.0640776834,-0.0046980391066805405,1,97.50893320356097,-0.3300362642747554
2023-04-21,104486.21188709697,0.03034391291745231,1,99.80285726274762,-0.30970694302005763
2023-04-24,103753.55800166234,-0.007011967150520326,1,99.80285726274762,-0.3145472552598332
2023-04-25,100197.74507392156,-0.03427172037496595,1,99.80285726274762,-0.3380389000578211
2023-04-26,102552.00980319637,0.023496184744855597,1,99.80285726274762,-0.32248533975967186
2023-04-27,107280.06596645626,0.04610398345515909,1,101.21285465785435,-0.2912492150733239
2023-04-28,103011.13331093185,-0.039792412663683385,1,101.21285465785435,-0.31945211878283575
2023-05-01,99689.77499264748,-0.032242712137328766,1,101.21285465785435,-0.3413948282125898
2023-05-02,98974.50275124011,-0.0071749809994066105,0,,-0.34612030780627534
2023-05-03,98740.52977250984,-0.0023639722577676325,1,94.8249991280692,-0.34766606125853905
2023-05-04,98963.3884198122,0.0022570128782557486,0,,-0.3461937351578761
2023-05-05,100132.45519171438,0.011813123929658609,1,96.82428741455078,-0.33847024072530896
2023-05-08,100293.55999433227,0.0016089169321718,1,97.22285679408482,-0.3374058942944763
2023-05-09,101042.23242035665,0.007464810562778812,1,98.38785879952567,-0.3324597548153707
2023-05-10,104425.4694266659,0.03348339526223332,1,101.59893090384347,-0.31010824093240563
2023-05-11,106311.36158092643,0.01805969525073503,1,103.81214441571917,-0.29764900600765143
2023-05-12,104491.8071236419,-0.01711533396079634,1,103.81214441571917,-0.3096699778275277
2023-05-15,105382.62659299576,0.008525256609829501,1,103.81214441571917,-0.3037847372430381
2023-05-16,107467.53906845098,0.01978421437062372,1,105.36607606070382,-0.2900106652365543
2023-05-17,109457.67720799759,0.018518504813616277,1,108.0821454184396,-0.2768627243231211
2023-05-18,111969.04527397468,0.022943736154795724,1,111.15893254961286,-0.260271253466293
2023-05-19,110168.44134571186,-0.01608126535201726,1,111.15893254961286,-0.27216702772781665
2023-05-22,108993.31332916561,-0.010666648290490577,1,111.15893254961286,-0.2799305660572664
2023-05-23,108974.35556987721,-0.00017393506729301844,1,111.15893254961286,-0.28005581138271496
2023-05-24,110642.28410418805,0.015305697616549097,1,111.15893254961286,-0.26903656333094705
2023-05-25,108983.83444952141,-0.01498929336188437,1,111.15893254961286,-0.2799931887199907
2023-05-26,113826.5080195693,0.04443478791610045,1,112.19928850446429,-0.24799983876261567
2023-05-30,115295.42346295215,0.01290486257498391,1,113.49393435886928,-0.23829538002548145
2023-05-31,114271.92136937959,-0.00887721353399118,1,113.49393435886928,-0.24505719458682285
2023-06-01,116347.3477349239,0.01816217265513176,1,114.73071152823312,-0.23134579301015923
2023-06-02,117749.92548133075,0.012055089984538192,1,116.15714291163853,-0.22207959737790295
2023-06-05,118744.9981662374,0.008450728786783213,1,117.2553596496582,-0.21550560303763844
2023-06-06,119986.46387975964,0.010454888481148839,1,118.80464226858956,-0.20730380160331086
2023-06-07,114887.91840145197,-0.04249267220189945,1,118.80464226858956,-0.24098758131747322
2023-06-08,117749.92548133075,0.024911297199049942,1,118.80464226858956,-0.22207959737790295
2023-06-09,116972.82364664048,-0.006599595129370028,1,118.80464226858956,-0.22721355707808533
2023-06-12,119948.55559144955,0.025439515368102628,1,118.80464226858956,-0.2075542444871119
2023-06-13,120033.85104771395,0.0007111003199982147,1,118.80464226858956,-0.20699073605678542
2023-06-14,119806.40131785335,-0.001894879884926648,1,118.80464226858956,-0.20849339335959194
2023-06-15,120460.30663823582,0.005458016543269828,1,118.80464226858956,-0.20417333720644126
2023-06-16,118925.05349787699,-0.012744888197649074,1,118.80464226858956,-0.2143160590484533
2023-06-20,119199.88316542518,0.002310948445805039,1,118.80464226858956,-0.2125003839662173
2023-06-21,118299.58481642712,-0.007552845901271921,1,118.80464226858956,-0.21844824721343126
2023-06-22,123341.2642471363,0.04261789623803569,1,121.39106341770717,-0.18514015570851838
2023-06-23,122564.16964271275,-0.0063003619199695216,1,121.39106341770717,-0.1902740676416047
2023-06-26,120668.79860880802,-0.01546431587167707,1,121.39106341770717,-0.20279592522908318
2023-06-27,122422.00813884985,0.014529104045574393,1,121.39106341770717,-0.19121326428118068
2023-06-28,122289.33274489785,-0.00108375443246711,1,121.39106341770717,-0.19208979049093655
2023-06-29,121208.9790642602,-0.008834406537251538,1,121.39106341770717,-0.19922719772733566
2023-06-30,123540.284568331,0.019233769000189582,1,122.39393179757255,-0.18382531862678875
2023-07-03,123407.609174379,-0.0010739443770555468,1,122.53428949628558,-0.18470184483654462
2023-07-05,123559.2423276194,0.0012287180203462977,1,122.95679473876953,-0.1837000733013402
2023-07-06,121644.91353442628,-0.015493205988729275,1,122.95679473876953,-0.19634717621426723
2023-07-07,122990.62523323462,0.011062622017709689,1,122.95679473876953,-0.18745666879126055
2023-07-10,120479.25716725753,-0.020419182854096607,1,122.95679473876953,-0.20404813964808854
2023-07-11,122042.93971628226,0.012978852839820476,1,122.95679473876953,-0.19371759758499973
2023-07-12,123957.26850947538,0.01568569880112225,1,123.3053640638079,-0.1810704946720728
2023-07-13,127274.16781880864,0.026758409161619312,1,127.09643636431012,-0.15915724389398556
2023-07-14,127634.27848208783,0.002829408900884456,1,127.47106906345913,-0.15677815591561506
2023-07-17,126572.87533047187,-0.008315972513331604,1,127.47106906345913,-0.16379036559366167
2023-07-18,125881.068952046,-0.005465676406731013,1,127.47106906345913,-0.16836081686351756
2023-07-19,128278.7121530928,0.019046892602732513,1,128.4742922101702,-0.15252067465809271
2023-07-20,123161.21614576342,-0.03989357175040831,1,128.4742922101702,-0.1863296519306077
2023-07-21,121570.5961892413,-0.01291494194600673,0,,-0.1968381572391109
2023-07-24,121570.5961892413,0.0,0,,-0.1968381572391109
2023-07-25,121570.5961892413,0.0,0,,-0.1968381572391109
2023-07-26,122962.1135964523,0.011446167501267368,1,120.4678543635777,-0.18764503225624318
2023-07-27,125508.19814166833,0.02070625228167433,0,,-0.1708242053518696
2023-07-28,125508.19814166833,0.0,0,,-0.1708242053518696
2023-07-31,125771.81819410215,0.002100420979163964,1,125.65499905177525,-0.16908258711737578
2023-08-01,123899.55081170578,-0.014886223394710907,1,125.65499905177525,-0.1814518093481018
2023-08-02,120625.42293961778,-0.026425663778747666,1,125.65499905177525,-0.2030824886209711
2023-08-03,119758.69685085495,-0.007185268806864209,0,,-0.2088085551571266
2023-08-04,118316.23390027675,-0.01204474487873397,1,132.77964401245117,-0.21833825426049602
2023-08-07,120562.68572543436,0.01898684357254843,1,132.77964401245117,-0.20349696496749492
2023-08-08,118629.8860212903,-0.016031491771390738,1,132.77964401245117,-0.21626609681950626
2023-08-09,116858.15511502072,-0.01493494570121734,1,132.77964401245117,-0.22797112010771003
2023-08-10,117460.0288031913,0.005150463718840648,1,132.77964401245117,-0.22399481337192761
2023-08-11,117332.87603390875,-0.0010825194798445015,1,132.77964401245117,-0.22483485410291282
2023-08-14,119163.95352262678,0.015605834874352409,1,132.77964401245117,-0.21273775483568969
2023-08-15,116705.55885670678,-0.020630355012962842,1,132.77964401245117,-0.22897925444173162
2023-08-16,114501.49559970165,-0.018885675014943537,1,132.77964401245117,-0.2435405016721245
2023-08-17,114659.85757640866,0.0013830559668901454,0,,-0.24249427584925143
2023-08-18,115879.87213044001,0.010640293646085652,1,123.22356932503837,-0.23443419250569675
2023-08-21,117149.82875538933,0.01095925117625085,1,124.61034856523786,-0.22604416452941734
2023-08-22,116775.80461614608,-0.0031926989840012077,1,124.70714242117745,-0.22851517253898612
2023-08-23,117880.50309497342,0.009459994580714781,1,126.10214614868164,-0.22121693025210132
2023-08-24,114679.49089718384,-0.027154721211281263,1,126.10214614868164,-0.2423645673951712
2023-08-25,115914.65982628659,0.010770617478674804,1,126.10214614868164,-0.23420436596229433
2023-08-28,115810.28346606626,-0.0009004586682714866,1,126.10214614868164,-0.23489393327908803
2023-08-29,115845.02088499872,0.0002999510742294209,0,,-0.23466443889247568
2023-08-30,115791.54405400551,-0.0004616239056687288,1,128.1789392743792,-0.2350177360833413
2023-08-31,118311.90858287593,0.021766395374215763,1,130.858213697161,-0.21836682967266863
2023-09-01,118406.20887034772,0.0007970481467276525,1,130.92535618373327,-0.2177438304028383
2023-09-05,117894.7660550419,-0.004319391864541888,0,,-0.221122701337784
2023-09-06,117894.7660550419,0.0,0,,-0.221122701337784
2023-09-07,117894.7660550419,0.0,0,,-0.221122701337784
2023-09-08,117894.7660550419,0.0,0,,-0.221122701337784
2023-09-11,117894.7660550419,0.0,0,,-0.221122701337784
2023-09-12,116816.59950615863,-0.009145160425356735,1,134.62001637050085,-0.22824565918571849
2023-09-13,119810.84516990847,0.025632022130484877,1,136.80179868425643,-0.20846403484266907
2023-09-14,119703.31328016281,-0.0008975138235037816,1,137.03607831682478,-0.20917444931319817
2023-09-15,116121.80719037245,-0.029919857618376233,1,137.03607831682478,-0.23283583719072132
2023-09-18,115782.6778620314,-0.0029204620264398073,1,137.03607831682478,-0.23507631099625126
2023-09-19,113177.63243758533,-0.022499440093709744,0,,-0.25228666571325065
2023-09-20,113177.63243758533,0.0,0,,-0.25228666571325065
2023-09-21,113177.63243758533,0.0,0,,-0.25228666571325065
2023-09-22,113177.63243758533,0.0,0,,-0.25228666571325065
2023-09-25,113177.63243758533,0.0,0,,-0.25228666571325065
2023-09-26,113177.63243758533,0.0,0,,-0.25228666571325065
2023-09-27,113177.63243758533,0.0,0,,-0.25228666571325065
2023-09-28,113177.63243758533,0.0,0,,-0.25228666571325065
2023-09-29,113177.63243758533,0.0,0,,-0.25228666571325065
2023-10-02,113177.63243758533,0.0,0,,-0.25228666571325065
2023-10-03,113177.63243758533,0.0,0,,-0.25228666571325065
2023-10-04,113177.63243758533,0.0,0,,-0.25228666571325065
2023-10-05,113177.63243758533,0.0,0,,-0.25228666571325065
2023-10-06,113177.63243758533,0.0,0,,-0.25228666571325065
2023-10-09,113177.63243758533,0.0,0,,-0.25228666571325065
2023-10-10,113177.63243758533,0.0,0,,-0.25228666571325065
2023-10-11,113177.63243758533,0.0,0,,-0.25228666571325065
2023-10-12,113177.63243758533,0.0,0,,-0.25228666571325065
2023-10-13,113177.63243758533,0.0,0,,-0.25228666571325065
2023-10-16,113177.63243758533,0.0,0,,-0.25228666571325065
2023-10-17,113177.63243758533,0.0,0,,-0.25228666571325065
2023-10-18,113177.63243758533,0.0,0,,-0.25228666571325065
2023-10-19,113177.63243758533,0.0,0,,-0.25228666571325065
2023-10-20,113177.63243758533,0.0,0,,-0.25228666571325065
2023-10-23,113177.63243758533,0.0,0,,-0.25228666571325065
2023-10-24,113177.63243758533,0.0,0,,-0.25228666571325065
2023-10-25,108838.90470804328,-0.03833555832628632,1,117.18999998910087,-0.28095067385114236
2023-10-26,107995.2466162563,-0.007751438642735864,0,,-0.28652434058388576
2023-10-27,107995.2466162563,0.0,0,,-0.28652434058388576
2023-10-30,110319.02476719963,0.021517411402378617,1,121.52786064147949,-0.27117219129464587
2023-10-31,110634.90211346715,0.002863308000901066,1,122.0346371786935,-0.2690853327987007
2023-11-01,113885.20554966622,0.02937864429857373,1,125.76428195408413,-0.24761205077838333
2023-11-02,114774.6800318436,0.007810272439553012,1,127.1950043269566,-0.241735695914726
2023-11-03,115215.25681959029,0.0038386235328597973,1,127.94643265860421,-0.23882500471293666
2023-11-06,116162.91422701077,0.008225103459209127,1,129.35428919110979,-0.23256426162613753
2023-11-07,118631.81349345263,0.02125376487729147,1,132.38322067260742,-0.21625336288430896
2023-11-08,118108.10374471983,-0.004414580990635408,1,132.38322067260742,-0.21971327588999423
2023-11-09,116877.8145648409,-0.010416636461610618,1,132.38322067260742,-0.22784123903086928
2023-11-10,119338.39292459877,0.021052569890351647,1,133.88499886648995,-0.2115853127491193
2023-11-13,118532.0514034075,-0.006756765374750229,1,133.88499886648995,-0.21691244580888058
2023-11-14,121200.46216563067,0.02251214528584855,1,136.60179110935755,-0.19928346501739036
2023-11-15,119039.1320230813,-0.017832688951265996,1,136.60179110935755,-0.21356239392387066
2023-11-16,118731.56289918881,-0.0025837648398919777,1,136.60179110935755,-0.21559436375921903
2023-11-17,120685.06063927288,0.01645306178393957,1,137.37642451695032,-0.20268848936247896
2023-11-20,121474.78571571408,0.0065436854591447435,1,138.31929234095983,-0.19747113362391155
2023-11-21,119621.0246970572,-0.015260459261028925,1,138.31929234095983,-0.2097180926950436
2023-11-22,121956.92898395384,0.01952753951750852,1,138.565363747733,-0.1942858315201741
2023-11-24,121981.86633538788,0.0002044767086364363,1,138.62393733433314,-0.19412108173890164
2023-11-27,122804.8243013292,0.006746559883569869,1,139.58714294433594,-0.18868417135794657
2023-11-28,122222.93162735327,-0.00473835354015173,1,139.58714294433594,-0.19252847258677386
2023-11-29,121632.73073100233,-0.0048288883967405605,1,139.58714294433594,-0.19642766247619792
2023-11-30,121441.52745759605,-0.001571972217158657,1,139.58714294433594,-0.1976908558652627
2023-12-01,122222.93162735327,0.006434406632690459,1,139.58714294433594,-0.19252847258677386
2023-12-04,120402.42886681443,-0.014894936132684111,1,139.58714294433594,-0.20455570941655477
2023-12-05,122098.24487018306,0.014084566393959497,1,139.58714294433594,-0.19335222149313624
2023-12-06,120136.426223415,-0.016067541747663117,1,139.58714294433594,-0.206313068349955
2023-12-07,122098.24487018306,0.016329923474831087,1,139.58714294433594,-0.19335222149313624
2023-12-08,122547.12988030478,0.0036764247561378305,1,139.75750023978097,-0.19038664163075003
2023-12-11,121275.27421993279,-0.010378502226973785,1,139.75750023978097,-0.198789215673573
2023-12-12,122597.00458317286,0.010898597193382598,1,139.9157153538295,-0.19005714206820512
2023-12-13,123727.54435731564,0.009221593773735215,1,141.49000385829382,-0.1825881780524199
2023-12-14,122547.12988030478,-0.00954043404920335,1,141.49000385829382,-0.19038664163075003
2023-12-15,124666.8935423611,0.01729753821347546,1,141.94679096766882,-0.17638232362621764
2023-12-18,128075.14199384842,0.027338841569267247,1,145.56822422572546,-0.15386557045818683
2023-12-19,127842.37223994908,-0.0018174467759756174,1,145.56822422572546,-0.15540337474919952
2023-12-20,126454.1380447819,-0.010858952089543461,1,145.56822422572546,-0.16457480903778798
2023-12-21,127883.93872044214,0.011306871390431628,1,145.56822422572546,-0.1551287638472515
2023-12-22,127534.80311605659,-0.0027300973670256745,1,145.56822422572546,-0.15743534458454778
2023-12-26,127526.49489368156,-6.514474615582078e-05,1,145.90286200387138,-0.15749023324514466
2023-12-27,127468.29928412949,-0.0004563413242133496,1,146.17392676217216,-0.15787470526776826
2023-12-28,127501.55754224752,0.0002609139551152939,1,146.61929048810686,-0.15765498302641712
2023-12-29,126304.51393617765,-0.009388462612884063,1,146.61929048810686,-0.16556330772542271
2024-01-02,124633.63528424306,-0.013228970207501023,1,146.61929048810686,-0.17660204586756878
2024-01-03,123419.97523342315,-0.009737821159208071,1,146.61929048810686,-0.18462014788776826
2024-01-04,120844.34918925149,-0.020868794044889394,0,,-0.2016361420898508
2024-01-05,120844.34918925149,0.0,0,,-0.2016361420898508
2024-01-08,122603.96734323917,0.014561029669926784,1,142.16429247174943,-0.19001114226742388
2024-01-09,124470.56457669949,0.015224607114340927,1,144.68071092878068,-0.17767938014145157
2024-01-10,126411.1777619242,0.015590940651907248,1,146.92999540056502,-0.1648586281603972
2024-01-11,127603.50084182172,0.009432101662268044,1,148.38356454031808,-0.15698148983884008
2024-01-12,127143.01848383674,-0.0036086969005324487,1,148.38356454031808,-0.16002368812355017
2024-01-16,125942.4769858335,-0.009442449238027617,1,148.38356454031808,-0.16795512180958916
2024-01-17,124750.153905936,-0.00946720366657261,1,148.38356454031808,-0.1758322601311464
2024-01-18,126222.05376786678,0.01179878193208972,1,148.38356454031808,-0.16610808469297045
2024-01-19,126303.67201359665,0.0006466242886522533,0,,-0.16556886992642217
2024-01-22,124418.3967922046,-0.01492652740285405,1,149.00071498325892,-0.17802402905525994
2024-01-23,125415.16314890285,0.008011406531487353,1,149.00071498325892,-0.17143884539290766
2024-01-24,126098.42002332452,0.005447960655367012,1,149.27535247802734,-0.1669248768220426
2024-01-25,126805.80339037678,0.0056097718506022964,1,150.23750141688757,-0.162251515446602
2024-01-26,127907.0606422047,0.008684596622424712,1,151.44499588012695,-0.1549760077872081
2024-01-29,129627.27834020334,0.01344896590822775,1,153.90106473650252,-0.14361130892430374
2024-01-30,127810.60373419909,-0.014014601164705764,1,153.90106473650252,-0.15561325487169397
2024-01-31,124756.0082358534,-0.023899390262627773,1,153.90106473650252,-0.1757935832261054
2024-02-01,128035.67802996495,0.026288672108771616,1,153.90106473650252,-0.15412629098559094
2024-02-02,138107.79569518956,0.07866649218561861,1,162.23142896379744,-0.08758437346538872
2024-02-05,136902.03528260277,-0.00873057459586113,1,162.23142896379744,-0.0955502861552785
2024-02-06,135969.57761978466,-0.00681113075414308,1,162.23142896379744,-0.10171061141682214
2024-02-07,137078.88112436584,0.008158468416245013,1,162.23142896379744,-0.09438194581141823
2024-02-08,136524.22937207524,-0.004046223223746592,1,162.23142896379744,-0.0980462786141203
2024-02-09,140229.93353071713,0.02714319777292107,1,164.42678451538086,-0.07356437037252106
2024-02-12,138533.83005971988,-0.012095159915523457,1,164.42678451538086,-0.08476975746430404
2024-02-13,135559.62349513164,-0.021469171561243172,1,164.42678451538086,-0.10441899255934117
2024-02-14,137440.60679501604,0.013875689909628175,1,164.42678451538086,-0.09199218821114219
2024-02-15,136492.08115794978,-0.006901349311422389,1,164.42678451538086,-0.09825866729779731
2024-02-16,136258.96060943065,-0.0017079419299743659,1,164.42678451538086,-0.09979878912991047
2024-02-20,134305.63462854206,-0.01433539469369327,1,164.42678451538086,-0.11270352879147383
2024-02-21,135519.42902825293,0.00903755380828164,1,164.42678451538086,-0.10468453918902831
2024-02-22,140334.436691476,0.035530017339574504,1,164.42678451538086,-0.07287396534202517
2024-02-23,140664.01414800072,0.0023485144793740087,1,165.6685747419085,-0.07069659642542647
2024-02-26,140455.007826483,-0.0014858549486425066,1,165.76570783342635,-0.07207740648641803
2024-02-27,139498.43593666347,-0.006810521779339163,1,165.76570783342635,-0.07839704351908316
2024-02-28,139192.98497276934,-0.0021896371944473136,1,165.76570783342635,-0.08041501963110631
2024-02-29,142086.8026036001,0.02078996747858297,1,167.7117805480957,-0.06129687779544368
2024-03-01,143260.41480206142,0.00825982552183624,1,169.61821855817522,-0.05354335378923114
2024-03-04,142745.95751664956,-0.003591063770984282,1,169.61821855817522,-0.05694213996224595
2024-03-05,139964.66476807254,-0.019484213752621438,1,169.61821855817522,-0.07531688088831123
2024-03-06,139474.32170966206,-0.0035033346396606824,1,169.61821855817522,-0.07855635529020466
2024-03-07,142135.0433232321,0.019076784751165476,1,169.61821855817522,-0.06097817321974652
2024-03-08,140953.3971376467,-0.008313545751684748,1,169.61821855817522,-0.0687847741385148
2024-03-11,138228.37909582575,-0.019332758891648982,1,169.61821855817522,-0.0867877335763273
2024-03-12,139257.08829095418,0.00744209837268861,0,,-0.07999151805445637
2024-03-13,139570.24680043454,0.0022487796730754628,1,168.55643027169364,-0.07792262168120023
2024-03-14,141301.43838101433,0.012403729449981915,1,170.5660765511649,-0.06648542334858532
2024-03-15,137878.58251013068,-0.024223786467438835,1,170.5660765511649,-0.08909868111763064
2024-03-18,137926.01043364758,0.00034398325434925603,1,170.5660765511649,-0.08878534631757051
2024-03-19,139048.51551767768,0.00813845829732096,1,170.5660765511649,-0.08136946385866828
2024-03-20,140827.13502177436,0.012791359170393868,1,170.5660765511649,-0.06961893072599312
2024-03-21,140827.13502177436,0.0,1,170.5660765511649,-0.06961893072599312
2024-03-22,141396.29422804812,0.0040415450203241665,1,170.5660765511649,-0.06585875374846495
2024-03-25,142060.3213433912,0.004696213001679661,1,170.89572089059013,-0.0614718274824132
2024-03-26,140945.7168926021,-0.007845994154095037,1,170.89572089059013,-0.0688355140374397
2024-03-27,142155.177190425,0.008581036192426339,1,171.4603625706264,-0.060845157882292944
2024-03-28,142589.95325938906,0.0030584610251771505,1,172.3710779462542,-0.057972789401069424
2024-04-01,143056.34392335257,0.003270852211551656,1,173.10928889683314,-0.05489155761594022
2024-04-02,142835.00557225003,-0.0015472110151307783,1,173.22393144880022,-0.05635383980848985
2024-04-03,144194.66233590012,0.009519072430478781,1,174.79393332345145,-0.047371203660883654
2024-04-04,142289.5603277347,-0.013212014767422509,1,174.79393332345145,-0.05995734938598796
2024-04-05,146297.3887334096,0.028166707356770848,1,176.83607864379883,-0.0334794431432599
2024-04-08,146392.2445804434,0.0006483768975988902,1,176.9435751778739,-0.032852773543139535
2024-04-09,146771.68003061408,0.002591909504893186,1,177.32178388323103,-0.030346015454255082
2024-04-10,146993.01838171663,0.0015080453603608657,1,177.65356717790877,-0.028883733261705347
2024-04-11,149443.56563439735,0.016671181255133227,1,180.5767865862165,-0.012694077959102934
2024-04-12,147135.3142143028,-0.015445639364236707,1,180.5767865862165,-0.027943649173121865
2024-04-15,145151.15762558556,-0.013485250630092205,1,180.5767865862165,-0.04105207269059519
2024-04-16,144914.01800800106,-0.001633742516860881,1,180.5767865862165,-0.04261874669089627
2024-04-17,142531.3904521934,-0.01644166374350431,0,,-0.05835968733213914
2024-04-18,142531.3904521934,0.0,0,,-0.05835968733213914
2024-04-19,142531.3904521934,0.0,0,,-0.05835968733213914
2024-04-22,142531.3904521934,0.0,0,,-0.05835968733213914
2024-04-23,142531.3904521934,0.0,0,,-0.05835968733213914
2024-04-24,142531.3904521934,0.0,0,,-0.05835968733213914
2024-04-25,142531.3904521934,0.0,0,,-0.05835968733213914
2024-04-26,142531.3904521934,0.0,0,,-0.05835968733213914
2024-04-29,142531.3904521934,0.0,0,,-0.05835968733213914
2024-04-30,142531.3904521934,0.0,0,,-0.05835968733213914
2024-05-01,142531.3904521934,0.0,0,,-0.05835968733213914
2024-05-02,142531.3904521934,0.0,0,,-0.05835968733213914
2024-05-03,141724.25726006628,-0.005662845142858752,1,172.53821563720703,-0.06369205060305039
2024-05-06,143619.38643587838,0.013371946429286963,1,174.45535332815987,-0.05117179086239876
2024-05-07,143665.05052009798,0.0003179520909595279,1,174.89392144339425,-0.050870108949342185
2024-05-08,143086.61943090006,-0.004026247769404523,1,174.89392144339425,-0.05469154105606
2024-05-09,144228.26799018917,0.007978723404255428,1,176.15000098092216,-0.04714918633044329
2024-05-10,142690.8446785806,-0.010659653152828241,1,176.15000098092216,-0.05730624551055097
2024-05-13,141998.25337883364,-0.004853789332504466,1,176.15000098092216,-0.06188188239991044
2024-05-14,142378.80289859668,0.002679959159411549,1,176.15000098092216,-0.05936776415803824
2024-05-15,141556.81454229457,-0.005773249525686364,1,176.15000098092216,-0.06479826876745809
2024-05-16,139760.62034447506,-0.012688857146349819,1,176.15000098092216,-0.07666490993808694
2024-05-17,140574.9902777741,0.005826891232250109,1,176.15000098092216,-0.07128473679737635
2024-05-20,139692.11260469595,-0.006280474722663021,1,176.15000098092216,-0.07711750953247165
2024-05-21,139395.2844438188,-0.0021248741632043933,1,176.15000098092216,-0.07907851869213989
2024-05-22,139380.07082471205,-0.00010914012742568868,1,176.15000098092216,-0.07917902817995892
2024-05-23,137796.98342888386,-0.011358061353112126,1,176.15000098092216,-0.08963776927312328
2024-05-24,137568.6513943361,-0.0016570176564539851,1,176.15000098092216,-0.09114625556320655
2024-05-28,138634.18540429272,0.007745471073219212,1,176.15000098092216,-0.0841067551758844
2024-05-29,138535.25042630013,-0.0007136405620594699,1,176.15000098092216,-0.08476037374590717
2024-05-30,136480.2853422697,-0.014833517662161122,1,176.15000098092216,-0.09833659690705698
2024-05-31,133866.49516425646,-0.019151412025980807,0,,-0.11560472424843793
2024-06-03,133866.49516425646,0.0,0,,-0.11560472424843793
2024-06-04,133866.49516425646,0.0,0,,-0.11560472424843793
2024-06-05,133866.49516425646,0.0,0,,-0.11560472424843793
2024-06-06,133866.49516425646,0.0,0,,-0.11560472424843793
2024-06-07,133866.49516425646,0.0,0,,-0.11560472424843793
2024-06-10,133866.49516425646,0.0,0,,-0.11560472424843793
2024-06-11,133866.49516425646,0.0,0,,-0.11560472424843793
2024-06-12,132862.6602221987,-0.007498776604452306,1,179.6825011117118,-0.12223660685133197
2024-06-13,132095.4862051729,-0.005774188291449045,0,,-0.12730497795871365
2024-06-14,132095.4862051729,0.0,0,,-0.12730497795871365
2024-06-17,133010.51217000236,0.0069270040265283495,1,175.63677542550224,-0.12125981602710234
2024-06-18,132580.10177165893,-0.003235912645711214,0,,-0.12410334250071475
2024-06-20,132580.10177165893,0.0,0,,-0.12410334250071475
2024-06-21,133283.80952738438,0.005307793147854456,1,180.93714087350028,-0.11945426422381156
2024-06-24,130809.58996550129,-0.0185635417434159,1,180.93714087350028,-0.13580031174687957
2024-06-25,131352.3605813389,0.004149318226444709,1,180.93714087350028,-0.13221447222912308
2024-06-26,136477.03720144887,0.03901472799901873,1,183.9099965776716,-0.09835805590165747
2024-06-27,139465.8465893972,0.0218997235669518,1,187.70178876604353,-0.07861234656953475
2024-06-28,136223.2702651511,-0.023249966952788026,1,187.70178876604353,-0.10003457906250002
2024-07-01,139007.65061095665,0.020439828968911833,1,187.70178876604353,-0.08163943978060273
2024-07-02,140981.39225371397,0.014198798656638534,1,188.64999771118164,-0.06859982309184975
2024-07-03,139282.56389561034,-0.012050018310546862,1,188.64999771118164,-0.07982321227803957
2024-07-05,140981.39225371397,0.012196992290986808,1,188.95178386143274,-0.06859982309184975
2024-07-08,140480.90357856156,-0.0035500335693360308,1,188.95178386143274,-0.07190632498635918
2024-07-09,140516.15107783032,0.00025090598345323123,1,188.95178386143274,-0.07167346073009329
2024-07-10,140833.35705919584,0.002257434315787732,1,188.95178386143274,-0.0695778245440889
2024-07-11,137492.10494663988,-0.023724863074531033,1,188.95178386143274,-0.09165196325828762
2024-07-12,137097.35876929373,-0.0028710461411537436,1,188.95178386143274,-0.09425987238399947
2024-07-15,135849.6704361609,-0.009100746683474936,1,188.95178386143274,-0.10250278384649103
2024-07-16,136061.1446757468,0.0015566783408964557,1,188.95178386143274,-0.10110566936908993
2024-07-17,132993.6376463561,-0.022545062638573254,0,,-0.12137129835862226
2024-07-18,132993.6376463561,0.0,0,,-0.12137129835862226
2024-07-19,132993.6376463561,0.0,0,,-0.12137129835862226
2024-07-22,132993.6376463561,0.0,0,,-0.12137129835862226
2024-07-23,132993.6376463561,0.0,0,,-0.12137129835862226
2024-07-24,131076.5300723753,-0.014415032236945069,1,172.00357164655412,-0.13403675941708793
2024-07-25,132385.36492980467,0.00998527239549829,0,,-0.12538988057537914
2024-07-26,132385.36492980467,0.0,0,,-0.12538988057537914
2024-07-29,132385.36492980467,0.0,0,,-0.12538988057537914
2024-07-30,132385.36492980467,0.0,0,,-0.12538988057537914
2024-07-31,132385.36492980467,0.0,0,,-0.12538988057537914
2024-08-01,132385.36492980467,0.0,0,,-0.12538988057537914
2024-08-02,132385.36492980467,0.0,0,,-0.12538988057537914
2024-08-05,132385.36492980467,0.0,0,,-0.12538988057537914
2024-08-06,132385.36492980467,0.0,0,,-0.12538988057537914
2024-08-07,132385.36492980467,0.0,0,,-0.12538988057537914
2024-08-08,132385.36492980467,0.0,0,,-0.12538988057537914
2024-08-09,132385.36492980467,0.0,0,,-0.12538988057537914
2024-08-12,132385.36492980467,0.0,0,,-0.12538988057537914
2024-08-13,132385.36492980467,0.0,0,,-0.12538988057537914
2024-08-14,132385.36492980467,0.0,0,,-0.12538988057537914
2024-08-15,132385.36492980467,0.0,0,,-0.12538988057537914
2024-08-16,132385.36492980467,0.0,0,,-0.12538988057537914
2024-08-19,132385.36492980467,0.0,0,,-0.12538988057537914
2024-08-20,132385.36492980467,0.0,0,,-0.12538988057537914
2024-08-21,132385.36492980467,0.0,0,,-0.12538988057537914
2024-08-22,132385.36492980467,0.0,0,,-0.12538988057537914
2024-08-23,132385.36492980467,0.0,0,,-0.12538988057537914
2024-08-26,132385.36492980467,0.0,0,,-0.12538988057537914
2024-08-27,132385.36492980467,0.0,0,,-0.12538988057537914
2024-08-28,132385.36492980467,0.0,0,,-0.12538988057537914
2024-08-29,132385.36492980467,0.0,0,,-0.12538988057537914
2024-08-30,132385.36492980467,0.0,0,,-0.12538988057537914
2024-09-03,131219.22392574532,-0.008808685194754529,1,167.59286390032088,-0.1330940457855373
2024-09-04,129045.26708266106,-0.016567365497562103,1,167.59286390032088,-0.14745639358102114
2024-09-05,132440.21369679985,0.02630818387135525,1,168.2846407209124,-0.12502751962500225
2024-09-06,127600.92316904188,-0.036539434607352206,1,168.2846407209124,-0.15699851935489728
2024-09-09,130586.38908185613,0.023396899008788496,1,168.2846407209124,-0.1372748988479846
2024-09-10,133676.09677342902,0.023660258265018275,1,168.2846407209124,-0.11686260014301386
2024-09-11,137376.29367039737,0.02768031821904482,1,171.9271409170968,-0.09241707588383263
2024-09-12,139222.665952422,0.013440254011034547,1,174.74999346051897,-0.08021893084763387
2024-09-13,138842.97186224663,-0.0027272433520638684,1,174.74999346051897,-0.08272739765383386
2024-09-16,137651.7573420777,-0.008579580976924017,1,174.74999346051897,-0.09059721222357664
2024-09-17,139133.32883950157,0.010763186217390697,1,174.74999346051897,-0.08080914067212475
2024-09-18,138798.29194552283,-0.0024080275860087763,1,174.74999346051897,-0.08302257761819332
2024-09-19,141359.39521170154,0.01845197970580159,1,177.58962631225586,-0.06610252882972589
2024-09-20,142647.39917771,0.009111555436973395,1,179.73928124564034,-0.05759327024870864
2024-09-23,144344.8724847794,0.011899784481557152,1,181.90499714442663,-0.04637883327069936
2024-09-24,144404.4343468142,0.0004126358007008335,1,181.90499714442663,-0.04598533503700075
2024-09-25,143339.78452337038,-0.007372694808573943,1,181.90499714442663,-0.05301899400467691
2024-09-26,142319.81461665034,-0.007115748848874115,1,181.90499714442663,-0.05975747300799383
2024-09-27,139944.83790923157,-0.016687603998192024,1,181.90499714442663,-0.0754478679606958
2024-09-30,138723.848138177,-0.008724793206352444,1,181.90499714442663,-0.08351439412123107
2024-10-01,137830.4429281821,-0.006440170323887107,1,181.90499714442663,-0.08941671752248115
2024-10-02,137554.96789623817,-0.0019986515757441925,1,181.90499714442663,-0.09123665623485122
2024-10-03,135226.26045206422,-0.016929286377577957,0,,-0.10662137113089665
2024-10-04,135226.26045206422,0.0,0,,-0.10662137113089665
2024-10-07,135226.26045206422,0.0,0,,-0.10662137113089665
2024-10-08,135226.26045206422,0.0,0,,-0.10662137113089665
2024-10-09,135226.26045206422,0.0,0,,-0.10662137113089665
2024-10-10,135226.26045206422,0.0,0,,-0.10662137113089665
2024-10-11,135226.26045206422,0.0,0,,-0.10662137113089665
2024-10-14,133430.01695376486,-0.013283244632325664,1,180.21035385131836,-0.11848833800745673
2024-10-15,133536.7447176974,0.0007998782160802964,1,180.21035385131836,-0.11778323603180807
2024-10-16,132967.5625454647,-0.004262363692000948,1,180.21035385131836,-0.1215435647350207
2024-10-17,133422.90611200148,0.0034244710350397334,1,180.21035385131836,-0.11853531611691148
2024-10-18,132952.81332432906,-0.003523328949811666,0,,-0.12164100615587325
2024-10-21,132952.81332432906,0.0,0,,-0.12164100615587325
2024-10-22,132952.81332432906,0.0,0,,-0.12164100615587325
2024-10-23,132952.81332432906,0.0,0,,-0.12164100615587325
2024-10-24,132952.81332432906,0.0,0,,-0.12164100615587325
2024-10-25,132952.81332432906,0.0,0,,-0.12164100615587325
2024-10-28,132952.81332432906,0.0,0,,-0.12164100615587325
2024-10-29,134337.60359448692,0.01041565225686325,1,182.00678416660853,-0.11249232431930467
2024-10-30,135675.1324130625,0.009956473710913238,1,183.58177947998047,-0.10365587747815619
2024-10-31,131219.03395593708,-0.03284388507953573,1,183.58177947998047,-0.133095300829981
2024-11-01,139335.7472116933,0.061856218652560635,1,186.01391656058175,-0.07947185420718805
2024-11-04,137822.22719374462,-0.01086239567545555,1,186.01391656058175,-0.08947099515718304
2024-11-05,140440.97709974865,0.0190009257528736,1,187.28749465942383,-0.07217010114032663
2024-11-06,145784.06733472043,0.038045094425516846,1,193.90070506504603,-0.03687072502739275
2024-11-07,147867.80786162431,0.014293335101699611,1,196.73571232387,-0.023104395553952273
2024-11-08,146551.38638599115,-0.008902691496347037,1,196.73571232387,-0.03180139574447294
2024-11-11,145608.07613534734,-0.006436720074140423,1,196.73571232387,-0.038033419136239255
2024-11-12,147065.2884221489,0.010007771034946211,1,196.73571232387,-0.028406277851684703
2024-11-13,150718.86743979892,0.024843245179395845,1,200.87143434797014,-0.00426873679759221
2024-11-14,148874.4723660464,-0.012237320417028963,1,200.87143434797014,-0.016453819314653062
2024-11-15,141194.30897488748,-0.05158818210468785,0,,-0.06719317879221898
2024-11-18,141194.30897488748,0.0,0,,-0.06719317879221898
2024-11-19,141194.30897488748,0.0,0,,-0.06719317879221898
2024-11-20,141194.30897488748,0.0,0,,-0.06719317879221898
2024-11-21,141194.30897488748,0.0,0,,-0.06719317879221898
2024-11-22,141194.30897488748,0.0,0,,-0.06719317879221898
2024-11-25,141194.30897488748,0.0,0,,-0.06719317879221898
2024-11-26,141194.30897488748,0.0,0,,-0.06719317879221898
2024-11-27,141194.30897488748,0.0,0,,-0.06719317879221898
2024-11-29,141194.30897488748,0.0,0,,-0.06719317879221898
2024-12-02,141194.30897488748,0.0,0,,-0.06719317879221898
2024-12-03,141194.30897488748,0.0,0,,-0.06719317879221898
2024-12-04,141194.30897488748,0.0,0,,-0.06719317879221898
2024-12-05,141194.30897488748,0.0,0,,-0.06719317879221898
2024-12-06,141194.30897488748,0.0,0,,-0.06719317879221898
2024-12-09,141194.30897488748,0.0,0,,-0.06719317879221898
2024-12-10,141194.30897488748,0.0,0,,-0.06719317879221898
2024-12-11,141194.30897488748,0.0,0,,-0.06719317879221898
2024-12-12,141194.30897488748,0.0,0,,-0.06719317879221898
2024-12-13,141194.30897488748,0.0,0,,-0.06719317879221898
2024-12-16,141194.30897488748,0.0,0,,-0.06719317879221898
2024-12-17,141194.30897488748,0.0,0,,-0.06719317879221898
2024-12-18,141194.30897488748,0.0,0,,-0.06719317879221898
2024-12-19,141194.30897488748,0.0,0,,-0.06719317879221898
2024-12-20,141194.30897488748,0.0,0,,-0.06719317879221898
2024-12-23,141194.30897488748,0.0,0,,-0.06719317879221898
2024-12-24,141194.30897488748,0.0,0,,-0.06719317879221898
2024-12-26,141194.30897488748,0.0,0,,-0.06719317879221898
2024-12-27,141194.30897488748,0.0,0,,-0.06719317879221898
2024-12-30,141194.30897488748,0.0,0,,-0.06719317879221898
2024-12-31,141194.30897488748,0.0,0,,-0.06719317879221898
2025-01-02,141194.30897488748,0.0,0,,-0.06719317879221898
2025-01-03,141194.30897488748,0.0,0,,-0.06719317879221898
2025-01-06,141194.30897488748,0.0,0,,-0.06719317879221898
2025-01-07,141194.30897488748,0.0,0,,-0.06719317879221898
2025-01-08,141194.30897488748,0.0,0,,-0.06719317879221898
2025-01-10,141194.30897488748,0.0,0,,-0.06719317879221898
2025-01-13,141194.30897488748,0.0,0,,-0.06719317879221898
2025-01-14,141194.30897488748,0.0,0,,-0.06719317879221898
2025-01-15,141194.30897488748,0.0,0,,-0.06719317879221898
2025-01-16,141194.30897488748,0.0,0,,-0.06719317879221898
2025-01-17,141194.30897488748,0.0,0,,-0.06719317879221898
2025-01-21,141194.30897488748,0.0,0,,-0.06719317879221898
2025-01-22,142799.64918394203,0.011369723190047809,1,222.1474974496024,-0.05658742344529799
2025-01-23,143048.78062720774,0.0017446222360448793,1,222.6074981689453,-0.0549415248864763
2025-01-24,142702.43507219508,-0.002421170970448583,1,222.6607186453683,-0.0572296730317976
2025-01-27,143048.78062720774,0.0024270472668350695,1,222.6607186453683,-0.0549415248864763
2025-01-28,144707.61404399207,0.011596277923594078,1,224.57677514212472,-0.043982364155012
2025-01-29,144051.3793848384,-0.004534900692607535,1,224.57677514212472,-0.048317809193950345
2025-01-30,142574.8282224122,-0.01025017024294872,1,224.57677514212472,-0.058072713666894815
2025-01-31,144422.02614985473,0.012955989149507907,1,224.57677514212472,-0.04586911396553761
2025-02-03,144264.0451055003,-0.0010938846972726735,1,224.57677514212472,-0.04691282314096601
2025-02-04,147083.4583242697,0.019543422733693472,1,228.0135656084333,-0.028286237541547354
2025-02-05,143504.50480656745,-0.024332807771026643,1,228.0135656084333,-0.051930761731909914
2025-02-06,145120.80878791225,0.011263088803542765,1,228.0135656084333,-0.041252573709389284
2025-02-07,139238.9238916756,-0.04053095448794508,1,228.0135656084333,-0.08011152200980853
2025-02-10,141663.3798636928,0.017412199866636113,1,228.0135656084333,-0.06409423997602759
2025-02-11,141432.47664586295,-0.0016299428832774465,1,228.0135656084333,-0.06561971290899693
2025-02-12,139105.24405732486,-0.01645472556041927,1,228.0135656084333,-0.08099468410214516
2025-02-13,138340.5708362384,-0.005497084069464364,0,,-0.08604653358392034
2025-02-14,138340.5708362384,0.0,0,,-0.08604653358392034
2025-02-18,138340.5708362384,0.0,0,,-0.08604653358392034
2025-02-19,138340.5708362384,0.0,0,,-0.08604653358392034
2025-02-20,138340.5708362384,0.0,0,,-0.08604653358392034
2025-02-21,138340.5708362384,0.0,0,,-0.08604653358392034
2025-02-24,138340.5708362384,0.0,0,,-0.08604653358392034
2025-02-25,138340.5708362384,0.0,0,,-0.08604653358392034
2025-02-26,138340.5708362384,0.0,0,,-0.08604653358392034
2025-02-27,138340.5708362384,0.0,0,,-0.08604653358392034
2025-02-28,138340.5708362384,0.0,0,,-0.08604653358392034
2025-03-03,138340.5708362384,0.0,0,,-0.08604653358392034
2025-03-04,138340.5708362384,0.0,0,,-0.08604653358392034
2025-03-05,138340.5708362384,0.0,0,,-0.08604653358392034
2025-03-06,138340.5708362384,0.0,0,,-0.08604653358392034
2025-03-07,138340.5708362384,0.0,0,,-0.08604653358392034
2025-03-10,138340.5708362384,0.0,0,,-0.08604653358392034
2025-03-11,138340.5708362384,0.0,0,,-0.08604653358392034
2025-03-12,138340.5708362384,0.0,0,,-0.08604653358392034
2025-03-13,138340.5708362384,0.0,0,,-0.08604653358392034
2025-03-14,138340.5708362384,0.0,0,,-0.08604653358392034
2025-03-17,138340.5708362384,0.0,0,,-0.08604653358392034
2025-03-18,138340.5708362384,0.0,0,,-0.08604653358392034
2025-03-19,138340.5708362384,0.0,0,,-0.08604653358392034
2025-03-20,138340.5708362384,0.0,0,,-0.08604653358392034
2025-03-21,138340.5708362384,0.0,0,,-0.08604653358392034
2025-03-24,138340.5708362384,0.0,0,,-0.08604653358392034
2025-03-25,138340.5708362384,0.0,0,,-0.08604653358392034
2025-03-26,138340.5708362384,0.0,0,,-0.08604653358392034
2025-03-27,138340.5708362384,0.0,0,,-0.08604653358392034
2025-03-28,138340.5708362384,0.0,0,,-0.08604653358392034
2025-03-31,138340.5708362384,0.0,0,,-0.08604653358392034
2025-04-01,138340.5708362384,0.0,0,,-0.08604653358392034
2025-04-02,138340.5708362384,0.0,0,,-0.08604653358392034
2025-04-03,138340.5708362384,0.0,0,,-0.08604653358392034
2025-04-04,138340.5708362384,0.0,0,,-0.08604653358392034
2025-04-07,138340.5708362384,0.0,0,,-0.08604653358392034
2025-04-08,138340.5708362384,0.0,0,,-0.08604653358392034
2025-04-09,138340.5708362384,0.0,0,,-0.08604653358392034
2025-04-10,138340.5708362384,0.0,0,,-0.08604653358392034
2025-04-11,138340.5708362384,0.0,0,,-0.08604653358392034
2025-04-14,138340.5708362384,0.0,0,,-0.08604653358392034
2025-04-15,138340.5708362384,0.0,0,,-0.08604653358392034
2025-04-16,138340.5708362384,0.0,0,,-0.08604653358392034
2025-04-17,138340.5708362384,0.0,0,,-0.08604653358392034
2025-04-21,138340.5708362384,0.0,0,,-0.08604653358392034
2025-04-22,138340.5708362384,0.0,0,,-0.08604653358392034
2025-04-23,138340.5708362384,0.0,0,,-0.08604653358392034
2025-04-24,138340.5708362384,0.0,0,,-0.08604653358392034
2025-04-25,138340.5708362384,0.0,0,,-0.08604653358392034
2025-04-28,138340.5708362384,0.0,0,,-0.08604653358392034
2025-04-29,138340.5708362384,0.0,0,,-0.08604653358392034
2025-04-30,138340.5708362384,0.0,0,,-0.08604653358392034
2025-05-01,138340.5708362384,0.0,0,,-0.08604653358392034
2025-05-02,138340.5708362384,0.0,0,,-0.08604653358392034
2025-05-05,138014.87987830836,-0.002354269293247113,1,169.326783316476,-0.08819822616536044
2025-05-06,137022.43805650045,-0.007190832051464091,1,169.326783316476,-0.09475483958523234
2025-05-07,139762.7478154281,0.019998985551532122,1,172.1403568812779,-0.07665085470150312
2025-05-08,142258.63971805974,0.01785806262143419,1,175.25856835501534,-0.0601616278433148
2025-05-09,142984.4459331796,0.0051020185245573835,1,176.91535132271903,-0.05536655505848154
2025-05-12,154523.33517808997,0.08070031092964336,1,190.86320768083846,0.0
2025-05-13,156545.22957070568,0.01308471882441209,1,195.0217775617327,0.0
2025-05-14,155715.7367534258,-0.005298742220089414,1,195.0217775617327,-0.005298742220089414
2025-05-15,151953.37657349033,-0.024161720956264787,1,195.0217775617327,-0.02933243644541328
2025-05-16,152264.43637997028,0.002047074000553817,1,195.0217775617327,-0.027345408112879666
2025-05-19,152686.59623940225,0.0027725440652370814,1,195.0217775617327,-0.024648680396617384
2025-05-20,151138.69935680248,-0.010137739138364021,1,195.0217775617327,-0.034536537643015675
2025-05-21,148953.85595965874,-0.014455883280997672,1,195.0217775617327,-0.04849316476691612
2025-05-22,150420.2952914826,0.00984492359983613,1,195.0217775617327,-0.03912565266932444
2025-05-23,148857.5828082908,-0.010388973643241206,1,195.0217775617327,-0.049108150938209416
2025-05-27,152582.90963724226,0.025026113945093353,1,195.0217775617327,-0.02531102317412859
2025-05-28,151620.0990166184,-0.006310081665849121,1,195.0217775617327,-0.0314613902167028
2025-05-29,152345.9052317383,0.004787005283780621,1,195.0217775617327,-0.02682499077412459
2025-05-30,151834.87437073834,-0.0033544115296213484,1,195.0217775617327,-0.03008942024541117
2025-06-02,153049.49369646618,0.007999607012299847,1,195.0217775617327,-0.02233051677030251
2025-06-03,152353.3186825303,-0.00454869204152053,1,195.0217775617327,-0.026777634167906905
2025-06-04,153479.05570569812,0.007388989179248462,1,196.00677490234375,-0.019586504637771007
2025-06-05,153982.68441689806,0.0032814165352024194,1,197.04392569405692,-0.016369359582753762
2025-06-06,158174.6066060655,0.027223334916139486,1,202.08250427246094,0.0
2025-06-09,160700.11840888907,0.015966607137600564,1,205.56213542393274,0.0
2025-06-10,161166.71376910503,0.0029035159702168745,1,206.1867833818708,0.0
2025-06-11,157900.56884957748,-0.020265629565462184,1,206.1867833818708,-0.020265629565462184
2025-06-12,157930.20005076152,0.00018765734284498237,1,206.1867833818708,-0.020081775216812425
2025-06-13,157085.89163288963,-0.0053460859139069505,1,206.1867833818708,-0.025320502235106512
2025-06-16,160048.3788957372,0.018859028217320217,1,206.1867833818708,-0.006938994083914962
2025-06-17,159100.38387570536,-0.005923177895162612,1,206.1867833818708,-0.012821071082705027
2025-06-18,157396.9514393696,-0.010706651956707725,1,206.1867833818708,-0.023390452293618025
2025-06-20,155300.99034478588,-0.013316402099383007,1,206.1867833818708,-0.03639537772497281
2025-06-23,154397.430825538,-0.005818118205440093,1,206.1867833818708,-0.04200174332067741
2025-06-24,157582.10689329755,0.02062648355436747,1,206.1867833818708,-0.022241608034168636
2025-06-25,157004.42278112166,-0.0036659245365151527,1,206.1867833818708,-0.025825996514059812
2025-06-26,160803.80501104906,0.024199205109171285,1,206.1867833818708,-0.002251759991681035
2025-06-27,165380.85370866445,0.0284635596607985,1,211.2053609575544,0.0
2025-06-30,162485.01969699285,-0.017510092291414314,1,211.2053609575544,-0.017510092291414314
2025-07-01,163277.49046428077,0.00487719279454657,1,211.2053609575544,-0.012718299592823334
2025-07-02,162877.54835524078,-0.002449462616694764,1,211.2053609575544,-0.015136609210117502
2025-07-03,165462.32256043243,0.015869432167251007,1,211.4921428135463,0.0
2025-07-07,165506.75806121642,0.0002685535903061975,1,212.00035640171595,0.0
2025-07-08,162462.80194660084,-0.018391733064396676,1,212.00035640171595,-0.018391733064396676
2025-07-09,164817.9738960885,0.014496684294917905,1,212.00035640171595,-0.004161667917349732
2025-07-10,164610.60069176852,-0.0012581953255335065,1,212.00035640171595,-0.005414627051763321
2025-07-11,166654.72413576825,0.012417933203629605,1,214.0039324079241,0.0
2025-07-14,167150.9393961762,0.0029775049161144818,1,214.79178837367468,0.0
2025-07-15,167639.75250678413,0.0029243814744550622,1,216.17679159981864,0.0
2025-07-16,165299.38485689645,-0.013960696164789343,1,216.17679159981864,-0.013960696164789343
2025-07-17,165810.4157178964,0.0030915472640284936,1,216.17679159981864,-0.010912309052792946
2025-07-18,167476.81480324815,0.010050026580880944,1,217.3764272417341,-0.0009719514679513708
2025-07-21,169824.58460293582,0.014018476542235536,1,220.66428320748466,0.0
2025-07-22,168469.245324064,-0.007980819043607479,1,220.66428320748466,-0.007980819043607479
2025-07-23,169076.54933643187,0.003604836070819184,1,220.66428320748466,-0.0044047525171513335
2025-07-24,171994.60109849548,0.01725876103762447,1,223.15142222813196,0.0
2025-07-25,171409.51483651958,-0.00340177109187767,1,223.15142222813196,-0.00340177109187767
2025-07-28,172409.3475071354,0.005833005662313484,1,224.30785042898995,0.0
2025-07-29,171091.0415792476,-0.007646371539299701,1,224.30785042898995,-0.007646371539299701
2025-07-30,170483.73756687972,-0.003549595623255297,1,224.30785042898995,-0.011168825635605284
2025-07-31,173386.9737283513,0.01702940235183803,1,225.48142514910018,0.0
2025-08-01,160629.16385887229,-0.073579978905837,0,,-0.073579978905837
2025-08-04,160629.16385887229,0.0,0,,-0.073579978905837
2025-08-05,160629.16385887229,0.0,0,,-0.073579978905837
2025-08-06,160629.16385887229,0.0,0,,-0.073579978905837
2025-08-07,160629.16385887229,0.0,0,,-0.073579978905837
2025-08-08,160065.1321562778,-0.003511390391660374,1,208.71142741612024,-0.0768330012665489
2025-08-11,159171.92311465542,-0.005580284910209565,0,,-0.08198453613918466
2025-08-12,159171.92311465542,0.0,0,,-0.08198453613918466
2025-08-13,159171.92311465542,0.0,0,,-0.08198453613918466
2025-08-14,161435.64384193387,0.014221859502494327,1,216.08356748308455,-0.06892864919103903
2025-08-15,161470.59178116624,0.00021648217457226338,1,216.08356748308455,-0.06872708884033396
2025-08-18,161792.097891645,0.0019911124801876845,1,216.48821803501673,-0.06687281972446324
2025-08-19,159359.86209397198,-0.01503309388634011,1,216.48821803501673,-0.08090060823344125
2025-08-20,156424.41649688475,-0.01842023178556873,1,216.48821803501673,-0.09783063206375653
2025-08-21,155380.25072414725,-0.00667520963876056,0,,-0.10385280172439904
2025-08-22,155380.25072414725,0.0,0,,-0.10385280172439904
2025-08-25,155380.25072414725,0.0,0,,-0.10385280172439904
2025-08-26,155380.25072414725,0.0,0,,-0.10385280172439904
2025-08-27,155380.25072414725,0.0,0,,-0.10385280172439904
2025-08-28,155380.25072414725,0.0,0,,-0.10385280172439904
2025-08-29,155380.25072414725,0.0,0,,-0.10385280172439904
2025-09-02,156410.80460509317,0.006632463753553308,1,213.59356798444475,-0.09790913791398781
2025-09-03,156861.98263220445,0.0028845707190778835,1,214.35786274501257,-0.09530699302726664
2025-09-04,163587.90220474926,0.042877945692648245,1,223.82820783342635,-0.0565156154057711
2025-09-05,161262.6391712943,-0.014214150326010255,1,223.82820783342635,-0.0699264442786367
2025-09-08,163698.96238907962,0.015107797009308976,1,223.82820783342635,-0.05587508179507228
2025-09-09,165364.83338018868,0.010176429751274974,1,226.22929218837194,-0.046267260888531725
2025-09-10,159874.41864101117,-0.033201827903485026,1,226.22929218837194,-0.07793293115843003
2025-09-11,159610.65335104708,-0.0016498279850284403,1,226.22929218837194,-0.07945418321267805
2025-09-12,158361.25275553582,-0.007827802024989672,1,226.22929218837194,-0.0866600336214216
2025-09-15,159842.52985805183,0.0093537849489147,0,,-0.07811684799066743
2025-09-16,160363.6624953426,0.0032602877203806724,1,221.70178713117326,-0.07511124367054567
2025-09-17,158698.69788436475,-0.010382430689534816,1,221.70178713117326,-0.08471383707866631
2025-09-18,158431.4826325831,-0.0016837898189711042,1,221.70178713117326,-0.08625498660123831
2025-09-19,158602.77472872107,0.0010811746080494622,1,221.70178713117326,-0.08526706869451983
2025-09-22,155964.88272110012,-0.016632067201427403,1,221.70178713117326,-0.10048096827935127
2025-09-23,155867.76143558198,-0.0006227125223554619,0,,-0.10104111004450078
2025-09-24,155867.76143558198,0.0,0,,-0.10104111004450078
2025-09-25,155867.76143558198,0.0,0,,-0.10104111004450078
2025-09-26,155867.76143558198,0.0,0,,-0.10104111004450078
2025-09-29,155867.76143558198,0.0,0,,-0.10104111004450078
2025-09-30,155867.76143558198,0.0,0,,-0.10104111004450078
2025-10-01,155867.76143558198,0.0,0,,-0.10104111004450078
2025-10-02,155867.76143558198,0.0,0,,-0.10104111004450078
2025-10-03,155867.76143558198,0.0,0,,-0.10104111004450078
2025-10-06,155867.76143558198,0.0,0,,-0.10104111004450078
2025-10-07,155867.76143558198,0.0,0,,-0.10104111004450078
2025-10-08,155867.76143558198,0.0,0,,-0.10104111004450078
2025-10-09,155867.76143558198,0.0,0,,-0.10104111004450078
2025-10-10,155867.76143558198,0.0,0,,-0.10104111004450078
2025-10-13,155867.76143558198,0.0,0,,-0.10104111004450078
2025-10-14,155867.76143558198,0.0,0,,-0.10104111004450078
2025-10-15,155867.76143558198,0.0,0,,-0.10104111004450078
2025-10-16,155867.76143558198,0.0,0,,-0.10104111004450078
2025-10-17,155867.76143558198,0.0,0,,-0.10104111004450078
2025-10-20,155867.76143558198,0.0,0,,-0.10104111004450078
2025-10-21,155867.76143558198,0.0,0,,-0.10104111004450078
2025-10-22,154676.2285048123,-0.007644511730940162,1,205.32499858311243,-0.10791321182439861
2025-10-23,155188.26967234263,0.003310406340263361,0,,-0.10496004206475695
2025-10-24,156519.56940382931,0.008578610576028156,1,210.4582165309361,-0.09728184281564578
2025-10-27,158446.3038886028,0.012309863182682346,1,212.95571354457311,-0.08616950580818339
2025-10-28,160037.9564308206,0.01004537501447067,1,215.2821399143764,-0.07698973579436741
2025-10-29,160770.95683496213,0.0045801659836763875,1,216.5821418762207,-0.07276219557966868
2025-10-30,155577.13879106694,-0.03230569840563213,1,216.5821418762207,-0.10271726043957241
2025-10-31,170488.41838557838,0.0958449275412927,1,227.1753534589495,-0.016717261282350626
2025-11-03,177315.772883003,0.04004585509136338,1,235.7214230128697,0.0
2025-11-04,174048.69997594415,-0.018425168014886806,1,235.7214230128697,-0.018425168014886806
2025-11-05,174663.01509528563,0.0035295587926045258,1,235.7214230128697,-0.014960641936054397
2025-11-06,169664.66240555313,-0.028617121300727022,1,235.7214230128697,-0.043149632731760645
2025-11-07,170621.05787277367,0.005636975040415049,1,235.7214230128697,-0.037755891094057636
2025-11-10,173406.44449562344,0.01632498741700883,1,235.7214230128697,-0.022047268124077313
2025-11-11,173895.11853309305,0.0028180846386129943,1,235.7214230128697,-0.01929131455308819
2025-11-12,170474.4535311202,-0.01967085120518708,1,235.7214230128697,-0.038582689180148955
2025-11-13,165853.07734731783,-0.027108907452568776,1,235.7214230128697,-0.06464566208246192
2025-11-14,163847.73769002905,-0.01209106089173928,0,,-0.07595508833757536
2025-11-17,163847.73769002905,0.0,0,,-0.07595508833757536
2025-11-18,163847.73769002905,0.0,0,,-0.07595508833757536
2025-11-19,163847.73769002905,0.0,0,,-0.07595508833757536
2025-11-20,163847.73769002905,0.0,0,,-0.07595508833757536
2025-11-21,163847.73769002905,0.0,0,,-0.07595508833757536
2025-11-24,163847.73769002905,0.0,0,,-0.07595508833757536
2025-11-25,163847.73769002905,0.0,0,,-0.07595508833757536
2025-11-26,162482.06036786878,-0.00833503923468204,1,213.44179207938058,-0.08365703893088994
2025-11-28,163710.91553360666,0.007563020575660495,0,,-0.07672671826196265
2025-12-01,163928.31867010245,0.0013279697067674068,1,218.5996491568429,-0.07550063931274686
2025-12-02,164473.2567007794,0.0033242458356057547,0,,-0.07242737616296202
2025-12-03,164473.2567007794,0.0,0,,-0.07242737616296202
2025-12-04,164473.2567007794,0.0,0,,-0.07242737616296202
2025-12-05,164473.2567007794,0.0,0,,-0.07242737616296202
2025-12-08,164473.2567007794,0.0,0,,-0.07242737616296202
2025-12-09,164473.2567007794,0.0,0,,-0.07242737616296202
2025-12-10,164473.2567007794,0.0,0,,-0.07242737616296202
2025-12-11,164473.2567007794,0.0,0,,-0.07242737616296202
2025-12-12,164473.2567007794,0.0,0,,-0.07242737616296202
2025-12-15,164473.2567007794,0.0,0,,-0.07242737616296202
2025-12-16,164473.2567007794,0.0,0,,-0.07242737616296202
2025-12-17,164473.2567007794,0.0,0,,-0.07242737616296202
2025-12-18,164473.2567007794,0.0,0,,-0.07242737616296202
2025-12-19,164654.22179227477,0.0011002706161804543,1,215.85179465157645,-0.07140679526058069
2025-12-22,165436.38297031994,0.00475032567966549,1,217.40499714442663,-0.06699567511414417
2025-12-23,168123.2897304534,0.016241329216049705,1,221.07750265938895,-0.05184244471367483
2025-12-24,168297.10946496797,0.001033882544133169,1,222.22465133666992,-0.05086216116817621
2025-12-26,168398.50154737444,0.000602458846315379,1,222.52179173060827,-0.05029034468079929
2025-12-29,168072.59921470424,-0.0019353042317808988,1,222.55929401942663,-0.052128321795701815
2025-12-30,167198.58434119273,-0.005200222270585586,0,,-0.05705746520635713
2025-12-31,167198.58434119273,0.0,0,,-0.05705746520635713
2026-01-02,167198.58434119273,0.0,0,,-0.05705746520635713
2026-01-05,167198.58434119273,0.0,0,,-0.05705746520635713
2026-01-06,173299.51923214542,0.03648915399010111,1,229.30499158586775,-0.022650289850455585
2026-01-07,173752.6780194461,0.0026148877348795008,1,229.35642678397042,-0.02009463008069745
2026-01-08,177154.93598014629,0.019581038977249055,1,233.9703494480678,-0.0009070648382918378
2026-01-09,177938.97487694008,0.004425724253495522,1,235.47821753365653,0.0
2026-01-12,177284.4146231851,-0.003678565947722645,1,235.47821753365653,-0.003678565947722645
2026-01-13,174500.7500167537,-0.0157016882298876,1,235.47821753365653,-0.01932249448196599
2026-01-14,170220.94141570706,-0.024526018373191794,1,235.47821753365653,-0.04337460900047729
2026-01-15,171321.4604915314,0.006465239039753046,1,235.47821753365653,-0.037189797176168105
2026-01-16,171997.59868986675,0.0039466053837939885,1,235.47821753365653,-0.03338996524613169
2026-01-20,167889.96866895308,-0.023881903306802843,0,,-0.056474452631508854
2026-01-21,167889.96866895308,0.0,0,,-0.056474452631508854
2026-01-22,167889.96866895308,0.0,0,,-0.056474452631508854
2026-01-23,167889.96866895308,0.0,0,,-0.056474452631508854
2026-01-26,167889.96866895308,0.0,0,,-0.056474452631508854
2026-01-27,167889.96866895308,0.0,0,,-0.056474452631508854
2026-01-28,167889.96866895308,0.0,0,,-0.056474452631508854
2026-01-29,167889.96866895308,0.0,0,,-0.056474452631508854
2026-01-30,167889.96866895308,0.0,0,,-0.056474452631508854
2026-02-02,167889.96866895308,0.0,0,,-0.056474452631508854
2026-02-03,167889.96866895308,0.0,0,,-0.056474452631508854
2026-02-04,167889.96866895308,0.0,0,,-0.056474452631508854
2026-02-05,167889.96866895308,0.0,0,,-0.056474452631508854
2026-02-06,167889.96866895308,0.0,0,,-0.056474452631508854
2026-02-09,167889.96866895308,0.0,0,,-0.056474452631508854
2026-02-10,167889.96866895308,0.0,0,,-0.056474452631508854
2026-02-11,167889.96866895308,0.0,0,,-0.056474452631508854
2026-02-12,167889.96866895308,0.0,0,,-0.056474452631508854
2026-02-13,167889.96866895308,0.0,0,,-0.056474452631508854
2026-02-17,167889.96866895308,0.0,0,,-0.056474452631508854
2026-02-18,167889.96866895308,0.0,0,,-0.056474452631508854
2026-02-19,167889.96866895308,0.0,0,,-0.056474452631508854
2026-02-20,167889.96866895308,0.0,0,,-0.056474452631508854
2026-02-23,167889.96866895308,0.0,0,,-0.056474452631508854
2026-02-24,167889.96866895308,0.0,0,,-0.056474452631508854
2026-02-25,167889.96866895308,0.0,0,,-0.056474452631508854
2026-02-26,167889.96866895308,0.0,0,,-0.056474452631508854
2026-02-27,167889.96866895308,0.0,0,,-0.056474452631508854
2026-03-02,167889.96866895308,0.0,0,,-0.056474452631508854
2026-03-03,167889.96866895308,0.0,0,,-0.056474452631508854
2026-03-04,167889.96866895308,0.0,0,,-0.056474452631508854
2026-03-05,167889.96866895308,0.0,0,,-0.056474452631508854
2026-03-06,167889.96866895308,0.0,0,,-0.056474452631508854
2026-03-09,167889.96866895308,0.0,0,,-0.056474452631508854
2026-03-10,167748.08319327768,-0.0008451099062098955,1,199.7782151358468,-0.057271835418352124
2026-03-11,166433.20376265177,-0.007838417021498345,1,199.7782151358468,-0.0646613319102548
2026-03-12,163991.30017468307,-0.014671973697334306,1,199.7782151358468,-0.07838459624656713
2026-03-13,162535.5472028208,-0.00887701341663616,1,199.7782151358468,-0.08656578855066488
2026-03-16,165720.98984448356,0.0195984367511175,1,199.7782151358468,-0.06866390593126825
2026-03-17,168428.995860888,0.016340754535353108,1,201.30356979370117,-0.05344517142817651
2026-03-18,164257.40260311883,-0.024767666852414605,1,201.30356979370117,-0.07688912607978782
2026-03-19,163388.64660470936,-0.005288991452693126,1,201.30356979370117,-0.08177145160183996
2026-03-20,160735.42076240215,-0.01623874055781993,1,201.30356979370117,-0.09668232677206134
2026-03-23,163948.49597727985,0.019989839200578174,0,,-0.07862515173719431
2026-03-24,163144.0202310159,-0.0049068809168913985,1,194.6507225036621,-0.08314622839743879
2026-03-25,166294.99848245765,0.019314089765471554,0,,-0.06543803235089574
2026-03-26,163625.5211624794,-0.016052661501180787,1,197.8510753086635,-0.08044023926944421
2026-03-27,162529.89351292755,-0.006695945973268391,0,,-0.08659756174648758
2026-03-30,162529.89351292755,0.0,0,,-0.08659756174648758
2026-03-31,162529.89351292755,0.0,0,,-0.08659756174648758
2026-04-01,162529.89351292755,0.0,0,,-0.08659756174648758
2026-04-02,162529.89351292755,0.0,0,,-0.08659756174648758
2026-04-06,162529.89351292755,0.0,0,,-0.08659756174648758
2026-04-07,162529.89351292755,0.0,0,,-0.08659756174648758
2026-04-08,160444.5292316866,-0.012830650633971374,1,209.45070702689034,-0.09831710931993598
2026-04-09,169436.670172691,0.05604517015360155,1,216.68749019077845,-0.047782138287180476
2026-04-10,172866.74649342377,0.020244002182271403,1,220.99964196341378,-0.028505437816668255
2026-04-13,173961.753760279,0.006334400855383171,1,223.07749502999442,-0.022351601830974066
2026-04-14,180582.58691420377,0.038059130876826774,1,230.63785825456893,0.0
2026-04-15,180205.49384892258,-0.002088202809168771,1,230.63785825456893,-0.002088202809168771
2026-04-16,181075.69925204202,0.004828961562342693,1,231.77499335152763,0.0
2026-04-17,181699.34848624235,0.003444135445984209,1,232.97785077776228,0.0
2026-04-20,180045.95490073678,-0.009099612075002872,1,232.97785077776228,-0.009099612075002872
2026-04-21,181227.9904535874,0.0065651880571397925,1,232.97785077776228,-0.0025941646823826048
2026-04-22,185180.1811639822,0.021807838295304416,1,237.98321260724748,0.0
2026-04-23,184977.13360542973,-0.001096486445127054,1,237.98714447021484,-0.001096486445127054
2026-04-24,191438.4167459066,0.03493017225717909,1,245.8149904523577,0.0
2026-04-27,189357.1737381128,-0.010871605831112907,1,245.8149904523577,-0.010871605831112907
2026-04-28,188327.44045206957,-0.005438047398549473,1,245.8149904523577,-0.01625053292185441
2026-04-29,190749.51566141835,0.012860978748156615,1,247.2328703744071,-0.0035985519322521142
2026-04-30,192214.3571816523,0.0076793983730687465,1,247.29928752354212,0.0
2026-05-01,194534.9196769869,0.012072784412985094,1,249.36893953595842,0.0
2026-05-04,197283.30946408567,0.014128002271583506,1,253.95355987548828,0.0
2026-05-05,198371.0689843005,0.005513692583370089,1,254.86963054112024,0.0
2026-05-06,199415.31989414868,0.005264129064761924,1,256.3471341814314,0.0
2026-05-07,196645.17580186657,-0.01389133038400725,1,256.3471341814314,-0.01389133038400725
2026-05-08,197740.17200345977,0.0055683857848436435,1,256.3471341814314,-0.008400296885806458
2026-05-11,195064.28181328936,-0.013532354923427414,1,256.3471341814314,-0.021818976010313018
2026-05-12,192765.4957536622,-0.011784761609137107,1,256.3471341814314,-0.03334660618861307
2026-05-13,195890.9896713042,0.016213969753363644,1,256.3471341814314,-0.01767331729936905
2026-05-14,193780.73354642454,-0.010772604336833358,1,256.3471341814314,-0.028255533981616954
2026-05-15,191547.21040234738,-0.011526033074604203,1,256.3471341814314,-0.039455892837008455
2026-05-18,192069.31372674738,0.0027257161474882885,1,256.3471341814314,-0.03683772225373971
2026-05-19,185617.17975474038,-0.03359273715730715,0,,-0.0691929794899031
2026-05-20,185617.17975474038,0.0,0,,-0.0691929794899031
2026-05-21,185617.17975474038,0.0,0,,-0.0691929794899031
2026-05-22,185617.17975474038,0.0,0,,-0.0691929794899031
2026-05-26,185617.17975474038,0.0,0,,-0.0691929794899031
2026-05-27,185617.17975474038,0.0,0,,-0.0691929794899031
2026-05-28,185617.17975474038,0.0,0,,-0.0691929794899031
2026-05-29,185617.17975474038,0.0,0,,-0.0691929794899031
2026-06-01,185617.17975474038,0.0,0,,-0.0691929794899031
2026-06-02,185617.17975474038,0.0,0,,-0.0691929794899031
2026-06-03,185617.17975474038,0.0,0,,-0.0691929794899031
2026-06-04,185617.17975474038,0.0,0,,-0.0691929794899031
2026-06-05,185617.17975474038,0.0,0,,-0.0691929794899031
2026-06-08,185617.17975474038,0.0,0,,-0.0691929794899031
2026-06-09,185617.17975474038,0.0,0,,-0.0691929794899031
2026-06-10,185617.17975474038,0.0,0,,-0.0691929794899031
2026-06-11,185617.17975474038,0.0,0,,-0.0691929794899031
2026-06-12,185617.17975474038,0.0,0,,-0.0691929794899031
2026-06-15,185617.17975474038,0.0,0,,-0.0691929794899031
2026-06-16,185617.17975474038,0.0,0,,-0.0691929794899031
2026-06-17,185617.17975474038,0.0,0,,-0.0691929794899031
2026-06-18,185617.17975474038,0.0,0,,-0.0691929794899031
2026-06-22,185617.17975474038,0.0,0,,-0.0691929794899031
2026-06-23,185617.17975474038,0.0,0,,-0.0691929794899031
2026-06-24,185617.17975474038,0.0,0,,-0.0691929794899031
2026-06-25,185617.17975474038,0.0,0,,-0.0691929794899031
2026-06-26,185617.17975474038,0.0,0,,-0.0691929794899031
2026-06-29,185617.17975474038,0.0,0,,-0.0691929794899031
2026-06-30,185617.17975474038,0.0,0,,-0.0691929794899031
2026-07-01,185617.17975474038,0.0,0,,-0.0691929794899031
2026-07-02,185617.17975474038,0.0,0,,-0.0691929794899031
2026-07-06,185617.17975474038,0.0,0,,-0.0691929794899031
2026-07-07,185617.17975474038,0.0,0,,-0.0691929794899031
2026-07-08,185617.17975474038,0.0,0,,-0.0691929794899031
2026-07-09,185617.17975474038,0.0,0,,-0.0691929794899031
2026-07-10,182212.4262789358,-0.018342879039016435,1,228.8678697858538,-0.0862666600757871
2026-07-13,183675.53342638357,0.008029678202122081,1,228.8678697858538,-0.07892967539364537
2026-07-14,183809.22415352595,0.0007278635572656178,1,228.8678697858538,-0.07825926187068566
2026-07-15,189357.145678952,0.030183041960898382,1,236.12787083217077,-0.05043832249465918
2026-07-16,185591.68407632946,-0.019885500434225656,1,236.12787083217077,-0.06932083164501568
2026-07-17,183616.1165846096,-0.010644698341695902,1,236.12787083217077,-0.07922763064505478
2026-07-20,185665.9579616979,0.01116373341957555,1,236.12787083217077,-0.06894837337346527
2026-07-21,183853.78395170547,-0.009760399967161826,1,236.12787083217077,-0.07803580963941692
2026-07-22,181848.51370540055,-0.010906875035172847,1,236.12787083217077,-0.08809155785058409
2026-07-23,175107.58436980314,-0.03706892730791245,0,,-0.12189502560409249
2026-07-24,175107.58436980314,0.0,0,,-0.12189502560409249
2026-07-27,171669.95361440862,-0.01963153548012353,1,218.6789278302874,-0.1391335745642187
2026-07-28,172494.0136892991,0.0048002580389894245,0,,-0.1350011935850246
2026-07-29,172494.0136892991,0.0,0,,-0.1350011935850246
2026-07-30,172494.0136892991,0.0,0,,-0.1350011935850246
2026-07-31,172494.0136892991,0.0,0,,-0.1350011935850246
2026-08-03,175781.9857538515,0.01906136911205958,1,258.93962151663646,-0.11851313205445768
2026-08-04,171697.2140500994,-0.023237715094833633,1,258.93962151663646,-0.13899687275161343
2026-08-05,168745.0151284685,-0.017194215631067045,1,258.93962151663646,-0.1538011461805453
2026-08-06,168503.65118372286,-0.0014303471101762,1,258.93962151663646,-0.1550115042657404
2026-08-07,169877.62568568086,0.00815397466052481,1,258.93962151663646,-0.14812148948308823
2026-08-10,172111.87122538273,0.013152088338200585,1,258.93962151663646,-0.136917508059355
2026-08-11,168509.82741112186,-0.02092850300572202,1,258.93962151663646,-0.15498053258612077
2026-08-12,165421.4870610751,-0.01832736047205119,1,258.93962151663646,-0.17046750897131568
2026-08-13,164090.84058863795,-0.00804397600383,1,258.93962151663646,-0.1771402484235477
2026-08-14,162555.94419848584,-0.009353943124710828,1,258.93962151663646,-0.18483723173940747
2026-08-17,160019.1790623107,-0.015605489843408482,0,,-0.19755824604022287
2026-08-18,160019.1790623107,0.0,0,,-0.19755824604022287
2026-08-19,160019.1790623107,0.0,0,,-0.19755824604022287
2026-08-20,160019.1790623107,0.0,0,,-0.19755824604022287
2026-08-21,160019.1790623107,0.0,0,,-0.19755824604022287
2026-08-24,160019.1790623107,0.0,0,,-0.19755824604022287
2026-08-25,160019.1790623107,0.0,0,,-0.19755824604022287
2026-08-26,160019.1790623107,0.0,0,,-0.19755824604022287
2026-08-27,160019.1790623107,0.0,0,,-0.19755824604022287
2026-08-28,160019.1790623107,0.0,0,,-0.19755824604022287
2026-08-31,160019.1790623107,0.0,0,,-0.19755824604022287
2026-09-01,160019.1790623107,0.0,0,,-0.19755824604022287
2026-09-02,160019.1790623107,0.0,0,,-0.19755824604022287
2026-09-03,160019.1790623107,0.0,0,,-0.19755824604022287
2026-09-04,160019.1790623107,0.0,0,,-0.19755824604022287
