timestamp,equity,daily_return,position,stop_price,drawdown
2020-01-02,100000.0,0.0,0,,0.0
2020-01-03,100000.0,0.0,0,,0.0
2020-01-06,100000.0,0.0,0,,0.0
2020-01-07,100000.0,0.0,0,,0.0
2020-01-08,100000.0,0.0,0,,0.0
2020-01-09,100000.0,0.0,0,,0.0
2020-01-10,100000.0,0.0,0,,0.0
2020-01-13,100000.0,0.0,0,,0.0
2020-01-14,100000.0,0.0,0,,0.0
2020-01-15,100000.0,0.0,0,,0.0
2020-01-16,100000.0,0.0,0,,0.0
2020-01-17,100000.0,0.0,0,,0.0
2020-01-21,100000.0,0.0,0,,0.0
2020-01-22,100000.0,0.0,0,,0.0
2020-01-23,100000.0,0.0,0,,0.0
2020-01-24,100000.0,0.0,0,,0.0
2020-01-27,100000.0,0.0,0,,0.0
2020-01-28,100000.0,0.0,0,,0.0
2020-01-29,100000.0,0.0,0,,0.0
2020-01-30,100000.0,0.0,0,,0.0
2020-01-31,100000.0,0.0,0,,0.0
2020-02-03,100000.0,0.0,0,,0.0
2020-02-04,100000.0,0.0,0,,0.0
2020-02-05,100000.0,0.0,0,,0.0
2020-02-06,100000.0,0.0,0,,0.0
2020-02-07,99823.20131084822,-0.0017679868915178032,1,144.7853557041713,-0.0017679868915178032
2020-02-10,100079.87162439682,0.0025712490701368385,1,145.2128530229841,0.0
2020-02-11,99735.40118230981,-0.0034419552752806837,1,145.2128530229841,-0.0034419552752806837
2020-02-12,99654.34143222711,-0.0008127480224853212,1,145.2128530229841,-0.004251905855422566
2020-02-13,100221.71845724976,0.005693450148466672,1,145.43535831996374,0.0
2020-02-14,100640.48765818562,0.004178427664004669,1,146.16071265084403,0.0
2020-02-18,101930.57960438433,0.012818816524224008,1,147.95821816580636,0.0
2020-02-19,102524.95936878609,0.005831221275388376,1,148.82927867344446,0.0
2020-02-20,102943.73887611103,0.004084659090852094,1,149.49571663992745,0.0
2020-02-21,104490.49082946927,0.015025216397275942,1,151.4999945504325,0.0
2020-02-24,105429.35134234712,0.008985128746405113,1,152.5007095336914,0.0
2020-02-25,103544.87963174665,-0.017874260693127697,1,152.5007095336914,-0.017874260693127697
2020-02-26,103997.42286968455,0.004370503298157802,1,152.5007095336914,-0.013581876910281343
2020-02-27,104017.68523060797,0.00019483522153040944,1,152.5007095336914,-0.01338968791674744
2020-02-28,102850.49769816434,-0.01122104890005926,0,,-0.02446049047393639
2020-03-02,102850.49769816434,0.0,0,,-0.02446049047393639
2020-03-03,102850.49769816434,0.0,0,,-0.02446049047393639
2020-03-04,102536.82771550362,-0.0030497663081927584,1,147.88570622035436,-0.027435658002399888
2020-03-05,104751.72013851859,0.021600945458936538,1,150.4346466064453,-0.006427348695603241
2020-03-06,104791.62646430178,0.0003809610546767761,1,150.4346466064453,-0.006048836210464148
2020-03-09,104964.55725906775,0.0016502348575044845,1,150.4346466064453,-0.004408583353321616
2020-03-10,102749.66483605278,-0.02110133630677158,1,150.4346466064453,-0.025416892660118373
2020-03-11,102383.83993451281,-0.0035603512879937016,1,150.4346466064453,-0.02888675088159276
2020-03-12,99908.8832283874,-0.024173313949823028,0,,-0.05236177633336481
2020-03-13,99908.8832283874,0.0,0,,-0.05236177633336481
2020-03-16,99908.8832283874,0.0,0,,-0.05236177633336481
2020-03-17,99908.8832283874,0.0,0,,-0.05236177633336481
2020-03-18,99908.8832283874,0.0,0,,-0.05236177633336481
2020-03-19,99908.8832283874,0.0,0,,-0.05236177633336481
2020-03-20,99908.8832283874,0.0,0,,-0.05236177633336481
2020-03-23,99908.8832283874,0.0,0,,-0.05236177633336481
2020-03-24,99908.8832283874,0.0,0,,-0.05236177633336481
2020-03-25,98922.36069770543,-0.009874222379473774,1,139.4960779462542,-0.06171896688913869
2020-03-26,100086.17244746337,0.011764900691304758,0,,-0.05068018371405447
2020-03-27,100086.17244746337,0.0,0,,-0.05068018371405447
2020-03-30,100270.67488557768,0.001843435847356023,1,140.84857395717077,-0.048930173534107446
2020-03-31,97077.38621871301,-0.03184668568859883,1,140.84857395717077,-0.07921859536547693
2020-04-01,97029.97462163173,-0.000488389715957771,0,,-0.07966829553414567
2020-04-02,97029.97462163173,0.0,0,,-0.07966829553414567
2020-04-03,97029.97462163173,0.0,0,,-0.07966829553414567
2020-04-06,97029.97462163173,0.0,0,,-0.07966829553414567
2020-04-07,97029.97462163173,0.0,0,,-0.07966829553414567
2020-04-08,96101.6600335126,-0.009567297031036981,1,147.00822230747767,-0.08847338231785107
2020-04-09,98612.17760893807,0.026123560972307835,1,149.80607659476144,-0.06466106114294978
2020-04-13,100302.42424921741,0.017140343933811808,1,153.0742906842913,-0.04862903003625341
2020-04-14,101091.61310957963,0.007868093580683189,1,155.47820935930525,-0.04114355421463334
2020-04-15,100575.84789426613,-0.005101958505246418,1,155.47820935930525,-0.04603560001351836
2020-04-16,100488.8503237528,-0.0008649946516462448,1,155.47820935930525,-0.046860774117367554
2020-04-17,98537.61097193354,-0.019417471147622933,1,155.47820935930525,-0.06536832753561128
2020-04-20,99239.80226178243,0.007126124562213176,1,155.47820935930525,-0.058708025817840404
2020-04-21,98562.46335692704,-0.006825274631933054,1,155.47820935930525,-0.06513260205046811
2020-04-22,100501.27177523755,0.01967086000366547,1,155.47820935930525,-0.04674295634341197
2020-04-23,101501.7485771527,0.00995486708021609,1,156.461421421596,-0.037253409180530994
2020-04-24,101066.76072458611,-0.004285520778353313,1,156.461421421596,-0.04137927969977662
2020-04-27,100395.63254547308,-0.006640444141094992,1,156.461421421596,-0.04774494704542653
2020-04-28,99948.21375939774,-0.004456556273727208,1,156.461421421596,-0.05198872527585974
2020-04-29,100501.27177523755,0.005533445721913166,1,156.461421421596,-0.04674295634341197
2020-04-30,98680.53352020026,-0.018116569301821484,1,156.461421421596,-0.06401270363726597
2020-05-01,99289.51651379348,0.00617125761149806,1,156.461421421596,-0.05823648491032196
2020-05-04,99637.50679584674,0.003504803873276119,1,156.461421421596,-0.05493578849492553
2020-05-05,100060.07319692858,0.004241037483481591,1,156.461421421596,-0.050927735749635494
2020-05-06,98773.74181645595,-0.012855591040204395,1,156.461421421596,-0.06312862064643898
2020-05-07,100289.99331570863,0.01535075488048454,1,156.461421421596,-0.04874693774744099
2020-05-08,99687.22104785779,-0.00601029322988722,1,156.461421421596,-0.05446424758740709
2020-05-11,99065.8071207558,-0.006233636774804596,1,156.461421421596,-0.060358374025538675
2020-05-12,99463.23542923696,0.0040117606672978035,0,,-0.056588756709098575
2020-05-13,99463.23542923696,0.0,0,,-0.056588756709098575
2020-05-14,99463.23542923696,0.0,0,,-0.056588756709098575
2020-05-15,99259.76192828633,-0.002045715686530114,1,158.55571746826172,-0.058518707888347676
2020-05-18,98508.94669643982,-0.007564144999551492,1,158.55571746826172,-0.06564020889624522
2020-05-19,99459.57834169379,0.00965020617044443,1,158.9921373639788,-0.05662344427472055
2020-05-20,99695.72333222792,0.0023742810342795018,1,159.83391952514648,-0.05438360321027802
2020-05-21,98242.52481189654,-0.0145763375976391,1,159.83391952514648,-0.06816722704774802
2020-05-22,98476.05736012293,0.002377102468340775,0,,-0.06595216506308244
2020-05-26,97306.44917188413,-0.01187708179625413,1,157.64249747140067,-0.07704592760024231
2020-05-27,96272.76472524929,-0.010622979827461632,0,,-0.0868504500930185
2020-05-28,95891.39666893578,-0.0039613286000655945,1,157.18784768240792,-0.09046773552120202
2020-05-29,96256.72949139286,0.0038098602705558537,0,,-0.08700254468197555
2020-06-01,96549.11738772839,0.0030375839474336974,1,159.12785720825195,-0.08422923826765372
2020-06-02,95923.78544085474,-0.0064768271714219505,1,159.12785720825195,-0.09016052722003554
2020-06-03,93734.62263682556,-0.022821897550936332,0,,-0.11092479045561776
2020-06-04,93734.62263682556,0.0,0,,-0.11092479045561776
2020-06-05,93175.55354238581,-0.005964381983014522,1,153.59321430751257,-0.1162275746169692
2020-06-08,93559.81906709902,0.004124102407810248,0,,-0.11258280662949072
2020-06-09,93559.81906709902,0.0,0,,-0.11258280662949072
2020-06-10,94266.86444014205,0.007557147716755974,1,157.62714767456055,-0.10587646381280069
2020-06-11,93586.81526837705,-0.00721408498950149,1,157.62714767456055,-0.11232674699396883
2020-06-12,93719.36387202637,0.0014163170663432645,1,157.62714767456055,-0.11106952021639982
2020-06-15,92370.35660523553,-0.014394114631773536,0,,-0.12386488744208235
2020-06-16,92370.35660523553,0.0,0,,-0.12386488744208235
2020-06-17,92370.35660523553,0.0,0,,-0.12386488744208235
2020-06-18,92370.35660523553,0.0,0,,-0.12386488744208235
2020-06-19,92370.35660523553,0.0,0,,-0.12386488744208235
2020-06-22,92248.77127083237,-0.001316280881352272,1,159.69714518955774,-0.12501812734022377
2020-06-23,93025.47330370318,0.008419646377624934,1,161.5067858014788,-0.11765108938559643
2020-06-24,92701.38064250935,-0.0034839130582626776,1,161.5067858014788,-0.12072511627722982
2020-06-25,92645.50788965351,-0.0006027175913517757,1,161.5803620474679,-0.12125507071728325
2020-06-26,93058.99866067391,0.004463149702982783,1,162.2328540257045,-0.11733310054715751
2020-06-29,93109.2952224161,0.0005404803669293301,1,162.5800061907087,-0.11685603641746489
2020-06-30,93522.7859934365,0.004440918278166173,1,163.55392456054688,-0.11293406624733915
2020-07-01,93103.70197873024,-0.004481089931769877,1,163.55392456054688,-0.11690908847189418
2020-07-02,93304.86264684069,0.0021606086958432247,1,163.55392456054688,-0.11500107456922637
2020-07-06,93863.6413331157,0.005988741319838731,1,164.47999463762557,-0.10970104493648625
2020-07-07,94455.94537636143,0.006310260659329048,1,165.48106602260046,-0.1040830264653072
2020-07-08,95042.6647022074,0.006211565862881185,1,166.35785184587752,-0.09851797917652327
2020-07-09,94785.63128124112,-0.0027044004055614135,1,166.35785184587752,-0.10095594751924464
2020-07-10,94539.76729507434,-0.0025938951172596036,1,166.35785184587752,-0.10328797349717567
2020-07-13,94657.10604447188,0.0012411575864292868,1,166.35785184587752,-0.10217501256263939
2020-07-14,95098.54598134935,0.004663568910189042,1,166.45964540754045,-0.09798794386443554
2020-07-15,95182.35937377615,0.0008813320073604025,1,166.69892774309432,-0.0971929717683383
2020-07-16,94282.72534782195,-0.009451688651900159,1,166.69892774309432,-0.10572602271193121
2020-07-17,95059.42738069277,0.008238009985450212,1,166.69892774309432,-0.09835898475730387
2020-07-20,95517.6299960556,0.004820170160796833,1,167.2150023324149,-0.09401292163988051
2020-07-21,96668.71272557635,0.012050997596656066,1,169.18392944335938,-0.08309487353596134
2020-07-22,98138.30339889116,0.015202340363077882,1,171.68179048810686,-0.06915576972280402
2020-07-23,99004.40354158854,0.008825301770064797,1,172.9532072884696,-0.060940788489684095
2020-07-24,99853.74953208667,0.008578870839228259,1,174.3017817905971,-0.05288472080374951
2020-07-27,101826.23761253456,0.019753770786684832,1,177.39070619855607,-0.034175622669939676
2020-07-28,102675.58360303268,0.00834113103275036,1,178.72856957571847,-0.0261195549840052
2020-07-29,103446.70091850375,0.0075102306547618625,1,179.77107456752233,-0.01880548821177286
2020-07-30,102681.16832043244,-0.007400261112960993,1,179.77107456752233,-0.026066583801610088
2020-07-31,103614.32770335735,0.009087931099623248,1,179.77107456752233,-0.017215544019578255
2020-08-03,103731.674979041,0.0011325390830079218,1,179.85606275285994,-0.016102502213007797
2020-08-04,105938.84908457006,0.021277725496816835,1,183.20784432547433,0.0
2020-08-05,106922.30502923718,0.009283241730161151,1,184.6374958583287,0.0
2020-08-06,108341.59914080982,0.013274069532868138,1,186.89892087663924,0.0
2020-08-07,106620.55976392845,-0.015885305280057382,1,186.89892087663924,-0.015885305280057382
2020-08-10,106251.76378467829,-0.003458957447482258,1,186.89892087663924,-0.019289316132535594
2020-08-11,102421.14502082233,-0.03605228400366889,0,,-0.054646176232757804
2020-08-12,102421.14502082233,0.0,0,,-0.054646176232757804
2020-08-13,102421.14502082233,0.0,0,,-0.054646176232757804
2020-08-14,102421.14502082233,0.0,0,,-0.054646176232757804
2020-08-17,102421.14502082233,0.0,0,,-0.054646176232757804
2020-08-18,102421.14502082233,0.0,0,,-0.054646176232757804
2020-08-19,102421.14502082233,0.0,0,,-0.054646176232757804
2020-08-20,102421.14502082233,0.0,0,,-0.054646176232757804
2020-08-21,102421.14502082233,0.0,0,,-0.054646176232757804
2020-08-24,102421.14502082233,0.0,0,,-0.054646176232757804
2020-08-25,102421.14502082233,0.0,0,,-0.054646176232757804
2020-08-26,102421.14502082233,0.0,0,,-0.054646176232757804
2020-08-27,102421.14502082233,0.0,0,,-0.054646176232757804
2020-08-28,102421.14502082233,0.0,0,,-0.054646176232757804
2020-08-31,102421.14502082233,0.0,0,,-0.054646176232757804
2020-09-01,102421.14502082233,0.0,0,,-0.054646176232757804
2020-09-02,102421.14502082233,0.0,0,,-0.054646176232757804
2020-09-03,102421.14502082233,0.0,0,,-0.054646176232757804
2020-09-04,102421.14502082233,0.0,0,,-0.054646176232757804
2020-09-08,102421.14502082233,0.0,0,,-0.054646176232757804
2020-09-09,102421.14502082233,0.0,0,,-0.054646176232757804
2020-09-10,101285.20643302212,-0.011090860071611863,1,177.09963444301061,-0.06513096321032352
2020-09-11,101279.64992123669,-5.486005292487661e-05,1,177.09963444301061,-0.06518225017515966
2020-09-14,101748.52578367133,0.004629517013529094,0,,-0.060854495497796535
2020-09-15,101039.84251919319,-0.006965047002104763,1,177.733215876988,-0.06739568807846985
2020-09-16,101729.70522490995,0.0068276304526673215,0,,-0.06102821047810547
2020-09-17,101729.70522490995,0.0,0,,-0.06102821047810547
2020-09-18,101649.46463043956,-0.0007887626754937704,1,177.81070709228516,-0.06176883637902186
2020-09-21,99635.47320922377,-0.019813104068358123,0,,-0.0803581080640211
2020-09-22,99635.47320922377,0.0,0,,-0.0803581080640211
2020-09-23,99635.47320922377,0.0,0,,-0.0803581080640211
2020-09-24,99635.47320922377,0.0,0,,-0.0803581080640211
2020-09-25,99635.47320922377,0.0,0,,-0.0803581080640211
2020-09-28,99635.47320922377,0.0,0,,-0.0803581080640211
2020-09-29,99635.47320922377,0.0,0,,-0.0803581080640211
2020-09-30,99635.47320922377,0.0,0,,-0.0803581080640211
2020-10-01,99635.47320922377,0.0,0,,-0.0803581080640211
2020-10-02,99635.47320922377,0.0,0,,-0.0803581080640211
2020-10-05,99635.47320922377,0.0,0,,-0.0803581080640211
2020-10-06,99635.47320922377,0.0,0,,-0.0803581080640211
2020-10-07,99635.47320922377,0.0,0,,-0.0803581080640211
2020-10-08,99635.47320922377,0.0,0,,-0.0803581080640211
2020-10-09,99635.47320922377,0.0,0,,-0.0803581080640211
2020-10-12,99635.47320922377,0.0,0,,-0.0803581080640211
2020-10-13,99635.47320922377,0.0,0,,-0.0803581080640211
2020-10-14,99635.47320922377,0.0,0,,-0.0803581080640211
2020-10-15,99635.47320922377,0.0,0,,-0.0803581080640211
2020-10-16,99635.47320922377,0.0,0,,-0.0803581080640211
2020-10-19,99635.47320922377,0.0,0,,-0.0803581080640211
2020-10-20,99635.47320922377,0.0,0,,-0.0803581080640211
2020-10-21,99557.91058798587,-0.0007784639219309275,1,175.96787098475866,-0.08107401609798959
2020-10-22,98582.17459051854,-0.00980068777764287,1,175.96787098475866,-0.09008012275697641
2020-10-23,98477.43347516011,-0.001062475196895285,1,175.96787098475866,-0.09104689005770916
2020-10-26,98427.8219189134,-0.0005037860400700644,1,175.96787098475866,-0.09150480794557636
2020-10-27,98686.91570587698,0.0026323226696718383,1,175.96787098475866,-0.08911335545624355
2020-10-28,96858.8841878756,-0.01852354493932684,0,,-0.10598620515108248
2020-10-29,96858.8841878756,0.0,0,,-0.10598620515108248
2020-10-30,96858.8841878756,0.0,0,,-0.10598620515108248
2020-11-02,96858.8841878756,0.0,0,,-0.10598620515108248
2020-11-03,96858.8841878756,0.0,0,,-0.10598620515108248
2020-11-04,96654.36506209311,-0.0021115164344222004,1,174.67999485560827,-0.10787392997150613
2020-11-05,98875.86158540734,0.022983923404670703,1,178.09964043753487,-0.08736937271066136
2020-11-06,99016.39999149779,0.0014213621387162423,1,178.33107812064034,-0.08607219409039935
2020-11-09,95214.09554605337,-0.03840075427677547,0,,-0.12116771119184644
2020-11-10,95214.09554605337,0.0,0,,-0.12116771119184644
2020-11-11,95214.09554605337,0.0,0,,-0.12116771119184644
2020-11-12,95214.09554605337,0.0,0,,-0.12116771119184644
2020-11-13,95214.09554605337,0.0,0,,-0.12116771119184644
2020-11-16,95214.09554605337,0.0,0,,-0.12116771119184644
2020-11-17,95214.09554605337,0.0,0,,-0.12116771119184644
2020-11-18,95214.09554605337,0.0,0,,-0.12116771119184644
2020-11-19,95214.09554605337,0.0,0,,-0.12116771119184644
2020-11-20,95214.09554605337,0.0,0,,-0.12116771119184644
2020-11-23,95214.09554605337,0.0,0,,-0.12116771119184644
2020-11-24,95214.09554605337,0.0,0,,-0.12116771119184644
2020-11-25,95214.09554605337,0.0,0,,-0.12116771119184644
2020-11-27,95214.09554605337,0.0,0,,-0.12116771119184644
2020-11-30,95214.09554605337,0.0,0,,-0.12116771119184644
2020-12-01,95214.09554605337,0.0,0,,-0.12116771119184644
2020-12-02,95214.09554605337,0.0,0,,-0.12116771119184644
2020-12-03,95214.09554605337,0.0,0,,-0.12116771119184644
2020-12-04,95214.09554605337,0.0,0,,-0.12116771119184644
2020-12-07,95214.09554605337,0.0,0,,-0.12116771119184644
2020-12-08,95214.09554605337,0.0,0,,-0.12116771119184644
2020-12-09,94295.26165336273,-0.009650187689345002,1,168.5271442958287,-0.12964860772630182
2020-12-10,94372.14312514383,0.0008153269892152704,0,,-0.12893898674607995
2020-12-11,94372.14312514383,0.0,0,,-0.12893898674607995
2020-12-14,94372.14312514383,0.0,0,,-0.12893898674607995
2020-12-15,94372.14312514383,0.0,0,,-0.12893898674607995
2020-12-16,94372.14312514383,0.0,0,,-0.12893898674607995
2020-12-17,94372.14312514383,0.0,0,,-0.12893898674607995
2020-12-18,94118.78072344215,-0.0026847159904560547,1,171.0732089451381,-0.1312775381770257
2020-12-21,93820.05998725053,-0.003173869592184575,1,171.0732089451381,-0.1340347499826533
2020-12-22,93078.58953865718,-0.007903112071065643,1,171.0732089451381,-0.14087857040318885
2020-12-23,93697.36471811285,0.00664787877129025,1,171.0732089451381,-0.13516723528941177
2020-12-24,94070.77377788197,0.003985267471422693,1,171.49465124947685,-0.1317206454039901
2020-12-28,93729.37748801589,-0.003629142996869339,1,171.49465124947685,-0.1348717553430484
2020-12-29,94070.77377788197,0.003642361648136694,1,171.5839342389788,-0.1317206454039901
2020-12-30,94790.90237987328,0.007655178894261816,1,173.44999640328544,-0.1250738116143636
2020-12-31,95142.96959304038,0.003714145601823704,1,174.25286047799247,-0.12182420835985075
2021-01-04,97260.69612439905,0.022258360658879095,1,177.71750695364815,-0.10227745486762752
2021-01-05,97548.74593728966,0.0029616260665272787,1,178.2967861720494,-0.09961873637745433
2021-01-06,94966.58510194639,-0.02647046674493636,0,,-0.12345224867393867
2021-01-07,94966.58510194639,0.0,0,,-0.12345224867393867
2021-01-08,94966.58510194639,0.0,0,,-0.12345224867393867
2021-01-11,94966.58510194639,0.0,0,,-0.12345224867393867
2021-01-12,94966.58510194639,0.0,0,,-0.12345224867393867
2021-01-13,94966.58510194639,0.0,0,,-0.12345224867393867
2021-01-14,94966.58510194639,0.0,0,,-0.12345224867393867
2021-01-15,94966.58510194639,0.0,0,,-0.12345224867393867
2021-01-19,94966.58510194639,0.0,0,,-0.12345224867393867
2021-01-20,94966.58510194639,0.0,0,,-0.12345224867393867
2021-01-21,94966.58510194639,0.0,0,,-0.12345224867393867
2021-01-22,94966.58510194639,0.0,0,,-0.12345224867393867
2021-01-25,94966.58510194639,0.0,0,,-0.12345224867393867
2021-01-26,94966.58510194639,0.0,0,,-0.12345224867393867
2021-01-27,94966.58510194639,0.0,0,,-0.12345224867393867
2021-01-28,94966.58510194639,0.0,0,,-0.12345224867393867
2021-01-29,94966.58510194639,0.0,0,,-0.12345224867393867
2021-02-01,94966.58510194639,0.0,0,,-0.12345224867393867
2021-02-02,94966.58510194639,0.0,0,,-0.12345224867393867
2021-02-03,94966.58510194639,0.0,0,,-0.12345224867393867
2021-02-04,94966.58510194639,0.0,0,,-0.12345224867393867
2021-02-05,94966.58510194639,0.0,0,,-0.12345224867393867
2021-02-08,94966.58510194639,0.0,0,,-0.12345224867393867
2021-02-09,94966.58510194639,0.0,0,,-0.12345224867393867
2021-02-10,94966.58510194639,0.0,0,,-0.12345224867393867
2021-02-11,94966.58510194639,0.0,0,,-0.12345224867393867
2021-02-12,94966.58510194639,0.0,0,,-0.12345224867393867
2021-02-16,94966.58510194639,0.0,0,,-0.12345224867393867
2021-02-17,94966.58510194639,0.0,0,,-0.12345224867393867
2021-02-18,94966.58510194639,0.0,0,,-0.12345224867393867
2021-02-19,94966.58510194639,0.0,0,,-0.12345224867393867
2021-02-22,94966.58510194639,0.0,0,,-0.12345224867393867
2021-02-23,94966.58510194639,0.0,0,,-0.12345224867393867
2021-02-24,94966.58510194639,0.0,0,,-0.12345224867393867
2021-02-25,94966.58510194639,0.0,0,,-0.12345224867393867
2021-02-26,94966.58510194639,0.0,0,,-0.12345224867393867
2021-03-01,94966.58510194639,0.0,0,,-0.12345224867393867
2021-03-02,94966.58510194639,0.0,0,,-0.12345224867393867
2021-03-03,94966.58510194639,0.0,0,,-0.12345224867393867
2021-03-04,94966.58510194639,0.0,0,,-0.12345224867393867
2021-03-05,94966.58510194639,0.0,0,,-0.12345224867393867
2021-03-08,94966.58510194639,0.0,0,,-0.12345224867393867
2021-03-09,94966.58510194639,0.0,0,,-0.12345224867393867
2021-03-10,94966.58510194639,0.0,0,,-0.12345224867393867
2021-03-11,94966.58510194639,0.0,0,,-0.12345224867393867
2021-03-12,94966.58510194639,0.0,0,,-0.12345224867393867
2021-03-15,94966.58510194639,0.0,0,,-0.12345224867393867
2021-03-16,94966.58510194639,0.0,0,,-0.12345224867393867
2021-03-17,94966.58510194639,0.0,0,,-0.12345224867393867
2021-03-18,94966.58510194639,0.0,0,,-0.12345224867393867
2021-03-19,94966.58510194639,0.0,0,,-0.12345224867393867
2021-03-22,94966.58510194639,0.0,0,,-0.12345224867393867
2021-03-23,94966.58510194639,0.0,0,,-0.12345224867393867
2021-03-24,94966.58510194639,0.0,0,,-0.12345224867393867
2021-03-25,94966.58510194639,0.0,0,,-0.12345224867393867
2021-03-26,94966.58510194639,0.0,0,,-0.12345224867393867
2021-03-29,94148.95613219134,-0.008609649055795088,1,157.25107955932617,-0.13099901719350238
2021-03-30,92617.93873089703,-0.01626165030597526,0,,-0.14513040729145044
2021-03-31,92617.93873089703,0.0,0,,-0.14513040729145044
2021-04-01,92617.93873089703,0.0,0,,-0.14513040729145044
2021-04-05,92708.23873792995,0.0009749731884585167,1,157.30571855817522,-0.14429693235893115
2021-04-06,93452.56306256742,0.00802867506459215,1,158.56643567766463,-0.1374267704770663
2021-04-07,93189.18353729251,-0.002818323186048688,1,158.56643567766463,-0.13985778060949572
2021-04-08,94191.15623755218,0.01075202788807239,1,160.2582119532994,-0.13060950747890054
2021-04-09,93481.19260130513,-0.00753747660190629,1,160.2582119532994,-0.1371625179741981
2021-04-12,92914.35918572942,-0.006063609158189043,1,160.2582119532994,-0.1423944272322385
2021-04-13,93572.79489415375,0.007086479573175097,1,160.2582119532994,-0.13631702285897862
2021-04-14,93166.28514820752,-0.004344315528953202,1,160.2582119532994,-0.14006913422866496
2021-04-15,94672.10977342336,0.016162763416190717,1,160.6642962864467,-0.12617027509092282
2021-04-16,95244.66560214317,0.006047777218550321,1,161.5964409964425,-0.12088554758772552
2021-04-19,94981.28607686827,-0.0027652942409928105,1,161.5964409964425,-0.12331655772015482
2021-04-20,95319.09191905089,0.0035565515706876827,1,162.30857249668665,-0.1201985878465186
2021-04-21,96263.81427834374,0.009911155680072392,1,164.1728640965053,-0.1114787390831179
2021-04-22,95639.7217852926,-0.006483147356353358,1,164.1728640965053,-0.11723915334689494
2021-04-23,95273.28640437227,-0.003831414124593202,1,164.1728640965053,-0.12062137572339948
2021-04-26,95525.21236685036,0.002644245538133694,1,164.1728640965053,-0.11829608271982595
2021-04-27,95284.73996716908,-0.002517371003141866,1,164.1728640965053,-0.1205156585945436
2021-04-28,95565.29546838488,0.002944390689552989,1,164.1728640965053,-0.11792611308810186
2021-04-29,95170.23054872683,-0.004133978948338446,1,164.1728640965053,-0.12157258796747472
2021-04-30,94849.60068248512,-0.0033690142851713345,1,164.1728640965053,-0.12453202246709838
2021-05-03,96080.59221962925,0.012978352341882271,1,164.1728640965053,-0.11316989059064131
2021-05-04,95376.35099652631,-0.007329692780131181,1,164.1728640965053,-0.11967008284078207
2021-05-05,95771.41591618436,0.004142168530566259,1,164.1728640965053,-0.1160236079614092
2021-05-06,97368.84283424882,0.01667957921247054,1,165.88857432774134,-0.10127925370844759
2021-05-07,98244.85255326943,0.00899681760120985,1,167.10250091552734,-0.09319362707963919
2021-05-10,98542.58403042615,0.0030305045955998366,1,167.61179133823939,-0.09044554619918477
2021-05-11,98559.76000636705,0.000174300035968189,1,167.6435775756836,-0.09028701082517221
2021-05-12,97580.6856951924,-0.009933813872024522,1,167.6435775756836,-0.09932393033659803
2021-05-13,97981.48176450316,0.004107329913244362,1,167.6435775756836,-0.0956245565735262
2021-05-14,98874.66745946468,0.009115862292308208,1,168.15965162004744,-0.08738039457070523
2021-05-17,100025.50153004838,0.011639321781339973,1,169.9125028337751,-0.07675812131915405
2021-05-18,100220.16841505104,0.001946172546249958,1,170.38107081821985,-0.07496133332131716
2021-05-19,100288.88105532328,0.000685616890880425,1,170.46358272007532,-0.07432711118672486
2021-05-20,100746.92746560085,0.004567270124640199,1,171.19751249040877,-0.07009931305645856
2021-05-21,100792.72424377085,0.0004545724551812125,1,171.46678161621094,-0.06967660581811996
2021-05-24,100970.22388934123,0.001761036294059215,1,172.19286618913924,-0.06803827255575334
2021-05-25,101886.30797338775,0.009072814229376336,1,173.58214133126395,-0.05958275693376314
2021-05-26,101708.81706432598,-0.0017420486873284124,1,173.58214133126395,-0.06122100955758758
2021-05-27,101748.90016586051,0.0003940966249680322,1,173.86536134992326,-0.06085103992586338
2021-05-28,102132.51152272175,0.003770176937892389,1,174.54607609340124,-0.057310282175346394
2021-06-01,101857.67843465004,-0.0026909461441234628,1,174.54607609340124,-0.05984700943663146
2021-06-02,102355.80794646213,0.004890446350902078,1,175.14142881120955,-0.05524924167464118
2021-06-03,100127.82854729872,-0.021767005154497587,0,,-0.07581363630082472
2021-06-04,100127.82854729872,0.0,0,,-0.07581363630082472
2021-06-07,100127.82854729872,0.0,0,,-0.07581363630082472
2021-06-08,100127.82854729872,0.0,0,,-0.07581363630082472
2021-06-09,100127.82854729872,0.0,0,,-0.07581363630082472
2021-06-10,100127.82854729872,0.0,0,,-0.07581363630082472
2021-06-11,100127.82854729872,0.0,0,,-0.07581363630082472
2021-06-14,100127.82854729872,0.0,0,,-0.07581363630082472
2021-06-15,100127.82854729872,0.0,0,,-0.07581363630082472
2021-06-16,100127.82854729872,0.0,0,,-0.07581363630082472
2021-06-17,100127.82854729872,0.0,0,,-0.07581363630082472
2021-06-18,100127.82854729872,0.0,0,,-0.07581363630082472
2021-06-21,100127.82854729872,0.0,0,,-0.07581363630082472
2021-06-22,100127.82854729872,0.0,0,,-0.07581363630082472
2021-06-23,100127.82854729872,0.0,0,,-0.07581363630082472
2021-06-24,100127.82854729872,0.0,0,,-0.07581363630082472
2021-06-25,100127.82854729872,0.0,0,,-0.07581363630082472
2021-06-28,100127.82854729872,0.0,0,,-0.07581363630082472
2021-06-29,100127.82854729872,0.0,0,,-0.07581363630082472
2021-06-30,100127.82854729872,0.0,0,,-0.07581363630082472
2021-07-01,100127.82854729872,0.0,0,,-0.07581363630082472
2021-07-02,100127.82854729872,0.0,0,,-0.07581363630082472
2021-07-06,100127.82854729872,0.0,0,,-0.07581363630082472
2021-07-07,100127.82854729872,0.0,0,,-0.07581363630082472
2021-07-08,100127.82854729872,0.0,0,,-0.07581363630082472
2021-07-09,100127.82854729872,0.0,0,,-0.07581363630082472
2021-07-12,100127.82854729872,0.0,0,,-0.07581363630082472
2021-07-13,100127.82854729872,0.0,0,,-0.07581363630082472
2021-07-14,100127.82854729872,0.0,0,,-0.07581363630082472
2021-07-15,100127.82854729872,0.0,0,,-0.07581363630082472
2021-07-16,100127.82854729872,0.0,0,,-0.07581363630082472
2021-07-19,100036.8458660225,-0.0009086652791360228,1,165.7171347481864,-0.07665341236096923
2021-07-20,99907.08802080926,-0.001297100524211059,1,165.7171347481864,-0.07785108570382426
2021-07-21,99535.5079186339,-0.0037192566567245677,1,165.7171347481864,-0.08128079419181167
2021-07-22,99730.14468645376,0.001955450591350383,1,165.7171347481864,-0.07948428417752906
2021-07-23,99417.54869563419,-0.0031344183025338035,1,165.7171347481864,-0.08236956548497298
2021-07-26,99181.63024963475,-0.0023730060647714213,1,165.7171347481864,-0.08454710807129595
2021-07-27,99346.77496177673,0.0016650735799190741,1,165.7171347481864,-0.08302281164728487
2021-07-28,99848.10390945348,0.005046252863966982,1,166.08998543875558,-0.07839551288436752
2021-07-29,100956.94040501685,0.011105233370970247,1,167.74498857770647,-0.06816087997921505
2021-07-30,100160.7088999849,-0.007886842666166904,1,167.74498857770647,-0.0755101485089984
2021-08-02,100036.8458660225,-0.0012366429443513294,1,167.74498857770647,-0.07665341236096923
2021-08-03,99966.07213216503,-0.0007074766626713469,1,167.74498857770647,-0.07730665852328111
2021-08-04,99989.66037688025,0.0002359625041987723,1,167.74498857770647,-0.07708893749181878
2021-08-05,99594.49202998968,-0.0039520921003342036,1,167.74498857770647,-0.0807363670112684
2021-08-06,97666.55814654943,-0.01935783640384159,0,,-0.09853132203066539
2021-08-09,97666.55814654943,0.0,0,,-0.09853132203066539
2021-08-10,97666.55814654943,0.0,0,,-0.09853132203066539
2021-08-11,97666.55814654943,0.0,0,,-0.09853132203066539
2021-08-12,97666.55814654943,0.0,0,,-0.09853132203066539
2021-08-13,97666.55814654943,0.0,0,,-0.09853132203066539
2021-08-16,97666.55814654943,0.0,0,,-0.09853132203066539
2021-08-17,97666.55814654943,0.0,0,,-0.09853132203066539
2021-08-18,97666.55814654943,0.0,0,,-0.09853132203066539
2021-08-19,97666.55814654943,0.0,0,,-0.09853132203066539
2021-08-20,97666.55814654943,0.0,0,,-0.09853132203066539
2021-08-23,97666.55814654943,0.0,0,,-0.09853132203066539
2021-08-24,97295.28453128197,-0.0038014405576816124,1,164.3274906703404,-0.10195820162457758
2021-08-25,96620.30493526442,-0.006937433805443427,1,164.3274906703404,-0.10818830715532846
2021-08-26,96319.84968765745,-0.003109649134395376,0,,-0.11096152861402664
2021-08-27,96319.84968765745,0.0,0,,-0.11096152861402664
2021-08-30,95999.85722468505,-0.003322186070784605,1,165.67428534371513,-0.11391507984005667
2021-08-31,95787.92890577338,-0.0022075899385523012,0,,-0.11587119199450469
2021-09-01,95509.38397312356,-0.0029079335552167906,1,166.23285511561804,-0.11844217982243765
2021-09-02,95256.1197887435,-0.0026517204262498373,1,166.23285511561804,-0.1207798247011228
2021-09-03,96274.81015364004,0.010694224866137247,1,167.45464270455497,-0.11137724643963187
2021-09-07,94389.39136961364,-0.01958371853465668,1,167.45464270455497,-0.12877978432884973
2021-09-08,94104.30065222664,-0.003020368213527691,0,,-0.1314111901752456
2021-09-09,94104.30065222664,0.0,0,,-0.1314111901752456
2021-09-10,94104.30065222664,0.0,0,,-0.1314111901752456
2021-09-13,94104.30065222664,0.0,0,,-0.1314111901752456
2021-09-14,94104.30065222664,0.0,0,,-0.1314111901752456
2021-09-15,94104.30065222664,0.0,0,,-0.1314111901752456
2021-09-16,94104.30065222664,0.0,0,,-0.1314111901752456
2021-09-17,94104.30065222664,0.0,0,,-0.1314111901752456
2021-09-20,94104.30065222664,0.0,0,,-0.1314111901752456
2021-09-21,94104.30065222664,0.0,0,,-0.1314111901752456
2021-09-22,94104.30065222664,0.0,0,,-0.1314111901752456
2021-09-23,94104.30065222664,0.0,0,,-0.1314111901752456
2021-09-24,94104.30065222664,0.0,0,,-0.1314111901752456
2021-09-27,94104.30065222664,0.0,0,,-0.1314111901752456
2021-09-28,94104.30065222664,0.0,0,,-0.1314111901752456
2021-09-29,94104.30065222664,0.0,0,,-0.1314111901752456
2021-09-30,94104.30065222664,0.0,0,,-0.1314111901752456
2021-10-01,94104.30065222664,0.0,0,,-0.1314111901752456
2021-10-04,94104.30065222664,0.0,0,,-0.1314111901752456
2021-10-05,94104.30065222664,0.0,0,,-0.1314111901752456
2021-10-06,94104.30065222664,0.0,0,,-0.1314111901752456
2021-10-07,94104.30065222664,0.0,0,,-0.1314111901752456
2021-10-08,94104.30065222664,0.0,0,,-0.1314111901752456
2021-10-11,94104.30065222664,0.0,0,,-0.1314111901752456
2021-10-12,94104.30065222664,0.0,0,,-0.1314111901752456
2021-10-13,94104.30065222664,0.0,0,,-0.1314111901752456
2021-10-14,94104.30065222664,0.0,0,,-0.1314111901752456
2021-10-15,93929.26908421225,-0.0018599741648496204,1,161.15428761073522,-0.13302674292139716
2021-10-18,93696.33287253098,-0.0024799108302698825,1,161.15428761073522,-0.13517675929118067
2021-10-19,94452.09154188963,0.008066043207761497,0,,-0.12820105766454692
2021-10-20,94452.09154188963,0.0,0,,-0.12820105766454692
2021-10-21,94338.91486071113,-0.0011982443091618222,1,162.839289528983,-0.12924568578593376
2021-10-22,94915.982903993,0.006116967151190034,1,163.71643611363,-0.12391931024912928
2021-10-25,95572.24705523887,0.006914158513321,1,164.95320892333984,-0.11786194948973228
2021-10-26,94865.0587879172,-0.00739951491266011,1,164.95320892333984,-0.12438934314950789
2021-10-27,95113.9904392415,0.002624060476058121,1,164.95320892333984,-0.12209168783245117
2021-10-28,95091.3642130617,-0.00023788536339730548,1,164.95320892333984,-0.12230052937032077
2021-10-29,94282.33634625768,-0.008507900517562339,1,164.95320892333984,-0.1297679091507551
2021-11-01,94774.54525052867,0.005220584505493342,1,164.95320892333984,-0.12522478898108447
2021-11-02,94570.87468423326,-0.0021490007233168074,1,164.95320892333984,-0.1271046815423037
2021-11-03,93182.39563730809,-0.014681888600070914,0,,-0.139920433367423
2021-11-04,93182.39563730809,0.0,0,,-0.139920433367423
2021-11-05,93182.39563730809,0.0,0,,-0.139920433367423
2021-11-08,93182.39563730809,0.0,0,,-0.139920433367423
2021-11-09,93182.39563730809,0.0,0,,-0.139920433367423
2021-11-10,93182.39563730809,0.0,0,,-0.139920433367423
2021-11-11,93182.39563730809,0.0,0,,-0.139920433367423
2021-11-12,93182.39563730809,0.0,0,,-0.139920433367423
2021-11-15,93182.39563730809,0.0,0,,-0.139920433367423
2021-11-16,93182.39563730809,0.0,0,,-0.139920433367423
2021-11-17,93182.39563730809,0.0,0,,-0.139920433367423
2021-11-18,93182.39563730809,0.0,0,,-0.139920433367423
2021-11-19,93182.39563730809,0.0,0,,-0.139920433367423
2021-11-22,93182.39563730809,0.0,0,,-0.139920433367423
2021-11-23,93182.39563730809,0.0,0,,-0.139920433367423
2021-11-24,93182.39563730809,0.0,0,,-0.139920433367423
2021-11-26,93182.39563730809,0.0,0,,-0.139920433367423
2021-11-29,93182.39563730809,0.0,0,,-0.139920433367423
2021-11-30,93182.39563730809,0.0,0,,-0.139920433367423
2021-12-01,93182.39563730809,0.0,0,,-0.139920433367423
2021-12-02,93182.39563730809,0.0,0,,-0.139920433367423
2021-12-03,93182.39563730809,0.0,0,,-0.139920433367423
2021-12-06,93182.39563730809,0.0,0,,-0.139920433367423
2021-12-07,93182.39563730809,0.0,0,,-0.139920433367423
2021-12-08,93182.39563730809,0.0,0,,-0.139920433367423
2021-12-09,93182.39563730809,0.0,0,,-0.139920433367423
2021-12-10,93182.39563730809,0.0,0,,-0.139920433367423
2021-12-13,93182.39563730809,0.0,0,,-0.139920433367423
2021-12-14,93182.39563730809,0.0,0,,-0.139920433367423
2021-12-15,93182.39563730809,0.0,0,,-0.139920433367423
2021-12-16,93182.39563730809,0.0,0,,-0.139920433367423
2021-12-17,93182.39563730809,0.0,0,,-0.139920433367423
2021-12-20,93182.39563730809,0.0,0,,-0.139920433367423
2021-12-21,93182.39563730809,0.0,0,,-0.139920433367423
2021-12-22,93182.39563730809,0.0,0,,-0.139920433367423
2021-12-23,93197.26780515278,0.00015960276340787338,1,165.75750023978097,-0.13978316229183774
2021-12-27,93417.88885043755,0.002367247994286892,1,166.19856752668107,-0.1377468157081212
2021-12-28,93015.25165552381,-0.004310065233419702,1,166.19856752668107,-0.14146318318014306
2021-12-29,92987.67192082485,-0.0002965076609274808,1,166.19856752668107,-0.14171774592351838
2021-12-30,93655.06446946441,0.0071772153754727785,1,166.4410776410784,-0.13555766933306523
2021-12-31,94294.87728340502,0.00683158799329231,1,167.56536756243025,-0.12965215548598752
2022-01-03,92844.2690830051,-0.015383743445999576,1,167.56536756243025,-0.1430413634347698
2022-01-04,93528.20778923333,0.007366515057776857,1,167.56536756243025,-0.13672856473462014
2022-01-05,93246.90627791884,-0.00300766493835114,1,167.56536756243025,-0.13932499596274794
2022-01-06,92060.64527305319,-0.0127217197032794,0,,-0.15027426211972872
2022-01-07,92060.64527305319,0.0,0,,-0.15027426211972872
2022-01-10,92060.64527305319,0.0,0,,-0.15027426211972872
2022-01-11,92060.64527305319,0.0,0,,-0.15027426211972872
2022-01-12,92060.64527305319,0.0,0,,-0.15027426211972872
2022-01-13,92060.64527305319,0.0,0,,-0.15027426211972872
2022-01-14,92060.64527305319,0.0,0,,-0.15027426211972872
2022-01-18,92060.64527305319,0.0,0,,-0.15027426211972872
2022-01-19,92060.64527305319,0.0,0,,-0.15027426211972872
2022-01-20,92060.64527305319,0.0,0,,-0.15027426211972872
2022-01-21,92060.64527305319,0.0,0,,-0.15027426211972872
2022-01-24,92060.64527305319,0.0,0,,-0.15027426211972872
2022-01-25,92060.64527305319,0.0,0,,-0.15027426211972872
2022-01-26,92060.64527305319,0.0,0,,-0.15027426211972872
2022-01-27,92060.64527305319,0.0,0,,-0.15027426211972872
2022-01-28,92060.64527305319,0.0,0,,-0.15027426211972872
2022-01-31,92060.64527305319,0.0,0,,-0.15027426211972872
2022-02-01,92060.64527305319,0.0,0,,-0.15027426211972872
2022-02-02,92060.64527305319,0.0,0,,-0.15027426211972872
2022-02-03,92060.64527305319,0.0,0,,-0.15027426211972872
2022-02-04,92060.64527305319,0.0,0,,-0.15027426211972872
2022-02-07,92280.7980748235,0.002391388862388766,1,166.18500137329102,-0.14824223745407672
2022-02-08,92562.8885403625,0.003056870675417045,1,167.05679157802038,-0.14563852412719125
2022-02-09,92877.52631393576,0.0033991784238243117,1,167.66179602486747,-0.14273439703225776
2022-02-10,92524.91116262568,-0.0037965605384255863,1,167.66179602486747,-0.14598905779143478
2022-02-11,92489.04118169636,-0.00038767917178839095,0,,-0.1463201400462083
2022-02-14,92860.68410143709,0.004018237349986409,1,170.75428989955358,-0.14288985174801083
2022-02-15,91978.52162674037,-0.009499848975192515,1,170.75428989955358,-0.15103226871150954
2022-02-16,92924.45214722269,0.010284254451501385,1,171.12964085170202,-0.1423012685418249
2022-02-17,94194.55041520891,0.013668073780773726,1,173.26249967302596,-0.1305781789985785
2022-02-18,94125.46295970367,-0.0007334549100845855,1,173.26249967302596,-0.13121586070212665
2022-02-22,94322.09461563638,0.0020890378623359407,1,173.50786209106445,-0.12940093774093664
2022-02-23,94747.22573268207,0.0045072272703241545,1,174.295348576137,-0.1254769499060039
2022-02-24,94136.09367028669,-0.00645013147001916,1,174.295348576137,-0.13111773855267228
2022-02-25,93822.5566333658,-0.003330678220184624,1,174.295348576137,-0.13401170577677968
2022-02-28,94795.05987587754,0.010365345791119696,1,174.295348576137,-0.12503543765609415
2022-03-01,96516.86198293886,0.018163415997793697,1,175.95392172677177,-0.10914309232691444
2022-03-02,95512.47471753434,-0.010406339832951361,1,175.95392172677177,-0.11841365205069276
2022-03-03,96081.10015531017,0.005953415398956663,1,175.95392172677177,-0.11316520231130134
2022-03-04,97611.59001615843,0.015929145881701023,1,177.69784709385462,-0.09903868144594918
2022-03-07,99062.37792863097,0.014862865283030269,1,180.13500104631697,-0.08564781474305905
2022-03-08,101772.62528965043,0.027358997610293923,1,184.4242788042341,-0.060632055491647296
2022-03-09,98748.84089171009,-0.029711176156991925,1,184.4242788042341,-0.08854178196716644
2022-03-10,99057.05851891132,0.0031212277978962533,1,184.4242788042341,-0.0856969132404215
2022-03-11,97497.01692468564,-0.015748919032638642,0,,-0.10009619852508966
2022-03-14,97497.01692468564,0.0,0,,-0.10009619852508966
2022-03-15,97497.01692468564,0.0,0,,-0.10009619852508966
2022-03-16,97497.01692468564,0.0,0,,-0.10009619852508966
2022-03-17,97497.01692468564,0.0,0,,-0.10009619852508966
2022-03-18,97497.01692468564,0.0,0,,-0.10009619852508966
2022-03-21,97497.01692468564,0.0,0,,-0.10009619852508966
2022-03-22,97497.01692468564,0.0,0,,-0.10009619852508966
2022-03-23,97497.01692468564,0.0,0,,-0.10009619852508966
2022-03-24,97497.01692468564,0.0,0,,-0.10009619852508966
2022-03-25,97497.01692468564,0.0,0,,-0.10009619852508966
2022-03-28,97497.01692468564,0.0,0,,-0.10009619852508966
2022-03-29,97497.01692468564,0.0,0,,-0.10009619852508966
2022-03-30,97497.01692468564,0.0,0,,-0.10009619852508966
2022-03-31,97211.07441617028,-0.0029328334090082953,1,174.51963915143693,-0.10273546645894882
2022-04-01,96474.22044759375,-0.00757993853068617,0,,-0.10953667646895482
2022-04-04,96474.22044759375,0.0,0,,-0.10953667646895482
2022-04-05,96474.22044759375,0.0,0,,-0.10953667646895482
2022-04-06,96474.22044759375,0.0,0,,-0.10953667646895482
2022-04-07,96474.22044759375,0.0,0,,-0.10953667646895482
2022-04-08,96474.22044759375,0.0,0,,-0.10953667646895482
2022-04-11,96474.22044759375,0.0,0,,-0.10953667646895482
2022-04-12,96188.40892433104,-0.0029625688804395534,1,179.1346332005092,-0.11217473540042056
2022-04-13,96649.01076269873,0.004788537865617837,1,179.89284569876534,-0.10792335050283342
2022-04-14,96329.72585880553,-0.003303550666205357,1,179.89284569876534,-0.110870370912586
2022-04-18,96628.07758279268,0.0030971927027432233,1,180.1171373639788,-0.10811656511358358
2022-04-19,95167.7466862183,-0.015112904376299308,1,180.1171373639788,-0.12159551417982739
2022-04-20,95633.58780959873,0.004894947496407287,1,180.1171373639788,-0.11729577034112904
2022-04-21,95293.36173908452,-0.0035576001936848956,1,180.1171373639788,-0.12043607907952991
2022-04-22,94135.02034915128,-0.012155530760944333,0,,-0.13112764537649546
2022-04-25,94135.02034915128,0.0,0,,-0.13112764537649546
2022-04-26,94135.02034915128,0.0,0,,-0.13112764537649546
2022-04-27,94135.02034915128,0.0,0,,-0.13112764537649546
2022-04-28,94135.02034915128,0.0,0,,-0.13112764537649546
2022-04-29,94135.02034915128,0.0,0,,-0.13112764537649546
2022-05-02,94135.02034915128,0.0,0,,-0.13112764537649546
2022-05-03,94135.02034915128,0.0,0,,-0.13112764537649546
2022-05-04,94135.02034915128,0.0,0,,-0.13112764537649546
2022-05-05,94135.02034915128,0.0,0,,-0.13112764537649546
2022-05-06,94135.02034915128,0.0,0,,-0.13112764537649546
2022-05-09,94135.02034915128,0.0,0,,-0.13112764537649546
2022-05-10,94135.02034915128,0.0,0,,-0.13112764537649546
2022-05-11,94135.02034915128,0.0,0,,-0.13112764537649546
2022-05-12,94135.02034915128,0.0,0,,-0.13112764537649546
2022-05-13,94135.02034915128,0.0,0,,-0.13112764537649546
2022-05-16,94135.02034915128,0.0,0,,-0.13112764537649546
2022-05-17,94135.02034915128,0.0,0,,-0.13112764537649546
2022-05-18,94135.02034915128,0.0,0,,-0.13112764537649546
2022-05-19,94135.02034915128,0.0,0,,-0.13112764537649546
2022-05-20,94135.02034915128,0.0,0,,-0.13112764537649546
2022-05-23,94135.02034915128,0.0,0,,-0.13112764537649546
2022-05-24,94135.02034915128,0.0,0,,-0.13112764537649546
2022-05-25,94135.02034915128,0.0,0,,-0.13112764537649546
2022-05-26,94135.02034915128,0.0,0,,-0.13112764537649546
2022-05-27,94135.02034915128,0.0,0,,-0.13112764537649546
2022-05-31,94135.02034915128,0.0,0,,-0.13112764537649546
2022-06-01,94135.02034915128,0.0,0,,-0.13112764537649546
2022-06-02,94135.02034915128,0.0,0,,-0.13112764537649546
2022-06-03,94135.02034915128,0.0,0,,-0.13112764537649546
2022-06-06,94135.02034915128,0.0,0,,-0.13112764537649546
2022-06-07,94135.02034915128,0.0,0,,-0.13112764537649546
2022-06-08,93934.22595838642,-0.0021330466602131892,1,168.68534633091517,-0.1329809906506767
2022-06-09,93635.20922435106,-0.0031832564859568535,1,168.68534633091517,-0.13574093453563585
2022-06-10,92767.34170744354,-0.009268602314201013,0,,-0.14375140810986797
2022-06-13,91952.00289520372,-0.008789071641301494,1,166.8657008579799,-0.15127703832675388
2022-06-14,91216.09174135046,-0.008003209616782025,1,166.8657008579799,-0.15806954609560087
2022-06-15,92068.01903925365,0.009339660159074503,0,,-0.15020620177855848
2022-06-16,93078.1750699856,0.010971844960640187,1,167.34357615879603,-0.1408823959759592
2022-06-17,92312.81033375546,-0.008222816311714953,1,167.34357615879603,-0.1479467622240096
2022-06-21,92061.31939817403,-0.002724334083992974,0,,-0.1502680399010593
2022-06-22,92061.31939817403,0.0,0,,-0.1502680399010593
2022-06-23,92061.31939817403,0.0,0,,-0.1502680399010593
2022-06-24,92061.31939817403,0.0,0,,-0.1502680399010593
2022-06-27,92061.31939817403,0.0,0,,-0.1502680399010593
2022-06-28,92061.31939817403,0.0,0,,-0.1502680399010593
2022-06-29,92061.31939817403,0.0,0,,-0.1502680399010593
2022-06-30,92061.31939817403,0.0,0,,-0.1502680399010593
2022-07-01,92061.31939817403,0.0,0,,-0.1502680399010593
2022-07-05,92061.31939817403,0.0,0,,-0.1502680399010593
2022-07-06,92061.31939817403,0.0,0,,-0.1502680399010593
2022-07-07,92061.31939817403,0.0,0,,-0.1502680399010593
2022-07-08,92061.31939817403,0.0,0,,-0.1502680399010593
2022-07-11,92061.31939817403,0.0,0,,-0.1502680399010593
2022-07-12,92061.31939817403,0.0,0,,-0.1502680399010593
2022-07-13,92061.31939817403,0.0,0,,-0.1502680399010593
2022-07-14,92061.31939817403,0.0,0,,-0.1502680399010593
2022-07-15,92061.31939817403,0.0,0,,-0.1502680399010593
2022-07-18,92061.31939817403,0.0,0,,-0.1502680399010593
2022-07-19,92061.31939817403,0.0,0,,-0.1502680399010593
2022-07-20,92061.31939817403,0.0,0,,-0.1502680399010593
2022-07-21,92061.31939817403,0.0,0,,-0.1502680399010593
2022-07-22,92061.31939817403,0.0,0,,-0.1502680399010593
2022-07-25,92061.31939817403,0.0,0,,-0.1502680399010593
2022-07-26,92061.31939817403,0.0,0,,-0.1502680399010593
2022-07-27,92061.31939817403,0.0,0,,-0.1502680399010593
2022-07-28,92061.31939817403,0.0,0,,-0.1502680399010593
2022-07-29,92061.31939817403,0.0,0,,-0.1502680399010593
2022-08-01,92061.31939817403,0.0,0,,-0.1502680399010593
2022-08-02,92061.31939817403,0.0,0,,-0.1502680399010593
2022-08-03,92061.31939817403,0.0,0,,-0.1502680399010593
2022-08-04,92834.17173952953,0.008394973550322815,1,162.90392139979772,-0.14313456257116475
2022-08-05,91790.1524892225,-0.011246066300201307,1,162.90392139979772,-0.15277092809084047
2022-08-08,92567.61669799888,0.008470017618367853,1,162.90392139979772,-0.14559488292497647
2022-08-09,92850.8309000232,0.0030595386607856767,1,162.90392139979772,-0.1429807974373124
2022-08-10,92617.59417947987,-0.0025119508170525773,1,162.90392139979772,-0.14513358752341943
2022-08-11,92373.24852739679,-0.0026382206776994765,1,162.90392139979772,-0.14738891376948593
2022-08-12,93222.89960710172,0.00919802099904432,1,163.55034364972795,-0.13954657909431978
2022-08-15,92023.39768339781,-0.012867030834262216,1,163.55034364972795,-0.1506180597925596
2022-08-16,91862.34783378305,-0.0017500967544020751,1,163.55034364972795,-0.15210456036936426
2022-08-17,91268.15133770097,-0.006468335614034371,1,163.55034364972795,-0.15758903263850454
2022-08-18,90687.84031498867,-0.006358308064826401,0,,-0.1629453410861773
2022-08-19,90687.84031498867,0.0,0,,-0.1629453410861773
2022-08-22,90687.84031498867,0.0,0,,-0.1629453410861773
2022-08-23,90687.84031498867,0.0,0,,-0.1629453410861773
2022-08-24,90687.84031498867,0.0,0,,-0.1629453410861773
2022-08-25,90687.84031498867,0.0,0,,-0.1629453410861773
2022-08-26,90687.84031498867,0.0,0,,-0.1629453410861773
2022-08-29,90687.84031498867,0.0,0,,-0.1629453410861773
2022-08-30,90687.84031498867,0.0,0,,-0.1629453410861773
2022-08-31,90687.84031498867,0.0,0,,-0.1629453410861773
2022-09-01,90687.84031498867,0.0,0,,-0.1629453410861773
2022-09-02,90687.84031498867,0.0,0,,-0.1629453410861773
2022-09-06,90687.84031498867,0.0,0,,-0.1629453410861773
2022-09-07,90687.84031498867,0.0,0,,-0.1629453410861773
2022-09-08,90687.84031498867,0.0,0,,-0.1629453410861773
2022-09-09,90687.84031498867,0.0,0,,-0.1629453410861773
2022-09-12,90687.84031498867,0.0,0,,-0.1629453410861773
2022-09-13,90687.84031498867,0.0,0,,-0.1629453410861773
2022-09-14,90687.84031498867,0.0,0,,-0.1629453410861773
2022-09-15,90687.84031498867,0.0,0,,-0.1629453410861773
2022-09-16,90687.84031498867,0.0,0,,-0.1629453410861773
2022-09-19,90687.84031498867,0.0,0,,-0.1629453410861773
2022-09-20,90687.84031498867,0.0,0,,-0.1629453410861773
2022-09-21,90687.84031498867,0.0,0,,-0.1629453410861773
2022-09-22,90687.84031498867,0.0,0,,-0.1629453410861773
2022-09-23,90687.84031498867,0.0,0,,-0.1629453410861773
2022-09-26,90687.84031498867,0.0,0,,-0.1629453410861773
2022-09-27,90687.84031498867,0.0,0,,-0.1629453410861773
2022-09-28,90687.84031498867,0.0,0,,-0.1629453410861773
2022-09-29,90687.84031498867,0.0,0,,-0.1629453410861773
2022-09-30,90687.84031498867,0.0,0,,-0.1629453410861773
2022-10-03,90687.84031498867,0.0,0,,-0.1629453410861773
2022-10-04,90687.84031498867,0.0,0,,-0.1629453410861773
2022-10-05,90830.50589237968,0.0015731500154319011,1,154.1457143511091,-0.1616285285365897
2022-10-06,90467.25837486652,-0.003999179724304858,0,,-0.16498132672670185
2022-10-07,90001.1247094813,-0.005152512342683324,1,153.01536560058594,-0.16928377074711354
2022-10-10,88761.86350461045,-0.013769396869996009,0,,-0.18072223219404315
2022-10-11,88761.86350461045,0.0,0,,-0.18072223219404315
2022-10-12,88761.86350461045,0.0,0,,-0.18072223219404315
2022-10-13,88761.86350461045,0.0,0,,-0.18072223219404315
2022-10-14,88761.86350461045,0.0,0,,-0.18072223219404315
2022-10-17,88761.86350461045,0.0,0,,-0.18072223219404315
2022-10-18,88761.86350461045,0.0,0,,-0.18072223219404315
2022-10-19,88761.86350461045,0.0,0,,-0.18072223219404315
2022-10-20,88761.86350461045,0.0,0,,-0.18072223219404315
2022-10-21,88761.86350461045,0.0,0,,-0.18072223219404315
2022-10-24,88744.43341151018,-0.00019636916590148878,1,148.6910618373326,-0.18088311308594884
2022-10-25,88946.5882737355,0.002277944142005106,1,149.2517809186663,-0.17901721057178543
2022-10-26,89512.60954962794,0.006363608620383543,1,150.0996355329241,-0.17379279741579357
2022-10-27,89373.99713036384,-0.001548523944967184,1,150.0996355329241,-0.1750721990524996
2022-10-28,88461.42718011339,-0.010210687443231947,1,150.0996355329241,-0.1834952789912072
2022-10-31,87752.02615368526,-0.008019326038949615,0,,-0.19004309656131824
2022-11-01,87752.02615368526,0.0,0,,-0.19004309656131824
2022-11-02,87752.02615368526,0.0,0,,-0.19004309656131824
2022-11-03,87752.02615368526,0.0,0,,-0.19004309656131824
2022-11-04,87752.02615368526,0.0,0,,-0.19004309656131824
2022-11-07,87752.02615368526,0.0,0,,-0.19004309656131824
2022-11-08,89564.09484548053,0.020649878654900755,1,154.1321427481515,-0.17331758478961035
2022-11-09,89114.72795569898,-0.0050172660211306175,1,154.1321427481515,-0.17746527038171167
2022-11-10,91827.77123183556,0.030444387121793204,1,157.81570979527064,-0.1524237046520931
2022-11-11,92434.41524739658,0.006606324071934955,1,158.88321031842912,-0.14682434096933472
2022-11-14,92636.62991925026,0.002187655661719301,1,159.25213732038225,-0.14495788640841512
2022-11-15,92962.42070006787,0.0035168677995043307,1,159.84285300118583,-0.14195081633190476
2022-11-16,92748.96949895551,-0.0022961020109516506,1,159.84285300118583,-0.1439209847880205
2022-11-17,92074.92344976345,-0.007267423593311784,1,159.84285300118583,-0.15014247362091115
2022-11-18,91440.19239653597,-0.006893636502166456,1,159.84285300118583,-0.156001082486399
2022-11-21,90929.04602323298,-0.005589952950737276,1,159.84285300118583,-0.16071899672577317
2022-11-22,91035.77162378916,0.001173723966364948,1,159.84285300118583,-0.1597339124977153
2022-11-23,91603.09207242505,0.006231840940288613,1,159.84285300118583,-0.1544975078928824
2022-11-25,91681.73063531479,0.000858470616118101,1,159.84285300118583,-0.1537716688475539
2022-11-28,90957.1244899389,-0.007903495498554403,1,159.84285300118583,-0.1604598306535664
2022-11-29,91406.49137972045,0.004940425418035854,1,159.84285300118583,-0.15631214506146518
2022-11-30,92574.84186476828,0.012781920270785507,1,160.74213245936804,-0.14552819416621066
2022-12-01,94276.8117816365,0.01838479961277617,1,164.07927431379045,-0.12981890124118944
2022-12-02,93951.02100081887,-0.003455683053561698,1,164.07927431379045,-0.1328259713176999
2022-12-05,92338.92617609909,-0.017158885635800925,1,164.07927431379045,-0.14770571130219623
2022-12-06,92591.69237317605,0.0027373742314795724,1,164.07927431379045,-0.14537266287867756
2022-12-07,93428.6380982572,0.009039101712364994,1,164.07927431379045,-0.13764759945227023
2022-12-08,93507.27666114693,0.0008416965556858891,1,164.07927431379045,-0.13692176040694182
2022-12-09,93838.68142111362,0.003544160110315664,1,164.07927431379045,-0.1338628729380945
2022-12-12,93063.52375051445,-0.008260534556326027,1,164.07927431379045,-0.1410176286067063
2022-12-13,94653.1540876774,0.017081132038632374,1,164.07927431379045,-0.1263452373020798
2022-12-14,94422.8609491178,-0.0024330212847029076,1,164.07927431379045,-0.12847085793520596
2022-12-15,92878.16815802908,-0.016359309340575168,1,164.07927431379045,-0.14272847276957001
2022-12-16,93687.01827448323,0.008708721678036602,1,164.07927431379045,-0.13526273363641483
2022-12-19,93423.02411910811,-0.0028178306902848504,1,164.07927431379045,-0.13769941684460718
2022-12-20,94973.33088934593,0.016594482836064905,1,164.07927431379045,-0.12338998461790629
2022-12-21,94816.05376356647,-0.0016560135809358112,1,164.07927431379045,-0.12484166270856334
2022-12-22,93670.16776607546,-0.012085358459954287,1,164.07927431379045,-0.13541826492394793
2022-12-23,93951.02100081887,0.002998321039039853,1,164.07927431379045,-0.1328259713176999
2022-12-27,94743.02917982581,0.008430011409881644,1,164.07927431379045,-0.12551568436155502
2022-12-28,94316.13534856163,-0.004505807286928953,1,164.07927431379045,-0.12945594216326384
2022-12-29,94844.14080123292,0.005598251568726287,1,164.07927431379045,-0.12458241752583399
2022-12-30,95287.88514090487,0.0046786689817972515,1,164.5078582763672,-0.12048662843659208
2023-01-03,96085.50729906089,0.008370656531798915,1,165.78142929077148,-0.11312452408811025
2023-01-04,96989.85505777308,0.0094119059589024,1,167.76285879952567,-0.10477733551157076
2023-01-05,95782.18957676063,-0.012451461859522173,1,167.76285879952567,-0.11592416637422831
2023-01-06,97574.03458577726,0.01870749684189077,1,168.50822285243444,-0.0993853205086822
2023-01-09,97793.0997660387,0.0022451175785793698,1,168.95179421561105,-0.09736333466022973
2023-01-10,98152.59156367184,0.0036760446135075675,1,169.627507346017,-0.09404520200865307
2023-01-11,98085.18095908026,-0.000686793935011476,1,169.88963971819197,-0.09466740626930803
2023-01-12,99219.83042731257,0.011568000967502545,1,171.7203587123326,-0.08419451794911981
2023-01-13,100410.64539991725,0.012001783992939385,1,173.93856866019112,-0.07320321837399535
2023-01-17,99753.44985913295,-0.006545078344699529,1,173.93856866019112,-0.07926917591935301
2023-01-18,99466.98264524045,-0.0028717524486323587,1,173.93856866019112,-0.08191328691793787
2023-01-19,101045.37645314472,0.015868520044825196,1,174.91857419695174,-0.06734460950850762
2023-01-20,100708.34914306842,-0.003335405556458948,1,174.91857419695174,-0.07045539348021423
2023-01-23,100899.33585662395,0.0018964337632445538,1,174.91857419695174,-0.06869257370396831
2023-01-24,101264.44163340615,0.003618515163479552,1,175.2853557041713,-0.06532262366005503
2023-01-25,101730.65903159548,0.004603959599926544,1,176.1332130432129,-0.061019406780420615
2023-01-26,100809.46076447553,-0.009055266877154966,1,176.1332130432129,-0.06952212664449309
2023-01-27,100669.03414710383,-0.0013929904624704337,1,176.1332130432129,-0.07081827344761715
2023-01-30,100410.64539991725,-0.002566715270248876,1,176.1332130432129,-0.07320321837399535
2023-01-31,100775.75974766,0.0036362115419990015,1,176.1332130432129,-0.06983318921955928
2023-02-01,102045.21328315441,0.012596814339808304,1,176.78070885794503,-0.058116050599106406
2023-02-02,99927.57749332018,-0.02075193653580043,1,176.78070885794503,-0.07766196654116275
2023-02-03,98106.31407219724,-0.01822583381694287,0,,-0.09447234626202938
2023-02-06,98106.31407219724,0.0,0,,-0.09447234626202938
2023-02-07,98106.31407219724,0.0,0,,-0.09447234626202938
2023-02-08,98106.31407219724,0.0,0,,-0.09447234626202938
2023-02-09,98106.31407219724,0.0,0,,-0.09447234626202938
2023-02-10,98106.31407219724,0.0,0,,-0.09447234626202938
2023-02-13,98106.31407219724,0.0,0,,-0.09447234626202938
2023-02-14,98106.31407219724,0.0,0,,-0.09447234626202938
2023-02-15,98106.31407219724,0.0,0,,-0.09447234626202938
2023-02-16,98106.31407219724,0.0,0,,-0.09447234626202938
2023-02-17,98106.31407219724,0.0,0,,-0.09447234626202938
2023-02-21,98106.31407219724,0.0,0,,-0.09447234626202938
2023-02-22,98106.31407219724,0.0,0,,-0.09447234626202938
2023-02-23,98106.31407219724,0.0,0,,-0.09447234626202938
2023-02-24,98106.31407219724,0.0,0,,-0.09447234626202938
2023-02-27,98106.31407219724,0.0,0,,-0.09447234626202938
2023-02-28,98106.31407219724,0.0,0,,-0.09447234626202938
2023-03-01,98106.31407219724,0.0,0,,-0.09447234626202938
2023-03-02,98106.31407219724,0.0,0,,-0.09447234626202938
2023-03-03,98106.31407219724,0.0,0,,-0.09447234626202938
2023-03-06,98106.31407219724,0.0,0,,-0.09447234626202938
2023-03-07,98106.31407219724,0.0,0,,-0.09447234626202938
2023-03-08,98106.31407219724,0.0,0,,-0.09447234626202938
2023-03-09,98106.31407219724,0.0,0,,-0.09447234626202938
2023-03-10,98106.31407219724,0.0,0,,-0.09447234626202938
2023-03-13,98624.78284748718,0.0052847645963784995,1,173.27070999145508,-0.08968684577651331
2023-03-14,98053.64034443571,-0.005791064746217711,1,173.27070999145508,-0.09495852819195527
2023-03-15,98818.86401152669,0.00780413317040507,1,173.27070999145508,-0.08789546402122594
2023-03-16,99018.48720897999,0.002020092008242713,1,173.4628633771624,-0.08605292893741334
2023-03-17,101901.92681354577,0.02912021467748982,1,177.70571735927038,-0.059438594024207814
2023-03-20,101940.73796968184,0.0003808677357699519,1,177.75071225847518,-0.05908036453116117
2023-03-21,100016.59473512681,-0.018875115806276432,1,177.75071225847518,-0.0768403316150349
2023-03-22,101718.9381774536,0.01702060989813825,1,177.75071225847518,-0.06112759102575971
2023-03-23,102994.3081355653,0.012538176085624908,1,178.55607768467493,-0.049355843440105907
2023-03-24,101835.38010698152,-0.011252350246951037,1,178.55607768467493,-0.060052824449935094
2023-03-27,100892.7182983319,-0.009256722051406041,1,178.55607768467493,-0.0687536541970063
2023-03-28,101718.9381774536,0.008189093257242153,1,178.55607768467493,-0.06112759102575971
2023-03-29,101214.33391984666,-0.004960770006531501,1,178.55607768467493,-0.06578512111215906
2023-03-30,102129.26863918782,0.009039576549164652,1,178.55607768467493,-0.05734021420108382
2023-03-31,101596.94575339215,-0.005212246135594234,1,178.55607768467493,-0.06225358902679434
2023-04-03,102328.89183664114,0.007204410308019105,1,178.55607768467493,-0.055497679117271104
2023-04-04,104236.40050983503,0.018640958960437715,1,181.29071426391602,-0.03789125011565808
2023-04-05,104153.22770302936,-0.0007979247786652488,1,181.29071426391602,-0.038658940526961394
2023-04-06,103410.18909183305,-0.007134091065472581,1,181.29071426391602,-0.045517235190219996
2023-04-10,102644.96542474208,-0.007399886547073353,1,181.29071426391602,-0.05258029936094921
2023-04-11,103293.7387011854,0.006320556237304986,1,181.29071426391602,-0.046592079862729285
2023-04-12,103798.34295879235,0.004885138866613126,1,181.9417882646833,-0.04193454977632993
2023-04-13,105201.24737437931,0.013515672558895409,1,184.39678737095423,-0.028985650861116152
2023-04-14,103338.100351855,-0.017710313033589165,1,184.39678737095423,-0.04618261894447262
2023-04-17,102096.10879484851,-0.012018718679534857,0,,-0.057646281719029746
2023-04-18,102096.10879484851,0.0,0,,-0.057646281719029746
2023-04-19,102096.10879484851,0.0,0,,-0.057646281719029746
2023-04-20,102096.10879484851,0.0,0,,-0.057646281719029746
2023-04-21,102096.10879484851,0.0,0,,-0.057646281719029746
2023-04-24,102096.10879484851,0.0,0,,-0.057646281719029746
2023-04-25,102445.080401314,0.0034180696070083005,1,180.1553568158831,-0.05442525111552221
2023-04-26,101888.04692374902,-0.0054373863086727425,1,180.1553568158831,-0.05956670630893335
2023-04-27,101893.55910709428,5.410039265330013e-05,1,180.1553568158831,-0.05951582849848036
2023-04-28,101921.13685491467,0.0002706525128974846,1,180.1553568158831,-0.059261284094123234
2023-05-01,101463.37317084665,-0.004491351825477108,1,180.1553568158831,-0.06348647264310403
2023-05-02,103421.27544843609,0.019296640909943763,1,181.60393469674247,-0.04541490739839338
2023-05-03,104298.19228651415,0.008479075840785555,1,183.36178588867188,-0.03732090800174104
2023-05-04,105031.71661769204,0.00703295344911492,1,185.04893057686942,-0.030550430761281056
2023-05-05,103388.18551727044,-0.015647950479605544,1,185.04893057686942,-0.04572032961320338
2023-05-08,103515.0330585878,0.0012269055761324754,1,185.04893057686942,-0.044549518564416024
2023-05-09,104248.55738976569,0.007086162362163639,1,185.04893057686942,-0.03777904132395604
2023-05-10,104099.64428397318,-0.001428442843921074,1,185.04893057686942,-0.03915351896664776
2023-05-11,103206.18248031229,-0.008582755587748347,1,185.04893057686942,-0.0474002294707051
2023-05-12,103216.57468793631,0.0001006936539484915,0,,-0.047304308719059884
2023-05-15,103012.46115594517,-0.0019775266967370086,1,181.9100080217634,-0.04918828988243429
2023-05-16,101724.86783794561,-0.0124993937971285,1,181.9100080217634,-0.061072859874114926
2023-05-17,101264.60362471903,-0.004524598783060663,0,,-0.06532112846971116
2023-05-18,101264.60362471903,0.0,0,,-0.06532112846971116
2023-05-19,101264.60362471903,0.0,0,,-0.06532112846971116
2023-05-22,101264.60362471903,0.0,0,,-0.06532112846971116
2023-05-23,101264.60362471903,0.0,0,,-0.06532112846971116
2023-05-24,101264.60362471903,0.0,0,,-0.06532112846971116
2023-05-25,101264.60362471903,0.0,0,,-0.06532112846971116
2023-05-26,101264.60362471903,0.0,0,,-0.06532112846971116
2023-05-30,101264.60362471903,0.0,0,,-0.06532112846971116
2023-05-31,101264.60362471903,0.0,0,,-0.06532112846971116
2023-06-01,101264.60362471903,0.0,0,,-0.06532112846971116
2023-06-02,101264.60362471903,0.0,0,,-0.06532112846971116
2023-06-05,101264.60362471903,0.0,0,,-0.06532112846971116
2023-06-06,101264.60362471903,0.0,0,,-0.06532112846971116
2023-06-07,101264.60362471903,0.0,0,,-0.06532112846971116
2023-06-08,101264.60362471903,0.0,0,,-0.06532112846971116
2023-06-09,101264.60362471903,0.0,0,,-0.06532112846971116
2023-06-12,101264.60362471903,0.0,0,,-0.06532112846971116
2023-06-13,101264.60362471903,0.0,0,,-0.06532112846971116
2023-06-14,101264.60362471903,0.0,0,,-0.06532112846971116
2023-06-15,101264.60362471903,0.0,0,,-0.06532112846971116
2023-06-16,101264.60362471903,0.0,0,,-0.06532112846971116
2023-06-20,101264.60362471903,0.0,0,,-0.06532112846971116
2023-06-21,101264.60362471903,0.0,0,,-0.06532112846971116
2023-06-22,101264.60362471903,0.0,0,,-0.06532112846971116
2023-06-23,101264.60362471903,0.0,0,,-0.06532112846971116
2023-06-26,101264.60362471903,0.0,0,,-0.06532112846971116
2023-06-27,101264.60362471903,0.0,0,,-0.06532112846971116
2023-06-28,101264.60362471903,0.0,0,,-0.06532112846971116
2023-06-29,101264.60362471903,0.0,0,,-0.06532112846971116
2023-06-30,101264.60362471903,0.0,0,,-0.06532112846971116
2023-07-03,101264.60362471903,0.0,0,,-0.06532112846971116
2023-07-05,101264.60362471903,0.0,0,,-0.06532112846971116
2023-07-06,101264.60362471903,0.0,0,,-0.06532112846971116
2023-07-07,101264.60362471903,0.0,0,,-0.06532112846971116
2023-07-10,101264.60362471903,0.0,0,,-0.06532112846971116
2023-07-11,101264.60362471903,0.0,0,,-0.06532112846971116
2023-07-12,101264.60362471903,0.0,0,,-0.06532112846971116
2023-07-13,101264.60362471903,0.0,0,,-0.06532112846971116
2023-07-14,101023.8409908897,-0.0023775596329946858,1,178.0371355329241,-0.0675433832244745
2023-07-17,101096.23030434108,0.0007165567329587841,1,178.1474974496024,-0.06687522515753208
2023-07-18,101628.44479958298,0.005264434624710823,0,,-0.06196285078367603
2023-07-19,101597.92516605035,-0.00030030601759989395,1,180.1164278302874,-0.06224454898431786
2023-07-20,101083.49533417281,-0.005063389149303599,1,180.1164278302874,-0.06699276975969104
2023-07-21,100773.72160476845,-0.0030645332195951003,1,180.1164278302874,-0.06985200141088488
2023-07-24,100342.26160368693,-0.004281473326684271,1,180.1164278302874,-0.07383440525671292
2023-07-25,100900.95326595046,0.005567859975791123,1,180.1164278302874,-0.06867764491078698
2023-07-26,101393.26062310609,0.0048791150253855164,1,180.1164278302874,-0.06413361601459366
2023-07-27,99800.17234805369,-0.0157119740036189,1,180.1164278302874,-0.07883792431063319
2023-07-28,100596.71648557989,0.007981390400291666,1,180.1164278302874,-0.07148577016261348
2023-07-31,100867.76533363205,0.0026944104889448095,1,180.1164278302874,-0.06898397168260506
2023-08-01,99822.3032632467,-0.010364679607279603,1,180.1164278302874,-0.07863365452535676
2023-08-02,99482.80260795166,-0.0034010501080076194,0,,-0.08176726763414788
2023-08-03,99482.80260795166,0.0,0,,-0.08176726763414788
2023-08-04,99482.80260795166,0.0,0,,-0.08176726763414788
2023-08-07,99482.80260795166,0.0,0,,-0.08176726763414788
2023-08-08,99482.80260795166,0.0,0,,-0.08176726763414788
2023-08-09,99482.80260795166,0.0,0,,-0.08176726763414788
2023-08-10,99482.80260795166,0.0,0,,-0.08176726763414788
2023-08-11,99482.80260795166,0.0,0,,-0.08176726763414788
2023-08-14,99482.80260795166,0.0,0,,-0.08176726763414788
2023-08-15,99482.80260795166,0.0,0,,-0.08176726763414788
2023-08-16,99482.80260795166,0.0,0,,-0.08176726763414788
2023-08-17,99482.80260795166,0.0,0,,-0.08176726763414788
2023-08-18,99482.80260795166,0.0,0,,-0.08176726763414788
2023-08-21,99482.80260795166,0.0,0,,-0.08176726763414788
2023-08-22,99482.80260795166,0.0,0,,-0.08176726763414788
2023-08-23,99482.80260795166,0.0,0,,-0.08176726763414788
2023-08-24,99482.80260795166,0.0,0,,-0.08176726763414788
2023-08-25,99482.80260795166,0.0,0,,-0.08176726763414788
2023-08-28,99482.80260795166,0.0,0,,-0.08176726763414788
2023-08-29,99482.80260795166,0.0,0,,-0.08176726763414788
2023-08-30,99482.80260795166,0.0,0,,-0.08176726763414788
2023-08-31,99141.05409681206,-0.003435252145904899,1,177.14678028651647,-0.08492162859844776
2023-09-01,99190.61709865394,0.0004999240959600026,1,177.14678028651647,-0.0844641588708922
2023-09-05,98612.91269456234,-0.005824183990276177,0,,-0.08979640805932043
2023-09-06,98612.91269456234,0.0,0,,-0.08979640805932043
2023-09-07,98612.91269456234,0.0,0,,-0.08979640805932043
2023-09-08,98310.63907121622,-0.0030652539823294855,1,175.2314284188407,-0.09258641324424721
2023-09-11,98492.81949895699,0.001853109993606994,1,175.24571228027344,-0.09090487605829534
2023-09-12,97984.92637786882,-0.005156651253074851,1,175.24571228027344,-0.09559276256833349
2023-09-13,97758.58023215306,-0.0023100098564433624,1,175.24571228027344,-0.09768195220103937
2023-09-14,97808.2635059689,0.0005082241752882855,1,175.24571228027344,-0.09722337235534906
2023-09-15,98454.17133682287,0.006603816566220333,1,175.32748903547014,-0.0912616011061127
2023-09-18,99033.83480258906,0.005887647601878543,1,176.40427671160018,-0.08591126965113016
2023-09-19,98939.98581079824,-0.0009476457412549433,1,176.4771385192871,-0.08677750194357436
2023-09-20,99011.75615547625,0.0007253927124595272,1,176.5303589957101,-0.08611505699863009
2023-09-21,98294.07797994428,-0.007248413758109806,1,176.5303589957101,-0.09273927319281061
2023-09-22,98608.7471378606,0.0032013033173832195,1,176.5303589957101,-0.08983485641835132
2023-09-25,98100.85401677243,-0.005150588926742028,1,176.5303589957101,-0.09452274292838947
2023-09-26,97308.9623290035,-0.008072220121891571,0,,-0.10183195466283812
2023-09-27,97308.9623290035,0.0,0,,-0.10183195466283812
2023-09-28,97308.9623290035,0.0,0,,-0.10183195466283812
2023-09-29,97308.9623290035,0.0,0,,-0.10183195466283812
2023-10-02,97308.9623290035,0.0,0,,-0.10183195466283812
2023-10-03,97308.9623290035,0.0,0,,-0.10183195466283812
2023-10-04,97308.9623290035,0.0,0,,-0.10183195466283812
2023-10-05,97308.9623290035,0.0,0,,-0.10183195466283812
2023-10-06,97308.9623290035,0.0,0,,-0.10183195466283812
2023-10-09,97308.9623290035,0.0,0,,-0.10183195466283812
2023-10-10,97308.9623290035,0.0,0,,-0.10183195466283812
2023-10-11,97308.9623290035,0.0,0,,-0.10183195466283812
2023-10-12,97308.9623290035,0.0,0,,-0.10183195466283812
2023-10-13,97308.9623290035,0.0,0,,-0.10183195466283812
2023-10-16,97228.78539806939,-0.000823941896153646,1,173.0100037711007,-0.10257199294517783
2023-10-17,97306.60416068237,0.0008003675279328881,0,,-0.10185372070967358
2023-10-18,97306.60416068237,0.0,0,,-0.10185372070967358
2023-10-19,98261.06211944342,0.009808768551669456,1,178.07749230521065,-0.09304401173057164
2023-10-20,98529.40300120876,0.0027308974274993236,1,178.5435632978167,-0.09056720795535156
2023-10-23,98196.66292833617,-0.0033770637265355674,1,178.5435632978167,-0.09363842044908754
2023-10-24,98185.92700011368,-0.0001093308866343401,1,178.5435632978167,-0.09373751376419115
2023-10-25,98599.17425098417,0.004208823642007475,1,178.5435632978167,-0.08992321478625742
2023-10-26,98754.80835919798,0.0015784524505007003,1,178.665344783238,-0.08848670185449303
2023-10-27,99903.30700558907,0.011629799758343884,1,180.85355922154017,-0.0778859847199933
2023-10-30,99339.79770517292,-0.00564054701797434,1,180.85355922154017,-0.08308721217911319
2023-10-31,98797.7438829741,-0.005456562573315948,1,180.85355922154017,-0.08809040418013148
2023-11-01,98486.46747743264,-0.003150642851826313,1,180.85355922154017,-0.09096350562971312
2023-11-02,98813.84368075091,0.0033240729584831374,1,180.85355922154017,-0.0879418020005025
2023-11-03,99173.4194796228,0.003638921283475316,1,180.85355922154017,-0.08462289401203404
2023-11-06,98400.60461899424,-0.007792560392528847,1,180.85355922154017,-0.09175602539238348
2023-11-07,97992.72123767808,-0.004145130844424028,1,180.85355922154017,-0.09552081550579172
2023-11-08,96915.21589315929,-0.010995769184788173,0,,-0.1054662598509355
2023-11-09,96915.21589315929,0.0,0,,-0.1054662598509355
2023-11-10,96915.21589315929,0.0,0,,-0.1054662598509355
2023-11-13,96915.21589315929,0.0,0,,-0.1054662598509355
2023-11-14,96915.21589315929,0.0,0,,-0.1054662598509355
2023-11-15,96915.21589315929,0.0,0,,-0.1054662598509355
2023-11-16,96915.21589315929,0.0,0,,-0.1054662598509355
2023-11-17,96915.21589315929,0.0,0,,-0.1054662598509355
2023-11-20,96915.21589315929,0.0,0,,-0.1054662598509355
2023-11-21,96915.21589315929,0.0,0,,-0.1054662598509355
2023-11-22,96915.21589315929,0.0,0,,-0.1054662598509355
2023-11-24,96915.21589315929,0.0,0,,-0.1054662598509355
2023-11-27,96915.21589315929,0.0,0,,-0.1054662598509355
2023-11-28,96915.21589315929,0.0,0,,-0.1054662598509355
2023-11-29,96915.21589315929,0.0,0,,-0.1054662598509355
2023-11-30,96915.21589315929,0.0,0,,-0.1054662598509355
2023-12-01,96915.21589315929,0.0,0,,-0.1054662598509355
2023-12-04,96915.21589315929,0.0,0,,-0.1054662598509355
2023-12-05,96915.21589315929,0.0,0,,-0.1054662598509355
2023-12-06,96915.21589315929,0.0,0,,-0.1054662598509355
2023-12-07,96915.21589315929,0.0,0,,-0.1054662598509355
2023-12-08,96915.21589315929,0.0,0,,-0.1054662598509355
2023-12-11,96915.21589315929,0.0,0,,-0.1054662598509355
2023-12-12,96915.21589315929,0.0,0,,-0.1054662598509355
2023-12-13,96915.21589315929,0.0,0,,-0.1054662598509355
2023-12-14,96915.21589315929,0.0,0,,-0.1054662598509355
2023-12-15,96915.21589315929,0.0,0,,-0.1054662598509355
2023-12-18,96915.21589315929,0.0,0,,-0.1054662598509355
2023-12-19,96915.21589315929,0.0,0,,-0.1054662598509355
2023-12-20,96915.21589315929,0.0,0,,-0.1054662598509355
2023-12-21,96915.21589315929,0.0,0,,-0.1054662598509355
2023-12-22,96915.21589315929,0.0,0,,-0.1054662598509355
2023-12-26,96915.21589315929,0.0,0,,-0.1054662598509355
2023-12-27,96915.21589315929,0.0,0,,-0.1054662598509355
2023-12-28,96915.21589315929,0.0,0,,-0.1054662598509355
2023-12-29,96915.21589315929,0.0,0,,-0.1054662598509355
2024-01-02,96915.21589315929,0.0,0,,-0.1054662598509355
2024-01-03,96915.21589315929,0.0,0,,-0.1054662598509355
2024-01-04,96892.8942372291,-0.0002303214797022557,1,185.1825076511928,-0.1056722901856102
2024-01-05,96908.24744046811,0.00015845540955172766,1,185.214293888637,-0.1055305791220782
2024-01-08,96150.7863036605,-0.007816271130823282,1,185.214293888637,-0.11252199463389057
2024-01-09,96420.49040222031,0.0028050118873499397,0,,-0.11003260827907702
2024-01-10,95948.57214054816,-0.004894377322740562,1,184.065000806536,-0.11438844449909447
2024-01-11,96137.9081575781,0.0019733072916665595,1,184.065000806536,-0.11264086075904034
2024-01-12,97079.48941316993,0.009794068475553752,1,185.27786254882812,-0.10395000458690584
2024-01-16,96158.3815589577,-0.009488181898979708,1,185.27786254882812,-0.11245188993396515
2024-01-17,95707.56599027486,-0.0046882607774177965,0,,-0.11661294692645907
2024-01-18,95707.56599027486,0.0,0,,-0.11661294692645907
2024-01-19,95707.56599027486,0.0,0,,-0.11661294692645907
2024-01-22,95707.56599027486,0.0,0,,-0.11661294692645907
2024-01-23,95707.56599027486,0.0,0,,-0.11661294692645907
2024-01-24,95707.56599027486,0.0,0,,-0.11661294692645907
2024-01-25,95707.56599027486,0.0,0,,-0.11661294692645907
2024-01-26,95707.56599027486,0.0,0,,-0.11661294692645907
2024-01-29,95707.56599027486,0.0,0,,-0.11661294692645907
2024-01-30,95707.56599027486,0.0,0,,-0.11661294692645907
2024-01-31,95707.56599027486,0.0,0,,-0.11661294692645907
2024-02-01,95707.56599027486,0.0,0,,-0.11661294692645907
2024-02-02,95838.6070431502,0.001369181751928128,1,184.2849976675851,-0.11540342949350124
2024-02-05,94817.10309785172,-0.010658585061013692,0,,-0.12483197728492568
2024-02-06,94817.10309785172,0.0,0,,-0.12483197728492568
2024-02-07,94700.21141479959,-0.001232812216710566,1,184.51249967302596,-0.1259108951150032
2024-02-08,94614.80630849057,-0.0009018470501077624,1,184.51249967302596,-0.1266991897957751
2024-02-09,94248.06493061339,-0.003876152075832917,1,184.51249967302596,-0.13008423654407475
2024-02-12,93605.05802633322,-0.006822494496343756,0,,-0.13601923205253552
2024-02-13,93605.05802633322,0.0,0,,-0.13601923205253552
2024-02-14,93605.05802633322,0.0,0,,-0.13601923205253552
2024-02-15,93605.05802633322,0.0,0,,-0.13601923205253552
2024-02-16,93605.05802633322,0.0,0,,-0.13601923205253552
2024-02-20,93605.05802633322,0.0,0,,-0.13601923205253552
2024-02-21,93265.86776621395,-0.00362363174887248,1,183.55142974853516,-0.13914998019368519
2024-02-22,93165.70786047723,-0.0010739181239142193,0,,-0.14007446263192713
2024-02-23,93551.90710667492,0.004145293961336671,1,185.10392597743444,-0.13650981849467614
2024-02-26,93343.59605427703,-0.0022266895335479875,1,185.10392597743444,-0.13843254304415542
2024-02-27,93244.4013961924,-0.0010626830578387425,1,185.10392597743444,-0.13934811618384768
2024-02-28,93272.91352213538,0.00030577842225421037,0,,-0.13908494740870414
2024-02-29,93272.91352213538,0.0,0,,-0.13908494740870414
2024-03-01,94415.64687374352,0.012251502697371519,1,189.03107343401228,-0.12853744431967418
2024-03-04,95942.8196570101,0.016174996770490502,1,191.7582119532994,-0.11444154029594145
2024-03-05,96520.40902302772,0.006020141664404566,1,193.05429022652763,-0.10911035291641102
2024-03-06,97313.3629729761,0.008215401882095241,1,194.49392918178015,-0.1017913364330214
2024-03-07,97866.47688411108,0.005683843351386164,1,195.6775060381208,-0.09668605909244887
2024-03-08,98693.69796466721,0.008452547868211147,1,197.0942944117955,-0.08905075476690527
2024-03-11,98874.80288685043,0.00183502012710135,1,197.59643336704798,-0.0873791445671348
2024-03-12,97793.05051946314,-0.01094062729637213,1,197.59643336704798,-0.0973637892093221
2024-03-13,98478.32591187625,0.007007403785576072,1,197.59643336704798,-0.0910386528088295
2024-03-14,98067.1651577445,-0.004175139558116325,1,197.59643336704798,-0.0948336932862861
2024-03-15,97753.89875428315,-0.00319440663913817,1,197.59643336704798,-0.09772516254597652
2024-03-18,97910.52822158372,0.0016022835845583838,1,197.59643336704798,-0.09627946238516383
2024-03-19,97797.95009175579,-0.0011498061737871268,1,197.59643336704798,-0.09731856583869158
2024-03-20,98962.90556179572,0.011911859798154678,1,197.59643336704798,-0.08656595115256482
2024-03-21,98860.1191076929,-0.0010386361790746257,1,197.59643336704798,-0.08751467680289637
2024-03-22,98067.1651577445,-0.00802096899240623,1,197.59643336704798,-0.0948336932862861
2024-03-25,98380.43156120586,0.0031944066391380588,1,197.59643336704798,-0.09194222402659569
2024-03-26,98698.59006809966,0.003233961285236564,1,197.59643336704798,-0.08900560033433969
2024-03-27,99413.23301882786,0.007240660177973313,1,198.11429486955916,-0.08240939946232384
2024-03-28,100695.66619098838,0.012900024807739996,1,200.80750492640905,-0.0705724579520387
2024-04-01,101723.57554517794,0.010208079384865787,1,202.53965432303292,-0.06108478782033244
2024-04-02,103226.27287356187,0.014772360490971304,1,205.54357583182198,-0.04721479383555749
2024-04-03,104131.81242219839,0.008772374739768773,1,207.31144060407365,-0.03885660496057508
2024-04-04,103534.64717359078,-0.005734705223283898,1,207.31144060407365,-0.04436847900843255
2024-04-05,105306.55956796343,0.017114197447370305,1,209.0435791015625,-0.028013612471252114
2024-04-08,105962.45993320123,0.00622848536623688,1,210.1050044468471,-0.02195960948034803
2024-04-09,106544.9414026513,0.005497054993034878,1,211.05929129464286,-0.016583267668252133
2024-04-10,105536.61539991194,-0.009463856185613961,1,211.05929129464286,-0.025890182193566202
2024-04-11,107587.5345359984,0.019433247203493043,1,213.10536738804407,-0.00696006530078408
2024-04-12,106163.14820683465,-0.013239324939518515,1,213.10536738804407,-0.02010724367418526
2024-04-15,108150.43265399827,0.01871915519396472,1,213.10536738804407,-0.0017644790950804845
2024-04-16,108282.5941352764,0.0012220152803359419,1,213.10536738804407,-0.0005446200351605368
2024-04-17,107484.74061303538,-0.007368252752093074,1,213.10536738804407,-0.007908859889180664
2024-04-18,107851.85002969447,0.0034154561341943612,1,213.10536738804407,-0.0045204161190092185
2024-04-19,108189.59188803847,0.003131535140574959,1,213.10536738804407,-0.0014030368203610255
2024-04-22,105517.03951732194,-0.024702490545322142,1,213.10536738804407,-0.02607086886189336
2024-04-23,105257.60865819814,-0.002458663172417941,1,213.10536738804407,-0.02846543254916767
2024-04-24,105061.81995685736,-0.0018600907225296837,1,213.10536738804407,-0.030272574984699818
2024-04-25,105688.35276378007,0.005963468053189924,1,213.10536738804407,-0.024489636465318987
2024-04-26,106030.98672555653,0.0032419273535493343,1,213.10536738804407,-0.021327102734105097
2024-04-29,105815.61467276556,-0.002031218037689575,1,213.10536738804407,-0.02331500077602955
2024-04-30,104154.18350411272,-0.01570119092338884,0,,-0.03865011842085497
2024-05-01,104154.18350411272,0.0,0,,-0.03865011842085497
2024-05-02,104154.18350411272,0.0,0,,-0.03865011842085497
2024-05-03,104154.18350411272,0.0,0,,-0.03865011842085497
2024-05-06,104154.18350411272,0.0,0,,-0.03865011842085497
2024-05-07,104154.18350411272,0.0,0,,-0.03865011842085497
2024-05-08,104154.18350411272,0.0,0,,-0.03865011842085497
2024-05-09,104154.18350411272,0.0,0,,-0.03865011842085497
2024-05-10,104154.18350411272,0.0,0,,-0.03865011842085497
2024-05-13,103614.8872876481,-0.005177864184815251,1,210.8778555733817,-0.04362785754176002
2024-05-14,103961.78973567313,0.003347998121756124,0,,-0.04042592540510992
2024-05-15,103961.78973567313,0.0,0,,-0.04042592540510992
2024-05-16,103754.21029469339,-0.001996689759838799,1,213.6221422467913,-0.04234189713366032
2024-05-17,104610.87872803815,0.00825671007385198,0,,-0.03443479182841769
2024-05-20,104813.5976763695,0.0019378381177579396,1,218.03321129935128,-0.03256368276284183
2024-05-21,104659.56900016413,-0.001469548604570936,1,218.08178002493722,-0.03398537745284902
2024-05-22,102736.55726460861,-0.01837396956557802,1,218.08178002493722,-0.0517349007274337
2024-05-23,101637.19850503143,-0.010700755299261844,0,,-0.06188205351357967
2024-05-24,101637.19850503143,0.0,0,,-0.06188205351357967
2024-05-28,101637.19850503143,0.0,0,,-0.06188205351357967
2024-05-29,101129.411297517,-0.004996076387222437,1,210.05570656912667,-0.0665689624344501
2024-05-30,101321.22952603517,0.0018967600627461945,1,210.05570656912667,-0.06479846772106801
2024-05-31,100727.06417516818,-0.00586417430627717,1,210.05570656912667,-0.07028265251784915
2024-06-03,101625.32602392936,0.008917780500373507,1,210.53070885794503,-0.061991637285613854
2024-06-04,100713.02939149618,-0.008977059834655465,1,210.53070885794503,-0.07041219448310809
2024-06-05,101906.03597487061,0.011845603201318777,1,211.10036087036133,-0.05940066619817019
2024-06-06,102659.2598277701,0.007391356612921562,1,212.590703691755,-0.05244836109216433
2024-06-07,99310.34228774617,-0.03262168016448164,0,,-0.08335908759594612
2024-06-10,99310.34228774617,0.0,0,,-0.08335908759594612
2024-06-11,99310.34228774617,0.0,0,,-0.08335908759594612
2024-06-12,99310.34228774617,0.0,0,,-0.08335908759594612
2024-06-13,99310.34228774617,0.0,0,,-0.08335908759594612
2024-06-14,99310.34228774617,0.0,0,,-0.08335908759594612
2024-06-17,99310.34228774617,0.0,0,,-0.08335908759594612
2024-06-18,99310.34228774617,0.0,0,,-0.08335908759594612
2024-06-20,99310.34228774617,0.0,0,,-0.08335908759594612
2024-06-21,99310.34228774617,0.0,0,,-0.08335908759594612
2024-06-24,99310.34228774617,0.0,0,,-0.08335908759594612
2024-06-25,99310.34228774617,0.0,0,,-0.08335908759594612
2024-06-26,99310.34228774617,0.0,0,,-0.08335908759594612
2024-06-27,99310.34228774617,0.0,0,,-0.08335908759594612
2024-06-28,99310.34228774617,0.0,0,,-0.08335908759594612
2024-07-01,99310.34228774617,0.0,0,,-0.08335908759594612
2024-07-02,99267.51519983656,-0.00043124499345215117,1,209.97963496616907,-0.08375438440021377
2024-07-03,99937.0914451012,0.006745169796148476,0,,-0.07757415214801666
2024-07-05,100400.90923315262,0.0046410975279003175,1,215.1049908229283,-0.0732930838258794
2024-07-08,99155.72967428248,-0.01240207452682085,1,215.1049908229283,-0.08478617206479122
2024-07-09,99179.4290121783,0.0002390112802725941,0,,-0.08456742563605324
2024-07-10,98679.9970343639,-0.005035640785480577,1,214.2542839050293,-0.08917721524387778
2024-07-11,100429.92923333413,0.017733403441032136,1,217.02857208251953,-0.07302522733851313
2024-07-12,100366.94993302012,-0.0006270969301161999,1,217.27071816580636,-0.07360653037274423
2024-07-15,100690.84543870043,0.0032271131671974818,1,217.73893574305944,-0.07061695380890431
2024-07-16,102697.19090886737,0.019925798233448866,1,221.67214475359236,-0.052098254748912276
2024-07-17,102220.34665445717,-0.004643206403117217,1,221.67214475359236,-0.056499558201988154
2024-07-18,101568.05957315589,-0.006381186355259194,1,221.67214475359236,-0.06252021034737054
2024-07-19,99502.2060260777,-0.02033959845014288,0,,-0.08158817282402941
2024-07-22,99502.2060260777,0.0,0,,-0.08158817282402941
2024-07-23,99502.2060260777,0.0,0,,-0.08158817282402941
2024-07-24,99502.2060260777,0.0,0,,-0.08158817282402941
2024-07-25,99502.2060260777,0.0,0,,-0.08158817282402941
2024-07-26,99502.2060260777,0.0,0,,-0.08158817282402941
2024-07-29,99502.2060260777,0.0,0,,-0.08158817282402941
2024-07-30,99502.2060260777,0.0,0,,-0.08158817282402941
2024-07-31,99502.2060260777,0.0,0,,-0.08158817282402941
2024-08-01,99502.2060260777,0.0,0,,-0.08158817282402941
2024-08-02,99502.2060260777,0.0,0,,-0.08158817282402941
2024-08-05,99502.2060260777,0.0,0,,-0.08158817282402941
2024-08-06,99502.2060260777,0.0,0,,-0.08158817282402941
2024-08-07,99502.2060260777,0.0,0,,-0.08158817282402941
2024-08-08,99502.2060260777,0.0,0,,-0.08158817282402941
2024-08-09,99502.2060260777,0.0,0,,-0.08158817282402941
2024-08-12,99502.2060260777,0.0,0,,-0.08158817282402941
2024-08-13,99502.2060260777,0.0,0,,-0.08158817282402941
2024-08-14,99502.2060260777,0.0,0,,-0.08158817282402941
2024-08-15,99502.2060260777,0.0,0,,-0.08158817282402941
2024-08-16,100217.15446846547,0.007185252176221901,1,223.9292994907924,-0.07498915224414537
2024-08-19,100052.9964998554,-0.0016380226467287429,1,223.9292994907924,-0.07650434096123915
2024-08-20,100420.18987438927,0.0036699887797402297,1,224.676086970738,-0.07311512225442807
2024-08-21,100286.26771536862,-0.0013336178629831386,1,224.676086970738,-0.07435123248431852
2024-08-22,99085.33853527448,-0.011975011209935604,1,224.676086970738,-0.08543588685178194
2024-08-23,100230.11361423672,0.011553425520716143,1,224.92715508597237,-0.07486953848660416
2024-08-26,100549.78133210183,0.0031893380775307456,1,225.8260737827846,-0.07191898467901592
2024-08-27,100821.93657655941,0.002706671669018279,1,226.466792515346,-0.069406974088293
2024-08-28,100113.47471066481,-0.007026862307456527,1,226.466792515346,-0.07594612314565385
2024-08-29,100631.86031640685,0.005177980359189371,1,226.466792515346,-0.07116139032046909
2024-08-30,99914.75682278788,-0.0071260085162317965,1,226.466792515346,-0.07778030216325038
2024-09-03,99482.76771939774,-0.0043235765879541255,1,226.466792515346,-0.08176758965776754
2024-09-04,99543.24593020714,0.000607926500195255,1,226.466792515346,-0.08120937184218235
2024-09-05,100372.67080935113,0.008332306942507417,1,226.466792515346,-0.07355372631247215
2024-09-06,99629.64902418964,-0.007402630408956501,1,226.466792515346,-0.08041186567033587
2024-09-09,100048.67898180852,0.004205876079289794,1,226.466792515346,-0.07654419193336004
2024-09-10,100489.30312129244,0.004404097525006145,1,226.75571278163366,-0.07247720249460121
2024-09-11,100329.46926235988,-0.001590555949419148,1,226.75571278163366,-0.07395247939839533
2024-09-12,102091.98559518732,0.017567284525531468,1,230.519291469029,-0.05768433911982396
2024-09-13,103107.15603317578,0.009943683944142245,1,232.99606922694616,-0.04831425001241596
2024-09-16,103098.52099708201,-8.374817448153493e-05,1,233.02072307041712,-0.04839395195665763
2024-09-17,102528.29221662434,-0.0055309113549147915,1,233.02072307041712,-0.05365720065318602
2024-09-18,101737.75136642471,-0.007710465405288858,1,233.02072307041712,-0.060953944069093824
2024-09-19,103318.83306682397,0.01554075728197235,1,233.02072307041712,-0.04636045723727822
2024-09-20,104632.08363244313,0.012710660066880486,1,235.55465153285436,-0.034239069182885995
2024-09-23,104835.11244673634,0.0019404068737312041,1,236.29606410435267,-0.03236510003434745
2024-09-24,106299.5618351943,0.01396907347432852,1,239.35928998674666,-0.018848137020402667
2024-09-25,106152.68053040239,-0.001381767735031958,1,239.35928998674666,-0.020203861007834445
2024-09-26,106692.66690964006,0.005086884066794806,1,240.5799936567034,-0.015219751639688028
2024-09-27,105845.97195830852,-0.007935830791900744,1,240.5799936567034,-0.02303480105788147
2024-09-30,104999.27041534639,-0.007999374253898295,1,240.5799936567034,-0.030849911317253675
2024-10-01,106100.84394731736,0.010491249392624136,1,240.5799936567034,-0.020682316037999193
2024-10-02,106122.44472081299,0.00020358719772617384,1,240.5799936567034,-0.020482939495037655
2024-10-03,106049.00736423234,-0.0006920058878575608,1,240.5799936567034,-0.021160771068164053
2024-10-04,105837.33033058415,-0.001996030315693287,1,240.5799936567034,-0.023114563843301794
2024-10-07,105478.77858377466,-0.0033877625757334773,1,240.5799936567034,-0.026424019764692552
2024-10-08,104701.19687934629,-0.007371925565205495,1,240.5799936567034,-0.03360114942305914
2024-10-09,104130.97469051923,-0.005446185963701611,1,240.5799936567034,-0.03886433727840877
2024-10-10,104895.59724917634,0.007342892553628744,1,240.5799936567034,-0.031806821377583394
2024-10-11,106040.36573650797,0.010913408354139786,1,240.5799936567034,-0.021240533853584487
2024-10-14,105867.57273180416,-0.00162950215706692,1,240.5799936567034,-0.022835424514919822
2024-10-15,106234.75951470742,0.003468359323146597,1,240.5799936567034,-0.019446266649287502
2024-10-16,106766.10426622072,0.005001609209081437,1,241.16963849748885,-0.01454192006656152
2024-10-17,107405.45288521216,0.00598831083503093,1,242.80679048810686,-0.008640690769027404
2024-10-18,108545.9038544969,0.010618185005034864,1,245.40750667027064,0.0
2024-10-21,108524.30308100127,-0.00019900127714245208,1,245.62714549473353,-0.00019900127714245208
2024-10-22,109694.98985987541,0.01078732362833379,1,248.2228513445173,0.0
2024-10-23,108373.10425816248,-0.012050555849465017,1,248.2228513445173,-0.012050555849465017
2024-10-24,109206.84665535337,0.007693259346016168,1,248.2228513445173,-0.004450004554862552
2024-10-25,109431.4828347728,0.0020569789010425055,1,248.2228513445173,-0.002402179219298972
2024-10-28,109435.80035281969,3.945407605776552e-05,1,248.2228513445173,-0.0023628199190027788
2024-10-29,110628.08790518946,0.010894858433217136,1,250.33284977504186,0.0
2024-10-30,111237.1941229609,0.005505891218995362,1,251.77321297781808,0.0
2024-10-31,109513.55522744723,-0.015495166963743867,1,251.77321297781808,-0.015495166963743867
2024-11-01,109064.28946023894,-0.004102375877353404,1,251.77321297781808,-0.01953397584192962
2024-11-04,109219.80580112462,0.0014259144001700363,1,251.77321297781808,-0.0181359152192051
2024-11-05,109466.03616240909,0.002254447895035039,1,251.77321297781808,-0.015922353800060574
2024-11-06,105954.63238844898,-0.03207756393727834,0,,-0.04748916741528553
2024-11-07,105954.63238844898,0.0,0,,-0.04748916741528553
2024-11-08,105954.63238844898,0.0,0,,-0.04748916741528553
2024-11-11,105954.63238844898,0.0,0,,-0.04748916741528553
2024-11-12,105954.63238844898,0.0,0,,-0.04748916741528553
2024-11-13,105954.63238844898,0.0,0,,-0.04748916741528553
2024-11-14,105954.63238844898,0.0,0,,-0.04748916741528553
2024-11-15,105954.63238844898,0.0,0,,-0.04748916741528553
2024-11-18,105954.63238844898,0.0,0,,-0.04748916741528553
2024-11-19,105954.63238844898,0.0,0,,-0.04748916741528553
2024-11-20,105954.63238844898,0.0,0,,-0.04748916741528553
2024-11-21,105954.63238844898,0.0,0,,-0.04748916741528553
2024-11-22,105954.63238844898,0.0,0,,-0.04748916741528553
2024-11-25,105954.63238844898,0.0,0,,-0.04748916741528553
2024-11-26,105954.63238844898,0.0,0,,-0.04748916741528553
2024-11-27,105954.63238844898,0.0,0,,-0.04748916741528553
2024-11-29,105954.63238844898,0.0,0,,-0.04748916741528553
2024-12-02,105954.63238844898,0.0,0,,-0.04748916741528553
2024-12-03,105954.63238844898,0.0,0,,-0.04748916741528553
2024-12-04,105954.63238844898,0.0,0,,-0.04748916741528553
2024-12-05,105954.63238844898,0.0,0,,-0.04748916741528553
2024-12-06,105954.63238844898,0.0,0,,-0.04748916741528553
2024-12-09,105954.63238844898,0.0,0,,-0.04748916741528553
2024-12-10,105954.63238844898,0.0,0,,-0.04748916741528553
2024-12-11,106479.04063175,0.004949365888774482,1,243.75465393066406,-0.04277484279180266
2024-12-12,104917.66151194055,-0.014663722649505884,1,243.75465393066406,-0.05681132701023339
2024-12-13,103649.04138172686,-0.012091578404740844,1,243.75465393066406,-0.06821596680015263
2024-12-16,103899.37556683744,0.002415209844427002,1,243.75465393066406,-0.0659655128302884
2024-12-17,103266.77105591274,-0.006088626687825838,0,,-0.07165250013621971
2024-12-18,103266.77105591274,0.0,0,,-0.07165250013621971
2024-12-19,103266.77105591274,0.0,0,,-0.07165250013621971
2024-12-20,103266.77105591274,0.0,0,,-0.07165250013621971
2024-12-23,103266.77105591274,0.0,0,,-0.07165250013621971
2024-12-24,103266.77105591274,0.0,0,,-0.07165250013621971
2024-12-26,103266.77105591274,0.0,0,,-0.07165250013621971
2024-12-27,103197.60085416431,-0.0006698205147809277,1,234.87141745431083,-0.07227432633647402
2024-12-30,102906.21422646125,-0.002823579475600746,0,,-0.07489383350761825
2024-12-31,102906.21422646125,0.0,0,,-0.07489383350761825
2025-01-02,102906.21422646125,0.0,0,,-0.07489383350761825
2025-01-03,102302.5280423266,-0.005866372489480076,1,238.60642405918665,-0.08032085087257756
2025-01-06,101662.42881292208,-0.006256924844903922,0,,-0.08607521419009301
2025-01-07,101113.24911312781,-0.005401992714583526,1,240.15571975708008,-0.09101222922471541
2025-01-08,101650.73493964251,0.005315681488123891,1,240.2064312526158,-0.08618033975867434
2025-01-10,102622.34417637068,0.009558310004399662,1,242.9028663635254,-0.07744576815797255
2025-01-13,101696.41522897461,-0.009022683654592134,0,,-0.08576968314608835
2025-01-14,101696.41522897461,0.0,0,,-0.08576968314608835
2025-01-15,101696.41522897461,0.0,0,,-0.08576968314608835
2025-01-16,101560.31328728731,-0.001338316020096264,1,245.19214630126953,-0.08699321222519174
2025-01-17,101021.30530905613,-0.005307269747253263,1,245.19214630126953,-0.09183878552898583
2025-01-21,102585.64234707874,0.015485219016293739,1,247.1764395577567,-0.07777571022079877
2025-01-22,103112.48657815598,0.005135652699768345,1,248.5246423993792,-0.07303948655720238
2025-01-23,102966.59581920516,-0.0014148699521491226,1,248.5246423993792,-0.07435101513450137
2025-01-24,103606.91476318284,0.006218705580030903,1,249.84643064226424,-0.06859467662716834
2025-01-27,102528.90499062852,-0.0104048052682425,1,249.84643064226424,-0.07828576764266715
2025-01-28,103416.43802711964,0.008656417783572845,1,249.84643064226424,-0.07030702417031698
2025-01-29,103019.27653196805,-0.0038404097330004827,1,249.84643064226424,-0.07387742612339543
2025-01-30,104579.55692630332,0.01514551884715587,1,251.59642464773995,-0.05985081922597091
2025-01-31,104786.24786929977,0.0019763991077348386,1,252.29393223353796,-0.05799270922395161
2025-02-03,105345.52051424349,0.005337271410283728,1,253.71500778198242,-0.05296496064261369
2025-02-04,106383.00713728082,0.00984841707528572,1,256.0821451459612,-0.043638164590112605
2025-02-05,107043.59693187909,0.006209542410714253,1,257.4264373779297,-0.037699595213146364
2025-02-06,106759.90396571989,-0.0026502562908058414,1,257.4264373779297,-0.04024993791457776
2025-02-07,106950.3807017831,0.0017841598670262915,1,257.4264373779297,-0.03853759037142901
2025-02-10,108761.93183231915,0.016938239196991,1,261.2682086399623,-0.02225211009822492
2025-02-11,108364.77652107562,-0.0036516022155237415,1,261.2682086399623,-0.025822456459213883
2025-02-12,108478.25123397607,0.0010471549570203464,1,261.2682086399623,-0.02480234161547712
2025-02-13,109548.15390306377,0.009862831092105617,1,263.17427934919084,-0.015184131829413805
2025-02-14,107918.97858903235,-0.014871773334245497,1,263.17427934919084,-0.02983009019681493
2025-02-18,109706.21459307661,0.0165609054812339,1,263.17427934919084,-0.013763198019827283
2025-02-19,109767.00240930612,0.000554096378723612,1,263.17427934919084,-0.013216727779286064
2025-02-20,109823.73358184828,0.0005168326664384271,1,263.60784803118025,-0.01270672594950728
2025-02-21,109722.41643219373,-0.0009225433005247696,1,263.60784803118025,-0.013617546745135822
2025-02-24,110318.16176687516,0.005429568123388684,1,265.00999559674943,-0.008261916019473126
2025-02-25,108863.24898197371,-0.013188334192659745,1,265.00999559674943,-0.021341289302596378
2025-02-26,109029.41059154511,0.0015263333689305991,1,265.00999559674943,-0.019847529855664292
2025-02-27,107239.12919101038,-0.01642016948290792,0,,-0.03594179953452514
2025-02-28,107239.12919101038,0.0,0,,-0.03594179953452514
2025-03-03,107239.12919101038,0.0,0,,-0.03594179953452514
2025-03-04,107239.12919101038,0.0,0,,-0.03594179953452514
2025-03-05,107239.12919101038,0.0,0,,-0.03594179953452514
2025-03-06,107239.12919101038,0.0,0,,-0.03594179953452514
2025-03-07,107239.12919101038,0.0,0,,-0.03594179953452514
2025-03-10,107239.12919101038,0.0,0,,-0.03594179953452514
2025-03-11,107239.12919101038,0.0,0,,-0.03594179953452514
2025-03-12,107239.12919101038,0.0,0,,-0.03594179953452514
2025-03-13,107239.12919101038,0.0,0,,-0.03594179953452514
2025-03-14,107239.12919101038,0.0,0,,-0.03594179953452514
2025-03-17,107239.12919101038,0.0,0,,-0.03594179953452514
2025-03-18,107239.12919101038,0.0,0,,-0.03594179953452514
2025-03-19,107239.12919101038,0.0,0,,-0.03594179953452514
2025-03-20,107239.12919101038,0.0,0,,-0.03594179953452514
2025-03-21,107239.12919101038,0.0,0,,-0.03594179953452514
2025-03-24,107239.12919101038,0.0,0,,-0.03594179953452514
2025-03-25,107239.12919101038,0.0,0,,-0.03594179953452514
2025-03-26,107239.12919101038,0.0,0,,-0.03594179953452514
2025-03-27,107239.12919101038,0.0,0,,-0.03594179953452514
2025-03-28,107239.12919101038,0.0,0,,-0.03594179953452514
2025-03-31,107239.12919101038,0.0,0,,-0.03594179953452514
2025-04-01,107239.12919101038,0.0,0,,-0.03594179953452514
2025-04-02,107239.12919101038,0.0,0,,-0.03594179953452514
2025-04-03,107239.12919101038,0.0,0,,-0.03594179953452514
2025-04-04,107239.12919101038,0.0,0,,-0.03594179953452514
2025-04-07,107239.12919101038,0.0,0,,-0.03594179953452514
2025-04-08,107239.12919101038,0.0,0,,-0.03594179953452514
2025-04-09,107239.12919101038,0.0,0,,-0.03594179953452514
2025-04-10,107239.12919101038,0.0,0,,-0.03594179953452514
2025-04-11,107239.12919101038,0.0,0,,-0.03594179953452514
2025-04-14,107239.12919101038,0.0,0,,-0.03594179953452514
2025-04-15,107239.12919101038,0.0,0,,-0.03594179953452514
2025-04-16,107239.12919101038,0.0,0,,-0.03594179953452514
2025-04-17,107239.12919101038,0.0,0,,-0.03594179953452514
2025-04-21,107239.12919101038,0.0,0,,-0.03594179953452514
2025-04-22,107239.12919101038,0.0,0,,-0.03594179953452514
2025-04-23,107239.12919101038,0.0,0,,-0.03594179953452514
2025-04-24,107239.12919101038,0.0,0,,-0.03594179953452514
2025-04-25,107239.12919101038,0.0,0,,-0.03594179953452514
2025-04-28,107239.12919101038,0.0,0,,-0.03594179953452514
2025-04-29,107239.12919101038,0.0,0,,-0.03594179953452514
2025-04-30,107239.12919101038,0.0,0,,-0.03594179953452514
2025-05-01,107239.12919101038,0.0,0,,-0.03594179953452514
2025-05-02,107239.12919101038,0.0,0,,-0.03594179953452514
2025-05-05,107239.12919101038,0.0,0,,-0.03594179953452514
2025-05-06,107239.12919101038,0.0,0,,-0.03594179953452514
2025-05-07,107239.12919101038,0.0,0,,-0.03594179953452514
2025-05-08,107239.12919101038,0.0,0,,-0.03594179953452514
2025-05-09,107239.12919101038,0.0,0,,-0.03594179953452514
2025-05-12,107239.12919101038,0.0,0,,-0.03594179953452514
2025-05-13,107239.12919101038,0.0,0,,-0.03594179953452514
2025-05-14,107239.12919101038,0.0,0,,-0.03594179953452514
2025-05-15,107239.12919101038,0.0,0,,-0.03594179953452514
2025-05-16,107239.12919101038,0.0,0,,-0.03594179953452514
2025-05-19,107239.12919101038,0.0,0,,-0.03594179953452514
2025-05-20,107239.12919101038,0.0,0,,-0.03594179953452514
2025-05-21,107239.12919101038,0.0,0,,-0.03594179953452514
2025-05-22,106383.57998867889,-0.0079779573816533,1,290.1757125854492,-0.043633014771272016
2025-05-23,108239.07524017038,0.017441556786197188,0,,-0.026952485689961003
2025-05-27,108322.42034068018,0.0007700093549845022,1,290.3642796107701,-0.02620323000109781
2025-05-28,108209.6706199015,-0.0010408715058625173,0,,-0.027216827311490666
2025-05-29,108209.6706199015,0.0,0,,-0.027216827311490666
2025-05-30,108033.36253611866,-0.0016293191058879275,1,290.9489419119699,-0.02880180152063838
2025-06-02,110905.00288328386,0.02658105125817145,1,299.28787122453963,-0.0029863324250145595
2025-06-03,109922.87795041634,-0.008855551213511115,1,299.28787122453963,-0.011815438018795366
2025-06-04,110630.99828016452,0.006441974072654899,1,299.28787122453963,-0.005449578691514634
2025-06-05,110585.85497929736,-0.0004080529107478581,0,,-0.005855407885815067
2025-06-06,110585.85497929736,0.0,0,,-0.005855407885815067
2025-06-09,110864.95011844808,0.002523786963558372,1,295.4360602242606,-0.0033463987243451676
2025-06-10,111308.79226763347,0.004003448778998164,0,,0.0
2025-06-11,111456.52814459667,0.0013272615213357764,1,297.72713143484935,0.0
2025-06-12,112840.84054310428,0.0124202002480438,1,301.37678963797435,0.0
2025-06-13,114319.1192315745,0.013100564311248064,1,305.77750396728516,0.0
2025-06-16,112689.03187439255,-0.01425909653729851,1,305.77750396728516,-0.01425909653729851
2025-06-17,112746.86322293978,0.0005131941200071655,1,305.77750396728516,-0.01375322010179092
2025-06-18,112139.65060849662,-0.005385627565021367,1,305.77750396728516,-0.01906477794552419
2025-06-20,112092.66194841439,-0.0004190191411089783,1,305.77750396728516,-0.019475808579753062
2025-06-23,112436.02110327361,0.0030631724583116693,1,305.77750396728516,-0.016472293881886202
2025-06-24,110098.39261020138,-0.020790743661456168,0,,-0.036920566303727864
2025-06-25,110098.39261020138,0.0,0,,-0.036920566303727864
2025-06-26,110296.62120983624,0.0018004676992577906,1,297.95320892333984,-0.03518657289153826
2025-06-27,108297.63513809755,-0.018123728993798216,1,297.95320892333984,-0.05267258997402979
2025-06-30,108555.21266208444,0.0023784224249996377,0,,-0.05041944521820718
2025-07-01,108037.82203686645,-0.004766151827536369,1,299.0528455461775,-0.054945290314773354
2025-07-02,108047.6442364394,9.091445373266005e-05,0,,-0.05485937118209483
2025-07-03,107917.44756367107,-0.0012049931647137857,1,297.725717817034,-0.05599825917951362
2025-07-07,107029.33966943265,-0.008229511671080214,0,,-0.06376693252311583
2025-07-08,107029.33966943265,0.0,0,,-0.06376693252311583
2025-07-09,107029.33966943265,0.0,0,,-0.06376693252311583
2025-07-10,107029.33966943265,0.0,0,,-0.06376693252311583
2025-07-11,107029.33966943265,0.0,0,,-0.06376693252311583
2025-07-14,106502.51424420481,-0.0049222524109274746,1,299.9807226998465,-0.068375307996694
2025-07-15,106246.08879927143,-0.0024076938159921513,0,,-0.07061837500645585
2025-07-16,106246.08879927143,0.0,0,,-0.07061837500645585
2025-07-17,106246.08879927143,0.0,0,,-0.07061837500645585
2025-07-18,106246.08879927143,0.0,0,,-0.07061837500645585
2025-07-21,106246.08879927143,0.0,0,,-0.07061837500645585
2025-07-22,106633.44891292237,0.003645876455582009,1,308.18751743861606,-0.06722996442164142
2025-07-23,105311.06819949904,-0.01240118112003663,1,308.18751743861606,-0.0787974145761916
2025-07-24,104666.74591542943,-0.006118276977772341,1,308.18751743861606,-0.08443358714645444
2025-07-25,103684.50657704647,-0.009384445172076039,0,,-0.09302566994927297
2025-07-28,103684.50657704647,0.0,0,,-0.09302566994927297
2025-07-29,103684.50657704647,0.0,0,,-0.09302566994927297
2025-07-30,103684.50657704647,0.0,0,,-0.09302566994927297
2025-07-31,103684.50657704647,0.0,0,,-0.09302566994927297
2025-08-01,103684.50657704647,0.0,0,,-0.09302566994927297
2025-08-04,103565.85965871511,-0.0011443071124922488,1,301.31536974225725,-0.09406352712599786
2025-08-05,103649.13605577442,0.0008040912066362704,1,302.1617976597377,-0.0933350715743887
2025-08-06,103429.28514766874,-0.00212110700071233,1,302.1617976597377,-0.0952582049013726
2025-08-07,104302.02016235823,0.008437987494967825,1,304.2789328438895,-0.08762400494815559
2025-08-08,104278.70033144343,-0.00022357985855403495,1,304.6357084001814,-0.08782799384407736
2025-08-11,102779.72518437575,-0.014374701087597641,1,304.6357084001814,-0.10094019377304309
2025-08-12,102686.45602629236,-0.0009074665058315112,1,304.6357084001814,-0.10175606043393348
2025-08-13,102999.57609248145,0.0030492830145867345,1,304.6357084001814,-0.09901706044605907
2025-08-14,102346.69198589765,-0.006338706734070332,1,304.6357084001814,-0.10472812707229218
2025-08-15,102223.10526356645,-0.0012075302086775874,0,,-0.10580919490383178
2025-08-18,102223.10526356645,0.0,0,,-0.10580919490383178
2025-08-19,102223.10526356645,0.0,0,,-0.10580919490383178
2025-08-20,102223.10526356645,0.0,0,,-0.10580919490383178
2025-08-21,102223.10526356645,0.0,0,,-0.10580919490383178
2025-08-22,102223.10526356645,0.0,0,,-0.10580919490383178
2025-08-25,102122.7288393863,-0.0009819347976306458,1,303.6924819946289,-0.10668723197107699
2025-08-26,102864.34892087258,0.007262047243691061,1,305.7674800327846,-0.10019995244625846
2025-08-27,103072.00415310732,0.0020187288833615202,1,306.4867706298828,-0.09838350010101171
2025-08-28,103836.69927347884,0.007419038046796889,1,308.8353500366211,-0.09169437298464123
2025-08-29,104838.7132222806,0.009649901776660919,1,312.22714451381137,-0.08292931290075456
2025-09-02,107317.36871787852,0.023642559312442524,1,318.80963352748324,-0.06124741478730811
2025-09-03,108157.87751221599,0.007831992196408066,1,321.0489392961775,-0.053895111865564505
2025-09-04,107679.94054726727,-0.004418882618094422,1,321.0489392961775,-0.0580758383106359
2025-09-05,109117.0306324694,0.013345940552142999,1,323.2946265084403,-0.04550497444410251
2025-09-08,110359.66271778963,0.011388067271604019,1,326.4646432059152,-0.03463512088266052
2025-09-09,110109.15671587265,-0.002269905468609168,1,326.4646432059152,-0.03682640790097225
2025-09-10,107444.25164169673,-0.024202392913175164,0,,-0.0601375136205472
2025-09-11,107444.25164169673,0.0,0,,-0.0601375136205472
2025-09-12,107444.25164169673,0.0,0,,-0.0601375136205472
2025-09-15,107444.25164169673,0.0,0,,-0.0601375136205472
2025-09-16,107444.25164169673,0.0,0,,-0.0601375136205472
2025-09-17,107444.25164169673,0.0,0,,-0.0601375136205472
2025-09-18,107444.25164169673,0.0,0,,-0.0601375136205472
2025-09-19,107444.25164169673,0.0,0,,-0.0601375136205472
2025-09-22,107444.25164169673,0.0,0,,-0.0601375136205472
2025-09-23,107444.25164169673,0.0,0,,-0.0601375136205472
2025-09-24,107444.25164169673,0.0,0,,-0.0601375136205472
2025-09-25,107444.25164169673,0.0,0,,-0.0601375136205472
2025-09-26,107444.25164169673,0.0,0,,-0.0601375136205472
2025-09-29,107444.25164169673,0.0,0,,-0.0601375136205472
2025-09-30,107444.25164169673,0.0,0,,-0.0601375136205472
2025-10-01,107444.25164169673,0.0,0,,-0.0601375136205472
2025-10-02,107444.25164169673,0.0,0,,-0.0601375136205472
2025-10-03,107444.25164169673,0.0,0,,-0.0601375136205472
2025-10-06,107444.25164169673,0.0,0,,-0.0601375136205472
2025-10-07,107444.25164169673,0.0,0,,-0.0601375136205472
2025-10-08,107444.25164169673,0.0,0,,-0.0601375136205472
2025-10-09,107444.25164169673,0.0,0,,-0.0601375136205472
2025-10-10,107444.25164169673,0.0,0,,-0.0601375136205472
2025-10-13,107444.25164169673,0.0,0,,-0.0601375136205472
2025-10-14,107444.25164169673,0.0,0,,-0.0601375136205472
2025-10-15,107444.25164169673,0.0,0,,-0.0601375136205472
2025-10-16,107444.25164169673,0.0,0,,-0.0601375136205472
2025-10-17,107444.25164169673,0.0,0,,-0.0601375136205472
2025-10-20,107444.25164169673,0.0,0,,-0.0601375136205472
2025-10-21,107444.25164169673,0.0,0,,-0.0601375136205472
2025-10-22,107444.25164169673,0.0,0,,-0.0601375136205472
2025-10-23,107444.25164169673,0.0,0,,-0.0601375136205472
2025-10-24,107444.25164169673,0.0,0,,-0.0601375136205472
2025-10-27,107444.25164169673,0.0,0,,-0.0601375136205472
2025-10-28,107444.25164169673,0.0,0,,-0.0601375136205472
2025-10-29,107444.25164169673,0.0,0,,-0.0601375136205472
2025-10-30,107444.25164169673,0.0,0,,-0.0601375136205472
2025-10-31,107444.25164169673,0.0,0,,-0.0601375136205472
2025-11-03,107444.25164169673,0.0,0,,-0.0601375136205472
2025-11-04,107444.25164169673,0.0,0,,-0.0601375136205472
2025-11-05,107444.25164169673,0.0,0,,-0.0601375136205472
2025-11-06,107444.25164169673,0.0,0,,-0.0601375136205472
2025-11-07,107391.20920526967,-0.0004936740273825402,1,348.74214826311385,-0.06060149931938397
2025-11-10,109448.61500489771,0.019158046686069907,0,,-0.042604458986520655
2025-11-11,109253.04670344129,-0.0017868503995932539,1,364.43786076136996,-0.04431518159154946
2025-11-12,109146.60563961724,-0.000974261744049798,0,,-0.045246268749494
2025-11-13,109146.60563961724,0.0,0,,-0.045246268749494
2025-11-14,109146.60563961724,0.0,0,,-0.045246268749494
2025-11-17,109146.60563961724,0.0,0,,-0.045246268749494
2025-11-18,109146.60563961724,0.0,0,,-0.045246268749494
2025-11-19,109146.60563961724,0.0,0,,-0.045246268749494
2025-11-20,109146.60563961724,0.0,0,,-0.045246268749494
2025-11-21,109146.60563961724,0.0,0,,-0.045246268749494
2025-11-24,109146.60563961724,0.0,0,,-0.045246268749494
2025-11-25,108931.53600618344,-0.0019704656152470523,1,364.5135825020926,-0.04712757814795199
2025-11-26,109802.80734897828,0.007998338908444147,1,367.39142063685824,-0.039506181581469235
2025-11-28,111167.0338104928,0.012424331348639184,1,372.0567877633231,-0.02757268812311764
2025-12-01,111702.97742140577,0.004821066034977672,1,375.27142551967074,-0.02288455183834348
2025-12-02,110983.60458195198,-0.006440050713598433,1,375.27142551967074,-0.029177224877544927
2025-12-03,110880.43220068802,-0.0009296182229130423,1,375.27142551967074,-0.030079719420517792
2025-12-04,110952.08260313922,0.0006461951944911615,1,375.27142551967074,-0.029452961596167726
2025-12-05,110754.32679266298,-0.0017823532991587676,1,375.27142551967074,-0.031182819312055576
2025-12-08,110461.99629936145,-0.002639449868615862,1,375.27142551967074,-0.03373996369233512
2025-12-09,111029.46188908718,0.005137202012788666,1,375.84820229666576,-0.02877609068893816
2025-12-10,111502.35279598764,0.004259147967166088,1,377.8339113507952,-0.024639504349932784
2025-12-11,112703.21424078054,0.010769830543307712,1,382.0685566493443,-0.014135037093144898
2025-12-12,113333.74128090583,0.005594579039939651,1,383.441782270159,-0.008619537635455421
2025-12-15,113436.91366216977,0.0009103412637567754,1,384.06069837297713,-0.007717043092482667
2025-12-16,113462.71550387278,0.00022745542760316262,1,384.21143886021207,-0.007491342948215962
2025-12-17,114437.15922793157,0.008588228474273762,1,387.5417927333287,0.0
2025-12-18,114230.80571901664,-0.0018032036998044676,1,387.5417927333287,-0.0018032036998044676
2025-12-19,114359.77119559658,0.0011289903434381632,1,387.5417927333287,-0.0006762491559306749
2025-12-22,116999.37831929709,0.02308160549906857,1,395.6639404296875,0.0
2025-12-23,118549.89407790729,0.013252341857567629,1,400.6525181361607,0.0
2025-12-24,118059.7990277425,-0.004134082564786756,1,400.6525181361607,-0.004134082564786756
2025-12-26,119438.35207119244,0.011676735474757116,1,403.18641444614957,0.0
2025-12-29,115380.54461852867,-0.033974074342930205,0,,-0.033974074342930205
2025-12-30,115380.54461852867,0.0,0,,-0.033974074342930205
2025-12-31,115380.54461852867,0.0,0,,-0.033974074342930205
2026-01-02,115380.54461852867,0.0,0,,-0.033974074342930205
2026-01-05,115380.54461852867,0.0,0,,-0.033974074342930205
2026-01-06,115380.54461852867,0.0,0,,-0.033974074342930205
2026-01-07,115380.54461852867,0.0,0,,-0.033974074342930205
2026-01-08,115380.54461852867,0.0,0,,-0.033974074342930205
2026-01-09,115380.54461852867,0.0,0,,-0.033974074342930205
2026-01-12,115380.54461852867,0.0,0,,-0.033974074342930205
2026-01-13,115380.54461852867,0.0,0,,-0.033974074342930205
2026-01-14,115380.54461852867,0.0,0,,-0.033974074342930205
2026-01-15,115380.54461852867,0.0,0,,-0.033974074342930205
2026-01-16,115380.54461852867,0.0,0,,-0.033974074342930205
2026-01-20,115380.54461852867,0.0,0,,-0.033974074342930205
2026-01-21,115380.54461852867,0.0,0,,-0.033974074342930205
2026-01-22,115380.54461852867,0.0,0,,-0.033974074342930205
2026-01-23,115380.54461852867,0.0,0,,-0.033974074342930205
2026-01-26,115380.54461852867,0.0,0,,-0.033974074342930205
2026-01-27,115380.54461852867,0.0,0,,-0.033974074342930205
2026-01-28,115380.54461852867,0.0,0,,-0.033974074342930205
2026-01-29,115380.54461852867,0.0,0,,-0.033974074342930205
2026-01-30,115380.54461852867,0.0,0,,-0.033974074342930205
2026-02-02,115380.54461852867,0.0,0,,-0.033974074342930205
2026-02-03,115380.54461852867,0.0,0,,-0.033974074342930205
2026-02-04,115380.54461852867,0.0,0,,-0.033974074342930205
2026-02-05,115380.54461852867,0.0,0,,-0.033974074342930205
2026-02-06,115380.54461852867,0.0,0,,-0.033974074342930205
2026-02-09,115380.54461852867,0.0,0,,-0.033974074342930205
2026-02-10,115380.54461852867,0.0,0,,-0.033974074342930205
2026-02-11,115380.54461852867,0.0,0,,-0.033974074342930205
2026-02-12,115380.54461852867,0.0,0,,-0.033974074342930205
2026-02-13,115380.54461852867,0.0,0,,-0.033974074342930205
2026-02-17,115380.54461852867,0.0,0,,-0.033974074342930205
2026-02-18,115380.54461852867,0.0,0,,-0.033974074342930205
2026-02-19,115380.54461852867,0.0,0,,-0.033974074342930205
2026-02-20,115380.54461852867,0.0,0,,-0.033974074342930205
2026-02-23,115380.54461852867,0.0,0,,-0.033974074342930205
2026-02-24,115380.54461852867,0.0,0,,-0.033974074342930205
2026-02-25,115380.54461852867,0.0,0,,-0.033974074342930205
2026-02-26,115380.54461852867,0.0,0,,-0.033974074342930205
2026-02-27,115380.54461852867,0.0,0,,-0.033974074342930205
2026-03-02,115380.54461852867,0.0,0,,-0.033974074342930205
2026-03-03,114064.99451126718,-0.011401836519414621,1,441.90499332972934,-0.044988544020788335
2026-03-04,114956.7679200322,0.007818116439543887,1,441.90499332972934,-0.03752215325684449
2026-03-05,113575.24412525119,-0.012017768242597482,1,441.90499332972934,-0.049088988957638025
2026-03-06,115373.42456296341,0.01583250339069653,1,441.90499332972934,-0.034033687151059144
2026-03-09,115134.63927591537,-0.0020696732193966616,1,441.90499332972934,-0.03603292175960193
2026-03-10,116433.32101660607,0.01127967872100144,1,447.1260648454939,-0.02515968281942793
2026-03-11,116038.59993238293,-0.0033901041452458758,1,447.1260648454939,-0.02846449301965459
2026-03-12,113757.9859187458,-0.019653925633074443,1,447.1260648454939,-0.04755897962373756
2026-03-13,114178.54244376291,0.00369694067296078,0,,-0.04403786167691226
2026-03-16,113799.91757812093,-0.0033160772377915926,1,431.5157263619559,-0.047207905963996044
2026-03-17,113648.96506718683,-0.001326472937297818,0,,-0.048471758891606154
2026-03-18,112990.94701815456,-0.005789916772609982,1,419.79001181466236,-0.05398102821441164
2026-03-19,106636.75083314977,-0.056236330013092584,0,,-0.10718166331039247
2026-03-20,106636.75083314977,0.0,0,,-0.10718166331039247
2026-03-23,106636.75083314977,0.0,0,,-0.10718166331039247
2026-03-24,106636.75083314977,0.0,0,,-0.10718166331039247
2026-03-25,106636.75083314977,0.0,0,,-0.10718166331039247
2026-03-26,106636.75083314977,0.0,0,,-0.10718166331039247
2026-03-27,106636.75083314977,0.0,0,,-0.10718166331039247
2026-03-30,106636.75083314977,0.0,0,,-0.10718166331039247
2026-03-31,106636.75083314977,0.0,0,,-0.10718166331039247
2026-04-01,106636.75083314977,0.0,0,,-0.10718166331039247
2026-04-02,106636.75083314977,0.0,0,,-0.10718166331039247
2026-04-06,106636.75083314977,0.0,0,,-0.10718166331039247
2026-04-07,106636.75083314977,0.0,0,,-0.10718166331039247
2026-04-08,106636.75083314977,0.0,0,,-0.10718166331039247
2026-04-09,106636.75083314977,0.0,0,,-0.10718166331039247
2026-04-10,106636.75083314977,0.0,0,,-0.10718166331039247
2026-04-13,106636.75083314977,0.0,0,,-0.10718166331039247
2026-04-14,106636.75083314977,0.0,0,,-0.10718166331039247
2026-04-15,106636.75083314977,0.0,0,,-0.10718166331039247
2026-04-16,106636.75083314977,0.0,0,,-0.10718166331039247
2026-04-17,106636.75083314977,0.0,0,,-0.10718166331039247
2026-04-20,106227.137901787,-0.0038411985376755053,1,421.8478524344308,-0.1106111557996945
2026-04-21,103218.78528014639,-0.028320000717914517,1,421.8478524344308,-0.13579864850595236
2026-04-22,104586.00163657079,0.013245809401008168,1,421.8478524344308,-0.12435160211996865
2026-04-23,103572.00300432235,-0.00969535708776792,1,421.8478524344308,-0.13284132602074739
2026-04-24,104103.02851723833,0.005127114447075254,1,421.8478524344308,-0.12839530425548173
2026-04-27,103295.6779093417,-0.007755303754327758,1,421.8478524344308,-0.13515486342467897
2026-04-28,100940.63230334478,-0.022799072077960947,0,,-0.15487253002973367
2026-04-29,100940.63230334478,0.0,0,,-0.15487253002973367
2026-04-30,100940.63230334478,0.0,0,,-0.15487253002973367
2026-05-01,100940.63230334478,0.0,0,,-0.15487253002973367
2026-05-04,100940.63230334478,0.0,0,,-0.15487253002973367
2026-05-05,100940.63230334478,0.0,0,,-0.15487253002973367
2026-05-06,100940.63230334478,0.0,0,,-0.15487253002973367
2026-05-07,100940.63230334478,0.0,0,,-0.15487253002973367
2026-05-08,100940.63230334478,0.0,0,,-0.15487253002973367
2026-05-11,100940.63230334478,0.0,0,,-0.15487253002973367
2026-05-12,100940.63230334478,0.0,0,,-0.15487253002973367
2026-05-13,100940.63230334478,0.0,0,,-0.15487253002973367
2026-05-14,100940.63230334478,0.0,0,,-0.15487253002973367
2026-05-15,100940.63230334478,0.0,0,,-0.15487253002973367
2026-05-18,100940.63230334478,0.0,0,,-0.15487253002973367
2026-05-19,100940.63230334478,0.0,0,,-0.15487253002973367
2026-05-20,100940.63230334478,0.0,0,,-0.15487253002973367
2026-05-21,100940.63230334478,0.0,0,,-0.15487253002973367
2026-05-22,100940.63230334478,0.0,0,,-0.15487253002973367
2026-05-26,100940.63230334478,0.0,0,,-0.15487253002973367
2026-05-27,100940.63230334478,0.0,0,,-0.15487253002973367
2026-05-28,100940.63230334478,0.0,0,,-0.15487253002973367
2026-05-29,100940.63230334478,0.0,0,,-0.15487253002973367
2026-06-01,100940.63230334478,0.0,0,,-0.15487253002973367
2026-06-02,100940.63230334478,0.0,0,,-0.15487253002973367
2026-06-03,100940.63230334478,0.0,0,,-0.15487253002973367
2026-06-04,100940.63230334478,0.0,0,,-0.15487253002973367
2026-06-05,100940.63230334478,0.0,0,,-0.15487253002973367
2026-06-08,100940.63230334478,0.0,0,,-0.15487253002973367
2026-06-09,100940.63230334478,0.0,0,,-0.15487253002973367
2026-06-10,100940.63230334478,0.0,0,,-0.15487253002973367
2026-06-11,100940.63230334478,0.0,0,,-0.15487253002973367
2026-06-12,100940.63230334478,0.0,0,,-0.15487253002973367
2026-06-15,100940.63230334478,0.0,0,,-0.15487253002973367
2026-06-16,100940.63230334478,0.0,0,,-0.15487253002973367
2026-06-17,100940.63230334478,0.0,0,,-0.15487253002973367
2026-06-18,100940.63230334478,0.0,0,,-0.15487253002973367
2026-06-22,100940.63230334478,0.0,0,,-0.15487253002973367
2026-06-23,100940.63230334478,0.0,0,,-0.15487253002973367
2026-06-24,100940.63230334478,0.0,0,,-0.15487253002973367
2026-06-25,100940.63230334478,0.0,0,,-0.15487253002973367
2026-06-26,100940.63230334478,0.0,0,,-0.15487253002973367
2026-06-29,100940.63230334478,0.0,0,,-0.15487253002973367
2026-06-30,100940.63230334478,0.0,0,,-0.15487253002973367
2026-07-01,100940.63230334478,0.0,0,,-0.15487253002973367
2026-07-02,100940.63230334478,0.0,0,,-0.15487253002973367
2026-07-06,100940.63230334478,0.0,0,,-0.15487253002973367
2026-07-07,100940.63230334478,0.0,0,,-0.15487253002973367
2026-07-08,100940.63230334478,0.0,0,,-0.15487253002973367
2026-07-09,100940.63230334478,0.0,0,,-0.15487253002973367
2026-07-10,100940.63230334478,0.0,0,,-0.15487253002973367
2026-07-13,99264.51075750958,-0.01660502324572488,1,355.2146541050502,-0.16890589131419054
2026-07-14,101113.42111372111,0.018626096498155054,0,,-0.15342585224676042
2026-07-15,101113.42111372111,0.0,0,,-0.15342585224676042
2026-07-16,101113.42111372111,0.0,0,,-0.15342585224676042
2026-07-17,101113.42111372111,0.0,0,,-0.15342585224676042
2026-07-20,101113.42111372111,0.0,0,,-0.15342585224676042
2026-07-21,101113.42111372111,0.0,0,,-0.15342585224676042
2026-07-22,101113.42111372111,0.0,0,,-0.15342585224676042
2026-07-23,100734.2208813667,-0.0037502462895399047,1,355.15106310163225,-0.1566007138031924
2026-07-24,100837.255703,0.0010228383237773642,1,355.15106310163225,-0.15573805269102392
2026-07-27,101577.47302060768,0.007340712640850455,1,358.5585817609514,-0.14954056834222396
2026-07-28,100151.2698519025,-0.01404054586409953,1,358.5585817609514,-0.16148148299797105
2026-07-29,100614.91827469235,0.004629481218515474,1,358.5585817609514,-0.1575995772721327
2026-07-30,102263.45887170518,0.016384653740035837,1,359.9635718209403,-0.14379713803527683
2026-07-31,100739.64899275373,-0.014900824749758845,1,359.9635718209403,-0.1565552668316551
2026-08-03,100198.68179424462,-0.005369953180480391,0,,-0.16108452555909192
2026-08-04,100198.68179424462,0.0,0,,-0.16108452555909192
2026-08-05,100198.68179424462,0.0,0,,-0.16108452555909192
2026-08-06,100092.27924532864,-0.0010619156560809362,1,372.5396521432059,-0.16197538303552927
2026-08-07,102352.68113712744,0.022583179330530667,1,379.73250252859935,-0.1430501228272214
2026-08-10,103398.12034360562,0.01021408716277361,1,383.8203680855887,-0.13429716208765063
2026-08-11,102992.27050574438,-0.003925118140567285,1,383.8203680855887,-0.13769514800108096
2026-08-12,104009.45841204001,0.009876351898066904,1,387.17537689208984,-0.1291787218393291
2026-08-13,102478.54209043797,-0.014719010607066263,1,387.17537689208984,-0.14199634946943507
2026-08-14,103125.8449106031,0.006316471789712619,1,387.17537689208984,-0.13657679361538833
2026-08-17,104155.86505285847,0.009987992274373747,1,387.38463592529297,-0.12795292930050384
2026-08-18,102373.22682463533,-0.017115101749848205,1,387.38463592529297,-0.1428781036461828
2026-08-19,106300.68275453743,0.0383640923679176,1,394.80606842041016,-0.10999540004390018
2026-08-20,106665.43337850933,0.003431310265562093,1,396.5314374651228,-0.10694151812367336
2026-08-21,108746.02718940147,0.019505792504578512,1,403.518911089216,-0.08952170468173992
2026-08-24,109601.38939065581,0.007865686897826185,1,406.65606798444475,-0.08236016748349984
2026-08-25,109955.863251437,0.0032342095547504,1,410.09678322928295,-0.07939232796935536
2026-08-26,108222.02984977787,-0.015768448815633884,1,410.09678322928295,-0.0939088829250504
2026-08-27,108550.81572201903,0.0030380678748822554,1,410.09678322928295,-0.09115611661054879
2026-08-28,105181.17650738986,-0.031042044154309,0,,-0.11936848856809779
2026-08-31,105181.17650738986,0.0,0,,-0.11936848856809779
2026-09-01,105181.17650738986,0.0,0,,-0.11936848856809779
2026-09-02,105181.17650738986,0.0,0,,-0.11936848856809779
2026-09-03,105181.17650738986,0.0,0,,-0.11936848856809779
2026-09-04,105181.17650738986,0.0,0,,-0.11936848856809779
