timestamp,equity,daily_return,position,stop_price,drawdown
2020-01-02,100000.0,0.0,0,,0.0
2020-01-03,100000.0,0.0,0,,0.0
2020-01-06,100000.0,0.0,0,,0.0
2020-01-07,100000.0,0.0,0,,0.0
2020-01-08,100000.0,0.0,0,,0.0
2020-01-09,100000.0,0.0,0,,0.0
2020-01-10,100000.0,0.0,0,,0.0
2020-01-13,100000.0,0.0,0,,0.0
2020-01-14,100000.0,0.0,0,,0.0
2020-01-15,100000.0,0.0,0,,0.0
2020-01-16,100000.0,0.0,0,,0.0
2020-01-17,100000.0,0.0,0,,0.0
2020-01-21,100000.0,0.0,0,,0.0
2020-01-22,100000.0,0.0,0,,0.0
2020-01-23,100000.0,0.0,0,,0.0
2020-01-24,100000.0,0.0,0,,0.0
2020-01-27,100000.0,0.0,0,,0.0
2020-01-28,100000.0,0.0,0,,0.0
2020-01-29,100000.0,0.0,0,,0.0
2020-01-30,100000.0,0.0,0,,0.0
2020-01-31,100000.0,0.0,0,,0.0
2020-02-03,100000.0,0.0,0,,0.0
2020-02-04,100000.0,0.0,0,,0.0
2020-02-05,100000.0,0.0,0,,0.0
2020-02-06,100000.0,0.0,0,,0.0
2020-02-07,100000.0,0.0,0,,0.0
2020-02-10,100000.0,0.0,0,,0.0
2020-02-11,100000.0,0.0,0,,0.0
2020-02-12,100000.0,0.0,0,,0.0
2020-02-13,100000.0,0.0,0,,0.0
2020-02-14,100000.0,0.0,0,,0.0
2020-02-18,100000.0,0.0,0,,0.0
2020-02-19,100000.0,0.0,0,,0.0
2020-02-20,100000.0,0.0,0,,0.0
2020-02-21,100000.0,0.0,0,,0.0
2020-02-24,100000.0,0.0,0,,0.0
2020-02-25,100000.0,0.0,0,,0.0
2020-02-26,100000.0,0.0,0,,0.0
2020-02-27,100000.0,0.0,0,,0.0
2020-02-28,100000.0,0.0,0,,0.0
2020-03-02,100000.0,0.0,0,,0.0
2020-03-03,100000.0,0.0,0,,0.0
2020-03-04,100000.0,0.0,0,,0.0
2020-03-05,100000.0,0.0,0,,0.0
2020-03-06,100000.0,0.0,0,,0.0
2020-03-09,100000.0,0.0,0,,0.0
2020-03-10,100000.0,0.0,0,,0.0
2020-03-11,100000.0,0.0,0,,0.0
2020-03-12,100000.0,0.0,0,,0.0
2020-03-13,100000.0,0.0,0,,0.0
2020-03-16,100000.0,0.0,0,,0.0
2020-03-17,100000.0,0.0,0,,0.0
2020-03-18,100000.0,0.0,0,,0.0
2020-03-19,100000.0,0.0,0,,0.0
2020-03-20,100000.0,0.0,0,,0.0
2020-03-23,100000.0,0.0,0,,0.0
2020-03-24,100000.0,0.0,0,,0.0
2020-03-25,100000.0,0.0,0,,0.0
2020-03-26,100000.0,0.0,0,,0.0
2020-03-27,100000.0,0.0,0,,0.0
2020-03-30,100000.0,0.0,0,,0.0
2020-03-31,100000.0,0.0,0,,0.0
2020-04-01,100000.0,0.0,0,,0.0
2020-04-02,100000.0,0.0,0,,0.0
2020-04-03,100000.0,0.0,0,,0.0
2020-04-06,100000.0,0.0,0,,0.0
2020-04-07,100000.0,0.0,0,,0.0
2020-04-08,100000.0,0.0,0,,0.0
2020-04-09,100000.0,0.0,0,,0.0
2020-04-13,100590.68603006146,0.0059068603006147136,1,53.33962597798282,0.0
2020-04-14,102892.69534679104,0.022884915170392706,0,,0.0
2020-04-15,103627.91189590492,0.007145468846315062,1,55.97963197145058,0.0
2020-04-16,103638.62107213028,0.0001033425843426361,1,56.37778644628491,0.0
2020-04-17,105416.44589448874,0.01715407638549271,1,57.679173431017645,0.0
2020-04-20,103945.2323416527,-0.01395620522350538,1,57.679173431017645,-0.01395620522350538
2020-04-21,99907.4412366563,-0.03884537091345153,1,57.679173431017645,-0.05225944216850564
2020-04-22,103719.40647618705,0.038154968161992375,1,57.679173431017645,-0.016098431358616105
2020-04-23,104771.0704345302,0.010139509992130424,1,57.679173431017645,-0.00612215157210394
2020-04-24,105218.6340152012,0.004271824071423236,1,57.74710084161904,-0.0018764802551353155
2020-04-27,104745.53853958155,-0.004496308852967035,1,58.073159529257666,-0.006364351873318741
2020-04-28,101591.29573556258,-0.030113385715488383,1,58.073159529257666,-0.036286085406016744
2020-04-29,110623.8098133171,0.08891031473075928,1,60.66742785666639,0.0
2020-04-30,110996.33933175715,0.0033675347022372737,1,60.90075262844322,0.0
2020-05-01,108574.82128518388,-0.021816197373280888,1,60.90075262844322,-0.021816197373280888
2020-05-04,109034.71279722989,0.004235710513748492,1,60.90075262844322,-0.017672893956116376
2020-05-05,111187.5682734361,0.019744679661878317,1,61.19520514980175,0.0
2020-05-06,110891.68522431726,-0.0026611162894686347,1,61.19520514980175,-0.0026611162894686347
2020-05-07,112857.42530134246,0.017726667901644788,1,62.31894412773251,0.0
2020-05-08,114098.67405397724,0.010998379143601023,1,63.0223878834084,0.0
2020-05-11,115685.26993465675,0.013905471679091841,1,64.11838204863375,0.0
2020-05-12,113343.69934829809,-0.02024087066297431,1,64.11838204863375,-0.02024087066297431
2020-05-13,111130.6896611189,-0.019524770233400934,1,64.11838204863375,-0.039370442547356665
2020-05-14,111833.74993693978,0.006326427721854211,1,64.11838204863375,-0.03329308908465567
2020-05-15,113168.94996884854,0.011939151040375906,1,64.11838204863375,-0.021751429263462185
2020-05-18,114167.91868602592,0.008827233242443056,1,64.11838204863375,-0.01311620096048427
2020-05-19,113279.40620258954,-0.007782505748220592,1,64.11838204863375,-0.020796629799335165
2020-05-20,116144.36159121705,0.025291052316286144,1,65.3577685727713,0.0
2020-05-21,115945.73081226557,-0.0017102059560203386,1,65.41264171497527,-0.0017102059560203386
2020-05-22,116480.65638654253,0.004613585774392082,1,65.79962914800642,0.0
2020-05-26,117150.73214566696,0.005752678426714786,1,66.34592908294967,0.0
2020-05-27,117060.8690166533,-0.0007670727051191095,1,66.34592908294967,-0.0007670727051191095
2020-05-28,116892.75970734704,-0.001436084583331998,1,66.34592908294967,-0.0022020557071649183
2020-05-29,118152.15121377676,0.010773905155312624,1,66.81159046133693,0.0
2020-06-01,118263.38191076583,0.0009414191434213848,1,67.06177472344922,0.0
2020-06-02,118876.62984204834,0.005185442200065005,1,67.59329105901305,0.0
2020-06-03,118624.40874555423,-0.0021217046347059565,1,67.79488385182414,-0.0021217046347059565
2020-06-04,116568.00568402967,-0.017335412528255323,1,67.79488385182414,-0.019420336537855576
2020-06-05,118687.87664353944,0.018185701531652665,1,67.79488385182414,-0.0015878074501245454
2020-06-08,119348.91276606345,0.005569533647563185,1,68.31604471357448,0.0
2020-06-09,119681.86848213906,0.002789767483917016,1,68.45677776336476,0.0
2020-06-10,120722.03610488995,0.008691104475078593,1,69.2316626886724,0.0
2020-06-11,115545.99351119253,-0.0428757065462364,1,69.2316626886724,-0.0428757065462364
2020-06-12,115035.99033172276,-0.004413854292752872,0,,-0.04710031371759538
2020-06-15,115035.99033172276,0.0,0,,-0.04710031371759538
2020-06-16,115035.99033172276,0.0,0,,-0.04710031371759538
2020-06-17,115035.99033172276,0.0,0,,-0.04710031371759538
2020-06-18,115035.99033172276,0.0,0,,-0.04710031371759538
2020-06-19,115035.99033172276,0.0,0,,-0.04710031371759538
2020-06-22,115035.99033172276,0.0,0,,-0.04710031371759538
2020-06-23,115035.99033172276,0.0,0,,-0.04710031371759538
2020-06-24,115035.99033172276,0.0,0,,-0.04710031371759538
2020-06-25,115035.99033172276,0.0,0,,-0.04710031371759538
2020-06-26,115035.99033172276,0.0,0,,-0.04710031371759538
2020-06-29,115035.99033172276,0.0,0,,-0.04710031371759538
2020-06-30,115035.99033172276,0.0,0,,-0.04710031371759538
2020-07-01,115035.99033172276,0.0,0,,-0.04710031371759538
2020-07-02,116294.89465997987,0.010943569265817299,1,68.07726545208095,-0.036672189997388194
2020-07-06,118646.21977421452,0.020218644344701442,1,69.52918075569512,-0.017195007619585256
2020-07-07,117876.43948574981,-0.006488030465105488,1,69.52918075569512,-0.023571476351407217
2020-07-08,118958.73126710765,0.009181578490828679,1,69.81883821670124,-0.014606321220843599
2020-07-09,120150.24303049989,0.0100161774650811,1,70.50443830952655,-0.004736443261222467
2020-07-10,121760.22015018706,0.013399699235552065,1,71.37860025207449,0.0
2020-07-13,119641.50849244543,-0.017400688460716296,1,71.37860025207449,-0.017400688460716296
2020-07-14,120324.26134376357,0.005706655323233889,1,71.37860025207449,-0.011793332868914597
2020-07-15,120009.38557096478,-0.002616893461736769,1,71.37860025207449,-0.014379364434974673
2020-07-16,119854.33024498579,-0.0012920266630921384,1,71.37860025207449,-0.01565281257581841
2020-07-17,120006.99691703946,0.0012737685133412668,1,71.37860025207449,-0.014398982122281412
2020-07-20,123724.69301160783,0.030978994475950428,1,72.58683493971981,0.0
2020-07-21,123098.06134052496,-0.005064726012487086,1,72.58683493971981,-0.005064726012487086
2020-07-22,123804.56667398827,0.0057393701068038094,1,72.75349590546612,0.0
2020-07-23,119999.12410869375,-0.030737497553828597,1,72.75349590546612,-0.030737497553828597
2020-07-24,119323.45191008282,-0.005630642753683079,1,72.75349590546612,-0.03619506843964382
2020-07-27,121002.31000929001,0.01406980834305993,1,72.75349590546612,-0.02263451777249359
2020-07-28,118962.70423230997,-0.016855924294531643,1,72.75349590546612,-0.039108916349008815
2020-07-29,120533.91447374993,0.013207586794359516,1,72.75349590546612,-0.026417863961762267
2020-07-30,121709.595311382,0.0097539422225279,1,72.75349590546612,-0.01692160005795995
2020-07-31,116040.34819313917,-0.04658011641348914,0,,-0.06271350637084683
2020-08-03,116040.34819313917,0.0,0,,-0.06271350637084683
2020-08-04,116040.34819313917,0.0,0,,-0.06271350637084683
2020-08-05,116040.34819313917,0.0,0,,-0.06271350637084683
2020-08-06,116040.34819313917,0.0,0,,-0.06271350637084683
2020-08-07,116040.34819313917,0.0,0,,-0.06271350637084683
2020-08-10,116040.34819313917,0.0,0,,-0.06271350637084683
2020-08-11,116040.34819313917,0.0,0,,-0.06271350637084683
2020-08-12,116040.34819313917,0.0,0,,-0.06271350637084683
2020-08-13,116040.34819313917,0.0,0,,-0.06271350637084683
2020-08-14,115179.1349302593,-0.007421670792011503,1,70.69085257295052,-0.06966973816436128
2020-08-17,115873.15503258884,0.006025571408829977,0,,-0.06406396673787518
2020-08-18,115873.15503258884,0.0,0,,-0.06406396673787518
2020-08-19,115873.15503258884,0.0,0,,-0.06406396673787518
2020-08-20,115873.15503258884,0.0,0,,-0.06406396673787518
2020-08-21,115977.12433949429,0.0008972682833758849,1,74.2856344254622,-0.06322418101996041
2020-08-24,116682.30809262473,0.0060803693585831375,1,74.71890648790762,-0.05752823803437246
2020-08-25,118206.01842105397,0.013058623482316456,1,75.63606584868627,-0.04522085415214794
2020-08-26,121023.80534096237,0.023837931076160057,1,77.37778451507828,-0.022460894680471855
2020-08-27,119874.72955079257,-0.009494626176498766,1,77.37778451507828,-0.031742263058389786
2020-08-28,120677.8353339596,0.006699541981671331,1,77.37778451507828,-0.025255379700671376
2020-08-31,119949.10085637501,-0.0060386770741116536,1,77.37778451507828,-0.03114154769238664
2020-09-01,121829.8025226541,0.015679164352645047,1,78.2126823689121,-0.015950656784206263
2020-09-02,126416.4450106155,0.037647951428867454,1,80.93364542563815,0.0
2020-09-03,120103.28123649105,-0.04993941866973328,0,,-0.04993941866973328
2020-09-04,120103.28123649105,0.0,0,,-0.04993941866973328
2020-09-08,120103.28123649105,0.0,0,,-0.04993941866973328
2020-09-09,120103.28123649105,0.0,0,,-0.04993941866973328
2020-09-10,120103.28123649105,0.0,0,,-0.04993941866973328
2020-09-11,120103.28123649105,0.0,0,,-0.04993941866973328
2020-09-14,120103.28123649105,0.0,0,,-0.04993941866973328
2020-09-15,120490.86924832521,0.0032271225885243116,1,69.69521365820636,-0.046873456707255956
2020-09-16,118683.26415741567,-0.015002008884043794,1,69.69521365820636,-0.06117226957735167
2020-09-17,116445.61808503096,-0.01885393099246757,0,,-0.07887286282055517
2020-09-18,116445.61808503096,0.0,0,,-0.07887286282055517
2020-09-21,116445.61808503096,0.0,0,,-0.07887286282055517
2020-09-22,116445.61808503096,0.0,0,,-0.07887286282055517
2020-09-23,116445.61808503096,0.0,0,,-0.07887286282055517
2020-09-24,116445.61808503096,0.0,0,,-0.07887286282055517
2020-09-25,116445.61808503096,0.0,0,,-0.07887286282055517
2020-09-28,116445.61808503096,0.0,0,,-0.07887286282055517
2020-09-29,116445.61808503096,0.0,0,,-0.07887286282055517
2020-09-30,116445.61808503096,0.0,0,,-0.07887286282055517
2020-10-01,116445.61808503096,0.0,0,,-0.07887286282055517
2020-10-02,116445.61808503096,0.0,0,,-0.07887286282055517
2020-10-05,116445.61808503096,0.0,0,,-0.07887286282055517
2020-10-06,116445.61808503096,0.0,0,,-0.07887286282055517
2020-10-07,116445.61808503096,0.0,0,,-0.07887286282055517
2020-10-08,116445.61808503096,0.0,0,,-0.07887286282055517
2020-10-09,116445.61808503096,0.0,0,,-0.07887286282055517
2020-10-12,116445.61808503096,0.0,0,,-0.07887286282055517
2020-10-13,115538.34359914507,-0.007791400834193496,1,73.47934766819778,-0.08604973356557344
2020-10-14,115270.68874823206,-0.002316588957183119,1,73.47934766819778,-0.08816698066021
2020-10-15,114683.0564810326,-0.005097846413349094,1,73.47934766819778,-0.09281536534742463
2020-10-16,115584.76042672947,0.007862573368420778,1,73.47934766819778,-0.08568255959876481
2020-10-19,112801.52249300247,-0.024079627136410653,1,73.47934766819778,-0.10769898264794386
2020-10-20,114359.42205019215,0.01381097987650226,1,73.47934766819778,-0.09537543125351211
2020-10-21,116933.26750773282,0.022506632259920112,1,73.47934766819778,-0.07501537875144615
2020-10-22,118457.24314419957,0.013032866257380205,1,74.52589102812357,-0.06296017789258013
2020-10-23,120397.80043855614,0.016381921804429433,1,75.84399905111668,-0.04760966479917994
2020-10-26,116807.94093753614,-0.029816653526424264,1,75.84399905111668,-0.07600675744577778
2020-10-27,117883.63700424913,0.009209100495044531,1,75.84399905111668,-0.06749761081835393
2020-10-28,112732.73321633432,-0.04369481565731759,0,,-0.10824313081365422
2020-10-29,112732.73321633432,0.0,0,,-0.10824313081365422
2020-10-30,112732.73321633432,0.0,0,,-0.10824313081365422
2020-11-02,112732.73321633432,0.0,0,,-0.10824313081365422
2020-11-03,112732.73321633432,0.0,0,,-0.10824313081365422
2020-11-04,112732.73321633432,0.0,0,,-0.10824313081365422
2020-11-05,112732.73321633432,0.0,0,,-0.10824313081365422
2020-11-06,112732.73321633432,0.0,0,,-0.10824313081365422
2020-11-09,112732.73321633432,0.0,0,,-0.10824313081365422
2020-11-10,112732.73321633432,0.0,0,,-0.10824313081365422
2020-11-11,112732.73321633432,0.0,0,,-0.10824313081365422
2020-11-12,112732.73321633432,0.0,0,,-0.10824313081365422
2020-11-13,112732.73321633432,0.0,0,,-0.10824313081365422
2020-11-16,112732.73321633432,0.0,0,,-0.10824313081365422
2020-11-17,112732.73321633432,0.0,0,,-0.10824313081365422
2020-11-18,112732.73321633432,0.0,0,,-0.10824313081365422
2020-11-19,112732.73321633432,0.0,0,,-0.10824313081365422
2020-11-20,112732.73321633432,0.0,0,,-0.10824313081365422
2020-11-23,112732.73321633432,0.0,0,,-0.10824313081365422
2020-11-24,112732.73321633432,0.0,0,,-0.10824313081365422
2020-11-25,112732.73321633432,0.0,0,,-0.10824313081365422
2020-11-27,112732.73321633432,0.0,0,,-0.10824313081365422
2020-11-30,112732.73321633432,0.0,0,,-0.10824313081365422
2020-12-01,112732.73321633432,0.0,0,,-0.10824313081365422
2020-12-02,112732.73321633432,0.0,0,,-0.10824313081365422
2020-12-03,112732.73321633432,0.0,0,,-0.10824313081365422
2020-12-04,112732.73321633432,0.0,0,,-0.10824313081365422
2020-12-07,112732.73321633432,0.0,0,,-0.10824313081365422
2020-12-08,112732.73321633432,0.0,0,,-0.10824313081365422
2020-12-09,112732.73321633432,0.0,0,,-0.10824313081365422
2020-12-10,112732.73321633432,0.0,0,,-0.10824313081365422
2020-12-11,112732.73321633432,0.0,0,,-0.10824313081365422
2020-12-14,112732.73321633432,0.0,0,,-0.10824313081365422
2020-12-15,112732.73321633432,0.0,0,,-0.10824313081365422
2020-12-16,112732.73321633432,0.0,0,,-0.10824313081365422
2020-12-17,112732.73321633432,0.0,0,,-0.10824313081365422
2020-12-18,112732.73321633432,0.0,0,,-0.10824313081365422
2020-12-21,112732.73321633432,0.0,0,,-0.10824313081365422
2020-12-22,112732.73321633432,0.0,0,,-0.10824313081365422
2020-12-23,112732.73321633432,0.0,0,,-0.10824313081365422
2020-12-24,112732.73321633432,0.0,0,,-0.10824313081365422
2020-12-28,112732.73321633432,0.0,0,,-0.10824313081365422
2020-12-29,112732.73321633432,0.0,0,,-0.10824313081365422
2020-12-30,110730.33964456175,-0.017762308378791558,1,83.10943100770314,-0.12408279132304778
2020-12-31,110629.18604667485,-0.0009135129379319595,0,,-0.12488295302573138
2021-01-04,110629.18604667485,0.0,0,,-0.12488295302573138
2021-01-05,110629.18604667485,0.0,0,,-0.12488295302573138
2021-01-06,110629.18604667485,0.0,0,,-0.12488295302573138
2021-01-07,110629.18604667485,0.0,0,,-0.12488295302573138
2021-01-08,110629.18604667485,0.0,0,,-0.12488295302573138
2021-01-11,109174.8693765453,-0.013145867940454359,1,83.40828767094905,-0.13638712615769555
2021-01-12,108332.69114846314,-0.007714030095859137,0,,-0.1430490618576865
2021-01-13,108332.69114846314,0.0,0,,-0.1430490618576865
2021-01-14,108332.69114846314,0.0,0,,-0.1430490618576865
2021-01-15,108332.69114846314,0.0,0,,-0.1430490618576865
2021-01-19,108332.69114846314,0.0,0,,-0.1430490618576865
2021-01-20,111350.93222889655,0.0278608520515482,1,87.0807642644519,-0.11917367855466798
2021-01-21,111592.56337814203,0.0021699966440225094,1,87.1686474230286,-0.11726228839316488
2021-01-22,112090.669319443,0.004463612325250388,1,87.52787811192567,-0.11332208946367328
2021-01-25,112192.5311952718,0.0009087453616545282,1,87.54840617877021,-0.11251632502519171
2021-01-26,113002.16204584732,0.007216441611129554,1,88.13975976965489,-0.10611185090390529
2021-01-27,107730.38801812343,-0.04665197490279016,1,88.13975976965489,-0.14781349840143787
2021-01-28,109759.4966559388,0.018835062930192104,1,88.13975976965489,-0.13176251201556866
2021-01-29,108229.05960530898,-0.013943550191627185,1,88.13975976965489,-0.14386882500753184
2021-02-01,112120.88575766467,0.035959160751728225,1,88.13975976965489,-0.11308306646141164
2021-02-02,113663.74877111391,0.013760710174765656,1,88.13975976965489,-0.10087845958989528
2021-02-03,121941.31028959548,0.07282499132727183,1,92.99622840745137,-0.035399941207366115
2021-02-04,121630.36927284695,-0.0025499235329691228,1,92.99622840745137,-0.037859597597184824
2021-02-05,123715.13016704886,0.017140134545882146,1,94.45526714944012,-0.0213683816479715
2021-02-08,123459.88702329046,-0.0020631522063125907,1,94.45912797430141,-0.02338744763054179
2021-02-09,122919.14780426913,-0.0043798778053256715,1,94.77409842855283,-0.02766489127306726
2021-02-10,123575.97215612035,0.005343547881548227,1,95.37670054990414,-0.022469172062674514
2021-02-11,123710.4225335578,0.001087997732015289,1,95.51345786991278,-0.02140562073890362
2021-02-12,124082.34382599282,0.003006386081448653,1,96.14933336188874,-0.018463588217709104
2021-02-16,125010.45011942663,0.007479761139387753,1,96.80367523028907,-0.011121930307965822
2021-02-17,125479.53477752012,0.0037523635635690056,1,97.8732502029644,-0.0074113002704411235
2021-02-18,124720.83030319864,-0.006046439968610762,1,97.8732502029644,-0.013412928256877232
2021-02-19,123713.97150531753,-0.008072900055535404,1,97.8732502029644,-0.021377547083142767
2021-02-22,121667.66540794665,-0.01654062247353305,1,97.8732502029644,-0.03756457162096338
2021-02-23,122014.74389806355,0.002852676501625684,1,97.8732502029644,-0.0348190546900945
2021-02-24,123417.83763809611,0.011499378642344738,1,97.96216482139225,-0.023720073541599662
2021-02-25,119398.6955451053,-0.03256532580627702,1,97.96216482139225,-0.05551294742484569
2021-02-26,119751.67682372747,0.002956324413852629,1,97.96216482139225,-0.05272073729274995
2021-03-01,122579.78764348058,0.02361646111992277,1,97.96216482139225,-0.030349353415315083
2021-03-02,122272.97949101782,-0.002502926121516147,1,97.96216482139225,-0.03277631734739683
2021-03-03,119129.80391355114,-0.025706215637753216,1,97.96216482139225,-0.05763997790360653
2021-03-04,120463.59690940137,0.01119613188332047,1,97.96216482139225,-0.04708919081464635
2021-03-05,121892.62831939383,0.011862765571139411,0,,-0.03578503327507587
2021-03-08,117238.92069030169,-0.038178745452088214,1,96.23412967826634,-0.07259755105076049
2021-03-09,119526.79240551052,0.019514609156565665,0,,-0.05449965472867424
2021-03-10,119526.79240551052,0.0,0,,-0.05449965472867424
2021-03-11,119526.79240551052,0.0,0,,-0.05449965472867424
2021-03-12,117829.77466539746,-0.014197802065629817,1,94.69812663481233,-0.06792368148382111
2021-03-15,117364.93544943245,-0.003945006406784857,0,,-0.07160072853197996
2021-03-16,117364.93544943245,0.0,0,,-0.07160072853197996
2021-03-17,117364.93544943245,0.0,0,,-0.07160072853197996
2021-03-18,117364.93544943245,0.0,0,,-0.07160072853197996
2021-03-19,117364.93544943245,0.0,0,,-0.07160072853197996
2021-03-22,117364.93544943245,0.0,0,,-0.07160072853197996
2021-03-23,117364.93544943245,0.0,0,,-0.07160072853197996
2021-03-24,117364.93544943245,0.0,0,,-0.07160072853197996
2021-03-25,117364.93544943245,0.0,0,,-0.07160072853197996
2021-03-26,116781.95020549597,-0.004967286367977053,1,94.31846908314873,-0.07621235357718292
2021-03-29,117996.62794759388,0.01040124556886135,1,95.47350009322689,-0.06660381141325866
2021-03-30,118233.73752706226,0.0020094606396183767,0,,-0.06472818851112383
2021-03-31,118233.73752706226,0.0,0,,-0.06472818851112383
2021-04-01,120174.3034448167,0.0164129626479097,1,100.03788052229787,-0.04937760720351403
2021-04-05,125206.34606392447,0.041872866951281784,1,103.81796207007729,-0.009572322229037589
2021-04-06,124658.99699061117,-0.0043715761262920205,1,103.81796207007729,-0.01390205221999996
2021-04-07,126338.81010583231,0.013475265771211609,1,105.27783332352126,-0.0006141202972181903
2021-04-08,126982.06456200713,0.005091503201874126,1,106.1102700992959,0.0
2021-04-09,128124.1069736733,0.00899373006420534,1,107.08972284823741,0.0
2021-04-12,126654.22703882687,-0.01147231359941081,1,107.08972284823741,-0.01147231359941081
2021-04-13,127207.75598591346,0.0043703945776472075,1,107.08972284823741,-0.007152057558911462
2021-04-14,126501.31210311154,-0.005553465489008036,1,107.08972284823741,-0.012665804343090614
2021-04-15,128946.78637260784,0.01933161189271293,1,107.89878789186332,0.0
2021-04-16,128805.74444332616,-0.00109379949085453,1,107.89878789186332,-0.00109379949085453
2021-04-19,129201.27374842826,0.003070742743745747,1,108.31736647172741,0.0
2021-04-20,128594.70740364173,-0.004694739666170733,1,108.31736647172741,-0.004694739666170733
2021-04-21,128557.48040030696,-0.0002894909447394012,1,108.31736647172741,-0.004982871526288846
2021-04-22,127099.98628842388,-0.011337295249912116,1,108.31736647172741,-0.016263674490515134
2021-04-23,129775.14152059153,0.021047643751093803,1,109.34759454457523,0.0
2021-04-26,130339.37877216292,0.004347806867788018,1,109.8340193561952,0.0
2021-04-27,129270.12154049335,-0.008203639159111487,1,109.8340193561952,-0.008203639159111487
2021-04-28,133110.45677080328,0.029707833368958214,1,111.34046653639523,0.0
2021-04-29,135013.11908950337,0.014293860639184697,1,112.93618475384604,0.0
2021-04-30,132797.86467462493,-0.016407697487604067,1,112.93618475384604,-0.016407697487604067
2021-05-03,132209.907485603,-0.004427459661813904,1,112.93618475384604,-0.02076251273064833
2021-05-04,128469.8187660534,-0.028289020018843036,0,,-0.048464181611212576
2021-05-05,128469.8187660534,0.0,0,,-0.048464181611212576
2021-05-06,128469.8187660534,0.0,0,,-0.048464181611212576
2021-05-07,128469.8187660534,0.0,0,,-0.048464181611212576
2021-05-10,128469.8187660534,0.0,0,,-0.048464181611212576
2021-05-11,128469.8187660534,0.0,0,,-0.048464181611212576
2021-05-12,128469.8187660534,0.0,0,,-0.048464181611212576
2021-05-13,128469.8187660534,0.0,0,,-0.048464181611212576
2021-05-14,128469.8187660534,0.0,0,,-0.048464181611212576
2021-05-17,128469.8187660534,0.0,0,,-0.048464181611212576
2021-05-18,128469.8187660534,0.0,0,,-0.048464181611212576
2021-05-19,128469.8187660534,0.0,0,,-0.048464181611212576
2021-05-20,128469.8187660534,0.0,0,,-0.048464181611212576
2021-05-21,126988.76503354109,-0.011528417699485871,1,108.54147837271486,-0.05943388398162064
2021-05-24,127945.71610798365,0.0075357144719834235,0,,-0.05234604628928363
2021-05-25,127262.35326163123,-0.005341037333174037,1,111.5233194685074,-0.05740750143498252
2021-05-26,128201.67944100282,0.0073810216084915226,1,112.08846246092807,-0.05045020583507209
2021-05-27,127252.13201226729,-0.007406669186206027,1,112.08846246092807,-0.057483207036281625
2021-05-28,127692.60099422403,0.0034613878368205953,0,,-0.05422079087311793
2021-06-01,127863.26755157708,0.001336542258707496,1,112.76551580660374,-0.05295671699271298
2021-06-02,127294.59050465707,-0.0044475403906804045,1,112.76551580660374,-0.05716873024561042
2021-06-03,126059.01180416146,-0.009706450962269297,1,112.76551580660374,-0.0663202757311755
2021-06-04,128528.5727968087,0.019590515246016738,1,113.710921976705,-0.04802900885799033
2021-06-07,128997.33784172517,0.0036471660325485544,1,114.23846127535954,-0.04455701259512568
2021-06-08,128790.0777180226,-0.0016067007829019264,1,114.23846127535954,-0.04609212359100723
2021-06-09,129300.20049205718,0.003960885675925008,1,114.99824058465073,-0.042313803547186835
2021-06-10,130760.23586002266,0.011291826017355344,1,116.41815974677044,-0.0314997776376188
2021-06-11,130495.51330748337,-0.0020244881847923946,1,116.41815974677044,-0.03346049489476033
2021-06-14,131500.19180631248,0.007698950510748981,1,117.51927934753365,-0.02601915507827124
2021-06-15,130398.31437250997,-0.00837928385249409,1,117.51927934753365,-0.03418041704476238
2021-06-16,129703.46316559636,-0.0053286824316503,1,117.51927934753365,-0.039326962888599826
2021-06-17,130746.2817622182,0.008040021223569394,1,117.51927934753365,-0.03160313128131331
2021-06-18,128993.05318098853,-0.013409395338814911,1,117.51927934753365,-0.0445887477388327
2021-06-21,130820.36172661459,0.014165945378951328,1,117.51927934753365,-0.031054444124865355
2021-06-22,131376.69762716576,0.004252670556849525,1,117.51927934753365,-0.026933837888205026
2021-06-23,131158.13030032231,-0.0016636689062143883,1,117.51927934753365,-0.02855269780579983
2021-06-24,131558.70472146882,0.0030541333597031706,1,117.62711971332995,-0.025585768192974867
2021-06-25,131567.8365080581,6.941225674594875e-05,1,117.65455772133456,-0.025518131902139918
2021-06-28,131597.37419819424,0.00022450540284091325,1,117.65659541578296,-0.02529935545778139
2021-06-29,131314.3963440222,-0.002150330551017321,1,117.65659541578296,-0.027395284031836775
2021-06-30,131117.8644152529,-0.001496651808492011,1,117.65659541578296,-0.028850934638938397
2021-07-01,131499.11650535543,0.002907705153701201,1,117.65659541578296,-0.02602711949657588
2021-07-02,134520.12491497205,0.022973602332100773,1,120.14566055163091,-0.0036514538576395417
2021-07-06,135521.5857824758,0.0074446917748312025,1,121.04708507076613,0.0
2021-07-07,135826.57422008447,0.0022504786661676768,1,121.55569811337705,0.0
2021-07-08,134290.84593628702,-0.011306537712635345,1,121.55569811337705,-0.011306537712635345
2021-07-09,134800.42278829723,0.003794576230847335,1,121.55569811337705,-0.007554865001045519
2021-07-12,136365.1759263898,0.011607924557847982,1,122.17038565367373,0.0
2021-07-13,136758.23978392844,0.0028824357455512484,1,122.52462128351848,0.0
2021-07-14,137719.94760220384,0.007032174586298012,1,123.2836007293231,0.0
2021-07-15,136396.8642184401,-0.009607056979032413,1,123.2836007293231,-0.009607056979032413
2021-07-16,136359.27004267173,-0.00027562346087495193,1,123.2836007293231,-0.009880032509614
2021-07-19,133459.65130448298,-0.0212645516310066,0,,-0.03093448967920387
2021-07-20,133459.65130448298,0.0,0,,-0.03093448967920387
2021-07-21,133459.65130448298,0.0,0,,-0.03093448967920387
2021-07-22,133459.65130448298,0.0,0,,-0.03093448967920387
2021-07-23,133459.65130448298,0.0,0,,-0.03093448967920387
2021-07-26,133459.65130448298,0.0,0,,-0.03093448967920387
2021-07-27,133459.65130448298,0.0,0,,-0.03093448967920387
2021-07-28,133459.65130448298,0.0,0,,-0.03093448967920387
2021-07-29,133459.65130448298,0.0,0,,-0.03093448967920387
2021-07-30,133459.65130448298,0.0,0,,-0.03093448967920387
2021-08-02,133459.65130448298,0.0,0,,-0.03093448967920387
2021-08-03,133459.65130448298,0.0,0,,-0.03093448967920387
2021-08-04,133459.65130448298,0.0,0,,-0.03093448967920387
2021-08-05,133459.65130448298,0.0,0,,-0.03093448967920387
2021-08-06,133459.65130448298,0.0,0,,-0.03093448967920387
2021-08-09,133459.65130448298,0.0,0,,-0.03093448967920387
2021-08-10,133459.65130448298,0.0,0,,-0.03093448967920387
2021-08-11,133459.65130448298,0.0,0,,-0.03093448967920387
2021-08-12,133459.65130448298,0.0,0,,-0.03093448967920387
2021-08-13,133459.65130448298,0.0,0,,-0.03093448967920387
2021-08-16,133459.65130448298,0.0,0,,-0.03093448967920387
2021-08-17,133459.65130448298,0.0,0,,-0.03093448967920387
2021-08-18,133459.65130448298,0.0,0,,-0.03093448967920387
2021-08-19,133459.65130448298,0.0,0,,-0.03093448967920387
2021-08-20,133459.65130448298,0.0,0,,-0.03093448967920387
2021-08-23,133459.65130448298,0.0,0,,-0.03093448967920387
2021-08-24,133459.65130448298,0.0,0,,-0.03093448967920387
2021-08-25,133459.65130448298,0.0,0,,-0.03093448967920387
2021-08-26,133459.65130448298,0.0,0,,-0.03093448967920387
2021-08-27,133459.65130448298,0.0,0,,-0.03093448967920387
2021-08-30,133459.65130448298,0.0,0,,-0.03093448967920387
2021-08-31,133459.65130448298,0.0,0,,-0.03093448967920387
2021-09-01,133459.65130448298,0.0,0,,-0.03093448967920387
2021-09-02,133459.65130448298,0.0,0,,-0.03093448967920387
2021-09-03,133459.65130448298,0.0,0,,-0.03093448967920387
2021-09-07,133459.65130448298,0.0,0,,-0.03093448967920387
2021-09-08,133459.65130448298,0.0,0,,-0.03093448967920387
2021-09-09,133459.65130448298,0.0,0,,-0.03093448967920387
2021-09-10,133459.65130448298,0.0,0,,-0.03093448967920387
2021-09-13,133459.65130448298,0.0,0,,-0.03093448967920387
2021-09-14,133459.65130448298,0.0,0,,-0.03093448967920387
2021-09-15,133459.65130448298,0.0,0,,-0.03093448967920387
2021-09-16,133459.65130448298,0.0,0,,-0.03093448967920387
2021-09-17,133459.65130448298,0.0,0,,-0.03093448967920387
2021-09-20,133459.65130448298,0.0,0,,-0.03093448967920387
2021-09-21,133459.65130448298,0.0,0,,-0.03093448967920387
2021-09-22,133459.65130448298,0.0,0,,-0.03093448967920387
2021-09-23,133459.65130448298,0.0,0,,-0.03093448967920387
2021-09-24,133459.65130448298,0.0,0,,-0.03093448967920387
2021-09-27,133512.9299139843,0.0003992113644877282,1,133.96357518404722,-0.030547627714550663
2021-09-28,131028.60638402104,-0.018607362834174745,0,,-0.048586579756117465
2021-09-29,131028.60638402104,0.0,0,,-0.048586579756117465
2021-09-30,131028.60638402104,0.0,0,,-0.048586579756117465
2021-10-01,131028.60638402104,0.0,0,,-0.048586579756117465
2021-10-04,131028.60638402104,0.0,0,,-0.048586579756117465
2021-10-05,131028.60638402104,0.0,0,,-0.048586579756117465
2021-10-06,131028.60638402104,0.0,0,,-0.048586579756117465
2021-10-07,131028.60638402104,0.0,0,,-0.048586579756117465
2021-10-08,131028.60638402104,0.0,0,,-0.048586579756117465
2021-10-11,131028.60638402104,0.0,0,,-0.048586579756117465
2021-10-12,131028.60638402104,0.0,0,,-0.048586579756117465
2021-10-13,131028.60638402104,0.0,0,,-0.048586579756117465
2021-10-14,131028.60638402104,0.0,0,,-0.048586579756117465
2021-10-15,131028.60638402104,0.0,0,,-0.048586579756117465
2021-10-18,132410.29775061915,0.010544959644527063,1,134.71899250879486,-0.03855396363438435
2021-10-19,132835.96095143858,0.0032147288243480343,1,135.5669687037681,-0.03546317534822463
2021-10-20,131474.54440946146,-0.010248855296607684,1,135.5669687037681,-0.04534857369233003
2021-10-21,131583.04231227795,0.0008252388574823133,1,135.5669687037681,-0.04456075823999006
2021-10-22,126728.83736441823,-0.03689080950370138,0,,-0.07980768530011939
2021-10-25,126728.83736441823,0.0,0,,-0.07980768530011939
2021-10-26,126728.83736441823,0.0,0,,-0.07980768530011939
2021-10-27,132722.7893849601,0.04729745924604223,1,137.76708347579043,-0.03628492679708051
2021-10-28,132388.31825477484,-0.002520073091706543,1,137.76708347579043,-0.03871355922113118
2021-10-29,134382.54696355265,0.015063479429809012,1,139.01992704555417,-0.024233240694304325
2021-11-01,130253.37145502325,-0.030727022234883772,1,139.01992704555417,-0.05421564760355102
2021-11-02,132010.23626153838,0.013488056292821238,1,139.01992704555417,-0.04145885501755808
2021-11-03,133068.18070881098,0.008014109187537644,1,139.01992704555417,-0.033777001620921565
2021-11-04,134583.59877497083,0.011388282744136946,1,139.01992704555417,-0.022773380921492725
2021-11-05,135114.14400985857,0.0039421240011188186,1,139.14198277220396,-0.018921032411891248
2021-11-08,135276.6325765524,0.0012026021989375302,1,139.14198277220396,-0.017741184688138456
2021-11-09,135174.50569494738,-0.0007549484316681232,1,139.14198277220396,-0.018482739440250362
2021-11-10,132428.69920138977,-0.02031305000481498,1,139.14198277220396,-0.03842034863458954
2021-11-11,132313.42893688378,-0.0008704326569778376,1,139.14198277220396,-0.03925733896542338
2021-11-12,134956.1857155689,0.01997345847597809,1,139.14198277220396,-0.020067985319148662
2021-11-15,134751.06504838032,-0.0015199056353065732,1,139.14198277220396,-0.021557389510479474
2021-11-16,134228.25203768857,-0.00387984325395907,1,139.46967388615207,-0.025353593472173253
2021-11-17,134383.44183217568,0.001156163416651923,1,139.8533343783008,-0.024226742952774494
2021-11-18,136009.6278550818,0.012101089246820962,1,141.78655748308068,-0.012418823684584801
2021-11-19,135181.7625201874,-0.006086814205362834,1,141.78655748308068,-0.018430046817530465
2021-11-22,132799.510387064,-0.01762258524161242,1,141.78655748308068,-0.03572784698809395
2021-11-23,132327.5091353745,-0.0035542393967700203,1,141.78655748308068,-0.039155101063537145
2021-11-24,132634.28128521208,0.0023182794858152,1,141.78655748308068,-0.03692759404528245
2021-11-26,130829.76502764308,-0.013605202516901671,0,,-0.05003038916673608
2021-11-29,130829.76502764308,0.0,0,,-0.05003038916673608
2021-11-30,130829.76502764308,0.0,0,,-0.05003038916673608
2021-12-01,130829.76502764308,0.0,0,,-0.05003038916673608
2021-12-02,130829.76502764308,0.0,0,,-0.05003038916673608
2021-12-03,130829.76502764308,0.0,0,,-0.05003038916673608
2021-12-06,130829.76502764308,0.0,0,,-0.05003038916673608
2021-12-07,130829.76502764308,0.0,0,,-0.05003038916673608
2021-12-08,130829.76502764308,0.0,0,,-0.05003038916673608
2021-12-09,130829.76502764308,0.0,0,,-0.05003038916673608
2021-12-10,130020.17658950471,-0.006188105879172845,1,138.84321219233723,-0.05590890170056906
2021-12-13,128109.44294527784,-0.014695670274771033,1,138.84321219233723,-0.06978295319052397
2021-12-14,126287.00997838644,-0.014225594343344805,0,,-0.08301584354969971
2021-12-15,126287.00997838644,0.0,0,,-0.08301584354969971
2021-12-16,126287.00997838644,0.0,0,,-0.08301584354969971
2021-12-17,126287.00997838644,0.0,0,,-0.08301584354969971
2021-12-20,126287.00997838644,0.0,0,,-0.08301584354969971
2021-12-21,126287.00997838644,0.0,0,,-0.08301584354969971
2021-12-22,126287.00997838644,0.0,0,,-0.08301584354969971
2021-12-23,126456.3632012612,0.001341018548968398,1,137.61440778605794,-0.08178615078678986
2021-12-27,127308.49115119787,0.0067385138111275555,1,138.99749560633342,-0.07559875408229799
2021-12-28,126258.82077293485,-0.008245093228042233,1,138.99749560633342,-0.08322052853500783
2021-12-29,126231.2690469088,-0.00021821624705020692,1,138.99749560633342,-0.08342058471064362
2021-12-30,125840.05575137236,-0.003099178979109052,1,138.99749560633342,-0.08626122836719241
2021-12-31,124679.38294274836,-0.00922339712656517,1,138.99749560633342,-0.09468900392790158
2022-01-03,124799.46763120743,0.0009631479208893623,1,138.99749560633342,-0.09381705552427655
2022-01-04,124289.90654620585,-0.0040830389317635385,1,138.99749560633342,-0.09751703576587101
2022-01-05,120597.48285777523,-0.029708154033070477,0,,-0.1243281386795605
2022-01-06,120597.48285777523,0.0,0,,-0.1243281386795605
2022-01-07,120597.48285777523,0.0,0,,-0.1243281386795605
2022-01-10,120597.48285777523,0.0,0,,-0.1243281386795605
2022-01-11,120597.48285777523,0.0,0,,-0.1243281386795605
2022-01-12,120597.48285777523,0.0,0,,-0.1243281386795605
2022-01-13,120597.48285777523,0.0,0,,-0.1243281386795605
2022-01-14,120597.48285777523,0.0,0,,-0.1243281386795605
2022-01-18,120597.48285777523,0.0,0,,-0.1243281386795605
2022-01-19,120597.48285777523,0.0,0,,-0.1243281386795605
2022-01-20,120597.48285777523,0.0,0,,-0.1243281386795605
2022-01-21,120597.48285777523,0.0,0,,-0.1243281386795605
2022-01-24,120597.48285777523,0.0,0,,-0.1243281386795605
2022-01-25,120597.48285777523,0.0,0,,-0.1243281386795605
2022-01-26,120597.48285777523,0.0,0,,-0.1243281386795605
2022-01-27,120597.48285777523,0.0,0,,-0.1243281386795605
2022-01-28,120597.48285777523,0.0,0,,-0.1243281386795605
2022-01-31,120597.48285777523,0.0,0,,-0.1243281386795605
2022-02-01,120597.48285777523,0.0,0,,-0.1243281386795605
2022-02-02,120597.48285777523,0.0,0,,-0.1243281386795605
2022-02-03,118255.29629117796,-0.019421521171876344,1,131.7969666962058,-0.14133501827381179
2022-02-04,118423.09665233192,0.0014189669842845642,1,131.7969666962058,-0.1401166010141811
2022-02-07,115041.31022195917,-0.028556814725940183,1,131.7969666962058,-0.1646721319249309
2022-02-08,115204.9349880552,0.0014223131306514425,1,131.7969666962058,-0.16348403412976864
2022-02-09,117017.32146981261,0.01573184761525459,1,131.7969666962058,-0.15032409242697053
2022-02-10,114561.11679029789,-0.020990094873675202,1,131.7969666962058,-0.1681588703388045
2022-02-11,114372.78711166854,-0.0016439232080295296,0,,-0.16952635327724808
2022-02-14,114372.78711166854,0.0,0,,-0.16952635327724808
2022-02-15,114372.78711166854,0.0,0,,-0.16952635327724808
2022-02-16,115113.7052170995,0.0064780978425187374,1,124.68148455108165,-0.16414646373814468
2022-02-17,110768.68588141547,-0.03774545635108795,1,124.68148455108165,-0.19569613690701904
2022-02-18,111376.9155056329,0.005490988896163174,0,,-0.19127971332563443
2022-02-22,111189.12363756156,-0.0016860932736267875,1,116.67937492021797,-0.19264329116124157
2022-02-23,112591.72986428284,0.012614599169729068,0,,-0.18245880989224905
2022-02-24,119384.67046917882,0.060332500558292645,1,120.88692777082593,-0.13313450558364592
2022-02-25,120975.7973196701,0.013327731644592111,1,122.78731397496531,-0.12158115490210797
2022-02-28,121513.39823365158,0.004443871632942464,1,123.76676634244167,-0.1176775743145354
2022-03-01,120617.72933272437,-0.007370947681053064,1,123.76676634244167,-0.12418112675208282
2022-03-02,120945.75556682031,0.002719552390105795,0,,-0.1217992914420416
2022-03-03,120945.75556682031,0.0,0,,-0.1217992914420416
2022-03-04,120945.75556682031,0.0,0,,-0.1217992914420416
2022-03-07,120945.75556682031,0.0,0,,-0.1217992914420416
2022-03-08,120945.75556682031,0.0,0,,-0.1217992914420416
2022-03-09,120945.75556682031,0.0,0,,-0.1217992914420416
2022-03-10,120945.75556682031,0.0,0,,-0.1217992914420416
2022-03-11,120945.75556682031,0.0,0,,-0.1217992914420416
2022-03-14,120945.75556682031,0.0,0,,-0.1217992914420416
2022-03-15,120945.75556682031,0.0,0,,-0.1217992914420416
2022-03-16,120945.75556682031,0.0,0,,-0.1217992914420416
2022-03-17,120945.75556682031,0.0,0,,-0.1217992914420416
2022-03-18,120945.75556682031,0.0,0,,-0.1217992914420416
2022-03-21,120709.62344606206,-0.001952380384508734,1,124.89626409193798,-0.12351387327909191
2022-03-22,124050.18457132365,0.027674356276608636,1,128.09215453292154,-0.09925768393671275
2022-03-23,122637.75932563812,-0.011385918131169293,1,128.09215453292154,-0.10951346220468916
2022-03-24,125561.45389977378,0.023840084735831102,1,129.97013551738866,-0.08828418768753221
2022-03-25,125651.04885413041,0.0007135546107019941,1,130.65640629247565,-0.08763362866600677
2022-03-28,125458.1560269634,-0.0015351469719200317,1,131.03964394834446,-0.08903424513824187
2022-03-29,126389.36701871427,0.00742248269256196,1,132.83908806269542,-0.08227261758926385
2022-03-30,125886.51226345284,-0.003978615979514877,1,132.83908806269542,-0.0859239024177616
2022-03-31,123340.21491700054,-0.02022692741795451,1,132.83908806269542,-0.10441285329804462
2022-04-01,124300.74441623072,0.007787642496622338,1,132.83908806269542,-0.09743834077495961
2022-04-04,126802.69512928235,0.020128203775462872,1,134.36391969855683,-0.07927139577815812
2022-04-05,124691.42104245552,-0.016650072655587267,1,134.36391969855683,-0.09460159393452916
2022-04-06,120122.06922500486,-0.03664527823365549,0,,-0.12778017043710654
2022-04-07,120122.06922500486,0.0,0,,-0.12778017043710654
2022-04-08,120122.06922500486,0.0,0,,-0.12778017043710654
2022-04-11,120122.06922500486,0.0,0,,-0.12778017043710654
2022-04-12,120122.06922500486,0.0,0,,-0.12778017043710654
2022-04-13,120122.06922500486,0.0,0,,-0.12778017043710654
2022-04-14,120122.06922500486,0.0,0,,-0.12778017043710654
2022-04-18,120122.06922500486,0.0,0,,-0.12778017043710654
2022-04-19,120122.06922500486,0.0,0,,-0.12778017043710654
2022-04-20,120122.06922500486,0.0,0,,-0.12778017043710654
2022-04-21,120122.06922500486,0.0,0,,-0.12778017043710654
2022-04-22,120122.06922500486,0.0,0,,-0.12778017043710654
2022-04-25,120122.06922500486,0.0,0,,-0.12778017043710654
2022-04-26,120122.06922500486,0.0,0,,-0.12778017043710654
2022-04-27,120122.06922500486,0.0,0,,-0.12778017043710654
2022-04-28,120122.06922500486,0.0,0,,-0.12778017043710654
2022-04-29,120122.06922500486,0.0,0,,-0.12778017043710654
2022-05-02,120122.06922500486,0.0,0,,-0.12778017043710654
2022-05-03,120122.06922500486,0.0,0,,-0.12778017043710654
2022-05-04,120122.06922500486,0.0,0,,-0.12778017043710654
2022-05-05,120122.06922500486,0.0,0,,-0.12778017043710654
2022-05-06,120122.06922500486,0.0,0,,-0.12778017043710654
2022-05-09,120122.06922500486,0.0,0,,-0.12778017043710654
2022-05-10,120122.06922500486,0.0,0,,-0.12778017043710654
2022-05-11,120122.06922500486,0.0,0,,-0.12778017043710654
2022-05-12,120122.06922500486,0.0,0,,-0.12778017043710654
2022-05-13,120122.06922500486,0.0,0,,-0.12778017043710654
2022-05-16,120122.06922500486,0.0,0,,-0.12778017043710654
2022-05-17,120122.06922500486,0.0,0,,-0.12778017043710654
2022-05-18,120122.06922500486,0.0,0,,-0.12778017043710654
2022-05-19,120122.06922500486,0.0,0,,-0.12778017043710654
2022-05-20,120122.06922500486,0.0,0,,-0.12778017043710654
2022-05-23,120122.06922500486,0.0,0,,-0.12778017043710654
2022-05-24,120122.06922500486,0.0,0,,-0.12778017043710654
2022-05-25,120122.06922500486,0.0,0,,-0.12778017043710654
2022-05-26,120122.06922500486,0.0,0,,-0.12778017043710654
2022-05-27,120122.06922500486,0.0,0,,-0.12778017043710654
2022-05-31,120122.06922500486,0.0,0,,-0.12778017043710654
2022-06-01,120122.06922500486,0.0,0,,-0.12778017043710654
2022-06-02,120122.06922500486,0.0,0,,-0.12778017043710654
2022-06-03,120122.06922500486,0.0,0,,-0.12778017043710654
2022-06-06,120122.06922500486,0.0,0,,-0.12778017043710654
2022-06-07,121675.63745225375,0.012933245633147239,1,105.09091802946914,-0.11649953713526784
2022-06-08,121721.8509354323,0.00037980884379318347,1,105.65628168198013,-0.11616397584597637
2022-06-09,119272.24034308802,-0.020124657762916276,1,105.65628168198013,-0.13395087335061273
2022-06-10,115456.28016318133,-0.031993699195471126,1,105.65628168198013,-0.16165898859713357
2022-06-13,110745.88903708718,-0.040798050304727274,0,,-0.1958616673528637
2022-06-14,110745.88903708718,0.0,0,,-0.1958616673528637
2022-06-15,110745.88903708718,0.0,0,,-0.1958616673528637
2022-06-16,110745.88903708718,0.0,0,,-0.1958616673528637
2022-06-17,110745.88903708718,0.0,0,,-0.1958616673528637
2022-06-21,110745.88903708718,0.0,0,,-0.1958616673528637
2022-06-22,111511.21679098217,0.006910665132126903,1,100.72014747067456,-0.19030453661603242
2022-06-23,112086.98891864503,0.005163356155839294,0,,-0.18612379056081363
2022-06-24,116851.6884854303,0.04250894428294072,1,107.3194881802419,-0.1515267721205522
2022-06-27,114730.57823858777,-0.018152157442782757,1,107.3194881802419,-0.1669283917390061
2022-06-28,110941.00417442454,-0.033030201035704976,1,107.3194881802419,-0.19444491443700473
2022-06-29,110324.10830407507,-0.005560575865886097,0,,-0.19892426460442814
2022-06-30,110324.10830407507,0.0,0,,-0.19892426460442814
2022-07-01,110324.10830407507,0.0,0,,-0.19892426460442814
2022-07-05,110324.10830407507,0.0,0,,-0.19892426460442814
2022-07-06,110324.10830407507,0.0,0,,-0.19892426460442814
2022-07-07,110324.10830407507,0.0,0,,-0.19892426460442814
2022-07-08,112135.1533541676,0.01641567811362621,1,108.00026202841474,-0.18577406318753797
2022-07-11,108680.53251748395,-0.030807652492101045,1,108.00026202841474,-0.2108584528989117
2022-07-12,107124.68717004702,-0.014315768531835582,1,108.00026202841474,-0.22215562062606553
2022-07-13,104618.98372582666,-0.023390532195840752,1,108.00026202841474,-0.24034981462516536
2022-07-14,102280.44075518532,-0.022352950557901874,0,,-0.25733023766015006
2022-07-15,102280.44075518532,0.0,0,,-0.25733023766015006
2022-07-18,102280.44075518532,0.0,0,,-0.25733023766015006
2022-07-19,102280.44075518532,0.0,0,,-0.25733023766015006
2022-07-20,102280.44075518532,0.0,0,,-0.25733023766015006
2022-07-21,102280.44075518532,0.0,0,,-0.25733023766015006
2022-07-22,102280.44075518532,0.0,0,,-0.25733023766015006
2022-07-25,102280.44075518532,0.0,0,,-0.25733023766015006
2022-07-26,102280.44075518532,0.0,0,,-0.25733023766015006
2022-07-27,102280.44075518532,0.0,0,,-0.25733023766015006
2022-07-28,103808.6172544579,0.01494104335090185,1,102.64771921405239,-0.2462339765456263
2022-07-29,105717.20009820123,0.018385591622562147,1,104.79390630365077,-0.23237554225943158
2022-08-01,104390.25633085176,-0.012551824737288442,1,104.79390630365077,-0.24201062991704725
2022-08-02,104635.66025349432,0.0023508316893561254,1,104.79390630365077,-0.24022872448566113
2022-08-03,107316.76355781029,0.025623227280457073,1,106.67155948213625,-0.22076093241199457
2022-08-04,107416.73671153215,0.0009315707109263105,1,106.93671130303058,-0.22003501611982001
2022-08-05,105476.94565248949,-0.018058555104424556,0,,-0.23412005676074177
2022-08-08,105476.94565248949,0.0,0,,-0.23412005676074177
2022-08-09,104860.43127426409,-0.005845015462019543,1,106.75273359784008,-0.23859663687102595
2022-08-10,107620.63265572904,0.02632262091546811,1,109.3699750016003,-0.21855450477961946
2022-08-11,106847.42116735854,-0.007184602703869558,1,109.3866055837891,-0.22416888019750647
2022-08-12,109400.82159333673,0.023897632699798388,1,112.32895963013992,-0.2056283530593933
2022-08-15,109760.4727192782,0.0032874627512247123,1,113.03475962855148,-0.203016885859447
2022-08-16,109418.79826359,-0.0031129098410688227,1,113.9142241468666,-0.2054978224386208
2022-08-17,107485.77992979986,-0.017666236190361895,1,113.9142241468666,-0.21953368556117692
2022-08-18,108043.2159770718,0.00518613762337683,1,113.9142241468666,-0.21548607984408752
2022-08-19,105381.91398102949,-0.024631828773100106,1,113.9142241468666,-0.23481009239548145
2022-08-22,103238.22194912937,-0.02034212466748353,0,,-0.25037568089027273
2022-08-23,103238.22194912937,0.0,0,,-0.25037568089027273
2022-08-24,103238.22194912937,0.0,0,,-0.25037568089027273
2022-08-25,103238.22194912937,0.0,0,,-0.25037568089027273
2022-08-26,103238.22194912937,0.0,0,,-0.25037568089027273
2022-08-29,103238.22194912937,0.0,0,,-0.25037568089027273
2022-08-30,103238.22194912937,0.0,0,,-0.25037568089027273
2022-08-31,103238.22194912937,0.0,0,,-0.25037568089027273
2022-09-01,103238.22194912937,0.0,0,,-0.25037568089027273
2022-09-02,103238.22194912937,0.0,0,,-0.25037568089027273
2022-09-06,103238.22194912937,0.0,0,,-0.25037568089027273
2022-09-07,103238.22194912937,0.0,0,,-0.25037568089027273
2022-09-08,103238.22194912937,0.0,0,,-0.25037568089027273
2022-09-09,103238.22194912937,0.0,0,,-0.25037568089027273
2022-09-12,103238.22194912937,0.0,0,,-0.25037568089027273
2022-09-13,103238.22194912937,0.0,0,,-0.25037568089027273
2022-09-14,103238.22194912937,0.0,0,,-0.25037568089027273
2022-09-15,103238.22194912937,0.0,0,,-0.25037568089027273
2022-09-16,103238.22194912937,0.0,0,,-0.25037568089027273
2022-09-19,103238.22194912937,0.0,0,,-0.25037568089027273
2022-09-20,103238.22194912937,0.0,0,,-0.25037568089027273
2022-09-21,103238.22194912937,0.0,0,,-0.25037568089027273
2022-09-22,103238.22194912937,0.0,0,,-0.25037568089027273
2022-09-23,103238.22194912937,0.0,0,,-0.25037568089027273
2022-09-26,103238.22194912937,0.0,0,,-0.25037568089027273
2022-09-27,103238.22194912937,0.0,0,,-0.25037568089027273
2022-09-28,103238.22194912937,0.0,0,,-0.25037568089027273
2022-09-29,103238.22194912937,0.0,0,,-0.25037568089027273
2022-09-30,103238.22194912937,0.0,0,,-0.25037568089027273
2022-10-03,103238.22194912937,0.0,0,,-0.25037568089027273
2022-10-04,103238.22194912937,0.0,0,,-0.25037568089027273
2022-10-05,103238.22194912937,0.0,0,,-0.25037568089027273
2022-10-06,103238.22194912937,0.0,0,,-0.25037568089027273
2022-10-07,103238.22194912937,0.0,0,,-0.25037568089027273
2022-10-10,103238.22194912937,0.0,0,,-0.25037568089027273
2022-10-11,103238.22194912937,0.0,0,,-0.25037568089027273
2022-10-12,103238.22194912937,0.0,0,,-0.25037568089027273
2022-10-13,103238.22194912937,0.0,0,,-0.25037568089027273
2022-10-14,103238.22194912937,0.0,0,,-0.25037568089027273
2022-10-17,103238.22194912937,0.0,0,,-0.25037568089027273
2022-10-18,103238.22194912937,0.0,0,,-0.25037568089027273
2022-10-19,103238.22194912937,0.0,0,,-0.25037568089027273
2022-10-20,103052.6727336763,-0.0017972918551860673,1,91.0517825865135,-0.25172297457345816
2022-10-21,100715.99805770369,-0.022674566452161593,0,,-0.26868983171111804
2022-10-24,101276.41026911678,0.005564281963348128,1,93.66266080967587,-0.26462061573209517
2022-10-25,103212.63839758297,0.019118253928245954,1,95.75100589330705,-0.25056144593006424
2022-10-26,95117.38598974507,-0.07843276301739677,0,,-0.30934198243753197
2022-10-27,95117.38598974507,0.0,0,,-0.30934198243753197
2022-10-28,95117.38598974507,0.0,0,,-0.30934198243753197
2022-10-31,94069.1721335167,-0.01102021302752576,1,84.95622889938322,-0.31695318092023894
2022-11-01,94862.2806869184,0.008431120795620473,0,,-0.3111943306795132
2022-11-02,94862.2806869184,0.0,0,,-0.3111943306795132
2022-11-03,94862.2806869184,0.0,0,,-0.3111943306795132
2022-11-04,94862.2806869184,0.0,0,,-0.3111943306795132
2022-11-07,94862.2806869184,0.0,0,,-0.3111943306795132
2022-11-08,94862.2806869184,0.0,0,,-0.3111943306795132
2022-11-09,94862.2806869184,0.0,0,,-0.3111943306795132
2022-11-10,94862.2806869184,0.0,0,,-0.3111943306795132
2022-11-11,94862.2806869184,0.0,0,,-0.3111943306795132
2022-11-14,94862.2806869184,0.0,0,,-0.3111943306795132
2022-11-15,94862.2806869184,0.0,0,,-0.3111943306795132
2022-11-16,94862.2806869184,0.0,0,,-0.3111943306795132
2022-11-17,94862.2806869184,0.0,0,,-0.3111943306795132
2022-11-18,94862.2806869184,0.0,0,,-0.3111943306795132
2022-11-21,94862.2806869184,0.0,0,,-0.3111943306795132
2022-11-22,94862.2806869184,0.0,0,,-0.3111943306795132
2022-11-23,94862.2806869184,0.0,0,,-0.3111943306795132
2022-11-25,93968.1478386734,-0.009425588777440264,1,89.85637110493505,-0.31768672966609757
2022-11-28,92608.66964784397,-0.014467436275996448,1,89.85637110493505,-0.32755805342492006
2022-11-29,92161.6809731988,-0.0048266396261267275,0,,-0.3308036883705291
2022-11-30,98011.68311401717,0.06347542795491745,1,92.3292791246264,-0.2883261661039962
2022-12-01,98011.68311401717,0.0,1,93.22610355278387,-0.2883261661039962
2022-12-02,97477.90391380942,-0.005446077276183514,1,93.22610355278387,-0.29220199679883163
2022-12-05,96546.2159030057,-0.009557940552635702,1,93.22610355278387,-0.2989670880367026
2022-12-06,94119.9461316203,-0.02513065632549416,1,93.22610355278387,-0.3165845052201127
2022-12-07,92140.10443687973,-0.021035304163602997,1,93.22610355278387,-0.3309603580229269
2022-12-08,91200.69376080566,-0.010195459206556512,0,,-0.3377815244002733
2022-12-09,91200.69376080566,0.0,0,,-0.3377815244002733
2022-12-12,91200.69376080566,0.0,0,,-0.3377815244002733
2022-12-13,91200.69376080566,0.0,0,,-0.3377815244002733
2022-12-14,91200.69376080566,0.0,0,,-0.3377815244002733
2022-12-15,91200.69376080566,0.0,0,,-0.3377815244002733
2022-12-16,91200.69376080566,0.0,0,,-0.3377815244002733
2022-12-19,91200.69376080566,0.0,0,,-0.3377815244002733
2022-12-20,91200.69376080566,0.0,0,,-0.3377815244002733
2022-12-21,91200.69376080566,0.0,0,,-0.3377815244002733
2022-12-22,91200.69376080566,0.0,0,,-0.3377815244002733
2022-12-23,91200.69376080566,0.0,0,,-0.3377815244002733
2022-12-27,91200.69376080566,0.0,0,,-0.3377815244002733
2022-12-28,91200.69376080566,0.0,0,,-0.3377815244002733
2022-12-29,91200.69376080566,0.0,0,,-0.3377815244002733
2022-12-30,91200.69376080566,0.0,0,,-0.3377815244002733
2023-01-03,91200.69376080566,0.0,0,,-0.3377815244002733
2023-01-04,91200.69376080566,0.0,0,,-0.3377815244002733
2023-01-05,91200.69376080566,0.0,0,,-0.3377815244002733
2023-01-06,91200.69376080566,0.0,0,,-0.3377815244002733
2023-01-09,91200.69376080566,0.0,0,,-0.3377815244002733
2023-01-10,91200.69376080566,0.0,0,,-0.3377815244002733
2023-01-11,91200.69376080566,0.0,0,,-0.3377815244002733
2023-01-12,91200.69376080566,0.0,0,,-0.3377815244002733
2023-01-13,91200.69376080566,0.0,0,,-0.3377815244002733
2023-01-17,91200.69376080566,0.0,0,,-0.3377815244002733
2023-01-18,90056.01128395398,-0.012551247470264482,1,85.01849703005254,-0.34609319236690683
2023-01-19,91963.47135831458,0.02118081899437252,1,85.77486843395702,-0.33224291063524236
2023-01-20,96875.41854601924,0.053411937535136955,1,90.26993569151833,-0.296576710689447
2023-01-23,98624.76094062129,0.018057649926653374,1,91.9065123199739,-0.28387453918082195
2023-01-24,96559.16796238507,-0.020943959291114034,1,91.9065123199739,-0.2988730416795491
2023-01-25,94108.14601260566,-0.025383627484592775,1,91.9065123199739,-0.3166701872089609
2023-01-26,96381.27415456889,0.024154424864121227,1,91.9065123199739,-0.30016474858848574
2023-01-27,98209.68300110876,0.018970581812475462,1,91.9065123199739,-0.2868884666963294
2023-01-30,95808.04808706368,-0.024454156053206666,1,91.9065123199739,-0.3043270074150789
2023-01-31,97685.85919345493,0.019599721984575158,1,91.9065123199739,-0.290692010168237
2023-02-01,99257.29255612375,0.016086600206451473,1,92.43612281386082,-0.2792816561125717
2023-02-02,106481.94297808244,0.07278709942519956,1,98.73971834131713,-0.22682265835847237
2023-02-03,103556.49186844208,-0.02747368265286554,1,98.73971834131713,-0.24806468727711795
2023-02-06,101698.45689010846,-0.017942235632065207,1,98.73971834131713,-0.2615560878380625
2023-02-07,106383.10801014556,0.046064131780280126,1,98.73971834131713,-0.22754031015588927
2023-02-08,98367.58254887674,-0.07534584776846709,0,,-0.2857419403541609
2023-02-09,98367.58254887674,0.0,0,,-0.2857419403541609
2023-02-10,98367.58254887674,0.0,0,,-0.2857419403541609
2023-02-13,98367.58254887674,0.0,0,,-0.2857419403541609
2023-02-14,98367.58254887674,0.0,0,,-0.2857419403541609
2023-02-15,98367.58254887674,0.0,0,,-0.2857419403541609
2023-02-16,98367.58254887674,0.0,0,,-0.2857419403541609
2023-02-17,98367.58254887674,0.0,0,,-0.2857419403541609
2023-02-21,98367.58254887674,0.0,0,,-0.2857419403541609
2023-02-22,98367.58254887674,0.0,0,,-0.2857419403541609
2023-02-23,98367.58254887674,0.0,0,,-0.2857419403541609
2023-02-24,98367.58254887674,0.0,0,,-0.2857419403541609
2023-02-27,98367.58254887674,0.0,0,,-0.2857419403541609
2023-02-28,98367.58254887674,0.0,0,,-0.2857419403541609
2023-03-01,98367.58254887674,0.0,0,,-0.2857419403541609
2023-03-02,98367.58254887674,0.0,0,,-0.2857419403541609
2023-03-03,98367.58254887674,0.0,0,,-0.2857419403541609
2023-03-06,98367.58254887674,0.0,0,,-0.2857419403541609
2023-03-07,98367.58254887674,0.0,0,,-0.2857419403541609
2023-03-08,98367.58254887674,0.0,0,,-0.2857419403541609
2023-03-09,98367.58254887674,0.0,0,,-0.2857419403541609
2023-03-10,98367.58254887674,0.0,0,,-0.2857419403541609
2023-03-13,98367.58254887674,0.0,0,,-0.2857419403541609
2023-03-14,98367.58254887674,0.0,0,,-0.2857419403541609
2023-03-15,98367.58254887674,0.0,0,,-0.2857419403541609
2023-03-16,102426.77734266066,0.04126557437524703,1,92.70923033508565,-0.256267671270726
2023-03-17,103754.09014002293,0.012958650382232095,1,93.69450983787348,-0.24662990404476004
2023-03-20,103345.694671016,-0.003936186693515253,1,93.69450983787348,-0.24959530939175134
2023-03-21,107123.37241868,0.03655379897236766,1,96.52293502582181,-0.22216516718333568
2023-03-22,105540.83407847317,-0.014773044429759463,1,96.52293502582181,-0.23365615572755072
2023-03-23,107817.66987995955,0.021573032100480338,1,96.88344684169486,-0.21712379537505566
2023-03-24,107654.30068312088,-0.0015152358330555726,1,96.88344684169486,-0.21831003745314992
2023-03-27,104611.72534318146,-0.02826245974970565,1,96.88344684169486,-0.24040251855637917
2023-03-28,103151.68834344888,-0.013956724209861604,1,96.88344684169486,-0.2510040111153933
2023-03-29,103519.23954731118,0.003563210741045042,1,96.88344684169486,-0.24833518056280013
2023-03-30,103008.74914292246,-0.004931357751670973,1,96.88344684169486,-0.2520419086967901
2023-03-31,105908.4010098153,0.028149568760121868,1,96.88344684169486,-0.23098721097596098
2023-04-03,106551.61561657432,0.0060733105270791565,1,96.88344684169486,-0.22631675750892288
2023-04-04,106919.17468417653,0.0034495869957043013,1,96.88344684169486,-0.22364786985683138
2023-04-05,106663.94127759205,-0.002387162146905819,1,97.16859752781579,-0.2255011482745788
2023-04-06,110696.88388680022,0.037809803021552346,1,100.70989044141642,-0.1962174992504222
2023-04-10,108675.29721937816,-0.018262362917906172,1,100.70989044141642,-0.21089646698617315
2023-04-11,107562.42074589523,-0.010240381226990447,1,100.70989044141642,-0.21897718799179988
2023-04-12,106837.49401762716,-0.0067395910508617485,1,100.70989044141642,-0.22424096234612922
2023-04-13,109686.10234869906,0.026663002134830194,1,100.70989044141642,-0.20355689746905026
2023-04-14,111156.330755368,0.013403962536612024,1,101.33253036458792,-0.19288140396018238
2023-04-17,108195.44394571788,-0.02663714058865818,1,101.33253036458792,-0.21438073547461545
2023-04-18,106694.56268084065,-0.013871945159079191,1,101.33253036458792,-0.2252788028280277
2023-04-19,106367.84001464317,-0.003062224147024506,1,101.33253036458792,-0.2276511727852194
2023-04-20,105933.03805682017,-0.004087720101894954,0,,-0.23080831861190032
2023-04-21,105714.20578687818,-0.0020657603515968903,1,97.96705766430942,-0.23239728429009
2023-04-24,105635.75356478085,-0.0007421161755259975,0,,-0.23296693468179597
2023-04-25,103504.1282610632,-0.02017901356107088,1,98.50160875056386,-0.24844490530864172
2023-04-26,103364.61073213698,-0.0013479416837783864,1,98.50160875056386,-0.24945795774843227
2023-04-27,107231.67584586404,0.03741188677958962,1,99.7886445053319,-0.22137876384039457
2023-04-28,106982.5017611903,-0.0023236985033405766,1,99.7886445053319,-0.22318804484152788
2023-05-01,106842.96120323593,-0.00130433066769986,1,99.7886445053319,-0.22420126449767697
2023-05-02,104969.227356157,-0.017537269895718466,1,99.7886445053319,-0.2378066563069383
2023-05-03,105058.94077351935,0.0008546639774527076,1,99.7886445053319,-0.23715523711222963
2023-05-04,104341.35625610405,-0.006830304133393472,1,99.7886445053319,-0.24236569884931947
2023-05-05,105218.40911717346,0.008405611087867193,1,99.7886445053319,-0.23599731956701875
2023-05-08,104672.45698836839,-0.005188751031172556,0,,-0.23996153926293406
2023-05-09,103512.8565686193,-0.011078372029405426,1,101.22499709763551,-0.24838152808763592
2023-05-10,107755.57665714028,0.04098737325163526,1,103.79977659909312,-0.21757466123654023
2023-05-11,112403.28906443177,0.043131989558922834,1,107.69874706405868,-0.18382709969435795
2023-05-12,113309.69443245395,0.008063868731657875,1,108.6316610530388,-0.17724558856395667
2023-05-15,112345.42771411376,-0.008510010755655273,1,108.6316610530388,-0.1842472374545402
2023-05-16,115238.20558906105,0.025748959559872553,1,110.57389454711445,-0.16324245256090286
2023-05-17,116520.66146065813,0.011128738642202762,1,112.25397498971277,-0.15393039650856266
2023-05-18,118439.53277222444,0.01646807774271175,1,114.2287594617142,-0.13999725650252037
2023-05-19,118372.03157686566,-0.000569921155367914,1,114.2287594617142,-0.14048739025971413
2023-05-22,120580.1725065665,0.018654245435223205,1,115.9236930451824,-0.1244538310829496
2023-05-23,118179.16783583009,-0.01991210180600511,1,115.9236930451824,-0.14188779553428366
2023-05-24,116578.51538428503,-0.01354428602652391,1,115.9236930451824,-0.15351031267441828
2023-05-25,119066.30094046179,0.021340000324898023,1,115.9236930451824,-0.13544622247186766
2023-05-26,120155.8930710233,0.00915113782787591,1,115.9236930451824,-0.127534571694097
2023-05-30,119249.5025563833,-0.007543454519573389,1,115.9236930451824,-0.13411597497242267
2023-05-31,118478.09957907868,-0.006468815053881527,1,115.9236930451824,-0.13971721858843666
2023-06-01,119297.71663496942,0.006917878146278644,1,115.9236930451824,-0.1337658871352898
2023-06-02,120213.74699465021,0.0076785238269370115,1,116.10446277828987,-0.1271144878599525
2023-06-05,121505.85756467025,0.01074844268915065,1,117.23372481447218,-0.1177323279585254
2023-06-06,122759.39390114497,0.010316674122542002,1,118.76735093899812,-0.10863025989721964
2023-06-07,118121.31391220317,-0.037781874295312434,1,118.76735093899812,-0.14230787936842815
2023-06-08,117774.19037044175,-0.0029387036959259705,1,118.76735093899812,-0.14482838237329476
2023-06-09,117860.9712558821,0.0007368412821806558,1,118.76735093899812,-0.14419825662207808
2023-06-12,119220.57559456985,0.01153566209577539,1,118.76735093899812,-0.13432601688949497
2023-06-13,119403.79206387354,0.0015367856461854235,1,118.76735093899812,-0.1329956615379746
2023-06-14,119249.5025563833,-0.0012921658920823642,1,118.76735093899812,-0.13411597497242267
2023-06-15,120618.73931342074,0.0114821171383086,1,118.76735093899812,-0.1241737931688659
2023-06-16,119114.50759235682,-0.012470962054704104,1,118.76735093899812,-0.13509618856077232
2023-06-20,118699.86800185441,-0.003481016703031914,1,118.76735093899812,-0.1381069331749083
2023-06-21,116241.0168341822,-0.020714860168452698,1,118.76735093899812,-0.15596092753434887
2023-06-22,115537.10936729799,-0.006055585937348895,0,,-0.1610720786721449
2023-06-23,116276.48210274508,0.006399439448468325,1,113.74512606940736,-0.15570341023797785
2023-06-26,112474.74092590694,-0.03269570172822067,1,113.74512606940736,-0.18330827970699082
2023-06-27,111110.27689938938,-0.012131292904389968,0,,-0.19321580617845546
2023-06-28,111110.27689938938,0.0,0,,-0.19321580617845546
2023-06-29,111110.27689938938,0.0,0,,-0.19321580617845546
2023-06-30,111110.27689938938,0.0,0,,-0.19321580617845546
2023-07-03,111110.27689938938,0.0,0,,-0.19321580617845546
2023-07-05,111110.27689938938,0.0,0,,-0.19321580617845546
2023-07-06,111110.27689938938,0.0,0,,-0.19321580617845546
2023-07-07,111110.27689938938,0.0,0,,-0.19321580617845546
2023-07-10,111110.27689938938,0.0,0,,-0.19321580617845546
2023-07-11,111110.27689938938,0.0,0,,-0.19321580617845546
2023-07-12,111110.27689938938,0.0,0,,-0.19321580617845546
2023-07-13,111110.27689938938,0.0,0,,-0.19321580617845546
2023-07-14,111495.02016611495,0.003462715398270033,1,116.75896111811306,-0.1904221421274287
2023-07-17,110810.5047566561,-0.006139425854526981,1,116.75896111811306,-0.1953924853593041
2023-07-18,110599.90715177219,-0.0019005202200493843,0,,-0.19692165821008245
2023-07-19,108156.43869670844,-0.02209286172103797,1,116.37651775134066,-0.2146639569664076
2023-07-20,107454.36909010749,-0.006491241899797551,0,,-0.21976176319436846
2023-07-21,107454.36909010749,0.0,0,,-0.21976176319436846
2023-07-24,107454.36909010749,0.0,0,,-0.21976176319436846
2023-07-25,107454.36909010749,0.0,0,,-0.21976176319436846
2023-07-26,106633.51454861295,-0.007639098795566013,1,121.00426974312319,-0.22572208016940487
2023-07-27,106740.72007586993,0.0010053642863672163,1,121.00426974312319,-0.22494364880108453
2023-07-28,109363.90730634445,0.02457531885310482,1,121.8596991464378,-0.2058963918412472
2023-07-31,109479.3594126212,0.001055669179351293,1,122.1062424939323,-0.20505808113690227
2023-08-01,108514.25553544333,-0.008815395727156616,1,122.1062424939323,-0.2120658087317857
2023-08-02,105899.36571036157,-0.02409720098229562,1,122.1062424939323,-0.23105281729959848
2023-08-03,105957.11082338983,0.0005452828979750635,1,122.1062424939323,-0.23063352355142586
2023-08-04,105676.64454386159,-0.0026469793046332013,1,122.1062424939323,-0.23267002069226372
2023-08-07,108497.7623774038,0.026695755204181104,1,122.1062424939323,-0.21218556740383498
2023-08-08,108390.54414355356,-0.0009882068671359656,1,122.1062424939323,-0.21296409103615532
2023-08-09,106955.2327831299,-0.013242034826605464,1,122.1062424939323,-0.22338604795244366
2023-08-10,106979.95981359595,0.00023119046934505505,1,122.1062424939323,-0.2232065022083698
2023-08-11,106872.72887315247,-0.0010023460527590622,1,122.1062424939323,-0.22398511810469013
2023-08-14,108332.79267722869,0.013661706026138587,1,122.1062424939323,-0.21338343091632783
2023-08-15,107054.22985114687,-0.011802177295394012,1,122.1062424939323,-0.2226672191281479
2023-08-16,106163.32612525704,-0.008321985288470946,1,122.1062424939323,-0.22913617109480966
2023-08-17,107169.69466401688,0.009479436783776718,1,122.24073350089897,-0.22182881615980288
2023-08-18,105140.46442845765,-0.018934739358183128,1,122.24073350089897,-0.23656328470186583
2023-08-21,105891.10642474856,0.007139420587224832,1,122.24073350089897,-0.23111278889962306
2023-08-22,106476.7914274576,0.005531012211353659,1,122.24073350089897,-0.22686006434587314
2023-08-23,109190.66561396306,0.025487941082019017,1,124.2696300244678,-0.20715431921776484
2023-08-24,107054.22985114687,-0.019566102567498134,1,124.2696300244678,-0.2226672191281479
2023-08-25,107136.6829347513,0.0007701992132311819,1,124.2696300244678,-0.22206851803190164
2023-08-28,108153.82096391845,0.009493835363435732,0,,-0.2146829646180628
2023-08-29,108153.82096391845,0.0,0,,-0.2146829646180628
2023-08-30,108873.20787459028,0.006651516370483446,1,127.05847004596762,-0.2094594155012004
2023-08-31,109105.56533631182,0.0021342024016521854,1,127.26613009886236,-0.20777224188715948
2023-09-01,108696.92180076851,-0.0037453958859356984,1,127.26613009886236,-0.21073944847311932
2023-09-05,108785.05866649428,0.0008108496934928766,1,127.26613009886236,-0.21009947679682772
2023-09-06,107735.41413368615,-0.00964879318607581,1,127.26613009886236,-0.2177210635827883
2023-09-07,108376.41513095099,0.005949770578404623,1,127.26613009886236,-0.21306668338278756
2023-09-08,109273.82886949198,0.008280526140827194,1,127.83500488220682,-0.2065504614834508
2023-09-11,109706.50299984946,0.003959540311104348,1,128.4548225163432,-0.20340876605086733
2023-09-12,108440.50905949235,-0.011539825860266806,1,128.4548225163432,-0.21260129017245544
2023-09-13,109538.22712429908,0.010122767537032784,1,128.5669441826548,-0.20463063607391163
2023-09-14,110651.96558564859,0.010167577936839312,1,130.33654372940896,-0.19654365607761892
2023-09-15,110091.07891346792,-0.005068926423602682,1,130.33654372940896,-0.20061631716953832
2023-09-18,110740.10245137436,0.005895332703720557,1,130.72499050514583,-0.19590368440132733
2023-09-19,110603.86736890957,-0.0012302235545122997,1,131.22343383404697,-0.19689290262887338
2023-09-20,107158.54409207334,-0.031150115803316947,1,131.22343383404697,-0.22190978171444975
2023-09-21,105157.69747095591,-0.018671834691951772,0,,-0.2364381536457022
2023-09-22,105157.69747095591,0.0,0,,-0.2364381536457022
2023-09-25,106035.39799406908,0.008346517128292819,1,123.66893008243292,-0.23006507161659517
2023-09-26,103981.14321931162,-0.01937329244402286,1,123.66893008243292,-0.24498124614703476
2023-09-27,103825.20169997761,-0.001499709606049504,0,,-0.24611355502493548
2023-09-28,103825.20169997761,0.0,0,,-0.24611355502493548
2023-09-29,103825.20169997761,0.0,0,,-0.24611355502493548
2023-10-02,103825.20169997761,0.0,0,,-0.24611355502493548
2023-10-03,103825.20169997761,0.0,0,,-0.24611355502493548
2023-10-04,103825.20169997761,0.0,0,,-0.24611355502493548
2023-10-05,103669.69715424623,-0.0014977533699451762,1,126.42233430843639,-0.24724269098845297
2023-10-06,102701.84365361775,-0.009335934484196007,0,,-0.25427038390788437
2023-10-09,103656.32183413416,0.009293681072908289,1,129.18531054452382,-0.247339810689302
2023-10-10,103386.75262669488,-0.0026006055652892934,1,129.19488785667764,-0.24929718296639514
2023-10-11,105251.39313787324,0.01803558448064546,1,131.77108364079066,-0.23575781888992697
2023-10-12,104068.20245037046,-0.01124156794725617,1,131.77108364079066,-0.2443490992970352
2023-10-13,102862.55246863668,-0.011585190801279954,1,131.77108364079066,-0.2531034591608381
2023-10-16,103313.9056167917,0.004387924830979051,0,,-0.24982613328311754
2023-10-17,103970.26915419205,0.006353099647930405,1,130.86578049502623,-0.24506020395459194
2023-10-18,102660.59652943388,-0.01259660704365273,1,130.86578049502623,-0.2545698839069913
2023-10-19,102504.315226343,-0.0015223104908228535,1,130.86578049502623,-0.25570465999289504
2023-10-20,100904.45502134066,-0.01560773516187719,1,130.86578049502623,-0.2673214245419452
2023-10-23,101574.16980895899,0.006637118128002273,1,130.86578049502623,-0.2624585502867737
2023-10-24,103293.10366633834,0.01692294271872785,1,130.86578049502623,-0.2499771785805892
2023-10-25,95225.03682447127,-0.07810847535309684,0,,-0.30856031764168745
2023-10-26,95225.03682447127,0.0,0,,-0.30856031764168745
2023-10-27,95225.03682447127,0.0,0,,-0.30856031764168745
2023-10-30,95225.03682447127,0.0,0,,-0.30856031764168745
2023-10-31,95225.03682447127,0.0,0,,-0.30856031764168745
2023-11-01,95225.03682447127,0.0,0,,-0.30856031764168745
2023-11-02,95225.03682447127,0.0,0,,-0.30856031764168745
2023-11-03,95225.03682447127,0.0,0,,-0.30856031764168745
2023-11-06,95225.03682447127,0.0,0,,-0.30856031764168745
2023-11-07,95225.03682447127,0.0,0,,-0.30856031764168745
2023-11-08,95225.03682447127,0.0,0,,-0.30856031764168745
2023-11-09,95225.03682447127,0.0,0,,-0.30856031764168745
2023-11-10,95225.03682447127,0.0,0,,-0.30856031764168745
2023-11-13,95225.03682447127,0.0,0,,-0.30856031764168745
2023-11-14,95225.03682447127,0.0,0,,-0.30856031764168745
2023-11-15,95225.03682447127,0.0,0,,-0.30856031764168745
2023-11-16,95225.03682447127,0.0,0,,-0.30856031764168745
2023-11-17,95225.03682447127,0.0,0,,-0.30856031764168745
2023-11-20,95225.03682447127,0.0,0,,-0.30856031764168745
2023-11-21,95225.03682447127,0.0,0,,-0.30856031764168745
2023-11-22,95225.03682447127,0.0,0,,-0.30856031764168745
2023-11-24,94159.35237282453,-0.01119122120804339,1,131.00837382527357,-0.3162983720789786
2023-11-27,93966.47465729795,-0.0020484180345982095,1,131.00837382527357,-0.31769887882389625
2023-11-28,94510.65360668815,0.005791203207046625,1,131.00837382527357,-0.3137475343827697
2023-11-29,92988.30227857192,-0.01610772193420218,1,131.00837382527357,-0.3248014982755927
2023-11-30,90967.63459979468,-0.021730342734119223,0,,-0.33947379313162784
2023-12-01,90967.63459979468,0.0,0,,-0.33947379313162784
2023-12-04,90967.63459979468,0.0,0,,-0.33947379313162784
2023-12-05,90967.63459979468,0.0,0,,-0.33947379313162784
2023-12-06,90967.63459979468,0.0,0,,-0.33947379313162784
2023-12-07,90967.63459979468,0.0,0,,-0.33947379313162784
2023-12-08,91366.0937325149,0.004380229676996805,1,125.88322549463092,-0.3365805366378688
2023-12-11,90215.46252892623,-0.012593634646976049,1,125.88322549463092,-0.3449353989771444
2023-12-12,89694.29942954612,-0.00577687111245484,1,125.88322549463092,-0.34871962274758517
2023-12-13,89728.15256303457,0.00037742792689998694,1,125.88322549463092,-0.34847381134496813
2023-12-14,90140.96106271613,0.0046006575181802845,0,,-0.3454763624868409
2023-12-15,90140.96106271613,0.0,0,,-0.3454763624868409
2023-12-18,90140.96106271613,0.0,0,,-0.3454763624868409
2023-12-19,89880.97879993149,-0.002884174516441629,1,126.92084041012714,-0.347364122882565
2023-12-20,90992.56071161748,0.012367265316060916,1,128.45692748218477,-0.3392928018354736
2023-12-21,92360.67243728727,0.015035423939828929,1,130.43064548746,-0.3293587890109735
2023-12-22,93064.47539153392,0.007620158403724542,1,131.91333781483266,-0.32424839675117134
2023-12-26,93084.20221912689,0.00021196947073498507,1,132.36758010055095,-0.32410515804148243
2023-12-27,92327.79439129897,-0.008126060166979587,1,132.36758010055095,-0.3295975201937885
2023-12-28,92235.71559871298,-0.0009973030677603578,1,132.36758010055095,-0.3302661146435334
2023-12-29,91880.52125103613,-0.0038509415292248272,1,132.36758010055095,-0.3328452206761816
2024-01-02,90880.74495952911,-0.010881264906795973,1,132.36758010055095,-0.3401047085638391
2024-01-03,91374.06762799436,0.005428241908502551,1,132.36758010055095,-0.33652263728764187
2024-01-04,89709.95216933603,-0.01821211971686909,1,132.36758010055095,-0.34860596644679187
2024-01-05,89275.85051128728,-0.004838946488672113,1,132.36758010055095,-0.35175802731819616
2024-01-08,91321.4526225037,0.02291327497303186,1,132.36758010055095,-0.3369046807490773
2024-01-09,92709.29117576646,0.015197289502168587,1,133.52053027262372,-0.32682742921488817
2024-01-10,93584.0903648804,0.009435938707107683,1,134.7636968510107,-0.3204754140976537
2024-01-11,93452.52752138027,-0.0014058248895423286,1,134.7636968510107,-0.3214307066735712
2024-01-12,93827.4588285595,0.004011997504224318,1,135.38493214231465,-0.31870828836230236
2024-01-16,93722.22881757819,-0.0011215268141662182,1,135.38493214231465,-0.31947237528517325
2024-01-17,93051.30390931982,-0.007158652933492049,1,135.38493214231465,-0.32434403636216036
2024-01-18,94373.38637060601,0.014208102474035034,1,135.5030789321197,-0.31474424719360106
2024-01-19,96280.85002912463,0.020211881038452617,1,138.0962621375741,-0.30089393943696274
2024-01-22,96024.33034705023,-0.00266428559777776,1,138.0962621375741,-0.30275655764544007
2024-01-23,96714.95168717338,0.007192149506558554,1,138.8490845029291,-0.29774187856555856
2024-01-24,97806.796639357,0.01128930876908485,1,140.44742901097072,-0.2898138697970877
2024-01-25,99891.86253766876,0.02131821069654305,1,143.31515293083402,-0.2746739722396594
2024-01-26,100102.34282345018,0.002107081402171751,1,143.71704732937573,-0.2731456512560545
2024-01-29,100970.57653527585,0.008673460453937354,1,145.18912667537327,-0.2668413088064515
2024-01-30,99622.19163719904,-0.01335423590065099,1,145.18912667537327,-0.27663208292126273
2024-01-31,94323.75200514201,-0.053185334963847364,0,,-0.3151046478931959
2024-02-01,94323.75200514201,0.0,0,,-0.3151046478931959
2024-02-02,94323.75200514201,0.0,0,,-0.3151046478931959
2024-02-05,94323.75200514201,0.0,0,,-0.3151046478931959
2024-02-06,94323.75200514201,0.0,0,,-0.3151046478931959
2024-02-07,94323.75200514201,0.0,0,,-0.3151046478931959
2024-02-08,94323.75200514201,0.0,0,,-0.3151046478931959
2024-02-09,94323.75200514201,0.0,0,,-0.3151046478931959
2024-02-12,94323.75200514201,0.0,0,,-0.3151046478931959
2024-02-13,94323.75200514201,0.0,0,,-0.3151046478931959
2024-02-14,94323.75200514201,0.0,0,,-0.3151046478931959
2024-02-15,94323.75200514201,0.0,0,,-0.3151046478931959
2024-02-16,94323.75200514201,0.0,0,,-0.3151046478931959
2024-02-20,94323.75200514201,0.0,0,,-0.3151046478931959
2024-02-21,94323.75200514201,0.0,0,,-0.3151046478931959
2024-02-22,94323.75200514201,0.0,0,,-0.3151046478931959
2024-02-23,94323.75200514201,0.0,0,,-0.3151046478931959
2024-02-26,94323.75200514201,0.0,0,,-0.3151046478931959
2024-02-27,94323.75200514201,0.0,0,,-0.3151046478931959
2024-02-28,94323.75200514201,0.0,0,,-0.3151046478931959
2024-02-29,94323.75200514201,0.0,0,,-0.3151046478931959
2024-03-01,94323.75200514201,0.0,0,,-0.3151046478931959
2024-03-04,94323.75200514201,0.0,0,,-0.3151046478931959
2024-03-05,94323.75200514201,0.0,0,,-0.3151046478931959
2024-03-06,94323.75200514201,0.0,0,,-0.3151046478931959
2024-03-07,94323.75200514201,0.0,0,,-0.3151046478931959
2024-03-08,94323.75200514201,0.0,0,,-0.3151046478931959
2024-03-11,94323.75200514201,0.0,0,,-0.3151046478931959
2024-03-12,94323.75200514201,0.0,0,,-0.3151046478931959
2024-03-13,94323.75200514201,0.0,0,,-0.3151046478931959
2024-03-14,94323.75200514201,0.0,0,,-0.3151046478931959
2024-03-15,94323.75200514201,0.0,0,,-0.3151046478931959
2024-03-18,94323.75200514201,0.0,0,,-0.3151046478931959
2024-03-19,93464.15581396638,-0.009113252737537048,1,137.43790750338914,-0.32134627233570967
2024-03-20,94551.18754475837,0.011630466474823242,1,138.21057193198286,-0.31345321290809636
2024-03-21,93826.49972423038,-0.007664502576289145,1,138.21057193198286,-0.31871525252650523
2024-03-22,95841.5995321762,0.02147687288632194,1,140.1736450867927,-0.30408338660562695
2024-03-25,95396.6305566542,-0.004642754061847776,1,140.1736450867927,-0.30731435628917103
2024-03-26,95778.0395299731,0.003998138834603759,1,140.1736450867927,-0.3045449029168783
2024-03-27,95905.17911841943,0.0013274398710838575,1,140.44606882425043,-0.3036217280924617
2024-03-28,95943.32882856937,0.000397785713979415,1,141.0061109529513,-0.3033447187643713
2024-04-01,98842.05073462114,0.0302128552494898,1,145.26843831014583,-0.2822967735936066
2024-04-02,98250.84773153772,-0.005981290338367473,1,145.26843831014583,-0.2865895649675263
2024-04-03,98479.68724031703,0.0023291352091392437,1,145.26843831014583,-0.28492793560472485
2024-04-04,95689.03985965667,-0.028337289230523477,1,145.26843831014583,-0.3051911395141613
2024-04-05,96941.3413050048,0.01308719835819061,1,145.26843831014583,-0.2960980381359548
2024-04-08,98435.21188520896,0.015410046530138555,1,145.71523916773992,-0.285250876150974
2024-04-09,99547.63432401398,0.011301062064073886,1,147.27183096791288,-0.2771734519421136
2024-04-10,99255.21522899145,-0.0029374790974011633,1,147.27183096791288,-0.27929673981808034
2024-04-11,101333.8946231805,0.020942772522263287,1,150.07656494907488,-0.2642032153840369
2024-04-12,100265.94753948355,-0.010538893108453129,1,150.07656494907488,-0.2719576990466481
2024-04-15,98441.52773814704,-0.018195806713122376,1,150.07656494907488,-0.28520501603377213
2024-04-16,98149.12822716462,-0.0029702861962910276,1,150.07656494907488,-0.28732816170782505
2024-04-17,98829.31131652436,0.006930098123596906,1,150.07656494907488,-0.28238927593853624
2024-04-18,99172.56078767327,0.003473154538632617,1,150.07656494907488,-0.2798969029952908
2024-04-19,97952.05403145678,-0.012306899675905036,1,150.07656494907488,-0.2887591395664363
2024-04-22,99344.21489930789,0.01421267661629666,1,150.07656494907488,-0.27865050322079743
2024-04-23,100602.86157365427,0.012669551776337551,1,150.07656494907488,-0.26951132842251835
2024-04-24,101155.91486658774,0.005497391269815521,1,150.07656494907488,-0.26549554637668904
2024-04-25,96053.30016861293,-0.05044306805691534,0,,-0.3025462045189171
2024-04-26,96053.30016861293,0.0,0,,-0.3025462045189171
2024-04-29,96053.30016861293,0.0,0,,-0.3025462045189171
2024-04-30,96053.30016861293,0.0,0,,-0.3025462045189171
2024-05-01,96053.30016861293,0.0,0,,-0.3025462045189171
2024-05-02,96053.30016861293,0.0,0,,-0.3025462045189171
2024-05-03,96053.30016861293,0.0,0,,-0.3025462045189171
2024-05-06,96053.30016861293,0.0,0,,-0.3025462045189171
2024-05-07,96053.30016861293,0.0,0,,-0.3025462045189171
2024-05-08,96053.30016861293,0.0,0,,-0.3025462045189171
2024-05-09,96053.30016861293,0.0,0,,-0.3025462045189171
2024-05-10,96053.30016861293,0.0,0,,-0.3025462045189171
2024-05-13,96053.30016861293,0.0,0,,-0.3025462045189171
2024-05-14,96053.30016861293,0.0,0,,-0.3025462045189171
2024-05-15,96053.30016861293,0.0,0,,-0.3025462045189171
2024-05-16,96053.30016861293,0.0,0,,-0.3025462045189171
2024-05-17,96053.30016861293,0.0,0,,-0.3025462045189171
2024-05-20,96053.30016861293,0.0,0,,-0.3025462045189171
2024-05-21,96053.30016861293,0.0,0,,-0.3025462045189171
2024-05-22,96053.30016861293,0.0,0,,-0.3025462045189171
2024-05-23,96053.30016861293,0.0,0,,-0.3025462045189171
2024-05-24,96053.30016861293,0.0,0,,-0.3025462045189171
2024-05-28,96053.30016861293,0.0,0,,-0.3025462045189171
2024-05-29,96053.30016861293,0.0,0,,-0.3025462045189171
2024-05-30,96053.30016861293,0.0,0,,-0.3025462045189171
2024-05-31,96053.30016861293,0.0,0,,-0.3025462045189171
2024-06-03,96053.30016861293,0.0,0,,-0.3025462045189171
2024-06-04,96053.30016861293,0.0,0,,-0.3025462045189171
2024-06-05,96053.30016861293,0.0,0,,-0.3025462045189171
2024-06-06,96053.30016861293,0.0,0,,-0.3025462045189171
2024-06-07,96053.30016861293,0.0,0,,-0.3025462045189171
2024-06-10,96053.30016861293,0.0,0,,-0.3025462045189171
2024-06-11,96053.30016861293,0.0,0,,-0.3025462045189171
2024-06-12,96053.30016861293,0.0,0,,-0.3025462045189171
2024-06-13,96053.30016861293,0.0,0,,-0.3025462045189171
2024-06-14,96053.30016861293,0.0,0,,-0.3025462045189171
2024-06-17,96053.30016861293,0.0,0,,-0.3025462045189171
2024-06-18,96053.30016861293,0.0,0,,-0.3025462045189171
2024-06-20,96053.30016861293,0.0,0,,-0.3025462045189171
2024-06-21,96053.30016861293,0.0,0,,-0.3025462045189171
2024-06-24,95409.01915083086,-0.006707536509949041,1,170.75694579045887,-0.30722440131610906
2024-06-25,97969.64650582192,0.026838420285434372,1,174.2466697653671,-0.2886313986351373
2024-06-26,97889.816830242,-0.0008148409066187634,1,174.2466697653671,-0.28921105087121357
2024-06-27,98704.307231498,0.008320481410936331,1,175.6851473644699,-0.28329694463288846
2024-06-28,96968.81860305065,-0.017582704110135627,1,175.6851473644699,-0.2958985223902386
2024-07-01,97416.0073100367,0.004611675314068364,1,175.6851473644699,-0.2926514349873466
2024-07-02,98613.82103961092,0.012295861456957935,1,175.6851473644699,-0.28395397503017294
2024-07-03,98922.57332683745,0.0031309230691152212,1,176.64177473177614,-0.28171209001204667
2024-07-05,101467.25276695531,0.025723951111848997,1,181.0014283325518,-0.2632348869312844
2024-07-08,100631.449333085,-0.00823717417273473,1,181.0014283325518,-0.26930374949202596
2024-07-09,100604.82851986575,-0.0002645377105832125,1,181.0014283325518,-0.26949704620526704
2024-07-10,101776.01324520128,0.011641436525129167,1,181.84578515380335,-0.26099294243724636
2024-07-11,98789.50202481903,-0.02934395959475322,1,181.84578515380335,-0.2826783356746052
2024-07-12,98523.31846568495,-0.0026944518767511028,1,181.84578515380335,-0.28461112437928093
2024-07-15,99300.54791945346,0.007888786795576808,1,181.84578515380335,-0.27896757406358164
2024-07-16,97911.08890775903,-0.013992460674249974,1,181.84578515380335,-0.2890565919283561
2024-07-17,97259.25665288871,-0.006657389496345978,0,,-0.29378961910574863
2024-07-18,97259.25665288871,0.0,0,,-0.29378961910574863
2024-07-19,97259.25665288871,0.0,0,,-0.29378961910574863
2024-07-22,97259.25665288871,0.0,0,,-0.29378961910574863
2024-07-23,97259.25665288871,0.0,0,,-0.29378961910574863
2024-07-24,97259.25665288871,0.0,0,,-0.29378961910574863
2024-07-25,97259.25665288871,0.0,0,,-0.29378961910574863
2024-07-26,97259.25665288871,0.0,0,,-0.29378961910574863
2024-07-29,97259.25665288871,0.0,0,,-0.29378961910574863
2024-07-30,97259.25665288871,0.0,0,,-0.29378961910574863
2024-07-31,97259.25665288871,0.0,0,,-0.29378961910574863
2024-08-01,97259.25665288871,0.0,0,,-0.29378961910574863
2024-08-02,97259.25665288871,0.0,0,,-0.29378961910574863
2024-08-05,97259.25665288871,0.0,0,,-0.29378961910574863
2024-08-06,97259.25665288871,0.0,0,,-0.29378961910574863
2024-08-07,97259.25665288871,0.0,0,,-0.29378961910574863
2024-08-08,97259.25665288871,0.0,0,,-0.29378961910574863
2024-08-09,97259.25665288871,0.0,0,,-0.29378961910574863
2024-08-12,97259.25665288871,0.0,0,,-0.29378961910574863
2024-08-13,97259.25665288871,0.0,0,,-0.29378961910574863
2024-08-14,97259.25665288871,0.0,0,,-0.29378961910574863
2024-08-15,97259.25665288871,0.0,0,,-0.29378961910574863
2024-08-16,97259.25665288871,0.0,0,,-0.29378961910574863
2024-08-19,97259.25665288871,0.0,0,,-0.29378961910574863
2024-08-20,97259.25665288871,0.0,0,,-0.29378961910574863
2024-08-21,97259.25665288871,0.0,0,,-0.29378961910574863
2024-08-22,97259.25665288871,0.0,0,,-0.29378961910574863
2024-08-23,97259.25665288871,0.0,0,,-0.29378961910574863
2024-08-26,97259.25665288871,0.0,0,,-0.29378961910574863
2024-08-27,97259.25665288871,0.0,0,,-0.29378961910574863
2024-08-28,97259.25665288871,0.0,0,,-0.29378961910574863
2024-08-29,97259.25665288871,0.0,0,,-0.29378961910574863
2024-08-30,97259.25665288871,0.0,0,,-0.29378961910574863
2024-09-03,97259.25665288871,0.0,0,,-0.29378961910574863
2024-09-04,97259.25665288871,0.0,0,,-0.29378961910574863
2024-09-05,97259.25665288871,0.0,0,,-0.29378961910574863
2024-09-06,97259.25665288871,0.0,0,,-0.29378961910574863
2024-09-09,97259.25665288871,0.0,0,,-0.29378961910574863
2024-09-10,97259.25665288871,0.0,0,,-0.29378961910574863
2024-09-11,97259.25665288871,0.0,0,,-0.29378961910574863
2024-09-12,97259.25665288871,0.0,0,,-0.29378961910574863
2024-09-13,97259.25665288871,0.0,0,,-0.29378961910574863
2024-09-16,97259.25665288871,0.0,0,,-0.29378961910574863
2024-09-17,97259.25665288871,0.0,0,,-0.29378961910574863
2024-09-18,97259.25665288871,0.0,0,,-0.29378961910574863
2024-09-19,97259.25665288871,0.0,0,,-0.29378961910574863
2024-09-20,97259.25665288871,0.0,0,,-0.29378961910574863
2024-09-23,95636.34893446205,-0.016686408823981758,1,153.84246770147593,-0.30557373423709
2024-09-24,96189.09176158826,0.005779631210147906,0,,-0.30156020651834015
2024-09-25,96189.09176158826,0.0,0,,-0.30156020651834015
2024-09-26,96189.09176158826,0.0,0,,-0.30156020651834015
2024-09-27,96717.53371875461,0.00549378258478761,1,155.80768863653685,-0.297723130144388
2024-09-30,97838.38244756403,0.011588888650415186,1,157.70153242563296,-0.2895845216978693
2024-10-01,98510.90074953814,0.006873767586402346,1,158.72720041463748,-0.28470129081023754
2024-10-02,97844.28355975533,-0.00676693832571551,1,158.72720041463748,-0.2895416730597885
2024-10-03,97844.28355975533,0.0,1,158.72720041463748,-0.2895416730597885
2024-10-04,98552.18134081189,0.007234942658905785,1,158.9279033447031,-0.2844015478028339
2024-10-07,96145.32525934423,-0.024422149248470748,1,158.9279033447031,-0.3018780000043677
2024-10-08,96971.19089609609,0.008589763823921182,1,158.9279033447031,-0.2958812969041217
2024-10-09,94271.63443763561,-0.027838747090906946,0,,-0.31548307940158526
2024-10-10,94271.63443763561,0.0,0,,-0.31548307940158526
2024-10-11,94271.63443763561,0.0,0,,-0.31548307940158526
2024-10-14,94271.63443763561,0.0,0,,-0.31548307940158526
2024-10-15,94271.63443763561,0.0,0,,-0.31548307940158526
2024-10-16,94271.63443763561,0.0,0,,-0.31548307940158526
2024-10-17,94271.63443763561,0.0,0,,-0.31548307940158526
2024-10-18,94271.63443763561,0.0,0,,-0.31548307940158526
2024-10-21,94271.63443763561,0.0,0,,-0.31548307940158526
2024-10-22,95377.96668356277,0.011735579345015346,1,156.60281581310403,-0.30744987676689695
2024-10-23,94014.92440182713,-0.014290955543829531,1,156.60281581310403,-0.31734707978989485
2024-10-24,93980.27747814286,-0.00036852578358925747,1,156.60281581310403,-0.3175986549922347
2024-10-25,94387.15677426058,0.004329411521607263,0,,-0.3146442587467978
2024-10-28,93112.04684897645,-0.013509358358295809,1,160.56357405890176,-0.3239029750583028
2024-10-29,94765.1804165708,0.017754239365779023,1,161.2210858736957,-0.3118993866429969
2024-10-30,97434.78263394849,0.028170707908143022,1,164.2530168579757,-0.29251510525270263
2024-10-31,95563.84355044801,-0.01920196292251586,1,164.2530168579757,-0.30610020396988036
2024-11-01,95664.34474811454,0.0010516655037369205,1,164.2530168579757,-0.3053704534913453
2024-11-04,94519.44979630066,-0.01196783352071673,1,164.2530168579757,-0.3136836642625318
2024-11-05,94798.70083994075,0.002954429424228522,1,164.2530168579757,-0.31165599108590025
2024-11-06,98579.70333109522,0.0398845391092264,1,165.03680791141352,-0.2842017075417641
2024-11-07,100947.70755591954,0.02402121476132879,1,168.75248839612,-0.26700736303283246
2024-11-08,99607.31971000235,-0.013278041457005618,1,168.75248839612,-0.2767400696541624
2024-11-11,100724.31530278508,0.011213991060443629,1,168.75248839612,-0.268629439260887
2024-11-12,101433.5906410091,0.007041748917248958,1,169.69443725349927,-0.26347931140669467
2024-11-13,99903.33096532742,-0.01508632067553961,1,169.69443725349927,-0.27459069869898256
2024-11-14,98060.29982263572,-0.01844814507067183,1,169.69443725349927,-0.2879731547249984
2024-11-15,96334.54725285075,-0.017598891426054974,1,169.69443725349927,-0.30050403786742963
2024-11-18,97903.92267090832,0.016290889019682675,1,169.69443725349927,-0.2891086267786118
2024-11-19,99478.85908086135,0.016086550640539654,1,169.69443725349927,-0.2776728367033633
2024-11-20,98283.70065754779,-0.012014195120011228,1,169.69443725349927,-0.2863510161836932
2024-11-21,95295.60290934422,-0.030402780198672708,0,,-0.30804792937766656
2024-11-22,95295.60290934422,0.0,0,,-0.30804792937766656
2024-11-25,95295.60290934422,0.0,0,,-0.30804792937766656
2024-11-26,95998.64612358579,0.007377498990277509,1,157.40573442902075,-0.3029430536753299
2024-11-27,95786.63908793908,-0.002208437766651139,0,,-0.30448246056109984
2024-11-29,95786.63908793908,0.0,0,,-0.30448246056109984
2024-12-02,95786.63908793908,0.0,0,,-0.30448246056109984
2024-12-03,95559.51142290513,-0.00237118315452578,1,160.25217516283612,-0.3061316600342945
2024-12-04,97249.40427363424,0.01768419308100455,1,163.12451153870305,-0.2938611583375449
2024-12-05,96284.56535381408,-0.009921283600929365,1,163.12451153870305,-0.3008669620473099
2024-12-06,95800.43130626791,-0.005028158415288364,0,,-0.30438231371549784
2024-12-09,95800.43130626791,0.0,0,,-0.30438231371549784
2024-12-10,95800.43130626791,0.0,0,,-0.30438231371549784
2024-12-11,100865.3979214014,0.05286997716055275,1,182.48927797838283,-0.26760502252915963
2024-12-12,99089.6821307062,-0.017604806279343688,1,182.48927797838283,-0.28049869422749807
2024-12-13,97984.99671390046,-0.011148339494606363,1,182.48927797838283,-0.28851993905106255
2024-12-16,101515.81314188501,0.03603425571665775,1,184.4338161810893,-0.2628822845975254
2024-12-17,100875.713420915,-0.006305418842238564,1,184.4338161810893,-0.267530120529172
2024-12-18,97251.98619201186,-0.03592269245009194,1,184.4338161810893,-0.2938424107383585
2024-12-19,97308.76897620078,0.0005838727455582671,1,184.4338161810893,-0.2934301045679195
2024-12-20,95619.800003091,-0.01735680135387241,0,,-0.30569389788556045
2024-12-23,95619.800003091,0.0,0,,-0.30569389788556045
2024-12-24,95619.800003091,0.0,0,,-0.30569389788556045
2024-12-26,95619.800003091,0.0,0,,-0.30569389788556045
2024-12-27,95619.800003091,0.0,0,,-0.30569389788556045
2024-12-30,95619.800003091,0.0,0,,-0.30569389788556045
2024-12-31,95619.800003091,0.0,0,,-0.30569389788556045
2025-01-02,95619.800003091,0.0,0,,-0.30569389788556045
2025-01-03,95619.800003091,0.0,0,,-0.30569389788556045
2025-01-06,95619.800003091,0.0,0,,-0.30569389788556045
2025-01-07,95619.800003091,0.0,0,,-0.30569389788556045
2025-01-08,95619.800003091,0.0,0,,-0.30569389788556045
2025-01-10,95619.800003091,0.0,0,,-0.30569389788556045
2025-01-13,95619.800003091,0.0,0,,-0.30569389788556045
2025-01-14,95619.800003091,0.0,0,,-0.30569389788556045
2025-01-15,95619.800003091,0.0,0,,-0.30569389788556045
2025-01-16,94871.68251824586,-0.007823876276889963,1,181.8192881986193,-0.31112606292679357
2025-01-17,96506.96525914813,0.01723678443868404,0,,-0.2992520913680351
2025-01-21,95868.67531562343,-0.0066139261742477196,1,186.3015688531752,-0.30388678630248545
2025-01-22,96023.56691956092,0.0016156643807536675,1,186.3015688531752,-0.3027621009781424
2025-01-23,95834.78163291224,-0.0019660307641646835,1,186.3015688531752,-0.3041328921375609
2025-01-24,96914.24564916753,0.011263802117169597,1,187.3070783913963,-0.2962947827347513
2025-01-27,92848.1181588111,-0.041955931897524334,1,187.3070783913963,-0.32581939090626466
2025-01-28,93163.18085501334,0.0033933126750436138,0,,-0.3235316853001583
2025-01-29,93163.18085501334,0.0,0,,-0.3235316853001583
2025-01-30,94372.01613462727,0.012975461641817398,1,187.41109215403463,-0.31475419663086557
2025-01-31,95851.94639208558,0.01568187602718063,1,190.82677638368148,-0.3040082568942851
2025-02-03,94541.16235261738,-0.013675090478667884,1,190.82677638368148,-0.3135260069536615
2025-02-04,96960.71690480302,0.02559260423688503,1,192.9262492061082,-0.2959573497307124
2025-02-05,89633.18242620413,-0.07557219781896962,0,,-0.3491634001698546
2025-02-06,89633.18242620413,0.0,0,,-0.3491634001698546
2025-02-07,89633.18242620413,0.0,0,,-0.3491634001698546
2025-02-10,89633.18242620413,0.0,0,,-0.3491634001698546
2025-02-11,89633.18242620413,0.0,0,,-0.3491634001698546
2025-02-12,89633.18242620413,0.0,0,,-0.3491634001698546
2025-02-13,89633.18242620413,0.0,0,,-0.3491634001698546
2025-02-14,89633.18242620413,0.0,0,,-0.3491634001698546
2025-02-18,89633.18242620413,0.0,0,,-0.3491634001698546
2025-02-19,89633.18242620413,0.0,0,,-0.3491634001698546
2025-02-20,89633.18242620413,0.0,0,,-0.3491634001698546
2025-02-21,89633.18242620413,0.0,0,,-0.3491634001698546
2025-02-24,89633.18242620413,0.0,0,,-0.3491634001698546
2025-02-25,89633.18242620413,0.0,0,,-0.3491634001698546
2025-02-26,89633.18242620413,0.0,0,,-0.3491634001698546
2025-02-27,89633.18242620413,0.0,0,,-0.3491634001698546
2025-02-28,89633.18242620413,0.0,0,,-0.3491634001698546
2025-03-03,89633.18242620413,0.0,0,,-0.3491634001698546
2025-03-04,89633.18242620413,0.0,0,,-0.3491634001698546
2025-03-05,89633.18242620413,0.0,0,,-0.3491634001698546
2025-03-06,89633.18242620413,0.0,0,,-0.3491634001698546
2025-03-07,89633.18242620413,0.0,0,,-0.3491634001698546
2025-03-10,89633.18242620413,0.0,0,,-0.3491634001698546
2025-03-11,89633.18242620413,0.0,0,,-0.3491634001698546
2025-03-12,89633.18242620413,0.0,0,,-0.3491634001698546
2025-03-13,89633.18242620413,0.0,0,,-0.3491634001698546
2025-03-14,89633.18242620413,0.0,0,,-0.3491634001698546
2025-03-17,89633.18242620413,0.0,0,,-0.3491634001698546
2025-03-18,89633.18242620413,0.0,0,,-0.3491634001698546
2025-03-19,89633.18242620413,0.0,0,,-0.3491634001698546
2025-03-20,89633.18242620413,0.0,0,,-0.3491634001698546
2025-03-21,89633.18242620413,0.0,0,,-0.3491634001698546
2025-03-24,89633.18242620413,0.0,0,,-0.3491634001698546
2025-03-25,89633.18242620413,0.0,0,,-0.3491634001698546
2025-03-26,89633.18242620413,0.0,0,,-0.3491634001698546
2025-03-27,89633.18242620413,0.0,0,,-0.3491634001698546
2025-03-28,89633.18242620413,0.0,0,,-0.3491634001698546
2025-03-31,89633.18242620413,0.0,0,,-0.3491634001698546
2025-04-01,89633.18242620413,0.0,0,,-0.3491634001698546
2025-04-02,89633.18242620413,0.0,0,,-0.3491634001698546
2025-04-03,89633.18242620413,0.0,0,,-0.3491634001698546
2025-04-04,89633.18242620413,0.0,0,,-0.3491634001698546
2025-04-07,89633.18242620413,0.0,0,,-0.3491634001698546
2025-04-08,89633.18242620413,0.0,0,,-0.3491634001698546
2025-04-09,89633.18242620413,0.0,0,,-0.3491634001698546
2025-04-10,89633.18242620413,0.0,0,,-0.3491634001698546
2025-04-11,89633.18242620413,0.0,0,,-0.3491634001698546
2025-04-14,89633.18242620413,0.0,0,,-0.3491634001698546
2025-04-15,89633.18242620413,0.0,0,,-0.3491634001698546
2025-04-16,89633.18242620413,0.0,0,,-0.3491634001698546
2025-04-17,89633.18242620413,0.0,0,,-0.3491634001698546
2025-04-21,89633.18242620413,0.0,0,,-0.3491634001698546
2025-04-22,89633.18242620413,0.0,0,,-0.3491634001698546
2025-04-23,89633.18242620413,0.0,0,,-0.3491634001698546
2025-04-24,89633.18242620413,0.0,0,,-0.3491634001698546
2025-04-25,89633.18242620413,0.0,0,,-0.3491634001698546
2025-04-28,89633.18242620413,0.0,0,,-0.3491634001698546
2025-04-29,89409.61169142951,-0.0024942853608783677,1,144.52540778706165,-0.3507867723731348
2025-04-30,88650.38864596511,-0.008491514850602733,1,145.10552808993268,-0.35629957613673613
2025-05-01,90046.0304456632,0.015743211293429704,1,148.59446189041884,-0.3461656643541865
2025-05-02,91570.04804635514,0.016924872680662784,1,151.52136736218475,-0.3350996014691353
2025-05-05,91670.5320649864,0.0010973459201462088,1,152.03999112398213,-0.3343699757295039
2025-05-06,91123.43719308425,-0.005968056032600644,1,152.03999112398213,-0.33834249301133157
2025-05-07,85148.64528392053,-0.06556811390360029,0,,-0.3817261277947368
2025-05-08,85148.64528392053,0.0,0,,-0.3817261277947368
2025-05-09,85148.64528392053,0.0,0,,-0.3817261277947368
2025-05-12,85148.64528392053,0.0,0,,-0.3817261277947368
2025-05-13,85417.33562854593,0.0031555445624469325,1,145.98314952781098,-0.3797751370391964
2025-05-14,88544.26067805098,0.03660761631693954,1,151.22168617903338,-0.35707018322570094
2025-05-15,87789.31385305144,-0.008526208465894247,1,151.22168617903338,-0.3625519368724578
2025-05-16,88983.31038751105,0.013600704710578171,1,152.41818436608486,-0.3538821939975302
2025-05-19,89170.70294677337,0.002105929285460828,1,152.90871496291615,-0.3525215155880118
2025-05-20,87800.00136070221,-0.015371658412173028,1,152.90871496291615,-0.36247433367962445
2025-05-21,90252.29185468174,0.02793041521611106,1,153.6271517568174,-0.3446679771083685
2025-05-22,91489.13692211911,0.013704306472669625,1,155.11939959981558,-0.33568710622530706
2025-05-23,90204.09135934737,-0.014045881358195067,1,155.11939959981558,-0.3450179663159857
2025-05-27,92576.06137532166,0.026295592364264708,1,156.89104133900167,-0.32779482575231367
2025-05-28,92286.93228009643,-0.00312315182704781,1,158.80630911117436,-0.3298942245704164
2025-05-29,92019.21103429764,-0.0029009659242571484,1,158.80630911117436,-0.3318381785905856
2025-05-30,91954.97106895589,-0.0006981147156087664,1,158.80630911117436,-0.3323046321905194
2025-06-02,90503.93258781703,-0.015779880785898315,1,158.80630911117436,-0.3428407854958495
2025-06-03,88977.95842515444,-0.016860860285622614,1,158.80630911117436,-0.35392105519701356
2025-06-04,89979.23506358879,0.011253086226703957,1,158.80630911117436,-0.3466506731218877
2025-06-05,90064.88287835698,0.0009518620013568846,1,158.80630911117436,-0.34602877472402027
2025-06-06,92993.68681829283,0.032518822501457434,1,161.2806871197058,-0.3247624005282099
2025-06-09,94398.22397006022,0.015103575305190464,1,163.7878373262724,-0.31456389859569167
2025-06-10,95743.79103353024,0.014254156560157272,1,166.1811309293634,-0.3047935850942909
2025-06-11,95073.68758723915,-0.006998923262359846,1,166.1811309293634,-0.30965928144371624
2025-06-12,94189.15267984115,-0.009303677282806122,1,166.1811309293634,-0.31608198870434434
2025-06-13,93636.98941014477,-0.005862280888896398,1,166.1811309293634,-0.320091308191535
2025-06-16,94762.77305015129,0.012022851728769268,1,166.5265871133,-0.3119168668008202
2025-06-17,94323.17336909937,-0.0046389491031384456,1,166.5265871133,-0.31510884943445927
2025-06-18,92913.3006720378,-0.01494725682674547,1,166.5265871133,-0.3253460933603276
2025-06-20,89449.31841925709,-0.03728187705878361,0,,-0.35049845736489593
2025-06-23,89449.31841925709,0.0,0,,-0.35049845736489593
2025-06-24,89449.31841925709,0.0,0,,-0.35049845736489593
2025-06-25,89449.31841925709,0.0,0,,-0.35049845736489593
2025-06-26,89449.31841925709,0.0,0,,-0.35049845736489593
2025-06-27,91883.5376416654,0.02721339039162829,1,166.8518135010922,-0.33282331832520207
2025-06-30,90699.79886840637,-0.012883034367652035,1,166.8518135010922,-0.3414185784445146
2025-07-01,90499.08623781323,-0.0022129335797574923,1,166.8518135010922,-0.3428759753872791
2025-07-02,91940.14445094533,0.01592345594899469,1,166.9044814993519,-0.33241228992833227
2025-07-03,92398.20016340344,0.004982107818011006,1,167.7878259893992,-0.32908629597877626
2025-07-07,90988.01839169677,-0.015262004770794313,1,167.7878259893992,-0.3393257841303394
2025-07-08,89737.38066201599,-0.013745081514984436,1,167.7878259893992,-0.34840680508231636
2025-07-09,90900.52726032745,0.012961673159285647,1,167.7878259893992,-0.3399610670569786
2025-07-10,91415.18190140152,0.005661734387966355,1,167.7878259893992,-0.3362241019329384
2025-07-11,90851.53300787011,-0.006165812743657351,0,,-0.34031681982417283
2025-07-14,90991.10083938885,0.0015362187835250563,1,169.58654817742018,-0.33930340213161125
2025-07-15,91211.62515374458,0.002423581123004448,1,170.09088129628455,-0.3377021503289842
2025-07-16,91697.74248476356,0.005329554540877801,1,171.63759144288838,-0.3341723978168565
2025-07-17,92003.4545505778,0.0033339104925624863,1,172.27572214955453,-0.33195258818770046
2025-07-18,92745.16583149572,0.008061776425038136,1,174.48191859457012,-0.32656693931234426
2025-07-21,95271.03139138375,0.027234471330582988,1,179.75705116970587,-0.3082263459279795
2025-07-22,95892.46993753823,0.006522848940320181,1,180.72757829661097,-0.30371401088157457
2025-07-23,95336.18263990936,-0.005801157254487488,1,180.72757829661097,-0.3077532753985469
2025-07-24,96308.4403235899,0.010198202369323006,1,180.72757829661097,-0.30069360321156025
2025-07-25,96814.60183142264,0.005255629788335048,1,181.8707011288731,-0.2970183076814257
2025-07-28,96513.91615757356,-0.003105788467452908,1,181.8707011288731,-0.2992016201142592
2025-07-29,98102.60134320514,0.016460685141382214,1,185.27880354093298,-0.28766599863536935
2025-07-30,98493.50883435874,0.003984680179744071,1,186.25894531529457,-0.2848275754587739
2025-07-31,96173.11143457353,-0.023558886542335844,1,186.25894531529457,-0.3016762414667479
2025-08-01,94784.90638648391,-0.014434440431242646,1,186.25894531529457,-0.31175615416101765
2025-08-04,97746.76348759478,0.031248193557674053,1,186.25894531529457,-0.29024977725136303
2025-08-05,97561.33950430572,-0.0018969833544677517,1,186.25894531529457,-0.291596161609747
2025-08-06,98272.99219388388,0.007294412860606059,1,186.25894531529457,-0.2864287715404905
2025-08-07,98488.4977901553,0.0021929280004648888,1,186.25894531529457,-0.2848639612132755
2025-08-08,100944.19338343343,0.02493383134455307,1,190.00904528265428,-0.26703287983375557
2025-08-11,100733.69883136544,-0.002085256665219304,1,190.00904528265428,-0.26856130440646875
2025-08-12,101906.42130482622,0.011641808918622099,1,192.13944298111167,-0.26004603487668276
2025-08-13,101214.8204659427,-0.0067866266917054885,1,192.13944298111167,-0.26506782620702196
2025-08-14,101705.96418892685,0.004852488209959427,1,192.13944298111167,-0.26150157649857164
2025-08-15,102187.07047574238,0.004730364543045207,1,192.4501386511054,-0.25800820974094574
2025-08-18,101986.613359843,-0.001961668095250557,1,192.4501386511054,-0.2594637513628347
2025-08-19,101019.35904648504,-0.009484130137208946,1,192.4501386511054,-0.2664870935162301
2025-08-20,99891.75131861697,-0.011162293430798664,1,192.4501386511054,-0.27467477981367994
2025-08-21,100107.24924100752,0.0021573144883924034,1,192.4501386511054,-0.2731100252073755
2025-08-22,103284.61961227068,0.031739663164789045,1,194.48481105660494,-0.25003878224959564
2025-08-25,104487.40835095212,0.011645380921154525,1,196.65044708736534,-0.24130519819279928
2025-08-26,103810.84831855977,-0.006475038888130058,1,196.65044708736534,-0.246217776538723
2025-08-27,103981.2391692385,0.0016413588120949285,1,196.65044708736534,-0.2449805494438443
2025-08-28,106066.07912205766,0.02005015490752049,1,199.94785924077985,-0.2298422925020024
2025-08-29,106702.55080082247,0.006000709030003604,1,200.85040557052804,-0.22522080019209234
2025-09-02,105920.73581851528,-0.007327050538525226,1,200.85040557052804,-0.230897646545283
2025-09-03,115598.19023584714,0.09136506032126901,1,215.73762754023664,-0.16062856362866273
2025-09-04,116420.10124566272,0.007110068143270087,1,216.8291776249079,-0.15466057551854806
2025-09-05,117773.22898432825,0.011622801596867127,1,219.7510790028274,-0.14483536310579015
2025-09-08,117397.00930114614,-0.00319444143993175,1,219.7510790028274,-0.1475671364598492
2025-09-09,120201.03002066992,0.02388494167113686,1,223.61930592428885,-0.1272068272356327
2025-09-10,119970.29177088573,-0.0019196029330573738,1,223.61930592428885,-0.12888224357002354
2025-09-11,120572.21563800598,0.005017274345466838,1,224.05685397492437,-0.12451160679880668
2025-09-12,120787.91308129898,0.0017889481598363233,1,225.32323753193057,-0.12294540344883143
2025-09-15,126210.32334227416,0.044891993930928464,1,234.96980782949572,-0.08357267382336342
2025-09-16,125984.60381057428,-0.0017884395326976943,1,234.96980782949572,-0.08521164868234221
2025-09-17,125166.98250016103,-0.006489851026896809,1,234.96980782949572,-0.09114848880353432
2025-09-18,126421.00974136371,0.010018834169794433,1,235.03427302325392,-0.08204285622788987
2025-09-19,127770.33890900212,0.010673298452519298,1,237.76288584062414,-0.07224522566578806
2025-09-22,126671.80751572338,-0.008597702742739965,1,237.76288584062414,-0.08022178543367131
2025-09-23,126235.40158493395,-0.0034451701554448766,1,237.7896181722954,-0.08339057788812365
2025-09-24,123968.12278848139,-0.01796072074858568,1,237.7896181722954,-0.09985354375419753
2025-09-25,123290.95651950089,-0.0054624225466082255,1,237.7896181722954,-0.10477052405204412
2025-09-26,123667.1531810404,0.0030512916126173018,1,237.7896181722954,-0.1020389178607164
2025-09-29,122418.15233180289,-0.010099697592367618,1,237.7896181722954,-0.11110805324003836
2025-09-30,121941.62735186248,-0.003892600654916256,1,237.7896181722954,-0.11456815461414593
2025-10-01,122844.52082642372,0.007404308882609456,1,237.7896181722954,-0.10801214373641022
2025-10-02,123240.79236030043,0.0032257973836427034,1,237.7896181722954,-0.1051347716434341
2025-10-03,123070.24803200446,-0.0013838301834134814,1,237.7896181722954,-0.10637311315652109
2025-10-06,125618.42156356078,0.02070503287596903,1,237.7896181722954,-0.08787053908557696
2025-10-07,123275.90036524797,-0.018647911422191688,1,237.7896181722954,-0.10487984847828047
2025-10-08,122704.06578499096,-0.004638656692530718,1,237.7896181722954,-0.10903200355975584
2025-10-09,121154.0876544316,-0.012631840034341812,1,237.7896181722954,-0.12028656876650712
2025-10-10,119408.69219787976,-0.014406409972152479,0,,-0.13296008111486568
2025-10-13,119408.69219787976,0.0,0,,-0.13296008111486568
2025-10-14,119408.69219787976,0.0,0,,-0.13296008111486568
2025-10-15,119408.69219787976,0.0,0,,-0.13296008111486568
2025-10-16,119083.04295842898,-0.0027271820288520265,1,236.41232546191273,-0.13532465679994654
2025-10-17,118573.4046341489,-0.004279688456214514,0,,-0.1390251978846131
2025-10-20,118573.4046341489,0.0,0,,-0.1390251978846131
2025-10-21,116406.59086880145,-0.01827402841331094,1,239.2873448583461,-0.15475867588161452
2025-10-22,118046.50567050702,0.014087817446297946,0,,-0.1428510704093675
2025-10-23,117916.29646126897,-0.001103033152048516,1,236.5665678364933,-0.14379653409494886
2025-10-24,121103.2341808885,0.02702711851763695,1,243.05756789982684,-0.1206558215467215
2025-10-27,125459.60315959466,0.03597235869191717,1,251.4392842983468,-0.08902373734575098
2025-10-28,124620.97247896234,-0.00668446782479859,1,251.4392842983468,-0.09511312886261858
2025-10-29,127929.03528702751,0.02654499272683508,1,255.9597342645833,-0.07109291344966828
2025-10-30,131148.56907735037,0.02516656037544074,1,261.2897900634626,-0.04771551717282463
2025-10-31,131013.43758633922,-0.001030369541671905,1,261.2897900634626,-0.048696722098936496
2025-11-03,132192.22783095692,0.00899747587983768,1,263.4954496542325,-0.04013739380161119
2025-11-04,129312.81083697801,-0.021782044536392986,1,263.4954496542325,-0.06104516383864278
2025-11-05,132467.12397413322,0.024392889743397372,1,263.5460298722731,-0.038141342046128957
2025-11-06,132672.13779122697,0.0015476580976709897,1,263.8424186617424,-0.03665271370533185
2025-11-07,129913.86726951443,-0.020790126454832247,1,263.8424186617424,-0.056680825607317464
2025-11-10,135164.83551559306,0.040418843318590136,1,268.270198497522,-0.018552955698117768
2025-11-11,135728.6128206905,0.004171035335831741,1,269.91700193458263,-0.014459305396086863
2025-11-12,133585.34098261775,-0.015790862321006682,1,269.91700193458263,-0.030021842816326583
2025-11-13,129792.73505312853,-0.028390884071499367,1,269.91700193458263,-0.05756038022881482
2025-11-14,128786.32691520004,-0.007753963559798072,1,269.91700193458263,-0.06486802269783065
2025-11-17,132797.9316805278,0.03114930646301617,1,269.91700193458263,-0.035739310153478976
2025-11-18,132453.13895538842,-0.0025963711992808003,1,269.91700193458263,-0.03824288883719518
2025-11-19,136427.49310503816,0.030005737734825066,1,269.91700193458263,-0.009384657195041002
2025-11-20,134861.99784668811,-0.011474925051541796,1,269.91700193458263,-0.020751894008635197
2025-11-21,139619.08536963238,0.03527374352226453,1,271.19936809274805,0.0
2025-11-24,148434.36587529274,0.06313807659119441,1,287.86883384372464,0.0
2025-11-25,150698.7699297514,0.015255254678428809,1,292.3422230347397,0.0
2025-11-26,149072.70143526816,-0.010790190890351936,1,292.3422230347397,-0.010790190890351936
2025-11-28,149179.86288878974,0.0007188536364459708,1,292.3422230347397,-0.010079093821865337
2025-12-01,146715.13520191325,-0.016521852474914,1,292.3422230347397,-0.026434420995573693
2025-12-02,147143.75250423857,0.0029214252621956316,1,292.3422230347397,-0.02359022191866611
2025-12-03,148923.59918139267,0.012095971774967573,1,292.3422230347397,-0.01177959680219176
2025-12-04,147987.1018813077,-0.006288441222430441,1,292.3422230347397,-0.01799396272250764
2025-12-05,149687.70011890796,0.011491530112970327,1,292.3422230347397,-0.006709210774014651
2025-12-08,146265.60452293284,-0.022861568407134936,1,292.3422230347397,-0.02941739610008154
2025-12-09,147832.126204677,0.010710116618692478,1,292.3422230347397,-0.019022343224239235
2025-12-10,149291.4294093777,0.00987135369128267,1,295.54290029184267,-0.009338765810960048
2025-12-11,145664.14892574318,-0.02429664246624652,1,295.54290029184267,-0.03340850762322167
2025-12-12,144200.19830400802,-0.010050177978120467,1,295.54290029184267,-0.0431229241537453
2025-12-15,143701.3280227078,-0.003459567234772365,1,295.54290029184267,-0.04643330473304774
2025-12-16,142932.0522005805,-0.00535329654020833,1,295.54290029184267,-0.05153803002367818
2025-12-17,138339.69137651104,-0.03212967807685907,1,295.54290029184267,-0.082011807787161
2025-12-18,141015.8480266945,0.019344821602210516,1,295.54290029184267,-0.06425348997586788
2025-12-19,143207.133670203,0.015539286358039028,1,295.54290029184267,-0.04971265699806737
2025-12-22,144428.6487886007,0.008529708591268559,1,295.54290029184267,-0.04160698288428988
2025-12-23,146559.31842833458,0.014752403055799057,1,295.54290029184267,-0.027468382809935687
2025-12-24,146534.98652679202,-0.00016602084264227823,0,,-0.02762984332851781
2025-12-26,146534.98652679202,0.0,0,,-0.02762984332851781
2025-12-29,146534.98652679202,0.0,0,,-0.02762984332851781
2025-12-30,146534.98652679202,0.0,0,,-0.02762984332851781
2025-12-31,146534.98652679202,0.0,0,,-0.02762984332851781
2026-01-02,146534.98652679202,0.0,0,,-0.02762984332851781
2026-01-05,146534.98652679202,0.0,0,,-0.02762984332851781
2026-01-06,146534.98652679202,0.0,0,,-0.02762984332851781
2026-01-07,146534.98652679202,0.0,0,,-0.02762984332851781
2026-01-08,144745.48078807202,-0.012212139784056442,1,312.18059202614086,-0.039504563603634746
2026-01-09,146137.61026399193,0.009617775065172474,1,312.67250244327283,-0.030266734545249974
2026-01-12,147600.87957568126,0.010012954974739197,1,315.46416985990714,-0.020556839020744677
2026-01-13,149428.89184193683,0.012384833149441166,1,318.88896622946646,-0.008426598892655401
2026-01-14,149371.0796756482,-0.0003868874725363458,1,318.88896622946646,-0.008810226219644113
2026-01-15,148010.06622806712,-0.009111626230033476,1,318.88896622946646,-0.017841576961362238
2026-01-16,146773.62569114327,-0.008353759770762026,1,318.88896622946646,-0.026046292484257494
2026-01-20,143215.47793133958,-0.024242419188384212,1,318.88896622946646,-0.04965728653193502
2026-01-21,141894.5238534782,-0.00922354271299275,0,,-0.05842281314158915
2026-01-22,141894.5238534782,0.0,0,,-0.05842281314158915
2026-01-23,141894.5238534782,0.0,0,,-0.05842281314158915
2026-01-26,141894.5238534782,0.0,0,,-0.05842281314158915
2026-01-27,141894.5238534782,0.0,0,,-0.05842281314158915
2026-01-28,141894.5238534782,0.0,0,,-0.05842281314158915
2026-01-29,141894.5238534782,0.0,0,,-0.05842281314158915
2026-01-30,141894.5238534782,0.0,0,,-0.05842281314158915
2026-02-02,141894.5238534782,0.0,0,,-0.05842281314158915
2026-02-03,141894.5238534782,0.0,0,,-0.05842281314158915
2026-02-04,141894.5238534782,0.0,0,,-0.05842281314158915
2026-02-05,141894.5238534782,0.0,0,,-0.05842281314158915
2026-02-06,141894.5238534782,0.0,0,,-0.05842281314158915
2026-02-09,141894.5238534782,0.0,0,,-0.05842281314158915
2026-02-10,141894.5238534782,0.0,0,,-0.05842281314158915
2026-02-11,141894.5238534782,0.0,0,,-0.05842281314158915
2026-02-12,141894.5238534782,0.0,0,,-0.05842281314158915
2026-02-13,141894.5238534782,0.0,0,,-0.05842281314158915
2026-02-17,141894.5238534782,0.0,0,,-0.05842281314158915
2026-02-18,141894.5238534782,0.0,0,,-0.05842281314158915
2026-02-19,141894.5238534782,0.0,0,,-0.05842281314158915
2026-02-20,141894.5238534782,0.0,0,,-0.05842281314158915
2026-02-23,141894.5238534782,0.0,0,,-0.05842281314158915
2026-02-24,141894.5238534782,0.0,0,,-0.05842281314158915
2026-02-25,141894.5238534782,0.0,0,,-0.05842281314158915
2026-02-26,141894.5238534782,0.0,0,,-0.05842281314158915
2026-02-27,141894.5238534782,0.0,0,,-0.05842281314158915
2026-03-02,141894.5238534782,0.0,0,,-0.05842281314158915
2026-03-03,141894.5238534782,0.0,0,,-0.05842281314158915
2026-03-04,141894.5238534782,0.0,0,,-0.05842281314158915
2026-03-05,141894.5238534782,0.0,0,,-0.05842281314158915
2026-03-06,141894.5238534782,0.0,0,,-0.05842281314158915
2026-03-09,141894.5238534782,0.0,0,,-0.05842281314158915
2026-03-10,141894.5238534782,0.0,0,,-0.05842281314158915
2026-03-11,141894.5238534782,0.0,0,,-0.05842281314158915
2026-03-12,141894.5238534782,0.0,0,,-0.05842281314158915
2026-03-13,141894.5238534782,0.0,0,,-0.05842281314158915
2026-03-16,141894.5238534782,0.0,0,,-0.05842281314158915
2026-03-17,144025.93250895554,0.015021077611693023,1,292.2055434213859,-0.044279309140389356
2026-03-18,142529.70866558253,-0.01038857251127312,1,292.2055434213859,-0.05420788283790845
2026-03-19,142270.30752683032,-0.0018199794357317556,1,292.2055434213859,-0.05592920504162069
2026-03-20,139430.73765421988,-0.019958977540516898,1,292.2055434213859,-0.07477189283485297
2026-03-23,139734.99377696123,0.0021821309121659027,0,,-0.0727529239814032
2026-03-24,139734.99377696123,0.0,0,,-0.0727529239814032
2026-03-25,139734.99377696123,0.0,0,,-0.0727529239814032
2026-03-26,139734.99377696123,0.0,0,,-0.0727529239814032
2026-03-27,139734.99377696123,0.0,0,,-0.0727529239814032
2026-03-30,139734.99377696123,0.0,0,,-0.0727529239814032
2026-03-31,139734.99377696123,0.0,0,,-0.0727529239814032
2026-04-01,139734.99377696123,0.0,0,,-0.0727529239814032
2026-04-02,139734.99377696123,0.0,0,,-0.0727529239814032
2026-04-06,139734.99377696123,0.0,0,,-0.0727529239814032
2026-04-07,140783.93015988346,0.0075066120129971825,1,284.1164749525201,-0.06579243994154549
2026-04-08,147471.1720272095,0.04750003682758108,0,,-0.02141754643416427
2026-04-09,148452.8662494583,0.006656855090753977,1,294.6601759608863,-0.014903264846421904
2026-04-10,147870.22647382005,-0.0039247458830414805,1,294.6601759608863,-0.01876951920211356
2026-04-13,149767.32004136735,0.012829449259571968,1,297.8762170302738,-0.0061808725367715756
2026-04-14,155174.25248028687,0.036102218010084286,1,309.4172607781647,0.0
2026-04-15,157136.59019489714,0.012646026536261568,1,313.6541354347518,0.0
2026-04-16,156623.8518106112,-0.003263010758029039,1,313.81640049945923,-0.003263010758029039
2026-04-17,159262.073883008,0.016844318677508463,1,319.58890911667834,0.0
2026-04-20,157276.43570461363,-0.01246774030993092,1,319.58890911667834,-0.01246774030993092
2026-04-21,154885.26121461243,-0.015203641151253833,1,319.58890911667834,-0.027481826411545618
2026-04-22,158162.0527211317,0.021156251284484062,1,319.58890911667834,-0.006906987552380839
2026-04-23,157961.62030864164,-0.0012672598075309516,1,319.58890911667834,-0.008165494412195495
2026-04-24,160529.91250501154,0.016258963356742706,1,324.1496910604549,0.0
2026-04-27,163298.63711387155,0.01724740620395937,1,329.6293330391205,0.0
2026-04-28,163037.61779860785,-0.0015984169854502683,1,330.91060977592196,-0.0015984169854502683
2026-04-29,163112.17643424956,0.00045730940287547206,1,330.91060977592196,-0.0011418385536920983
2026-04-30,179360.93145908162,0.0996170572917463,1,359.914219532664,0.0
2026-05-01,179775.79650160446,0.0023130178860466533,1,360.5267199316633,0.0
2026-05-04,178638.46041606413,-0.006326413831409083,1,360.5267199316633,-0.006326413831409083
2026-05-05,181052.93536984944,0.013515986132895286,1,363.51298484578604,0.0
2026-05-06,185532.30710897202,0.024740674488222147,1,372.03029631987545,0.0
2026-05-07,185508.99240285065,-0.0001256638613763572,1,372.03029631987545,-0.0001256638613763572
2026-05-08,186818.77470813302,0.007060478784974844,1,374.4854492340481,0.0
2026-05-11,181150.8371962871,-0.03033922859573912,1,374.4854492340481,-0.03033922859573912
2026-05-12,180549.5399588168,-0.003319318015730377,1,374.4854492340481,-0.03355784106340831
2026-05-13,187667.10528566162,0.039421675228130226,1,374.4854492340481,0.0
2026-05-14,186944.63424264416,-0.003849747892246458,1,374.4854492340481,-0.003849747892246458
2026-05-15,184944.9958467071,-0.010696420381563931,1,374.4854492340481,-0.014504989751991881
2026-05-18,185019.58296702337,0.00040329353046164584,1,374.4854492340481,-0.01410754599005648
2026-05-19,180694.02847048538,-0.02337890090968875,1,374.4854492340481,-0.037156627979964885
2026-05-20,181276.68248846094,0.0032245338869663076,1,374.4854492340481,-0.03405190689904525
2026-05-21,180694.02847048538,-0.0032141696878893455,1,374.4854492340481,-0.037156627979964885
2026-05-22,178507.95787960093,-0.01209818946087382,1,374.4854492340481,-0.04880528951580987
2026-05-26,181262.69651325553,0.015432021442498334,1,374.4854492340481,-0.0341264323476268
2026-05-27,181239.38180713417,-0.00012862385129341902,1,374.4854492340481,-0.034250666725760714
2026-05-28,181845.3362888938,0.0033433930071802287,1,374.4854492340481,-0.031021787158202696
2026-05-29,177282.06294087623,-0.02509425559733902,1,374.4854492340481,-0.05533757409950757
2026-06-01,175238.26088046026,-0.01152853270382792,0,,-0.06622814577057878
2026-06-02,175238.26088046026,0.0,0,,-0.06622814577057878
2026-06-03,175238.26088046026,0.0,0,,-0.06622814577057878
2026-06-04,175238.26088046026,0.0,0,,-0.06622814577057878
2026-06-05,175238.26088046026,0.0,0,,-0.06622814577057878
2026-06-08,175238.26088046026,0.0,0,,-0.06622814577057878
2026-06-09,175238.26088046026,0.0,0,,-0.06622814577057878
2026-06-10,175238.26088046026,0.0,0,,-0.06622814577057878
2026-06-11,175238.26088046026,0.0,0,,-0.06622814577057878
2026-06-12,175238.26088046026,0.0,0,,-0.06622814577057878
2026-06-15,175238.26088046026,0.0,0,,-0.06622814577057878
2026-06-16,175238.26088046026,0.0,0,,-0.06622814577057878
2026-06-17,175238.26088046026,0.0,0,,-0.06622814577057878
2026-06-18,175238.26088046026,0.0,0,,-0.06622814577057878
2026-06-22,175238.26088046026,0.0,0,,-0.06622814577057878
2026-06-23,175238.26088046026,0.0,0,,-0.06622814577057878
2026-06-24,175238.26088046026,0.0,0,,-0.06622814577057878
2026-06-25,175238.26088046026,0.0,0,,-0.06622814577057878
2026-06-26,175238.26088046026,0.0,0,,-0.06622814577057878
2026-06-29,175238.26088046026,0.0,0,,-0.06622814577057878
2026-06-30,175238.26088046026,0.0,0,,-0.06622814577057878
2026-07-01,175238.26088046026,0.0,0,,-0.06622814577057878
2026-07-02,175238.26088046026,0.0,0,,-0.06622814577057878
2026-07-06,177352.0434409803,0.012062334731580027,1,335.78343449966144,-0.05496467710193542
2026-07-07,178347.26439054916,0.005611556147082419,0,,-0.049661558326516864
2026-07-08,178347.26439054916,0.0,0,,-0.049661558326516864
2026-07-09,178347.26439054916,0.0,0,,-0.049661558326516864
2026-07-10,178347.26439054916,0.0,0,,-0.049661558326516864
2026-07-13,176240.30133262556,-0.01181382324603375,1,327.274280385159,-0.06088868870035846
2026-07-14,175321.9842718069,-0.005210596293100278,0,,-0.06578201861782496
2026-07-15,175321.9842718069,0.0,0,,-0.06578201861782496
2026-07-16,166331.2928895495,-0.05128102684668934,1,346.9887474934747,-0.11368967600174429
2026-07-17,162117.8791990877,-0.025331455177587503,0,,-0.13614120624753923
2026-07-20,162117.8791990877,0.0,0,,-0.13614120624753923
2026-07-21,162117.8791990877,0.0,0,,-0.13614120624753923
2026-07-22,162117.8791990877,0.0,0,,-0.13614120624753923
2026-07-23,162117.8791990877,0.0,0,,-0.13614120624753923
2026-07-24,162117.8791990877,0.0,0,,-0.13614120624753923
2026-07-27,162117.8791990877,0.0,0,,-0.13614120624753923
2026-07-28,162117.8791990877,0.0,0,,-0.13614120624753923
2026-07-29,162117.8791990877,0.0,0,,-0.13614120624753923
2026-07-30,162117.8791990877,0.0,0,,-0.13614120624753923
2026-07-31,162117.8791990877,0.0,0,,-0.13614120624753923
2026-08-03,162117.8791990877,0.0,0,,-0.13614120624753923
2026-08-04,166020.63361717123,0.024073559544230072,1,342.7689710829864,-0.11534505013833263
2026-08-05,159329.68668190387,-0.04030189976684517,1,342.7689710829864,-0.15099832525590096
2026-08-06,157272.29792575302,-0.012912777267040987,1,342.7689710829864,-0.16196129478121624
2026-08-07,156584.2573570362,-0.004374836368459811,0,,-0.16562757698698438
2026-08-10,156584.2573570362,0.0,0,,-0.16562757698698438
2026-08-11,151038.3376917701,-0.035418117752543554,1,322.6272759496218,-0.19517947771473443
2026-08-12,151912.83167757516,0.005789880894939925,0,,-0.19051966274889942
2026-08-13,151912.83167757516,0.0,0,,-0.19051966274889942
2026-08-14,151912.83167757516,0.0,0,,-0.19051966274889942
2026-08-17,151912.83167757516,0.0,0,,-0.19051966274889942
2026-08-18,151912.83167757516,0.0,0,,-0.19051966274889942
2026-08-19,151912.83167757516,0.0,0,,-0.19051966274889942
2026-08-20,150628.56300211785,-0.008453984178131035,1,317.1001076590719,-0.19736299671252844
2026-08-21,152463.50364986705,0.012181890414259655,1,323.88146309221787,-0.1875853606960507
2026-08-24,153896.0805647029,0.00939619568316985,1,327.8171391005389,-0.17995175376927897
2026-08-25,153409.7065248705,-0.003160405632474217,1,330.8491122411643,-0.18254343886556712
2026-08-26,151216.62164841234,-0.01429560701299315,1,330.8491122411643,-0.1942294766137378
2026-08-27,150619.71910127698,-0.003947334232365041,1,330.8491122411643,-0.197410122184131
2026-08-28,153246.11461252221,0.017437262045876256,1,330.8491122411643,-0.18341515216928794
2026-08-31,151797.72163070197,-0.00945141731966559,0,,-0.19113303634305157
2026-09-01,151797.72163070197,0.0,0,,-0.19113303634305157
2026-09-02,151797.72163070197,0.0,0,,-0.19113303634305157
2026-09-03,151797.72163070197,0.0,0,,-0.19113303634305157
2026-09-04,151797.72163070197,0.0,0,,-0.19113303634305157
