timestamp,equity,daily_return,position,stop_price,drawdown
2020-01-02,100000.0,0.0,0,,0.0
2020-01-03,100000.0,0.0,0,,0.0
2020-01-06,100000.0,0.0,0,,0.0
2020-01-07,100000.0,0.0,0,,0.0
2020-01-08,100000.0,0.0,0,,0.0
2020-01-09,100000.0,0.0,0,,0.0
2020-01-10,100000.0,0.0,0,,0.0
2020-01-13,100000.0,0.0,0,,0.0
2020-01-14,100000.0,0.0,0,,0.0
2020-01-15,100000.0,0.0,0,,0.0
2020-01-16,100000.0,0.0,0,,0.0
2020-01-17,100000.0,0.0,0,,0.0
2020-01-21,100000.0,0.0,0,,0.0
2020-01-22,100000.0,0.0,0,,0.0
2020-01-23,100000.0,0.0,0,,0.0
2020-01-24,100000.0,0.0,0,,0.0
2020-01-27,100000.0,0.0,0,,0.0
2020-01-28,100000.0,0.0,0,,0.0
2020-01-29,100000.0,0.0,0,,0.0
2020-01-30,100000.0,0.0,0,,0.0
2020-01-31,100000.0,0.0,0,,0.0
2020-02-03,100000.0,0.0,0,,0.0
2020-02-04,100000.0,0.0,0,,0.0
2020-02-05,100000.0,0.0,0,,0.0
2020-02-06,100000.0,0.0,0,,0.0
2020-02-07,100000.0,0.0,0,,0.0
2020-02-10,100000.0,0.0,0,,0.0
2020-02-11,100000.0,0.0,0,,0.0
2020-02-12,100000.0,0.0,0,,0.0
2020-02-13,100000.0,0.0,0,,0.0
2020-02-14,100000.0,0.0,0,,0.0
2020-02-18,100000.0,0.0,0,,0.0
2020-02-19,100000.0,0.0,0,,0.0
2020-02-20,100000.0,0.0,0,,0.0
2020-02-21,100000.0,0.0,0,,0.0
2020-02-24,100000.0,0.0,0,,0.0
2020-02-25,100000.0,0.0,0,,0.0
2020-02-26,100000.0,0.0,0,,0.0
2020-02-27,100000.0,0.0,0,,0.0
2020-02-28,100000.0,0.0,0,,0.0
2020-03-02,100000.0,0.0,0,,0.0
2020-03-03,100000.0,0.0,0,,0.0
2020-03-04,100000.0,0.0,0,,0.0
2020-03-05,100000.0,0.0,0,,0.0
2020-03-06,100000.0,0.0,0,,0.0
2020-03-09,100000.0,0.0,0,,0.0
2020-03-10,100000.0,0.0,0,,0.0
2020-03-11,100000.0,0.0,0,,0.0
2020-03-12,100000.0,0.0,0,,0.0
2020-03-13,100000.0,0.0,0,,0.0
2020-03-16,100000.0,0.0,0,,0.0
2020-03-17,100000.0,0.0,0,,0.0
2020-03-18,100000.0,0.0,0,,0.0
2020-03-19,100000.0,0.0,0,,0.0
2020-03-20,100000.0,0.0,0,,0.0
2020-03-23,100000.0,0.0,0,,0.0
2020-03-24,100000.0,0.0,0,,0.0
2020-03-25,100000.0,0.0,0,,0.0
2020-03-26,100000.0,0.0,0,,0.0
2020-03-27,100000.0,0.0,0,,0.0
2020-03-30,100000.0,0.0,0,,0.0
2020-03-31,100000.0,0.0,0,,0.0
2020-04-01,100000.0,0.0,0,,0.0
2020-04-02,100000.0,0.0,0,,0.0
2020-04-03,100000.0,0.0,0,,0.0
2020-04-06,100000.0,0.0,0,,0.0
2020-04-07,96904.6004227102,-0.030953995772898035,1,170.81911618386988,-0.030953995772898035
2020-04-08,97621.38657482523,0.007396822741008391,0,,-0.023786134251747693
2020-04-09,96757.41478247923,-0.008850230699025907,1,173.502936526678,-0.03242585217520766
2020-04-13,97802.73913381353,0.010803558090967114,1,176.39053405030307,-0.02197260866186468
2020-04-14,102056.26712226708,0.043490888150216955,1,185.5807662464351,0.0
2020-04-15,100885.70499723197,-0.011469772097706943,1,185.5807662464351,-0.011469772097706943
2020-04-16,102725.8629139793,0.018240026342660087,1,188.690954701965,0.0
2020-04-17,103708.55694957347,0.009566179418877718,1,191.14304120452354,0.0
2020-04-20,102480.20273878546,-0.011844289872679159,1,191.14304120452354,-0.011844289872679159
2020-04-21,98698.71075410912,-0.03689973169076455,1,191.14304120452354,-0.04830697044507426
2020-04-22,101627.54661058022,0.029674509769107127,1,191.14304120452354,-0.020065946342355367
2020-04-23,101410.75581085344,-0.002133189346363751,1,191.14304120452354,-0.022156331225756887
2020-04-24,103010.08416313434,0.01577079610040455,1,191.2378036304059,-0.006734958107446731
2020-04-27,103838.62533400167,0.008043301562157712,1,194.8764677257859,0.0
2020-04-28,101882.85276870923,-0.018834730900968766,1,194.8764677257859,-0.018834730900968766
2020-04-29,105495.73053351583,0.03546109739396908,1,197.69205419010268,0.0
2020-04-30,105452.37694512637,-0.00041095111783406857,1,197.86363958127635,-0.00041095111783406857
2020-05-01,102480.20273878546,-0.028184990158045653,1,197.86363958127635,-0.02858435862266806
2020-05-04,103674.83410559953,0.0116571916808077,1,197.86363958127635,-0.017260380289397692
2020-05-05,104850.25731840132,0.01133759434429904,1,197.86363958127635,-0.006118477135048095
2020-05-06,105495.73053351583,0.0061561433574206514,1,198.63264100249805,0.0
2020-05-07,106854.17598651152,0.012876781326843556,1,201.47373295600858,0.0
2020-05-08,108318.5748665975,0.013704648101641181,1,204.4288272835641,0.0
2020-05-11,109286.83040482822,0.008938961202390239,1,207.13107983493592,0.0
2020-05-12,106998.6981068228,-0.020936944456432127,1,207.13107983493592,-0.020936944456432127
2020-05-13,105659.52176191797,-0.012515819057610011,1,207.13107983493592,-0.03319072050560623
2020-05-14,106858.99135871927,0.01135221489554028,1,207.13107983493592,-0.022215293801783442
2020-05-15,107552.67163073011,0.0064915480035010464,1,207.13107983493592,-0.015867957444408498
2020-05-18,109556.59029884031,0.018631974805706664,1,207.13107983493592,0.0
2020-05-19,109282.01503262046,-0.0025062414362375662,1,207.22997779341645,-0.0025062414362375662
2020-05-20,111464.19390353555,0.01996832571456264,1,211.2194198832054,0.0
2020-05-21,110250.26295159134,-0.010890770474640266,1,211.2194198832054,-0.010890770474640266
2020-05-22,110630.80688342116,0.0034516374078572554,1,211.2194198832054,-0.007476724057553619
2020-05-26,110332.13189838304,-0.002699745156453992,1,211.2194198832054,-0.010156283964447121
2020-05-27,110934.30485992685,0.0054578204117221585,1,211.2194198832054,-0.00475389472665344
2020-05-28,110789.78273961555,-0.0013027721271051673,1,211.2194198832054,-0.006050473612213558
2020-05-29,112413.17271441559,0.014652885263033877,1,213.1353976000192,0.0
2020-06-01,112750.3478193363,0.002999426995778265,1,214.19480655967027,0.0
2020-06-02,113506.6660263471,0.00670790132038146,1,216.11084491419814,0.0
2020-06-03,114017.2707233453,0.004498455596252615,1,218.12913407066188,0.0
2020-06-04,113217.61416646467,-0.007013468677222856,1,218.12913407066188,-0.007013468677222856
2020-06-05,115462.41573386008,0.01982731736507759,1,221.28166973996062,0.0
2020-06-08,116358.41021193513,0.007760053108020193,1,223.35856067634012,0.0
2020-06-09,117201.42797646504,0.007245009303534111,1,224.9486462233087,0.0
2020-06-10,118608.01953227847,0.012001488207941335,1,227.8310410419992,0.0
2020-06-11,113593.55151719599,-0.0422776472860491,0,,-0.0422776472860491
2020-06-12,113593.55151719599,0.0,0,,-0.0422776472860491
2020-06-15,113593.55151719599,0.0,0,,-0.0422776472860491
2020-06-16,113593.55151719599,0.0,0,,-0.0422776472860491
2020-06-17,113593.55151719599,0.0,0,,-0.0422776472860491
2020-06-18,113593.55151719599,0.0,0,,-0.0422776472860491
2020-06-19,113593.55151719599,0.0,0,,-0.0422776472860491
2020-06-22,113593.55151719599,0.0,0,,-0.0422776472860491
2020-06-23,113593.55151719599,0.0,0,,-0.0422776472860491
2020-06-24,113593.55151719599,0.0,0,,-0.0422776472860491
2020-06-25,113593.55151719599,0.0,0,,-0.0422776472860491
2020-06-26,113593.55151719599,0.0,0,,-0.0422776472860491
2020-06-29,113593.55151719599,0.0,0,,-0.0422776472860491
2020-06-30,113593.55151719599,0.0,0,,-0.0422776472860491
2020-07-01,113593.55151719599,0.0,0,,-0.0422776472860491
2020-07-02,113593.55151719599,0.0,0,,-0.0422776472860491
2020-07-06,113593.55151719599,0.0,0,,-0.0422776472860491
2020-07-07,113593.55151719599,0.0,0,,-0.0422776472860491
2020-07-08,113593.55151719599,0.0,0,,-0.0422776472860491
2020-07-09,113593.55151719599,0.0,0,,-0.0422776472860491
2020-07-10,113593.55151719599,0.0,0,,-0.0422776472860491
2020-07-13,113593.55151719599,0.0,0,,-0.0422776472860491
2020-07-14,113593.55151719599,0.0,0,,-0.0422776472860491
2020-07-15,113593.55151719599,0.0,0,,-0.0422776472860491
2020-07-16,113593.55151719599,0.0,0,,-0.0422776472860491
2020-07-17,113593.55151719599,0.0,0,,-0.0422776472860491
2020-07-20,113593.55151719599,0.0,0,,-0.0422776472860491
2020-07-21,113593.55151719599,0.0,0,,-0.0422776472860491
2020-07-22,113593.55151719599,0.0,0,,-0.0422776472860491
2020-07-23,113593.55151719599,0.0,0,,-0.0422776472860491
2020-07-24,113593.55151719599,0.0,0,,-0.0422776472860491
2020-07-27,113593.55151719599,0.0,0,,-0.0422776472860491
2020-07-28,113593.55151719599,0.0,0,,-0.0422776472860491
2020-07-29,113593.55151719599,0.0,0,,-0.0422776472860491
2020-07-30,113593.55151719599,0.0,0,,-0.0422776472860491
2020-07-31,113593.55151719599,0.0,0,,-0.0422776472860491
2020-08-03,113593.55151719599,0.0,0,,-0.0422776472860491
2020-08-04,113593.55151719599,0.0,0,,-0.0422776472860491
2020-08-05,113593.55151719599,0.0,0,,-0.0422776472860491
2020-08-06,113593.55151719599,0.0,0,,-0.0422776472860491
2020-08-07,113593.55151719599,0.0,0,,-0.0422776472860491
2020-08-10,113593.55151719599,0.0,0,,-0.0422776472860491
2020-08-11,113593.55151719599,0.0,0,,-0.0422776472860491
2020-08-12,113593.55151719599,0.0,0,,-0.0422776472860491
2020-08-13,113593.55151719599,0.0,0,,-0.0422776472860491
2020-08-14,113593.55151719599,0.0,0,,-0.0422776472860491
2020-08-17,113593.55151719599,0.0,0,,-0.0422776472860491
2020-08-18,113593.55151719599,0.0,0,,-0.0422776472860491
2020-08-19,113593.55151719599,0.0,0,,-0.0422776472860491
2020-08-20,113593.55151719599,0.0,0,,-0.0422776472860491
2020-08-21,113593.55151719599,0.0,0,,-0.0422776472860491
2020-08-24,113593.55151719599,0.0,0,,-0.0422776472860491
2020-08-25,113593.55151719599,0.0,0,,-0.0422776472860491
2020-08-26,113593.55151719599,0.0,0,,-0.0422776472860491
2020-08-27,113593.55151719599,0.0,0,,-0.0422776472860491
2020-08-28,113593.55151719599,0.0,0,,-0.0422776472860491
2020-08-31,113593.55151719599,0.0,0,,-0.0422776472860491
2020-09-01,113593.55151719599,0.0,0,,-0.0422776472860491
2020-09-02,113593.55151719599,0.0,0,,-0.0422776472860491
2020-09-03,113593.55151719599,0.0,0,,-0.0422776472860491
2020-09-04,113593.55151719599,0.0,0,,-0.0422776472860491
2020-09-08,113593.55151719599,0.0,0,,-0.0422776472860491
2020-09-09,113593.55151719599,0.0,0,,-0.0422776472860491
2020-09-10,109951.3509523661,-0.032063444765863425,1,253.18122943511574,-0.07298552504332567
2020-09-11,109188.27950817555,-0.006940082478123832,1,253.18122943511574,-0.07941908195793956
2020-09-14,110600.7236552325,0.012935858623463359,0,,-0.06751057735068944
2020-09-15,110446.94402768514,-0.0013904034482336014,1,248.99699378670564,-0.06880711385938232
2020-09-16,108685.73505222505,-0.015946199244939008,1,248.99699378670564,-0.08365610115725042
2020-09-17,105732.6935555323,-0.027170460735015278,0,,-0.10855358708052809
2020-09-18,105732.6935555323,0.0,0,,-0.10855358708052809
2020-09-21,105732.6935555323,0.0,0,,-0.10855358708052809
2020-09-22,105732.6935555323,0.0,0,,-0.10855358708052809
2020-09-23,105732.6935555323,0.0,0,,-0.10855358708052809
2020-09-24,105732.6935555323,0.0,0,,-0.10855358708052809
2020-09-25,105732.6935555323,0.0,0,,-0.10855358708052809
2020-09-28,105732.6935555323,0.0,0,,-0.10855358708052809
2020-09-29,105732.6935555323,0.0,0,,-0.10855358708052809
2020-09-30,105732.6935555323,0.0,0,,-0.10855358708052809
2020-10-01,105732.6935555323,0.0,0,,-0.10855358708052809
2020-10-02,105732.6935555323,0.0,0,,-0.10855358708052809
2020-10-05,105732.6935555323,0.0,0,,-0.10855358708052809
2020-10-06,105732.6935555323,0.0,0,,-0.10855358708052809
2020-10-07,106345.55719654598,0.005796349458285555,1,254.27320316690657,-0.10338645214791176
2020-10-08,106911.62492080801,0.0053229090070574525,1,256.90557147726366,-0.09861385981820014
2020-10-09,108545.25872555948,0.01528022613033464,1,261.6063760163966,-0.08484047576547271
2020-10-12,111896.08739941791,0.030870336606138693,1,269.23082080137755,-0.05658919320403921
2020-10-13,111892.30825580384,-3.377368862400587e-05,1,270.13410831089794,-0.056621055666872366
2020-10-14,110957.74403596696,-0.008352354459435385,1,270.13410831089794,-0.06450049099951072
2020-10-15,110213.08478205728,-0.006711196774767614,1,270.13410831089794,-0.07077881228711147
2020-10-16,109609.02166787222,-0.005480865682868541,1,270.13410831089794,-0.07587174880664138
2020-10-19,107819.6271598146,-0.016325248422339622,1,270.13410831089794,-0.09095837208147528
2020-10-20,108051.40263752942,0.0021496594249141854,1,270.13410831089794,-0.08900424217838099
2020-10-21,107967.79358404868,-0.000773789617162346,1,270.13410831089794,-0.08970916123706218
2020-10-22,107963.99044587198,-3.522474666239894e-05,1,270.13410831089794,-0.08974122600124668
2020-10-23,108176.71424085936,0.001970321716610046,1,270.13410831089794,-0.08794772337110213
2020-10-26,106037.69291447598,-0.019773398937046438,0,,-0.10598209688832683
2020-10-27,106037.69291447598,0.0,0,,-0.10598209688832683
2020-10-28,106037.69291447598,0.0,0,,-0.10598209688832683
2020-10-29,106037.69291447598,0.0,0,,-0.10598209688832683
2020-10-30,106037.69291447598,0.0,0,,-0.10598209688832683
2020-11-02,106037.69291447598,0.0,0,,-0.10598209688832683
2020-11-03,106037.69291447598,0.0,0,,-0.10598209688832683
2020-11-04,106037.69291447598,0.0,0,,-0.10598209688832683
2020-11-05,106189.08995617698,0.0014277662738579888,1,266.9677565960905,-0.10470564827803874
2020-11-06,106268.43828393139,0.0007472361594507149,1,267.7256632444269,-0.10403665196508016
2020-11-09,104096.99827988993,-0.020433536420660814,1,267.7256632444269,-0.12234435166872892
2020-11-10,102709.0530113442,-0.013333192037045194,0,,-0.13404630297032716
2020-11-11,102709.0530113442,0.0,0,,-0.13404630297032716
2020-11-12,102709.0530113442,0.0,0,,-0.13404630297032716
2020-11-13,102709.0530113442,0.0,0,,-0.13404630297032716
2020-11-16,103465.66758718848,0.0073665811694390015,1,264.73048439555447,-0.1276671847721822
2020-11-17,103137.49644347026,-0.003171787814945315,1,265.41079785051556,-0.13043403936609876
2020-11-18,102375.2666146025,-0.007390423998565154,1,265.41079785051556,-0.13686050050990295
2020-11-19,103176.32113241433,0.007824687976906164,1,267.23763914529763,-0.13010670324585005
2020-11-20,102470.56763063287,-0.006840266197083333,1,267.23763914529763,-0.13605700495870676
2020-11-23,102474.1224744254,3.4691364308114814e-05,1,267.23763914529763,-0.13602703359752433
2020-11-24,103913.85649782052,0.014049732641081558,1,271.79418773153833,-0.12388844441044744
2020-11-25,104552.5582908257,0.0061464545204188425,1,274.580451093565,-0.11850346457920291
2020-11-27,105515.94324602229,0.009214360422600265,1,277.5017344649092,-0.1103810377905623
2020-11-30,105731.19516670078,0.0020399942800739534,1,279.097296817994,-0.10856622019620976
2020-12-01,107086.25927431029,0.01281612399701948,1,283.2310168146308,-0.09714149433911257
2020-12-02,107223.91753565536,0.001285489494898151,1,284.1291586891516,-0.095980879214706
2020-12-03,107375.63916021727,0.0014149979598669926,1,284.9709028065206,-0.09470169400311401
2020-12-04,107813.24154544837,0.004075434508735709,1,286.45576399113196,-0.09101221004615434
2020-12-07,108423.72746233232,0.005662439122810392,1,288.37093221069006,-0.08586512202216279
2020-12-08,108790.71215128367,0.003384726734089183,1,289.11363302340783,-0.08277102526210778
2020-12-09,106327.56200181316,-0.022641180490162394,1,289.11363302340783,-0.10353817202995497
2020-12-10,105413.54383790253,-0.00859624867440334,0,,-0.11124438083029575
2020-12-11,105413.54383790253,0.0,0,,-0.11124438083029575
2020-12-14,105413.54383790253,0.0,0,,-0.11124438083029575
2020-12-15,105413.54383790253,0.0,0,,-0.11124438083029575
2020-12-16,105413.54383790253,0.0,0,,-0.11124438083029575
2020-12-17,105413.54383790253,0.0,0,,-0.11124438083029575
2020-12-18,105413.54383790253,0.0,0,,-0.11124438083029575
2020-12-21,105413.54383790253,0.0,0,,-0.11124438083029575
2020-12-22,105413.54383790253,0.0,0,,-0.11124438083029575
2020-12-23,105413.54383790253,0.0,0,,-0.11124438083029575
2020-12-24,105413.54383790253,0.0,0,,-0.11124438083029575
2020-12-28,105413.54383790253,0.0,0,,-0.11124438083029575
2020-12-29,105413.54383790253,0.0,0,,-0.11124438083029575
2020-12-30,105413.54383790253,0.0,0,,-0.11124438083029575
2020-12-31,105413.54383790253,0.0,0,,-0.11124438083029575
2021-01-04,105413.54383790253,0.0,0,,-0.11124438083029575
2021-01-05,105413.54383790253,0.0,0,,-0.11124438083029575
2021-01-06,105413.54383790253,0.0,0,,-0.11124438083029575
2021-01-07,105413.54383790253,0.0,0,,-0.11124438083029575
2021-01-08,105413.54383790253,0.0,0,,-0.11124438083029575
2021-01-11,105413.54383790253,0.0,0,,-0.11124438083029575
2021-01-12,105413.54383790253,0.0,0,,-0.11124438083029575
2021-01-13,105413.54383790253,0.0,0,,-0.11124438083029575
2021-01-14,105413.54383790253,0.0,0,,-0.11124438083029575
2021-01-15,105413.54383790253,0.0,0,,-0.11124438083029575
2021-01-19,105413.54383790253,0.0,0,,-0.11124438083029575
2021-01-20,105413.54383790253,0.0,0,,-0.11124438083029575
2021-01-21,105413.54383790253,0.0,0,,-0.11124438083029575
2021-01-22,105413.54383790253,0.0,0,,-0.11124438083029575
2021-01-25,105413.54383790253,0.0,0,,-0.11124438083029575
2021-01-26,105413.54383790253,0.0,0,,-0.11124438083029575
2021-01-27,105413.54383790253,0.0,0,,-0.11124438083029575
2021-01-28,105413.54383790253,0.0,0,,-0.11124438083029575
2021-01-29,105413.54383790253,0.0,0,,-0.11124438083029575
2021-02-01,105413.54383790253,0.0,0,,-0.11124438083029575
2021-02-02,105413.54383790253,0.0,0,,-0.11124438083029575
2021-02-03,105413.54383790253,0.0,0,,-0.11124438083029575
2021-02-04,105413.54383790253,0.0,0,,-0.11124438083029575
2021-02-05,105413.54383790253,0.0,0,,-0.11124438083029575
2021-02-08,105413.54383790253,0.0,0,,-0.11124438083029575
2021-02-09,105413.54383790253,0.0,0,,-0.11124438083029575
2021-02-10,105413.54383790253,0.0,0,,-0.11124438083029575
2021-02-11,105413.54383790253,0.0,0,,-0.11124438083029575
2021-02-12,105413.54383790253,0.0,0,,-0.11124438083029575
2021-02-16,105413.54383790253,0.0,0,,-0.11124438083029575
2021-02-17,105413.54383790253,0.0,0,,-0.11124438083029575
2021-02-18,105413.54383790253,0.0,0,,-0.11124438083029575
2021-02-19,105413.54383790253,0.0,0,,-0.11124438083029575
2021-02-22,105413.54383790253,0.0,0,,-0.11124438083029575
2021-02-23,105413.54383790253,0.0,0,,-0.11124438083029575
2021-02-24,105413.54383790253,0.0,0,,-0.11124438083029575
2021-02-25,105413.54383790253,0.0,0,,-0.11124438083029575
2021-02-26,105413.54383790253,0.0,0,,-0.11124438083029575
2021-03-01,105413.54383790253,0.0,0,,-0.11124438083029575
2021-03-02,103356.67420871764,-0.01951238478755446,1,297.60685792708296,-0.1285861224536362
2021-03-03,102835.38771241323,-0.005043568790262465,0,,-0.1329811582898306
2021-03-04,102835.38771241323,0.0,0,,-0.1329811582898306
2021-03-05,102835.38771241323,0.0,0,,-0.1329811582898306
2021-03-08,102835.38771241323,0.0,0,,-0.1329811582898306
2021-03-09,102835.38771241323,0.0,0,,-0.1329811582898306
2021-03-10,102835.38771241323,0.0,0,,-0.1329811582898306
2021-03-11,102835.38771241323,0.0,0,,-0.1329811582898306
2021-03-12,102835.38771241323,0.0,0,,-0.1329811582898306
2021-03-15,102835.38771241323,0.0,0,,-0.1329811582898306
2021-03-16,102835.38771241323,0.0,0,,-0.1329811582898306
2021-03-17,102835.38771241323,0.0,0,,-0.1329811582898306
2021-03-18,102835.38771241323,0.0,0,,-0.1329811582898306
2021-03-19,102835.38771241323,0.0,0,,-0.1329811582898306
2021-03-22,102835.38771241323,0.0,0,,-0.1329811582898306
2021-03-23,102835.38771241323,0.0,0,,-0.1329811582898306
2021-03-24,102835.38771241323,0.0,0,,-0.1329811582898306
2021-03-25,102835.38771241323,0.0,0,,-0.1329811582898306
2021-03-26,102835.38771241323,0.0,0,,-0.1329811582898306
2021-03-29,102831.09636283442,-4.173028054121897e-05,1,290.26787153993604,-0.1330173392293298
2021-03-30,102020.36404004025,-0.007884116298182198,0,,-0.13985273135535314
2021-03-31,102020.36404004025,0.0,0,,-0.13985273135535314
2021-04-01,102340.52936136251,0.0031382491557920833,1,299.6531537054514,-0.13715337491567225
2021-04-05,104383.74869023926,0.01996490873779022,1,305.52332456881544,-0.1199267207911533
2021-04-06,104311.24454133085,-0.0006945923078847116,1,305.74239937912705,-0.12053801292126665
2021-04-07,104563.46050730358,0.002417917330789665,1,307.39189650613645,-0.1184115465409381
2021-04-08,105654.46728360103,0.010433919946836845,1,311.900041925109,-0.10921312319149057
2021-04-09,106294.5566223075,0.006058327254524265,1,313.982749082653,-0.1038164447777491
2021-04-12,106155.79217849717,-0.0013054708370758838,1,314.5280866180406,-0.10498638627375867
2021-04-13,107394.95399620454,0.011673049508440947,1,318.38959526829836,-0.09453884805000357
2021-04-14,106105.35494128418,-0.01200800416531611,1,318.38959526829836,-0.10541162933415105
2021-04-15,107713.42033044324,0.015155365061913395,1,319.60234729522443,-0.09185381599656783
2021-04-16,107839.5481667015,0.001170957489524671,1,320.7707799987519,-0.09079041542082578
2021-04-19,106852.6320948747,-0.009151708149789273,1,320.7707799987519,-0.09911123618588547
2021-04-20,106073.82794553759,-0.007288581797831761,1,320.7707799987519,-0.10567743763169213
2021-04-21,106981.92652799792,0.008561005104167352,1,320.7707799987519,-0.09802113761048492
2021-04-22,105692.29769316975,-0.012054642094061152,1,320.7707799987519,-0.10889416997299906
2021-04-23,107022.93346106756,0.012589713696647076,1,320.7707799987519,-0.097675402699546
2021-04-26,107719.72374426539,0.006510663281821705,1,320.7707799987519,-0.09180067107561729
2021-04-27,107253.06266207299,-0.0043321786017599395,1,320.7707799987519,-0.09573515277451616
2021-04-28,106890.47243107935,-0.0033806981543833547,1,320.7707799987519,-0.09879219927460514
2021-04-29,107275.14942704029,0.003598795918962505,1,320.7707799987519,-0.09554893631921746
2021-04-30,106572.00609684065,-0.006554577961020325,1,320.7707799987519,-0.10147723132804098
2021-05-03,106004.46061358634,-0.005325464951261072,1,320.7707799987519,-0.10626228284051353
2021-05-04,104182.52976042058,-0.017187303653260044,0,,-0.12162322437170514
2021-05-05,104182.52976042058,0.0,0,,-0.12162322437170514
2021-05-06,104182.52976042058,0.0,0,,-0.12162322437170514
2021-05-07,104182.52976042058,0.0,0,,-0.12162322437170514
2021-05-10,104182.52976042058,0.0,0,,-0.12162322437170514
2021-05-11,104182.52976042058,0.0,0,,-0.12162322437170514
2021-05-12,104182.52976042058,0.0,0,,-0.12162322437170514
2021-05-13,104182.52976042058,0.0,0,,-0.12162322437170514
2021-05-14,104182.52976042058,0.0,0,,-0.12162322437170514
2021-05-17,104182.52976042058,0.0,0,,-0.12162322437170514
2021-05-18,104182.52976042058,0.0,0,,-0.12162322437170514
2021-05-19,104182.52976042058,0.0,0,,-0.12162322437170514
2021-05-20,104182.52976042058,0.0,0,,-0.12162322437170514
2021-05-21,104182.52976042058,0.0,0,,-0.12162322437170514
2021-05-24,104182.52976042058,0.0,0,,-0.12162322437170514
2021-05-25,104182.52976042058,0.0,0,,-0.12162322437170514
2021-05-26,104182.52976042058,0.0,0,,-0.12162322437170514
2021-05-27,104182.52976042058,0.0,0,,-0.12162322437170514
2021-05-28,104182.52976042058,0.0,0,,-0.12162322437170514
2021-06-01,104182.52976042058,0.0,0,,-0.12162322437170514
2021-06-02,104182.52976042058,0.0,0,,-0.12162322437170514
2021-06-03,103853.40485892598,-0.0031591179658573276,1,309.3226354480611,-0.12439812022438423
2021-06-04,105615.75329913407,0.01696957786412545,1,314.60739924070236,-0.10953952594755734
2021-06-07,105930.48880830378,0.0029800053433155504,1,316.03038333838634,-0.10688594897686976
2021-06-08,105980.79972578304,0.00047494274826109795,1,316.26324388085834,-0.10646177093496623
2021-06-09,106005.96509214723,0.0002374521274541852,1,317.08163020069156,-0.10624959838151304
2021-06-10,107110.60578404032,0.010420552191877652,1,321.0709662870229,-0.09693622567493587
2021-06-11,107390.6943301488,0.0026149468958582833,1,322.39414187362416,-0.09457476186150238
2021-06-14,108419.79929245113,0.009582813191788997,1,326.0331099618112,-0.0858982409452902
2021-06-15,107711.72118090956,-0.006530893030262885,1,326.0331099618112,-0.09186814175245162
2021-06-16,107318.32904041494,-0.003652268631320843,1,326.0331099618112,-0.09518488325143226
2021-06-17,108680.99399853736,0.012697411246584522,1,326.0331099618112,-0.08369607361194942
2021-06-18,107828.1357694053,-0.007847353964608894,1,326.0331099618112,-0.09088663486147741
2021-06-21,108498.2974017832,0.006215090593897132,1,326.0331099618112,-0.08523641293701867
2021-06-22,109509.69743900963,0.009321805608442757,1,327.3493347522015,-0.07670916460073585
2021-06-23,109563.24814971766,0.0004890042796241723,1,328.05912498760864,-0.0762576714308878
2021-06-24,110240.63244039458,0.0061825867899723,1,330.549928425058,-0.07054655431293799
2021-06-25,110105.1753975083,-0.001228739711372051,1,330.549928425058,-0.07168861067152521
2021-06-28,111444.22057869677,0.012161509904999201,1,334.30964281389777,-0.06039894251528344
2021-06-29,111847.51043611967,0.003618759728667209,1,335.5462013626633,-0.056998752047444534
2021-06-30,111671.06555045834,-0.001577548619306146,1,335.5462013626633,-0.05848638236415604
2021-07-01,111715.18420259209,0.00039507684391004716,1,335.5462013626633,-0.05811441213560209
2021-07-02,112997.52804846472,0.01147868890899506,1,339.28417866103354,-0.04730280048464086
2021-07-06,113485.90458554732,0.004322010804281851,1,340.6145722931838,-0.043185232895126435
2021-07-07,113725.36196336464,0.002110018673171954,1,341.7962498322982,-0.04116633586976837
2021-07-08,113038.48616836613,-0.006039776731770585,1,341.7962498322982,-0.04695747712402054
2021-07-09,113744.28552626054,0.006243885439541019,1,341.7962498322982,-0.04100678879217179
2021-07-12,114188.51368833573,0.003905498724791956,1,343.5605250720795,-0.0372614420287154
2021-07-13,114188.51368833573,0.0,1,343.60558526204017,-0.0372614420287154
2021-07-14,114393.32410309181,0.0017936166094174588,1,344.0232869039715,-0.03553465816061163
2021-07-15,113589.8553823556,-0.007023737853898981,1,344.0232869039715,-0.0423088098908625
2021-07-16,112669.84327400447,-0.00809942142504072,1,344.0232869039715,-0.05006555443460525
2021-07-19,111384.03030169613,-0.011412219409778879,0,,-0.06090641475230418
2021-07-20,111384.03030169613,0.0,0,,-0.06090641475230418
2021-07-21,111384.03030169613,0.0,0,,-0.06090641475230418
2021-07-22,111384.03030169613,0.0,0,,-0.06090641475230418
2021-07-23,111384.03030169613,0.0,0,,-0.06090641475230418
2021-07-26,111384.03030169613,0.0,0,,-0.06090641475230418
2021-07-27,111384.03030169613,0.0,0,,-0.06090641475230418
2021-07-28,111384.03030169613,0.0,0,,-0.06090641475230418
2021-07-29,111384.03030169613,0.0,0,,-0.06090641475230418
2021-07-30,111384.03030169613,0.0,0,,-0.06090641475230418
2021-08-02,111384.03030169613,0.0,0,,-0.06090641475230418
2021-08-03,111384.03030169613,0.0,0,,-0.06090641475230418
2021-08-04,111384.03030169613,0.0,0,,-0.06090641475230418
2021-08-05,111384.03030169613,0.0,0,,-0.06090641475230418
2021-08-06,111384.03030169613,0.0,0,,-0.06090641475230418
2021-08-09,111384.03030169613,0.0,0,,-0.06090641475230418
2021-08-10,111384.03030169613,0.0,0,,-0.06090641475230418
2021-08-11,111384.03030169613,0.0,0,,-0.06090641475230418
2021-08-12,111384.03030169613,0.0,0,,-0.06090641475230418
2021-08-13,111384.03030169613,0.0,0,,-0.06090641475230418
2021-08-16,111384.03030169613,0.0,0,,-0.06090641475230418
2021-08-17,111384.03030169613,0.0,0,,-0.06090641475230418
2021-08-18,111384.03030169613,0.0,0,,-0.06090641475230418
2021-08-19,111384.03030169613,0.0,0,,-0.06090641475230418
2021-08-20,111384.03030169613,0.0,0,,-0.06090641475230418
2021-08-23,111384.03030169613,0.0,0,,-0.06090641475230418
2021-08-24,111374.87885616852,-8.216119943604827e-05,1,353.9585881404069,-0.060983571807650794
2021-08-25,111502.81834375275,0.0011487284107347673,1,354.5561717337424,-0.05990489695843948
2021-08-26,110794.77300466973,-0.006350021906174508,1,354.5561717337424,-0.06587452145664074
2021-08-27,111871.69681223281,0.00971998749000269,1,355.35573375132213,-0.05679483349110648
2021-08-30,113127.15214809784,0.011222278481859416,1,359.316044019766,-0.04620992244701505
2021-08-31,113034.93019221854,-0.000815206200528884,1,359.316044019766,-0.04698745803223914
2021-09-01,113222.34900577969,0.0016580610369063553,1,360.04771687192965,-0.04540730506871926
2021-09-02,113168.80077333366,-0.00047294754892690527,1,360.04771687192965,-0.04585877734401056
2021-09-03,113516.89234934427,0.0030758616653348003,1,361.20958815892476,-0.0429239709339273
2021-09-07,113677.51833660818,0.001414996340540986,1,362.3332069109722,-0.041569711855179325
2021-09-08,113281.81897671951,-0.0034808937218083758,1,362.3332069109722,-0.0449059058279736
2021-09-09,112892.15361576999,-0.003439787288634588,1,362.3332069109722,-0.04819122635255657
2021-09-10,112035.32576641062,-0.0075897909811836195,1,362.3332069109722,-0.055415255998597424
2021-09-13,111957.96896450699,-0.0006904679517326651,1,362.3332069109722,-0.056067461492025905
2021-09-14,111639.67318170752,-0.0028429935425174913,1,362.3332069109722,-0.058751055603576297
2021-09-15,112469.6801396583,0.0074346953398891635,1,362.3332069109722,-0.05175315646299661
2021-09-16,112547.02758652481,0.0006877182078801614,1,362.3332069109722,-0.05110102984313125
2021-09-17,110905.13552138009,-0.014588497807127454,0,,-0.06494404038845025
2021-09-20,110905.13552138009,0.0,0,,-0.06494404038845025
2021-09-21,110905.13552138009,0.0,0,,-0.06494404038845025
2021-09-22,110905.13552138009,0.0,0,,-0.06494404038845025
2021-09-23,110905.13552138009,0.0,0,,-0.06494404038845025
2021-09-24,110905.13552138009,0.0,0,,-0.06494404038845025
2021-09-27,110783.89509976894,-0.0010931903292050738,1,347.8302563200006,-0.06596623452076311
2021-09-28,109219.90043014284,-0.014117527355556603,0,,-0.07915248175592982
2021-09-29,109219.90043014284,0.0,0,,-0.07915248175592982
2021-09-30,109219.90043014284,0.0,0,,-0.07915248175592982
2021-10-01,109219.90043014284,0.0,0,,-0.07915248175592982
2021-10-04,109219.90043014284,0.0,0,,-0.07915248175592982
2021-10-05,109219.90043014284,0.0,0,,-0.07915248175592982
2021-10-06,109219.90043014284,0.0,0,,-0.07915248175592982
2021-10-07,109219.90043014284,0.0,0,,-0.07915248175592982
2021-10-08,109219.90043014284,0.0,0,,-0.07915248175592982
2021-10-11,109219.90043014284,0.0,0,,-0.07915248175592982
2021-10-12,109219.90043014284,0.0,0,,-0.07915248175592982
2021-10-13,109219.90043014284,0.0,0,,-0.07915248175592982
2021-10-14,109219.90043014284,0.0,0,,-0.07915248175592982
2021-10-15,109219.90043014284,0.0,0,,-0.07915248175592982
2021-10-18,109219.90043014284,0.0,0,,-0.07915248175592982
2021-10-19,109558.194207901,0.0030973639091946836,1,351.56642957003874,-0.07630028188704907
2021-10-20,109415.2243442513,-0.0013049673252043537,1,351.56642957003874,-0.07750567983748691
2021-10-21,110083.4130063141,0.006106907572208664,1,354.30761886395504,-0.0718720922883671
2021-10-22,109158.467003378,-0.00840222861624984,1,354.30761886395504,-0.0796704351540819
2021-10-25,110276.01309059738,0.010237832372497424,1,356.1182807526889,-0.07024825534173584
2021-10-26,110623.22299794026,0.003148553321905334,1,357.6213709617049,-0.06732088239754475
2021-10-27,110880.02616542541,0.002321421854522665,1,358.8216874253642,-0.06515574071068553
2021-10-28,112111.36889519078,0.01110518072865796,1,362.7880802640875,-0.054774126258129274
2021-10-29,112662.83717687157,0.004918932728368963,1,364.5063230525767,-0.05012462377207938
2021-11-01,113047.99151882627,0.0034186458605691694,1,365.91194246917405,-0.04687733624908119
2021-11-02,113520.72968134873,0.0041817475584582375,1,367.61785359781317,-0.04289161787702944
2021-11-03,114725.78626655691,0.010615299853962812,1,371.9287278580406,-0.032731625408052856
2021-11-04,116196.41723275835,0.012818661035667533,1,376.2025943400397,-0.0203325399836376
2021-11-05,116307.2901374683,0.0009541852266223838,1,376.9274311867209,-0.019397755766287328
2021-11-08,116149.71074996081,-0.0013548539160463946,1,376.9274311867209,-0.020726328556971207
2021-11-09,115350.22884494769,-0.006883201859487986,1,376.9274311867209,-0.027466866913195442
2021-11-10,113032.54179179997,-0.020092609059866873,0,,-0.04700759495407614
2021-11-11,113032.54179179997,0.0,0,,-0.04700759495407614
2021-11-12,113032.54179179997,0.0,0,,-0.04700759495407614
2021-11-15,113032.54179179997,0.0,0,,-0.04700759495407614
2021-11-16,113032.54179179997,0.0,0,,-0.04700759495407614
2021-11-17,113032.54179179997,0.0,0,,-0.04700759495407614
2021-11-18,113032.54179179997,0.0,0,,-0.04700759495407614
2021-11-19,113032.54179179997,0.0,0,,-0.04700759495407614
2021-11-22,113032.54179179997,0.0,0,,-0.04700759495407614
2021-11-23,113032.54179179997,0.0,0,,-0.04700759495407614
2021-11-24,113032.54179179997,0.0,0,,-0.04700759495407614
2021-11-26,113032.54179179997,0.0,0,,-0.04700759495407614
2021-11-29,113032.54179179997,0.0,0,,-0.04700759495407614
2021-11-30,113032.54179179997,0.0,0,,-0.04700759495407614
2021-12-01,113032.54179179997,0.0,0,,-0.04700759495407614
2021-12-02,113032.54179179997,0.0,0,,-0.04700759495407614
2021-12-03,113032.54179179997,0.0,0,,-0.04700759495407614
2021-12-06,113032.54179179997,0.0,0,,-0.04700759495407614
2021-12-07,113032.54179179997,0.0,0,,-0.04700759495407614
2021-12-08,113032.54179179997,0.0,0,,-0.04700759495407614
2021-12-09,111554.27832170008,-0.013078211342205992,1,366.46235929453917,-0.059471031034783906
2021-12-10,112766.91575490544,0.010870380333673602,1,366.46235929453917,-0.049247123427294204
2021-12-13,111137.79046228106,-0.014446837369971322,1,366.46235929453917,-0.06298249561417246
2021-12-14,109567.87648046616,-0.014125834023555717,0,,-0.07621864935829303
2021-12-15,109567.87648046616,0.0,0,,-0.07621864935829303
2021-12-16,109567.87648046616,0.0,0,,-0.07621864935829303
2021-12-17,109567.87648046616,0.0,0,,-0.07621864935829303
2021-12-20,109567.87648046616,0.0,0,,-0.07621864935829303
2021-12-21,109567.87648046616,0.0,0,,-0.07621864935829303
2021-12-22,109567.87648046616,0.0,0,,-0.07621864935829303
2021-12-23,109567.87648046616,0.0,0,,-0.07621864935829303
2021-12-27,109567.87648046616,0.0,0,,-0.07621864935829303
2021-12-28,108648.97987454348,-0.008386551199488723,1,374.3095439194427,-0.08396598895258256
2021-12-29,108632.77005127247,-0.00014919443596916881,1,374.3095439194427,-0.08410265613018941
2021-12-30,108308.10681083644,-0.0029886307813268287,1,374.3095439194427,-0.08683993512461419
2021-12-31,107631.77527360398,-0.006244514442614091,1,374.3095439194427,-0.09254217633814688
2022-01-03,108667.93094017918,0.00962685660383511,1,374.3095439194427,-0.08380620999572586
2022-01-04,107258.46558971798,-0.012970389131979565,1,374.3095439194427,-0.09568959997238446
2022-01-05,103937.87117728851,-0.030958809583677138,0,,-0.12368597345137833
2022-01-06,103937.87117728851,0.0,0,,-0.12368597345137833
2022-01-07,103937.87117728851,0.0,0,,-0.12368597345137833
2022-01-10,103937.87117728851,0.0,0,,-0.12368597345137833
2022-01-11,103937.87117728851,0.0,0,,-0.12368597345137833
2022-01-12,103937.87117728851,0.0,0,,-0.12368597345137833
2022-01-13,103937.87117728851,0.0,0,,-0.12368597345137833
2022-01-14,103937.87117728851,0.0,0,,-0.12368597345137833
2022-01-18,103937.87117728851,0.0,0,,-0.12368597345137833
2022-01-19,103937.87117728851,0.0,0,,-0.12368597345137833
2022-01-20,103937.87117728851,0.0,0,,-0.12368597345137833
2022-01-21,103937.87117728851,0.0,0,,-0.12368597345137833
2022-01-24,103937.87117728851,0.0,0,,-0.12368597345137833
2022-01-25,103937.87117728851,0.0,0,,-0.12368597345137833
2022-01-26,103937.87117728851,0.0,0,,-0.12368597345137833
2022-01-27,103937.87117728851,0.0,0,,-0.12368597345137833
2022-01-28,103937.87117728851,0.0,0,,-0.12368597345137833
2022-01-31,103937.87117728851,0.0,0,,-0.12368597345137833
2022-02-01,103937.87117728851,0.0,0,,-0.12368597345137833
2022-02-02,103937.87117728851,0.0,0,,-0.12368597345137833
2022-02-03,103937.87117728851,0.0,0,,-0.12368597345137833
2022-02-04,103937.87117728851,0.0,0,,-0.12368597345137833
2022-02-07,103937.87117728851,0.0,0,,-0.12368597345137833
2022-02-08,103937.87117728851,0.0,0,,-0.12368597345137833
2022-02-09,103937.87117728851,0.0,0,,-0.12368597345137833
2022-02-10,103937.87117728851,0.0,0,,-0.12368597345137833
2022-02-11,103937.87117728851,0.0,0,,-0.12368597345137833
2022-02-14,103937.87117728851,0.0,0,,-0.12368597345137833
2022-02-15,103937.87117728851,0.0,0,,-0.12368597345137833
2022-02-16,103937.87117728851,0.0,0,,-0.12368597345137833
2022-02-17,103937.87117728851,0.0,0,,-0.12368597345137833
2022-02-18,103937.87117728851,0.0,0,,-0.12368597345137833
2022-02-22,103937.87117728851,0.0,0,,-0.12368597345137833
2022-02-23,103937.87117728851,0.0,0,,-0.12368597345137833
2022-02-24,103937.87117728851,0.0,0,,-0.12368597345137833
2022-02-25,103937.87117728851,0.0,0,,-0.12368597345137833
2022-02-28,105082.08207608973,0.011008604331038452,1,312.7032877037793,-0.11403897906336535
2022-03-01,104606.76872303574,-0.00452325785389196,0,,-0.11804640920955911
2022-03-02,104606.76872303574,0.0,0,,-0.11804640920955911
2022-03-03,104606.76872303574,0.0,0,,-0.11804640920955911
2022-03-04,104606.76872303574,0.0,0,,-0.11804640920955911
2022-03-07,104606.76872303574,0.0,0,,-0.11804640920955911
2022-03-08,104606.76872303574,0.0,0,,-0.11804640920955911
2022-03-09,104606.76872303574,0.0,0,,-0.11804640920955911
2022-03-10,104606.76872303574,0.0,0,,-0.11804640920955911
2022-03-11,104606.76872303574,0.0,0,,-0.11804640920955911
2022-03-14,104606.76872303574,0.0,0,,-0.11804640920955911
2022-03-15,104606.76872303574,0.0,0,,-0.11804640920955911
2022-03-16,104606.76872303574,0.0,0,,-0.11804640920955911
2022-03-17,104606.76872303574,0.0,0,,-0.11804640920955911
2022-03-18,104606.76872303574,0.0,0,,-0.11804640920955911
2022-03-21,104414.2949294733,-0.0018399745629468223,1,316.4265765431405,-0.1196691813823132
2022-03-22,106466.31937819875,0.01965271565652471,1,323.2268598639233,-0.1023682901203441
2022-03-23,104936.24188183645,-0.014371469825372851,1,323.2268598639233,-0.1152685771531774
2022-03-24,107268.62603403078,0.02222667888965102,1,326.3702553403212,-0.09560393591397709
2022-03-25,107179.16623464717,-0.0008339791669861318,1,327.4839755371974,-0.09635818339012903
2022-03-28,108837.47598496768,0.015472314336631099,1,333.99756749725634,-0.08237675315581672
2022-03-29,110710.54345487812,0.017209765781128095,1,341.1742742840288,-0.06658467200231011
2022-03-30,109487.68322632487,-0.011045562512766893,1,341.1742742840288,-0.07689476935808337
2022-03-31,108130.59124614243,-0.012394928271312056,1,341.1742742840288,-0.08833659247876291
2022-04-01,107924.823428047,-0.0019029565613585264,1,341.1742742840288,-0.09007144834185599
2022-04-04,110146.83364411684,0.020588499897349788,1,341.92007568477123,-0.0713373844494467
2022-04-05,107701.13187703422,-0.022204013371683984,1,341.92007568477123,-0.0919574215829142
2022-04-06,104544.80722129859,-0.02930632761909413,0,,-0.11856881487809234
2022-04-07,104544.80722129859,0.0,0,,-0.11856881487809234
2022-04-08,104544.80722129859,0.0,0,,-0.11856881487809234
2022-04-11,104544.80722129859,0.0,0,,-0.11856881487809234
2022-04-12,104544.80722129859,0.0,0,,-0.11856881487809234
2022-04-13,104544.80722129859,0.0,0,,-0.11856881487809234
2022-04-14,104544.80722129859,0.0,0,,-0.11856881487809234
2022-04-18,104544.80722129859,0.0,0,,-0.11856881487809234
2022-04-19,104544.80722129859,0.0,0,,-0.11856881487809234
2022-04-20,104544.80722129859,0.0,0,,-0.11856881487809234
2022-04-21,104544.80722129859,0.0,0,,-0.11856881487809234
2022-04-22,104544.80722129859,0.0,0,,-0.11856881487809234
2022-04-25,104544.80722129859,0.0,0,,-0.11856881487809234
2022-04-26,104544.80722129859,0.0,0,,-0.11856881487809234
2022-04-27,104544.80722129859,0.0,0,,-0.11856881487809234
2022-04-28,104544.80722129859,0.0,0,,-0.11856881487809234
2022-04-29,104544.80722129859,0.0,0,,-0.11856881487809234
2022-05-02,104544.80722129859,0.0,0,,-0.11856881487809234
2022-05-03,104544.80722129859,0.0,0,,-0.11856881487809234
2022-05-04,104544.80722129859,0.0,0,,-0.11856881487809234
2022-05-05,104544.80722129859,0.0,0,,-0.11856881487809234
2022-05-06,104544.80722129859,0.0,0,,-0.11856881487809234
2022-05-09,104544.80722129859,0.0,0,,-0.11856881487809234
2022-05-10,104544.80722129859,0.0,0,,-0.11856881487809234
2022-05-11,104544.80722129859,0.0,0,,-0.11856881487809234
2022-05-12,104544.80722129859,0.0,0,,-0.11856881487809234
2022-05-13,104544.80722129859,0.0,0,,-0.11856881487809234
2022-05-16,104544.80722129859,0.0,0,,-0.11856881487809234
2022-05-17,104544.80722129859,0.0,0,,-0.11856881487809234
2022-05-18,104544.80722129859,0.0,0,,-0.11856881487809234
2022-05-19,104544.80722129859,0.0,0,,-0.11856881487809234
2022-05-20,104544.80722129859,0.0,0,,-0.11856881487809234
2022-05-23,104544.80722129859,0.0,0,,-0.11856881487809234
2022-05-24,104544.80722129859,0.0,0,,-0.11856881487809234
2022-05-25,104544.80722129859,0.0,0,,-0.11856881487809234
2022-05-26,104544.80722129859,0.0,0,,-0.11856881487809234
2022-05-27,104544.80722129859,0.0,0,,-0.11856881487809234
2022-05-31,104544.80722129859,0.0,0,,-0.11856881487809234
2022-06-01,104544.80722129859,0.0,0,,-0.11856881487809234
2022-06-02,104544.80722129859,0.0,0,,-0.11856881487809234
2022-06-03,104544.80722129859,0.0,0,,-0.11856881487809234
2022-06-06,104544.80722129859,0.0,0,,-0.11856881487809234
2022-06-07,104544.80722129859,0.0,0,,-0.11856881487809234
2022-06-08,103911.97638209502,-0.0060532020290974264,1,278.2524775980426,-0.12390429591638208
2022-06-09,101128.73562371418,-0.026784600344300746,1,278.2524775980426,-0.14737016921362056
2022-06-10,97561.86407494481,-0.0352706036199365,1,278.2524775980426,-0.17744293800982047
2022-06-13,94349.77610010128,-0.032923601914535694,0,,-0.20452447927077522
2022-06-14,94349.77610010128,0.0,0,,-0.20452447927077522
2022-06-15,94349.77610010128,0.0,0,,-0.20452447927077522
2022-06-16,94349.77610010128,0.0,0,,-0.20452447927077522
2022-06-17,94349.77610010128,0.0,0,,-0.20452447927077522
2022-06-21,94349.77610010128,0.0,0,,-0.20452447927077522
2022-06-22,94349.77610010128,0.0,0,,-0.20452447927077522
2022-06-23,94349.77610010128,0.0,0,,-0.20452447927077522
2022-06-24,94349.77610010128,0.0,0,,-0.20452447927077522
2022-06-27,93078.60227295976,-0.01347299251450118,1,267.3858025399826,-0.21524191500702894
2022-06-28,93113.79953753785,0.0003781456072458056,0,,-0.21494516218443827
2022-06-29,93113.79953753785,0.0,0,,-0.21494516218443827
2022-06-30,93113.79953753785,0.0,0,,-0.21494516218443827
2022-07-01,93113.79953753785,0.0,0,,-0.21494516218443827
2022-07-05,93113.79953753785,0.0,0,,-0.21494516218443827
2022-07-06,93113.79953753785,0.0,0,,-0.21494516218443827
2022-07-07,93113.79953753785,0.0,0,,-0.21494516218443827
2022-07-08,93113.79953753785,0.0,0,,-0.21494516218443827
2022-07-11,93113.79953753785,0.0,0,,-0.21494516218443827
2022-07-12,93113.79953753785,0.0,0,,-0.21494516218443827
2022-07-13,93113.79953753785,0.0,0,,-0.21494516218443827
2022-07-14,94183.38334003142,0.011486845213124042,1,261.4877304706825,-0.20592735877863666
2022-07-15,95891.78644944775,0.01813911381000688,1,267.4126762395318,-0.19152358476610953
2022-07-18,95080.29445876842,-0.008462580797857333,1,267.4126762395318,-0.19836538175318852
2022-07-19,98004.32251558156,0.030753249907962132,1,273.7625367840257,-0.17371251200337035
2022-07-20,99558.33625317653,0.015856583645562194,1,278.0630546575747,-0.16061041533467035
2022-07-21,100987.48847245482,0.014354922682154436,1,282.569507551946,-0.14856104274659376
2022-07-22,99216.64946681446,-0.01753523166509252,1,282.569507551946,-0.1634912221107171
2022-07-25,98651.57224247328,-0.005695387088536785,1,282.569507551946,-0.1682554634037554
2022-07-26,96713.15188035603,-0.019649158326162874,1,282.569507551946,-0.18459854349025595
2022-07-27,100800.23215443951,0.04225981880044194,1,282.569507551946,-0.15013982568853768
2022-07-28,101785.8603973981,0.00977803544587541,1,283.6269731659867,-0.14182986278008236
2022-07-29,103642.09798283344,0.018236693959142514,1,289.2504218621864,-0.12617967662272744
2022-08-01,103579.67236074076,-0.0006023191667059447,1,289.30722745233015,-0.12670599535175475
2022-08-02,103270.85252057263,-0.002981471490782428,1,289.30722745233015,-0.1293096965296846
2022-08-03,106083.1904954619,0.02723264024889316,1,296.6877399893606,-0.10559850072707788
2022-08-04,106579.28720190804,0.004676487425850695,1,298.39830175141327,-0.1014158433620661
2022-08-05,105708.63676290587,-0.00816903979994521,1,298.39830175141327,-0.10875641310124151
2022-08-08,105366.93970241243,-0.0032324422200223912,1,298.39830175141327,-0.11163730649985737
2022-08-09,104174.35963163742,-0.011318351601965593,1,298.39830175141327,-0.1216921078149612
2022-08-10,107081.95935241923,0.027910896031069,1,300.3131399402005,-0.0971777475529173
2022-08-11,106474.16228991788,-0.00567599870395552,1,300.3131399402005,-0.1023021654877092
2022-08-12,108547.25596579266,0.019470391983267943,1,304.52615331546235,-0.08482363676722404
2022-08-15,109424.4818488599,0.008081511368133398,1,307.57792692399494,-0.0774276285839115
2022-08-16,109168.21419055549,-0.0023419590751032615,1,308.36942781513017,-0.07958825532158886
2022-08-17,107923.01001899729,-0.01140628873331817,1,308.36942781513017,-0.09008673743492801
2022-08-18,108182.58594759692,0.0024051954124884034,1,308.36942781513017,-0.08789821823004418
2022-08-19,106073.3273293643,-0.019497210200302817,1,308.36942781513017,-0.1056816583932837
2022-08-22,103660.77056446817,-0.02274423576253992,0,,-0.1260222456015505
2022-08-23,103660.77056446817,0.0,0,,-0.1260222456015505
2022-08-24,103660.77056446817,0.0,0,,-0.1260222456015505
2022-08-25,103660.77056446817,0.0,0,,-0.1260222456015505
2022-08-26,103660.77056446817,0.0,0,,-0.1260222456015505
2022-08-29,103660.77056446817,0.0,0,,-0.1260222456015505
2022-08-30,103660.77056446817,0.0,0,,-0.1260222456015505
2022-08-31,103660.77056446817,0.0,0,,-0.1260222456015505
2022-09-01,103660.77056446817,0.0,0,,-0.1260222456015505
2022-09-02,103660.77056446817,0.0,0,,-0.1260222456015505
2022-09-06,103660.77056446817,0.0,0,,-0.1260222456015505
2022-09-07,103660.77056446817,0.0,0,,-0.1260222456015505
2022-09-08,103660.77056446817,0.0,0,,-0.1260222456015505
2022-09-09,103660.77056446817,0.0,0,,-0.1260222456015505
2022-09-12,103660.77056446817,0.0,0,,-0.1260222456015505
2022-09-13,103660.77056446817,0.0,0,,-0.1260222456015505
2022-09-14,103660.77056446817,0.0,0,,-0.1260222456015505
2022-09-15,103660.77056446817,0.0,0,,-0.1260222456015505
2022-09-16,103660.77056446817,0.0,0,,-0.1260222456015505
2022-09-19,103660.77056446817,0.0,0,,-0.1260222456015505
2022-09-20,103660.77056446817,0.0,0,,-0.1260222456015505
2022-09-21,103660.77056446817,0.0,0,,-0.1260222456015505
2022-09-22,103660.77056446817,0.0,0,,-0.1260222456015505
2022-09-23,103660.77056446817,0.0,0,,-0.1260222456015505
2022-09-26,103660.77056446817,0.0,0,,-0.1260222456015505
2022-09-27,103660.77056446817,0.0,0,,-0.1260222456015505
2022-09-28,103660.77056446817,0.0,0,,-0.1260222456015505
2022-09-29,103660.77056446817,0.0,0,,-0.1260222456015505
2022-09-30,103660.77056446817,0.0,0,,-0.1260222456015505
2022-10-03,103660.77056446817,0.0,0,,-0.1260222456015505
2022-10-04,103660.77056446817,0.0,0,,-0.1260222456015505
2022-10-05,103660.77056446817,0.0,0,,-0.1260222456015505
2022-10-06,103660.77056446817,0.0,0,,-0.1260222456015505
2022-10-07,103660.77056446817,0.0,0,,-0.1260222456015505
2022-10-10,103660.77056446817,0.0,0,,-0.1260222456015505
2022-10-11,103660.77056446817,0.0,0,,-0.1260222456015505
2022-10-12,103660.77056446817,0.0,0,,-0.1260222456015505
2022-10-13,103660.77056446817,0.0,0,,-0.1260222456015505
2022-10-14,103660.77056446817,0.0,0,,-0.1260222456015505
2022-10-17,103660.77056446817,0.0,0,,-0.1260222456015505
2022-10-18,103660.77056446817,0.0,0,,-0.1260222456015505
2022-10-19,103660.77056446817,0.0,0,,-0.1260222456015505
2022-10-20,103660.77056446817,0.0,0,,-0.1260222456015505
2022-10-21,103660.77056446817,0.0,0,,-0.1260222456015505
2022-10-24,103660.77056446817,0.0,0,,-0.1260222456015505
2022-10-25,105283.63472905877,0.015655528660973195,1,257.91695808465005,-0.11233966181851263
2022-10-26,102957.21436318979,-0.022096695007309375,1,257.91695808465005,-0.13195402158139402
2022-10-27,102381.10966501992,-0.005595573867583692,0,,-0.13681123697409425
2022-10-28,105603.68763622292,0.03147629461867463,1,255.07577526491767,-0.10964125315756157
2022-10-31,104375.74841168031,-0.011627806301353294,1,255.07577526491767,-0.11999417220456099
2022-11-01,103309.24625875692,-0.01021791143203954,1,255.07577526491767,-0.12898599381265352
2022-11-02,103143.05965947754,-0.001608632385751152,0,,-0.13038713515144928
2022-11-03,103143.05965947754,0.0,0,,-0.13038713515144928
2022-11-04,103143.05965947754,0.0,0,,-0.13038713515144928
2022-11-07,103143.05965947754,0.0,0,,-0.13038713515144928
2022-11-08,103141.6376543709,-1.378672604179787e-05,1,245.5773293492586,-0.13039912426577938
2022-11-09,100761.49986032977,-0.023076401036184913,1,245.5773293492586,-0.15046638281563984
2022-11-10,108196.51142077605,0.07378821842422245,1,256.71634348527243,-0.0877808107121204
2022-11-11,110190.20635445545,0.01842661013279745,1,261.8064461610391,-0.0709717033554561
2022-11-14,109225.90289024482,-0.008751262894532541,1,261.8064461610391,-0.07910187421585235
2022-11-15,110737.40428451143,0.01383830533115793,1,263.3598527786127,-0.06635820477236021
2022-11-16,109225.90289024482,-0.013649420482921837,1,263.3598527786127,-0.07910187421585235
2022-11-17,108984.83001042841,-0.002207103566437385,1,263.3598527786127,-0.08113439175359605
2022-11-18,108988.64044788067,3.4963007712995875e-05,1,263.3598527786127,-0.08110226544824772
2022-11-21,107867.452076153,-0.010287203942724865,1,263.3598527786127,-0.09055515384608959
2022-11-22,109421.03551162432,0.0144027081901823,1,263.3598527786127,-0.07745668511186943
2022-11-23,110519.2656990785,0.010036737290221698,1,265.7825921487944,-0.06819736022148704
2022-11-25,109792.248567122,-0.0065781936511958294,1,265.7825921487944,-0.07432693843064553
2022-11-28,108181.20994624207,-0.014673518776646799,1,265.7825921487944,-0.0879098194806196
2022-11-29,107362.34813224671,-0.007569353443192872,1,265.7825921487944,-0.09481375242903634
2022-11-30,112256.52655368256,0.045585612708538115,1,270.3362871812748,-0.053550282718171416
2022-12-01,112394.29954921336,0.001227304992952094,1,273.2824845740228,-0.05238870025457332
2022-12-02,111946.59106599074,-0.003983373578715921,1,273.2824845740228,-0.05616339006887194
2022-12-05,110067.75872334863,-0.016783292146292927,1,273.2824845740228,-0.07200407563171274
2022-12-06,107787.09843119586,-0.020720511788425933,1,273.2824845740228,-0.09123262612219707
2022-12-07,106805.58318326493,-0.009106055012302439,0,,-0.09950791182211405
2022-12-08,106805.58318326493,0.0,0,,-0.09950791182211405
2022-12-09,106805.58318326493,0.0,0,,-0.09950791182211405
2022-12-12,106805.58318326493,0.0,0,,-0.09950791182211405
2022-12-13,106805.58318326493,0.0,0,,-0.09950791182211405
2022-12-14,106075.46405671583,-0.00683596404596476,1,267.35695653038385,-0.10566364336057377
2022-12-15,104371.08825666188,-0.016067578070105504,0,,-0.12003346259181147
2022-12-16,104371.08825666188,0.0,0,,-0.12003346259181147
2022-12-19,104371.08825666188,0.0,0,,-0.12003346259181147
2022-12-20,104371.08825666188,0.0,0,,-0.12003346259181147
2022-12-21,104371.08825666188,0.0,0,,-0.12003346259181147
2022-12-22,104371.08825666188,0.0,0,,-0.12003346259181147
2022-12-23,104371.08825666188,0.0,0,,-0.12003346259181147
2022-12-27,104371.08825666188,0.0,0,,-0.12003346259181147
2022-12-28,104371.08825666188,0.0,0,,-0.12003346259181147
2022-12-29,104371.08825666188,0.0,0,,-0.12003346259181147
2022-12-30,104371.08825666188,0.0,0,,-0.12003346259181147
2023-01-03,104371.08825666188,0.0,0,,-0.12003346259181147
2023-01-04,104371.08825666188,0.0,0,,-0.12003346259181147
2023-01-05,104371.08825666188,0.0,0,,-0.12003346259181147
2023-01-06,104371.08825666188,0.0,0,,-0.12003346259181147
2023-01-09,104371.08825666188,0.0,0,,-0.12003346259181147
2023-01-10,104371.08825666188,0.0,0,,-0.12003346259181147
2023-01-11,104371.08825666188,0.0,0,,-0.12003346259181147
2023-01-12,104371.08825666188,0.0,0,,-0.12003346259181147
2023-01-13,104371.08825666188,0.0,0,,-0.12003346259181147
2023-01-17,104371.08825666188,0.0,0,,-0.12003346259181147
2023-01-18,102289.57371055726,-0.01994340176837006,1,263.70015215525217,-0.13758298879006436
2023-01-19,101284.62224972714,-0.009824573750534693,1,263.70015215525217,-0.14605586832041217
2023-01-20,104056.46653699197,0.027366881819735456,1,263.70015215525217,-0.12268608018808025
2023-01-23,106368.18618572393,0.022216011418282555,1,268.57726667632147,-0.10319566412812031
2023-01-24,106151.01432601131,-0.002041699379299544,1,268.9178381989067,-0.10502666898402313
2023-01-25,105915.44390019476,-0.0022192008932958585,1,268.9178381989067,-0.10701279459968982
2023-01-26,107980.49666704252,0.019497182760180642,1,273.1618233736891,-0.0896020598534969
2023-01-27,109055.35121578649,0.009954154517906044,1,276.58679030711266,-0.0805398180844954
2023-01-30,106850.40056686256,-0.020218637823292362,1,276.58679030711266,-0.09913005049558343
2023-01-31,108451.69483508093,0.01498631974913689,1,276.58679030711266,-0.0856293253799214
2023-02-01,110770.7624469734,0.02138341512706665,1,279.97586946043174,-0.06607695766450439
2023-02-02,114746.30856211494,0.0358898506006462,1,289.4396159714452,-0.03255859920258253
2023-02-03,112706.99086125054,-0.017772403543251825,1,289.4396159714452,-0.049752358182003076
2023-02-06,111753.57831207351,-0.00845921394841187,1,289.4396159714452,-0.057790706288115334
2023-02-07,114068.98913730733,0.02071889652399328,1,289.4396159714452,-0.03826916942775416
2023-02-08,112040.7335026674,-0.017780955630267603,1,289.4396159714452,-0.05536966265441967
2023-02-09,111050.50089472042,-0.008838148207262475,1,289.4396159714452,-0.06371844557695627
2023-02-10,110321.65402154077,-0.0065632020324754015,1,289.4396159714452,-0.06986345057791488
2023-02-13,112088.5697745376,0.016016037546462414,1,289.4396159714452,-0.05496634867903383
2023-02-14,112916.82622108371,0.007389303371540201,1,289.4396159714452,-0.04798320833310887
2023-02-15,113781.86833655662,0.007660878758487311,1,289.4396159714452,-0.04068992311610464
2023-02-16,111646.85516538972,-0.018764089589843325,1,289.4396159714452,-0.05869050334319359
2023-02-17,110859.08702755328,-0.007055891871467934,1,289.4396159714452,-0.06533228136918989
2023-02-21,108558.771052519,-0.020749909066656413,0,,-0.08472655153831843
2023-02-22,108558.771052519,0.0,0,,-0.08472655153831843
2023-02-23,108558.771052519,0.0,0,,-0.08472655153831843
2023-02-24,108558.771052519,0.0,0,,-0.08472655153831843
2023-02-27,108558.771052519,0.0,0,,-0.08472655153831843
2023-02-28,108558.771052519,0.0,0,,-0.08472655153831843
2023-03-01,107634.75057132827,-0.008511707273691438,1,273.548957923985,-0.09251709120700635
2023-03-02,106535.8717440852,-0.010209331293194679,0,,-0.10178188486578599
2023-03-03,106535.8717440852,0.0,0,,-0.10178188486578599
2023-03-06,106535.8717440852,0.0,0,,-0.10178188486578599
2023-03-07,106535.8717440852,0.0,0,,-0.10178188486578599
2023-03-08,106535.8717440852,0.0,0,,-0.10178188486578599
2023-03-09,106535.8717440852,0.0,0,,-0.10178188486578599
2023-03-10,106535.8717440852,0.0,0,,-0.10178188486578599
2023-03-13,106535.8717440852,0.0,0,,-0.10178188486578599
2023-03-14,106535.8717440852,0.0,0,,-0.10178188486578599
2023-03-15,106535.8717440852,0.0,0,,-0.10178188486578599
2023-03-16,106535.8717440852,0.0,0,,-0.10178188486578599
2023-03-17,106535.8717440852,0.0,0,,-0.10178188486578599
2023-03-20,106974.15968123636,0.00411399400010537,1,284.90825629351593,-0.09808662092933795
2023-03-21,108502.00182701208,0.014282347721434885,1,289.0035489112834,-0.08520518043483649
2023-03-22,107026.58974042791,-0.013598017195447287,1,289.0035489112834,-0.09764457612158972
2023-03-23,108295.73851722555,0.011858256718033422,1,289.0035489112834,-0.0869442138543296
2023-03-24,108694.32872048437,0.0036805714492211816,1,289.0035489112834,-0.08358364679629571
2023-03-27,107949.57837315826,-0.006851786621188682,1,289.0035489112834,-0.08986273610461537
2023-03-28,107376.21768231441,-0.005311374990848661,1,289.0035489112834,-0.09469681640630878
2023-03-29,109334.12111187135,0.018234051001401852,1,291.0287036277671,-0.07818947198492998
2023-03-30,110368.98155450015,0.0094651187763235,1,294.5226243921109,-0.06946442584800194
2023-03-31,112204.51194314494,0.01663085373075046,1,300.3232099671172,-0.05398882482302014
2023-04-03,111931.81693281527,-0.0024303390800171076,1,300.3232099671172,-0.056287952752185566
2023-04-04,111554.21832074427,-0.003373469871373991,1,300.3232099671172,-0.05947153691082874
2023-04-05,110452.90443589322,-0.009872453963905903,1,300.3232099671172,-0.06875686086441979
2023-04-06,111197.60042902154,0.006742203810136571,1,300.3232099671172,-0.062478229823576426
2023-04-10,111134.65826797673,-0.0005660388425825502,1,300.3232099671172,-0.0630089035612631
2023-04-11,110421.43335537081,-0.006417664153752445,1,300.3232099671172,-0.06902219773326312
2023-04-12,109445.99292176981,-0.008833796156781704,1,300.3232099671172,-0.07724626586497607
2023-04-13,111589.20068244413,0.01958233191969172,1,301.67441546723234,-0.05917659596300917
2023-04-14,111379.41522064059,-0.0018799799668836048,1,301.67441546723234,-0.06094532511497386
2023-04-17,111473.82846220778,0.0008476722685260007,1,301.67441546723234,-0.060149314508444074
2023-04-18,111480.7966703649,6.25098128703705e-05,1,301.67441546723234,-0.0600905646179678
2023-04-19,111428.33399865468,-0.0004705982848808299,1,301.9010898134014,-0.06053288438620197
2023-04-20,110578.78875798282,-0.007624140200122809,1,301.9010898134014,-0.06769551338904656
2023-04-21,110694.15010737961,0.0010432502534394317,1,301.9010898134014,-0.066722886497107
2023-04-24,110463.40566690691,-0.0020845224453944766,1,301.9010898134014,-0.0686683235879767
2023-04-25,108379.62878609993,-0.018863956513258673,1,301.9010898134014,-0.08623692383123338
2023-04-26,109036.9232291764,0.0060647415980148445,1,301.9010898134014,-0.08069518689246258
2023-04-27,112001.75991453587,0.02719112569902493,1,302.7414065715916,-0.05569825416353691
2023-04-28,112774.41570700913,0.006898604031426281,1,305.10502337757157,-0.04918389033282655
2023-05-01,112645.04184542119,-0.0011471915928525922,1,305.10502337757157,-0.05027465858018554
2023-05-02,111662.60059114438,-0.008721566774549938,1,305.10502337757157,-0.058557751562860694
2023-05-03,111624.26615781485,-0.00034330593346909577,0,,-0.05888095427276763
2023-05-04,111624.26615781485,0.0,0,,-0.05888095427276763
2023-05-05,113003.98225679876,0.01236035986147721,1,305.3553382532543,-0.04724838419508903
2023-05-08,113283.9391981791,0.0024774077496150237,1,306.32624607411685,-0.04488802995863572
2023-05-09,112566.46724202292,-0.00633339519471543,1,306.32624607411685,-0.05093713152011092
2023-05-10,113791.39175958889,0.010881788756258448,1,307.92988462789475,-0.04060962986890415
2023-05-11,114162.38612358313,0.003260302543605764,1,309.0877460115746,-0.03748172700485475
2023-05-12,113752.90271299728,-0.0035868504898152187,1,309.0877460115746,-0.04093413614380348
2023-05-15,114368.87980413793,0.005415045035771726,1,310.1505875015125,-0.03574075129875076
2023-05-16,114498.3409823399,0.0011319615827634077,1,310.87645885909916,-0.034649246873396655
2023-05-17,115884.25135098764,0.012104196067447948,1,315.520345176034,-0.022964452083693798
2023-05-18,118036.6345739544,0.0185735610997535,1,321.0868725301196,-0.0048174226378391305
2023-05-19,117770.62814366551,-0.002253592126283732,1,321.0868725301196,-0.007060158258397231
2023-05-22,118166.1066339903,0.003358040086551606,1,321.83030141184895,-0.0037258264662947127
2023-05-23,116668.17866692187,-0.012676460363614583,1,321.83030141184895,-0.016355056538387647
2023-05-24,116069.7430920678,-0.005129381307670489,1,321.83030141184895,-0.021400546524764197
2023-05-25,118894.06867804988,0.02433300454315468,1,323.55461806153755,0.0
2023-05-26,121931.86320013247,0.025550429519815232,1,330.8804015969067,0.0
2023-05-30,122484.82359101529,0.0045349950076234435,1,331.8773258750397,0.0
2023-05-31,121788.35357433374,-0.005686173978640019,1,331.8773258750397,-0.005686173978640019
2023-06-01,123195.2550006222,0.011552019425484339,1,333.2124525309968,0.0
2023-06-02,124119.20975549925,0.007499921607146076,1,335.8754932961836,0.0
2023-06-05,124206.69970025371,0.0007048864146557143,1,336.01920247686,0.0
2023-06-06,124185.708642613,-0.00016900100953787245,1,336.01920247686,-0.00016900100953787245
2023-06-07,122078.84413095318,-0.016965434547086655,1,336.01920247686,-0.01713156838105878
2023-06-08,123594.25920513859,0.01241341270040075,1,336.01920247686,-0.0049308169091772935
2023-06-09,124066.69402497873,0.003822465726794011,1,336.01920247686,-0.0011271990610237648
2023-06-12,126163.06844873515,0.016897157131746887,1,340.06504827958423,0.0
2023-06-13,127132.5092694174,0.007684030141325904,1,342.88196135319834,0.0
2023-06-14,128056.4422606266,0.007267480178899222,1,345.12780083232576,0.0
2023-06-15,129582.33654088147,0.011915794733304397,1,349.6822787717242,0.0
2023-06-16,128766.89543390136,-0.006292841514883851,1,349.6822787717242,-0.006292841514883851
2023-06-20,128582.56804905114,-0.001431481160037995,1,349.6822787717242,-0.007715314590850175
2023-06-21,126830.27721399322,-0.013627748003831042,1,349.6822787717242,-0.021237920231666818
2023-06-22,128326.74701531575,0.011798994957628484,1,349.6822787717242,-0.009689511387762306
2023-06-23,127054.58445668273,-0.009913463780712783,1,349.6822787717242,-0.019506918548279684
2023-06-26,125351.34892895729,-0.013405541681230204,1,349.6822787717242,-0.03265095941983853
2023-06-27,127506.6593652498,0.01719415430873439,1,349.6822787717242,-0.01601821074569698
2023-06-28,127755.51602527339,0.001951715002670884,1,349.6822787717242,-0.014097758725254539
2023-06-29,127499.66234603623,-0.00200268205395171,1,349.6822787717242,-0.016072207450806286
2023-06-30,129465.71592671063,0.015420068920170893,1,349.6822787717242,-0.0008999730772260017
2023-07-03,129770.61403144636,0.002355048999291176,1,350.77970302523045,0.0
2023-07-05,129767.1100809226,-2.700110922571053e-05,1,350.8970120686602,-2.700110922571053e-05
2023-07-06,128778.82192388282,-0.007615860108339367,1,350.8970120686602,-0.007642655580894497
2023-07-07,128351.24202348021,-0.0033202656618130932,1,350.8970120686602,-0.010937545595817277
2023-07-10,128393.31119343304,0.0003277659747549233,1,350.8970120686602,-0.010613364576355977
2023-07-11,129027.64593840463,0.004940559123176813,1,350.8970120686602,-0.005725241408364501
2023-07-12,130657.25497779567,0.012629921498908736,1,354.3365715103667,0.0
2023-07-13,132875.6582871835,0.016978799300236602,1,360.3719311398755,0.0
2023-07-14,132847.62668299352,-0.00021096116889518512,1,360.41091139025195,-0.00021096116889518512
2023-07-17,134088.24280507886,0.009338639711236496,1,364.38508673396353,0.0
2023-07-18,135185.1643101888,0.008180594227821247,1,367.41923214699784,0.0
2023-07-19,135153.63963730898,-0.00023319624635342873,1,367.49579442737996,-0.00023319624635342873
2023-07-20,132038.06176633274,-0.023052119642038793,1,367.49579442737996,-0.023279940220621187
2023-07-21,131642.0391843117,-0.002999306235817678,1,367.49579442737996,-0.026209422786565684
2023-07-24,131852.3197430723,0.001597366312946491,1,367.49579442737996,-0.0246539225226603
2023-07-25,132745.99035413697,0.006777814852299002,1,367.49579442737996,-0.01804320739260279
2023-07-26,132304.4055334733,-0.003326539803466977,1,367.49579442737996,-0.02130972574849599
2023-07-27,131989.00645900026,-0.0023838894343789496,1,367.49579442737996,-0.023642815152813634
2023-07-28,134393.1517916485,0.018214739220686837,1,367.49579442737996,-0.005858723644578179
2023-07-31,134463.21992028956,0.000521366808553525,1,367.49579442737996,-0.005340411380073462
2023-08-01,134151.3030326724,-0.0023197190116528432,1,367.49579442737996,-0.007647742137917857
2023-08-02,130843.59592096714,-0.024656541061697235,0,,-0.03211571633156218
2023-08-03,130843.59592096714,0.0,0,,-0.03211571633156218
2023-08-04,130843.59592096714,0.0,0,,-0.03211571633156218
2023-08-07,130843.59592096714,0.0,0,,-0.03211571633156218
2023-08-08,130843.59592096714,0.0,0,,-0.03211571633156218
2023-08-09,130843.59592096714,0.0,0,,-0.03211571633156218
2023-08-10,130843.59592096714,0.0,0,,-0.03211571633156218
2023-08-11,130843.59592096714,0.0,0,,-0.03211571633156218
2023-08-14,130843.59592096714,0.0,0,,-0.03211571633156218
2023-08-15,130843.59592096714,0.0,0,,-0.03211571633156218
2023-08-16,130843.59592096714,0.0,0,,-0.03211571633156218
2023-08-17,130843.59592096714,0.0,0,,-0.03211571633156218
2023-08-18,130843.59592096714,0.0,0,,-0.03211571633156218
2023-08-21,130843.59592096714,0.0,0,,-0.03211571633156218
2023-08-22,130843.59592096714,0.0,0,,-0.03211571633156218
2023-08-23,130843.59592096714,0.0,0,,-0.03211571633156218
2023-08-24,130843.59592096714,0.0,0,,-0.03211571633156218
2023-08-25,130843.59592096714,0.0,0,,-0.03211571633156218
2023-08-28,130843.59592096714,0.0,0,,-0.03211571633156218
2023-08-29,130843.59592096714,0.0,0,,-0.03211571633156218
2023-08-30,130843.59592096714,0.0,0,,-0.03211571633156218
2023-08-31,131011.55086509803,0.0012836313688011636,1,357.22929550503017,-0.030873309703675744
2023-09-01,130872.89195916496,-0.0010583716093540696,1,357.22929550503017,-0.031899005878552766
2023-09-05,131039.27403660405,0.001271325749346186,1,357.6852368046076,-0.030668234156758456
2023-09-06,129885.11406695332,-0.008807740871094372,1,357.6852368046076,-0.03920585716842606
2023-09-07,128956.23715209123,-0.00715152711328626,1,357.6852368046076,-0.04607700253117264
2023-09-08,129136.44852898111,0.0013974615022098735,1,357.6852368046076,-0.044743931866137454
2023-09-11,130658.0373799933,0.011782799266550237,1,357.6852368046076,-0.033488341367162056
2023-09-12,129209.23261628515,-0.011088523850198206,1,357.6852368046076,-0.04420552894540686
2023-09-13,129701.39424522223,0.003809028340866716,1,357.6852368046076,-0.04056488071711617
2023-09-14,130762.01003524162,0.00817736614314346,1,359.1490018927216,-0.032719228456149496
2023-09-15,128522.96573840299,-0.017123048936271257,1,359.1490018927216,-0.049282024442409034
2023-09-18,128656.95389261493,0.0010425230498076754,1,359.1490018927216,-0.048290879039023626
2023-09-19,128382.72480366114,-0.0021314750633896207,1,359.1490018927216,-0.05031942329795247
2023-09-20,126464.81731259535,-0.014938984150701717,0,,-0.06450668638153367
2023-09-21,126464.81731259535,0.0,0,,-0.06450668638153367
2023-09-22,126464.81731259535,0.0,0,,-0.06450668638153367
2023-09-25,126464.81731259535,0.0,0,,-0.06450668638153367
2023-09-26,126464.81731259535,0.0,0,,-0.06450668638153367
2023-09-27,126464.81731259535,0.0,0,,-0.06450668638153367
2023-09-28,126464.81731259535,0.0,0,,-0.06450668638153367
2023-09-29,126464.81731259535,0.0,0,,-0.06450668638153367
2023-10-02,126464.81731259535,0.0,0,,-0.06450668638153367
2023-10-03,126464.81731259535,0.0,0,,-0.06450668638153367
2023-10-04,126464.81731259535,0.0,0,,-0.06450668638153367
2023-10-05,126464.81731259535,0.0,0,,-0.06450668638153367
2023-10-06,126464.81731259535,0.0,0,,-0.06450668638153367
2023-10-09,126464.81731259535,0.0,0,,-0.06450668638153367
2023-10-10,126464.81731259535,0.0,0,,-0.06450668638153367
2023-10-11,126464.81731259535,0.0,0,,-0.06450668638153367
2023-10-12,126464.81731259535,0.0,0,,-0.06450668638153367
2023-10-13,126464.81731259535,0.0,0,,-0.06450668638153367
2023-10-16,126464.81731259535,0.0,0,,-0.06450668638153367
2023-10-17,126464.81731259535,0.0,0,,-0.06450668638153367
2023-10-18,126464.81731259535,0.0,0,,-0.06450668638153367
2023-10-19,126464.81731259535,0.0,0,,-0.06450668638153367
2023-10-20,124568.13043648205,-0.01499774337573323,1,338.5150082912559,-0.07853697502889778
2023-10-23,123911.25242384276,-0.00527324292608089,0,,-0.08339607340697164
2023-10-24,123911.25242384276,0.0,0,,-0.08339607340697164
2023-10-25,121519.616383593,-0.019301201412032176,1,335.86525921752633,-0.10108763040920332
2023-10-26,120914.80013115457,-0.004977107980075002,0,,-0.10556161433728184
2023-10-27,120914.80013115457,0.0,0,,-0.10556161433728184
2023-10-30,120914.80013115457,0.0,0,,-0.10556161433728184
2023-10-31,120914.80013115457,0.0,0,,-0.10556161433728184
2023-11-01,120914.80013115457,0.0,0,,-0.10556161433728184
2023-11-02,120914.80013115457,0.0,0,,-0.10556161433728184
2023-11-03,121713.46851694857,0.006605216110250334,1,346.3293063165381,-0.09965365550267613
2023-11-06,122209.99067708687,0.004079434808557325,1,348.40157886877097,-0.09598075128517625
2023-11-07,123365.21034202048,0.009452743253913098,1,352.12670784973176,-0.08743528943047973
2023-11-08,123444.60462541919,0.0006435710941405937,1,353.0113452542195,-0.08684798916122427
2023-11-09,122494.64422470151,-0.007695438805124355,1,353.0113452542195,-0.09387509458041032
2023-11-10,125248.60777268648,0.02248231802635514,1,358.3950020613873,-0.0735033062851661
2023-11-13,124858.03018177321,-0.0031184186224418875,1,358.3950020613873,-0.07639251082847731
2023-11-14,127545.77709112212,0.021526424094917784,1,365.4753453174292,-0.05651054431932878
2023-11-15,127641.75632306948,0.0007525081122741195,1,366.5481514883707,-0.05580056085008411
2023-11-16,127750.9953034852,0.0008558247987375811,1,367.3211741717888,-0.05499249155510544
2023-11-17,127780.78868568613,0.0002332144820489379,1,367.84036770405197,-0.05477210211849115
2023-11-20,129336.51022695783,0.012174925176729356,1,372.33633922642144,-0.04326402318682643
2023-11-21,128585.12790140584,-0.0058095144536796095,1,372.33633922642144,-0.04882219467247795
2023-11-22,129111.42291781867,0.004092969575893557,1,372.5001324584497,-0.04492905285400728
2023-11-24,128929.36821342235,-0.001410058849031448,1,372.6319385024589,-0.04627575909448334
2023-11-27,128816.84508477918,-0.000872750174784831,1,372.6319385024589,-0.047108122092430205
2023-11-28,129154.45552256152,0.0026208562828886617,1,373.6176177335375,-0.0446107294273026
2023-11-29,129028.68290841322,-0.0009738155268389503,1,373.6176177335375,-0.045541102333161554
2023-11-30,128704.29116724638,-0.002514105653524279,1,373.6176177335375,-0.04794071284384238
2023-12-01,129071.69498722967,0.0028546353555987114,1,373.8970514989893,-0.045222930742100376
2023-12-04,127873.48376940604,-0.009283299626166475,1,373.8970514989893,-0.05408641235221456
2023-12-05,128194.52978456616,0.0025106535436154598,1,373.8970514989893,-0.05171155105143266
2023-12-06,127453.0820074022,-0.0057837707927941295,1,373.8970514989893,-0.05719623408560537
2023-12-07,129233.88059484988,0.013972189290363701,1,373.8970514989893,-0.04402320140458171
2023-12-08,129809.84835320295,0.00445678606648614,1,374.95308466591115,-0.03976261732871755
2023-12-11,130918.69995035017,0.008542122275115194,1,378.44542268393633,-0.03156015219280284
2023-12-12,131961.3862236774,0.007964379983322889,1,381.48615717284474,-0.023847129253874888
2023-12-13,133639.5346530907,0.012716965753669873,1,386.2846835847929,-0.01143342662625002
2023-12-14,133523.69658733043,-0.0008667948901570632,1,386.2846835847929,-0.01229031108063039
2023-12-15,134169.16513254703,0.004834112309004546,1,387.07039976885255,-0.007515611515702236
2023-12-18,135014.24831221357,0.006298639324703759,1,389.4541418069463,-0.0012643103172403913
2023-12-19,135704.1246992433,0.005109656170765087,1,391.9406465259541,0.0
2023-12-20,133687.58584684363,-0.014859819897654836,1,391.9406465259541,-0.014859819897654836
2023-12-21,135243.09186588792,0.011635381170143289,1,391.9406465259541,-0.0033973383961404258
2023-12-22,135445.41592262554,0.0014960028933548308,1,391.9406465259541,-0.001906417930855886
2023-12-26,136274.57098338896,0.00612169156937048,1,393.88848799321556,0.0
2023-12-27,136551.99940490318,0.0020358047690940406,1,395.40868707331316,0.0
2023-12-28,136485.61855885576,-0.00048612137747316986,1,395.9556433494769,-0.00048612137747316986
2023-12-29,135894.9542371848,-0.0043276671044740755,1,395.9556433494769,-0.0048116847104531235
2024-01-02,132958.86937297665,-0.021605547319171636,0,,-0.026313272947928068
2024-01-03,132958.86937297665,0.0,0,,-0.026313272947928068
2024-01-04,132958.86937297665,0.0,0,,-0.026313272947928068
2024-01-05,132958.86937297665,0.0,0,,-0.026313272947928068
2024-01-08,132958.86937297665,0.0,0,,-0.026313272947928068
2024-01-09,132958.86937297665,0.0,0,,-0.026313272947928068
2024-01-10,132958.86937297665,0.0,0,,-0.026313272947928068
2024-01-11,132958.86937297665,0.0,0,,-0.026313272947928068
2024-01-12,132958.86937297665,0.0,0,,-0.026313272947928068
2024-01-16,132958.86937297665,0.0,0,,-0.026313272947928068
2024-01-17,132958.86937297665,0.0,0,,-0.026313272947928068
2024-01-18,132958.86937297665,0.0,0,,-0.026313272947928068
2024-01-19,132958.86937297665,0.0,0,,-0.026313272947928068
2024-01-22,132958.86937297665,0.0,0,,-0.026313272947928068
2024-01-23,132958.86937297665,0.0,0,,-0.026313272947928068
2024-01-24,132958.86937297665,0.0,0,,-0.026313272947928068
2024-01-25,132958.86937297665,0.0,0,,-0.026313272947928068
2024-01-26,132958.86937297665,0.0,0,,-0.026313272947928068
2024-01-29,132958.86937297665,0.0,0,,-0.026313272947928068
2024-01-30,132958.86937297665,0.0,0,,-0.026313272947928068
2024-01-31,132958.86937297665,0.0,0,,-0.026313272947928068
2024-02-01,132958.86937297665,0.0,0,,-0.026313272947928068
2024-02-02,132958.86937297665,0.0,0,,-0.026313272947928068
2024-02-05,132958.86937297665,0.0,0,,-0.026313272947928068
2024-02-06,132958.86937297665,0.0,0,,-0.026313272947928068
2024-02-07,132958.86937297665,0.0,0,,-0.026313272947928068
2024-02-08,132958.86937297665,0.0,0,,-0.026313272947928068
2024-02-09,132958.86937297665,0.0,0,,-0.026313272947928068
2024-02-12,132958.86937297665,0.0,0,,-0.026313272947928068
2024-02-13,132958.86937297665,0.0,0,,-0.026313272947928068
2024-02-14,132958.86937297665,0.0,0,,-0.026313272947928068
2024-02-15,132958.86937297665,0.0,0,,-0.026313272947928068
2024-02-16,132958.86937297665,0.0,0,,-0.026313272947928068
2024-02-20,132958.86937297665,0.0,0,,-0.026313272947928068
2024-02-21,132958.86937297665,0.0,0,,-0.026313272947928068
2024-02-22,132958.86937297665,0.0,0,,-0.026313272947928068
2024-02-23,132958.86937297665,0.0,0,,-0.026313272947928068
2024-02-26,132958.86937297665,0.0,0,,-0.026313272947928068
2024-02-27,132958.86937297665,0.0,0,,-0.026313272947928068
2024-02-28,132958.86937297665,0.0,0,,-0.026313272947928068
2024-02-29,132958.86937297665,0.0,0,,-0.026313272947928068
2024-03-01,132958.86937297665,0.0,0,,-0.026313272947928068
2024-03-04,132958.86937297665,0.0,0,,-0.026313272947928068
2024-03-05,132958.86937297665,0.0,0,,-0.026313272947928068
2024-03-06,132958.86937297665,0.0,0,,-0.026313272947928068
2024-03-07,132958.86937297665,0.0,0,,-0.026313272947928068
2024-03-08,132958.86937297665,0.0,0,,-0.026313272947928068
2024-03-11,132958.86937297665,0.0,0,,-0.026313272947928068
2024-03-12,132958.86937297665,0.0,0,,-0.026313272947928068
2024-03-13,132958.86937297665,0.0,0,,-0.026313272947928068
2024-03-14,132958.86937297665,0.0,0,,-0.026313272947928068
2024-03-15,132958.86937297665,0.0,0,,-0.026313272947928068
2024-03-18,132958.86937297665,0.0,0,,-0.026313272947928068
2024-03-19,133710.95195549566,0.00565650554991759,1,417.3758179582475,-0.02080560857247693
2024-03-20,135296.33835901084,0.01185681786218118,1,422.339640161614,-0.00919547902165141
2024-03-21,135936.5987094988,0.004732281436834018,1,424.7674419584527,-0.004506713179494359
2024-03-22,136092.0778636185,0.0011437622803258662,1,425.1419927192647,-0.003368105507711605
2024-03-25,135598.18130045308,-0.003629135295151853,1,425.1419927192647,-0.006985017492287637
2024-03-26,135159.14643869287,-0.003237763645128955,1,425.1419927192647,-0.01020016530171941
2024-03-27,135619.50071205304,0.00340601642944649,1,425.6603208705237,-0.006828890802873633
2024-03-28,135369.52496102272,-0.0018432139162719574,1,426.31399804879646,-0.0086595176125851
2024-04-01,135656.094013059,0.0021169391864142018,1,427.0777723376545,-0.006560910098340367
2024-04-02,133970.06142000604,-0.012428727255633931,0,,-0.018908093591813335
2024-04-03,133970.06142000604,0.0,0,,-0.018908093591813335
2024-04-04,130475.60110239522,-0.02608388979277565,1,428.4614429939992,-0.04449878675514862
2024-04-05,130710.80098425095,0.0018026349744206804,0,,-0.04277636685005204
2024-04-08,130710.80098425095,0.0,0,,-0.04277636685005204
2024-04-09,130299.94485959792,-0.0031432454055769776,1,424.5576956588027,-0.045785155637060315
2024-04-10,129162.64233726554,-0.008728342314786475,1,424.5576956588027,-0.054113869440510776
2024-04-11,129524.94071704563,0.0028049780743417685,0,,-0.05146067958346745
2024-04-12,128501.18057909881,-0.007903961447728203,1,422.2171584042562,-0.05895789780369398
2024-04-15,129417.9958223928,0.00713468342596002,0,,-0.052243860314023505
2024-04-16,129417.9958223928,0.0,0,,-0.052243860314023505
2024-04-17,129417.9958223928,0.0,0,,-0.052243860314023505
2024-04-18,129417.9958223928,0.0,0,,-0.052243860314023505
2024-04-19,129417.9958223928,0.0,0,,-0.052243860314023505
2024-04-22,129417.9958223928,0.0,0,,-0.052243860314023505
2024-04-23,129417.9958223928,0.0,0,,-0.052243860314023505
2024-04-24,129417.9958223928,0.0,0,,-0.052243860314023505
2024-04-25,129417.9958223928,0.0,0,,-0.052243860314023505
2024-04-26,129417.9958223928,0.0,0,,-0.052243860314023505
2024-04-29,129417.9958223928,0.0,0,,-0.052243860314023505
2024-04-30,129417.9958223928,0.0,0,,-0.052243860314023505
2024-05-01,129417.9958223928,0.0,0,,-0.052243860314023505
2024-05-02,129417.9958223928,0.0,0,,-0.052243860314023505
2024-05-03,129417.9958223928,0.0,0,,-0.052243860314023505
2024-05-06,129417.9958223928,0.0,0,,-0.052243860314023505
2024-05-07,129417.9958223928,0.0,0,,-0.052243860314023505
2024-05-08,129417.9958223928,0.0,0,,-0.052243860314023505
2024-05-09,129426.65541187393,6.691178785533936e-05,1,419.99794627969493,-0.05218044425626622
2024-05-10,129677.90290324134,0.0019412345205696013,0,,-0.050340504215385495
2024-05-13,129218.28712342175,-0.003544287573516103,1,423.5376263403304,-0.053706370565366535
2024-05-14,130049.45191653776,0.0064322536044927325,1,426.6083385576034,-0.04761956995652705
2024-05-15,132082.14989654208,0.015630192592498204,1,433.69793193748677,-0.032733680413621236
2024-05-16,131813.84741881018,-0.0020313303345080858,1,433.7099327652146,-0.034698517830145104
2024-05-17,131749.67677315915,-0.0004868278022955863,1,433.7099327652146,-0.03516845342926256
2024-05-20,132668.3510865587,0.0069728771705548365,1,437.4906655587243,-0.028440801564748375
2024-05-21,132927.8981084269,0.001956359747765868,1,439.48685265221,-0.026540082256358066
2024-05-22,132901.63174083587,-0.00019759860770229842,1,440.0048040574664,-0.02673243658075819
2024-05-23,132303.79264035026,-0.004498357865548419,1,440.0048040574664,-0.03111054237994826
2024-05-24,133554.91305412079,0.009456421382957103,1,442.2269226648316,-0.021948315395188378
2024-05-28,134059.4507021003,0.0037777543067625263,1,443.81982907398987,-0.018253476431436155
2024-05-29,133114.5460517923,-0.007048400134114452,1,443.81982907398987,-0.025173218759823257
2024-05-30,131688.45163580793,-0.010713287602915456,1,443.81982907398987,-0.035616818430273534
2024-05-31,130802.84922709588,-0.006724981558453025,0,,-0.04210227754161222
2024-06-03,130802.84922709588,0.0,0,,-0.04210227754161222
2024-06-04,130802.84922709588,0.0,0,,-0.04210227754161222
2024-06-05,130802.84922709588,0.0,0,,-0.04210227754161222
2024-06-06,130802.84922709588,0.0,0,,-0.04210227754161222
2024-06-07,130802.84922709588,0.0,0,,-0.04210227754161222
2024-06-10,130802.84922709588,0.0,0,,-0.04210227754161222
2024-06-11,130802.84922709588,0.0,0,,-0.04210227754161222
2024-06-12,130802.84922709588,0.0,0,,-0.04210227754161222
2024-06-13,130802.84922709588,0.0,0,,-0.04210227754161222
2024-06-14,130802.84922709588,0.0,0,,-0.04210227754161222
2024-06-17,130802.84922709588,0.0,0,,-0.04210227754161222
2024-06-18,130802.84922709588,0.0,0,,-0.04210227754161222
2024-06-20,130802.84922709588,0.0,0,,-0.04210227754161222
2024-06-21,130802.84922709588,0.0,0,,-0.04210227754161222
2024-06-24,130802.84922709588,0.0,0,,-0.04210227754161222
2024-06-25,130802.84922709588,0.0,0,,-0.04210227754161222
2024-06-26,130802.84922709588,0.0,0,,-0.04210227754161222
2024-06-27,130802.84922709588,0.0,0,,-0.04210227754161222
2024-06-28,130802.84922709588,0.0,0,,-0.04210227754161222
2024-07-01,130802.84922709588,0.0,0,,-0.04210227754161222
2024-07-02,130802.84922709588,0.0,0,,-0.04210227754161222
2024-07-03,130802.84922709588,0.0,0,,-0.04210227754161222
2024-07-05,130802.84922709588,0.0,0,,-0.04210227754161222
2024-07-08,130802.84922709588,0.0,0,,-0.04210227754161222
2024-07-09,130802.84922709588,0.0,0,,-0.04210227754161222
2024-07-10,130802.84922709588,0.0,0,,-0.04210227754161222
2024-07-11,130802.84922709588,0.0,0,,-0.04210227754161222
2024-07-12,130802.84922709588,0.0,0,,-0.04210227754161222
2024-07-15,130802.84922709588,0.0,0,,-0.04210227754161222
2024-07-16,130802.84922709588,0.0,0,,-0.04210227754161222
2024-07-17,130802.84922709588,0.0,0,,-0.04210227754161222
2024-07-18,130802.84922709588,0.0,0,,-0.04210227754161222
2024-07-19,130802.84922709588,0.0,0,,-0.04210227754161222
2024-07-22,130802.84922709588,0.0,0,,-0.04210227754161222
2024-07-23,130392.6088362995,-0.0031363261062007375,1,458.46440413009276,-0.045106557175628614
2024-07-24,125497.68711548318,-0.03753987104408374,0,,-0.08095313388009662
2024-07-25,125497.68711548318,0.0,0,,-0.08095313388009662
2024-07-26,125497.68711548318,0.0,0,,-0.08095313388009662
2024-07-29,125497.68711548318,0.0,0,,-0.08095313388009662
2024-07-30,125497.68711548318,0.0,0,,-0.08095313388009662
2024-07-31,125497.68711548318,0.0,0,,-0.08095313388009662
2024-08-01,125497.68711548318,0.0,0,,-0.08095313388009662
2024-08-02,125497.68711548318,0.0,0,,-0.08095313388009662
2024-08-05,125497.68711548318,0.0,0,,-0.08095313388009662
2024-08-06,125497.68711548318,0.0,0,,-0.08095313388009662
2024-08-07,125497.68711548318,0.0,0,,-0.08095313388009662
2024-08-08,125497.68711548318,0.0,0,,-0.08095313388009662
2024-08-09,125497.68711548318,0.0,0,,-0.08095313388009662
2024-08-12,125497.68711548318,0.0,0,,-0.08095313388009662
2024-08-13,125497.68711548318,0.0,0,,-0.08095313388009662
2024-08-14,125497.68711548318,0.0,0,,-0.08095313388009662
2024-08-15,125497.68711548318,0.0,0,,-0.08095313388009662
2024-08-16,125497.68711548318,0.0,0,,-0.08095313388009662
2024-08-19,125497.68711548318,0.0,0,,-0.08095313388009662
2024-08-20,125497.68711548318,0.0,0,,-0.08095313388009662
2024-08-21,125497.68711548318,0.0,0,,-0.08095313388009662
2024-08-22,122727.75133743757,-0.02207160818427434,1,453.9135794074455,-0.10123797621208042
2024-08-23,124058.78468648388,0.0108454146233532,1,453.9135794074455,-0.09149052941637636
2024-08-26,122854.38927520477,-0.009708263822854724,1,453.9135794074455,-0.10031057904236418
2024-08-27,123221.40736295361,0.0029874234849411874,1,453.9135794074455,-0.09762282573704228
2024-08-28,121823.1616198491,-0.011347425524737997,1,453.9135794074455,-0.10786248351721472
2024-08-29,121644.813257245,-0.0014639938763093552,1,453.9135794074455,-0.10916856737817138
2024-08-30,123094.74551469405,0.011919392357344849,1,453.9135794074455,-0.09855039800849608
2024-09-03,119357.47976577331,-0.030360887731593733,1,453.9135794074455,-0.12591920817025004
2024-09-04,118368.12872764267,-0.00828897393001371,0,,-0.13316444106645264
2024-09-05,118368.12872764267,0.0,0,,-0.13316444106645264
2024-09-06,118368.12872764267,0.0,0,,-0.13316444106645264
2024-09-09,118368.12872764267,0.0,0,,-0.13316444106645264
2024-09-10,118368.12872764267,0.0,0,,-0.13316444106645264
2024-09-11,118368.12872764267,0.0,0,,-0.13316444106645264
2024-09-12,118368.12872764267,0.0,0,,-0.13316444106645264
2024-09-13,118368.12872764267,0.0,0,,-0.13316444106645264
2024-09-16,118368.12872764267,0.0,0,,-0.13316444106645264
2024-09-17,118368.12872764267,0.0,0,,-0.13316444106645264
2024-09-18,118368.12872764267,0.0,0,,-0.13316444106645264
2024-09-19,118368.12872764267,0.0,0,,-0.13316444106645264
2024-09-20,118178.5974443951,-0.0016012019897997387,1,454.8908560467282,-0.1345524198882463
2024-09-23,118491.85388761864,0.002650703680680655,1,458.6863559249336,-0.1322583748022078
2024-09-24,119063.41149121703,0.0048236025080719,1,461.0928448770125,-0.12807273412254538
2024-09-25,119173.79040434207,0.0009270598897057614,1,462.27840967438095,-0.12726440532760963
2024-09-26,120069.1573762691,0.0075131198637650165,1,466.8002253764137,-0.12070743819546181
2024-09-27,119401.92847957402,-0.005557038220932342,1,466.8002253764137,-0.12559370056879116
2024-09-30,119725.72273992111,0.002711800927088781,1,466.8002253764137,-0.12322248475534137
2024-10-01,118057.65805217419,-0.013932383531068293,1,466.8002253764137,-0.13543808536914703
2024-10-02,118224.47283033874,0.0014129941328400175,1,466.8002253764137,-0.13421646445629676
2024-10-03,118136.15912425163,-0.0007470002104711382,1,466.8002253764137,-0.13486320493957038
2024-10-04,119541.75284871887,0.011898082135791244,1,466.8002253764137,-0.1245697362932463
2024-10-07,118261.26076538657,-0.01071167230543102,1,466.8002253764137,-0.13394705840433008
2024-10-08,120027.4442392395,0.014934590265841763,1,468.3431664989415,-0.12101291257307167
2024-10-09,120971.87438121492,0.007868451652548458,1,473.749397098032,-0.11409664517243845
2024-10-10,120834.50505907019,-0.0011355476043286572,1,473.749397098032,-0.11510263060467951
2024-10-11,121023.38504427265,0.0015631295473932383,1,473.749397098032,-0.11371942138016722
2024-10-14,122038.95111732518,0.008391486262601333,1,477.96340677447733,-0.10628221007986849
2024-10-15,120407.67436462609,-0.013366853269091372,1,477.96340677447733,-0.11822840464170747
2024-10-16,120422.38953864522,0.0001222112634995387,1,477.96340677447733,-0.11812064222092078
2024-10-17,120505.80070472287,0.0006926549655525971,1,477.96340677447733,-0.11750980410473677
2024-10-18,121295.67619555279,0.0065546677936720865,1,477.96340677447733,-0.11172537403947069
2024-10-21,121528.7168107942,0.001921260695770366,1,477.96340677447733,-0.1100187669135626
2024-10-22,121661.18359292948,0.001090003956361274,1,477.96340677447733,-0.10904868384841104
2024-10-23,119796.8586709982,-0.015323909129218882,1,477.96340677447733,-0.12270154085567608
2024-10-24,120768.27166800255,0.008108835304873496,1,477.96340677447733,-0.11558767213725529
2024-10-25,121504.18144877462,0.006093568870432442,1,477.96340677447733,-0.11019844470756424
2024-10-28,121523.80671679397,0.00016151928094454426,1,477.96340677447733,-0.11005472460017007
2024-10-29,122691.45728601035,0.00960841007834401,1,480.92332288574227,-0.1015037654468437
2024-10-30,121764.21247303572,-0.007557533617137624,1,480.92332288574227,-0.10829418094435073
2024-10-31,118863.98689901302,-0.023818374176771684,0,,-0.12953316379822288
2024-11-01,118863.98689901302,0.0,0,,-0.12953316379822288
2024-11-04,118863.98689901302,0.0,0,,-0.12953316379822288
2024-11-05,118863.98689901302,0.0,0,,-0.12953316379822288
2024-11-06,118863.98689901302,0.0,0,,-0.12953316379822288
2024-11-07,118863.98689901302,0.0,0,,-0.12953316379822288
2024-11-08,118863.98689901302,0.0,0,,-0.12953316379822288
2024-11-11,118863.98689901302,0.0,0,,-0.12953316379822288
2024-11-12,118863.98689901302,0.0,0,,-0.12953316379822288
2024-11-13,118863.98689901302,0.0,0,,-0.12953316379822288
2024-11-14,118863.98689901302,0.0,0,,-0.12953316379822288
2024-11-15,118863.98689901302,0.0,0,,-0.12953316379822288
2024-11-18,118863.98689901302,0.0,0,,-0.12953316379822288
2024-11-19,118863.98689901302,0.0,0,,-0.12953316379822288
2024-11-20,118863.98689901302,0.0,0,,-0.12953316379822288
2024-11-21,118863.98689901302,0.0,0,,-0.12953316379822288
2024-11-22,118863.98689901302,0.0,0,,-0.12953316379822288
2024-11-25,118863.98689901302,0.0,0,,-0.12953316379822288
2024-11-26,118863.98689901302,0.0,0,,-0.12953316379822288
2024-11-27,118863.98689901302,0.0,0,,-0.12953316379822288
2024-11-29,118863.98689901302,0.0,0,,-0.12953316379822288
2024-12-02,118863.98689901302,0.0,0,,-0.12953316379822288
2024-12-03,118863.98689901302,0.0,0,,-0.12953316379822288
2024-12-04,118863.98689901302,0.0,0,,-0.12953316379822288
2024-12-05,118863.98689901302,0.0,0,,-0.12953316379822288
2024-12-06,118863.98689901302,0.0,0,,-0.12953316379822288
2024-12-09,118863.98689901302,0.0,0,,-0.12953316379822288
2024-12-10,118863.98689901302,0.0,0,,-0.12953316379822288
2024-12-11,118863.98689901302,0.0,0,,-0.12953316379822288
2024-12-12,118863.98689901302,0.0,0,,-0.12953316379822288
2024-12-13,118863.98689901302,0.0,0,,-0.12953316379822288
2024-12-16,118863.98689901302,0.0,0,,-0.12953316379822288
2024-12-17,118863.98689901302,0.0,0,,-0.12953316379822288
2024-12-18,118863.98689901302,0.0,0,,-0.12953316379822288
2024-12-19,118863.98689901302,0.0,0,,-0.12953316379822288
2024-12-20,118863.98689901302,0.0,0,,-0.12953316379822288
2024-12-23,118863.98689901302,0.0,0,,-0.12953316379822288
2024-12-24,118863.98689901302,0.0,0,,-0.12953316379822288
2024-12-26,118863.98689901302,0.0,0,,-0.12953316379822288
2024-12-27,118863.98689901302,0.0,0,,-0.12953316379822288
2024-12-30,118863.98689901302,0.0,0,,-0.12953316379822288
2024-12-31,118863.98689901302,0.0,0,,-0.12953316379822288
2025-01-02,118863.98689901302,0.0,0,,-0.12953316379822288
2025-01-03,118863.98689901302,0.0,0,,-0.12953316379822288
2025-01-06,118863.98689901302,0.0,0,,-0.12953316379822288
2025-01-07,116335.21914302101,-0.021274465226717165,1,497.47804067311716,-0.14805188023600813
2025-01-08,116138.1797645315,-0.0016937207832761203,0,,-0.14949484247272538
2025-01-10,116138.1797645315,0.0,0,,-0.14949484247272538
2025-01-13,116138.1797645315,0.0,0,,-0.14949484247272538
2025-01-14,116138.1797645315,0.0,0,,-0.14949484247272538
2025-01-15,116138.1797645315,0.0,0,,-0.14949484247272538
2025-01-16,116138.1797645315,0.0,0,,-0.14949484247272538
2025-01-17,116138.1797645315,0.0,0,,-0.14949484247272538
2025-01-21,116138.1797645315,0.0,0,,-0.14949484247272538
2025-01-22,116389.05146080279,0.0021601138986329094,1,504.83026127914223,-0.1476576544610917
2025-01-23,116636.48181402308,0.0021258902801835067,1,506.49954544399225,-0.14584566815332178
2025-01-24,115977.34975857905,-0.005651165443201656,1,506.49954544399225,-0.1506726355966148
2025-01-27,111570.41830770852,-0.03799820792632436,0,,-0.18294555338673169
2025-01-28,111570.41830770852,0.0,0,,-0.18294555338673169
2025-01-29,111570.41830770852,0.0,0,,-0.18294555338673169
2025-01-30,111570.41830770852,0.0,0,,-0.18294555338673169
2025-01-31,110424.42109325467,-0.01027151490364775,1,500.614416732226,-0.19133794031221152
2025-02-03,109540.68376348121,-0.008003096788047781,1,500.614416732226,-0.19780974104471494
2025-02-04,110885.33526092346,0.012275361548277353,1,500.614416732226,-0.1879625655855326
2025-02-05,111388.52654466542,0.0045379425742628765,1,501.47024826463417,-0.1842775863400079
2025-02-06,111969.94089341736,0.005219696918414618,1,504.56151342663844,-0.18001976257114516
2025-02-07,110557.63560998344,-0.01261325380870093,1,504.56151342663844,-0.19036238142395423
2025-02-10,111895.92993960288,0.012104947091493345,1,504.56151342663844,-0.1805617608878085
2025-02-11,111629.55290751811,-0.0023805783841158723,1,504.56151342663844,-0.182512497846957
2025-02-12,111695.08763756882,0.0005870733004278428,1,504.56151342663844,-0.18203257276100948
2025-02-13,113301.93005658675,0.014385972140796843,1,510.68566110849156,-0.1702653161406701
2025-02-14,113777.61261412612,0.004198362351831131,1,515.8098921942454,-0.16678178928194665
2025-02-18,114035.56542381992,0.0022671666575448945,1,518.3077964395586,-0.16489274473614746
2025-02-19,114067.286261218,0.00027816617807085997,1,518.6942443511866,-0.1646604461426715
2025-02-20,113583.11447957168,-0.0042446155906396,1,518.6942443511866,-0.1682061414364523
2025-02-21,111225.73624716589,-0.020754653921994493,1,518.6942443511866,-0.18546973510537923
2025-02-24,111438.87516296183,0.0019162733643076635,0,,-0.1839088724543393
2025-02-25,111438.87516296183,0.0,0,,-0.1839088724543393
2025-02-26,111438.87516296183,0.0,0,,-0.1839088724543393
2025-02-27,111438.87516296183,0.0,0,,-0.1839088724543393
2025-02-28,111438.87516296183,0.0,0,,-0.1839088724543393
2025-03-03,111438.87516296183,0.0,0,,-0.1839088724543393
2025-03-04,111438.87516296183,0.0,0,,-0.1839088724543393
2025-03-05,111438.87516296183,0.0,0,,-0.1839088724543393
2025-03-06,111438.87516296183,0.0,0,,-0.1839088724543393
2025-03-07,111438.87516296183,0.0,0,,-0.1839088724543393
2025-03-10,111438.87516296183,0.0,0,,-0.1839088724543393
2025-03-11,111438.87516296183,0.0,0,,-0.1839088724543393
2025-03-12,111438.87516296183,0.0,0,,-0.1839088724543393
2025-03-13,111438.87516296183,0.0,0,,-0.1839088724543393
2025-03-14,111438.87516296183,0.0,0,,-0.1839088724543393
2025-03-17,111438.87516296183,0.0,0,,-0.1839088724543393
2025-03-18,111438.87516296183,0.0,0,,-0.1839088724543393
2025-03-19,111438.87516296183,0.0,0,,-0.1839088724543393
2025-03-20,111438.87516296183,0.0,0,,-0.1839088724543393
2025-03-21,111438.87516296183,0.0,0,,-0.1839088724543393
2025-03-24,111438.87516296183,0.0,0,,-0.1839088724543393
2025-03-25,111438.87516296183,0.0,0,,-0.1839088724543393
2025-03-26,111438.87516296183,0.0,0,,-0.1839088724543393
2025-03-27,111438.87516296183,0.0,0,,-0.1839088724543393
2025-03-28,111438.87516296183,0.0,0,,-0.1839088724543393
2025-03-31,111438.87516296183,0.0,0,,-0.1839088724543393
2025-04-01,111438.87516296183,0.0,0,,-0.1839088724543393
2025-04-02,111438.87516296183,0.0,0,,-0.1839088724543393
2025-04-03,111438.87516296183,0.0,0,,-0.1839088724543393
2025-04-04,111438.87516296183,0.0,0,,-0.1839088724543393
2025-04-07,111438.87516296183,0.0,0,,-0.1839088724543393
2025-04-08,111438.87516296183,0.0,0,,-0.1839088724543393
2025-04-09,111438.87516296183,0.0,0,,-0.1839088724543393
2025-04-10,111438.87516296183,0.0,0,,-0.1839088724543393
2025-04-11,111438.87516296183,0.0,0,,-0.1839088724543393
2025-04-14,111438.87516296183,0.0,0,,-0.1839088724543393
2025-04-15,111438.87516296183,0.0,0,,-0.1839088724543393
2025-04-16,111438.87516296183,0.0,0,,-0.1839088724543393
2025-04-17,111438.87516296183,0.0,0,,-0.1839088724543393
2025-04-21,111438.87516296183,0.0,0,,-0.1839088724543393
2025-04-22,111438.87516296183,0.0,0,,-0.1839088724543393
2025-04-23,111438.87516296183,0.0,0,,-0.1839088724543393
2025-04-24,111438.87516296183,0.0,0,,-0.1839088724543393
2025-04-25,111438.87516296183,0.0,0,,-0.1839088724543393
2025-04-28,111438.87516296183,0.0,0,,-0.1839088724543393
2025-04-29,112540.47880850961,0.009885272477282658,1,431.63371512341917,-0.17584158929225746
2025-04-30,112526.28236452723,-0.00012614522465770328,1,438.25401212290694,-0.1759455529401297
2025-05-01,113995.95578695228,0.013060712497939608,1,448.27229420634404,-0.1651828147244322
2025-05-02,115688.10070947165,0.014843903108999967,1,456.30845998439673,-0.15279086931247354
2025-05-05,115001.77456963595,-0.005932556033219627,1,456.30845998439673,-0.1578169849521327
2025-05-06,113932.06452370714,-0.009301682951692869,1,456.30845998439673,-0.16565070434540863
2025-05-07,114379.34695836983,0.003925869653398806,1,456.30845998439673,-0.16237515776526368
2025-05-08,115560.31091765693,0.010324975537034042,1,458.2888566180156,-0.15372670175997805
2025-05-09,115484.56991022793,-0.0006554240537044453,1,459.89320924983326,-0.1542813696356523
2025-05-12,120189.44145457898,0.04074026121418983,1,478.68828183233717,-0.11982657172090205
2025-05-13,122021.22591309693,0.015240810143960948,1,488.0441310088856,-0.10641201560674107
2025-05-14,122752.49535000272,0.005992969103806534,1,492.7951057900813,-0.10105677042473948
2025-05-15,122887.38336380864,0.0010988616844107568,1,493.5285554593284,-0.1000689561532988
2025-05-16,123422.27108073309,0.004352665849682191,1,496.5173312697641,-0.0961518570316785
2025-05-19,123540.59415478475,0.0009586849522016383,1,496.75516301802463,-0.09528535141793926
2025-05-20,123128.78103410463,-0.003333423507451805,1,496.75516301802463,-0.09830114849505867
2025-05-21,121417.70994138358,-0.013896597354010276,1,496.75516301802463,-0.11083169436899631
2025-05-22,121644.91843302165,0.0018712961375053627,1,496.75516301802463,-0.10916779715307678
2025-05-23,120518.38628454109,-0.009260823740046664,1,496.75516301802463,-0.11741763716559961
2025-05-27,123353.61376464638,0.02352526919346043,1,496.8519629466878,-0.09665464949451985
2025-05-28,122806.92716080925,-0.004431865327271023,1,496.8519629466878,-0.10065815443197668
2025-05-29,123048.32483110524,0.001965668190524017,1,496.8519629466878,-0.09889034677373654
2025-05-30,122854.25348430013,-0.0015771961712724991,1,496.8519629466878,-0.10031157346870168
2025-06-02,123824.59568767676,0.007898319967412748,1,501.13802146583487,-0.09320554640497936
2025-06-03,124792.5258033348,0.00781694549683376,1,505.8232959041373,-0.08611718358439602
2025-06-04,125140.43313012086,0.0027878859294374614,1,507.24380478924235,-0.08356938253935642
2025-06-05,124198.51287600679,-0.007526905817360152,1,507.24380478924235,-0.09046726948512784
2025-06-06,125412.59218415349,0.009775312763678379,1,507.31480275563746,-0.0815763025755426
2025-06-09,125597.18954787106,0.001471920486632694,1,508.96891138512296,-0.08022445591989447
2025-06-10,126427.87768460021,0.00661390704457232,1,512.3410292995632,-0.07414114596947774
2025-06-11,126001.86811993773,-0.003369585667848063,1,512.3410292995632,-0.07726090669446928
2025-06-12,126297.69760104024,0.002347818215051589,1,512.9835758260738,-0.07509448304346644
2025-06-13,124712.08413098431,-0.01255457146229777,1,512.9835758260738,-0.08670627545197074
2025-06-16,126446.81112012635,0.013909854856728021,1,514.4176626576912,-0.07400249230194711
2025-06-17,125213.79837645352,-0.00975123637164288,1,514.4176626576912,-0.08303211287906298
2025-06-18,125192.4819145066,-0.00017024051840375254,1,514.4176626576912,-0.08318821796752607
2025-06-20,124681.32274724769,-0.004082986130173438,1,514.4176626576912,-0.0869315477575443
2025-06-23,125963.33283903572,0.0102822946014689,1,514.4176626576912,-0.07754310894028005
2025-06-24,127889.55925012629,0.015291961300770263,1,520.2879625566743,-0.06343693386056604
2025-06-25,128216.52791183702,0.0025566485929571225,1,521.6499523734097,-0.06104247121530504
2025-06-26,129415.39363057783,0.00935032119700785,1,527.5508962513976,-0.0522629167308194
2025-06-27,129858.4476464085,0.003423503212418355,1,529.6877541636248,-0.049018335781719324
2025-06-30,130699.52519710633,0.006476879755932252,1,532.9765301315717,-0.04285894189248107
2025-07-01,129597.81139695933,-0.008429363446313398,1,532.9765301315717,-0.05092703174065827
2025-07-02,130500.51342967275,0.006965411089763229,1,532.9765301315717,-0.04431634836255016
2025-07-03,131784.67405749907,0.009840272609489498,1,537.2150132048141,-0.03491216070200531
2025-07-07,130791.94012415638,-0.007532999876067148,1,537.2150132048141,-0.04218216727583102
2025-07-08,130865.40708503139,0.0005617086252047709,1,537.2150132048141,-0.041644152737814855
2025-07-09,131791.7940754636,0.007078929497619457,1,538.640765553238,-0.034860019261414354
2025-07-10,131602.24176046866,-0.0014382709964961826,1,538.640765553238,-0.036248152103269704
2025-07-11,131306.0780744413,-0.002250445600815998,1,538.640765553238,-0.03841702320964713
2025-07-14,131782.30556172717,0.003626850289564665,1,540.1513735196282,-0.03492950571183462
2025-07-15,131903.12790739088,0.000916832841470594,1,541.4514895014073,-0.03404469738833693
2025-07-16,132038.17575833478,0.001023841155902705,1,541.4514895014073,-0.03305571259476059
2025-07-17,133106.73061767546,0.008092772057805675,1,545.7412043350339,-0.025230452884192678
2025-07-18,132978.8027846961,-0.0009610921430172059,1,545.7412043350339,-0.026167296237178173
2025-07-21,133668.25301404687,0.0051846626297804566,1,548.2082426728397,-0.02111830221032096
2025-07-22,132976.44881957315,-0.005175531054490645,1,548.2082426728397,-0.026184534835903994
2025-07-23,133582.9726356103,0.004561137114287739,1,548.2082426728397,-0.021742828975276685
2025-07-24,133867.27931212937,0.002128315240405687,1,549.986150609909,-0.019660789329148498
2025-07-25,134189.52551294523,0.0024072066189118058,1,551.9101983175221,-0.01730091029244296
2025-07-28,134608.8655097593,0.003124983080543098,1,553.7142945617898,-0.014229992263841806
2025-07-29,134400.37975923822,-0.0015488262955900556,1,553.7142945617898,-0.015756778773227564
2025-07-30,134580.44356049673,0.0013397566404282912,1,553.7142945617898,-0.01443813238179259
2025-07-31,133867.27931212937,-0.005299167022337681,1,553.7142945617898,-0.019660789329148498
2025-08-01,131625.11183354398,-0.016749182399961038,0,,-0.03608066958250844
2025-08-04,131625.11183354398,0.0,0,,-0.03608066958250844
2025-08-05,130237.79929451532,-0.010539877381324336,1,547.0339379418723,-0.04624026113059709
2025-08-06,131876.6306203319,0.012583376981905259,1,548.8534632652738,-0.03423874278623995
2025-08-07,132322.92364503452,0.003384170664683328,1,550.1492692978826,-0.030970441870489474
2025-08-08,133557.2613759018,0.009328222932698305,1,555.304070301672,-0.021931118123883264
2025-08-11,133162.0771355327,-0.002958912426759497,1,555.304070301672,-0.024825138292693283
2025-08-12,134835.76507995324,0.012568803224036973,1,560.2303365924195,-0.012568357346866565
2025-08-13,134903.18305515908,0.0005000006872499796,1,560.2648399854439,-0.012074640846927776
2025-08-14,134798.5989430614,-0.0007752531091496095,1,560.2648399854439,-0.012840533053218861
2025-08-15,134205.82258250765,-0.004397496451755689,1,560.2648399854439,-0.01718156330643439
2025-08-18,134152.34725474342,-0.0003984575835475068,1,560.2648399854439,-0.017573174765785238
2025-08-19,132332.23299961464,-0.013567517023556408,1,560.2648399854439,-0.030902267441548892
2025-08-20,130667.55602021141,-0.012579527615226405,0,,-0.04309305913012118
2025-08-21,130667.55602021141,0.0,0,,-0.04309305913012118
2025-08-22,130667.55602021141,0.0,0,,-0.04309305913012118
2025-08-25,130453.54534258635,-0.0016378256710637418,1,551.7376617262631,-0.04466030588269698
2025-08-26,130977.36079638946,0.004015340881901697,1,554.6156327201134,-0.0408242913528043
2025-08-27,131178.6523857473,0.001536842612600342,1,556.2325075985037,-0.03935018925078404
2025-08-28,131999.81096646015,0.006259849188708921,1,559.8034934890985,-0.03333666631233212
2025-08-29,130471.85222976399,-0.011575461551868504,1,559.8034934890985,-0.044526240565034736
2025-09-02,128200.04227166327,-0.017412261106709792,0,,-0.06116319914492596
2025-09-03,128200.04227166327,0.0,0,,-0.06116319914492596
2025-09-04,128200.04227166327,0.0,0,,-0.06116319914492596
2025-09-05,128200.04227166327,0.0,0,,-0.06116319914492596
2025-09-08,128200.04227166327,0.0,0,,-0.06116319914492596
2025-09-09,128200.04227166327,0.0,0,,-0.06116319914492596
2025-09-10,128200.04227166327,0.0,0,,-0.06116319914492596
2025-09-11,128200.04227166327,0.0,0,,-0.06116319914492596
2025-09-12,128200.04227166327,0.0,0,,-0.06116319914492596
2025-09-15,128200.04227166327,0.0,0,,-0.06116319914492596
2025-09-16,128200.04227166327,0.0,0,,-0.06116319914492596
2025-09-17,128200.04227166327,0.0,0,,-0.06116319914492596
2025-09-18,128200.04227166327,0.0,0,,-0.06116319914492596
2025-09-19,128200.04227166327,0.0,0,,-0.06116319914492596
2025-09-22,128200.04227166327,0.0,0,,-0.06116319914492596
2025-09-23,128200.04227166327,0.0,0,,-0.06116319914492596
2025-09-24,128200.04227166327,0.0,0,,-0.06116319914492596
2025-09-25,128200.04227166327,0.0,0,,-0.06116319914492596
2025-09-26,128200.04227166327,0.0,0,,-0.06116319914492596
2025-09-29,128200.04227166327,0.0,0,,-0.06116319914492596
2025-09-30,128200.04227166327,0.0,0,,-0.06116319914492596
2025-10-01,128200.04227166327,0.0,0,,-0.06116319914492596
2025-10-02,128200.04227166327,0.0,0,,-0.06116319914492596
2025-10-03,128200.04227166327,0.0,0,,-0.06116319914492596
2025-10-06,128200.04227166327,0.0,0,,-0.06116319914492596
2025-10-07,128200.04227166327,0.0,0,,-0.06116319914492596
2025-10-08,128200.04227166327,0.0,0,,-0.06116319914492596
2025-10-09,128200.04227166327,0.0,0,,-0.06116319914492596
2025-10-10,128200.04227166327,0.0,0,,-0.06116319914492596
2025-10-13,128200.04227166327,0.0,0,,-0.06116319914492596
2025-10-14,128200.04227166327,0.0,0,,-0.06116319914492596
2025-10-15,128200.04227166327,0.0,0,,-0.06116319914492596
2025-10-16,128200.04227166327,0.0,0,,-0.06116319914492596
2025-10-17,128200.04227166327,0.0,0,,-0.06116319914492596
2025-10-20,128200.04227166327,0.0,0,,-0.06116319914492596
2025-10-21,128200.04227166327,0.0,0,,-0.06116319914492596
2025-10-22,128200.04227166327,0.0,0,,-0.06116319914492596
2025-10-23,128200.04227166327,0.0,0,,-0.06116319914492596
2025-10-24,128200.04227166327,0.0,0,,-0.06116319914492596
2025-10-27,128200.04227166327,0.0,0,,-0.06116319914492596
2025-10-28,128200.04227166327,0.0,0,,-0.06116319914492596
2025-10-29,128200.04227166327,0.0,0,,-0.06116319914492596
2025-10-30,128200.04227166327,0.0,0,,-0.06116319914492596
2025-10-31,128200.04227166327,0.0,0,,-0.06116319914492596
2025-11-03,128200.04227166327,0.0,0,,-0.06116319914492596
2025-11-04,128200.04227166327,0.0,0,,-0.06116319914492596
2025-11-05,128200.04227166327,0.0,0,,-0.06116319914492596
2025-11-06,128200.04227166327,0.0,0,,-0.06116319914492596
2025-11-07,128200.04227166327,0.0,0,,-0.06116319914492596
2025-11-10,128200.04227166327,0.0,0,,-0.06116319914492596
2025-11-11,128200.04227166327,0.0,0,,-0.06116319914492596
2025-11-12,128200.04227166327,0.0,0,,-0.06116319914492596
2025-11-13,128200.04227166327,0.0,0,,-0.06116319914492596
2025-11-14,128200.04227166327,0.0,0,,-0.06116319914492596
2025-11-17,128200.04227166327,0.0,0,,-0.06116319914492596
2025-11-18,128200.04227166327,0.0,0,,-0.06116319914492596
2025-11-19,128200.04227166327,0.0,0,,-0.06116319914492596
2025-11-20,128200.04227166327,0.0,0,,-0.06116319914492596
2025-11-21,128200.04227166327,0.0,0,,-0.06116319914492596
2025-11-24,128200.04227166327,0.0,0,,-0.06116319914492596
2025-11-25,128200.04227166327,0.0,0,,-0.06116319914492596
2025-11-26,128200.04227166327,0.0,0,,-0.06116319914492596
2025-11-28,128200.04227166327,0.0,0,,-0.06116319914492596
2025-12-01,128200.04227166327,0.0,0,,-0.06116319914492596
2025-12-02,128200.04227166327,0.0,0,,-0.06116319914492596
2025-12-03,128200.04227166327,0.0,0,,-0.06116319914492596
2025-12-04,127600.40899985447,-0.004677325070908678,1,591.5567821642018,-0.06555444405105715
2025-12-05,127703.52311621001,0.000808101769921965,0,,-0.06479931694339913
2025-12-08,126916.5850870132,-0.006162226460116549,1,597.3513477949357,-0.07056223533804962
2025-12-09,127073.11709452952,0.001233345566373334,1,597.4961125900016,-0.06941591739178377
2025-12-10,127593.56204592636,0.004095633783892216,1,600.6427937003089,-0.06560458578430128
2025-12-11,127180.8675065775,-0.0032344464150966257,1,602.070111561298,-0.06862683768209399
2025-12-12,124749.38456064017,-0.019118307600878515,1,602.070111561298,-0.08643311629049066
2025-12-15,124123.21916912826,-0.005019386618356658,1,602.070111561298,-0.09101866168155603
2025-12-16,124369.21938748055,0.0019819033054331303,1,602.070111561298,-0.08921714856256568
2025-12-17,122664.10813161852,-0.013710074440120512,0,,-0.10170404925455812
2025-12-18,122664.10813161852,0.0,0,,-0.10170404925455812
2025-12-19,122664.10813161852,0.0,0,,-0.10170404925455812
2025-12-22,122664.10813161852,0.0,0,,-0.10170404925455812
2025-12-23,122664.10813161852,0.0,0,,-0.10170404925455812
2025-12-24,122664.10813161852,0.0,0,,-0.10170404925455812
2025-12-26,122664.10813161852,0.0,0,,-0.10170404925455812
2025-12-29,122664.10813161852,0.0,0,,-0.10170404925455812
2025-12-30,122664.10813161852,0.0,0,,-0.10170404925455812
2025-12-31,122664.10813161852,0.0,0,,-0.10170404925455812
2026-01-02,122664.10813161852,0.0,0,,-0.10170404925455812
2026-01-05,122664.10813161852,0.0,0,,-0.10170404925455812
2026-01-06,122664.10813161852,0.0,0,,-0.10170404925455812
2026-01-07,122664.10813161852,0.0,0,,-0.10170404925455812
2026-01-08,121977.11009339774,-0.005600644301620994,1,604.6113498413443,-0.10673508535226983
2026-01-09,121978.65494909826,1.2665127902433682e-05,0,,-0.10672377203787498
2026-01-12,121978.65494909826,0.0,0,,-0.10672377203787498
2026-01-13,121595.96195746072,-0.003137376713960638,1,611.1066552141498,-0.10952631607461794
2026-01-14,120296.9730571451,-0.01068282926015307,1,611.1066552141498,-0.1190390944006523
2026-01-15,120729.97727663467,0.0035994606388298767,1,611.1066552141498,-0.11586811029659949
2026-01-16,120629.00512592107,-0.0008363469702494797,1,611.1066552141498,-0.11660755132385381
2026-01-20,118367.77097352609,-0.018745360206150696,0,,-0.13316706097768172
2026-01-21,118367.77097352609,0.0,0,,-0.13316706097768172
2026-01-22,117888.534833191,-0.00404870461269613,1,599.2884437679838,-0.13667661149633836
2026-01-23,118260.75853773154,0.003157420737031069,1,600.669502737229,-0.13395073632671284
2026-01-26,118781.11884160696,0.004400109641689909,1,603.7950177012603,-0.1301400246114457
2026-01-27,119857.90344969784,0.009065284269015539,1,609.3536720795873,-0.12225449666030963
2026-01-28,120254.80496890403,0.0033114338544455446,1,611.4226703087587,-0.11934790048496324
2026-01-29,119535.04699304546,-0.005985274152202846,1,611.4226703087587,-0.12461884473327378
2026-01-30,118099.33030940536,-0.012010843010114236,1,611.4226703087587,-0.13513291036319486
2026-02-02,118910.25910055655,0.0068664977949211,1,611.4226703087587,-0.12919430239930396
2026-02-03,116214.87831798712,-0.02266735269906417,0,,-0.14893316227917353
2026-02-04,116214.87831798712,0.0,0,,-0.14893316227917353
2026-02-05,116214.87831798712,0.0,0,,-0.14893316227917353
2026-02-06,116214.87831798712,0.0,0,,-0.14893316227917353
2026-02-09,116214.87831798712,0.0,0,,-0.14893316227917353
2026-02-10,116214.87831798712,0.0,0,,-0.14893316227917353
2026-02-11,116214.87831798712,0.0,0,,-0.14893316227917353
2026-02-12,116214.87831798712,0.0,0,,-0.14893316227917353
2026-02-13,116214.87831798712,0.0,0,,-0.14893316227917353
2026-02-17,116214.87831798712,0.0,0,,-0.14893316227917353
2026-02-18,116214.87831798712,0.0,0,,-0.14893316227917353
2026-02-19,116214.87831798712,0.0,0,,-0.14893316227917353
2026-02-20,116214.87831798712,0.0,0,,-0.14893316227917353
2026-02-23,116214.87831798712,0.0,0,,-0.14893316227917353
2026-02-24,116214.87831798712,0.0,0,,-0.14893316227917353
2026-02-25,116214.87831798712,0.0,0,,-0.14893316227917353
2026-02-26,116214.87831798712,0.0,0,,-0.14893316227917353
2026-02-27,116214.87831798712,0.0,0,,-0.14893316227917353
2026-03-02,116214.87831798712,0.0,0,,-0.14893316227917353
2026-03-03,116214.87831798712,0.0,0,,-0.14893316227917353
2026-03-04,116214.87831798712,0.0,0,,-0.14893316227917353
2026-03-05,116214.87831798712,0.0,0,,-0.14893316227917353
2026-03-06,115932.56872978056,-0.002429203491777665,1,573.3151606255485,-0.1510005768131012
2026-03-09,117480.91738669104,0.01335559691185173,1,579.3491470080675,-0.13966168273862234
2026-03-10,117308.56457322591,-0.0014670707149641027,0,,-0.14092385988883804
2026-03-11,117308.56457322591,0.0,0,,-0.14092385988883804
2026-03-12,117308.56457322591,0.0,0,,-0.14092385988883804
2026-03-13,117308.56457322591,0.0,0,,-0.14092385988883804
2026-03-16,117308.56457322591,0.0,0,,-0.14092385988883804
2026-03-17,117308.56457322591,0.0,0,,-0.14092385988883804
2026-03-18,115849.54952420824,-0.0124374128549406,1,573.2044122469583,-0.15160854451722938
2026-03-19,114627.70321366217,-0.010546836958487682,0,,-0.16055639087518025
2026-03-20,114627.70321366217,0.0,0,,-0.16055639087518025
2026-03-23,114627.70321366217,0.0,0,,-0.16055639087518025
2026-03-24,114627.70321366217,0.0,0,,-0.16055639087518025
2026-03-25,114627.70321366217,0.0,0,,-0.16055639087518025
2026-03-26,114627.70321366217,0.0,0,,-0.16055639087518025
2026-03-27,114627.70321366217,0.0,0,,-0.16055639087518025
2026-03-30,114627.70321366217,0.0,0,,-0.16055639087518025
2026-03-31,114627.70321366217,0.0,0,,-0.16055639087518025
2026-04-01,114627.70321366217,0.0,0,,-0.16055639087518025
2026-04-02,114627.70321366217,0.0,0,,-0.16055639087518025
2026-04-06,114627.70321366217,0.0,0,,-0.16055639087518025
2026-04-07,114627.70321366217,0.0,0,,-0.16055639087518025
2026-04-08,114627.70321366217,0.0,0,,-0.16055639087518025
2026-04-09,114627.70321366217,0.0,0,,-0.16055639087518025
2026-04-10,114311.97275710461,-0.002754399222054116,1,581.7355615885184,-0.1628685536991119
2026-04-13,115494.24344958208,0.010342492251355084,1,587.1786826643678,-0.15421052820237935
2026-04-14,117591.26998640595,0.01815697886050316,1,597.4594806832115,-0.1388535466425137
2026-04-15,119237.48531103147,0.013999468879074328,1,605.8503275264902,-0.1267979536684103
2026-04-16,119811.7781034879,0.004816377928118731,1,610.2493904505499,-0.12259228260567079
2026-04-17,121379.41008420207,0.013084122492198702,1,619.099997302772,-0.11111217255568284
2026-04-20,120994.04879596537,-0.003174848913579109,1,619.099997302772,-0.11393425710893823
2026-04-21,120533.8647340205,-0.003803361128288829,1,619.099997302772,-0.11730428511255842
2026-04-22,122550.46764789743,0.01673059200687632,1,628.5728474985384,-0.10253626324055853
2026-04-23,121860.18012467556,-0.005632679633709281,1,628.5728474985384,-0.10759138895259612
2026-04-24,124191.05926267504,0.019127488040923124,1,636.541235235672,-0.09052185391717005
2026-04-27,124256.53204724583,0.0005271940263613661,1,638.1109262503948,-0.09004238247144891
2026-04-28,123006.91400024826,-0.010056759402575555,1,638.1109262503948,-0.0991936072974744
2026-04-29,123758.9251681423,0.006113568281962856,1,638.1109262503948,-0.09368646590685892
2026-04-30,124913.13446290308,0.009326271161394173,1,642.6837070293872,-0.08523394013066488
2026-05-01,126112.25342431515,0.009599622702352262,1,650.9418275928738,-0.07645253109500183
2026-05-04,125874.67454385008,-0.0018838683316974025,1,650.9418275928738,-0.07819237292449133
2026-05-05,127507.77930913503,0.012974053527471385,1,658.9501358645588,-0.06623279142878225
2026-05-06,130156.6723808511,0.02077436440402569,1,671.7746273083274,-0.04683437116939382
2026-05-07,130001.40312358685,-0.001192941202506459,1,671.7746273083274,-0.04797144172083889
2026-05-08,133048.74518227103,0.023440839756069476,1,685.4517081924192,-0.02565509284301526
2026-05-11,133434.10647050772,0.0028963917525772764,1,687.9214832628933,-0.022833008289760093
2026-05-12,132302.3462939203,-0.008481790799397704,1,687.9214832628933,-0.031121134289523122
2026-05-13,133699.75817899406,0.010562260792936318,1,688.2572729430335,-0.020887583033124768
2026-05-14,134650.05084024524,0.00710766178035227,1,694.2734313403515,-0.013928383128380961
2026-05-15,132618.49708799217,-0.015087656778261405,1,694.2734313403515,-0.02880589324252525
2026-05-18,132047.9305748252,-0.004302314727548162,1,694.2734313403515,-0.032984275951335795
2026-05-19,131234.19576225895,-0.006162420032059135,1,694.2734313403515,-0.038943433020529494
2026-05-20,133407.9310730449,0.01656378734338282,1,694.2734313403515,-0.02302469642011995
2026-05-21,133662.3353618354,0.001906965251198045,1,694.2734313403515,-0.02116163846491448
2026-05-22,134229.15273510377,0.004240666390677328,1,694.2734313403515,-0.01701071152324707
2026-05-26,136612.41695894263,0.01775519084548005,1,700.2337505212714,0.0
2026-05-27,136457.14770167836,-0.0011365676760621835,1,700.5533833831056,-0.0011365676760621835
2026-05-28,137607.60785654053,0.00843092629619746,1,706.5681358653795,0.0
2026-05-29,138114.56472478143,0.0036840758744198787,1,711.0428623915053,0.0
2026-06-01,138943.2846666375,0.00600023569930852,1,714.7581025845067,0.0
2026-06-02,139583.05024366474,0.004604508800567064,1,719.8581526156727,0.0
2026-06-03,139218.27493395668,-0.002613320951729281,1,719.8581526156727,-0.002613320951729281
2026-06-04,138544.82424936484,-0.004837372714978083,1,719.8581526156727,-0.007438052059239975
2026-06-05,134608.5787062045,-0.02841135036611353,0,,-0.0356380773222571
2026-06-08,134608.5787062045,0.0,0,,-0.0356380773222571
2026-06-09,134608.5787062045,0.0,0,,-0.0356380773222571
2026-06-10,134608.5787062045,0.0,0,,-0.0356380773222571
2026-06-11,134608.5787062045,0.0,0,,-0.0356380773222571
2026-06-12,135105.5978440396,0.0036923288442105573,1,680.6830214443129,-0.03207733597889573
2026-06-15,139349.7736015855,0.03141376689991193,1,701.5718574954749,-0.0016712390341950822
2026-06-16,136701.37240567486,-0.019005421591015148,1,701.5718574954749,-0.020644898022786018
2026-06-17,135324.73388519188,-0.010070407460121666,1,701.5718574954749,-0.030507402947845597
2026-06-18,138716.70756918416,0.025065437681702774,1,701.5718574954749,-0.0062066466735627435
2026-06-22,138368.51381254857,-0.002510106841037363,1,701.5718574954749,-0.008701174168324832
2026-06-23,133812.17105090249,-0.03292904314791356,1,701.5718574954749,-0.04134369597661214
2026-06-24,133933.47027705077,0.0009064887386225351,0,,-0.04047468483280536
2026-06-25,133933.47027705077,0.0,0,,-0.04047468483280536
2026-06-26,133933.47027705077,0.0,0,,-0.04047468483280536
2026-06-29,133933.47027705077,0.0,0,,-0.04047468483280536
2026-06-30,133933.47027705077,0.0,0,,-0.04047468483280536
2026-07-01,133933.47027705077,0.0,0,,-0.04047468483280536
2026-07-02,133933.47027705077,0.0,0,,-0.04047468483280536
2026-07-06,133933.47027705077,0.0,0,,-0.04047468483280536
2026-07-07,133933.47027705077,0.0,0,,-0.04047468483280536
2026-07-08,134964.05759600797,0.007694770521702754,1,669.9180724388124,-0.03309135772282934
2026-07-09,136066.7243429688,0.0081700770308899,0,,-0.025191639633591723
2026-07-10,136769.68775335362,0.005166313907968512,1,686.1171133858817,-0.020155473643826638
2026-07-13,134173.82932783713,-0.0189797788395758,1,686.1171133858817,-0.03875270605123571
2026-07-14,135568.77616038633,0.010396564214775639,0,,-0.028759036833418072
2026-07-15,135568.77616038633,0.0,0,,-0.028759036833418072
2026-07-16,135568.77616038633,0.0,0,,-0.028759036833418072
2026-07-17,135568.77616038633,0.0,0,,-0.028759036833418072
2026-07-20,135568.77616038633,0.0,0,,-0.028759036833418072
2026-07-21,135568.77616038633,0.0,0,,-0.028759036833418072
2026-07-22,135568.77616038633,0.0,0,,-0.028759036833418072
2026-07-23,135568.77616038633,0.0,0,,-0.028759036833418072
2026-07-24,135568.77616038633,0.0,0,,-0.028759036833418072
2026-07-27,135568.77616038633,0.0,0,,-0.028759036833418072
2026-07-28,135568.77616038633,0.0,0,,-0.028759036833418072
2026-07-29,135568.77616038633,0.0,0,,-0.028759036833418072
2026-07-30,135568.77616038633,0.0,0,,-0.028759036833418072
2026-07-31,135568.77616038633,0.0,0,,-0.028759036833418072
2026-08-03,135568.77616038633,0.0,0,,-0.028759036833418072
2026-08-04,135568.77616038633,0.0,0,,-0.028759036833418072
2026-08-05,133697.53491614948,-0.01380289250397193,1,686.5214320591518,-0.04216497144346065
2026-08-06,133203.60827819156,-0.0036943586003114204,1,686.5214320591518,-0.045703557518888105
2026-08-07,134027.41007317838,0.006184530626725415,0,,-0.0398016819433884
2026-08-10,134027.41007317838,0.0,0,,-0.0398016819433884
2026-08-11,132931.15578106476,-0.008179329075411301,1,687.6703404017857,-0.04765545996442988
2026-08-12,134326.12985847364,0.010493958840667617,0,,-0.03766159555916204
2026-08-13,135404.8738773313,0.0080307831394697,1,697.6700265066964,-0.029933264526314396
2026-08-14,135219.91223087313,-0.0013659895774927877,1,698.5057351248605,-0.0312583655764439
2026-08-17,134997.95599729073,-0.0016414463662972612,1,698.9003644670759,-0.032848503012149255
2026-08-18,132711.83275646687,-0.01693450262957863,1,698.9003644670759,-0.04922673258109089
2026-08-19,132447.33895673126,-0.0019929933468779693,1,698.9003644670759,-0.05112161737744625
2026-08-20,131494.7819618065,-0.007191967784539233,1,698.9003644670759,-0.05794592013671329
2026-08-21,131959.03750068258,0.0035306004690811577,1,698.9003644670759,-0.05461990356044821
2026-08-24,130642.11148103345,-0.009979809224073155,1,698.9003644670759,-0.06405461656715072
2026-08-25,131455.9359519516,0.006229419148941817,1,698.9003644670759,-0.05822422047323039
2026-08-26,131576.1655378146,0.0009145998999007254,1,698.9003644670759,-0.0573628724395463
2026-08-27,133377.6901680511,0.01369187666225713,1,700.9332122802734,-0.04445640115172411
2026-08-28,132512.07101732644,-0.006489984566639406,1,700.9332122802734,-0.050657864361000615
2026-08-31,132573.11152162327,0.0004606410859646637,1,700.9332122802734,-0.050220558368687884
2026-09-01,130886.2622090578,-0.012723917340435542,1,700.9332122802734,-0.06230547347564974
2026-09-02,130590.19613136371,-0.002262010333988984,0,,-0.06442654818477278
2026-09-03,130590.19613136371,0.0,0,,-0.06442654818477278
2026-09-04,130128.4325216184,-0.0035359745480496585,0,,-0.06773471209822235
