timestamp,equity,daily_return,position,stop_price,drawdown
2020-01-02,100000.0,0.0,0,,0.0
2020-01-03,100000.0,0.0,0,,0.0
2020-01-06,100000.0,0.0,0,,0.0
2020-01-07,100000.0,0.0,0,,0.0
2020-01-08,100000.0,0.0,0,,0.0
2020-01-09,100000.0,0.0,0,,0.0
2020-01-10,100000.0,0.0,0,,0.0
2020-01-13,100000.0,0.0,0,,0.0
2020-01-14,100000.0,0.0,0,,0.0
2020-01-15,100000.0,0.0,0,,0.0
2020-01-16,100000.0,0.0,0,,0.0
2020-01-17,100000.0,0.0,0,,0.0
2020-01-21,100000.0,0.0,0,,0.0
2020-01-22,100000.0,0.0,0,,0.0
2020-01-23,100000.0,0.0,0,,0.0
2020-01-24,100000.0,0.0,0,,0.0
2020-01-27,100000.0,0.0,0,,0.0
2020-01-28,100000.0,0.0,0,,0.0
2020-01-29,100000.0,0.0,0,,0.0
2020-01-30,100000.0,0.0,0,,0.0
2020-01-31,100000.0,0.0,0,,0.0
2020-02-03,100000.0,0.0,0,,0.0
2020-02-04,100000.0,0.0,0,,0.0
2020-02-05,100000.0,0.0,0,,0.0
2020-02-06,100000.0,0.0,0,,0.0
2020-02-07,100000.0,0.0,0,,0.0
2020-02-10,100000.0,0.0,0,,0.0
2020-02-11,100000.0,0.0,0,,0.0
2020-02-12,100000.0,0.0,0,,0.0
2020-02-13,100000.0,0.0,0,,0.0
2020-02-14,100000.0,0.0,0,,0.0
2020-02-18,100000.0,0.0,0,,0.0
2020-02-19,100000.0,0.0,0,,0.0
2020-02-20,100000.0,0.0,0,,0.0
2020-02-21,100000.0,0.0,0,,0.0
2020-02-24,100000.0,0.0,0,,0.0
2020-02-25,100000.0,0.0,0,,0.0
2020-02-26,100000.0,0.0,0,,0.0
2020-02-27,100000.0,0.0,0,,0.0
2020-02-28,100000.0,0.0,0,,0.0
2020-03-02,100000.0,0.0,0,,0.0
2020-03-03,100000.0,0.0,0,,0.0
2020-03-04,100000.0,0.0,0,,0.0
2020-03-05,100000.0,0.0,0,,0.0
2020-03-06,100000.0,0.0,0,,0.0
2020-03-09,100000.0,0.0,0,,0.0
2020-03-10,100000.0,0.0,0,,0.0
2020-03-11,100000.0,0.0,0,,0.0
2020-03-12,100000.0,0.0,0,,0.0
2020-03-13,100000.0,0.0,0,,0.0
2020-03-16,100000.0,0.0,0,,0.0
2020-03-17,100000.0,0.0,0,,0.0
2020-03-18,100000.0,0.0,0,,0.0
2020-03-19,100000.0,0.0,0,,0.0
2020-03-20,100000.0,0.0,0,,0.0
2020-03-23,100000.0,0.0,0,,0.0
2020-03-24,100000.0,0.0,0,,0.0
2020-03-25,100000.0,0.0,0,,0.0
2020-03-26,100000.0,0.0,0,,0.0
2020-03-27,100000.0,0.0,0,,0.0
2020-03-30,100000.0,0.0,0,,0.0
2020-03-31,100000.0,0.0,0,,0.0
2020-04-01,100000.0,0.0,0,,0.0
2020-04-02,100000.0,0.0,0,,0.0
2020-04-03,100000.0,0.0,0,,0.0
2020-04-06,100000.0,0.0,0,,0.0
2020-04-07,100000.0,0.0,0,,0.0
2020-04-08,100000.0,0.0,0,,0.0
2020-04-09,100000.0,0.0,0,,0.0
2020-04-13,110135.39046890903,0.10135390468909034,1,35.522739614759175,0.0
2020-04-14,120107.552387632,0.09054457315006381,1,39.31481000355312,0.0
2020-04-15,123481.23880602373,0.028088878270565276,1,40.74842923028128,0.0
2020-04-16,126083.40854453566,0.021073401625000487,1,41.714476108551025,0.0
2020-04-17,127551.99323606915,0.011647723586206471,1,42.34540482929775,0.0
2020-04-20,126277.97224874115,-0.009988248360573104,1,42.34540482929775,-0.009988248360573104
2020-04-21,116187.37982827435,-0.07990777996173748,1,42.34540482929775,-0.08909788957011067
2020-04-22,123866.99714596363,0.06609682849410836,1,42.34540482929775,-0.02889014900210496
2020-04-23,119386.79440313704,-0.03616946277907396,1,42.34540482929775,-0.06401467061216526
2020-04-24,122689.42058423623,0.02766324531628772,1,42.34540482929775,-0.03812227883286323
2020-04-27,135141.93330879373,0.10149622245552825,1,44.76714324951172,0.0
2020-04-28,130128.77878627303,-0.037095477323576875,1,44.76714324951172,-0.037095477323576875
2020-04-29,135439.70861923572,0.040812876924677166,1,44.76840400695801,0.0
2020-04-30,132287.6643088243,-0.023272674923369818,1,44.76840400695801,-0.023272674923369818
2020-05-01,118657.57502253941,-0.1030337133662409,1,44.76840400695801,-0.12390851817229054
2020-05-04,128787.08599258606,0.08536758793631605,1,44.76840400695801,-0.04911870155710618
2020-05-05,129974.81816588293,0.009222447764407393,1,44.76840400695801,-0.04034924845206478
2020-05-06,132406.10449179937,0.01870582594555703,1,44.76840400695801,-0.022398188525086016
2020-05-07,131976.35463711052,-0.00324569517650497,1,44.76840400695801,-0.025571186009132663
2020-05-08,138639.1231940984,0.050484562748442485,1,45.69276074000767,0.0
2020-05-11,137263.59449723194,-0.0099216488475673,1,45.69276074000767,-0.0099216488475673
2020-05-12,136945.51764488226,-0.002317270311292141,1,45.69276074000767,-0.012215928016545918
2020-05-13,133823.930487948,-0.02279437261341366,1,45.69276074000767,-0.03473184621493175
2020-05-14,135916.82873837586,0.01563919280204029,1,45.69276074000767,-0.0196358314522177
2020-05-15,135212.99354608628,-0.005178425650618879,1,45.69276074000767,-0.024712574409573196
2020-05-18,137659.5084487413,0.018093785504579962,1,46.28878729684012,-0.007065932925626073
2020-05-19,136708.64696016334,-0.006907343337870686,1,46.28878729684012,-0.01392446943877701
2020-05-20,137986.04669719367,0.00934395713390801,1,47.684357098170686,-0.004710621950417382
2020-05-21,140023.11328706756,0.01476284478490908,1,49.22916534968785,0.0
2020-05-22,138209.3830206408,-0.012953077701596039,1,49.22916534968785,-0.012953077701596039
2020-05-26,138546.0671994314,0.0024360442933191173,1,49.39787932804653,-0.010548587679292787
2020-05-27,138776.1707035144,0.0016608447192643094,1,49.39787932804653,-0.008905262526171409
2020-05-28,136336.4326627265,-0.017580381620416863,1,49.39787932804653,-0.026329086232948162
2020-05-29,141275.13851702109,0.03622440280883765,1,50.47488130841936,0.0
2020-06-01,151951.13562803363,0.07556883131087,1,54.38392775399344,0.0
2020-06-02,149152.7079698494,-0.018416628784101996,1,54.38392775399344,-0.018416628784101996
2020-06-03,149389.56897333707,0.0015880436011630472,1,54.38392775399344,-0.01685783159243448
2020-06-04,146245.98605902836,-0.021042854169220915,1,54.38392775399344,-0.037545948869846524
2020-06-05,149846.38755056952,0.024618805538279442,1,54.38392775399344,-0.013851479745544015
2020-06-08,160718.65226248562,0.0725560681818036,1,57.982758794512065,0.0
2020-06-09,159153.63282658276,-0.009737634144336038,1,57.982758794512065,-0.009737634144336038
2020-06-10,173430.04111036772,0.08970205725269764,1,61.99928746904646,0.0
2020-06-11,164596.5372037923,-0.0509341048991272,1,61.99928746904646,-0.0509341048991272
2020-06-12,157110.52614039634,-0.04548097542372531,0,,-0.09409854754970581
2020-06-15,157110.52614039634,0.0,0,,-0.09409854754970581
2020-06-16,157110.52614039634,0.0,0,,-0.09409854754970581
2020-06-17,157110.52614039634,0.0,0,,-0.09409854754970581
2020-06-18,157110.52614039634,0.0,0,,-0.09409854754970581
2020-06-19,157110.52614039634,0.0,0,,-0.09409854754970581
2020-06-22,157110.52614039634,0.0,0,,-0.09409854754970581
2020-06-23,157110.52614039634,0.0,0,,-0.09409854754970581
2020-06-24,157110.52614039634,0.0,0,,-0.09409854754970581
2020-06-25,157110.52614039634,0.0,0,,-0.09409854754970581
2020-06-26,157110.52614039634,0.0,0,,-0.09409854754970581
2020-06-29,157110.52614039634,0.0,0,,-0.09409854754970581
2020-06-30,157110.52614039634,0.0,0,,-0.09409854754970581
2020-07-01,157110.52614039634,0.0,0,,-0.09409854754970581
2020-07-02,157110.52614039634,0.0,0,,-0.09409854754970581
2020-07-06,157110.52614039634,0.0,0,,-0.09409854754970581
2020-07-07,157110.52614039634,0.0,0,,-0.09409854754970581
2020-07-08,157110.52614039634,0.0,0,,-0.09409854754970581
2020-07-09,157110.52614039634,0.0,0,,-0.09409854754970581
2020-07-10,157110.52614039634,0.0,0,,-0.09409854754970581
2020-07-13,157110.52614039634,0.0,0,,-0.09409854754970581
2020-07-14,157110.52614039634,0.0,0,,-0.09409854754970581
2020-07-15,157110.52614039634,0.0,0,,-0.09409854754970581
2020-07-16,157110.52614039634,0.0,0,,-0.09409854754970581
2020-07-17,157110.52614039634,0.0,0,,-0.09409854754970581
2020-07-20,157110.52614039634,0.0,0,,-0.09409854754970581
2020-07-21,157110.52614039634,0.0,0,,-0.09409854754970581
2020-07-22,157110.52614039634,0.0,0,,-0.09409854754970581
2020-07-23,157110.52614039634,0.0,0,,-0.09409854754970581
2020-07-24,157110.52614039634,0.0,0,,-0.09409854754970581
2020-07-27,157110.52614039634,0.0,0,,-0.09409854754970581
2020-07-28,157110.52614039634,0.0,0,,-0.09409854754970581
2020-07-29,157110.52614039634,0.0,0,,-0.09409854754970581
2020-07-30,157110.52614039634,0.0,0,,-0.09409854754970581
2020-07-31,157110.52614039634,0.0,0,,-0.09409854754970581
2020-08-03,157110.52614039634,0.0,0,,-0.09409854754970581
2020-08-04,157110.52614039634,0.0,0,,-0.09409854754970581
2020-08-05,157110.52614039634,0.0,0,,-0.09409854754970581
2020-08-06,157110.52614039634,0.0,0,,-0.09409854754970581
2020-08-07,157110.52614039634,0.0,0,,-0.09409854754970581
2020-08-10,157110.52614039634,0.0,0,,-0.09409854754970581
2020-08-11,157110.52614039634,0.0,0,,-0.09409854754970581
2020-08-12,157110.52614039634,0.0,0,,-0.09409854754970581
2020-08-13,157848.9849694547,0.004700250500074388,1,94.30095727103097,-0.0898405837948082
2020-08-14,160742.07222877897,0.01832819678811437,1,97.31900542122978,-0.07315900290604416
2020-08-17,178750.10005934877,0.11203058154519474,1,108.39921842302594,0.0
2020-08-18,183760.1747513299,0.028028374195693706,1,111.4727897644043,0.0
2020-08-19,182926.62773533308,-0.004536059116861502,1,111.4727897644043,-0.004536059116861502
2020-08-20,194933.27975275565,0.06563643667445929,1,117.97438866751534,0.0
2020-08-21,199621.99564770612,0.024052926729070778,1,121.01045308794293,0.0
2020-08-24,196137.8319728564,-0.017453806448256337,1,121.01045308794293,-0.017453806448256337
2020-08-25,197027.85665238797,0.004537751185374361,1,121.01045308794293,-0.012995256293781843
2020-08-26,209670.38386343577,0.06416619165356274,1,124.71002115522111,0.0
2020-08-27,218003.95954771322,0.039746079206424145,1,129.60154887608118,0.0
2020-08-28,215535.4354346689,-0.011323299439907841,1,129.60154887608118,-0.011323299439907841
2020-08-31,242625.88061418556,0.1256890549105465,1,142.82179614475794,0.0
2020-09-01,231296.0021773599,-0.04669690804684612,1,142.82179614475794,-0.04669690804684612
2020-09-02,208301.5979475353,-0.0994154849775235,0,,-0.1414699972639416
2020-09-03,208301.5979475353,0.0,0,,-0.1414699972639416
2020-09-04,208301.5979475353,0.0,0,,-0.1414699972639416
2020-09-08,208301.5979475353,0.0,0,,-0.1414699972639416
2020-09-09,208301.5979475353,0.0,0,,-0.1414699972639416
2020-09-10,208301.5979475353,0.0,0,,-0.1414699972639416
2020-09-11,208301.5979475353,0.0,0,,-0.1414699972639416
2020-09-14,208301.5979475353,0.0,0,,-0.1414699972639416
2020-09-15,208301.5979475353,0.0,0,,-0.1414699972639416
2020-09-16,208301.5979475353,0.0,0,,-0.1414699972639416
2020-09-17,208301.5979475353,0.0,0,,-0.1414699972639416
2020-09-18,208301.5979475353,0.0,0,,-0.1414699972639416
2020-09-21,208301.5979475353,0.0,0,,-0.1414699972639416
2020-09-22,208301.5979475353,0.0,0,,-0.1414699972639416
2020-09-23,208301.5979475353,0.0,0,,-0.1414699972639416
2020-09-24,208301.5979475353,0.0,0,,-0.1414699972639416
2020-09-25,208301.5979475353,0.0,0,,-0.1414699972639416
2020-09-28,208301.5979475353,0.0,0,,-0.1414699972639416
2020-09-29,208301.5979475353,0.0,0,,-0.1414699972639416
2020-09-30,208301.5979475353,0.0,0,,-0.1414699972639416
2020-10-01,208301.5979475353,0.0,0,,-0.1414699972639416
2020-10-02,204880.0514220138,-0.016425925481297954,1,114.0544101170131,-0.15557214711234257
2020-10-05,210107.0602470052,0.025512531789757986,1,117.73975672040666,-0.13402865467138914
2020-10-06,204332.18501648266,-0.02748539351192436,1,117.73975672040666,-0.1578302178677965
2020-10-07,209919.5050246234,0.027344297266189477,1,118.65237780979702,-0.13480167699657153
2020-10-08,210225.522122797,0.0014577830589763696,1,119.68463870457241,-0.13354040553864233
2020-10-09,214213.66329347962,0.01897077543397918,1,124.75536210196358,-0.11710299514949918
2020-10-12,218310.3700398211,0.01912439516394837,1,128.53690583365304,-0.10021812393967178
2020-10-13,220457.43787710296,0.009834932884270176,1,132.13333211626326,-0.09136882957813564
2020-10-14,221669.3417060421,0.005497223593856404,0,,-0.08637388086997921
2020-10-15,220634.455135796,-0.004668604879146887,1,135.07654789515905,-0.09063924022746572
2020-10-16,216107.54788474232,-0.0205176804695687,1,135.07654789515905,-0.1092972137280428
2020-10-19,219007.84669634682,0.013420627090504622,0,,-0.09734342378501337
2020-10-20,219007.84669634682,0.0,0,,-0.09734342378501337
2020-10-21,219007.84669634682,0.0,0,,-0.09734342378501337
2020-10-22,210698.035584233,-0.0379429834933509,1,133.1655992780413,-0.1315929073565033
2020-10-23,208144.68053520122,-0.012118551755604834,1,133.1655992780413,-0.1421167436536378
2020-10-26,207971.483413947,-0.0008320996760949884,1,133.1655992780413,-0.1428305880333709
2020-10-27,209378.9701369473,0.006767690934813553,0,,-0.1370295303744049
2020-10-28,203814.64669453565,-0.026575369239672075,1,126.07428523472377,-0.15996328924763825
2020-10-29,205483.77519308793,0.00818944332815219,0,,-0.15308385621136433
2020-10-30,205483.77519308793,0.0,0,,-0.15308385621136433
2020-11-02,205483.77519308793,0.0,0,,-0.15308385621136433
2020-11-03,205483.77519308793,0.0,0,,-0.15308385621136433
2020-11-04,200582.87403679578,-0.023850550495711387,1,128.4072595323835,-0.17328327246442832
2020-11-05,203764.50666887165,0.01586193560818261,0,,-0.16016994496605164
2020-11-06,200590.07520432337,-0.01557892253387827,1,130.1494094303676,-0.17325359233504822
2020-11-09,204737.9920224036,0.020678574519976234,0,,-0.15615765513502589
2020-11-10,204737.9920224036,0.0,0,,-0.15615765513502589
2020-11-11,204737.9920224036,0.0,0,,-0.15615765513502589
2020-11-12,204737.9920224036,0.0,0,,-0.15615765513502589
2020-11-13,204737.9920224036,0.0,0,,-0.15615765513502589
2020-11-16,204737.9920224036,0.0,0,,-0.15615765513502589
2020-11-17,204737.9920224036,0.0,0,,-0.15615765513502589
2020-11-18,221890.2010480053,0.08377638588799297,1,142.26512173243933,-0.08546359322298902
2020-11-19,227649.03244693522,0.025953518324515867,1,147.05548422677177,-0.06172815583126501
2020-11-20,223244.42091192314,-0.019348255020757876,1,147.05548422677177,-0.07988207875103848
2020-11-23,237944.68093594036,0.06584827501609514,1,154.36607415335519,-0.019293900825399057
2020-11-24,253233.1450564584,0.06425217853318599,1,164.36178643362862,0.0
2020-11-25,261723.18793260405,0.03352658623835669,1,169.99642944335938,0.0
2020-11-27,267085.3191768874,0.020487795852708768,1,173.2634495326451,0.0
2020-11-30,258805.02268893723,-0.03100243964538618,1,173.2634495326451,-0.03100243964538618
2020-12-01,266629.3623801783,0.030232565079099327,1,173.2634495326451,-0.001707157840476925
2020-12-02,259361.312940523,-0.027258998689319247,1,173.2634495326451,-0.02891962111646007
2020-12-03,270559.77467214,0.04317707064578702,1,173.2634495326451,0.0
2020-12-04,273140.5172755872,0.009538530280691182,1,173.2634495326451,0.0
2020-12-07,292619.2963675186,0.07131413268972531,1,184.6235727582659,0.0
2020-12-08,296321.7198249437,0.01265269756091203,1,188.5879761832101,0.0
2020-12-09,275620.9681688861,-0.06985904262531573,1,188.5879761832101,-0.06985904262531573
2020-12-10,285921.18770565867,0.03737095767859411,1,188.5879761832101,-0.035098784272139416
2020-12-11,278133.33290710003,-0.027237767375868027,1,188.5879761832101,-0.06138053912682706
2020-12-14,291739.2966190154,0.048918853305726984,1,188.5879761832101,-0.015464351410471755
2020-12-15,288739.0403668131,-0.010284031966116602,1,188.5879761832101,-0.02558934749234787
2020-12-16,283960.54217126314,-0.016549539644792555,1,188.5879761832101,-0.041715395216331386
2020-12-17,299066.6235730975,0.053197818564255206,1,188.5879761832101,0.0
2020-12-18,316894.8161013413,0.059612778969587055,1,199.052982875279,0.0
2020-12-21,296312.5986017731,-0.06494968189377415,1,199.052982875279,-0.06494968189377415
2020-12-22,291971.8356289553,-0.0146492690263621,1,199.052982875279,-0.07864748555689771
2020-12-23,294543.4570092318,0.008807772074100217,1,199.052982875279,-0.07053242260978365
2020-12-24,301743.1285836539,0.02444349518922251,1,199.052982875279,-0.04781298635330766
2020-12-28,302618.5781567539,0.002901307404113096,1,199.052982875279,-0.04505039912051423
2020-12-29,303667.31009773124,0.003465523985226371,1,199.052982875279,-0.04174099837398393
2020-12-30,316794.50351882883,0.04322886588244468,1,202.64810180664062,-0.0003165485120475431
2020-12-31,321759.93460846564,0.01567398119122254,1,208.29059219360352,0.0
2021-01-04,332748.6708242515,0.03415197180829099,1,215.815002986363,0.0
2021-01-05,335183.5156016974,0.007317368906131216,1,218.25690623692103,0.0
2021-01-06,344699.4769247117,0.028390302267496503,1,224.27368981497628,0.0
2021-01-07,372084.6658440555,0.07944656360858104,1,242.34369441441126,0.0
2021-01-08,401257.2179299175,0.07840299470467449,1,261.93643024989535,0.0
2021-01-11,369873.2388533788,-0.07821411721500826,1,261.93643024989535,-0.07821411721500826
2021-01-12,387313.8524501467,0.04715294799600667,1,261.93643024989535,-0.034749195420594625
2021-01-13,389580.00677984697,0.005850950889994211,1,261.93643024989535,-0.029101560366473045
2021-01-14,385289.3583535569,-0.011013523157297755,1,261.93643024989535,-0.039794572814761175
2021-01-15,376699.00289489876,-0.02229585445953397,1,261.93643024989535,-0.061203173270537925
2021-01-19,385084.1830131288,0.022259629183487784,1,261.93643024989535,-0.04030590402890499
2021-01-20,387774.3802946232,0.00698599786790699,1,261.93643024989535,-0.03360148312060818
2021-01-21,385284.8081781537,-0.006420156263490018,1,261.93643024989535,-0.039805912611778904
2021-01-22,386037.13167463266,0.0019526425140830028,1,261.93643024989535,-0.03793099681497358
2021-01-25,401612.88301647844,0.040347806114603646,1,261.93643024989535,0.0
2021-01-26,402657.04390968836,0.0025999188207492807,1,261.93643024989535,0.0
2021-01-27,394025.65338294464,-0.02143608477064085,1,261.93643024989535,-0.02143608477064085
2021-01-28,380925.7818866304,-0.033246240146660666,1,261.93643024989535,-0.053969655695212504
2021-01-29,357763.1034356708,-0.060806276582909824,0,,-0.11149423846683482
2021-02-01,357763.1034356708,0.0,0,,-0.11149423846683482
2021-02-02,357763.1034356708,0.0,0,,-0.11149423846683482
2021-02-03,357763.1034356708,0.0,0,,-0.11149423846683482
2021-02-04,357763.1034356708,0.0,0,,-0.11149423846683482
2021-02-05,357763.1034356708,0.0,0,,-0.11149423846683482
2021-02-08,357763.1034356708,0.0,0,,-0.11149423846683482
2021-02-09,357763.1034356708,0.0,0,,-0.11149423846683482
2021-02-10,340789.5248745525,-0.047443625119856114,1,252.15737370082311,-0.15364817273384657
2021-02-11,343500.05277493777,0.007953671408717833,0,,-0.14691656840360368
2021-02-12,343500.05277493777,0.0,0,,-0.14691656840360368
2021-02-16,343500.05277493777,0.0,0,,-0.14691656840360368
2021-02-17,343500.05277493777,0.0,0,,-0.14691656840360368
2021-02-18,343500.05277493777,0.0,0,,-0.14691656840360368
2021-02-19,343500.05277493777,0.0,0,,-0.14691656840360368
2021-02-22,343500.05277493777,0.0,0,,-0.14691656840360368
2021-02-23,343500.05277493777,0.0,0,,-0.14691656840360368
2021-02-24,343500.05277493777,0.0,0,,-0.14691656840360368
2021-02-25,343500.05277493777,0.0,0,,-0.14691656840360368
2021-02-26,343500.05277493777,0.0,0,,-0.14691656840360368
2021-03-01,343500.05277493777,0.0,0,,-0.14691656840360368
2021-03-02,343500.05277493777,0.0,0,,-0.14691656840360368
2021-03-03,343500.05277493777,0.0,0,,-0.14691656840360368
2021-03-04,343500.05277493777,0.0,0,,-0.14691656840360368
2021-03-05,343500.05277493777,0.0,0,,-0.14691656840360368
2021-03-08,343500.05277493777,0.0,0,,-0.14691656840360368
2021-03-09,343500.05277493777,0.0,0,,-0.14691656840360368
2021-03-10,343500.05277493777,0.0,0,,-0.14691656840360368
2021-03-11,343500.05277493777,0.0,0,,-0.14691656840360368
2021-03-12,343500.05277493777,0.0,0,,-0.14691656840360368
2021-03-15,343500.05277493777,0.0,0,,-0.14691656840360368
2021-03-16,343500.05277493777,0.0,0,,-0.14691656840360368
2021-03-17,343500.05277493777,0.0,0,,-0.14691656840360368
2021-03-18,343500.05277493777,0.0,0,,-0.14691656840360368
2021-03-19,343500.05277493777,0.0,0,,-0.14691656840360368
2021-03-22,343500.05277493777,0.0,0,,-0.14691656840360368
2021-03-23,343500.05277493777,0.0,0,,-0.14691656840360368
2021-03-24,343500.05277493777,0.0,0,,-0.14691656840360368
2021-03-25,343500.05277493777,0.0,0,,-0.14691656840360368
2021-03-26,343500.05277493777,0.0,0,,-0.14691656840360368
2021-03-29,343500.05277493777,0.0,0,,-0.14691656840360368
2021-03-30,343500.05277493777,0.0,0,,-0.14691656840360368
2021-03-31,343500.05277493777,0.0,0,,-0.14691656840360368
2021-04-01,329721.95221238426,-0.04011091250568444,1,198.30904606410436,-0.18113452328841573
2021-04-05,344320.91630929755,0.04427659122771921,1,198.30904606410436,-0.14487795130556558
2021-04-06,344604.9039762064,0.0008247761127986308,1,199.687016078404,-0.14417266706627507
2021-04-07,334315.88779529126,-0.029857428208930892,1,199.687016078404,-0.16972547021858453
2021-04-08,337003.4637785579,0.008039031590722168,0,,-0.16305086704469984
2021-04-09,336126.35630652285,-0.0026026660444398164,1,199.48762021745955,-0.16522916613396588
2021-04-12,339925.13085610967,0.011301626541069698,0,,-0.15579489792223478
2021-04-13,363047.0311655498,0.06802056750322372,1,226.50667190551758,-0.09837158778978827
2021-04-14,348716.959629172,-0.03947166704647509,1,226.50667190551758,-0.13396036427619173
2021-04-15,351869.685677815,0.009040931223980753,1,226.50667190551758,-0.1261305594923714
2021-04-16,352312.5850769467,0.0012587029151958085,1,226.50667190551758,-0.1250306174801039
2021-04-19,340335.160442326,-0.03399658468630862,1,226.50667190551758,-0.1547765881908687
2021-04-20,342411.55113292945,0.006101017267521991,1,226.50667190551758,-0.14961986556050744
2021-04-21,354379.4489395614,0.034951793439894185,1,226.50667190551758,-0.1198975547561888
2021-04-22,342744.92471097247,-0.03283069676699324,1,226.50667190551758,-0.14879193125987766
2021-04-23,347369.20777579927,0.013491908213451476,1,226.50667190551758,-0.1373075101258866
2021-04-26,351560.1182694831,0.01206471500602535,1,226.50667190551758,-0.12689937109771698
2021-04-27,335625.13592559996,-0.0453264790736827,1,226.50667190551758,-0.16647394848287556
2021-04-28,330700.8122804301,-0.014672094304228334,1,226.50667190551758,-0.17870352131576583
2021-04-29,323128.9621677946,-0.022896375912783373,0,,-0.19750823422756536
2021-04-30,323128.9621677946,0.0,0,,-0.19750823422756536
2021-05-03,323128.9621677946,0.0,0,,-0.19750823422756536
2021-05-04,323128.9621677946,0.0,0,,-0.19750823422756536
2021-05-05,323128.9621677946,0.0,0,,-0.19750823422756536
2021-05-06,323128.9621677946,0.0,0,,-0.19750823422756536
2021-05-07,323128.9621677946,0.0,0,,-0.19750823422756536
2021-05-10,323128.9621677946,0.0,0,,-0.19750823422756536
2021-05-11,323128.9621677946,0.0,0,,-0.19750823422756536
2021-05-12,323128.9621677946,0.0,0,,-0.19750823422756536
2021-05-13,323128.9621677946,0.0,0,,-0.19750823422756536
2021-05-14,323128.9621677946,0.0,0,,-0.19750823422756536
2021-05-17,323128.9621677946,0.0,0,,-0.19750823422756536
2021-05-18,323128.9621677946,0.0,0,,-0.19750823422756536
2021-05-19,323128.9621677946,0.0,0,,-0.19750823422756536
2021-05-20,323128.9621677946,0.0,0,,-0.19750823422756536
2021-05-21,323128.9621677946,0.0,0,,-0.19750823422756536
2021-05-24,323128.9621677946,0.0,0,,-0.19750823422756536
2021-05-25,323128.9621677946,0.0,0,,-0.19750823422756536
2021-05-26,323128.9621677946,0.0,0,,-0.19750823422756536
2021-05-27,323128.9621677946,0.0,0,,-0.19750823422756536
2021-05-28,323128.9621677946,0.0,0,,-0.19750823422756536
2021-06-01,323128.9621677946,0.0,0,,-0.19750823422756536
2021-06-02,323128.9621677946,0.0,0,,-0.19750823422756536
2021-06-03,323128.9621677946,0.0,0,,-0.19750823422756536
2021-06-04,323128.9621677946,0.0,0,,-0.19750823422756536
2021-06-07,323128.9621677946,0.0,0,,-0.19750823422756536
2021-06-08,323128.9621677946,0.0,0,,-0.19750823422756536
2021-06-09,323128.9621677946,0.0,0,,-0.19750823422756536
2021-06-10,323128.9621677946,0.0,0,,-0.19750823422756536
2021-06-11,322465.2133457951,-0.0020541297739037345,1,184.8853656223842,-0.19915665645695102
2021-06-14,326589.29249786714,0.012789221849023313,1,188.94489397321428,-0.18891449327006538
2021-06-15,316897.7282733731,-0.029675082579620482,1,188.94489397321428,-0.21298352266140952
2021-06-16,319811.0184090387,0.009193155632698291,1,188.94489397321428,-0.20574835769973798
2021-06-17,326012.99022965354,0.019392614586788648,1,188.94489397321428,-0.19034574171568508
2021-06-18,329560.7429103173,0.010882243306208794,1,190.81465584891183,-0.18153488708312715
2021-06-21,328249.48643284856,-0.003978800587379427,1,190.81465584891183,-0.1847913965551503
2021-06-22,329772.23042531667,0.004638983624974058,1,191.0926295689174,-0.1810096571928318
2021-06-23,347146.2032786159,0.05268476618207529,1,202.070374080113,-0.1378613424766585
2021-06-24,359439.10266271385,0.035411302984154513,1,209.02990068708147,-0.10733188926074722
2021-06-25,355235.7096417184,-0.011694312026312215,1,209.02990068708147,-0.11777102868367062
2021-06-28,364144.76037943683,0.025079265670401973,1,212.3072727748326,-0.09564537392990302
2021-06-29,359936.091062004,-0.011557681931349095,1,212.3072727748326,-0.10609761705116538
2021-06-30,359375.6418862972,-0.0015570796861552605,1,212.3072727748326,-0.10748949429306076
2021-07-01,358434.50066167477,-0.0026188230779430333,1,212.3072727748326,-0.10982682140271272
2021-07-02,358952.66685629846,0.0014456370513082906,1,212.3072727748326,-0.10853995407365169
2021-07-06,348737.66014074336,-0.028457809785947363,1,212.3072727748326,-0.1339089544923956
2021-07-07,340843.76399693877,-0.02263562857139889,1,212.3072727748326,-0.15351346970752022
2021-07-08,331737.7373020538,-0.02671613113322724,0,,-0.1761283148533247
2021-07-09,331737.7373020538,0.0,0,,-0.1761283148533247
2021-07-12,331737.7373020538,0.0,0,,-0.1761283148533247
2021-07-13,331737.7373020538,0.0,0,,-0.1761283148533247
2021-07-14,331737.7373020538,0.0,0,,-0.1761283148533247
2021-07-15,331737.7373020538,0.0,0,,-0.1761283148533247
2021-07-16,331737.7373020538,0.0,0,,-0.1761283148533247
2021-07-19,331737.7373020538,0.0,0,,-0.1761283148533247
2021-07-20,331737.7373020538,0.0,0,,-0.1761283148533247
2021-07-21,331737.7373020538,0.0,0,,-0.1761283148533247
2021-07-22,331737.7373020538,0.0,0,,-0.1761283148533247
2021-07-23,331737.7373020538,0.0,0,,-0.1761283148533247
2021-07-26,331737.7373020538,0.0,0,,-0.1761283148533247
2021-07-27,331737.7373020538,0.0,0,,-0.1761283148533247
2021-07-28,331737.7373020538,0.0,0,,-0.1761283148533247
2021-07-29,331737.7373020538,0.0,0,,-0.1761283148533247
2021-07-30,331737.7373020538,0.0,0,,-0.1761283148533247
2021-08-02,335816.745763466,0.012295883171404842,1,216.01738739013672,-0.16599808486453282
2021-08-03,335849.86609713815,9.862621233147628e-05,1,216.28655351911272,-0.1659158304145658
2021-08-04,336408.23289966764,0.001662548831768751,1,217.41142654418945,-0.16452912475282466
2021-08-05,338163.82719863986,0.005218642492307302,1,218.91417530604772,-0.16016910094217462
2021-08-06,330815.0121816656,-0.021731523084098314,1,218.91417530604772,-0.17841990551178877
2021-08-09,337752.12997053436,0.020969779282747014,1,219.17000089372908,-0.16119155226727255
2021-08-10,335968.15919209155,-0.005281893495678092,1,219.17000089372908,-0.16562204915147194
2021-08-11,334941.32054108067,-0.0030563570472872392,1,219.17000089372908,-0.16817220608164896
2021-08-12,341769.6112819645,0.020386528392057235,1,221.7035734994071,-0.1512141251436303
2021-08-13,339365.7552264147,-0.007033557040174054,1,221.7035734994071,-0.15718410900932656
2021-08-16,324696.50167193677,-0.04322549735370629,1,221.7035734994071,-0.1936152450750056
2021-08-17,314259.13527938834,-0.03214499182714947,0,,-0.21953647643160745
2021-08-18,314259.13527938834,0.0,0,,-0.21953647643160745
2021-08-19,314259.13527938834,0.0,0,,-0.21953647643160745
2021-08-20,314259.13527938834,0.0,0,,-0.21953647643160745
2021-08-23,314259.13527938834,0.0,0,,-0.21953647643160745
2021-08-24,314259.13527938834,0.0,0,,-0.21953647643160745
2021-08-25,314259.13527938834,0.0,0,,-0.21953647643160745
2021-08-26,314259.13527938834,0.0,0,,-0.21953647643160745
2021-08-27,314259.13527938834,0.0,0,,-0.21953647643160745
2021-08-30,314259.13527938834,0.0,0,,-0.21953647643160745
2021-08-31,314259.13527938834,0.0,0,,-0.21953647643160745
2021-09-01,314259.13527938834,0.0,0,,-0.21953647643160745
2021-09-02,314259.13527938834,0.0,0,,-0.21953647643160745
2021-09-03,314259.13527938834,0.0,0,,-0.21953647643160745
2021-09-07,314259.13527938834,0.0,0,,-0.21953647643160745
2021-09-08,314259.13527938834,0.0,0,,-0.21953647643160745
2021-09-09,314259.13527938834,0.0,0,,-0.21953647643160745
2021-09-10,314259.13527938834,0.0,0,,-0.21953647643160745
2021-09-13,314259.13527938834,0.0,0,,-0.21953647643160745
2021-09-14,314259.13527938834,0.0,0,,-0.21953647643160745
2021-09-15,314259.13527938834,0.0,0,,-0.21953647643160745
2021-09-16,314259.13527938834,0.0,0,,-0.21953647643160745
2021-09-17,314259.13527938834,0.0,0,,-0.21953647643160745
2021-09-20,314259.13527938834,0.0,0,,-0.21953647643160745
2021-09-21,314259.13527938834,0.0,0,,-0.21953647643160745
2021-09-22,314259.13527938834,0.0,0,,-0.21953647643160745
2021-09-23,314259.13527938834,0.0,0,,-0.21953647643160745
2021-09-24,314259.13527938834,0.0,0,,-0.21953647643160745
2021-09-27,314259.13527938834,0.0,0,,-0.21953647643160745
2021-09-28,314259.13527938834,0.0,0,,-0.21953647643160745
2021-09-29,314259.13527938834,0.0,0,,-0.21953647643160745
2021-09-30,314259.13527938834,0.0,0,,-0.21953647643160745
2021-10-01,314259.13527938834,0.0,0,,-0.21953647643160745
2021-10-04,314259.13527938834,0.0,0,,-0.21953647643160745
2021-10-05,314259.13527938834,0.0,0,,-0.21953647643160745
2021-10-06,314259.13527938834,0.0,0,,-0.21953647643160745
2021-10-07,314259.13527938834,0.0,0,,-0.21953647643160745
2021-10-08,314259.13527938834,0.0,0,,-0.21953647643160745
2021-10-11,314259.13527938834,0.0,0,,-0.21953647643160745
2021-10-12,314259.13527938834,0.0,0,,-0.21953647643160745
2021-10-13,314259.13527938834,0.0,0,,-0.21953647643160745
2021-10-14,314259.13527938834,0.0,0,,-0.21953647643160745
2021-10-15,314259.13527938834,0.0,0,,-0.21953647643160745
2021-10-18,314259.13527938834,0.0,0,,-0.21953647643160745
2021-10-19,314259.13527938834,0.0,0,,-0.21953647643160745
2021-10-20,314259.13527938834,0.0,0,,-0.21953647643160745
2021-10-21,314259.13527938834,0.0,0,,-0.21953647643160745
2021-10-22,314259.13527938834,0.0,0,,-0.21953647643160745
2021-10-25,314259.13527938834,0.0,0,,-0.21953647643160745
2021-10-26,314259.13527938834,0.0,0,,-0.21953647643160745
2021-10-27,314259.13527938834,0.0,0,,-0.21953647643160745
2021-10-28,314259.13527938834,0.0,0,,-0.21953647643160745
2021-10-29,314259.13527938834,0.0,0,,-0.21953647643160745
2021-11-01,314259.13527938834,0.0,0,,-0.21953647643160745
2021-11-02,314259.13527938834,0.0,0,,-0.21953647643160745
2021-11-03,314259.13527938834,0.0,0,,-0.21953647643160745
2021-11-04,314259.13527938834,0.0,0,,-0.21953647643160745
2021-11-05,314259.13527938834,0.0,0,,-0.21953647643160745
2021-11-08,314259.13527938834,0.0,0,,-0.21953647643160745
2021-11-09,314259.13527938834,0.0,0,,-0.21953647643160745
2021-11-10,314259.13527938834,0.0,0,,-0.21953647643160745
2021-11-11,314259.13527938834,0.0,0,,-0.21953647643160745
2021-11-12,314259.13527938834,0.0,0,,-0.21953647643160745
2021-11-15,314259.13527938834,0.0,0,,-0.21953647643160745
2021-11-16,314259.13527938834,0.0,0,,-0.21953647643160745
2021-11-17,314259.13527938834,0.0,0,,-0.21953647643160745
2021-11-18,314259.13527938834,0.0,0,,-0.21953647643160745
2021-11-19,314259.13527938834,0.0,0,,-0.21953647643160745
2021-11-22,314259.13527938834,0.0,0,,-0.21953647643160745
2021-11-23,314259.13527938834,0.0,0,,-0.21953647643160745
2021-11-24,314259.13527938834,0.0,0,,-0.21953647643160745
2021-11-26,314259.13527938834,0.0,0,,-0.21953647643160745
2021-11-29,314259.13527938834,0.0,0,,-0.21953647643160745
2021-11-30,314259.13527938834,0.0,0,,-0.21953647643160745
2021-12-01,314259.13527938834,0.0,0,,-0.21953647643160745
2021-12-02,314259.13527938834,0.0,0,,-0.21953647643160745
2021-12-03,314259.13527938834,0.0,0,,-0.21953647643160745
2021-12-06,314259.13527938834,0.0,0,,-0.21953647643160745
2021-12-07,314259.13527938834,0.0,0,,-0.21953647643160745
2021-12-08,314259.13527938834,0.0,0,,-0.21953647643160745
2021-12-09,296972.4498215277,-0.0550077420740438,1,301.47404915945873,-0.262468012634257
2021-12-10,297989.2377594979,0.0034238460119153658,0,,-0.2599428166806548
2021-12-13,297989.2377594979,0.0,0,,-0.2599428166806548
2021-12-14,297989.2377594979,0.0,0,,-0.2599428166806548
2021-12-15,297989.2377594979,0.0,0,,-0.2599428166806548
2021-12-16,297989.2377594979,0.0,0,,-0.2599428166806548
2021-12-17,297989.2377594979,0.0,0,,-0.2599428166806548
2021-12-20,297989.2377594979,0.0,0,,-0.2599428166806548
2021-12-21,297989.2377594979,0.0,0,,-0.2599428166806548
2021-12-22,297989.2377594979,0.0,0,,-0.2599428166806548
2021-12-23,297989.2377594979,0.0,0,,-0.2599428166806548
2021-12-27,297989.2377594979,0.0,0,,-0.2599428166806548
2021-12-28,291905.7926862653,-0.020414982497261924,1,324.2662887573242,-0.2750510711250922
2021-12-29,294191.2199025807,0.007829331495218916,0,,-0.26937520564382667
2021-12-30,294191.2199025807,0.0,0,,-0.26937520564382667
2021-12-31,294191.2199025807,0.0,0,,-0.26937520564382667
2022-01-03,294191.2199025807,0.0,0,,-0.26937520564382667
2022-01-04,283882.7613759954,-0.03503999381762268,1,348.8196280343192,-0.29497629392106883
2022-01-05,268703.2055832892,-0.05347121367683638,1,348.8196280343192,-0.3326747671560505
2022-01-06,258027.6786057354,-0.039729808784304765,0,,-0.35918747105388227
2022-01-07,258027.6786057354,0.0,0,,-0.35918747105388227
2022-01-10,272615.31472227804,0.056535160085800173,1,296.6114164079939,-0.32295903214492705
2022-01-11,274233.2933371938,0.005935024657598653,1,299.6779556274414,-0.3189407773065026
2022-01-12,285007.85058116424,0.039289748931841784,1,315.20664869035994,-0.29218213143915983
2022-01-13,265772.36484242335,-0.06749107331435777,1,315.20664869035994,-0.33995351909941196
2022-01-14,270422.7855183586,0.017497758575059086,1,315.20664869035994,-0.32840418512829617
2022-01-18,265501.83685550804,-0.01819724123253097,1,315.20664869035994,-0.34062537618227473
2022-01-19,256520.46808666846,-0.03382789691857169,1,315.20664869035994,-0.36293063298750283
2022-01-20,256680.2043781839,0.0006227038828787723,1,315.20664869035994,-0.36253392741900103
2022-01-21,243265.22008358288,-0.052263415977477745,0,,-0.3958500819418308
2022-01-24,243265.22008358288,0.0,0,,-0.3958500819418308
2022-01-25,243265.22008358288,0.0,0,,-0.3958500819418308
2022-01-26,243265.22008358288,0.0,0,,-0.3958500819418308
2022-01-27,243265.22008358288,0.0,0,,-0.3958500819418308
2022-01-28,243265.22008358288,0.0,0,,-0.3958500819418308
2022-01-31,243265.22008358288,0.0,0,,-0.3958500819418308
2022-02-01,243265.22008358288,0.0,0,,-0.3958500819418308
2022-02-02,243265.22008358288,0.0,0,,-0.3958500819418308
2022-02-03,243265.22008358288,0.0,0,,-0.3958500819418308
2022-02-04,243265.22008358288,0.0,0,,-0.3958500819418308
2022-02-07,243265.22008358288,0.0,0,,-0.3958500819418308
2022-02-08,243265.22008358288,0.0,0,,-0.3958500819418308
2022-02-09,243265.22008358288,0.0,0,,-0.3958500819418308
2022-02-10,243265.22008358288,0.0,0,,-0.3958500819418308
2022-02-11,243265.22008358288,0.0,0,,-0.3958500819418308
2022-02-14,243265.22008358288,0.0,0,,-0.3958500819418308
2022-02-15,243265.22008358288,0.0,0,,-0.3958500819418308
2022-02-16,243265.22008358288,0.0,0,,-0.3958500819418308
2022-02-17,243265.22008358288,0.0,0,,-0.3958500819418308
2022-02-18,243265.22008358288,0.0,0,,-0.3958500819418308
2022-02-22,243265.22008358288,0.0,0,,-0.3958500819418308
2022-02-23,243265.22008358288,0.0,0,,-0.3958500819418308
2022-02-24,243265.22008358288,0.0,0,,-0.3958500819418308
2022-02-25,243265.22008358288,0.0,0,,-0.3958500819418308
2022-02-28,243265.22008358288,0.0,0,,-0.3958500819418308
2022-03-01,241417.77406592094,-0.007594369704913784,1,246.79452623639787,-0.40043821977675786
2022-03-02,243219.76028996488,0.007464182084422122,0,,-0.3959629814783112
2022-03-03,243219.76028996488,0.0,0,,-0.3959629814783112
2022-03-04,243219.76028996488,0.0,0,,-0.3959629814783112
2022-03-07,243219.76028996488,0.0,0,,-0.3959629814783112
2022-03-08,243219.76028996488,0.0,0,,-0.3959629814783112
2022-03-09,243219.76028996488,0.0,0,,-0.3959629814783112
2022-03-10,243219.76028996488,0.0,0,,-0.3959629814783112
2022-03-11,243219.76028996488,0.0,0,,-0.3959629814783112
2022-03-14,243219.76028996488,0.0,0,,-0.3959629814783112
2022-03-15,243219.76028996488,0.0,0,,-0.3959629814783112
2022-03-16,243219.76028996488,0.0,0,,-0.3959629814783112
2022-03-17,243219.76028996488,0.0,0,,-0.3959629814783112
2022-03-18,243219.76028996488,0.0,0,,-0.3959629814783112
2022-03-21,244495.7806892016,0.005246368131090362,1,268.26167733328685,-0.39279398091434015
2022-03-22,263823.76818004524,0.07905243778179138,1,290.48202078683033,-0.34479286486984173
2022-03-23,265185.3985429146,0.005161136057840299,1,291.56942967006137,-0.34141125169936726
2022-03-24,269116.27576066094,0.014823128420135223,1,296.19655064174106,-0.33164890610725084
2022-03-25,268245.7012990812,-0.003234937980317376,1,297.3109621320452,-0.3338109804450712
2022-03-28,289797.9231900062,0.08034507836118232,1,323.22166115897045,-0.2802859714655713
2022-03-29,291849.6513626897,0.007079858095940583,1,325.47097451346264,-0.27519049827388986
2022-03-30,290368.5861346759,-0.00507475414515135,1,325.47097451346264,-0.27886872829721954
2022-03-31,286018.33823480085,-0.014981813142339595,1,325.47097451346264,-0.28967258226096826
2022-04-01,287873.62460690906,0.006486599368272561,1,325.47097451346264,-0.28506497288179566
2022-04-04,304027.19619271153,0.05611341298759198,1,342.5714569091797,-0.2449475284458167
2022-04-05,289643.9822193673,-0.047308971544201106,1,342.5714569091797,-0.28066828433695223
2022-04-06,272368.43799771846,-0.05964406403087252,0,,-0.3235721512453964
2022-04-07,272368.43799771846,0.0,0,,-0.3235721512453964
2022-04-08,272368.43799771846,0.0,0,,-0.3235721512453964
2022-04-11,272368.43799771846,0.0,0,,-0.3235721512453964
2022-04-12,272368.43799771846,0.0,0,,-0.3235721512453964
2022-04-13,272368.43799771846,0.0,0,,-0.3235721512453964
2022-04-14,272368.43799771846,0.0,0,,-0.3235721512453964
2022-04-18,272368.43799771846,0.0,0,,-0.3235721512453964
2022-04-19,272368.43799771846,0.0,0,,-0.3235721512453964
2022-04-20,272368.43799771846,0.0,0,,-0.3235721512453964
2022-04-21,272368.43799771846,0.0,0,,-0.3235721512453964
2022-04-22,269318.3486594035,-0.011198394941562606,1,292.5408466884068,-0.331147057445222
2022-04-25,261936.3269858665,-0.027410021301121135,0,,-0.34948033084796604
2022-04-26,261936.3269858665,0.0,0,,-0.34948033084796604
2022-04-27,261936.3269858665,0.0,0,,-0.34948033084796604
2022-04-28,261936.3269858665,0.0,0,,-0.34948033084796604
2022-04-29,261936.3269858665,0.0,0,,-0.34948033084796604
2022-05-02,261936.3269858665,0.0,0,,-0.34948033084796604
2022-05-03,261936.3269858665,0.0,0,,-0.34948033084796604
2022-05-04,261936.3269858665,0.0,0,,-0.34948033084796604
2022-05-05,261936.3269858665,0.0,0,,-0.34948033084796604
2022-05-06,261936.3269858665,0.0,0,,-0.34948033084796604
2022-05-09,261936.3269858665,0.0,0,,-0.34948033084796604
2022-05-10,261936.3269858665,0.0,0,,-0.34948033084796604
2022-05-11,261936.3269858665,0.0,0,,-0.34948033084796604
2022-05-12,261936.3269858665,0.0,0,,-0.34948033084796604
2022-05-13,261936.3269858665,0.0,0,,-0.34948033084796604
2022-05-16,261936.3269858665,0.0,0,,-0.34948033084796604
2022-05-17,261936.3269858665,0.0,0,,-0.34948033084796604
2022-05-18,261936.3269858665,0.0,0,,-0.34948033084796604
2022-05-19,261936.3269858665,0.0,0,,-0.34948033084796604
2022-05-20,261936.3269858665,0.0,0,,-0.34948033084796604
2022-05-23,261936.3269858665,0.0,0,,-0.34948033084796604
2022-05-24,261936.3269858665,0.0,0,,-0.34948033084796604
2022-05-25,261936.3269858665,0.0,0,,-0.34948033084796604
2022-05-26,261936.3269858665,0.0,0,,-0.34948033084796604
2022-05-27,261936.3269858665,0.0,0,,-0.34948033084796604
2022-05-31,261936.3269858665,0.0,0,,-0.34948033084796604
2022-06-01,261936.3269858665,0.0,0,,-0.34948033084796604
2022-06-02,261936.3269858665,0.0,0,,-0.34948033084796604
2022-06-03,261936.3269858665,0.0,0,,-0.34948033084796604
2022-06-06,261936.3269858665,0.0,0,,-0.34948033084796604
2022-06-07,261936.3269858665,0.0,0,,-0.34948033084796604
2022-06-08,261936.3269858665,0.0,0,,-0.34948033084796604
2022-06-09,261936.3269858665,0.0,0,,-0.34948033084796604
2022-06-10,261936.3269858665,0.0,0,,-0.34948033084796604
2022-06-13,261936.3269858665,0.0,0,,-0.34948033084796604
2022-06-14,261936.3269858665,0.0,0,,-0.34948033084796604
2022-06-15,261936.3269858665,0.0,0,,-0.34948033084796604
2022-06-16,261936.3269858665,0.0,0,,-0.34948033084796604
2022-06-17,261936.3269858665,0.0,0,,-0.34948033084796604
2022-06-21,261936.3269858665,0.0,0,,-0.34948033084796604
2022-06-22,263309.9305305285,0.005244036062000967,1,195.33250427246094,-0.3460689822438917
2022-06-23,262176.0361092533,-0.004306310889948484,1,196.36286544799805,-0.34888501250692994
2022-06-24,274039.2116324598,0.04524889345059324,1,209.4852398463658,-0.31942277981377165
2022-06-27,273161.8338500133,-0.0032016505127856476,1,209.4852398463658,-0.3216017502197712
2022-06-28,259491.84382220864,-0.05004355782481151,1,209.4852398463658,-0.3555512122608989
2022-06-29,256693.44058629003,-0.010784166448930654,0,,-0.362501055255689
2022-06-30,256693.44058629003,0.0,0,,-0.362501055255689
2022-07-01,256693.44058629003,0.0,0,,-0.362501055255689
2022-07-05,256693.44058629003,0.0,0,,-0.362501055255689
2022-07-06,256693.44058629003,0.0,0,,-0.362501055255689
2022-07-07,256693.44058629003,0.0,0,,-0.362501055255689
2022-07-08,265225.1535560081,0.03323697306106288,1,219.08476856776647,-0.34131252000276624
2022-07-11,247858.19472517908,-0.06548005948146851,1,219.08476856776647,-0.3844434153726838
2022-07-12,250130.13209190156,0.009166279005790257,0,,-0.3788010519741385
2022-07-13,262536.7705945465,0.049600735420739284,1,205.33047212873186,-0.3479891273094662
2022-07-14,263947.0816910425,0.005371861218914864,1,206.84667260306222,-0.34448661538814906
2022-07-15,265889.00148557784,0.0073572315408600986,1,209.3613063267299,-0.3396638516394267
2022-07-18,266420.62708369014,0.001999426810217697,1,209.58951841081893,-0.33834355784063863
2022-07-19,271939.9881427967,0.020716718219316865,1,215.9055938720703,-0.32463620777042734
2022-07-20,274121.88897472253,0.008023464466653252,1,218.44881057739258,-0.31921745038140914
2022-07-21,300932.3000708283,0.09780470722853507,1,239.94595336914062,-0.25263371242966715
2022-07-22,301526.7094403425,0.0019752262198982073,1,240.13203484671456,-0.2511574949425902
2022-07-25,297306.86259877903,-0.013994935471540293,1,240.13203484671456,-0.26163749747921516
2022-07-26,286703.7905637952,-0.03566373121125321,1,240.13203484671456,-0.28797025930558473
2022-07-27,304380.52337681584,0.061655036992220635,1,243.06643186296736,-0.24407003930350935
2022-07-28,311114.4926864336,0.02212352234272652,1,249.73927416120256,-0.22734620592850419
2022-07-29,329112.39448780427,0.05784976985791013,1,266.0279660906111,-0.18264836176162702
2022-08-01,329252.6988943125,0.00042631152414229767,1,266.0279660906111,-0.1822999153389694
2022-08-02,332918.7303418415,0.011134400598203698,1,268.81939697265625,-0.17319531502716834
2022-08-03,340461.2329465889,0.02265568716125621,1,275.6930890764509,-0.15446348674096289
2022-08-04,341830.91626745905,0.004023022853486102,1,276.59523119245256,-0.15106187402466498
2022-08-05,319166.4986936634,-0.06630300682359092,1,276.59523119245256,-0.20734902438401404
2022-08-08,321662.200082087,0.007819434052879659,1,276.59523119245256,-0.20115094235323405
2022-08-09,313809.5811367681,-0.024412625864384974,1,276.59523119245256,-0.22065294551968095
2022-08-10,326018.5995139404,0.03890581776676605,1,276.59523119245256,-0.19033181104100383
2022-08-11,317460.8419204465,-0.026249292544206493,1,276.59523119245256,-0.2115850281967263
2022-08-12,332302.1818766244,0.046750143628413454,1,276.59523119245256,-0.1747265150261318
2022-08-15,342591.4533551105,0.03096359891583922,1,276.59523119245256,-0.149173077841524
2022-08-16,339538.25235672627,-0.008912075793144347,1,276.59523119245256,-0.156755711858648
2022-08-17,336695.5248681775,-0.00837233351122435,1,276.59523119245256,-0.16381563427040247
2022-08-18,335447.6572738926,-0.0037062197211366055,1,276.59523119245256,-0.16691471725717555
2022-08-19,328577.0677736928,-0.020481852686155433,1,276.59523119245256,-0.18397784729331823
2022-08-22,321097.33204027417,-0.022764022407584017,1,276.59523119245256,-0.20255379386261818
2022-08-23,328340.8047523744,0.0225584954757323,1,276.59523119245256,-0.1845646072293281
2022-08-24,329053.34563254775,0.002170125887066332,1,276.59523119245256,-0.18279500977424634
2022-08-25,327916.2411170698,-0.003455684406709403,1,276.59523119245256,-0.1856190123160546
2022-08-26,319077.8747105595,-0.026953121859416784,1,276.59523119245256,-0.20756912231709224
2022-08-29,312782.2034045173,-0.01973083001055176,0,,-0.22320444125976602
2022-08-30,312782.2034045173,0.0,0,,-0.22320444125976602
2022-08-31,312782.2034045173,0.0,0,,-0.22320444125976602
2022-09-01,312782.2034045173,0.0,0,,-0.22320444125976602
2022-09-02,312782.2034045173,0.0,0,,-0.22320444125976602
2022-09-06,312782.2034045173,0.0,0,,-0.22320444125976602
2022-09-07,312782.2034045173,0.0,0,,-0.22320444125976602
2022-09-08,321151.35912373714,0.02675713524658585,1,261.823110307966,-0.20241961743560621
2022-09-09,323341.32869557996,0.006819119737864865,0,,-0.19698082130632755
2022-09-12,326829.42606471304,0.010787663251105917,1,277.7581133161272,-0.18831812082240051
2022-09-13,313634.7073803557,-0.04037188096320543,1,277.7581133161272,-0.22108724502854948
2022-09-14,313282.15995127225,-0.0011240702026510396,0,,-0.22196279764687776
2022-09-15,313282.15995127225,0.0,0,,-0.22196279764687776
2022-09-16,313282.15995127225,0.0,0,,-0.22196279764687776
2022-09-19,322173.6779092475,0.028381820271407232,1,281.40928867885043,-0.19988068560522287
2022-09-20,321819.26671418454,-0.0011000625419275156,1,282.5121525355748,-0.2007608668920613
2022-09-21,313553.033570992,-0.025685948599634245,1,282.5121525355748,-0.22129008218388801
2022-09-22,300825.3739433904,-0.040591728559117635,1,282.5121525355748,-0.2528992637941725
2022-09-23,294649.5516338261,-0.020529592396439478,0,,-0.26823693738755794
2022-09-26,294649.5516338261,0.0,0,,-0.26823693738755794
2022-09-27,294649.5516338261,0.0,0,,-0.26823693738755794
2022-09-28,294649.5516338261,0.0,0,,-0.26823693738755794
2022-09-29,279069.12794120004,-0.0528778123239384,1,253.5814448765346,-0.3069309672779691
2022-09-30,276510.3377613045,-0.009169019155836788,0,,-0.3132857305153146
2022-10-03,276510.3377613045,0.0,0,,-0.3132857305153146
2022-10-04,276510.3377613045,0.0,0,,-0.3132857305153146
2022-10-05,276510.3377613045,0.0,0,,-0.3132857305153146
2022-10-06,276510.3377613045,0.0,0,,-0.3132857305153146
2022-10-07,276510.3377613045,0.0,0,,-0.3132857305153146
2022-10-10,276510.3377613045,0.0,0,,-0.3132857305153146
2022-10-11,276510.3377613045,0.0,0,,-0.3132857305153146
2022-10-12,276510.3377613045,0.0,0,,-0.3132857305153146
2022-10-13,276510.3377613045,0.0,0,,-0.3132857305153146
2022-10-14,276510.3377613045,0.0,0,,-0.3132857305153146
2022-10-17,276510.3377613045,0.0,0,,-0.3132857305153146
2022-10-18,276510.3377613045,0.0,0,,-0.3132857305153146
2022-10-19,276510.3377613045,0.0,0,,-0.3132857305153146
2022-10-20,276510.3377613045,0.0,0,,-0.3132857305153146
2022-10-21,276510.3377613045,0.0,0,,-0.3132857305153146
2022-10-24,276510.3377613045,0.0,0,,-0.3132857305153146
2022-10-25,276510.3377613045,0.0,0,,-0.3132857305153146
2022-10-26,276510.3377613045,0.0,0,,-0.3132857305153146
2022-10-27,276510.3377613045,0.0,0,,-0.3132857305153146
2022-10-28,276510.3377613045,0.0,0,,-0.3132857305153146
2022-10-31,276510.3377613045,0.0,0,,-0.3132857305153146
2022-11-01,276510.3377613045,0.0,0,,-0.3132857305153146
2022-11-02,276510.3377613045,0.0,0,,-0.3132857305153146
2022-11-03,276510.3377613045,0.0,0,,-0.3132857305153146
2022-11-04,276510.3377613045,0.0,0,,-0.3132857305153146
2022-11-07,276510.3377613045,0.0,0,,-0.3132857305153146
2022-11-08,276510.3377613045,0.0,0,,-0.3132857305153146
2022-11-09,276510.3377613045,0.0,0,,-0.3132857305153146
2022-11-10,276510.3377613045,0.0,0,,-0.3132857305153146
2022-11-11,276510.3377613045,0.0,0,,-0.3132857305153146
2022-11-14,276510.3377613045,0.0,0,,-0.3132857305153146
2022-11-15,276510.3377613045,0.0,0,,-0.3132857305153146
2022-11-16,276510.3377613045,0.0,0,,-0.3132857305153146
2022-11-17,276510.3377613045,0.0,0,,-0.3132857305153146
2022-11-18,276510.3377613045,0.0,0,,-0.3132857305153146
2022-11-21,276510.3377613045,0.0,0,,-0.3132857305153146
2022-11-22,276510.3377613045,0.0,0,,-0.3132857305153146
2022-11-23,276510.3377613045,0.0,0,,-0.3132857305153146
2022-11-25,276510.3377613045,0.0,0,,-0.3132857305153146
2022-11-28,276510.3377613045,0.0,0,,-0.3132857305153146
2022-11-29,276510.3377613045,0.0,0,,-0.3132857305153146
2022-11-30,276510.3377613045,0.0,0,,-0.3132857305153146
2022-12-01,276510.3377613045,0.0,0,,-0.3132857305153146
2022-12-02,276510.3377613045,0.0,0,,-0.3132857305153146
2022-12-05,276510.3377613045,0.0,0,,-0.3132857305153146
2022-12-06,276510.3377613045,0.0,0,,-0.3132857305153146
2022-12-07,276510.3377613045,0.0,0,,-0.3132857305153146
2022-12-08,276510.3377613045,0.0,0,,-0.3132857305153146
2022-12-09,276510.3377613045,0.0,0,,-0.3132857305153146
2022-12-12,276510.3377613045,0.0,0,,-0.3132857305153146
2022-12-13,276510.3377613045,0.0,0,,-0.3132857305153146
2022-12-14,276510.3377613045,0.0,0,,-0.3132857305153146
2022-12-15,276510.3377613045,0.0,0,,-0.3132857305153146
2022-12-16,276510.3377613045,0.0,0,,-0.3132857305153146
2022-12-19,276510.3377613045,0.0,0,,-0.3132857305153146
2022-12-20,276510.3377613045,0.0,0,,-0.3132857305153146
2022-12-21,276510.3377613045,0.0,0,,-0.3132857305153146
2022-12-22,276510.3377613045,0.0,0,,-0.3132857305153146
2022-12-23,276510.3377613045,0.0,0,,-0.3132857305153146
2022-12-27,276510.3377613045,0.0,0,,-0.3132857305153146
2022-12-28,276510.3377613045,0.0,0,,-0.3132857305153146
2022-12-29,276510.3377613045,0.0,0,,-0.3132857305153146
2022-12-30,276510.3377613045,0.0,0,,-0.3132857305153146
2023-01-03,276510.3377613045,0.0,0,,-0.3132857305153146
2023-01-04,276510.3377613045,0.0,0,,-0.3132857305153146
2023-01-05,276510.3377613045,0.0,0,,-0.3132857305153146
2023-01-06,276510.3377613045,0.0,0,,-0.3132857305153146
2023-01-09,276510.3377613045,0.0,0,,-0.3132857305153146
2023-01-10,276510.3377613045,0.0,0,,-0.3132857305153146
2023-01-11,276510.3377613045,0.0,0,,-0.3132857305153146
2023-01-12,276510.3377613045,0.0,0,,-0.3132857305153146
2023-01-13,276510.3377613045,0.0,0,,-0.3132857305153146
2023-01-17,276510.3377613045,0.0,0,,-0.3132857305153146
2023-01-18,276510.3377613045,0.0,0,,-0.3132857305153146
2023-01-19,276510.3377613045,0.0,0,,-0.3132857305153146
2023-01-20,276510.3377613045,0.0,0,,-0.3132857305153146
2023-01-23,276510.3377613045,0.0,0,,-0.3132857305153146
2023-01-24,277814.55321706657,0.004716696910217921,1,123.35964475359236,-0.3100467074422337
2023-01-25,278857.1412646276,0.003752820129427903,1,123.67285292489188,-0.3074574368375579
2023-01-26,309440.1266239374,0.10967259156647313,1,137.63607706342424,-0.2315044991654449
2023-01-27,343479.0988346215,0.11000180416824756,1,153.8678547995431,-0.14696860757846286
2023-01-30,321777.5707341792,-0.06318150994943417,1,153.8678547995431,-0.2008644189859239
2023-01-31,334443.23755311227,0.039361558949042585,1,153.8678547995431,-0.16940919670556098
2023-02-01,350256.0242565477,0.047280928205116535,1,155.00821958269393,-0.13013809256716657
2023-02-02,363500.91975114535,0.037814897039133655,1,160.40214892796106,-0.09724435409932952
2023-02-03,366802.4731190837,0.009082654784473787,1,160.79964065551758,-0.08904493621287912
2023-02-06,376031.42044607917,0.02516053735548085,1,165.76713861737932,-0.06612481730129882
2023-02-07,379989.44869219436,0.010525791279409225,1,168.1242833818708,-0.056295042047192156
2023-02-08,388639.1673435252,0.022763049555982517,1,172.06678009033203,-0.034813439323086115
2023-02-09,400281.5723959225,0.029956849516678652,1,176.95929227556502,-0.005899490769367133
2023-02-10,380143.91163642454,-0.05030873801899527,1,176.95929227556502,-0.05591143285280087
2023-02-13,375799.74076013104,-0.011427700782035255,1,176.95929227556502,-0.06670019450989939
2023-02-14,404007.8914952952,0.0750616556523096,1,176.95929227556502,0.0
2023-02-15,413642.3077334943,0.02384709913101113,1,182.10250255039762,0.0
2023-02-16,390087.2243022897,-0.05694553722096751,1,182.10250255039762,-0.05694553722096751
2023-02-17,402192.9887265833,0.031033480898909227,1,182.10250255039762,-0.027679274563683354
2023-02-21,381070.6598410114,-0.05251789433835996,1,182.10250255039762,-0.07874351168514537
2023-02-22,387808.9621616815,0.017682553475729224,1,182.10250255039762,-0.062453344565655544
2023-02-23,390145.173684571,0.006024129792842503,1,182.10250255039762,-0.056805441826473624
2023-02-24,380124.6148161936,-0.025684180003413104,1,182.10250255039762,-0.0810306206368423
2023-02-27,400880.0978918181,0.0546017865369246,1,182.10250255039762,-0.030853250750884964
2023-02-28,397173.0756126763,-0.009247209573726933,1,182.10250255039762,-0.039815153848887785
2023-03-01,391496.68762059236,-0.014291975817664726,1,182.10250255039762,-0.05353809245056762
2023-03-02,368578.7527865395,-0.05853928157947308,1,182.10250255039762,-0.108943292560849
2023-03-03,381881.5682026242,0.036092192823141245,1,182.10250255039762,-0.07678310205960182
2023-03-06,374197.22085713636,-0.020122331071528943,1,182.10250255039762,-0.09536037813078846
2023-03-07,362419.7086023283,-0.03147407730028151,1,182.10250255039762,-0.1238330755183975
2023-03-08,356728.7030037723,-0.01570280385827627,0,,-0.13759135288064128
2023-03-09,356728.7030037723,0.0,0,,-0.13759135288064128
2023-03-10,356728.7030037723,0.0,0,,-0.13759135288064128
2023-03-13,356728.7030037723,0.0,0,,-0.13759135288064128
2023-03-14,356728.7030037723,0.0,0,,-0.13759135288064128
2023-03-15,356728.7030037723,0.0,0,,-0.13759135288064128
2023-03-16,356728.7030037723,0.0,0,,-0.13759135288064128
2023-03-17,356728.7030037723,0.0,0,,-0.13759135288064128
2023-03-20,356728.7030037723,0.0,0,,-0.13759135288064128
2023-03-21,356728.7030037723,0.0,0,,-0.13759135288064128
2023-03-22,341628.4923229335,-0.0423296767366631,1,174.00357382638114,-0.17409683212810667
2023-03-23,348450.53672417684,0.019969190376529333,0,,-0.15760421453629425
2023-03-24,348450.53672417684,0.0,0,,-0.15760421453629425
2023-03-27,348450.53672417684,0.0,0,,-0.15760421453629425
2023-03-28,348450.53672417684,0.0,0,,-0.15760421453629425
2023-03-29,348450.53672417684,0.0,0,,-0.15760421453629425
2023-03-30,348450.53672417684,0.0,0,,-0.15760421453629425
2023-03-31,365419.32474136446,0.04869783865656552,1,186.16357639857702,-0.11658136049081191
2023-04-03,343067.19916035736,-0.061168427796826075,1,186.16357639857702,-0.17061868975600003
2023-04-04,339209.7365775842,-0.011244043709845108,1,186.16357639857702,-0.1799442894605121
2023-04-05,327416.00563101005,-0.03476825596330324,0,,-0.2084561963087176
2023-04-06,327416.00563101005,0.0,0,,-0.2084561963087176
2023-04-10,327416.00563101005,0.0,0,,-0.2084561963087176
2023-04-11,327416.00563101005,0.0,0,,-0.2084561963087176
2023-04-12,327416.00563101005,0.0,0,,-0.2084561963087176
2023-04-13,327416.00563101005,0.0,0,,-0.2084561963087176
2023-04-14,328791.73789809825,0.0042017868504529154,1,165.22320883614677,-0.20513029796281013
2023-04-17,332417.32134592556,0.011026990735852893,1,167.34355872017997,-0.19636527712223584
2023-04-18,327565.42923937447,-0.014595786064655836,1,167.34355872017997,-0.20809495761148866
2023-04-19,320954.04725916893,-0.020183393575926356,1,167.34355872017997,-0.2240782887567766
2023-04-20,294883.0783825113,-0.08122959999817503,0,,-0.28710609899096307
2023-04-21,294883.0783825113,0.0,0,,-0.28710609899096307
2023-04-24,294883.0783825113,0.0,0,,-0.28710609899096307
2023-04-25,294883.0783825113,0.0,0,,-0.28710609899096307
2023-04-26,294883.0783825113,0.0,0,,-0.28710609899096307
2023-04-27,294883.0783825113,0.0,0,,-0.28710609899096307
2023-04-28,294883.0783825113,0.0,0,,-0.28710609899096307
2023-05-01,294883.0783825113,0.0,0,,-0.28710609899096307
2023-05-02,294883.0783825113,0.0,0,,-0.28710609899096307
2023-05-03,294883.0783825113,0.0,0,,-0.28710609899096307
2023-05-04,294883.0783825113,0.0,0,,-0.28710609899096307
2023-05-05,294883.0783825113,0.0,0,,-0.28710609899096307
2023-05-08,294883.0783825113,0.0,0,,-0.28710609899096307
2023-05-09,294883.0783825113,0.0,0,,-0.28710609899096307
2023-05-10,294883.0783825113,0.0,0,,-0.28710609899096307
2023-05-11,294883.0783825113,0.0,0,,-0.28710609899096307
2023-05-12,294883.0783825113,0.0,0,,-0.28710609899096307
2023-05-15,294883.0783825113,0.0,0,,-0.28710609899096307
2023-05-16,294883.0783825113,0.0,0,,-0.28710609899096307
2023-05-17,294883.0783825113,0.0,0,,-0.28710609899096307
2023-05-18,294883.0783825113,0.0,0,,-0.28710609899096307
2023-05-19,299377.3048100802,0.015240706425816652,1,164.48463984898157,-0.27624109233292915
2023-05-22,313885.81264159706,0.04846228354123494,1,172.74142238071985,-0.24116608293407304
2023-05-23,308733.8924285703,-0.0164133579968756,1,172.74142238071985,-0.25362109567504754
2023-05-24,303964.18012676045,-0.015449266889003499,1,172.74142238071985,-0.2651521025682857
2023-05-25,306573.3983062277,0.008583965973816943,1,172.74142238071985,-0.258844193220801
2023-05-26,321032.0507268202,0.047162123329924865,1,174.7217788696289,-0.22388971165479044
2023-05-30,334310.7579437952,0.041362559242642094,1,181.62606975010462,-0.19178780387428762
2023-05-31,338914.24327784847,0.013770078361723614,1,184.2032012939453,-0.18065865860073582
2023-06-01,344880.5361594541,0.017604137329555458,1,187.1414282662528,-0.16623486110696095
2023-06-02,355599.8806078862,0.031081326211682914,1,193.6664276123047,-0.1403203348410973
2023-06-05,361649.2489351623,0.017011727666879306,1,196.92964117867606,-0.12569569849666007
2023-06-06,367798.3280842873,0.01700288101587466,1,199.87785121372767,-0.11083000648653152
2023-06-07,373216.1860869194,0.014730512862447087,1,202.86285945347376,-0.09773207646017945
2023-06-08,390317.2767217253,0.045820870777622646,1,211.79392405918665,-0.056389374528867386
2023-06-09,406171.9313658111,0.0406199151040636,1,219.2053462437221,-0.018059991030937583
2023-06-12,415196.1411252035,0.02221770896144215,1,225.10678264072962,0.0
2023-06-13,429953.9260113424,0.035544128242966044,1,233.60284750802177,0.0
2023-06-14,426763.07827696064,-0.007421371317580583,1,233.60284750802177,-0.007421371317580583
2023-06-15,425283.9498901864,-0.0034659239799894603,1,233.60284750802177,-0.01086157338875593
2023-06-16,432995.2582305613,0.01813214052015355,1,234.9775014604841,0.0
2023-06-20,456112.4971578972,0.053389127220017984,1,248.36964906964982,0.0
2023-06-21,431200.3620020625,-0.054618400747766915,1,248.36964906964982,-0.054618400747766915
2023-06-22,412150.00573138095,-0.04417982439121981,0,,-0.0963851937854211
2023-06-23,412150.00573138095,0.0,0,,-0.0963851937854211
2023-06-26,412150.00573138095,0.0,0,,-0.0963851937854211
2023-06-27,412150.00573138095,0.0,0,,-0.0963851937854211
2023-06-28,412150.00573138095,0.0,0,,-0.0963851937854211
2023-06-29,412150.00573138095,0.0,0,,-0.0963851937854211
2023-06-30,412150.00573138095,0.0,0,,-0.0963851937854211
2023-07-03,412150.00573138095,0.0,0,,-0.0963851937854211
2023-07-05,412150.00573138095,0.0,0,,-0.0963851937854211
2023-07-06,412150.00573138095,0.0,0,,-0.0963851937854211
2023-07-07,412150.00573138095,0.0,0,,-0.0963851937854211
2023-07-10,412150.00573138095,0.0,0,,-0.0963851937854211
2023-07-11,412150.00573138095,0.0,0,,-0.0963851937854211
2023-07-12,412150.00573138095,0.0,0,,-0.0963851937854211
2023-07-13,412150.00573138095,0.0,0,,-0.0963851937854211
2023-07-14,412150.00573138095,0.0,0,,-0.0963851937854211
2023-07-17,412150.00573138095,0.0,0,,-0.0963851937854211
2023-07-18,412150.00573138095,0.0,0,,-0.0963851937854211
2023-07-19,412150.00573138095,0.0,0,,-0.0963851937854211
2023-07-20,412150.00573138095,0.0,0,,-0.0963851937854211
2023-07-21,412150.00573138095,0.0,0,,-0.0963851937854211
2023-07-24,412150.00573138095,0.0,0,,-0.0963851937854211
2023-07-25,400805.4701753611,-0.027525258760796145,1,245.19428961617606,-0.12125742514656401
2023-07-26,399400.36555612343,-0.0035057022016762307,1,245.19428961617606,-0.12433803492593443
2023-07-27,386346.3884993611,-0.032683938680391544,1,245.19428961617606,-0.15295811689716632
2023-07-28,392027.5713650929,0.01470489445442591,0,,-0.14050245540766093
2023-07-31,391367.21205291274,-0.001684471604588067,1,239.53001022338867,-0.14195025461573996
2023-08-01,382059.7678472958,-0.023781870118334214,1,239.53001022338867,-0.16235628221553822
2023-08-02,373449.8425912354,-0.02253554543199543,0,,-0.18123304027349552
2023-08-03,373449.8425912354,0.0,0,,-0.18123304027349552
2023-08-04,373449.8425912354,0.0,0,,-0.18123304027349552
2023-08-07,373449.8425912354,0.0,0,,-0.18123304027349552
2023-08-08,373449.8425912354,0.0,0,,-0.18123304027349552
2023-08-09,373449.8425912354,0.0,0,,-0.18123304027349552
2023-08-10,373449.8425912354,0.0,0,,-0.18123304027349552
2023-08-11,373449.8425912354,0.0,0,,-0.18123304027349552
2023-08-14,373449.8425912354,0.0,0,,-0.18123304027349552
2023-08-15,373449.8425912354,0.0,0,,-0.18123304027349552
2023-08-16,373449.8425912354,0.0,0,,-0.18123304027349552
2023-08-17,373449.8425912354,0.0,0,,-0.18123304027349552
2023-08-18,373449.8425912354,0.0,0,,-0.18123304027349552
2023-08-21,373449.8425912354,0.0,0,,-0.18123304027349552
2023-08-22,373449.8425912354,0.0,0,,-0.18123304027349552
2023-08-23,373449.8425912354,0.0,0,,-0.18123304027349552
2023-08-24,373449.8425912354,0.0,0,,-0.18123304027349552
2023-08-25,373449.8425912354,0.0,0,,-0.18123304027349552
2023-08-28,373449.8425912354,0.0,0,,-0.18123304027349552
2023-08-29,373449.8425912354,0.0,0,,-0.18123304027349552
2023-08-30,373449.8425912354,0.0,0,,-0.18123304027349552
2023-08-31,375949.5999769393,0.0066936897559226605,1,232.6799828665597,-0.1757524682626862
2023-09-01,374192.9928292473,-0.0046724538283848815,0,,-0.17960372679788905
2023-09-05,374192.9928292473,0.0,0,,-0.17960372679788905
2023-09-06,368917.1044479101,-0.01409937781423054,1,227.343567439488,-0.19117080381115226
2023-09-07,368287.41385551554,-0.0017068620153486425,1,227.343567439488,-0.19255136364303205
2023-09-08,363908.78501763474,-0.01188916230408732,1,227.343567439488,-0.20215125153289404
2023-09-11,400636.46083965397,0.10092549928477124,1,242.71748624529158,-0.12162796824012156
2023-09-12,391703.5244045805,-0.022296863386701893,1,242.71748624529158,-0.14121290943497133
2023-09-13,397297.58121947036,0.014281354305895722,1,242.71748624529158,-0.1289482667212828
2023-09-14,404238.970325312,0.017471511114000915,1,246.2703699384417,-0.11372967668243394
2023-09-15,401822.68350778223,-0.005977372284481253,1,246.2703699384417,-0.11902724434959067
2023-09-18,388481.77885413903,-0.033200974462619715,1,246.2703699384417,-0.14827639831220352
2023-09-19,390268.37507927424,0.004598918977371191,1,246.2703699384417,-0.1443593904769267
2023-09-20,384542.4809863458,-0.014671683535119495,1,246.2703699384417,-0.156913078719646
2023-09-21,374452.61657323025,-0.026238620989897377,1,246.2703699384417,-0.17903451690866068
2023-09-22,360102.7009395434,-0.03832238045232206,0,,-0.2104958684899113
2023-09-25,360102.7009395434,0.0,0,,-0.2104958684899113
2023-09-26,360102.7009395434,0.0,0,,-0.2104958684899113
2023-09-27,360102.7009395434,0.0,0,,-0.2104958684899113
2023-09-28,360102.7009395434,0.0,0,,-0.2104958684899113
2023-09-29,360102.7009395434,0.0,0,,-0.2104958684899113
2023-10-02,360102.7009395434,0.0,0,,-0.2104958684899113
2023-10-03,356555.06003332307,-0.00985174756247098,1,225.64214161464147,-0.21827386389307657
2023-10-04,358345.2701817607,0.005020851893871248,0,,-0.21434893274211564
2023-10-05,357877.34988453845,-0.0013057805869320926,1,235.64284079415458,-0.2153748206538434
2023-10-06,358537.9346481083,0.001845841218459432,1,236.05678122384208,-0.2139265271567652
2023-10-09,357354.4341943351,-0.003300907210654902,1,236.05678122384208,-0.21652128275137794
2023-10-10,354180.06893223553,-0.008882960328325695,0,,-0.22348089311478492
2023-10-11,354180.06893223553,0.0,0,,-0.22348089311478492
2023-10-12,354180.06893223553,0.0,0,,-0.22348089311478492
2023-10-13,354180.06893223553,0.0,0,,-0.22348089311478492
2023-10-16,354180.06893223553,0.0,0,,-0.22348089311478492
2023-10-17,354180.06893223553,0.0,0,,-0.22348089311478492
2023-10-18,354180.06893223553,0.0,0,,-0.22348089311478492
2023-10-19,354180.06893223553,0.0,0,,-0.22348089311478492
2023-10-20,354180.06893223553,0.0,0,,-0.22348089311478492
2023-10-23,354180.06893223553,0.0,0,,-0.22348089311478492
2023-10-24,354180.06893223553,0.0,0,,-0.22348089311478492
2023-10-25,354180.06893223553,0.0,0,,-0.22348089311478492
2023-10-26,354180.06893223553,0.0,0,,-0.22348089311478492
2023-10-27,354180.06893223553,0.0,0,,-0.22348089311478492
2023-10-30,354180.06893223553,0.0,0,,-0.22348089311478492
2023-10-31,354180.06893223553,0.0,0,,-0.22348089311478492
2023-11-01,354180.06893223553,0.0,0,,-0.22348089311478492
2023-11-02,354180.06893223553,0.0,0,,-0.22348089311478492
2023-11-03,354180.06893223553,0.0,0,,-0.22348089311478492
2023-11-06,354180.06893223553,0.0,0,,-0.22348089311478492
2023-11-07,354180.06893223553,0.0,0,,-0.22348089311478492
2023-11-08,354180.06893223553,0.0,0,,-0.22348089311478492
2023-11-09,354180.06893223553,0.0,0,,-0.22348089311478492
2023-11-10,354180.06893223553,0.0,0,,-0.22348089311478492
2023-11-13,354180.06893223553,0.0,0,,-0.22348089311478492
2023-11-14,354180.06893223553,0.0,0,,-0.22348089311478492
2023-11-15,354180.06893223553,0.0,0,,-0.22348089311478492
2023-11-16,344937.18150569056,-0.026096576959877993,1,212.6935773577009,-0.2437453837484307
2023-11-17,345985.632717519,0.0030395424675642158,1,212.6935773577009,-0.2414467157260426
2023-11-20,347905.318473126,0.005548455120893081,1,212.6935773577009,-0.23723791687144247
2023-11-21,356174.7011038937,0.023769060694616817,1,214.51785714285714,-0.21910777862200737
2023-11-22,345852.73711571883,-0.028980059381488732,1,214.51785714285714,-0.2417380815680843
2023-11-24,347683.80327114265,0.005294352072197528,1,214.51785714285714,-0.23772357600896576
2023-11-27,348614.1175483766,0.0026757481035388775,1,214.51785714285714,-0.23568391631309937
2023-11-28,364325.9693323833,0.045069465042035795,1,220.39143208095007,-0.20123659929830695
2023-11-29,360516.137687897,-0.010457205813430459,1,220.39143208095007,-0.2095894325756802
2023-11-30,354520.82908420346,-0.016629792613843453,1,220.39143208095007,-0.22273379639173685
2023-12-01,352674.98172925756,-0.005206597761023168,1,220.39143208095007,-0.22678070886716273
2023-12-04,347875.77860639826,-0.01360800559009756,1,220.39143208095007,-0.2373026813032696
2023-12-05,352512.54626072966,0.013328802806870987,1,220.39143208095007,-0.22713683914103167
2023-12-06,353472.37787237496,0.002722829646282676,1,220.39143208095007,-0.22503246441412517
2023-12-07,358301.120861962,0.01366087788429815,1,220.39143208095007,-0.21444572754619096
2023-12-08,360073.12981624674,0.0049455858525417895,1,222.19891902378626,-0.21056070144993977
2023-12-11,354018.7640114141,-0.016814267168234198,1,222.19891902378626,-0.22383454472886388
2023-12-12,349987.4171649445,-0.011387381846063915,1,222.19891902378626,-0.2326730371437603
2023-12-13,353354.2409377805,0.009619842336358042,1,222.19891902378626,-0.22529147274064676
2023-12-14,370719.9872737938,0.04914543063053567,1,228.77320643833704,-0.18721808855533772
2023-12-15,374337.84358302446,0.009758999874368124,1,231.29463086809432,-0.17928614998366066
2023-12-18,372240.9636916839,-0.005601570686174839,1,231.29463086809432,-0.18388343662764983
2023-12-19,379831.0871139287,0.0203903496997484,1,236.682494027274,-0.1672425345047307
2023-12-20,364946.17133976717,-0.03918825045959662,1,236.682494027274,-0.19987684263465832
2023-12-21,375814.52146698115,0.029780693649462897,1,236.682494027274,-0.1760486200033201
2023-12-22,372920.2229002068,-0.007701401626197257,1,236.682494027274,-0.18239420050113397
2023-12-26,378930.2901711061,0.01611622781987765,1,236.682494027274,-0.16921747916955698
2023-12-27,386062.6695868113,0.018822405072142834,1,241.61320877075195,-0.15358015403563052
2023-12-28,373865.29584464646,-0.03159428430420175,1,241.61320877075195,-0.18032218328974747
2023-12-29,366924.9142965132,-0.018563856087400077,1,241.61320877075195,-0.19553856431719085
2024-01-02,366836.3172286464,-0.00024145830499577858,1,241.61320877075195,-0.19573280821188532
2024-01-03,356249.70454078796,-0.028859227373771446,0,,-0.21894333796896315
2024-01-04,356249.70454078796,0.0,0,,-0.21894333796896315
2024-01-05,356249.70454078796,0.0,0,,-0.21894333796896315
2024-01-08,356249.70454078796,0.0,0,,-0.21894333796896315
2024-01-09,356249.70454078796,0.0,0,,-0.21894333796896315
2024-01-10,356249.70454078796,0.0,0,,-0.21894333796896315
2024-01-11,356249.70454078796,0.0,0,,-0.21894333796896315
2024-01-12,356249.70454078796,0.0,0,,-0.21894333796896315
2024-01-16,356249.70454078796,0.0,0,,-0.21894333796896315
2024-01-17,356249.70454078796,0.0,0,,-0.21894333796896315
2024-01-18,356249.70454078796,0.0,0,,-0.21894333796896315
2024-01-19,356249.70454078796,0.0,0,,-0.21894333796896315
2024-01-22,356249.70454078796,0.0,0,,-0.21894333796896315
2024-01-23,356249.70454078796,0.0,0,,-0.21894333796896315
2024-01-24,356249.70454078796,0.0,0,,-0.21894333796896315
2024-01-25,356249.70454078796,0.0,0,,-0.21894333796896315
2024-01-26,356249.70454078796,0.0,0,,-0.21894333796896315
2024-01-29,356249.70454078796,0.0,0,,-0.21894333796896315
2024-01-30,356249.70454078796,0.0,0,,-0.21894333796896315
2024-01-31,356249.70454078796,0.0,0,,-0.21894333796896315
2024-02-01,356249.70454078796,0.0,0,,-0.21894333796896315
2024-02-02,356249.70454078796,0.0,0,,-0.21894333796896315
2024-02-05,356249.70454078796,0.0,0,,-0.21894333796896315
2024-02-06,356249.70454078796,0.0,0,,-0.21894333796896315
2024-02-07,356249.70454078796,0.0,0,,-0.21894333796896315
2024-02-08,356249.70454078796,0.0,0,,-0.21894333796896315
2024-02-09,356249.70454078796,0.0,0,,-0.21894333796896315
2024-02-12,356249.70454078796,0.0,0,,-0.21894333796896315
2024-02-13,356249.70454078796,0.0,0,,-0.21894333796896315
2024-02-14,356249.70454078796,0.0,0,,-0.21894333796896315
2024-02-15,356249.70454078796,0.0,0,,-0.21894333796896315
2024-02-16,356249.70454078796,0.0,0,,-0.21894333796896315
2024-02-20,356249.70454078796,0.0,0,,-0.21894333796896315
2024-02-21,356249.70454078796,0.0,0,,-0.21894333796896315
2024-02-22,356249.70454078796,0.0,0,,-0.21894333796896315
2024-02-23,356249.70454078796,0.0,0,,-0.21894333796896315
2024-02-26,368868.87875742133,0.03542227279289878,1,180.60177884783064,-0.19127653581978887
2024-02-27,369479.3472084496,0.0016549741281637331,1,181.2960651942662,-0.1899381194097317
2024-02-28,373752.5981385033,0.01156560160219966,1,183.6507056100028,-0.18056926642569604
2024-02-29,373456.6365299108,-0.0007918650199800759,1,183.6507056100028,-0.18121814495991018
2024-03-01,374862.5459089447,0.003764585340074067,1,183.8632093157087,-0.1781357707917075
2024-03-04,348039.08098567463,-0.07155546804023882,1,183.8632093157087,-0.23694465037823698
2024-03-05,338115.1919351176,-0.028513720420280997,0,,-0.2587021972825517
2024-03-06,338115.1919351176,0.0,0,,-0.2587021972825517
2024-03-07,338115.1919351176,0.0,0,,-0.2587021972825517
2024-03-08,338115.1919351176,0.0,0,,-0.2587021972825517
2024-03-11,338115.1919351176,0.0,0,,-0.2587021972825517
2024-03-12,338115.1919351176,0.0,0,,-0.2587021972825517
2024-03-13,338115.1919351176,0.0,0,,-0.2587021972825517
2024-03-14,338115.1919351176,0.0,0,,-0.2587021972825517
2024-03-15,338115.1919351176,0.0,0,,-0.2587021972825517
2024-03-18,338115.1919351176,0.0,0,,-0.2587021972825517
2024-03-19,338115.1919351176,0.0,0,,-0.2587021972825517
2024-03-20,338115.1919351176,0.0,0,,-0.2587021972825517
2024-03-21,338115.1919351176,0.0,0,,-0.2587021972825517
2024-03-22,338115.1919351176,0.0,0,,-0.2587021972825517
2024-03-25,338115.1919351176,0.0,0,,-0.2587021972825517
2024-03-26,338115.1919351176,0.0,0,,-0.2587021972825517
2024-03-27,338115.1919351176,0.0,0,,-0.2587021972825517
2024-03-28,338115.1919351176,0.0,0,,-0.2587021972825517
2024-04-01,338115.1919351176,0.0,0,,-0.2587021972825517
2024-04-02,338115.1919351176,0.0,0,,-0.2587021972825517
2024-04-03,338115.1919351176,0.0,0,,-0.2587021972825517
2024-04-04,338115.1919351176,0.0,0,,-0.2587021972825517
2024-04-05,338115.1919351176,0.0,0,,-0.2587021972825517
2024-04-08,338115.1919351176,0.0,0,,-0.2587021972825517
2024-04-09,338115.1919351176,0.0,0,,-0.2587021972825517
2024-04-10,338115.1919351176,0.0,0,,-0.2587021972825517
2024-04-11,338115.1919351176,0.0,0,,-0.2587021972825517
2024-04-12,335081.7213966338,-0.008971707308158772,1,152.7185559953962,-0.26535290419671387
2024-04-15,316334.36991598347,-0.05594859487563397,1,152.7185559953962,-0.30645537693637304
2024-04-16,306588.3007919056,-0.030809390477128162,0,,-0.32782306404165296
2024-04-17,306588.3007919056,0.0,0,,-0.32782306404165296
2024-04-18,306588.3007919056,0.0,0,,-0.32782306404165296
2024-04-19,306588.3007919056,0.0,0,,-0.32782306404165296
2024-04-22,306588.3007919056,0.0,0,,-0.32782306404165296
2024-04-23,306588.3007919056,0.0,0,,-0.32782306404165296
2024-04-24,306588.3007919056,0.0,0,,-0.32782306404165296
2024-04-25,306588.3007919056,0.0,0,,-0.32782306404165296
2024-04-26,306588.3007919056,0.0,0,,-0.32782306404165296
2024-04-29,306588.3007919056,0.0,0,,-0.32782306404165296
2024-04-30,300071.3641210738,-0.021256312305455993,1,162.25856127057756,-0.34211106691690807
2024-05-01,294684.8910749458,-0.017950640048260857,1,162.25856127057756,-0.353920594346417
2024-05-02,294717.61767162796,0.0001110562423569661,1,162.25856127057756,-0.3538488431953609
2024-05-03,296649.5611076741,0.006555235656793057,1,162.25856127057756,-0.34961317009259707
2024-05-06,302494.4563287008,0.019703030064167848,1,162.25856127057756,-0.33679857882959263
2024-05-07,291115.718447937,-0.03761635178001177,1,162.25856127057756,-0.3617457967893425
2024-05-08,286056.6862435746,-0.017378079862311324,1,162.25856127057756,-0.37283742930519315
2024-05-09,281554.30596842716,-0.01573946875450316,1,162.25856127057756,-0.3827086349906379
2024-05-10,282897.5327177843,0.00477075548440653,0,,-0.3797636888255428
2024-05-13,282897.5327177843,0.0,0,,-0.3797636888255428
2024-05-14,287411.04845526756,0.01595459562380097,1,154.8125,-0.3698680692895563
2024-05-15,281648.2626865996,-0.02005067585133158,1,154.8125,-0.38250264037580506
2024-05-16,283024.1948502787,0.004885285464054645,1,154.8125,-0.37948598950074086
2024-05-17,287265.36587917246,0.01498518892046441,1,160.20821816580636,-0.37018746982561446
2024-05-20,283202.2595656178,-0.014144086952910584,1,160.20821816580636,-0.3790955930164336
2024-05-21,302060.8418707644,0.06659050790792542,1,169.64464950561523,-0.33774925319312876
2024-05-22,291555.07306642947,-0.03478030697150003,1,169.64464950561523,-0.3607825374591769
2024-05-23,281243.5723972231,-0.03536724832380789,1,169.64464950561523,-0.3833899001897726
2024-05-24,290146.7587635064,0.03165649721483632,1,169.64464950561523,-0.3638701842824901
2024-05-28,286116.0345891957,-0.013892018616675661,1,169.64464950561523,-0.3727073115250602
2024-05-29,281549.0519630668,-0.015961994694516646,0,,-0.3827201540904063
2024-05-30,281549.0519630668,0.0,0,,-0.3827201540904063
2024-05-31,281549.0519630668,0.0,0,,-0.3827201540904063
2024-06-03,281549.0519630668,0.0,0,,-0.3827201540904063
2024-06-04,281549.0519630668,0.0,0,,-0.3827201540904063
2024-06-05,281549.0519630668,0.0,0,,-0.3827201540904063
2024-06-06,281549.0519630668,0.0,0,,-0.3827201540904063
2024-06-07,283282.12929121294,0.006155507596500298,1,161.290712084089,-0.37892048330974315
2024-06-10,277392.3852419959,-0.020791089307163446,1,161.290712084089,-0.3918334030081002
2024-06-11,272396.4975549467,-0.018010183238054034,1,161.290712084089,-0.4027865948591881
2024-06-12,272721.0102063165,0.0011913246105681452,0,,-0.4020751198318826
2024-06-13,272721.0102063165,0.0,0,,-0.4020751198318826
2024-06-14,260895.3347768524,-0.04336180560682812,1,168.93928909301758,-0.4280022222532185
2024-06-17,274716.1603088908,0.052974598199923895,1,169.06857572283064,-0.3977008698058333
2024-06-18,270934.8532912556,-0.013764414198944475,1,169.06857572283064,-0.4059911645054899
2024-06-20,266112.9672944766,-0.017797215597047944,1,169.06857572283064,-0.416562867817337
2024-06-21,266782.0906746719,0.00251443357683101,0,,-0.41509585390220693
2024-06-24,262940.5855126071,-0.01439941171594361,1,167.33607264927454,-0.42351812951623147
2024-06-25,269810.05480672553,0.026125557150967316,1,169.6625028337751,-0.4084572194624113
2024-06-26,282800.09297512675,0.04814512260377568,1,177.36463383265905,-0.3799773197680508
2024-06-27,284312.243344556,0.0053470646120412635,1,178.83070863996232,-0.3766620184359196
2024-06-28,284974.71696418,0.002330091774560561,1,178.83070863996232,-0.37520958373230595
2024-07-01,302227.576310476,0.060541719385108106,1,188.74928610665458,-0.3373836976761224
2024-07-02,333046.5426193631,0.10197271435359379,1,207.6314217703683,-0.26981491475321506
2024-07-03,354835.8530739469,0.06542422054051067,1,221.62928172520228,-0.22204312470063792
2024-07-05,362223.7732954474,0.02082067005771515,1,227.4521473475865,-0.20584554128089894
2024-07-08,364268.7680715719,0.0056456669243971636,1,227.8382181440081,-0.20136200972044582
2024-07-09,377791.6506466684,0.03712336538398908,1,236.60320499965124,-0.1717138797977633
2024-07-10,379131.01334000705,0.003545241645880992,1,236.70108468191964,-0.1687774053497172
2024-07-11,347116.70703002316,-0.08444127539962887,1,236.70108468191964,-0.23896690138297583
2024-07-12,339075.4089119217,-0.02316597834458578,0,,-0.25659697766505074
2024-07-15,339075.4089119217,0.0,0,,-0.25659697766505074
2024-07-16,339075.4089119217,0.0,0,,-0.25659697766505074
2024-07-17,339075.4089119217,0.0,0,,-0.25659697766505074
2024-07-18,339075.4089119217,0.0,0,,-0.25659697766505074
2024-07-19,339075.4089119217,0.0,0,,-0.25659697766505074
2024-07-22,339075.4089119217,0.0,0,,-0.25659697766505074
2024-07-23,339075.4089119217,0.0,0,,-0.25659697766505074
2024-07-24,339075.4089119217,0.0,0,,-0.25659697766505074
2024-07-25,339075.4089119217,0.0,0,,-0.25659697766505074
2024-07-26,339075.4089119217,0.0,0,,-0.25659697766505074
2024-07-29,339075.4089119217,0.0,0,,-0.25659697766505074
2024-07-30,339075.4089119217,0.0,0,,-0.25659697766505074
2024-07-31,339075.4089119217,0.0,0,,-0.25659697766505074
2024-08-01,339075.4089119217,0.0,0,,-0.25659697766505074
2024-08-02,339075.4089119217,0.0,0,,-0.25659697766505074
2024-08-05,339075.4089119217,0.0,0,,-0.25659697766505074
2024-08-06,339075.4089119217,0.0,0,,-0.25659697766505074
2024-08-07,339075.4089119217,0.0,0,,-0.25659697766505074
2024-08-08,339075.4089119217,0.0,0,,-0.25659697766505074
2024-08-09,339075.4089119217,0.0,0,,-0.25659697766505074
2024-08-12,339075.4089119217,0.0,0,,-0.25659697766505074
2024-08-13,339075.4089119217,0.0,0,,-0.25659697766505074
2024-08-14,339075.4089119217,0.0,0,,-0.25659697766505074
2024-08-15,339075.4089119217,0.0,0,,-0.25659697766505074
2024-08-16,339075.4089119217,0.0,0,,-0.25659697766505074
2024-08-19,339075.4089119217,0.0,0,,-0.25659697766505074
2024-08-20,339075.4089119217,0.0,0,,-0.25659697766505074
2024-08-21,339075.4089119217,0.0,0,,-0.25659697766505074
2024-08-22,318660.71211150836,-0.060206951798490005,1,197.57000187465124,-0.3013550075976229
2024-08-23,323922.27905132744,0.01651150185711603,0,,-0.2898193295081062
2024-08-26,315245.857117431,-0.026785505335746307,1,194.54463958740234,-0.30884187764691073
2024-08-27,314832.0324938149,-0.0013127043996710164,0,,-0.30974916395499197
2024-08-28,314832.0324938149,0.0,0,,-0.30974916395499197
2024-08-29,314832.0324938149,0.0,0,,-0.30974916395499197
2024-08-30,314832.0324938149,0.0,0,,-0.30974916395499197
2024-09-03,307555.15735392895,-0.023113515744395796,1,190.62070410592216,-0.3257032875215007
2024-09-04,320421.0647940703,0.04183284569452206,1,194.62964575631278,-0.29749553719606414
2024-09-05,336134.7006334289,0.04904058305110959,1,205.19499805995397,-0.26304430874415263
2024-09-06,307744.9910581657,-0.08445932396079381,1,205.19499805995397,-0.32528708821668095
2024-09-09,315835.485599453,0.026289605928169868,1,205.19499805995397,-0.3075491516512495
2024-09-10,330293.1973392123,0.04577608406578726,1,205.19499805995397,-0.27585146340581135
2024-09-11,333155.54375814775,0.008666077418469476,1,205.19499805995397,-0.2695759361252147
2024-09-12,335608.9644456067,0.007364189890953776,1,205.19499805995397,-0.2641969546179187
2024-09-13,336309.93860151403,0.0020886633855721204,1,205.19499805995397,-0.26266010973803655
2024-09-16,331184.027482923,-0.015241628421408637,1,205.19499805995397,-0.27389837036569165
2024-09-17,332775.831782541,0.004806404196832981,1,205.19499805995397,-0.27040843244569
2024-09-18,331797.38265478774,-0.0029402649901349998,1,205.19499805995397,-0.2725536249888676
2024-09-19,356214.86820729834,0.07359155565707187,1,216.34678867885046,-0.2190197145947007
2024-09-20,347934.5399617743,-0.02324531900421778,1,216.34678867885046,-0.23717385046495187
2024-09-23,365093.9558885355,0.04931794333683115,1,222.20000403267997,-0.19955283364632936
2024-09-24,371329.76689451037,0.01708001708984397,1,227.09679303850447,-0.18588118236549156
2024-09-25,375345.7781257176,0.010815214909361437,1,231.77892194475447,-0.17707631239101906
2024-09-26,371256.7436466193,-0.01089404681602335,1,231.77892194475447,-0.1860412815698459
2024-09-27,380369.4745241145,0.024545630573566513,1,237.97428022112166,-0.16606215156512572
2024-09-30,382078.1338472115,0.004492104223754234,1,239.33000946044922,-0.16231601583382282
2024-10-01,376806.1539492717,-0.013798172234708361,1,239.33000946044922,-0.17387452372560452
2024-10-02,363662.79382085113,-0.03488095932262836,1,239.33000946044922,-0.20269057285891867
2024-10-03,348987.4920275236,-0.040354146870897556,0,,-0.23486531458332105
2024-10-04,348987.4920275236,0.0,0,,-0.23486531458332105
2024-10-07,348987.4920275236,0.0,0,,-0.23486531458332105
2024-10-08,348987.4920275236,0.0,0,,-0.23486531458332105
2024-10-09,348987.4920275236,0.0,0,,-0.23486531458332105
2024-10-10,348987.4920275236,0.0,0,,-0.23486531458332105
2024-10-11,348987.4920275236,0.0,0,,-0.23486531458332105
2024-10-14,348987.4920275236,0.0,0,,-0.23486531458332105
2024-10-15,348987.4920275236,0.0,0,,-0.23486531458332105
2024-10-16,348987.4920275236,0.0,0,,-0.23486531458332105
2024-10-17,348987.4920275236,0.0,0,,-0.23486531458332105
2024-10-18,348987.4920275236,0.0,0,,-0.23486531458332105
2024-10-21,348987.4920275236,0.0,0,,-0.23486531458332105
2024-10-22,348987.4920275236,0.0,0,,-0.23486531458332105
2024-10-23,348987.4920275236,0.0,0,,-0.23486531458332105
2024-10-24,348987.4920275236,0.0,0,,-0.23486531458332105
2024-10-25,366404.5755801763,0.049907472188943425,1,241.93106951032365,-0.19667937655009216
2024-10-28,357312.1878278449,-0.024815158866218545,1,241.93106951032365,-0.21661390544151127
2024-10-29,353242.35880500154,-0.01139012091242797,1,241.93106951032365,-0.22553676777964726
2024-10-30,350560.91649801517,-0.007590942139718226,1,241.93106951032365,-0.2314156733647711
2024-10-31,340080.1835684432,-0.029897037679701866,1,241.93106951032365,-0.25439406793821295
2024-11-01,338895.9799216921,-0.003482130697311625,1,241.93106951032365,-0.256990365242343
2024-11-04,332380.43554629,-0.01922579423015769,0,,-0.2712753155912182
2024-11-05,337384.02973136056,0.01505381680136142,1,223.98463984898157,-0.2603052276934986
2024-11-06,387151.6574186655,0.14751032444224466,1,255.00856726510185,-0.15119261184233423
2024-11-07,398396.0091092466,0.02904379065700735,1,261.3921421595982,-0.1265400277525619
2024-11-08,431015.3411942007,0.08187665372925301,1,280.91107068743025,-0.05502404805849548
2024-11-11,469632.55352932046,0.08959591143119017,1,303.64999771118164,0.0
2024-11-12,440770.26549311733,-0.06145717075892865,1,303.64999771118164,-0.06145717075892865
2024-11-13,443118.42826076393,0.005327407385385952,1,303.64999771118164,-0.05645717075892864
2024-11-14,417543.58447874966,-0.05771559508909463,1,303.64999771118164,-0.11091430664062507
2024-11-15,430344.4375463017,0.03065752544978584,1,303.64999771118164,-0.08365713936941954
2024-11-18,454523.7902750475,0.056186046847983784,1,303.64999771118164,-0.03217145647321418
2024-11-19,464265.3243461282,0.021432396454288627,1,303.64999771118164,-0.011428571428571455
2024-11-20,458938.3477438616,-0.011473991967349995,1,303.64999771118164,-0.022771432059151664
2024-11-21,455731.4496002329,-0.00698764476621716,1,303.64999771118164,-0.029599958147321415
2024-11-22,473067.57693066675,0.038040225983177356,1,303.64999771118164,0.0
2024-11-25,454322.5273704195,-0.039624464821427674,1,303.64999771118164,-0.039624464821427674
2024-11-26,453839.4963993126,-0.001063189566897993,1,303.64999771118164,-0.04064552607073357
2024-11-27,446674.250353596,-0.015788061864523528,1,303.64999771118164,-0.05579187385513629
2024-11-29,463138.21113150293,0.03685898787510977,1,303.64999771118164,-0.02098931798198267
2024-12-02,479145.96234268363,0.034563659025395044,1,311.7667933872768,0.0
2024-12-03,471537.93790678564,-0.01587830229999254,1,311.7667933872768,-0.01587830229999254
2024-12-04,480273.0755573089,0.018524782309774723,1,318.03536551339283,0.0
2024-12-05,495784.36462083773,0.03229681165351517,1,330.0185764857701,0.0
2024-12-06,522258.23730846867,0.053397958017247005,1,348.93787166050504,0.0
2024-12-09,523023.0772947637,0.0014644862094215227,1,349.693594796317,0.0
2024-12-10,538051.2944384766,0.02873337295448497,1,359.94536263602123,0.0
2024-12-11,569959.470294606,0.05930322291934953,1,381.6557192121233,0.0
2024-12-12,561009.63856291,-0.015702575706076027,1,381.6557192121233,-0.015702575706076027
2024-12-13,585336.6113875223,0.04336284290396253,1,393.41038295200894,0.0
2024-12-16,621283.5993588818,0.06141250567967771,1,419.6092845371791,0.0
2024-12-17,643879.629306276,0.03636991217973806,1,433.7385678972517,0.0
2024-12-18,581120.5845112236,-0.09747015115646662,0,,-0.09747015115646662
2024-12-19,581120.5845112236,0.0,0,,-0.09747015115646662
2024-12-20,581120.5845112236,0.0,0,,-0.09747015115646662
2024-12-23,581120.5845112236,0.0,0,,-0.09747015115646662
2024-12-24,581120.5845112236,0.0,0,,-0.09747015115646662
2024-12-26,581120.5845112236,0.0,0,,-0.09747015115646662
2024-12-27,581120.5845112236,0.0,0,,-0.09747015115646662
2024-12-30,581120.5845112236,0.0,0,,-0.09747015115646662
2024-12-31,581120.5845112236,0.0,0,,-0.09747015115646662
2025-01-02,581120.5845112236,0.0,0,,-0.09747015115646662
2025-01-03,581120.5845112236,0.0,0,,-0.09747015115646662
2025-01-06,581120.5845112236,0.0,0,,-0.09747015115646662
2025-01-07,581120.5845112236,0.0,0,,-0.09747015115646662
2025-01-08,581120.5845112236,0.0,0,,-0.09747015115646662
2025-01-10,581120.5845112236,0.0,0,,-0.09747015115646662
2025-01-13,581120.5845112236,0.0,0,,-0.09747015115646662
2025-01-14,581120.5845112236,0.0,0,,-0.09747015115646662
2025-01-15,581120.5845112236,0.0,0,,-0.09747015115646662
2025-01-16,581120.5845112236,0.0,0,,-0.09747015115646662
2025-01-17,581120.5845112236,0.0,0,,-0.09747015115646662
2025-01-21,581120.5845112236,0.0,0,,-0.09747015115646662
2025-01-22,581120.5845112236,0.0,0,,-0.09747015115646662
2025-01-23,581120.5845112236,0.0,0,,-0.09747015115646662
2025-01-24,581120.5845112236,0.0,0,,-0.09747015115646662
2025-01-27,581120.5845112236,0.0,0,,-0.09747015115646662
2025-01-28,581120.5845112236,0.0,0,,-0.09747015115646662
2025-01-29,581120.5845112236,0.0,0,,-0.09747015115646662
2025-01-30,581120.5845112236,0.0,0,,-0.09747015115646662
2025-01-31,581120.5845112236,0.0,0,,-0.09747015115646662
2025-02-03,575748.4230679034,-0.009244486577323241,1,335.0478526524135,-0.1058135762297342
2025-02-04,588548.4997977352,0.022232065633156273,1,342.1814193725586,-0.08593396496819627
2025-02-05,580623.4854113623,-0.01346535483328315,0,,-0.09824218847095179
2025-02-06,580623.4854113623,0.0,0,,-0.09824218847095179
2025-02-07,580623.4854113623,0.0,0,,-0.09824218847095179
2025-02-10,580623.4854113623,0.0,0,,-0.09824218847095179
2025-02-11,580623.4854113623,0.0,0,,-0.09824218847095179
2025-02-12,580623.4854113623,0.0,0,,-0.09824218847095179
2025-02-13,580623.4854113623,0.0,0,,-0.09824218847095179
2025-02-14,580623.4854113623,0.0,0,,-0.09824218847095179
2025-02-18,580623.4854113623,0.0,0,,-0.09824218847095179
2025-02-19,580623.4854113623,0.0,0,,-0.09824218847095179
2025-02-20,580623.4854113623,0.0,0,,-0.09824218847095179
2025-02-21,580623.4854113623,0.0,0,,-0.09824218847095179
2025-02-24,580623.4854113623,0.0,0,,-0.09824218847095179
2025-02-25,580623.4854113623,0.0,0,,-0.09824218847095179
2025-02-26,580623.4854113623,0.0,0,,-0.09824218847095179
2025-02-27,580623.4854113623,0.0,0,,-0.09824218847095179
2025-02-28,580623.4854113623,0.0,0,,-0.09824218847095179
2025-03-03,580623.4854113623,0.0,0,,-0.09824218847095179
2025-03-04,580623.4854113623,0.0,0,,-0.09824218847095179
2025-03-05,580623.4854113623,0.0,0,,-0.09824218847095179
2025-03-06,580623.4854113623,0.0,0,,-0.09824218847095179
2025-03-07,580623.4854113623,0.0,0,,-0.09824218847095179
2025-03-10,580623.4854113623,0.0,0,,-0.09824218847095179
2025-03-11,580623.4854113623,0.0,0,,-0.09824218847095179
2025-03-12,580623.4854113623,0.0,0,,-0.09824218847095179
2025-03-13,580623.4854113623,0.0,0,,-0.09824218847095179
2025-03-14,580623.4854113623,0.0,0,,-0.09824218847095179
2025-03-17,580623.4854113623,0.0,0,,-0.09824218847095179
2025-03-18,580623.4854113623,0.0,0,,-0.09824218847095179
2025-03-19,580623.4854113623,0.0,0,,-0.09824218847095179
2025-03-20,580623.4854113623,0.0,0,,-0.09824218847095179
2025-03-21,580623.4854113623,0.0,0,,-0.09824218847095179
2025-03-24,580623.4854113623,0.0,0,,-0.09824218847095179
2025-03-25,580623.4854113623,0.0,0,,-0.09824218847095179
2025-03-26,580623.4854113623,0.0,0,,-0.09824218847095179
2025-03-27,580623.4854113623,0.0,0,,-0.09824218847095179
2025-03-28,580623.4854113623,0.0,0,,-0.09824218847095179
2025-03-31,580623.4854113623,0.0,0,,-0.09824218847095179
2025-04-01,580623.4854113623,0.0,0,,-0.09824218847095179
2025-04-02,580623.4854113623,0.0,0,,-0.09824218847095179
2025-04-03,584102.6972993012,0.005992199722121061,1,219.16928482055664,-0.09283867556328695
2025-04-04,523240.4413910393,-0.10419786826814692,1,219.16928482055664,-0.18736295174490125
2025-04-07,488306.0301308193,-0.06676550300153894,0,,-0.24161907302933883
2025-04-08,441523.7394637102,-0.09580526919681065,1,190.43928418840682,-0.31427596189148976
2025-04-09,446484.994457676,0.011236666458732003,0,,-0.30657070959252963
2025-04-10,432784.7070778037,-0.030684765557493,1,194.47142737252372,-0.3278484247993816
2025-04-11,432630.39234058524,-0.00035656236159631316,1,194.47142737252372,-0.3280880887523858
2025-04-14,432698.9941108441,0.00015856900364230597,1,194.47142737252372,-0.32798154435008386
2025-04-15,435716.81790450047,0.0069744183248166,1,194.47142737252372,-0.32329460651838415
2025-04-16,414180.46689126204,-0.049427403598542585,1,194.47142737252372,-0.35674239711931055
2025-04-17,413871.8112529158,-0.0007452201709629014,1,194.47142737252372,-0.35722176566010244
2025-04-21,390089.2362960225,-0.05746362595919796,1,194.47142737252372,-0.3941581336929241
2025-04-22,395428.00050543196,0.01368600748921489,0,,-0.3858665773733655
2025-04-23,395428.00050543196,0.0,0,,-0.3858665773733655
2025-04-24,395428.00050543196,0.0,0,,-0.3858665773733655
2025-04-25,395428.00050543196,0.0,0,,-0.3858665773733655
2025-04-28,390600.18325199233,-0.012209093051753439,1,231.93357849121094,-0.39336458947640585
2025-04-29,399002.97009240155,0.021512501019458563,1,241.07285581316268,-0.3803143445890773
2025-04-30,385517.5152315412,-0.033797880897321164,1,241.07285581316268,-0.4012584065644341
2025-05-01,383276.7498360102,-0.005812356915055217,1,241.07285581316268,-0.40473850640537046
2025-05-02,388677.2944658012,0.014090457175139681,0,,-0.3963509998218657
2025-05-05,382217.1986389836,-0.01662071831516787,1,243.39857918875558,-0.4063840798150592
2025-05-06,375520.9602187822,-0.017519458684867373,1,243.39857918875558,-0.4167839094034188
2025-05-07,376707.4552053452,0.003159597232260225,1,243.39857918875558,-0.41494118145776016
2025-05-08,388436.10048696346,0.031134624811778533,1,245.7450087411063,-0.3967255946496251
2025-05-09,406765.50855039485,0.04718770485146129,1,258.5350112915039,-0.3682584600655108
2025-05-12,434205.05719221703,0.06745790403815088,1,277.1085799080985,-0.32564249988769634
2025-05-13,455603.0039945748,0.049280740626853614,1,292.9217970711844,-0.29240966283488845
2025-05-14,474164.2339001261,0.04073991993646353,1,305.5335715157645,-0.2635824891509666
2025-05-15,467536.2102015108,-0.013978329078298657,1,305.5335715157645,-0.2738763754566359
2025-05-16,477300.9873606386,0.020885606175656823,1,312.7496555873326,-0.2587108433995827
2025-05-19,466540.62487200426,-0.022544186527114873,1,312.7496555873326,-0.27542260441651023
2025-05-20,468900.0051965892,0.005057180873010214,1,312.7496555873326,-0.2717582854705498
2025-05-21,456353.0745939798,-0.026758222357769035,1,312.7496555873326,-0.2912447391981319
2025-05-22,465108.65677506005,0.019185982671137136,1,312.7496555873326,-0.2776465730463099
2025-05-23,462790.1886355387,-0.004984788190348977,1,312.7496555873326,-0.2812473518782468
2025-05-27,494907.58574146725,0.06939947711644767,1,323.41502053397045,-0.23136629392253505
2025-05-28,486738.4254195378,-0.016506435862546853,1,323.41502053397045,-0.24405369689369438
2025-05-29,488825.0300972189,0.004286911755287504,1,323.41502053397045,-0.24081302180054187
2025-05-30,472500.40234134166,-0.033395646193957296,1,323.41502053397045,-0.26616656151955054
2025-06-02,467358.9101929954,-0.01088145559849063,1,323.41502053397045,-0.27415173749706334
2025-06-03,469513.6879725423,0.004610541775392996,1,323.41502053397045,-0.27080518376019713
2025-06-04,452848.11146789545,-0.035495400733921656,1,323.41502053397045,-0.2966882459757273
2025-06-05,439150.51929255674,-0.030247652200510067,0,,-0.31796177529998415
2025-06-06,439150.51929255674,0.0,0,,-0.31796177529998415
2025-06-09,439150.51929255674,0.0,0,,-0.31796177529998415
2025-06-10,439150.51929255674,0.0,0,,-0.31796177529998415
2025-06-11,439150.51929255674,0.0,0,,-0.31796177529998415
2025-06-12,439150.51929255674,0.0,0,,-0.31796177529998415
2025-06-13,439150.51929255674,0.0,0,,-0.31796177529998415
2025-06-16,439150.51929255674,0.0,0,,-0.31796177529998415
2025-06-17,439150.51929255674,0.0,0,,-0.31796177529998415
2025-06-18,439150.51929255674,0.0,0,,-0.31796177529998415
2025-06-20,439150.51929255674,0.0,0,,-0.31796177529998415
2025-06-23,439150.51929255674,0.0,0,,-0.31796177529998415
2025-06-24,419163.9715728765,-0.04551183897465794,1,304.17001669747486,-0.3490025891570928
2025-06-25,403257.7122204307,-0.037947582404945,1,304.17001669747486,-0.3737063670504599
2025-06-26,399038.7199138195,-0.010462273079367646,0,,-0.3802588220662473
2025-06-27,399038.7199138195,0.0,0,,-0.3802588220662473
2025-06-30,399038.7199138195,0.0,0,,-0.3802588220662473
2025-07-01,399038.7199138195,0.0,0,,-0.3802588220662473
2025-07-02,399038.7199138195,0.0,0,,-0.3802588220662473
2025-07-03,399038.7199138195,0.0,0,,-0.3802588220662473
2025-07-07,399038.7199138195,0.0,0,,-0.3802588220662473
2025-07-08,399527.71248285467,0.001225426367498228,1,257.12249646868025,-0.3794993748857829
2025-07-09,396938.52620574913,-0.0064806174796113725,1,257.12249646868025,-0.38352060208300787
2025-07-10,401928.97755893035,0.01257235320764627,0,,-0.3757700053471583
2025-07-11,401928.97755893035,0.0,0,,-0.3757700053471583
2025-07-14,401928.97755893035,0.0,0,,-0.3757700053471583
2025-07-15,401928.97755893035,0.0,0,,-0.3757700053471583
2025-07-16,401928.97755893035,0.0,0,,-0.3757700053471583
2025-07-17,401928.97755893035,0.0,0,,-0.3757700053471583
2025-07-18,411295.8942195168,0.023304905054309266,1,298.6339220319475,-0.3612223845897219
2025-07-21,409848.58722015726,-0.0035188948387290253,1,298.6339220319475,-0.3634701758436848
2025-07-22,414365.1628499492,0.0110201078413521,1,302.6028387887137,-0.35645554853724526
2025-07-23,412236.2041245168,-0.005137880585302401,0,,-0.3597620030801948
2025-07-24,412236.2041245168,0.0,0,,-0.3597620030801948
2025-07-25,412236.2041245168,0.0,0,,-0.3597620030801948
2025-07-28,412236.2041245168,0.0,0,,-0.3597620030801948
2025-07-29,406118.75540065917,-0.014839668769145442,1,293.48748452322826,-0.36926292288790585
2025-07-30,403387.69075066375,-0.006724793213012448,1,293.48748452322826,-0.37350449930326457
2025-07-31,389770.29734641686,-0.033757582882378734,1,293.48748452322826,-0.394653473093472
2025-08-01,386584.92985989107,-0.00817242234262594,0,,-0.3996006205749939
2025-08-04,386584.92985989107,0.0,0,,-0.3996006205749939
2025-08-05,385718.5424411044,-0.0022411308663807805,1,276.47178758893693,-0.4009461941563791
2025-08-06,399699.4682461869,0.03624644466558724,1,286.54393114362443,-0.37923262353115883
2025-08-07,402648.06278618326,0.007377028928595486,1,289.84141649518693,-0.3746532046370199
2025-08-08,411868.731078976,0.02290006868278205,1,296.6767807006836,-0.36033272007264994
2025-08-11,423588.22381408507,0.02845443669493286,1,305.4978561401367,-0.3421313479501372
2025-08-12,425849.6568840585,0.005338753399730889,1,306.4524950299944,-0.33861914944742966
2025-08-13,424025.5257172974,-0.004283509772224026,1,308.8085741315569,-0.34145218078393347
2025-08-14,419277.7363994754,-0.011196942235471408,1,308.8085741315569,-0.34882590267499136
2025-08-15,413005.7007757141,-0.014959143019665389,1,308.8085741315569,-0.3585669091275777
2025-08-18,418753.0046188486,0.013915797850586165,1,308.8085741315569,-0.34964085590032046
2025-08-19,411443.93549926643,-0.017454368181154756,1,308.8085741315569,-0.3609924638514169
2025-08-20,410714.4957353842,-0.0017728776655733247,0,,-0.3621253460403878
2025-08-21,410714.4957353842,0.0,0,,-0.3621253460403878
2025-08-22,433494.62567320984,0.05546463583428651,1,310.31894029889787,-0.3267458606505964
2025-08-25,441896.51948113303,0.01938177156147014,1,315.5607245309012,-0.3136970027189121
2025-08-26,448360.50837571773,0.01462783391499567,1,321.58787754603793,-0.3036578764593205
2025-08-27,445721.3594554505,-0.0058862207330171445,1,321.58787754603793,-0.30775669990417887
2025-08-28,441106.0587784329,-0.010354676927882056,1,321.58787754603793,-0.314924655632162
2025-08-29,425666.43451646366,-0.03500206799409333,1,321.58787754603793,-0.3389037094168019
2025-09-02,419916.41263775545,-0.01350828116207936,1,321.58787754603793,-0.3478339839852075
2025-09-03,425946.9243375783,0.014361219324440011,1,321.58787754603793,-0.33846808479327284
2025-09-04,431607.69061223086,0.01328983953448204,1,321.58787754603793,-0.3296764317932368
2025-09-05,447302.28086085076,0.03636309220152523,1,321.58787754603793,-0.305301394077679
2025-09-08,441641.5145861982,-0.01265534855703887,1,321.58787754603793,-0.3140930470777149
2025-09-09,442368.2435193067,0.00164551770860899,1,321.58787754603793,-0.31296437504022323
2025-09-10,443413.7091169417,0.0023633378140295314,1,321.58787754603793,-0.3113406777681703
2025-09-11,470213.0738633436,0.06043873744853956,1,336.6939468383789,-0.2697189778003116
2025-09-12,504802.38292307995,0.0735609258490948,1,362.51680755615234,-0.21599882967727935
2025-09-15,522779.1385840288,0.03561147147692467,1,373.8918119158064,-0.18807939436245613
2025-09-16,537543.0037652492,0.028241113869250656,1,384.5735844203404,-0.1651498520858553
2025-09-17,542948.7651449668,0.010056425889375609,1,386.5975080217634,-0.1567542434446224
2025-09-18,531461.5222130667,-0.02115713980642908,1,386.5975080217634,-0.17459491180724251
2025-09-19,543216.5319571337,0.022118270566640064,1,387.1753812517439,-0.15633837873951373
2025-09-22,553594.5775218073,0.019104804353584193,1,393.4153627668108,-0.14022038852470442
2025-09-23,542936.0421360191,-0.019253323313789705,1,393.4153627668108,-0.1567740033630428
2025-09-24,564533.6416369943,0.03977927016229388,1,399.60609327043807,-0.12323108863495191
2025-09-25,539799.6842513983,-0.04381307961359793,1,399.60609327043807,-0.1616450347513163
2025-09-26,561486.500448145,0.0401756741055197,1,399.60609327043807,-0.1279635588827409
2025-09-29,565069.0974447596,0.00638055766924972,1,399.60609327043807,-0.12239948008050494
2025-09-30,566994.2793491504,0.0034069849388269624,1,399.60609327043807,-0.1194095083268325
2025-10-01,585786.9806389791,0.033144428390707636,1,412.96891348702565,-0.09022283983403323
2025-10-02,555876.7429341362,-0.05105992228133294,1,412.96891348702565,-0.13667599092543925
2025-10-03,548010.3049339782,-0.014151406944344913,1,412.96891348702565,-0.1488932403026767
2025-10-06,577869.5727864616,0.054486690457546505,1,412.96891348702565,-0.10251924974072324
2025-10-07,552166.6434900542,-0.044478772558432134,1,412.96891348702565,-0.14243809190707668
2025-10-08,559306.3525571036,0.012930352007361146,1,412.96891348702565,-0.13134951456733102
2025-10-09,555290.2783657272,-0.007180455170972544,1,412.96891348702565,-0.1375868204372238
2025-10-10,525723.5661476458,-0.053245506665629105,0,,-0.18350644713816
2025-10-13,525723.5661476458,0.0,0,,-0.18350644713816
2025-10-14,525723.5661476458,0.0,0,,-0.18350644713816
2025-10-15,525723.5661476458,0.0,0,,-0.18350644713816
2025-10-16,525723.5661476458,0.0,0,,-0.18350644713816
2025-10-17,525723.5661476458,0.0,0,,-0.18350644713816
2025-10-20,525723.5661476458,0.0,0,,-0.18350644713816
2025-10-21,525723.5661476458,0.0,0,,-0.18350644713816
2025-10-22,525723.5661476458,0.0,0,,-0.18350644713816
2025-10-23,525723.5661476458,0.0,0,,-0.18350644713816
2025-10-24,509534.5424972151,-0.03079379486268674,1,399.31034088134766,-0.2086493821116937
2025-10-27,516113.4728751459,0.012911647453159203,0,,-0.19843174192168023
2025-10-28,521878.8077842993,0.011170673140997733,1,412.54284014020647,-0.18947768491048844
2025-10-29,522966.67041770753,0.0020845119924046696,1,413.40643201555525,-0.18778814142457279
2025-10-30,498705.61845376325,-0.04639120107705208,1,413.40643201555525,-0.22546762507291163
2025-10-31,517357.4932651842,0.03740057084027071,1,413.40643201555525,-0.19649967211636787
2025-11-03,530740.1609650584,0.02586735066967427,1,422.59677233014787,-0.17571524737180377
2025-11-04,503419.586120908,-0.05147636612701911,1,422.59677233014787,-0.21814643109101217
2025-11-05,523601.2396631472,0.040089130615176494,1,422.59677233014787,-0.18680260124507786
2025-11-06,505289.3003112723,-0.03497306340156037,1,422.59677233014787,-0.21524260542971774
2025-11-07,478153.2713156155,-0.053703945401060826,0,,-0.2573871737007989
2025-11-10,478153.2713156155,0.0,0,,-0.2573871737007989
2025-11-11,478153.2713156155,0.0,0,,-0.2573871737007989
2025-11-12,478153.2713156155,0.0,0,,-0.2573871737007989
2025-11-13,478153.2713156155,0.0,0,,-0.2573871737007989
2025-11-14,478153.2713156155,0.0,0,,-0.2573871737007989
2025-11-17,478153.2713156155,0.0,0,,-0.2573871737007989
2025-11-18,478153.2713156155,0.0,0,,-0.2573871737007989
2025-11-19,478153.2713156155,0.0,0,,-0.2573871737007989
2025-11-20,478153.2713156155,0.0,0,,-0.2573871737007989
2025-11-21,478153.2713156155,0.0,0,,-0.2573871737007989
2025-11-24,478153.2713156155,0.0,0,,-0.2573871737007989
2025-11-25,478153.2713156155,0.0,0,,-0.2573871737007989
2025-11-26,478153.2713156155,0.0,0,,-0.2573871737007989
2025-11-28,478153.2713156155,0.0,0,,-0.2573871737007989
2025-12-01,478153.2713156155,0.0,0,,-0.2573871737007989
2025-12-02,478153.2713156155,0.0,0,,-0.2573871737007989
2025-12-03,478153.2713156155,0.0,0,,-0.2573871737007989
2025-12-04,482307.6197104273,0.008688319507636821,1,410.0175007411412,-0.2509351161954423
2025-12-05,479994.8765186868,-0.004795162044358814,0,,-0.2545270036950239
2025-12-08,470846.1625777567,-0.01906002415543273,1,406.9018020629883,-0.26873573701181963
2025-12-09,476833.79343904334,0.01271674558948499,1,406.9018020629883,-0.2594364354207166
2025-12-10,477081.10484775034,0.0005186532752290418,0,,-0.25905233970243235
2025-12-11,474180.7572345281,-0.0060793596387512805,1,411.1775163922991,-0.26355682700287253
2025-12-12,486987.82509098604,0.027008830833098685,1,422.83677564348494,-0.24366635792520286
2025-12-15,504336.2956784376,0.035624033484225714,1,440.58321162632535,-0.21672270293468388
2025-12-16,519796.0662695208,0.030653694218629735,1,453.163930620466,-0.19271236018204896
2025-12-17,495794.71009299654,-0.04617456293730249,1,453.163930620466,-0.22998851411532928
2025-12-18,512888.50230728573,0.034477560704677446,1,453.163930620466,-0.2034403963674417
2025-12-19,510586.00257402734,-0.00448927929345333,1,453.163930620466,-0.20701637490203084
2025-12-22,518575.84438320494,0.01564837611861325,1,453.163930620466,-0.19460746888059643
2025-12-23,515212.2441273585,-0.00648622625268469,1,453.163930620466,-0.19983142705965917
2025-12-24,515042.4693389936,-0.00032952397832164415,1,453.163930620466,-0.20009510179114243
2025-12-26,504208.9726824714,-0.021034181259704576,1,453.163930620466,-0.21692044641059316
2025-12-29,487709.37603684433,-0.03272372674735757,1,453.163930620466,-0.24254572774369554
2025-12-30,482181.1877058829,-0.011335005235871942,1,453.163930620466,-0.2511314758856543
2025-12-31,480116.55287961446,-0.004281865155485454,0,,-0.25433802992509935
2026-01-02,480116.55287961446,0.0,0,,-0.25433802992509935
2026-01-05,480116.55287961446,0.0,0,,-0.25433802992509935
2026-01-06,480116.55287961446,0.0,0,,-0.25433802992509935
2026-01-07,480116.55287961446,0.0,0,,-0.25433802992509935
2026-01-08,480116.55287961446,0.0,0,,-0.25433802992509935
2026-01-09,480116.55287961446,0.0,0,,-0.25433802992509935
2026-01-12,480116.55287961446,0.0,0,,-0.25433802992509935
2026-01-13,476202.89354244556,-0.008151477622872605,1,412.90894862583707,-0.2604162767883921
2026-01-14,470820.8749472497,-0.011301944335447733,0,,-0.2687750108595328
2026-01-15,470820.8749472497,0.0,0,,-0.2687750108595328
2026-01-16,470820.8749472497,0.0,0,,-0.2687750108595328
2026-01-20,470820.8749472497,0.0,0,,-0.2687750108595328
2026-01-21,470820.8749472497,0.0,0,,-0.2687750108595328
2026-01-22,470820.8749472497,0.0,0,,-0.2687750108595328
2026-01-23,470820.8749472497,0.0,0,,-0.2687750108595328
2026-01-26,470820.8749472497,0.0,0,,-0.2687750108595328
2026-01-27,470820.8749472497,0.0,0,,-0.2687750108595328
2026-01-28,470820.8749472497,0.0,0,,-0.2687750108595328
2026-01-29,470820.8749472497,0.0,0,,-0.2687750108595328
2026-01-30,470820.8749472497,0.0,0,,-0.2687750108595328
2026-02-02,470820.8749472497,0.0,0,,-0.2687750108595328
2026-02-03,470820.8749472497,0.0,0,,-0.2687750108595328
2026-02-04,470820.8749472497,0.0,0,,-0.2687750108595328
2026-02-05,470820.8749472497,0.0,0,,-0.2687750108595328
2026-02-06,470820.8749472497,0.0,0,,-0.2687750108595328
2026-02-09,470820.8749472497,0.0,0,,-0.2687750108595328
2026-02-10,470820.8749472497,0.0,0,,-0.2687750108595328
2026-02-11,470820.8749472497,0.0,0,,-0.2687750108595328
2026-02-12,470820.8749472497,0.0,0,,-0.2687750108595328
2026-02-13,470820.8749472497,0.0,0,,-0.2687750108595328
2026-02-17,470820.8749472497,0.0,0,,-0.2687750108595328
2026-02-18,470820.8749472497,0.0,0,,-0.2687750108595328
2026-02-19,470820.8749472497,0.0,0,,-0.2687750108595328
2026-02-20,470820.8749472497,0.0,0,,-0.2687750108595328
2026-02-23,470820.8749472497,0.0,0,,-0.2687750108595328
2026-02-24,470820.8749472497,0.0,0,,-0.2687750108595328
2026-02-25,470820.8749472497,0.0,0,,-0.2687750108595328
2026-02-26,470820.8749472497,0.0,0,,-0.2687750108595328
2026-02-27,470820.8749472497,0.0,0,,-0.2687750108595328
2026-03-02,470820.8749472497,0.0,0,,-0.2687750108595328
2026-03-03,470820.8749472497,0.0,0,,-0.2687750108595328
2026-03-04,470820.8749472497,0.0,0,,-0.2687750108595328
2026-03-05,470820.8749472497,0.0,0,,-0.2687750108595328
2026-03-06,470820.8749472497,0.0,0,,-0.2687750108595328
2026-03-09,470820.8749472497,0.0,0,,-0.2687750108595328
2026-03-10,470820.8749472497,0.0,0,,-0.2687750108595328
2026-03-11,470820.8749472497,0.0,0,,-0.2687750108595328
2026-03-12,470820.8749472497,0.0,0,,-0.2687750108595328
2026-03-13,470820.8749472497,0.0,0,,-0.2687750108595328
2026-03-16,470820.8749472497,0.0,0,,-0.2687750108595328
2026-03-17,470820.8749472497,0.0,0,,-0.2687750108595328
2026-03-18,470820.8749472497,0.0,0,,-0.2687750108595328
2026-03-19,470820.8749472497,0.0,0,,-0.2687750108595328
2026-03-20,470820.8749472497,0.0,0,,-0.2687750108595328
2026-03-23,470820.8749472497,0.0,0,,-0.2687750108595328
2026-03-24,470820.8749472497,0.0,0,,-0.2687750108595328
2026-03-25,470820.8749472497,0.0,0,,-0.2687750108595328
2026-03-26,470820.8749472497,0.0,0,,-0.2687750108595328
2026-03-27,470820.8749472497,0.0,0,,-0.2687750108595328
2026-03-30,470820.8749472497,0.0,0,,-0.2687750108595328
2026-03-31,470820.8749472497,0.0,0,,-0.2687750108595328
2026-04-01,470820.8749472497,0.0,0,,-0.2687750108595328
2026-04-02,470820.8749472497,0.0,0,,-0.2687750108595328
2026-04-06,470820.8749472497,0.0,0,,-0.2687750108595328
2026-04-07,470820.8749472497,0.0,0,,-0.2687750108595328
2026-04-08,470820.8749472497,0.0,0,,-0.2687750108595328
2026-04-09,470820.8749472497,0.0,0,,-0.2687750108595328
2026-04-10,470820.8749472497,0.0,0,,-0.2687750108595328
2026-04-13,470820.8749472497,0.0,0,,-0.2687750108595328
2026-04-14,470820.8749472497,0.0,0,,-0.2687750108595328
2026-04-15,470820.8749472497,0.0,0,,-0.2687750108595328
2026-04-16,470820.8749472497,0.0,0,,-0.2687750108595328
2026-04-17,470820.8749472497,0.0,0,,-0.2687750108595328
2026-04-20,458344.72391109914,-0.026498721063607067,1,360.5549872262137,-0.28815153788150505
2026-04-21,451244.7754605303,-0.015490411649084379,1,360.5549872262137,-0.2991783635914882
2026-04-22,452517.6265957012,0.0028207553957202425,1,360.5549872262137,-0.29720151717915133
2026-04-23,436414.2440243537,-0.035586199575237676,1,360.5549872262137,-0.3222114442499884
2026-04-24,435503.0999980238,-0.0020877962596450583,0,,-0.3236265286615134
2026-04-27,442540.69954525604,0.016159700234657626,1,340.3342950003488,-0.31269653611800863
2026-04-28,439443.6926093344,-0.006998242057971171,1,340.37712533133373,-0.31750645212553685
2026-04-29,435680.57025420637,-0.008563377785179571,1,340.37712533133373,-0.3233509022119334
2026-04-30,445999.95600266824,0.02368566893502,1,345.32821764264787,-0.3073240156965453
2026-05-01,456740.04622641834,0.024080922159745333,1,352.51107352120533,-0.2906437392366088
2026-05-04,458715.10323154833,0.00432424750456617,1,355.15999821254184,-0.28757630719615446
2026-05-05,455045.45887148054,-0.007999833304410342,1,355.41819763183594,-0.2932755779806977
2026-05-06,465984.2388741244,0.024038873016714035,1,363.81392887660434,-0.276286719341965
2026-05-07,481247.08053228067,0.03275398690529352,1,377.4596459524972,-0.2525822240241047
2026-05-08,500600.271025793,0.040214665764012114,1,393.8517859322684,-0.22252506797715277
2026-05-11,520058.6376381274,0.038870068073398656,1,406.2821360996791,-0.19230456444406374
2026-05-12,506560.500747457,-0.025955028748244402,1,406.2821360996791,-0.21326832269374385
2026-05-13,520374.1659945935,0.027269526989873283,1,406.2821360996791,-0.19181452198565252
2026-05-14,518071.8825092355,-0.004424284747029383,1,406.2821360996791,-0.195390164668802
2026-05-15,493459.67208455113,-0.04750732717914996,1,406.2821360996791,-0.23361502736744322
2026-05-18,474097.97392227483,-0.03923663727267823,0,,-0.26368539654985834
2026-05-19,474097.97392227483,0.0,0,,-0.26368539654985834
2026-05-20,474097.97392227483,0.0,0,,-0.26368539654985834
2026-05-21,474097.97392227483,0.0,0,,-0.26368539654985834
2026-05-22,474097.97392227483,0.0,0,,-0.26368539654985834
2026-05-26,474097.97392227483,0.0,0,,-0.26368539654985834
2026-05-27,474097.97392227483,0.0,0,,-0.26368539654985834
2026-05-28,474097.97392227483,0.0,0,,-0.26368539654985834
2026-05-29,474097.97392227483,0.0,0,,-0.26368539654985834
2026-06-01,474097.97392227483,0.0,0,,-0.26368539654985834
2026-06-02,474097.97392227483,0.0,0,,-0.26368539654985834
2026-06-03,474097.97392227483,0.0,0,,-0.26368539654985834
2026-06-04,474097.97392227483,0.0,0,,-0.26368539654985834
2026-06-05,474097.97392227483,0.0,0,,-0.26368539654985834
2026-06-08,474097.97392227483,0.0,0,,-0.26368539654985834
2026-06-09,474097.97392227483,0.0,0,,-0.26368539654985834
2026-06-10,474097.97392227483,0.0,0,,-0.26368539654985834
2026-06-11,474097.97392227483,0.0,0,,-0.26368539654985834
2026-06-12,474097.97392227483,0.0,0,,-0.26368539654985834
2026-06-15,474097.97392227483,0.0,0,,-0.26368539654985834
2026-06-16,474097.97392227483,0.0,0,,-0.26368539654985834
2026-06-17,474097.97392227483,0.0,0,,-0.26368539654985834
2026-06-18,474097.97392227483,0.0,0,,-0.26368539654985834
2026-06-22,474097.97392227483,0.0,0,,-0.26368539654985834
2026-06-23,474097.97392227483,0.0,0,,-0.26368539654985834
2026-06-24,474097.97392227483,0.0,0,,-0.26368539654985834
2026-06-25,474097.97392227483,0.0,0,,-0.26368539654985834
2026-06-26,474097.97392227483,0.0,0,,-0.26368539654985834
2026-06-29,474097.97392227483,0.0,0,,-0.26368539654985834
2026-06-30,474097.97392227483,0.0,0,,-0.26368539654985834
2026-07-01,477701.0126860092,0.007599776759065202,1,381.9964272635324,-0.2580895699391976
2026-07-02,441926.815582497,-0.07488825887632455,1,381.9964272635324,-0.3136499502886363
2026-07-06,445806.0868935892,0.008778085362344479,0,,-0.3076251109638206
2026-07-07,430128.199319803,-0.03516750451531725,1,367.6296397617885,-0.33197420800029265
2026-07-08,420690.79111823457,-0.021940919513048773,1,367.6296397617885,-0.34663130813519893
2026-07-09,419985.1285811615,-0.001677390026050607,0,,-0.3477272622622667
2026-07-10,416567.1495821198,-0.00813833339906267,1,358.7221450805664,-0.35303567526909574
2026-07-13,403286.36477028835,-0.03188149815738972,1,358.7221450805664,-0.373661867195901
2026-07-14,407057.49780898634,0.009351005558658088,0,,-0.36780497583445027
2026-07-15,407057.49780898634,0.0,0,,-0.36780497583445027
2026-07-16,407057.49780898634,0.0,0,,-0.36780497583445027
2026-07-17,407057.49780898634,0.0,0,,-0.36780497583445027
2026-07-20,407057.49780898634,0.0,0,,-0.36780497583445027
2026-07-21,407057.49780898634,0.0,0,,-0.36780497583445027
2026-07-22,407057.49780898634,0.0,0,,-0.36780497583445027
2026-07-23,407057.49780898634,0.0,0,,-0.36780497583445027
2026-07-24,407057.49780898634,0.0,0,,-0.36780497583445027
2026-07-27,407057.49780898634,0.0,0,,-0.36780497583445027
2026-07-28,407057.49780898634,0.0,0,,-0.36780497583445027
2026-07-29,407057.49780898634,0.0,0,,-0.36780497583445027
2026-07-30,407057.49780898634,0.0,0,,-0.36780497583445027
2026-07-31,407057.49780898634,0.0,0,,-0.36780497583445027
2026-08-03,407057.49780898634,0.0,0,,-0.36780497583445027
2026-08-04,407057.49780898634,0.0,0,,-0.36780497583445027
2026-08-05,407057.49780898634,0.0,0,,-0.36780497583445027
2026-08-06,407057.49780898634,0.0,0,,-0.36780497583445027
2026-08-07,407057.49780898634,0.0,0,,-0.36780497583445027
2026-08-10,407057.49780898634,0.0,0,,-0.36780497583445027
2026-08-11,407057.49780898634,0.0,0,,-0.36780497583445027
2026-08-12,407057.49780898634,0.0,0,,-0.36780497583445027
2026-08-13,407057.49780898634,0.0,0,,-0.36780497583445027
2026-08-14,407057.49780898634,0.0,0,,-0.36780497583445027
2026-08-17,407057.49780898634,0.0,0,,-0.36780497583445027
2026-08-18,407057.49780898634,0.0,0,,-0.36780497583445027
2026-08-19,407057.49780898634,0.0,0,,-0.36780497583445027
2026-08-20,407057.49780898634,0.0,0,,-0.36780497583445027
2026-08-21,421526.3809181929,0.03554505981854228,1,334.0885467529297,-0.34533356588350106
2026-08-24,405367.47424623615,-0.03833427136104395,1,334.0885467529297,-0.3704297266198898
2026-08-25,406877.641174885,0.00372542698808509,1,334.0885467529297,-0.3680843085325435
2026-08-26,401731.4171339317,-0.01264808758253022,1,334.0885467529297,-0.37607683354299903
2026-08-27,412174.88899902167,0.025996154195747856,1,334.0885467529297,-0.35985723070148357
2026-08-28,405135.12451032444,-0.01707955694679386,1,334.0885467529297,-0.37079058558379596
2026-08-31,427439.35199733626,0.05505379844310054,1,334.1803774152483,-0.33615021730402495
2026-09-01,413661.8351347163,-0.03223268236356913,1,334.1803774152483,-0.35754787648678876
2026-09-02,414730.5942876807,0.002583654236838928,1,334.1803774152483,-0.35588800233590767
2026-09-03,437220.65902151103,0.05422813036607077,1,341.0771517072405,-0.320959012956229
2026-09-04,410709.8611825061,-0.06063482429749656,0,,-0.3621325438964267
