date,ALOS3,AZZA3,B3SA3,BBDC4,BPAC11,CEAB3,IGTI11,ITUB4,LREN3,MGLU3,MULT3,RIAA3,VIVA3,^BVSP
2024-08-01,,,,,,,,,,,,,,
2024-08-02,0.000908743331043,-0.000793837979931,-0.00092012520155,0.00627924168883,-0.000915609033894,0.0628705685582,0.013232655687,-0.0125865744583,0.0353651116284,0.0712961996229,0.0214166241425,0.0489614511885,0.0196735053576,-0.012096236116
2024-08-05,-0.011348453764,-0.0230387429635,0,0.0758895316354,-0.0290164335295,-0.0279017746987,-0.0153917726781,0,0.0152615680924,-0.00259287319381,-0.000403065786586,-0.00282884995064,-0.00862075023411,-0.00464029748757
2024-08-06,0.0211202283647,0.00386269660204,0.00276272562532,0.0330639537166,0.0154135322332,-0.00344421991835,0.013263710068,0.0221550678024,0.0200430428326,-0.0207972701936,0.0306573697244,0.0226950003558,-0.0124223053448,0.00795880897262
2024-08-07,0.0148383713593,0.0190359357717,0.0229567595558,0.00213368753832,0.0393433848751,0.0691242693015,0.0224405652388,0.00267193551684,0.0245613064377,0.078760998509,0.00508816343964,0.0485437104293,0.029350001617,0.0098758978989
2024-08-08,0.00265838294334,0.0198727939545,0.0188507458086,0.0113555726468,0.0253353135938,-0.0678879291015,0.0160035044949,-0.00355321311565,-0.00684927695849,0.0287121643067,-0.00155766310619,0.0899472225555,0.00407341131135,0.00899509073514
2024-08-09,0.0194431890776,0.0504677754635,0.0590309438676,0.0245613014207,0.00348830896511,-0.0104044521332,0.0297030285178,0.0270428957193,0.0655173274613,0.0334928094594,0.025740969112,-0.0169902631552,0.0738336738854,0.0151871973636
2024-08-12,-0.000866889094399,-0.00797637624434,0.0149749881412,0.00684928728217,0.015643116098,0.0864485032818,-0.00174825773847,0.00144679214597,0.0174756365692,-0.000771646719003,0.00836502624022,0.0345677589164,-0.0109557855661,0.0038357003407
2024-08-13,0.0121473784861,0.0162677939602,0.0360656845635,0.0122449106098,0.0154021780387,-0.0408602191437,0.0218915377094,0.0283153615105,-0.00127222711712,0.0262548017933,0.0109352026514,0.0596658602515,0.0259740069925,0.00977760151316
2024-08-14,0.0137160469586,0.0149034311875,0.00474676319335,0.00873666161454,-0.0168539689457,-0.00896851258014,0.00814036448797,0.0247263389053,0.0312100686094,-0.0413844712693,0.0186497371187,-0.010135119577,0.00893523975574,0.00694874544933
2024-08-15,-0.0152218191754,-0.02211749058,0.000787540311824,0.00999337225395,0.0340000515114,0.0294116781667,-0.0140245487054,0.0159032949247,0.033971658408,0.0431710837442,-0.0270961505174,0.0113766241742,-0.00369004512697,0.00626322027033
2024-08-16,-0.00128800106779,-0.0526511632915,-0.0173092965761,-0.0125329592282,-0.00331588489369,0.0197801192697,0.00129299951193,-0.00836673797033,-0.0364396262515,-0.053423546027,-0.00715114068068,-0.0404949496026,-0.0259259093506,-0.00149083509128
2024-08-19,0.00687866185951,0.0254404727302,0.0240192682262,0.0447560823528,0.00665383313215,0.0280173882861,0.00731817023851,0.00598793570678,0.0539366901903,0.106518255094,0.0193328952297,0.0668229508417,0.00760450305056,0.0136241816159
2024-08-20,-0.00213498294994,-0.00267181470202,0.00860035159332,0.00383641790227,0.00385556161311,0.0104822840925,0.00512822274958,0.00730513804429,-0.00235294216856,-0.00862070770973,0.00557831462054,-0.029670357901,0.00943402177064,0.0022757736894
2024-08-21,-0.00128369095368,-0.00937624003802,0.0046511733274,-0.00445866702419,0.00823058183221,0.0259335942846,-0.0178570757054,-0.00402923693787,-0.00353756124802,0.00362323378387,-0.0125739813655,0.00679508368559,-0.00149540570983,0.00277028665486
2024-08-22,-0.0111394893968,-0.0293605776758,-0.0324073999507,-0.00703776251417,-0.0174149803832,-0.0455006891525,-0.0129871870267,-0.00916899389299,-0.0213019217953,-0.0483755136836,-0.0194756497612,-0.0269968886249,-0.000374354775229,-0.00946037050064
2024-08-23,0.0337953269759,0.044179013354,0.0159491101306,0.00902061070691,0.00664623800204,0.0953390554364,0.0241228700477,-0.00762137560971,0.0731559603805,0.0333839072309,0.0194804264663,0.031214146198,0.0119850458464,0.00321809828886
2024-08-26,0.00293399238784,0.00228710682492,0.0047093402721,-0.00319298034556,-0.00165053368776,-0.0232107807304,0,0.00219417910705,-0.00281685211577,-0.0198237927558,0.00187331989378,-0.028026937267,-0.0051814332695,0.00944634534836
2024-08-27,-0.00961118974595,0.0230081634274,-0.0117185327752,-0.0121713006737,-0.0071646571207,0.0495048219865,-0.00942191723296,0.00109475750733,0.0367231943474,0.00898878332364,-0.0123408397932,0.0288350967137,0.000744049347157,-0.000825486342949
2024-08-28,0,-0.0156134109913,0.00395244003046,0.0162124182683,0.00915923461259,-0.0216981243191,-0.0121054466688,0.0215964724005,-0.0376022740671,-0.0215293315403,-0.0102235221552,0.0112108207523,-0.0055761088207,0.0041527753407
2024-08-29,-0.026160559916,-0.0422960422996,-0.0125984261028,-0.00255259433194,-0.0220022462072,-0.0192862954042,-0.0236324237741,-0.0109712330271,-0.0345412331599,-0.0220030423336,-0.0214230515905,-0.0476719122308,-0.0246729519932,-0.00948712721342
2024-08-30,-0.0116985826952,-0.0339116767052,0.0111644103832,0.000639763467517,0,0,-0.00986085847728,-0.00703454154624,0.0146627789949,-0.0566330489378,0.00234554727183,0.00814883885672,0.0126485145458,-0.000271976830514
2024-09-02,-0.00789113658347,-0.0204081419218,-0.0197161025442,-0.00255749055534,-0.00731173809063,-0.0412979966654,-0.0108645899705,-0.0079700457831,-0.0208093240754,-0.0156249906349,-0.0113105132325,0.013856950709,0.0060560320169,-0.00752183759301
2024-09-03,0.00751197875256,-0.012291658882,-0.0225261663475,0.0108428633606,0.00283309670754,0.0215384950286,0.0132721018698,0.0162133636227,0.0171191981408,-0.0242272428923,0.0094674787691,0.0216401351463,-0.00413842148542,-0.00465250664908
2024-09-04,0.0223685172208,0.0107571531952,0.0329218527664,0.00761909632355,0.0022598459742,0.018072301742,0.0198736015372,0.00703073869524,0.0145095999416,0.030821983749,0.0136772440057,0.0066887245879,0.0396675991576,0.0130849329751
2024-09-05,-0.00171572897312,-0.00876462382163,0.00318714682664,0.00882156481915,0.00281849519837,0.0157790236921,-0.0101860179702,0.00644478687832,0.0314646633951,0.0215946427271,0,0.0066446602018,0.011627859325,0.00287265540625
2024-09-06,-0.0090248460376,-0.00336836737483,-0.0285941026316,-0.0193627981479,-0.0165822479635,-0.00776700735519,-0.0143176326938,-0.0141408090054,-0.017193687072,-0.0406503232316,0.000385512628189,-0.0231022755867,0.00466951453209,-0.0141389869745
2024-09-09,-0.00477020881616,-0.0177440117343,0.00572369984669,0.00318467322209,0.0171476750469,-0.0273972700357,-0.0104404125907,0.00974274009591,-0.00846493043905,-0.0237288617151,-0.00192682032738,0.00788287078214,-0.0171612831131,0.00122610944327
2024-09-10,0,0.023440933883,0.0113820813974,0.00317449104419,-0.00814857757107,0.0100603583822,0.00504586618782,0,0.00626065662306,-0.0164930446503,0.0239382149936,-0.0223464108332,0.0309203693914,-0.00309491824814
2024-09-11,0.00130728406273,0.0132380985882,-0.0249196398435,-0.0113924071596,-0.0195465350449,-0.00298796379293,0.00182574854085,0.00187639378256,0.0265836349261,-0.00529568614823,0.012820609508,-0.0228569532418,-0.00423430744102,0.00265783204288
2024-09-12,-0.00826795221593,-0.0138947032444,-0.00659517548071,-0.00448159674282,-0.0158912771187,-0.0059940448276,-0.00227793499341,-0.0109685522187,0.0126720992463,-0.00887313290742,0.0014890774871,0.00818696136603,-0.00921327355955,-0.00481151198794
2024-09-13,0.00219400149404,0.0166140604,0.00663896059082,0,0.0246622672936,0.0592964157855,0.019634747833,0.00108198714431,0.0304679797401,0.0384960054824,0.0230483194215,0.0359629811399,0.0218168939591,0.00636429429452
2024-09-16,0.0161992990194,-0.0128258110979,0.00247321231595,-0.00771680063047,0.0111746694058,0.0284630866985,0.0129870796256,-0.000270445836272,0.0221753940945,0.00775859182815,0.0029071101065,0.0134378284059,0.00490018540289,0.00174967749589
2024-09-17,-0.00990934293544,-0.0121541954821,0.00822367348172,-0.00648102135641,-0.000850055228962,-0.013837632267,-0.0154731509279,-0.00243239422559,-0.0149795440105,0.0162531082898,-0.0159419656441,-0.012154752221,-0.00940437508128,-0.00116934827336
2024-09-18,0.00696277721768,0.0133643795493,-0.0106035836992,-0.00587076872934,-0.00141815513723,0.00935453276242,0.0179613547762,-0.00568921797027,-0.00367067317872,-0.0303029214151,-0.0044183489121,-0.00223705681604,0.00879049133081,-0.00898043864849
2024-09-19,-0.0103719982018,-0.0307724187857,-0.0107172246882,-0.013779281131,-0.0142004286913,-0.00370719244704,-0.031759968483,-0.00272493740629,-0.00736826756995,-0.0312500649608,-0.0184911807925,-0.0224215650954,-0.000697108547333,-0.0046729670724
2024-09-20,-0.0240174895058,-0.0356370292025,-0.0333332898459,-0.0186293980307,-0.0397578605867,-0.0381394620495,-0.0323462373274,-0.0109289739447,-0.0434782443455,-0.0725806609614,-0.00753578709953,-0.0642202394184,-0.0233694624853,-0.0154593871833
2024-09-23,-0.00760598729388,0.0123178905237,-0.0344828020564,-0.0257628467735,-0.0162017503969,-0.0174082364775,-0.00517899634623,-0.00584494490223,-0.0182927055391,-0.0318839760353,-0.00835224374058,-0.00980390682881,-0.0260713806899,-0.0037920115973
2024-09-24,0.00315580715408,-0.00862823986514,0.00446432648375,-0.00139177092876,-0.00274465894252,0.018700842332,0.00851867601633,-0.000279754307057,0.0536420797522,0.0169659472579,0.00612561519166,-0.00371278129706,0.00953430823739,0.0121622449605
2024-09-25,-0.0143819196232,-0.0417317656836,-0.0326633965357,0.00627153938989,0.00458710379341,-0.00772928455038,-0.0112622634043,0.0126016193537,-0.0227806155195,-0.0186456188048,-0.0220701320231,-0.00993795687893,-0.00108975931294,-0.00431308453646
2024-09-26,0.00319167794532,-0.0121100746994,0.00556080959449,0.0256234244658,0.00974113371387,0.0146055376295,0.00664449354984,0.0127210748507,-0.00387382430775,-0.0200000416472,-0.000778144444491,0.00125470321292,-0.0312727982685,0.0108218199505
2024-09-27,-0.00590867880206,0.0106082239684,-0.0110602113653,0.00877789652649,0.028037397984,0.00383872981437,-0.00377181888901,0.00382300183031,-0.00944461427323,0.0204082066298,-0.00545165861509,0.0137845253707,0.0176427973835,-0.00210510487933
2024-09-30,-0.000914560653157,-0.0163283992977,-0.00186383996167,-0.0160644359286,-0.0243400648131,0.0038240503184,-0.00236614562374,-0.017682254686,0.0128996580098,-0.0299999583528,0.00430697255778,-0.0309023833609,-0.00663963092807,-0.00688615987343
2024-10-01,0.000457487365151,-0.00972253587165,0,0.012906978004,-0.0108206672527,-0.0190476114982,-0.00142322617386,-0.0164119272134,-0.0105202458622,0.00206175253689,-0.00272909847643,-0.0140305902894,0.0241365916491,0.00515111974267
2024-10-02,0.0160111852883,0.0136495526744,0.0214753434677,0.0360533660874,-0.0139773861716,0.0106796477397,0.00142525463356,0.00619691242257,0.0268604697767,0.0133744606908,0.00234554727183,0.0206985441222,0.0253806950921,0.00769840371335
2024-10-03,-0.00135073625532,-0.0422868331313,-0.0201096288625,-0.0105262404912,-0.00493063562789,-0.035542811683,0.00474370581205,-0.0246361231732,-0.0212533720676,-0.0121826618122,-0.0101402808184,-0.0468949033994,-0.0328853995207,-0.013803692469
2024-10-04,0.0144274103916,0.0244201577988,0.0027983672571,0.00132976830416,0.00650353751404,-0.00896409863161,0.019830144477,0.00200945129005,0.00835195045938,-0.0061665082424,0.016154276733,0.0066490171625,0.0127971405118,0.000911355489398
2024-10-07,0.0143715778289,-0.015169580263,-0.0186045880324,0.00929609101215,-0.00369230306152,-0.0331658361867,0.00648145666472,0.00658840263554,-0.0226395014961,-0.0165460533541,0.00193877431496,-0.00132100194108,0,0.00171482335802
2024-10-08,-0.00176770407888,0.0227384258776,0.0142179848406,0.0013159183346,0.00710317756321,0.0124739857174,-0.00689972418117,0.00597609360769,0.0169492024214,0.00630916173447,-0.00386996485918,0.0185185802912,0.0140793440356,-0.00383281067733
2024-10-09,-0.0256746639615,-0.0114751395457,-0.00186935555735,-0.0197108460213,-0.00582660689261,0.0112937796995,-0.0226956992208,-0.0183875810076,-0.0199999263393,-0.0344827773787,-0.0116549990142,-0.00389618620401,-0.0352438310767,-0.0117859967151
2024-10-10,0.00726936745321,0,0.00655446515793,0.00536177822281,-0.0132633977019,0.0436547147795,0.0161137509387,0.00547546789539,0.0260768578247,-0.00324681653886,0.0196540664824,0.0156454368046,-0.00627303955902,0.00300857173635
2024-10-11,-0.00225547666326,0.0108827284413,-0.00558140528852,-0.0133331440199,0.00500172581149,0.0719844659235,-0.0111940676336,-0.00745193120767,0.0337018802334,0.0260588024159,-0.0131071080979,0.0474967159561,-0.000371371296364,-0.0027694030824
2024-10-14,0.0090416797463,0.00574163715734,0.0177737972402,0.0148645752151,0.0146189284494,0.0571686825929,0.00566039668005,0.00635281541273,0.0106895433761,0.0370369472625,0.010156124494,0.00735309717291,-0.00445773711807,0.00779278724845
2024-10-15,0.00761646887106,-0.000238004564852,-0.00367657164521,0.00865507904717,0.0147148184864,0,0.00140711066081,0.0114777967624,0.00211524703216,-0.0102039970719,0.0100542563601,-0.0243309428109,-0.00186556326958,0.000290065264684
2024-10-16,0.00177870779976,-0.0159408559596,0.0129150558805,-0.0033002096481,0.00362543446349,0.0609443092657,0.0014051334825,-0.00595744497424,-0.00844337871086,0.0103091920373,-0.00306268795335,0.019950092475,0.00448599127149,0.00539517562937
2024-10-17,-0.00266332442371,-0.0087040774731,-0.0236792710318,0.00662249689163,-0.00090308454205,-0.00889970600027,-0.00748356122177,0.00199769218527,-0.00425751220059,-0.0234693845028,0,-0.0244499223653,0.00521028319846,-0.00726375711575
2024-10-18,-0.00400545101966,-0.0148780062028,-0.0065300062601,0.00789492004196,-0.0018077407844,-0.00897953706468,0.0018849257473,0.00484207168915,-0.0165688428511,-0.0177638286384,-0.00422435315592,0.0213032253943,-0.0314698579294,-0.00224782671856
2024-10-21,0.00670273515994,0.0123792883783,0.0187795708135,-0.00261114811788,-0.0114699423428,-0.0156507852603,0.0108183575287,-0.00510248981462,0.00271747452508,0.0287234093222,0.00385653239896,-0.0122698365522,-0.0114679155107,-0.00104981647369
2024-10-22,-0.0160136144457,-0.0161408943946,-0.0221199458535,-0.0065442632389,-0.0128243803321,-0.0276150681529,-0.0195439026444,0.00170979341211,-0.0157182137644,-0.0382626945458,-0.0249711184927,-0.0198758290909,-0.012760932886,-0.00491707706233
2024-10-23,0,0.00422578060546,0.000942264845377,-0.00395258609836,-0.00185589024153,-0.0206540895955,0.00332224677492,0.00625698113175,-0.0110131617263,-0.0161290105894,0.00236394839963,0,-0.025460416408,-0.00376191981252
2024-10-24,0.00545974952984,0.0269801741316,0.0150661376138,0.00198380190419,0.0105360984981,0.0518453776534,0.00378440339711,0.00904477169864,0.0484410226387,0.0360654790075,-0.0129716265528,0.049429580936,0.024919672644,0.00645346002956
2024-10-25,-0.0090497253746,-0.0231382489817,-0.00649356571105,-0.014521469971,-0.00122665734479,0.0785295899467,-0.00754017663624,-0.011204514976,-0.0191185459999,-0.0369196377481,-0.000398421480975,-0.0157004598288,-0.0309804236236,-0.00133777207132
2024-10-28,0.0109587619882,0.0074020439044,0.0168068493535,0.0180845153327,0.0217990866373,-0.0302090166643,0.0113959556494,0.0121813162855,0.00216583012165,0.0372396007659,-0.00159357410892,0.0527608240315,0.0206394244303,0.0101622104347
2024-10-29,-0.0049680285147,-0.0164095668574,-0.00550974606059,-0.0144736267665,-0.00961539395889,-0.00479236319847,-0.0117369655857,-0.0106353202805,-0.000540367305226,-0.0253431361932,-0.00079810038806,-0.0419579752976,-0.00832662432418,-0.00368103770206
2024-10-30,0.00453913603464,0.013446239923,-0.00461676555618,0.0033378859143,-0.00940520147691,0.0593899879752,0.00712589119,-0.00282888065932,0.0064865697093,0.0400867056653,0.0167730790729,0.0401460017426,0.0255896597128,-0.000696091180295
2024-10-31,-0.000451852270899,0.0132679423237,-0.0148425181922,-0.0439120689147,-0.00398158213383,-0.0128787670396,-0.00283024574942,-0.00652499858112,-0.00268523939766,-0.0145832565101,0.00510615023521,-0.00701761182777,-0.00311883709138,-0.00708823551926
2024-11-01,-0.0253167066372,-0.0300679806197,-0.0188322335326,-0.0180934567542,-0.0255227581708,-0.0237911931727,-0.0350047092283,-0.00549500215713,-0.0247711640137,-0.0634249697166,-0.0214927887479,-0.0141344134828,-0.032459868683,-0.0122732494045
2024-11-04,0.0324675728422,0.035750028025,0.0422262650743,0.00134424768286,0.0444933934191,0.0558176163003,0.0323529049496,0.0135017594519,0.0392049824239,0.103837456398,0.0247603744816,0.0931899904255,0.0537590092327,0.0186854613998
2024-11-05,0.00539097038998,-0.00241374846055,0.0101291719313,-0.0127568986351,0.00211473499864,0.00521211600057,-0.000474763875604,0.030044994132,-0.00637627595341,0.0204498348323,-0.00545582709972,0.0284153327027,0.00268512337825,0.00111864536643
2024-11-06,-0.0107240258036,-0.00798452918039,-0.029170515811,-0.00861462724313,0.00331628151394,0.0229630620088,-0.016152026397,-0.00467791508791,0,-0.0250499985916,-0.0090125532283,0.0318810016215,-0.00841623915583,-0.00244908580219
2024-11-07,-0.00542008729609,-0.0153658814001,0.00563381294412,-0.0108614698529,-0.0063099523515,-0.0876177315829,-0.00965720349051,-0.0146529612993,-0.0331550895575,-0.0359711375697,-0.015816510161,-0.127703341739,-0.0374228072824,-0.00505596857474
2024-11-08,-0.0131699006541,-0.00297250978522,-0.0373481461584,-0.0109809006935,-0.0172361895133,0.0126984404846,-0.0199901462064,-0.0157125957362,-0.0613938158122,0.0234539826438,-0.00843712189665,-0.0153483438431,0.0252504359751,-0.0142810875835
2024-11-11,0.000920653665148,0.00447216401238,-0.0145490558516,-0.00370116084273,0.0338460388419,0.0548589915517,0.00497509104216,0.00114017746709,-0.0135533796388,-0.0208332700671,-0.00648302526885,0.0671462604361,-0.0160280654903,0.000344207150121
2024-11-12,-0.00689661872528,-0.00816248108498,0.0147638560173,-0.00520060831781,0.00892865145535,-0.0386331066489,-0.00594071367179,-0.0119588054758,-0.00119472302142,-0.0180851998253,0.000815591797283,-0.0471910921191,-0.0166865683011,-0.0013763548493
2024-11-13,0.0111110725416,0.0269328274085,-0.00775967043031,0.00672142816178,0.00177005839619,0.0139103664226,0.0014941042197,-0.0051875689459,-0.00837320624978,0.00325033440745,0.0126325169261,0,-0.0177778175585,0.000281915143542
2024-11-14,0.00503679046952,0.0225838191278,0.003910278055,0.00370914952893,0.00559456674723,-0.119664572738,0.00198906697875,-0.00289668530625,-0.00542827811234,-0.0280777013246,0.0321932063551,-0.0554244481177,-0.0127519415583,0.000454068611333
2024-11-18,-0.0132118968351,-0.00736171855645,-0.0262902596208,0.014042930014,0.000292968472568,0.0380952749846,-0.021339998346,-0.00348656178694,-0.0115220846477,0.0255554352413,-0.00779718054887,0.022471875694,-0.00208329609715,-0.000187805183423
2024-11-19,0.00991760140589,-0.0148325286017,0.0020000035184,0.00728853280358,-0.000878174655816,0.0333611180674,0.0233266018856,0.00903794788388,0.0159509419892,0.0162515592333,0.0168957136604,0.00366316461538,-0.000417579508702,0.00335764823743
2024-11-21,-0.0276754446281,-0.0332684985097,-0.0199600116082,-0.0036179782398,-0.0275418444162,-0.0104923443866,-0.0208126079352,-0.0173358669824,-0.0531401294266,-0.0255865160662,-0.0185472649472,-0.0194647708319,-0.0309105959429,-0.00994563055298
2024-11-22,0.0175521207442,0.0258727618784,0.0203665277383,0.00217894572455,0.00331428278425,0.0154974271092,0.0283399726533,0.00294034554791,0.0299745136303,0.030634639609,0.0125985932464,0.023573163118,0.0245689775653,0.0173649958242
2024-11-25,0.00093223883455,0.0205681085151,0.0119761722062,-0.0144926395876,-0.00570575424451,0.00963861784861,0.0118109655912,-0.000293335779159,0.00371518094492,0.0626326621291,0.00233269884378,-0.0109091563998,0.0180900277024,-0.000696993634125
2024-11-26,0.0121101249211,0.018713942932,0.00394457550961,0.00661755718248,0.0214436825808,0.00477330090104,0.0257784230621,0.0190617314888,0.049969042165,0.06293714513,0.0131886177278,0.0453432361345,0.0256198090573,0.00686630087727
2024-11-27,-0.0317530999094,-0.0720677626938,-0.0412574428776,-0.0270272347667,-0.0523359374286,-0.0546318550024,-0.0426744422002,-0.0244605674814,-0.0517039153066,-0.0939849598309,-0.0486217465521,-0.0703400239516,-0.0483480539287,-0.0173411739351
2024-11-28,-0.0556083142013,-0.0949238848274,-0.0624998542128,-0.0420419880335,-0.0358813883287,-0.130653248817,-0.0430906657069,-0.0359881269816,-0.101610818967,-0.067427470258,-0.0430583600532,-0.146279981098,-0.0601185916169,-0.0239603975906
2024-11-29,-0.00905923139612,0.0288837569793,0.0120218224498,-0.0101878641875,-0.0200646897371,0.0183043838007,-0.00879902089056,-0.00244797776171,0.0386206932588,0.00444951355776,0.000420529736052,0.0295420528767,0.0328829121,0.00849049032983
2024-12-02,-0.012188753734,0.00463361825643,0.0118790150401,-0.0213779141065,-0.00891678232752,-0.0227057231852,-0.0214099154222,-0.0141903475915,-0.00464807478676,0.0188260001388,-0.0134511197371,0.0272596443773,-0.0187527237717,-0.00343762930897
2024-12-03,-0.00719808023407,-0.00325545151128,0.00960497457503,-0.00332713390183,0.00199923004993,0.00774445055574,-0.00320177202834,0.0112082711288,0.0273515814626,0.0119564908629,-0.0123560889263,-0.0167596574143,0.00844441858696,0.00721038678974
2024-12-04,-0.00258923158142,-0.0449102544626,0.0116279845669,0.0113825138017,0.0216162770377,-0.0182517330156,-0.0160599586712,0.00615740957456,0.0168830632722,-0.00751875747195,-0.0133736814096,-0.00852271407084,0.00308511085861,-0.000412243635989
2024-12-05,0.0176531358618,0.00883436003921,0.0219437773898,0.0136654022302,0.00911468219541,0.00391395389155,0.0353646758336,0.0214198604775,0.0191569934105,-0.00541121065556,0.0362920743496,0.0358166605996,0.0228470622317,0.0140458572256
2024-12-06,-0.0122449509497,-0.039830459914,0.0153373963735,-0.0229974367027,-0.0125807105291,-0.0194930672861,-0.00998434759866,-0.0203714944136,-0.0206765691733,-0.0707290316214,-0.0202532135173,-0.0663900293678,-0.0240550369224,-0.0149540896933
2024-12-09,-0.000516439105839,-0.0225904604054,0.00704930543332,-0.00649390061072,-0.00784056544091,0.0129222718353,-0.00159244214687,0.00489309733495,-0.0153550554072,-0.00936770091436,0.00258421001206,0.0103702526431,-0.0184858694563,0.0100360471948
2024-12-10,0.0118862152976,0.0379669970068,0.0160000281472,0.0196084017796,0.0154757517871,0.0559372544471,0.0132906622643,0.0135349242125,0.00649777017992,0.0307327402131,-0.00558439137508,0.0322581160964,0.0179372602284,0.00800251552551
2024-12-11,0.0209398884328,0.00235985194067,0.0226376816938,0.0176279961539,0.0191310799027,0.0130112048962,0.0178385226748,0.00970002324341,0.0271142678613,0.0561926652745,0.0198705337939,0.0369319546013,0.0114536811792,0.010645100914
2024-12-12,-0.0325164566601,-0.0573867331264,-0.010587072692,-0.0346457057423,-0.0216353743992,-0.0596330945133,-0.0314431247974,-0.0249175469793,-0.0541798579758,-0.0901194079626,-0.0381195733327,-0.071232943731,-0.0474737565787,-0.0274011713596
2024-12-13,-0.0144778110796,-0.0330938990627,-0.00583658645106,-0.0130506349136,-0.0185366112088,-0.0331707791416,-0.0212880972544,-0.0129312203781,-0.00146185362127,-0.0214796981843,-0.00924693576051,-0.0412979692051,-0.0210335166593,-0.011345424541
2024-12-16,-0.0146901428868,-0.0151759781086,-0.00978465239089,-0.0165288691272,-0.0430749087938,-0.00403628350739,-0.0119630109002,-0.0109167727003,-0.0292826328126,-0.0536584619499,-0.0204443846902,0.024615345899,-0.0186828074695,-0.00844220460309
2024-12-17,0.00106483726414,0.0134425978135,0,0.0075629801416,0.0117727805827,0.0151976677127,0.00550365197201,0.00536113517203,0.00829551038138,-0.0373712117405,0.00635202295266,-0.0165163888248,0.0138029341408,0.0092101003561
2024-12-18,-0.0340424996729,-0.061792252463,-0.0256917442657,-0.041701647673,-0.0547569301899,-0.0568862822594,-0.0322933506234,-0.0285446606777,-0.0575915518138,-0.100401474881,-0.0238954968867,-0.0870229639915,-0.0286384208146,-0.0314840655023
2024-12-19,0.0055065175917,0.0224137329507,0.0121704071097,0.000870727806266,0.0329470198918,0.0201059874054,-0.00226245115589,0.00548931593278,0.0325397585307,0.061011795245,0.00323332044496,0.0953178016086,0.0265828024985,0.00344450700493
2024-12-20,0.0323112381958,0.0455311758123,0.0290582192988,0.022608633787,0.0178295857078,0.0114106088032,0.0357142653653,0.0115605364198,0.0322829424423,0.0238428217081,0.0313074978269,0.00763347102072,0.00235410172928,0.00754200085817
2024-12-23,-0.0165455570113,-0.0535482997251,-0.00097366107244,-0.0178573838609,-0.028193494824,-0.0594871754377,-0.0426930310226,-0.019364827855,-0.0595681613018,-0.0438354994056,-0.0358528307899,-0.0621211158941,-0.0624706404733,-0.010933481843
2024-12-26,-0.0103147251753,-0.0173825037983,0.00682237094587,0.00779225957141,-0.00358177189021,-0.0403489239254,-0.00400215750102,0.0064742461565,-0.00395888890707,-0.0644699740913,-0.0159102978351,0.00969292719442,-0.0365732779235,0.00257520680318
2024-12-27,-0.00329121684504,0.010752688172,0.00290421810356,-0.00773200974447,-0.00862675050271,-0.0374999467973,0.00114805183715,-0.009971142445,-0.0152609820589,-0.00306271400611,0.00760819081822,-0.0160000846236,0.00208019283177,-0.00668164323824
2024-12-30,-0.00330190000711,0.0150995079422,-0.00386091091647,0.000866010915086,-0.0137780733102,-0.0495867875187,-0.00974753842065,-0.0016241837459,-0.00818346786244,-0.00153618147189,-0.0051911725162,0.00650427731871,-0.00103798956095,0.000116405723836
2025-01-02,0.000551964747398,-0.0148749042079,-0.00545688912197,0.0118464164063,-0.00367643626161,-0.0305385880578,-0.00231651198616,-0.00463486399857,-0.0099006969694,-0.0107692540572,-0.00680828600454,-0.0840065435049,-0.0363636173421,-0.0013135688335
2025-01-03,-0.0132448470703,-0.00892242013965,-0.00980410443529,-0.0159089404083,-0.0140222597008,-0.00401610200273,-0.00928592936818,-0.0245339601132,0.0124998916269,-0.0264385460387,-0.0121772243408,0.0282186507885,-0.0242586538828,-0.0132528616025
2025-01-06,0.0134226277218,0.0578254669963,0.0277229890271,0.0196431135931,0.0368203278642,0.0470430085038,0.0169887217996,0.0449363710057,0.0312756038075,0.062300371033,0.0320512558539,0.00857643320405,0.03977898278,0.0125619025925
2025-01-07,0.00110362920825,0.0252046489778,-0.00674376449225,0.014010557414,0.017785926896,0.0346598917504,-0.000575952089679,0.0109112878867,0.043096644645,-0.00751873460051,-0.00382233298686,0.00340135502454,0.00743880450078,0.00950659045842
2025-01-08,-0.025909562823,-0.0213921688517,-0.000969950196788,-0.0155440604283,-0.00427959702967,-0.044665060235,-0.0184436369568,-0.0161904738432,-0.0153022779229,-0.0651515698876,-0.0191847055208,-0.0355932782949,-0.00263697763657,-0.0126936440993
2025-01-09,0.00452770105017,0.00163141197779,-0.00970871944608,-0.00701752076346,0.0243553281046,0,0.000587230527583,0.00258121764134,0.0101010950882,-0.025931983387,0.00244503176169,-0.00351493301516,0.00317282480665,0.00130407523511
2025-01-10,-0.018028417151,-0.0192182264097,-0.0392157119747,-0.0123676663353,-0.0304196238645,0.00259738395337,-0.014084730515,-0.0138393326748,-0.012307788544,0.00332788084872,-0.0126829572294,0.00705478290336,-0.0247759655151,-0.00772242676217
2025-01-13,-0.0149167463906,-0.0136167824079,-0.00102042722362,0.00357795221913,0.0212765545479,0.00777209408013,-0.00892839355263,0.00718000401332,0.000778848202568,-0.0364844073683,-0.0118578208065,0.0175129862208,-0.00648650131491,0.00127044490812
2025-01-14,0.0232964465328,0.0202019395304,0.00510724274861,0.018716261877,0.00706218825035,0.0269922207082,0.0360361567662,0.000648022816246,-0.0186770661398,0.0172118321165,0.0240001309908,-0.012048291707,0.0119695596417,0.00245363718101
2025-01-15,0.0438247953113,0.0369637133346,0.067073171369,0.0349959976438,0.057503506018,0.046307864577,0.0237679888727,0.0433939530978,0.0467883333844,0.077834079645,0.0209959774062,0.0993032318737,0.0596773926356,0.0280890870837
2025-01-16,-0.0212649614526,-0.0280075506312,-0.0219046819645,-0.00845331011065,-0.000994694151329,-0.0669856436532,-0.0283127227636,-0.0031035823726,-0.0598484464637,-0.0675039101492,-0.0248683535077,-0.0522978606933,-0.0324707994643,-0.0115450468814
2025-01-17,0.00334243088489,-0.00720376436691,0.00778952335195,-0.0119350096862,-0.00265526880876,0.0243589917096,-0.00233089338066,0.00716050932519,-0.00644650724084,0.0202020644654,0.00686613490646,-0.0217392097216,0.00681705831768,0.00920533843641
2025-01-20,0.00222092629019,0.0346307306187,-0.00289850579547,0.00345119278684,0.00565727806096,0.0187735192471,0.00408876961533,0.00958276818838,0.00567718491805,0.00825075689638,0.00828061495416,-0.00170939912034,0.013020809569,0.00157744176543
2025-01-21,0.0033244719177,0.0025501745897,0.00484495235666,0.00085983075501,0.0059564474836,0.0147420306735,0.005235532299,0.00214334664972,0.00967747458974,0.00818332418395,0.0135265188147,0.0188355878611,0.0113109756224,0.00648751866692
2025-01-22,0.0127000076849,0.0241653338965,0.0057859302021,-0.0137457535905,0.0161183633847,0.0460048715154,0.0202546712333,-0.0036665265872,0.0487220092398,0.0340908994873,0.00142986254435,0.0369748494047,0.0289781548617,-0.00296745528548
2025-01-23,-0.00872428226538,-0.00186273549514,-0.00767022726022,-0.00783968453313,0.000971251671542,-0.0023149132674,-0.0221214317982,-0.00214655642813,-0.00990091164649,-0.0125587339632,-0.00428365529862,-0.014586687328,-0.0103754680652,-0.00397651497902
2025-01-24,-0.00713634645055,-0.0108865508048,0.0019324034387,-0.00790153534504,0.00226379767608,0.019721609758,-0.0121808130391,-0.00245834168725,0.0130768875223,0.0127184617407,-0.00525812407032,0.0328947973172,0.0104842470355,-0.000293918339688
2025-01-27,0.0378619983296,0.0424528765822,0.0183221288352,0.0247787263128,0.0216198821216,0.059158161826,0.0463886148808,0.0240294626233,0.0364464330754,0.100471015861,0.0350794335084,0.0238853114343,0.0474309385861,0.0197228188522
2025-01-28,0.00214612048576,0.0180995383426,-0.000946987403626,0.00431771630139,-0.00789641406186,0.0204080693966,0,0.00180502273551,-0.0161171779994,-0.035663266367,0.000928240122046,-0.00622093592072,-0.0325471934257,-0.00645512645961
2025-01-29,-0.00481823649029,-0.00444450442874,0,-0.0103183431029,-0.00573059136107,-0.0263157591289,-0.00785631181772,-0.00240246094309,-0.00297837064834,-0.0251479812837,-0.000463736525646,-0.00156472956631,0.0102387831839,-0.00502998645773
2025-01-30,0.0376547415863,0.0321429805277,0.051184719828,0.054735331131,0.0262568038451,0.0648649387724,0.0446831545111,0.0243828943319,0.0380881802966,0.103186629532,0.0352667998863,0.0407521746116,0.0622587838918,0.028201762914
2025-01-31,-0.0150338547669,-0.015282607393,0.00901720956409,-0.00411872557706,0.0162247182924,-0.00609142762742,-0.00216557283363,-0.00646467391044,-0.017985736788,0.026134785086,0.00403413817968,-0.0195781804625,-0.0263516259112,-0.00613018366913
2025-02-03,0.00578949526906,0.000585536486588,-0.00268101541115,-0.0016540519866,-0.0175008129619,-0.00408577253764,0.0113944225802,-0.00924332922519,-0.00659328847953,-0.0321715117981,0.00937498787348,-0.00614459233996,0.00653281825851,-0.00130812224997
2025-02-04,0.00156995985046,-0.0152179269579,-0.00806448343037,-0.0017477051515,-0.0118750934874,-0.0174359250921,0.0107296507609,0.00358431460684,-0.0280236502052,0.00277008889478,0.000442379529808,-0.00154548743163,-0.0101992809152,-0.00653330157974
2025-02-05,-0.00104499929337,-0.00326898906869,-0.00722678164958,0.0232752365546,0.00253021007435,-0.0114821203627,-0.000530814048957,0.0151784654018,-0.0121396198856,-0.0497239324967,-0.00442094550503,-0.0294119291712,-0.0281030124648,0.00309236338066
2025-02-06,0.0020921849185,0.02653546323,0.0209283229503,0.0138100579632,0.0126181176356,0.0242870978835,0.000531095962155,0.00175902011499,0.0230414412128,0.0741281509156,-0.0115452310518,0.0478470397442,0.00240949823311,0.00550448484076
2025-02-07,-0.00313149283667,-0.0162649225136,-0.0231730617202,-0.0392630084659,0.000623155746439,-0.00515465346382,0.00743096990023,-0.0073163075627,-0.0367867824188,-0.0433018475957,-0.00853546074334,-0.0547945390221,-0.0389422529506,-0.0127233115468
2025-02-10,0.00837680199562,-0.0165336582825,0.0127738685131,0.000833882810305,-0.0177459376622,0.0134714575686,-0.0168598045995,0.0109080502614,0.0218239185845,0.0268740997357,0.0104212978508,0.0096617111494,0.0155077386568,0.00764730899783
2025-02-11,0.00363459401101,-0.0183128757285,0.00720715612512,0.0233334271364,0.0244056001664,0.00920254113345,0.0117898033923,0.0104986445544,0.0114417115268,0.00137741343141,0.00582951974743,0.0350877784176,-0.0216748270972,0.00756538081738
2025-02-12,-0.00672538415876,-0.0373089220937,-0.0125224112196,-0.0456025197453,-0.018873707035,-0.0506585994274,-0.0153601436071,-0.0277056355239,-0.040724126808,-0.0247593379207,-0.0057957334051,-0.0400614693627,-0.055387736158,-0.0169298620003
2025-02-13,-0.00572907154788,-0.00889445656957,0.0117753964916,0.0136518104146,-0.00315359764554,0.00640347549828,0.0199031620579,0.00534277288345,0.0298744390218,-0.0112834493134,-0.000448347893309,0.00321015820392,-0.0159916146168,0.00377874256311
2025-02-14,0.0214770772124,0.0262820012541,0.0376005903418,0.0260944758954,0.0452389801774,0.092258662107,0.0311181198065,0.026572044616,0.0419845026976,0.0527817797806,0.0251233691127,0.0831999820284,0.0287108493501,0.0269843812575
2025-02-17,0.0174362209773,-0.000936927081087,-0.00086274026824,0.00164075880017,0.0115009994144,0.0330097626189,0.0179029534624,0.00201330801928,0.033699617632,0.0785908111419,0.0144419173451,0.0295420528767,0.0305423543207,0.00506945148535
2025-02-18,-0.0156254400886,0.0256330287149,-0.0051812666244,-0.000819213418168,0.00299241643488,-0.028195472712,-0.00804022821254,-0.00167280500294,-0.00425225230106,-0.0351760184148,-0.00905952241836,0.00430425216149,-0.0158404546208,-0.00261505870302
2025-02-19,-0.0148489964445,-0.036269407842,-0.0130208977294,-0.0180325766366,-0.0190931998173,-0.0280464598527,-0.0309016496026,-0.00933743209463,-0.036298986056,-0.0299477803019,-0.0178494251766,-0.0300000506309,-0.0202492133659,-0.00951514019855
2025-02-20,-0.0031183573342,0.00569254356455,-0.00703619154194,-0.00250437048042,0.0127737125845,-0.00497513818177,0.0141137677958,-0.00273625915322,0.0125555152375,-0.0107383474225,-0.0035460735535,-0.0235640293213,0.0190777297207,0.00229363202916
2025-02-21,0.00367621923411,-0.0251572430833,-0.00619992969697,-0.00920486801077,0.000300379690678,-0.020999998805,0.00154647491276,-0.00304884022931,-0.140043770115,-0.0122116250319,-0.0129004080335,0.0135745369004,-0.0036401018198,-0.00370686750104
2025-02-24,-0.036535021393,-0.0745161224794,-0.0338681729128,-0.017736505928,-0.020114142244,-0.0612869949533,-0.0499181349374,-0.00550482687075,-0.0500423880476,-0.0563186591192,-0.0198285627613,-0.0877974943806,-0.0443632017066,-0.0135847334969
2025-02-25,0.00866765047843,-0.0338097084293,-0.0036901058657,0.0120376910168,-0.00643375750849,-0.00217637124446,0,0.0101477886802,0.00982145159113,0.0742358138166,0.00505737563145,-0.00163143001684,-0.010923017529,0.0046171880607
2025-02-26,-0.0112783171771,-0.0335497082343,-0.0148147118335,-0.0195410245368,-0.00123350654097,-0.0239912138427,-0.0213113832978,-0.00243512727831,-0.0442088784394,-0.00271010337599,-0.0187555923147,-0.016339734257,-0.0254003892132,-0.0096126369265
2025-02-27,-0.00706119309507,0.0104515668614,0.005639009629,-0.00606592710933,-0.010805775392,0.101675971189,0.0184254220578,-0.00091547476072,0.0434783804256,-0.00679349315696,0.00419578468864,0.0132889022636,0.00396607199358,0.000240444341142
2025-02-28,-0.0103939181772,-0.0395270678684,-0.0280373319775,-0.0200526893702,-0.0143570627875,0.00101424201014,-0.031798173619,-0.0244349812869,0.00443261777241,-0.021887802003,-0.0273909198202,0.00655747925711,-0.0372461343226,-0.0160257694373
2025-03-05,-0.0160309685853,-0.00961535278724,0.012499838076,0.0204630281166,0.0113996109201,-0.0212766944956,-0.0118912441388,0.0149629268787,-0.0114738716291,0.0181818578963,-0.00954670979122,0,-0.0240327640149,0.00201956041987
2025-03-06,0.0185392501019,0.00310667486744,0.0104465406846,0.00867436789654,-0.0153412112661,-0.00207027555634,0.00573059816473,0.00185171959553,0.0196427136082,-0.023351626938,0.0216867481617,0.0358306742141,0.011411377159,0.00252748949588
2025-03-07,0.0121346571111,0.0298102963411,0.005639009629,0.0121213861744,0.0200317796141,0.0912863700657,0.0267806392027,0.00431323264906,0.0437830557734,0.105485236393,0.0183963672393,0.0613207633104,0.0564134332191,0.0135945783816
2025-03-10,-0.00217993189894,-0.0120300017329,-0.0214952494045,-0.0145423779924,-0.00623451212672,-0.00950582346111,-0.00554933089989,0.00889545999566,-0.00503376281519,0.0496182270757,-0.00555832179036,-0.0192593291178,-0.00393486011657,-0.00412684448354
2025-03-11,-0.011468964784,0.00570775973046,-0.00668579541291,-0.00607656940404,0.00156848425163,-0.00575811611575,-0.0267858076153,-0.00881702847162,-0.0134906528224,0.00606061944585,-0.00326013977757,0.0196375348648,0.0316027806374,-0.00812727374939
2025-03-12,0.00718225155369,-0.133938687716,0.00961536654988,0,0.0125274763327,0.00675675610726,0.0166282880398,0.00306746062006,0.0341879845545,0.0337349510943,0.00420539917711,0.0251850435235,-0.0136762340152,0.00289052442372
2025-03-13,0.0153592404195,0.0484927116865,0.104761807752,0.0174674328776,0.0324774226898,-0.0258869169015,0.0186127099934,0.0162077660015,-0.0413222560418,-0.0139859231858,0.0148908216803,0.00144518306292,-0.0110926488052,0.0143140864174
2025-03-14,0.0307944815712,-0.104166679422,0.109482777269,0.0412018640952,0.0167765399386,0.0620078714109,0.0393132931662,0.0325008061154,0.0370690210595,0.134751685765,0.0504353699908,0.0678210594478,0.00112170758887,0.0264253364853
2025-03-17,0.0193919914227,0.0120930897369,-0.0349649723806,0.014839080281,0.0282853042788,0.00556075687577,0.0154501521351,0.0300204638633,0.0390687407362,0.056250013557,0.020951663812,0.00135134923545,-0.0212884518204,0.0145552393433
2025-03-18,0.00668356869256,0.0569851955235,-0.0305958061377,-0.000812422151316,0.019197652977,-0.00368670116656,-0.00839443504713,0.00537620785274,-0.0127999327361,-0.0108482009647,-0.00470277616332,0.0121457299961,0.0206066854807,0.00489933809254
2025-03-19,0.00612891441588,0.0191305123979,0.0257475628609,0.00894311672954,0.00702846349373,0.0268270508015,0.0132274791982,0.00247690382787,0.00486226451552,0.0398805517366,0.00386596170161,0.0453333541742,0.0757152057736,0.00785700703556
2025-03-20,-0.0137055761625,0.0149317634227,0.00404832542754,-0.00483455527821,-0.00697940897256,-0.0693693649239,-0.00939942064239,-0.00926498720225,-0.033064419468,-0.00575274822303,-0.0111254006165,-0.132653027515,-0.0119916319187,-0.00417333293084
2025-03-21,0.0118372104162,0.00882718103292,0.0129033039265,0.0137649490023,0.00646604329339,0.00387218903332,-0.000527121548683,0.00218199284755,0.0358631843463,-0.0260366501688,0.00173079601047,0.0499998195846,0.00686001384543,0.00295555302944
2025-03-24,-0.0157677457865,-0.00374996337499,-0.0127389296456,0.0103832130739,-0.0162009571929,-0.00385725302047,-0.011603420761,0.000933180936288,-0.00563604566482,0.0108911642299,-0.00561547712782,-0.0406160928836,-0.0120543770039,-0.00773735313008
2025-03-25,0.0140256223921,-0.00501880063948,-0.000806218055237,0.0166010301103,0.0068141909708,0.0406582740638,0.0128067164841,0.00807953327247,0.025101212278,0.0244856964602,0.000434500460581,0.0350364405727,0.0164454991038,0.00568835144417
2025-03-26,0.000512253137974,0.0184950627803,0.00428550879492,0.0163296834699,-0.00394803267401,0.0344185891397,-0.00368801224361,-0.0107893605008,0.0126483084479,0.00286812488397,0.00347361626327,-0.00705217533077,0.0250522499978,0.00342247932883
2025-03-27,-0.00256006721799,0.0317789589635,0.000807723199136,-0.00382565648944,-0.0113250936054,0.0134892463238,-0.00211517636937,0.00124645512897,0.0118763852298,0.0362248549617,-0.00778888819689,0.00142045234514,0.0274948678352,0.00474645336553
2025-03-28,-0.0123203376044,-0.0132000933682,-0.0121066477059,-0.0138246545918,-0.000572661299884,-0.0204081488386,-0.0105990383385,-0.0136942078039,-0.0187792693391,-0.0285187797627,-0.00741382531153,-0.0397163472991,-0.00445982158718,-0.00936544773149
2025-03-31,-0.00571713107926,-0.00689088373333,-0.00816987057928,-0.0132403272239,-0.0343839241138,-0.0380434743389,-0.00910537932392,-0.00883559056633,-0.024720992773,-0.0388256938987,-0.0070299142832,-0.0649925163287,-0.00995522404667,-0.0124486361086
2025-04-01,-0.00313663851912,0.00816320375803,0.00988471859808,0.00140114869039,0.0127595930328,0.0433144695076,0.0162160450369,0.000243698685306,0.0310711656378,0.0295566098209,0.0114037373282,0.0489730646637,-0.00904979437256,0.00680945800706
2025-04-02,0.0183535509764,0.0137651982197,0.0130505674227,0.00232642701478,0.0067389724343,0.0523465535245,-0.0122338518731,0.000318472371848,0.0285487007028,0.0708133495525,0.0053026691192,-0.0135540933522,0.0147134283943,0.00032787635249
2025-04-03,0.0427394600048,0.0211660845367,0.0249597665616,0.0192459448508,0.0130964966084,0.0334477433565,0.0511577766293,0.0178288439272,0.0223593761579,0.0545131237176,0.0351648954873,0.0320610153238,0.0299999657637,-0.000373504078055
2025-04-04,-0.0404938824772,-0.0379351014577,-0.0534172299022,-0.0110147758781,-0.0514218327062,-0.0605809293233,-0.0507171054848,-0.0259620560048,-0.0460029248094,-0.0822035125379,-0.0326963683572,-0.0473374033906,-0.0373786759426,-0.0296246025271
2025-04-07,-0.0144106591999,-0.0154471933901,-0.00829877491728,-0.0167064745897,0.0190792676254,-0.0353356980609,-0.00161912947272,0.00192678871752,-0.0418974058113,-0.0637119049659,-0.00395090201911,-0.0279502691458,-0.0272314281408,-0.0131074369774
2025-04-08,0.00208894698746,0.021882865956,-0.0175732296389,-0.0275079495139,-0.00148592221081,-0.00824174446215,-0.00702699593527,0.000320652972121,-0.0107260422054,-0.134122269134,0.0154253678481,0.0239617336945,0.00103670456154,-0.0131859731822
2025-04-09,0.020322794197,0.0395958998675,0.0366270743521,0.0374375547762,0.0127976873563,0.0720220085971,0.0266738811205,0.0182633660078,0.0642202947227,0.112756208456,0.0256075677849,0.042121617686,0.0357329169395,0.0311783881483
2025-04-10,0.00255386747562,-0.0194325874074,-0.0254725811343,-0.00160392107859,-0.0132237312366,0.00775209756787,-0.0127252315909,-0.00409043134409,-0.00705339668992,0.0450359223392,-0.00634783134536,-0.0434132092415,-0.00700001550703,-0.0112757832796
2025-04-11,0.00611303957518,0.0400317519772,0.00674527498172,0.0136546761448,-0.000297756592395,0.0299145262771,0.0204080955583,0.00505510185097,0.0102605934849,0.0254651814255,0.0136286087762,0.0312989644626,0.0020141031841,0.0105021566222
2025-04-14,0.0156961426267,0.0209604092358,0.0192631830347,0.00871625061747,0.0241286663166,0.0307053787594,0.0210525134506,0.0163469766626,0.0164061945275,0.00191022375941,0.0168067509544,0.0364187598893,0.0150753092476,0.0138782287245
2025-04-15,-0.00299100150089,0.00783869473455,0.0073952004006,0.000785622957925,-0.00232708662428,0.00241540141536,0.00567022857794,0.0126818285778,-0.0161413759733,-0.00381316352326,-0.00537190144157,0.0468521526464,-0.00742570975287,-0.00161447309469
2025-04-16,-0.00200005643276,0.0081481028835,-0.0163132510071,-0.00156976218374,-0.00787148303796,-0.0080320710121,-0.00205022934215,-0.00152705619114,-0.0125000316621,-0.0095693984894,0.00207731962577,0.00419579779641,-0.0339151881741,-0.00718016170838
2025-04-17,0.0125251281172,0.0139604356514,0.00995037369685,0.004716857759,0.0205700278298,0.0299594995445,0.0179762856481,0.00183536290945,0.0126582603168,-0.0144927346701,0.000829072567995,0.0543175611742,0.0283944358542,0.0103883351388
2025-04-22,0.000989418857401,0.014492720556,0.019704342457,-0.00391241369835,0.00633465207912,-0.00471702544767,0.0081116593843,0.0195421118309,0.000781134522722,-0.00588236555063,0.00621388817936,-0.0290621327393,0.00753008668062,0.00627844195912
2025-04-23,0.0184662243836,0.00928568965336,0.0185184620714,0.0329929078512,0.0220313776123,0.0205372137787,0.0159220381821,0.0209640983521,0.00780639130633,-0.0591715198632,0.00823368939434,0.0244898523137,0.0216468708382,0.0134289919058
2025-04-24,0.0287807954704,0.0470630285551,0.0490119079645,0.0159696117453,0.0106382149569,0.0394736679834,0.0267946660803,0.0193607064141,0.0573199480257,0.107966298921,0.0269498877044,0.0810093525246,0.0337871875584,0.0178798330005
2025-04-25,0.00142228012845,0.0253463877451,0.00904291312573,0.0014969936015,0.0138503318919,-0.000744633330743,-0.00344664427352,-0.00374114351284,0.0139195030575,-0.0113528121834,0.0139164839082,-0.00368566528402,0.0312195203519,0.00118145341061
2025-04-28,0,0.018457454143,0.00224046792463,-0.0022420545014,0.0142077134542,0,-0.00247030743043,0.0106874353821,0.033236993346,-0.0142756355413,-0.0137254735761,0.0160298223155,0.0141911796003,0.00205582644965
2025-04-29,0.00236727328542,0.00258903176312,-0.0141578844319,0.0112357815042,0.00754327663402,-0.02459017245,0.00643876260501,0.00800237417885,0.0167831495783,-0.00200012109082,0.0123259285667,-0.0266990676729,0.00466420266244,0.00057030277893
2025-04-30,0.00425113217268,0.0277598128233,0.0196522414732,0.0170370550002,0.0189838695013,0.0168067540153,0.0108268850844,0.00878930544076,0.00481431337878,-0.0661322253566,0.0109976939964,0.0149625693563,0.0264623658228,-0.000192460009031
2025-05-02,0.0136408059012,-0.00188438165179,-0.0133432329972,-0.0211214581387,-0.00944633198541,-0.0046881735008,0.0180135994896,-0.00259696306491,0.0184804825236,0.00107291796922,0.00932404067835,-0.0135135757459,0,0.000496050108465
2025-05-05,-0.0120649101755,0.0308368915073,-0.00751308869331,-0.00902015728946,-0.00741717743322,-0.033308040173,-0.0153036980369,-0.0177616012244,-0.0154570250521,-0.0503750483991,-0.0100076994747,-0.0336238589656,0.0176390255865,-0.0121583021297
2025-05-06,-0.0037577025175,-0.00183139856005,-0.00378509742978,-0.00451134732059,-0.00293571476715,0.00548151309358,-0.00679945369734,-0.0051663575085,-0.0232081898593,-0.0135441540311,-0.00155515029346,-0.015463980909,-0.0200000155813,0.000187278543123
2025-05-07,-0.0108438723533,-0.0366972930536,-0.000759926865397,-0.0151055718536,0.0117772213444,0.0031152944321,-0.00684590782342,0.0109636875441,0.00419298366271,-0.0228831811331,-0.0147976406509,0.0353402605397,-0.00907025292338,-0.000883789208784
2025-05-08,0.0271686750704,0.220317441955,0.0836503140759,0.156441494324,0.0605821413236,0.133540405474,0.0467749304959,0.00799101417827,0.0744605924809,0.0562060626605,0.0284585950118,0.0252844130262,0.00228825200847,0.0212446963223
2025-05-09,-0.00556839659368,-0.00650362090123,0.0196490817913,0.002652631167,0.0179596746856,0.00753419877781,-0.0235183408717,0.0540772444702,0.0492228416236,-0.0698447653798,-0.0134511750742,-0.00493209140358,-0.0365296019896,0.00205531739973
2025-05-12,-0.0125989720752,0.0332547886687,-0.0116999726141,-0.0145502766216,-0.0259740664754,0.0394289632414,-0.0149325697392,-0.0201453024719,0.0154320778432,0.0464838348917,-0.0136346541085,-0.0408922156002,0.0180094593368,0.000373593530239
2025-05-13,0.0274099089294,0.0468830209235,0.0410864060022,0.021476625288,0.0201257013369,0.0425114432653,0.0513447834397,0.012335449857,0.0243162041143,0.0432802753268,0.0236966435057,0.0749353763975,0.0307261959436,0.0175743063641
2025-05-14,-0.0110394620767,0.0167028966728,-0.0200668678867,-0.00131428963956,-0.0036991338446,0.00250937183097,-0.00790703853684,0.0067696922328,-0.00118701640906,0.0207422904973,-0.00964496259253,-0.0348557178342,0.0415538047362,-0.00388592646964
2025-05-15,0.0153489823079,0.0311904972529,0.0081910194428,0.00986860826179,0.00272270441326,0.032540737676,0.0206283481682,0.0134478767042,0.0350564241867,0.0374332631845,0.00662245718008,0.00373606920738,0.0468343138343,0.006581276233
2025-05-16,-0.0022904808352,0.0136227096083,0,0.00325734408111,-0.014070589261,0.00666668472182,0.00597145656606,0.00583898705712,0.00631448847114,0.0082472967767,0.0100619210033,0.00372207838706,-0.00911348677602,-0.00105501887551
2025-05-19,0.0133150254251,0.0250569029513,0.00338531778781,0.00909090971748,0.0140210540362,0.0583985545834,0.00730589931109,0.0118731606969,0.0262408527336,0.0122699595742,0.00881234441333,0.00741646753864,0.0163043009189,0.0032258759798
2025-05-20,0.00543709698177,-0.0253333028574,0.00877193648641,0.00965241761577,-0.0118517443385,-0.0011377519215,0.0176791338477,-0.00130364722652,0.0172315743369,-0.030303030303,0.00607671311593,0.0159508962344,0.0234471178598,0.00339454008995
2025-05-21,-0.0207301228172,-0.0554035387671,-0.0301004044911,-0.0178458321266,-0.011994091651,-0.0489748738774,-0.0316258370001,-0.0201045479526,-0.0377047263413,-0.0406250421156,-0.020762623093,-0.0217389335942,-0.0317523725919,-0.0159089286989
2025-05-22,-0.00598233410249,-0.00555160752508,-0.011034410442,0.00259575702623,0.0020232994779,0.0269460511699,-0.00183996173594,-0.00692772748211,0.00340712669608,0.0282301419222,-0.0034694506419,-0.00246929993588,0.000830240447141,-0.00440959958225
2025-05-23,0.00797831615298,-0.0606795169246,0.00348682981112,0.0122978204031,0.00176664912967,-0.00524784899684,-0.00368661738828,0.0120739783557,-0.00396140494925,-0.0496303306771,0.00193420033633,0.00371278129706,0.020738308301,0.00401389931013
2025-05-26,0.00507623980282,0.0227389985221,-0.00416968533104,0.00511509975466,0.00655089746915,0.00879247939514,0.00231253827211,0.00212088016584,0.00795432018183,0.00444437705945,0.0069497718645,-0.0197287017768,0.0394148512935,0.00226375667518
2025-05-27,0.014692049106,0.0611419659818,0.0034892632041,0.0203563421635,0.0275343288099,0.0220803111974,0.0258423198768,0.00793649700883,0.0118377940642,0.0331859547457,0.0291411372494,0.0603774419579,0.0242377487946,0.0101711356924
2025-05-28,0.00678739959611,-0.00357147676516,-0.00556335200568,0.00685772767702,0.00584652428084,0.0227401828288,0.00179931744907,-0.00813628589073,0.0122562043721,0.0224838957815,0.0022353836044,0.011862458832,-0.0274809954758,-0.00467962820963
2025-05-29,0.00539337197352,0.0172043334352,-0.0139859039066,-0.00433439869501,-0.0164687059621,-0.0155642946913,0.0202065093132,-0.00793871044676,-0.01155741703,-0.0492145750136,0.010037273735,-0.0152404637036,0.00941915479625,-0.00254881631242
2025-05-30,-0.0067053786677,0.037115347804,-0.0106383218038,0.00746280085072,-0.0261020847018,0.00677595380841,-0.00308095995974,-0.0016005632687,0.0111356092236,0.0154184340383,-0.0106736057688,0.0166668046033,0.0104976605017,-0.0108781959663
2025-06-02,-0.00540075122434,0.0260475364735,-0.0172043695323,0.00246904229542,0.00480400828785,-0.0263601076597,-0.00485643435974,-0.00701228517229,0.0104628542527,0.0347071795161,-0.00855640566336,-0.0140516594376,0.00423246379692,-0.0017514796354
2025-06-03,0.0081450178059,-0.00949230949164,0.0342815669475,0.0171962843561,0.0203825712813,0.0253455767797,0.00931677687488,-0.00323006725845,0.0250680613734,0.0744234345493,0.00562833874717,0.0285035214146,0.0298849703255,0.00554877290971
2025-06-04,-0.00538620697156,-0.0260753082297,-0.0162199793068,-0.0030301881531,-0.00345255761537,-0.00168536749547,0.000439568881084,-0.00243063494455,-0.0207335905919,-0.0204878640454,-0.0100745769607,-0.0311777062279,-0.0249255934051,-0.00395504049554
2025-06-05,-0.00947631571248,-0.00274593655093,-0.0265233724678,-0.0291793818473,-0.00519672939007,-0.0163196134893,-0.00790867809755,-0.0121816130639,0,0.0019920521278,-0.0105539866069,0.00238378654712,-0.0373902640766,-0.00559115925315
2025-06-06,-0.00501138648592,-0.0181276332734,-0.000736348618011,-0.000626349456128,-0.0049750544836,-0.0217391378447,-0.0141717624906,0.00246612933291,-0.0466886333528,-0.0556659660235,0.000380823366803,-0.0368607421033,-0.0241775046752,-0.000983587304384
2025-06-09,-0.0100734538503,-0.0137882587486,-0.0302137467122,-0.00751871208535,-0.00500002883466,0.00760233877376,-0.00584018395489,-0.00519412367651,0.0187927959758,-0.00210528443737,-0.0178979053314,-0.0135803923482,-0.00487412653078,-0.00296101453322
2025-06-10,0.00740084572151,0.0154028530316,-0.0015196204813,-0.000631155354306,-0.00226140457907,0.0452698757112,0.000903768010649,-0.00155036192385,0.0234768434654,0.0021097260107,0.0112446637822,0.0150186651035,0.0187754149384,0.00543113803344
2025-06-11,-0.00734647558908,-0.025904275727,0.00761013342009,0.0309537121175,0.0118359344679,-0.00555249601518,-0.00225729221366,0.0091663977101,0.00873836019143,0.00421056887473,-0.00575150490677,-0.00246591964087,-0.0156249561075,0.00507197513853
2025-06-12,0.00277531714557,0.0184473786537,-0.0196374019992,0.00980406996229,0.0256345891157,-0.0284757196942,0.00542979300836,0.00770727762421,-0.00162401568115,0.00838572268916,0.00925571890141,0.0061804598225,0.0032560041271,0.00490053089085
2025-06-13,-0.00922495012949,-0.0324627997706,0.00539294077658,-0.011529202529,-0.0169862190848,-0.0431034167885,-0.015301563504,-0.0120185358308,-0.00433854710682,-0.0706861532568,-0.0179596084318,-0.0159705742941,-0.0117646398837,-0.00425979680697
2025-06-16,0.00837970715082,0.0150740520039,0.0321838426182,0.021485344488,0.0219699983467,0.0288288044349,0.0146253339773,0.0182472260131,0.0250544097627,0.0671142115746,0.00972768206074,0.0237203983224,0.029967135285,0.014889259764
2025-06-17,0.00923387156514,-0.0256286882027,0.00445439932037,0.0150243000515,0.00748778814122,0.00992407380934,0.000900830769069,0.00597337162412,-0.00903294314543,-0.0220126412542,0.0107898752277,-0.00365853080764,0.00119568605971,-0.00298730395818
2025-06-18,-0.00312622457527,0.0157325529975,0.0192166465167,-0.00769682083387,0.00215784970992,0.00693642507712,-0.00180012739578,-0.00593790232685,0.00375335758108,0.00214364443605,0.00419377794882,0.00612002476341,0.0199044826121,-0.000885911840968
2025-06-20,-0.0152143213271,-0.0258954952663,-0.0123278165783,-0.00835322067379,0.000478405072845,-0.0304247903115,-0.0121731883094,-0.00515896938172,-0.00854697512102,-0.0534759358289,-0.0186028173843,-0.0243309428109,-0.00585483066862,-0.0115414837403
2025-06-23,0.00795900837557,-0.0402483671311,-0.0161527689925,-0.00782211426217,-0.00645614101826,0.00769697956726,0.00136926424513,-0.00218319673553,0.0242457137621,0.00677972954406,0.00967107910231,0.00872816545782,-0.0149194976008,-0.00412059861723
2025-06-24,0.0339059357414,0.0450426678485,0.0144681809592,0.0030324761109,0.0216607268798,0.0264394257817,0.036462988108,0.0188728723124,0.0147290039979,0.0213242851406,0.0383141641998,0.0333743145448,0.0091669523334,0.00449648849148
2025-06-25,-0.00404296777007,-0.0458261040657,0.00665672874169,-0.00846445477034,-0.00706722487915,0.0452203658819,-0.00131920139515,-0.0179863946331,-0.0155521882389,0.00329679215603,-0.0195571475561,-0.00119600753607,-0.0181674422168,-0.0101921043998
2025-06-26,0.0175912007929,0.0597092859774,0.0360030790523,0.0091463170244,0.000237216269903,0.042716317323,0.0206958721633,-0.00738123936951,0.0284362277718,0.0317633480669,0.0214527338751,0.00598793304035,0.042638807595,0.00992140947358
2025-06-27,-0.000443426904051,0.00612442846707,0.0014183993818,0.00120841330861,-0.011148029921,0.0472689129319,-0.00733396546052,-0.00110122348307,0.00153608547756,-0.01273887469,-0.00368460457365,0.00952379561423,0.010030885244,-0.00180871391689
2025-06-30,0.00753899990239,0.0469928574218,0.0325779875942,0.0156909883459,0.0134324989334,-0.014042110195,0.00782266752473,0.018748188066,0.00613491815154,0.0591397849462,0.0155116691858,0.00825494616004,0.0324675484093,0.0145324624085
2025-07-01,0.00704209323125,-0.0441859627291,-0.00548709138301,0.0088701123514,0.0146745756193,0.0279755594576,0.00129360224138,0.00453935365853,-0.0015244838937,-0.0142131363995,-0.00146997591146,0.0187131798184,0.00110979706105,0.00499801951676
2025-07-02,-0.0209788317104,-0.0369829562912,-0.00344821318299,-0.0180695937203,-0.0310240620706,-0.0301831063245,-0.0297155836783,-0.00808656029856,-0.0330787866878,-0.0659114690357,-0.0176666279332,-0.0505164198749,-0.017368769755,-0.00356863897269
2025-07-03,0.0111606841893,0.0373925958988,0.0117646884835,0.0238384339385,0.0182956679125,0.0535714195241,0.0164224310007,0.0247283554703,0.0262291125887,0.0132304519824,0.00974163169043,0.0592502046356,0.0206844267999,0.0134986443823
2025-07-04,0.00883022876018,0.000730647951609,0.00615601954819,-0.00477611272868,0.00330972121186,-0.0445520500539,-0.000873379256123,0.000530315234722,0.0025919397871,0.00652868142281,0.00816319622533,0.00799085514537,0.00331611252206,0.00390270208901
2025-07-07,-0.0214443565381,-0.0197128870215,-0.00407888016438,-0.00959800450073,-0.0106031952499,0.0248352988819,-0.00437054383474,-0.013251764059,-0.00310237240432,-0.0151349619522,-0.00956938392743,-0.0339750324884,-0.0124861784639,-0.0140516546742
2025-07-08,-0.000894397538133,-0.0392253281701,-0.00409558556711,0.00242264446691,-0.0235772107453,-0.0192878329535,0.0105355890883,-0.00241764691976,0.00103748546839,-0.0230516566943,0.00260122825257,-0.0117233905937,-0.0159911420348,-0.00134059789232
2025-07-09,-0.017010030227,-0.0439276970728,-0.00753944038583,-0.0114801270172,0.0039025979229,-0.0277357295135,-0.0178107718105,-0.0207324502439,0.0051810860391,-0.0393258426966,-0.0129725441055,-0.00830382628796,-0.00793644601265,-0.0130794024536
2025-07-10,-0.00500898766187,-0.013783742967,-0.0269337451445,-0.0134477293285,-0.00874644470652,-0.0352696832563,-0.00707639391356,-0.030794419773,-0.0123710044776,-0.0245614153307,-0.0142695552908,-0.00837311260921,-0.00190469745983,-0.00536801448927
2025-07-11,-0.00961096991858,-0.0221979311307,-0.0255499612124,-0.00557616876238,0.000735391024486,-0.0510753377061,-0.0182628974302,-0.00822687373561,-0.0240082671897,-0.0359712234575,-0.0133334542107,-0.0410132905197,-0.0263358920492,-0.00406602166107
2025-07-14,0,-0.0137331343577,-0.00874010759427,0.00373844242347,-0.00563314043829,-0.0203965134792,-0.00862059167882,-0.00171627548754,-0.0283423349928,-0.0111940802788,-0.00115826367187,0.00503152493982,-0.00352807664928,-0.00652044615125
2025-07-15,0.0115526488095,0.0287013646268,0.00881717061412,-0.000620699274688,-0.00911335806247,0.0144592321606,0.00686494259871,0.00343851381507,0.0203632718313,0.0125786807226,0.00154619350846,0.0300375008125,0.00393393044121,-0.000362160843761
2025-07-16,0.00639560518533,0.000276130837541,-0.00364159414558,-0.0024845975885,0.0203827498319,-0.0302167484985,0.00636358228252,0.00485398894519,0.00107878369009,0.00745336592423,0.00115789313354,-0.0279464954004,-0.00783703054937,0.00192975970425
2025-07-17,0.00862474540998,0.00497106991741,0.00438583995355,-0.00186776575986,0.0160779417723,-0.00470304387819,-0.00632334316797,0.0150612585163,0.00862063486772,0.0110974610107,0.00501145353865,0.0175000583594,-0.00315955851256,0.000398491635365
2025-07-18,-0.0247526596876,-0.0192360827741,-0.0560407596093,-0.0224580504388,-0.0330854714449,-0.023626687013,-0.029999959399,-0.0181970007605,-0.0528848417879,-0.0390244148969,-0.031837345924,-0.055282634796,0.0134707043875,-0.016102976432
2025-07-21,-0.00369160568554,-0.0044831091171,0.0100231990818,0.000638327153986,-0.0131416035892,0.0151240246436,-0.00468612558325,0.0116907608204,-0.0146643071185,-0.0355329701812,0.00435820401577,-0.0104031052617,0.00469120420341,0.00588535184658
2025-07-22,-0.0152849889547,0.0129468632826,-0.00229005006649,-0.0031889362985,-0.00301507286609,-0.0113230660705,-0.0117702890252,-0.0135286114868,-0.00286184649273,-0.0131578282385,-0.0102564170765,0.0420499598358,-0.0354085582176,-0.000976395089702
2025-07-23,0.0171173245611,0.0313976853505,0.024483554106,0.0159947589112,0.0178931636264,0.0409886375186,0.0166747443324,0.0111428270021,0.0120548466597,0.0399999973046,0.0263053185899,0.0126103209701,0.0242032734939,0.00993762869677
2025-07-24,-0.0134760429532,-0.0164332977262,-0.0201643738004,-0.0125941798938,-0.0230254817117,-0.0295310985042,-0.0196813634787,-0.0093247316931,-0.0311965522532,-0.0333334089255,-0.0155339907515,-0.0124532810984,-0.0133911212453,-0.0115241415992
2025-07-25,0.00141314121512,-0.00383450291402,-0.003810906205,-0.00765311538476,-0.00253437763063,-0.0477326782314,-0.00191208262647,0.00427854301402,-0.0210774212719,-0.0053049594259,-0.00394477579866,-0.00541447921317,0.0079840729066,-0.00212244409901
2025-07-28,-0.00987762260879,-0.0332692231996,-0.028309272454,-0.00771227097708,-0.0221035418555,-0.0338345663499,-0.0124520679963,-0.0210169812687,-0.020932891253,-0.0426666907456,-0.0162375953323,-0.0450450863068,-0.0522772007485,-0.0104475599892
2025-07-29,0.00760061734406,0.0139364204065,0.000787499495193,-0.00194303625186,0.00597560757607,0.0440986057733,0.00533454071797,0.00580224381244,-0.00122178671358,-0.0278551520269,0.0161029900295,0.0188679245283,0.0271625321886,0.00451831164998
2025-07-30,0.00990131816051,0.0300139571319,0.00314711898539,0.0162231765567,0.010330432714,0.0316770255676,0.0159189841945,0.0115374201485,0.0250763807226,0.0515759434725,0.00832025052366,0.0264550772073,0.0292920345498,0.00952337899131
2025-07-31,-0.00513552232646,-0.0283224791936,-0.0133332343641,-0.00830122829746,0.000255792984176,-0.00842870728634,-0.0156695410186,0.00256600181342,-0.0292362402722,-0.0381472470295,-0.005894029956,-0.00386596064869,0.00474312286446,-0.00685872080006
2025-08-01,0.0107931737096,-0.0117713420657,0.000794930371396,0.00193184270825,-0.00153355230091,0.0364299175234,0.0159189841945,-0.0060424286938,0.0135217499582,0.0226629767178,0.0138340410469,-0.00776210233449,0.0118017147045,-0.00476437390566
2025-08-04,0,-0.000283611336738,0.00714852897482,0.00765316850429,0.00255957470178,0.0210896560823,-0.0170938854887,0.0105924180412,0.0230443922363,-0.00554015205021,-0.0140350969429,0.0338983199225,0.0353810263502,0.00403210583145
2025-08-05,0.00232120511524,0.0102129046181,-0.00788645140745,0.00191572965792,0.00102125661677,-0.00114754322515,0.0173911681252,0.0110485430591,0.00118551358701,0.00278540258154,0.00790834782333,-0.0176543929593,0.014269679365,0.00135367862165
2025-08-06,0.0166746341541,0.0398762677743,0.0111287825221,-0.00127460073117,0.0155572093669,0.0700746252397,0.0185185987689,0.0126084343267,0.052101873018,0.0194445721562,0.0133384163242,0.0397947611657,0.0111069095751,0.0104167448986
2025-08-07,0.0127561223674,0.0283555465462,0.0149369615055,0.00765789493228,0.0118032381473,-0.0837358059637,0.0107225449277,0.0177089827983,0.0151939997256,0.0108990855655,0.0104530076851,0.135802208169,0.00988655377624,0.0147913600618
2025-08-08,0.00449831361876,-0.070378105633,-0.00232375357776,0.010766314541,0.0116653494906,-0.0339777986352,0.000461263494756,0.00679699391283,-0.072616364743,-0.0512129809652,-0.00613019640882,-0.0217391732732,0.02973164349,-0.00450457049103
2025-08-11,0.00403058487832,-0.0579097283059,-0.00931674295054,-0.00375924381538,-0.00338656717306,0,-0.013370205463,0.00621120819524,-0.0185295100463,-0.00284086626284,0.00616800750629,-0.0233332236626,-0.0362675727205,-0.00213371789306
2025-08-12,0.0182872317883,0.0296851814844,-0.00862064427939,0.0232704049468,0.131184277155,-0.0278956289907,0.0289719755067,0.0206655557602,0.0182703017093,0.00142458787705,0.0241379095498,0.0193402189747,0.00730723690919,0.0168924150034
2025-08-13,-0.00438028189292,-0.0384391682924,0.00395241654731,-0.00860477961568,-0.0214269071365,-0.0218340973847,-0.01089921572,-0.00946601826721,-0.0376794146598,-0.04267432325,-0.00785623543941,-0.0781249941454,-0.0177729199769,-0.00889684876082
2025-08-14,0.00571953328928,-0.0281646850087,0.0118110501211,-0.00743956860281,0.00474029559052,-0.036989798988,0.00780538714271,-0.00132755469983,-0.0043504126143,-0.00742942072836,-0.000377186300869,-0.0145278554682,-0.0103397726851,-0.00242159093403
2025-08-15,0,0.0252415213243,0.02334635527,0.00124931912108,-0.00134793004004,-0.00993375414715,0.00273344920348,-0.00345561460093,0.00686625208263,-0.00898212698813,0.00377216412927,0.00245690801117,0.0160447716993,-0.000110006160345
2025-08-18,0.0131232202979,0.0334345901441,0.000760473398753,0.019962349401,0.0139482038954,0.0642139914623,0.0109040795304,0.00720223217347,0.00495973574419,0.0438067892931,0.00488542215755,0.0416667146668,0.0213000608902,0.00719519440227
2025-08-19,-0.0202937767737,-0.0458823559191,-0.0478723350784,-0.0342507744375,-0.0348346772514,-0.0270269882281,-0.0229212667699,-0.0290561303344,-0.0209746876367,-0.00723588990863,-0.023560188068,-0.0400000442369,-0.0194174634891,-0.0210454260789
2025-08-20,-0.00132202130883,-0.0342169611162,-0.0159616449473,0.00316661729178,-0.0110344443681,0.00452195864426,0.01333945463,0.000550689151482,-0.0100818523788,-0.0262391108718,0.00919196239332,0.0147058944538,0.016868340014,0.0017480956915
2025-08-21,-0.00308918155679,-0.00127674876089,-0.00648830318595,-0.00315662147961,-0.00953051040269,0.00964628212751,0.00590098113463,0.00110100607764,-0.0171864706977,0,-0.00493370201506,-0.0265699211845,-0.0108185933911,-0.00115841297423
2025-08-22,0.0245539797482,0.057845865069,0.025306193721,0.0329322407598,0.0161934120485,0.040764339751,0.0153430808137,0.0280448943597,0.0304403296119,0.0329340873391,0.0232646614669,0.0583126183946,0.0240612707544,0.0257005003308
2025-08-25,-0.00217026747573,0.0105740982125,-0.000796196212498,0.0024524884122,-0.00115475489171,0.0208078795077,-0.0120000573042,-0.00508140292459,-0.00377107556556,0.0318841628487,-0.00223623030142,0.00703388460972,-0.0110359151035,0.000413139278673
2025-08-26,-0.0073945277461,0.0104633310878,-0.00876505602059,-0.00244648842768,-0.00462426897313,-0.00419663776035,-0.0121458076925,-0.00672035486673,-0.0126185092576,-0.0168539604983,-0.0112065815804,0.00232835577295,0.00791928034,-0.00184024633219
2025-08-27,0.0197197721064,0.0213018151295,0.0184888362006,0.00735752894257,0.0227643040073,-0.00361234582648,0.0182150220944,0.0167793575498,0.021725286594,0.0257143290332,0.0170003511522,0.0360046276457,0.0178571652155,0.0104158349725
2025-08-28,0.0275030741979,0.013325544998,0.0284135718249,0.0219111835428,0.0106745151657,0.0181269108769,0.0389086439733,0.0207613525302,0.0118824897281,0.0919219453783,0.0326894718964,0.0594170552112,0.0140350913161,0.0132393718662
2025-08-29,0.00209129927133,-0.00771868106124,-0.00383730675329,0.00238225151761,0.00808983710527,-0.00296743144975,0.0111924725277,0.00365065625486,0.00494434454901,0.0446429866438,0.00179859797387,0.00211639189075,0.00346022533518,0.00264447107034
2025-09-01,0.000417225257976,0.000864436894413,0,-0.00653585369368,-0.0098083093268,0.0297619237613,-0.00255424494944,0.00799653299179,-0.001230115931,0.010988935719,-0.00323163540562,-0.0116157141025,-0.00206894921343,-0.00210009758029
2025-09-02,-0.00709202661584,-0.0273461239738,-0.0177195752715,-0.0114398634875,0.00180105782377,-0.03699417141,-0.008536146123,-0.017019082566,-0.00923637222716,-0.0157005801762,-0.0115273849331,-0.0160255651505,-0.00932964117479,-0.00559787422498
2025-09-03,0.00126054258413,-0.00562297940194,0.0156863083133,-0.000605684342843,-0.0044943735142,0.020408148668,-0.006887611102,-0.00865704047716,-0.00372895265799,0.00858898239211,-0.0061953031707,0.0206296510069,-0.0052319763591,-0.00335625467631
2025-09-04,0.0155265170632,-0.0110118666271,0.0108108966131,0.0199998855201,0.0248306967794,0.0141176646517,0.0147377862186,0.00396957565423,0.00499061093593,0.0523115973078,0.0154015496744,-0.00638287719992,0.0150771339173,0.00807212720929
2025-09-05,0.0119835405442,-0.0108336042229,0.0221541903663,0.024361386435,0.0191629548944,0.000580037516389,0.0175138882,0.0110699470939,0.0148976137087,0.0716761987204,0.0162512567435,0.022483903636,0.0120898045561,0.011681430993
2025-09-08,-0.00898338570704,-0.0194706500826,-0.0179370911522,-0.00522051903944,-0.0172897884801,-0.00811593288498,-0.0180520783131,-0.00469239841202,-0.0293578652811,-0.0388349069945,-0.014214651098,-0.0240837247976,-0.0300341371795,-0.00594503645541
2025-09-09,-0.00453227619248,-0.0245113312584,-0.00989344419534,-0.00932948703223,0.00197929312462,-0.0257159097887,-0.00684057887275,-0.00864332526033,-0.0176433394602,0.00112240244492,-0.00360483375435,0,-0.0376495436849,-0.00122714962762
2025-09-10,0.00248351953047,0.0120865442772,-0.00307470503083,-0.00706268882355,0.00109755937094,0.0479903791922,0.0103315002425,0.000792566796367,0.0237332040463,0.0369952613703,0.0148336199829,0.00429175273262,0.0109689064179,0.00516177322092
2025-09-11,0.0140379090291,0.0355123408825,0.0115651753913,0.00948408483217,0.0166628595169,0.025185987713,0.0191733688034,0.00184808225581,0.0137844550598,0.081081308487,0.0210337746825,0.00747866880671,0.0499096153197,0.00563404028128
2025-09-12,-0.00651479844399,-0.0115326527987,-0.0129572982736,-0.0117440474852,-0.0176837899128,-0.0178670617066,-0.00710699836556,-0.0150196466645,-0.0203954452455,-0.0150000995613,-0.00837989407072,-0.0190879259046,-0.0127454472423,-0.00614036926043
2025-09-15,0.00245918003747,0.0270187061356,0.0324324540954,0.0118836091554,0.00702525104161,0.0102330427549,0.00505264731117,0.0165863433871,0.0233436905071,0.0741116546036,0.00105637368032,0.0810809771015,-0.0010467468314,0.0089617071525
2025-09-16,0.0155356608854,-0.00119589353617,0.00822740722541,-0.00234888262918,0.00370615749875,0.0360157642524,0.00754074758967,-0.00263146039456,0.0419235116853,0.0151229309567,0.0102004643195,0.0200000389443,0.0031435309753,0.00358767511686
2025-09-17,0.0157003540453,0.0113738688646,0.0178041005401,0.0347263986176,0.0143354268437,-0.0244432944459,0.00665293556745,0.0142478258672,0.00710057809442,0.053072642523,0.012186603416,-0.0127451684502,0.0254178765775,0.0106343102275
2025-09-18,0.00277450269648,-0.0337377521675,0.000728879354112,-0.0102387531049,0.00107059877348,-0.019487674331,0.00371738326632,0.00130078041299,0.00176268963276,-0.00707336813044,-0.0027519117358,-0.0168817472879,0.00814940759147,-0.000645631001278
2025-09-19,0.000790424513268,-0.0137825353199,-0.00509843933162,0.017815760259,0.0158288384424,0.00851786969574,-0.00534973787499,0.013250260403,-0.00762457801292,-0.0106857706402,-0.00241459309827,-0.0212121547128,-0.0212192950439,0.00250859106529
2025-09-22,-0.00908346785726,-0.0217391630296,-0.0117128481584,0.00169399150484,-0.00715938034929,-0.0264638940084,-0.00372361578526,-0.0143590893119,-0.0384161000459,-0.0243024493232,-0.00553250687226,0.0165119275446,-0.00688228067577,-0.00518287457581
2025-09-23,0.028297841454,0.013650778398,-0.0118518910493,0.00620064207354,0.0139979440574,0.0150374773897,0.0203487455529,0.0158686148794,-0.0215119847799,0.0147602043742,0.0146036251964,-0.038578697989,0.00658343210529,0.00906904464919
2025-09-24,-0.0069202223729,-0.0115878738665,-0.00691528915722,-0.00784313634284,0.000418215167811,-0.00284895932354,-0.0122099325038,-0.00665794170447,0.0152688971532,-0.0109091092868,-0.0133653608677,0.0179514808095,-0.0123923299177,0.000457572135906
2025-09-25,-0.00195916643135,-0.0205956376397,-0.0167046747833,-0.00790537182721,-0.0100355895442,-0.0285714447842,-0.00576846961979,-0.00799172015871,-0.0138016440573,0.0128677773609,-0.00312605305046,-0.0280084408065,-0.0108052540443,-0.00809600524261
2025-09-26,0.00157064554559,-0.00614689319251,0.0208495465051,0.0051228239635,0.0145724439966,0.00117656941053,0.00455872873834,0.00493773926851,0.00636122925605,0.0154263304804,0.00696857634961,0.0234792928344,0.0042283653569,0.000970365986263
2025-09-29,0.0137199578075,0.0107421278445,0.0136155590384,0.0101924884759,0.0168609047945,-0.0111633986806,0.00866337268171,0.00568912819575,-0.00379262478028,-0.0509382682996,0.0103159890522,-0.0187696009706,0.0161403379288,0.00611906742662
2025-09-30,-0.00116001143512,-0.0289854278851,0,0.00835925092064,-0.0120777786583,-0.0261438618085,0.00122693802839,0.00462823089773,-0.0399746528132,-0.0960452149472,0.00449054780948,0.0063762364086,-0.0138121584118,-0.000683354175636
2025-10-01,-0.00851723863434,-0.0199005574359,-0.0231341361798,-0.0169589566318,-0.00911729676921,-0.00549112989036,-0.00816985415275,-0.0179847980264,0.00132181720021,0,-0.00790931907831,0.00633576670697,0.0168067954689,-0.00492351456882
2025-10-02,-0.0152285292406,-0.0514381567827,-0.0190986378983,-0.0161796206573,-0.0121287364791,-0.0306748040175,-0.0160627513204,-0.0109516362519,-0.0231022419878,-0.0458332701599,-0.0190640997418,-0.0293808321045,-0.0241047383466,-0.0107685012748
2025-10-03,-0.000793022490281,-0.0264002668402,-0.00700941390666,0.000585450475925,0.0118542215823,0.00253166959591,0.0037673395154,0.00738204704517,-0.00675672647603,-0.00109176919245,0.00494706437541,0.0205404406417,0.0247001284808,0.0017436609934
2025-10-06,-0.0182539080208,-0.0274825797004,-0.008627315004,-0.00584803863644,-0.00355643385739,-0.0265151830984,-0.0221016915555,-0.011515257519,-0.0210884165799,-0.0207650715093,-0.0182840899718,-0.0264829957681,-0.020316800112,-0.00411231544858
2025-10-07,-0.0169765782533,-0.0568953056143,-0.0316456704251,-0.0164706982987,-0.0333822724792,-0.0194552767234,-0.00810241826328,-0.0158857136048,-0.0569840562979,0.00223205271011,-0.0136103700741,-0.0228508877904,-0.0449912215089,-0.015681577628
2025-10-08,0.00411184754285,0.00878948746873,0.0343137019912,0.0161484241875,0.0304082826041,0.0171958324382,0.00386929466037,0.00188333189021,0.0176860980963,0.0122495123967,-0.000363057081998,0.00445439610755,0.00846517593358,0.00558165199921
2025-10-09,-0.00778051802748,-0.00554462912686,0.0102686183885,0.00529736558057,-0.00063242199702,-0.0117035894735,-0.00428265471203,-0.00161139655166,0.00217235124437,-0.0132012320557,-0.00581188012808,-0.0188471373766,-0.00985400816481,-0.00307432551268
2025-10-10,-0.00990517798783,-0.0103544134954,-0.01485527164,-0.0134663160345,-0.0056950692844,-0.0039473080757,-0.00903218176711,-0.00107576982637,0.010115590635,-0.017837189753,-0.009864863263,-0.0045196765371,-0.00184298767312,-0.00725435402377
2025-10-13,0.00291806537181,-0.00764589411727,0.00873010010566,0.00415422521794,0.00360647654664,0.0257595098691,0.000434036117873,0.00403882429605,0.0114449134845,-0.0238365018427,0.00184504897227,0.0578887090472,-0.00295421049255,0.00784048905317
2025-10-14,-0.0112219591376,0.0137876116213,-0.0125885377184,0.0141846933051,-0.0192348258628,0.0141661693506,-0.00737532856601,0.00429072689238,0.0127297726562,0.0209300890598,-0.00405150191715,0.00321879653839,0.000370415548537,-0.00070530317457
2025-10-15,0.016813718395,0.00279986968759,0.00717138443172,0.0116550634494,0.0221981947474,0.036825400068,0.0122377433946,0,-0.00488815385507,0.014806470571,0.0107247957846,0,0.0292483875043,0.00650042700959
2025-10-16,-0.0103347742165,-0.0231352002724,-0.00316454303171,0.0115206704815,-0.0349989714883,-0.00183714227232,-0.00215885243524,-0.00240325773678,0.00421047852687,-0.0796858089942,-0.00841569861767,0.0288771557328,0.00179857034955,-0.00283302011164
2025-10-17,0.00543015952028,0.0138832342294,-0.0031745891557,0.00683365056186,0.0133275553941,0.0177914435971,0.00562521063661,0.00347963396392,-0.00489171204217,0.0243903055351,0.00590409866575,-0.00935560324129,0.0337522346481,0.0084317862166
2025-10-20,0.00830893141092,0.0249697941947,0.00796162734999,0.0186652196878,0.0064682508773,0.0277274809764,0.0176420028493,0.0178715041603,0.00421350730055,-0.00714292891131,0.00843723685704,0.00734526086872,0.010767655658,0.00774063975342
2025-10-21,0.00123627248562,0.00707270474231,-0.0260662592504,-0.0133262611962,0.00428448230564,0.0041057421682,0.00380548814957,-0.00943406093558,0.0230768407412,0.00239804520503,-0.000727506401177,0.00729170141961,0.015120311668,-0.00293407331031
2025-10-22,0.00422208310668,0.0187280604444,0.00973231757597,0.00112597972456,0.00895908655112,-0.0292056788978,0.000842476245442,0.00820102934657,-0.010936425553,-0.00239230834148,0.00254823355162,-0.0144778347907,0.0104942057861,0.0054689939966
2025-10-23,0.00411523899261,0.0555342241706,0.0112450531493,0.0106796761908,-0.00042280734134,0.00722016548525,0.012205295712,-0.000787138304935,0.0241879739513,-0.0563548803913,0.00326794212392,0.0524659276266,0.00871023598558,0.00585340263541
2025-10-24,0.00532778891641,0.0174166295109,-0.00714859957308,0.00556187528131,0.00782574162638,-0.00298681211226,0.0149689435477,-0.00131293063288,-0.00134946661676,0.0266836207984,0.00217160280798,-0.0119641169544,0.0185984113431,0.00309495542852
2025-10-27,0.00693040696035,0.0231811078182,0.00239988844278,0.00829638594925,0.00230844161237,0.0113840065572,0.00573530567561,0.00841424938239,0.00135129013769,0.0544554309913,0.00794505291305,0.00504545216171,0.000978210370351,0.00545248063925
2025-10-28,-0.0113361012608,-0.00906236741124,0.00798093340968,0.00054872789863,0.0039782293856,-0.0331753186473,-0.00855389928629,0.00338991870639,-0.0161942879396,0.016431971947,-0.00967392884138,-0.0230924596353,-0.00488608172496,0.0031299117501
2025-10-29,0.00450445724438,-0.011255646374,0.00079186235276,0.0323464591751,0.033576649374,0.020220582419,0.0061626540833,0.0223494274825,0.00342930497488,-0.015011639667,0.00506519245078,0.0308325370897,-0.00916520985513,0.00816664292643
2025-10-30,0.00815348139277,0.0192101303043,-0.00316454303171,-0.0387678624546,-0.00887806352052,-0.00780780741378,-0.00367496089274,-0.00127109511152,-0.0027340540772,-0.00351697521172,0.00287971789594,-0.00199400833499,0.0198215773642,0.000989013207027
2025-10-31,0.00889606929473,0.00209419595675,0.00476176329844,0.00331499965529,-0.00610759972033,-0.0163438155867,0.002868828128,0.0038179224165,0.0171350523195,-0.00352950689646,-0.0132807248035,0.0119879540903,0.0106899690671,0.00510821346955
2025-11-03,0.000801485769435,-0.0160222173187,0.0142180685587,0.0110131523,-0.00655469481049,-0.0240000596431,0.00531265079683,0.0166820418287,-0.0060646558781,-0.0153482060057,0.0101855903091,-0.0414610078917,-0.0205128256349,0.00611207703624
2025-11-04,0.01121335376,0.00460175783865,0,0.0032135264855,0.0111340730896,0.0075662139202,0.00853651297728,-0.0029940446308,0.0149152696681,0.00479615100807,0.000360120920193,0.0236870151327,0.0143979412957,0.001661637444
2025-11-05,0.0277230292978,0.0246652212577,0.0280373404693,0.0211957348384,0.0275284766807,0.0851064490875,0.0213624537965,0.00425438044954,0.0327320434583,0.042959379997,0.0320373836009,0.0462777111203,0.00612902575236,0.0171860070071
2025-11-06,0.008092369316,-0.030261325566,-0.00757568674133,-0.00425763343615,-0.00337363641474,-0.0547866959636,-0.00473561035074,0,-0.0582146860019,-0.0858123629339,-0.00802229076314,0.0355768130718,0.020198747205,0.00029355356374
2025-11-07,-0.00152907295331,0.0195035870129,-0.00916034260043,0.00106917733004,0.00736768214456,0.0115924997676,0.00515466140029,0.000996771307031,-0.0418956319765,0.0187734682585,0.00808716837932,0.0622098552367,0.00628538736191,0.00472808613595
2025-11-10,0.0114853233917,-0.020521724274,0.0107857387198,0.0186864328074,0.0122552618812,0.0144752890398,0.0118343172604,0.00672142727794,0.0394265288033,0.034398074213,0.0136030744102,-0.0865385145883,0.010305977428,0.00774353515422
2025-11-11,0.015140174439,0.02095168906,0.0312501180714,0.0214884527603,0.0232377709956,0.0737216908726,0.0167641520918,0.0192876750052,0.0310344485426,0.0795724134081,0.0106676384901,0.00765553024595,-0.0129828971002,0.0160508060828
2025-11-12,0.0100670732217,0.0281738555225,0.0436068153991,-0.00256539580273,0.0242364408105,-0.0326688220149,-0.00306754358704,-0.0228043535472,-0.00066890015614,0.00660072722421,-0.00374532637591,0.00284905298958,0.0385217666696,-0.000735345390462
2025-11-13,0.0457734268256,-0.00608925044558,0.0247874808129,0.00205753232124,0.00614882532928,-0.0217515813503,0.00730768374775,0.00397223774591,-0.00736275841268,-0.00983610976065,0.00649346547492,-0.0321970048612,0.00241260446631,-0.00298795303014
2025-11-14,0.0169431757702,0.0122532560594,-0.00207329849521,-0.000513091626433,-0.0112963366613,0.022235232826,0.0141275053586,0.00395641655434,0.0222521809715,0.0584989881094,0.0101867916761,0.0146771647253,-0.000601758047562,0.00367137094209
2025-11-17,-0.0284623956707,-0.0235373584525,-0.0193905689088,-0.00770430081035,-0.00767931551802,-0.0240412992765,-0.0173192458388,-0.00738919062611,-0.00197890314245,-0.0479665877265,-0.00571434010006,0.00964308996384,-0.0030102501174,-0.00472933136384
2025-11-18,-0.00357279179986,0.0440770802262,-0.00776831042035,-0.0119048472522,-0.011136268097,0.00586512962553,0.00498086449012,-0.00496272793753,-0.00330457672208,0.0372396881323,0.0084516631316,0.00477559065596,-0.00332136708128,-0.00300013376393
2025-11-19,-0.00962167523374,-0.0194590207925,-0.0142348856945,-0.00995291783316,-0.00515371663451,-0.0128279080508,-0.0129622843623,-0.00623434930137,-0.0106101391654,-0.0147834641488,-0.00603420107891,0.0161596822878,-0.0160556356213,-0.00728971007271
2025-11-21,-0.0135383383865,0.0225361096494,0.00288807414343,-0.00582001253173,-0.0174597029131,0.0100413097201,-0.0173811882959,0.00301121831652,0.0180964806866,0.0321543415327,-0.0151769848005,-0.011225390754,-0.00892864103059,-0.00393226971123
2025-11-24,0.0296735651602,-0.0243502372955,0.00647947188841,0.000532149978054,-0.000390525054202,0.0292397823828,0.0161162805537,-0.0037529880825,-0.00592498445699,0.0280374047583,0.00513693602792,0.0217596557281,0.0161541203813,0.00328228984945
2025-11-25,0.00972637747668,-0.0104203092561,0.0135908398184,0.00797876259297,0.0113303399753,0.0363636425188,0.0100580710165,0.00226048880019,0.0086092533982,0.0363636976227,0.00579221880542,0.00740743411816,0.033017524271,0.00407011939876
2025-11-26,-0.0024975752666,0.0252719850321,0.0381087662656,0.0300792377491,0.0173845156539,0.0142543848904,0.0114898488375,0.0235527680455,0.0144451902318,-0.0146199806928,0.0115175246045,-0.00459556611339,0.0452795974419,0.0169649156565
2025-11-27,-0.00107281042483,-0.0232796199512,0.0013595101857,-0.00204930841189,-0.00018970111882,0.0108108595558,-0.00454360038845,-0.00342705421698,0.0278317430395,0.000989179709679,0.00234427248138,0.00369336427598,-0.00339748176525,-0.00165873040901
2025-11-28,0.0150376696215,0.0150717988166,0.0156144458297,0.00872715843019,0.0254462021624,-0.0502674552166,0.00418388501857,0.0228444182194,-0.00818638054464,0.0158102364124,0.00768463233831,0.0413983324735,-0.00227278310691,0.00492760215298
2025-12-01,0.00141081044588,-0.0276242814048,-0.00467917485199,-0.0152673504469,-0.00611124833075,-0.0427928081566,0.00151532792963,-0.00774462717445,0.000634924254832,0.0058366349849,-0.0125995206839,-0.00176677606846,-0.0096810544856,-0.0028980587407
2025-12-02,0.0207820161191,0.0245028407035,0.0141035173798,0.0108085751953,0.0281350208247,0.0188235918114,0.0272313284797,0.0222760741723,0.00190349939837,0.0241779487645,0.021155196919,0.0407081276141,0.0195513870142,0.0156420424813
2025-12-03,0.00414071385344,-0.0124783514731,-0.0205298954753,-0.0276355484657,0.0163103333927,-0.0173209793557,-0.00405008032384,0,-0.0208992943116,0.0613785613229,-0.00394603192893,-0.00850358799182,0.0180485110583,0.00411566061629
2025-12-04,0.0206186307933,0.000702021436971,0.0155511009598,0.0142104353373,0.0149784611128,-0.0904818510609,0.0166358936206,0.0246328499493,-0.0271669062704,0.0364769242515,0.0138658267463,0.00343063070534,-0.00276998954631,0.0166980927947
2025-12-05,-0.0828282828283,-0.0996141805186,-0.0672437365793,-0.0596782433695,-0.0790582881481,-0.0788113800349,-0.0814544915853,-0.046232211921,-0.0771275615938,-0.0978540251961,-0.0888960998341,-0.13247868251,-0.0861111162207,-0.0430935934232
2025-12-08,0.0117474043988,-0.00467477622669,0.0242685286319,0.00717424772537,0.00991987454399,-0.0119214152607,0.00554231223071,0.00484726199716,0.0259365256949,0.00285440495851,0.0114367470089,0.0177340379865,0.00942239829411,0.00519797418805
2025-12-09,0.0148766076306,0.00195700506134,-0.0160279270331,-0.0131505664653,-0.01397805524,-0.00141949508515,0.003149590528,-0.00217066386768,-0.0182583883191,-0.0493358806649,0.0063604319338,-0.00290414866402,-0.0159589435475,-0.00130225619046
2025-12-10,0.0139436626633,-0.0246093853532,0.00637392773173,0.0177681211493,0.0235632154573,-0.0398009500796,0.00981157750447,0.0078702127077,0.00286124661888,-0.0029939917405,0.0158006158331,-0.00194173820576,0.0192778721476,0.00692488337205
2025-12-11,0.0105781292366,-0.00440525327228,0.00633355809017,0.0114563688383,0.0252666384231,-0.000740254582599,0.00738451887878,-0.000760740460832,0.0042795520834,-0.0410411000872,-0.00483926536417,0.0243190139201,0.0267186275771,0.000716643092881
2025-12-12,0.0170970247123,0.0205149149311,0.00209787528402,0.00647270751644,0.0093100468553,0.00296299118745,0.00270051924764,0.00888097622416,0.0251067503068,0.0302714415897,-0.00347341719519,0.0351375975265,0.0345029185814,0.00990646338629
2025-12-15,0.0082332763567,-0.0240442128243,0.00558266950975,0.0139334817739,0.0211610713561,0.0228951413162,0.00769526631817,0.0150905410258,0.0190140484612,-0.0030395955426,0.00209123208132,-0.00642186508028,0.00847941037843,0.0106738987099
2025-12-16,-0.0364070618073,-0.025444276011,-0.0478833663555,-0.0274843381766,-0.0522493375014,-0.049097508282,-0.0397098369687,-0.0257681364841,-0.0373185901386,-0.0345527860254,-0.0379129733727,-0.0212372630826,-0.0325112451545,-0.0240272768676
2025-12-17,-0.0194208571223,-0.00538747480083,-0.0342566872458,-0.00815219705327,-0.0328910312831,-0.0212604165779,-0.0135189159975,-0.00890120257063,-0.0358937090627,-0.0315789473684,-0.0155459291477,-0.0311321136578,-0.0509849492137,-0.00788886226337
2025-12-18,0.00468148874385,0.0166666496871,0.00377366442629,0.00438389382585,0.0195168602816,0.00232742692865,0.00806142145714,0.00513208318094,-0.0037229734033,0.0163043478261,0.00220350285827,0.0963972648909,0.0152624747566,0.00378828808787
2025-12-19,0.00358410292293,0.0163934261955,0.00676690722758,0.00927415576763,-9.52086152954e-05,-0.0139319818241,-0.00679741144013,0.00919068533523,0.0127054865106,-0.01069529527,0.00549646514282,0.0373001763489,0.0135298355219,0.00348270992826
2025-12-22,-0.0118207224753,0.00795786543625,-0.0112023984762,-0.0140538805601,-0.0133944984383,-0.0290423322225,-0.0213365750617,0.00202375208468,-0.034686319415,-0.0281080674704,-0.0276967626058,-0.0462329408935,-0.0279392608286,-0.00208868387675
2025-12-23,0.0262965914877,0.0179487215017,0.0219034014609,0.00931991714489,0.0252133015105,0.0638641716508,0.0366105170468,0.0164100802912,0.035932692256,0.0333705262528,0.0307345785972,0.0423747840757,0.0386413734051,0.0146324189652
2025-12-26,0.00640581139149,0.0268681527224,0.0140428626172,-0.000543155134457,-0.00775630676759,0.00408275590627,0.00396817630175,0.000322737290649,0.00738000490617,-0.00430585719525,0.00145455517875,0.0658048761194,-0.00930097078489,0.00274841701152
2025-12-29,-0.00601140439322,0.0147179322905,0.0051020001864,0.00489127399506,-0.000190707547201,-0.0197005522669,-0.0067192672977,-0.00306880137295,-0.0109889091558,0.0108109212651,-0.00871465512576,-0.0363837989924,-0.00393704016696,-0.002529568606
2025-12-30,0.00924941456319,0.0136986364532,0.00725163704342,0.00473088893983,0.00551477173644,0.0257235256666,0.0175089039687,0.00641355784351,-0.00370381772758,0.00395726465513,0.00950388663097,0.0148743482746,0.0106416021682,0.00395663281201
2026-01-02,0.00634469889557,0.00914147629695,-0.00588689988337,0.00164895108572,-0.00741727903153,-0.0274294964884,-0.0101681341306,-0.00157653723304,-0.00520433815763,-0.0123042747688,-0.00770635980878,-0.0236754545116,-0.0294826506452,-0.00363692785105
2026-01-05,0.00315231213367,-0.0129972403166,0.038719334171,0.0422471708112,0.0270166784288,-0.157131332252,0.011457912252,0.0145591725682,-0.0298954609875,0.0135900511367,0.0107248059095,-0.0173208971414,-0.0297581876758,0.00829082029912
2026-01-06,0.0150140190064,0.00399043829213,0.0394264600953,0.00579865977996,0.0132463219124,0.0219884838812,0.00625004456245,0.00604233220768,0.0362095264642,0.0223463248507,0.0139040729869,0.0211514847187,-0.0319488825679,0.0110829678137
2026-01-07,-0.0103199145464,-0.00635929445081,-0.015172417537,-0.0125786439079,-0.0195176135013,-0.0215153930088,-0.0147516102078,-0.0160159163224,-0.0237917506396,0.0153006538396,-0.0147960839302,-0.0161103456524,-0.0122111861783,-0.0103199237462
2026-01-08,0.00486626101897,-0.0116000366211,0.00700288430664,-0.0169848235314,0.0215962209266,0.021032530232,0.00945629407653,0.0155137250816,0.0220869238771,-0.00753503594315,0.00805865511894,-0.00233919555707,0.0130303837511,0.00593918814632
2026-01-09,0.0114145938436,-0.0412787773455,0.00556318374442,0.00107977236116,0.00588239563065,0.0102995930275,0.0362997824928,-0.00200351785904,-0.00894194312477,-0.0368763143022,0.0425145339082,-0.0211020066272,0.0207783995533,0.00265746883765
2026-01-12,0.00649794417769,-0.00126638606877,0.00207465223258,-0.00755132753452,-0.011878694254,-0.0259499290047,0.00263651241678,-0.00903373456772,0.00827059928048,-0.0337837698668,0.00453118790921,-0.0131736155711,-0.000969327492923,-0.00134663646936
2026-01-13,-0.0169894154353,0.000422663945322,-0.0124222775814,-0.0114130136719,-0.0125763364899,-0.0228353725872,-0.00262957949779,-0.00810346225126,-0.0126770638184,-0.0442890777648,-0.00451074885852,-0.00970885672131,-0.0459249700126,-0.00721422004291
2026-01-14,0.00138260885588,0.0207012999383,0.0293500674871,0.0181420383546,0.0207904283299,0.0204478164666,0.00640299007086,0.0109777540992,0.0211480664916,0.0243901952263,-0.00174281149554,0.0159314111997,-0.00711861303297,0.0195896847005
2026-01-15,0.0100103989057,-0.0140728540867,0.0264765790916,0.0205182541928,0.0106422749123,-0.0515267161679,0.00935632226509,0.00858581090782,-0.000739712303743,0.0404761460004,0.0282821861912,-0.00844390109145,-0.0655513832803,0.00255531469124
2026-01-16,-0.0170881940771,-0.00965573237544,0.00793649812351,0.000528978724587,-0.0123457241244,-0.043259493929,-0.00667413861464,-0.00826234523154,-0.0133234146534,-0.032036508171,-0.0118845197102,-0.00364971740387,-0.0164413865232,-0.0046385775029
2026-01-19,-0.0111265424325,0.00720644659577,-0.00918631891603,-0.000528699054036,0.00772060424385,0.0168243789234,-0.00186640403161,-0.00151487624398,0.00450115855861,-0.0118203640564,0.00515463538698,-0.014651986041,-0.00297176535956,0.000297330097087
2026-01-20,0.00210964524868,0.00799665539677,-0.0284768396186,0.0142856902146,0.00510756485985,0.0434333064095,-0.00336573659954,0.00935530271172,0.0171769117547,0.00478465648914,0.0119657810607,0.00991332064046,0.00782410891501,0.00866247292977
2026-01-21,0.0224562429887,0.0334028898362,0.0565780584899,0.0307772319191,0.0477314232625,0.0792864399045,0.0217636581628,0.0438377411074,0.0638767221188,0.0488096521892,0.0256756927177,0.0380368025558,0.0380776604694,0.0333178972438
2026-01-22,0.0191517464887,0.00686868995127,0.00774198929875,0.0273277897381,0.0100468383588,0.0192837494515,0.00624309179516,0.0338373987797,0.0317459426683,0.0170259894922,0.0118577118129,0.0886524472052,0.0633903380157,0.021953590157
2026-01-23,0.0125850333911,0.0204654986886,0.0128040596446,0.0241380655976,0.0133767305041,0.0243242788117,0.0189781136735,0.0113741629666,-0.00668890122526,0.0457589411618,0.0182291450762,0.0228013373907,-0.0505693301412,0.0186230344725
2026-01-26,0.00167949611224,0.0125835505696,-0.00884958779462,0.00432896537086,0.019292625774,-0.00967455213583,0.000358173089127,0.0133119892005,-0.00673407911711,0.0106723889627,0.00767261646707,0.00743093920632,-0.00458557553319,-0.000771557483828
2026-01-27,0.022468068994,0.0392233098595,0.0306122698705,0.0263410355221,0.0244064599185,0.0222024862272,0.0225564082276,0.0265003653754,0.0325424119648,0.0179514049449,0.0171320173464,0.0105374733646,-0.0187809635788,0.0178938121429
2026-01-28,0.0223025186893,0.0239162699617,0.0216584596234,0.0135322887548,0.00842786708323,0.0860121417404,0.00665258509978,0.0225068389559,0.0210112305632,0.0456431431681,0.0168432730547,0.0125130088352,-0.0068617020727,0.0152375507781
2026-01-29,-0.0125120785969,-0.0131386389786,0.010296786359,-0.0128912200047,-0.0200900220604,-0.0383999633789,-0.0149564729456,-0.0041002369403,-0.0160772135963,-0.0357142345534,0.00153384084447,-0.00102987248474,-0.00618182095614,-0.00843029709082
2026-01-30,0.0038986609035,-0.0110947165034,-0.0317747258996,-0.0060635227698,-0.016729537358,-0.00748753320802,0.00635591753146,-0.0140845890447,-0.02418297806,0.00720159687755,0.00888204494258,0.0123711091263,0.0311013678684,-0.00966505400417
2026-02-02,0.0119741096856,-0.0205684084431,0.0123839882614,0.0126701820468,0.0195162253863,0.0435875516167,0.00315795562606,0.00875480162279,0.00803743325001,0.00408577411762,-0.00212505880152,0.0356416691054,0.0138395807461,0.00787918219713
2026-02-03,0.0121522132864,0.00840012634091,0.00611634082571,0.00551653646622,0.00163616527492,0.00401607963862,0.00279816704743,0.00566701663962,0.0358804662179,0.0295015224542,0.00456342871352,0.0088495147031,0.00875043761535,0.0157609974124
2026-02-04,-0.0202211916168,-0.0363498330185,-0.0413374292517,-0.0322878313401,-0.04933031355,-0.0023999786377,-0.019881452913,-0.0329434036759,-0.0250160599186,-0.0385375745037,-0.00333130433359,-0.011695882312,-0.00763356404178,-0.0213600180962
2026-02-05,0.0148339769005,-0.029076685905,0.0310716036072,0.00810288968468,0.013402080367,0.0152365337863,0.0174377822023,0.0201704137023,0,-0.00822193851909,0.00364632933109,0,0.0178321755972,0.00230589737381
2026-02-06,0.00349522875727,0.00445166387807,0.0479704792582,-0.0255317488488,0.0218718053346,0.0300158071896,0.00174882893527,0.0270211405029,0.0197368564443,0.0569948310577,0.0105964594963,0,0.00137406414772,0.00451882477612
2026-02-09,-0.00221653104634,0.034649501246,0.0340376501799,0.0145559328916,-0.00116141050014,-0.00153370430582,0.0139665459741,0.0333689171865,-0.00516130695336,0.0754902493735,0.0101857404526,0,-0.0072040853249,0.0179885214539
2026-02-10,-0.00698178129768,0.00661994058698,-0.00964834669494,0.000478185860991,-0.0209302756203,-0.0322580692417,-0.00137750376739,0.0022769512011,-0.0226977790697,-0.0337283824427,-0.00266908336371,-0.0325443835798,0.00552867465306,-0.00167524873685
2026-02-11,0.00798981358954,-0.00425534269742,-0.00916889365092,0.0296368703188,0.00458091593233,0.0214285314218,0.0079310535081,0.0196200657714,0.0132714095925,0.0471698533014,0.00475768449642,0.00917426774801,0.0223367563577,0.0202765571804
2026-02-12,-0.0123654281379,-0.0279720015446,0.00404856825049,-0.0143920426466,-0.01199120104,-0.0116549821184,-0.00376326299594,-0.022888290898,-0.0117878406944,-0.0855856930147,-0.0145013293029,0.0292929110175,0.00504200398421,-0.0101898270418
2026-02-13,-0.0154092784396,-0.0215827700099,0.00576026679846,-0.0122468386711,0.0186325130031,0.0110062410935,-0.0236949781186,-0.00974306847793,0.0172300592451,0.00788181516672,-0.0156157058753,0.0176644860269,-0.00334449440621,-0.00693416273447
2026-02-18,0.00847750745977,0.010620924581,0.00859119601057,-0.00286109601694,0.0122503425588,0.00855370243299,0.00844174396184,0.00460538023925,0.00977189494057,0.00488755241839,0.01098237077,0.0221793084546,0.0201342415044,-0.00240260854642
2026-02-19,0.0229548830989,0.0274858654595,0.00794988758119,0.0200860886717,0.0253647518134,0.0246722967029,0.0143006668714,0.0116691267829,0.00580646222652,0.0291829635462,0.0244416988453,0.00188671116932,0.0309210705873,0.0135364699811
2026-02-20,0.0169862726983,0.0283241271123,0.0185917214987,0.0201593520009,0.00533548671892,-0.0158013573175,0.0134381799252,0.0140060361349,0.000641430829274,0.0207938999392,0.00559658414118,0.00470812716067,-0.0188257865257,0.0106081661663
2026-02-23,-0.00345041243648,0.0015302569419,-0.0121681433989,-0.0243566905571,-0.0252492708087,-0.0152905053847,-0.00409542996875,-0.0361566577124,-0.00448720196946,-0.0398148125039,-0.00263624750339,-0.0206185918839,-0.0162601626016,-0.00881732394218
2026-02-24,0.00849871703171,0.012987018664,0.0201566377103,0.00800766004665,0.00890945754273,-0.0178571812009,0.00856744728615,0.0151737167308,0.0225370738967,-0.023143619698,0.0234948824668,-0.0210525740807,0.0545454419349,0.0139578722188
2026-02-25,0.00280886185581,-0.0109351776215,-0.00439081007006,-0.0107476531297,0.0106295711916,0.0142292735655,0.000339860255183,-0.00788861219141,-0.00629723351862,-0.0631787200673,0.000573835617462,-0.00977523125142,0.00313480823403,-0.0012637735652
2026-02-26,0.0233428312179,0.011056077796,-0.0104739605748,-0.00897498028037,0.00388347629593,0.0342946638094,0.0139265854855,-0.00251097431309,0.0171101697638,0.00948370400148,0.0266705621546,0.0118460756304,0.0109374523163,-0.00127060152263
2026-02-27,-0.00577863935081,-0.0131976008834,-0.00278574008047,0.00810288968468,-0.0125725510449,-0.0248681888468,-0.0211055992676,-0.0186700208827,-0.029283468208,-0.024008387652,-0.0167598730158,-0.0214634505112,-0.0370942476721,-0.0116122614591
2026-03-02,-0.0140716359941,0.0103171745119,0.0329610322905,0.00378245345155,-0.00277500427582,-0.0131374905821,-0.00958243022698,-0.0180022426666,-0.00385105540929,-0.0171123890979,-0.0309657866047,-0.000996917014508,-0.010272863523,0.00275442694677
2026-03-03,-0.0266831559715,-0.0499243444842,-0.0513790170755,-0.0476663113722,-0.0586021097299,-0.0532498262177,-0.02487904989,-0.0335367031683,-0.036082396872,-0.0206745077533,-0.031076051827,-0.0578843875905,0,-0.0327615988844
2026-03-04,0.0207204127625,0.0155254528909,0.0353477108829,0.0143561621846,0.0413841263509,0.00413566502099,0.0216158718477,0.0141957029399,0.0133688583577,0.0588888066483,0.0175492118202,0.018008587224,0.0168667031804,0.0123481062778
2026-03-05,-0.0271706365537,-0.0184241203112,-0.0330396058069,-0.0322107412773,-0.0457504990014,-0.0189456745804,-0.0346860986817,-0.0333259650626,-0.0290236762877,-0.0388247031692,-0.036574381601,-0.0353797228598,-0.0334928590632,-0.0264449791224
2026-03-06,-0.0150881955939,-0.0199680503881,-0.0182232481538,-0.0141201509855,-0.0201225303138,-0.00923590747998,-0.0150916562301,-0.0133303046874,0.00339677559341,0.0185589302812,-0.0145062255305,-0.01618143386,-0.0102310057343,-0.00608985725685
2026-03-09,0.00586708382924,0.0537897166087,0.00464028912887,0,0.0125000259186,-0.0381355764399,0.00328352475607,0.00535753745065,-0.0135410383051,0.0203644835417,0.0156591620547,0.00657909645795,-0.0330109962879,0.00864159674407
2026-03-10,0.000972021849297,0.0641917945952,0.04561205811,0.0245525442415,0.0215167013955,0.0590308417423,0.011272622941,0.0148286664352,0.0446122153234,0.0651260070839,-0.0024668061488,0.00871454299599,-0.00827585417649,0.0139955227593
2026-03-11,-0.0213661042158,0.0148982500215,-0.0066262737077,-0.00449330537375,0.0051796166215,0.0074874538674,-0.0111469673808,0.00205478612368,0.0302235049469,-0.00986196046444,-0.0117465905361,0.00108002654472,-0.0118219801767,0.002845508512
2026-03-12,-0.0251405400874,-0.0157536888382,-0.0472484622523,-0.0275827173627,-0.0364136589314,-0.0644095586362,-0.0196364604374,-0.0273411457816,-0.0420918247301,-0.0637450653777,-0.0312792646752,-0.0496225259285,-0.0721322741575,-0.0254608113323
2026-03-13,-0.0186630393522,0.00109133091653,-0.015169158024,-0.0206292503902,-0.0176470515184,-0.0185348666868,-0.0222551138341,-0.00679304160081,0.00266309074794,-0.00638293558097,-0.0339037550048,-0.0442679259759,-0.0519530070395,-0.00910282511086
2026-03-16,0.0200552700721,0.0188953651568,0.027843636359,0.000526586662741,0.0143350114683,0.0350719736813,0.026555363723,0.014150884958,0.00929606136278,0.0535332386906,0.0243983743731,0.0285035057528,0.0119999694824,0.0125075287217
2026-03-17,0.00169483880057,-0.00142656612772,0.0144091378971,-0.00789474729928,0.00357776550846,0.00868804742023,-0.00480407166798,-0.0067441585841,-0.00526310888132,-0.0813008432319,0.00652532335461,0.00808319140084,-0.008695625296,0.00297428769979
2026-03-18,0.0060915125702,-0.0317856924874,-0.0272726957621,-0.0116708431192,-0.0121211882872,-0.0275624206966,0.000371338888888,-0.0100679496179,-0.00198417480498,-0.0210176623629,-0.00745544097831,-0.0103092295382,-0.0155502149456,-0.00426805609445
2026-03-19,0.000672552837329,0.0143858126473,-0.0116821524835,0.000536442181078,-0.00559366509902,0.00354295500338,0.00890868181922,0.00709561675111,0.00397617263563,-0.00903959485037,0.00489875553882,-0.00925920230549,0.0141757948116,0.00351258071699
2026-03-20,-0.0319327143831,-0.0319999694824,-0.0431442594542,-0.0166309176994,-0.0430048237073,-0.00882615905941,-0.0500368633612,-0.0161285119717,-0.0204620538152,-0.0490307823925,-0.0276243111377,-0.00467292567066,0.0219648249581,-0.0224772703319
2026-03-23,0.0378472964554,0.0360630749139,0.0660902297999,0.0365522104909,0.0472126847694,0.0596616298847,0.0608055598132,0.0296028210925,0.0552560223868,0.0503597155518,0.0524732730866,0.0880282458864,0.0410316229308,0.0324198866184
2026-03-24,-0.0013383170036,-0.0282813882815,0.00695236844338,-0.00315775251929,0.00724247569805,0.00336134143994,-0.0135085101655,-0.00561011664875,0.00127725554938,-0.00799092302705,-0.00793904322264,0.0151023601817,-0.00825823267248,0.00317151463184
2026-03-25,0.0144054666068,-0.0201492172967,0.0356733540901,0.0179515237002,0.0188746418924,0.0393635078347,0.0318282017879,0.0131641244542,-0.0011194702348,0.023015025756,0.0169654337782,0.0170030838445,0.0439061258161,0.0159718150886
2026-03-26,-0.0224570688024,-0.0437928259142,-0.0127778247884,-0.0238591462963,-0.0261114798993,-0.0185334041148,-0.0315637872307,-0.0269141515534,-0.0161917660534,-0.0506187604866,-0.0308467055326,-0.039707359593,-0.0286439090052,-0.0145126844421
2026-03-27,-0.0135135958869,-0.0294703207141,-0.0315138950951,-0.0159401931058,-0.0302536608768,-0.0147783498084,-0.0162963369725,-0.0116832803213,-0.0197497617744,-0.0414691433654,-0.012666491757,-0.0250270376608,-0.0388204882414,-0.00643561918209
2026-03-30,0.00354506644744,0.0229790499244,-0.00987786171382,-0.00270018012644,-0.00242845174235,-0.0433333714803,0.000753023870566,0.00361866646085,-0.0470113933117,-0.0111248295295,0.00855261739959,0.0189731092273,-0.0213591936723,0.00527107189478
2026-03-31,0.0458463071114,0.0308865001339,0.0798121821742,0.0378996007018,0.0541198300309,0.0540070438986,0.0511662942149,0.0451925513871,0.0542635929235,0.0962500074454,0.0472592719323,0.0186199408943,0.0281745659912,0.0271102490768
2026-04-01,0.0210942475325,-0.00972762617037,0.0106048849614,0.0135627978091,0.0232723036099,0.00909088043052,0.0182534100599,0.00847140960279,0,0.00798181143224,0.0213769755192,0.01505364419,0.0243149776853,0.00261919749069
2026-04-02,-0.0219496762752,-0.011394927577,0.00377965225294,-0.0149944213439,-0.0057291641468,-0.013923020128,-0.0239015492368,-0.0120922377029,-0.00802143883931,-0.010181034525,-0.0150815771882,0.00635607621578,-0.00904301696261,0.000526727426537
2026-04-06,0.00561058599513,-0.0461049226728,-0.00860685564792,0.0109833240299,0.00768290213653,-0.00664451195677,0.00396103203175,0.00438806279433,-0.012803268025,0.00799994543191,-0.0071874599166,-0.0210526566601,-0.0102661048763,0.000584944589794
2026-04-07,0.0019691900367,-0.0354166825612,-0.0206185852059,0.00929023152774,0.00866401809449,-0.0117057142873,0.00143474278116,-0.000689904387306,0.0102389030082,-0.00453511670351,0.00598039842162,-0.00656033352269,-0.00883601396534,0.000515513227963
2026-04-08,0.039305667621,-0.00215979429306,0.0365651599977,0.049974091638,0.0671705712892,0.0702199615174,0.0390401742236,0.0349746428447,0.0472973420266,0.0193621648101,0.0403630343803,0.0295404220788,0.0635659436238,0.0209392379647
2026-04-09,0.0176489286686,0.0103896003097,0.0240512923279,0.00594947976088,0.0149710060515,0.0505929140413,0.0155118022991,0.0171187126622,0.0264515610832,0.0312849193257,0.0120300480097,0.04357074163,0.0196792637634,0.015234051852
2026-04-10,0.0192009182867,-0.108826088214,0.0182673129687,0.00739269742477,-0.00428230269259,0.0233258405197,-0.00950430011979,0.0069945842668,-0.0119421443547,-0.00866743448632,-0.00416051198693,0.0448064892437,-0.0257326420705,0.011248968631
2026-04-13,0.00698869343998,0.0350962248251,-0.0128139315278,0.00733854212882,0.0162472111721,-0.00808827994604,0.0037696318175,-0.00520939524879,0.00572522580118,0.00655743810365,0.00716207143908,-0.00097466044172,-0.0150403464406,0.0034309055158
2026-04-14,0.00482799860669,0.0283324980747,0.0218067955687,0.0092276607515,-0.00862068599427,-0.0207560961988,0.007169663133,0.015273769152,-0.00885518786688,0.0043430758137,0.0168889311967,0.0165853926354,0.00931098683233,0.00331311458023
2026-04-15,0.00810821222634,0.0257452443784,0.00813015498145,0.000962550538841,0.0170751693831,-0.000757019595228,0.0309910632717,0.0109606194348,-0.00446711982052,0.0151352408922,0.00844985306677,0.00959694422681,0.0173431478501,-0.00462606401989
2026-04-16,-0.00893655011327,-0.0215763888539,-0.00302417134119,0.0024037804244,0.000155349937165,-0.0113636076286,-0.0138888827177,-0.00127543196411,-0.0352564558023,-0.0149095807953,-0.00577866375496,0.0123573413419,-0.00253898061658,-0.00464756394825
2026-04-17,0.0159302647943,-0.00450038151266,-0.0176947254106,0.0196644445976,-0.0115013887583,0.0168582577635,0.0187793557176,-0.00383159285598,0.0252492367218,0.00432439914184,0.0110432541261,-0.0140844387996,0.00618182095614,-0.00551267916207
2026-04-20,-0.00887567923604,-0.0113019887213,-0.00926405813761,-0.010818490747,0.00833334651904,-0.0218538738149,-0.0105332797886,-0.00918795230794,-0.0181464712034,0.00645851341866,-0.0103477339999,-0.0038095298146,-0.0057824303206,0.00203337182094
2026-04-22,-0.0191045807077,-0.020118907964,-0.00935058159744,-0.0294818330415,-0.032745992831,-0.0392911628038,-0.0169660697124,-0.0288979414862,-0.0349834931326,-0.0427807668319,-0.0220739017537,-0.0334608560063,-0.0141766407271,-0.0165347826974
2026-04-23,-0.0208197719174,0.0233317775492,-0.00209755431272,-0.0215580851102,-0.017249705063,-0.058540535708,-0.028426383805,-0.0188762454444,-0.0191518502115,-0.033519541055,-0.0243539951311,-0.0227496936623,-0.0302360463421,-0.00783352083323
2026-04-24,-0.00878028304051,0.0100318882943,-0.00262742837062,-0.00250368746323,-0.0013123296254,-0.0161839509444,-0.00208982503649,0.00430057166327,-0.00418419484218,0.00924849212875,-0.00365286629806,-0.00607288406907,-0.00608364456477,-0.00330759021413
2026-04-27,-0.0107560421273,-0.01128668191,-0.0136987022798,-0.00953812773697,-0.00607755583013,-0.0303030628303,-0.00907505204853,-0.00856431188952,-0.0217085632607,-0.0137209118972,-0.00733275269526,0.0132383102061,-0.026013784279,-0.00611287320769
2026-04-28,-0.00895430858508,-0.0182648230821,-0.0101494818782,-0.00810951395121,-0.00545357784105,0.0133929084606,-0.0126804863737,0.00250051694011,0.00286324853533,0.00117235981183,-0.00769465804168,-0.0251256674778,-0.0219952665389,-0.00506385200893
2026-04-29,-0.0280735504391,-0.0162790875102,-0.0350783297992,-0.0235053831653,-0.0267530965221,-0.034361262574,-0.0178380151435,-0.027891236973,-0.0421127263192,-0.0538641733257,-0.0210918593718,-0.0288659253664,0.00200807811949,-0.0205122495613
2026-04-30,0.0175962422236,0.0222222803395,0.00838925585953,0.010989079546,0.0131466561902,0.0328466838891,-0.00108976953919,0.00746447949754,0.013412749981,0.0185643093993,0.00506970949733,0.0180467371081,0.0344688848379,0.013899864682
2026-05-04,-0.0137030619914,0.0106382762862,-0.00887396210548,-0.0212215185296,-0.0207279810818,-0.0150176749891,-0.00545451296628,-0.0178776742759,-0.00588229173026,-0.0279464829926,-0.0157629514806,0,0.00193727801022,-0.00917156920317
2026-05-05,0.00363876883995,0.0402745604303,0.007834264989,0.0158244996552,-0.00292556348219,0.0286996107127,0.00767817091601,0.00141504818257,0.0392011756898,0,0.00512492106928,0.00208540738694,0.030549071521,0.00621767241379
2026-05-06,0.0286749937289,-0.0167179572556,0.0194336335923,0.00416880119367,0.0186400500481,0.0706189578976,0.0315675252523,-0.0160151265223,0.0455514771426,0.0037499666214,0.0321861705053,0.0530697037561,0.0607880248564,0.00501729547961
2026-05-07,-0.0294776687512,-0.00134231257868,-0.0315904337119,-0.0389204756735,-0.0308370018052,-0.0195439557278,-0.0204009625045,-0.0236956082153,0.0170183722833,-0.0112079301051,-0.0302562790648,-0.0286560771428,-0.0180403332375,-0.0238317234177
2026-05-08,0.00198076079067,-0.0860215099707,0.0084364394925,0.00377972984399,0.025349619888,0.0157806960951,0.0100538320736,0.0115223731041,-0.039491188524,-0.099496216141,0.0124163880624,-0.0406917253585,-0.107708924584,0.00485760132738
2026-05-11,-0.0181218426771,-0.0166666744581,-0.0189626410557,-0.0268963341332,-0.028815021467,-0.0768601484519,-0.02381804191,-0.0225398207924,-0.0439024285955,-0.0307692677055,-0.024842701012,-0.042417881175,-0.0310860090244,-0.011944076303
2026-05-12,-0.0134228776927,-0.032901289381,-0.0164866510317,-0.00718621416,0.000702277778688,-0.0283436400271,-0.0145666031875,-0.0114059759903,-0.00218667424916,0.0331890367635,-0.0109642301324,-0.0454042816273,-0.0133333206177,-0.00861419720849
2026-05-13,-0.0323128465014,-0.0463917338262,-0.0381502404266,-0.0172606027926,-0.0363157914036,-0.0483136439147,-0.0402808360162,-0.00601956139852,-0.0401752189876,-0.0279329348502,-0.0443430457759,-0.0464036779669,-0.0456081042985,-0.0179880449368
2026-05-14,0.0147627000446,0.0189189395389,0.0174278954453,0.0107647912309,0.00837427153096,0.0584291795852,0.0211782797593,0.0194298070563,0.0441400202388,-0.00718393541104,0.0197884643554,0.03927003388,0.0176990978663,0.0071598775819
2026-05-15,-0.00450291181654,0.0106100186495,-0.0135852719213,-0.00840795708991,-0.0160679007584,-0.00542990213403,-0.00452487443269,-0.0173267090487,-0.012390721288,-0.0173661198566,-0.014051517419,0,-0.00260867243228,-0.00606617853178
2026-05-18,-0.00347952134252,0.0152231457817,0.00119755686195,-0.00169587212694,-0.00587153138197,0.0063694858923,-0.00378790467608,-0.0020153714077,0.0162362124902,-0.0265095477688,0.00950120612266,0.00472812915454,-0.00610293346721,-0.00173732542136
2026-05-19,-0.0202513809021,-0.0289555047324,-0.0496411568085,-0.015288887513,-0.0204872816033,-0.0470163144697,-0.0186311459617,-0.0212013116344,-0.00944082244397,-0.0181543661078,-0.0211763980759,-0.00941175830026,-0.0223683481842,-0.0152393544887
2026-05-20,0.0321210496547,0.043663453932,0.0566393525324,0.027027196959,0.0212926299674,0.0578747304445,0.0321580449551,0.022949859271,0.0777125235858,0.0369800086933,0.0339972283067,0.0771971538597,0.0165993233148,0.0176555982075
2026-05-21,0.00209337627987,0.0178571619723,0.0136986669157,0.00223956698061,0.0031365430257,0.0017937630895,-0.0048798845319,0.0113436065756,0.0102041441468,0.00594353071912,0.000664191275317,0.0110253507059,-0.0150044198975,0.00165768285257
2026-05-22,-0.0208912105273,0.0385964170911,-0.0211516624173,-0.0156423740073,-0.00809269467013,0.00179046588655,-0.0230101400433,-0.017198232737,0.0148147935878,-0.020679448579,-0.0175904408689,0.00218102359118,-0.00582433523943,-0.00810582606248
2026-05-25,0.0238264445924,0.00820463715867,0.0360144988319,0.0255389176702,0.0365288633764,0.0670241311997,0.0301158575855,0.022571531001,0.0225613424011,0.0211161182608,0.0266891821984,0.032644156193,0.0243352408825,0.00652062879519
2026-05-26,-0.00382078034838,-0.0186691910504,-0.0185400306413,-0.0127282355632,-0.00715566949678,-0.0477386695859,-0.013868116986,-0.0064482355215,-0.0240103586134,-0.0177252416392,-0.0128331278246,-0.0305584116327,-0.0202375316206,-0.0043414768915
2026-05-27,-0.00453285588177,0.00731705456245,-0.0271547365984,0.00896875022915,-0.00918915352808,0.000879527614995,-0.0064614219564,0.0064900851189,-0.0113031726766,-0.00751882556659,-0.00733334253586,-0.00108700812542,-0.00404131794961,-0.00478512251613
2026-05-28,0.00280217834239,-0.0387408838663,0.00121366281058,-0.0055555874944,-0.0125478068753,0.00527236075035,0.00191279044323,-0.00793637814908,0.00874237665076,-0.0378787884261,0.00470111824976,-0.00979319439978,-0.00135260082203,-0.00387495447924
2026-05-29,-0.014669962354,-0.0272040758262,0,-0.0111730307959,-0.0101288381599,0.0122377926974,-0.00954562001493,0.000999935317016,-0.00666666358776,-0.0582676993883,-0.00434488441409,-0.00659340170323,-0.0139954614574,-0.00728309237246
2026-06-01,-0.0152428593447,-0.027446856238,-0.0151514449609,-0.0112994985967,-0.018604668579,-0.0215889466016,-0.0104086619271,-0.0165364283896,0.00805380708549,-0.0267558272411,-0.0164485520134,-0.0254424055522,-0.0132784301054,-0.00914907818722
2026-06-02,-0.00539958157811,0.0111820594672,0.00184614033766,0.0153847115071,0.00947868202721,0.0114739731082,0.00155823490771,0.00508130907259,0.033288862879,-0.0240550410985,0.00409564628783,0.00340516382358,-0.00696053938936,0.0116145367542
2026-06-03,-0.0126672783556,-0.0847814970909,-0.0466830468309,-0.0214084099711,-0.0476995348844,-0.0445026376251,-0.0388954140506,-0.0212335646319,-0.0567010154794,-0.0598590996525,-0.0261727043644,-0.0554298764683,-0.0420560576903,-0.0221988771398
2026-06-05,-0.0120967303477,-0.014384350522,-0.00708766129151,0.00575691709235,-0.00118321191583,0.0383561720192,0.00445168525588,0.00284085394835,0.0170764939592,0.0187265733661,-0.0104711809575,0.0131735850717,-0.00390243530273,-0.00770264954706
2026-06-08,-0.00333959939138,-0.00175124230978,-0.0123296088163,-0.0154550731123,-0.0029615339118,-0.0123131349808,-0.00966959472601,-0.00798337239939,0.00537274395698,-0.018382335217,-0.00599648639501,-0.001181975304,0.00391772396705,-0.00207077310835
2026-06-09,0.00521222421562,0.00818709862721,0.0111695179011,0.01337220022,0.00693066931732,-0.00356188454884,0.0109845683932,0.0181723055668,0.00267204897547,0.0280898154015,0.0120653223312,0.0106508226224,0.0243902439024,0.0067825148664
2026-06-10,-0.0118518806905,-0.0226217746419,-0.0175439222077,-0.00975321551639,-0.0324482888911,-0.020554025993,-0.0160966116482,0.00356957371778,-0.0126582603971,-0.067395246081,-0.0164797207708,-0.0070257563648,-0.0128571646554,-0.00703126380195
2026-06-11,0.0194902282467,0.0391691295235,0.0211640187635,0.0243335759436,0.0260162119379,0.023722648538,0.0204499589178,0.0289634225454,0.0384615718505,0.0410156333674,0.0160428141642,0.0377359370136,0.0231548264754,0.0170680646902
2026-06-12,-0.00477942365855,-0.018275253606,-0.0136010010406,0.0067873700003,-0.00178290445126,-0.0231729253738,-0.0160321726667,0.00246904463247,-0.000649862246694,-0.0206379240317,-0.00210527197923,0.00113641754777,0.00565774844004,-0.00212248610763
2026-06-15,-0.0173622901199,0.0145433386988,-0.00590941061415,-0.00842704262292,0.00972421045662,-0.0145985261729,-0.0260691756064,-0.00492592693148,-0.00455128608531,0.0249042374839,-0.00668070297867,0.00340516382358,0.0121894153686,-0.00419556719043
2026-06-16,0.00601497715615,0.000573407601812,-0.00660501494129,0.000566658448941,-0.00353777567888,-0.0453703483763,-0.00752825000379,0.00123753025138,-0.0274330871108,-0.0654205440881,-0.00601771284776,-0.015837201051,-0.027327473294,-0.00449490948567
2026-06-17,-0.0108371712564,-0.0487106214502,-0.0285904564211,-0.00622893973729,-0.00611441661154,-0.0213385313361,-0.0117993773402,0.00865267161753,-0.0295500585315,-0.0520000457764,-0.00534186839662,-0.00804591624866,-0.0133333660307,-0.00704395546098
2026-06-18,0.0064224565761,-0.0234940534961,-0.0191649284687,-0.00455832065497,0.00912877068648,-0.0376610613176,0.0136460171805,-0.0075979947385,-0.0318339221681,-0.05063286555,0.00966703055639,-0.0127461689487,0.0164092743173,-0.00104479561186
2026-06-19,-0.00337838670993,0.0832819529745,0.00558267584933,0,-0.00412976423138,0.020597302624,0.000420717383703,-0.00643252370492,0.0214439492197,0.0266666412354,-0.0063830053175,0.0187793278466,-0.00997146675204,0.00177087914047
2026-06-22,0.0218454784752,0.104783610965,0.0201249259498,0.0120206496344,0.0310031535808,-0.0121089694659,0.0134566488172,0.0268372826751,0.00699789694657,0.00865800061555,0.0221270303206,-0.00345627405104,0.0028776721748,0.0106420842825
2026-06-23,0.00379838683402,0.0360825142631,0.00136055655289,0.00904971635176,0.0113005461937,0.00204294768556,0.00331949295339,0.00268677153383,0.0104239000416,-0.0515020984929,0.00384078710109,0.0150288351123,0.0463892549227,0.00521805482186
2026-06-24,0.00408315560512,-0.0393035273898,0.0210598068503,-0.0106502050955,0.0162878916163,0.0886849998313,0.0157154639797,-0.00194866130727,0.0132277926853,-0.0135746474534,0.00347832017482,0.0307517430739,0.0351919783957,-0.0043910101075
2026-06-25,0.0236598815579,0.0253754419819,-0.0134260271985,-0.00169953333555,0.0119268895921,0.00187261268894,0.022394212321,0.0178178605235,0.001379308955,0.0137614543445,0.0221836451306,-0.00110491834088,0.0189845612546,0.00869759012826
2026-06-26,0.0126399471748,-0.0409090655128,0.0212183917754,0.0170259270283,0.00662990939366,0.0299066031965,0.019514102084,0.0129495771563,0.0309917378934,0.00452488248446,0.014242110656,0.0342920631244,0.019930718949,0.00758765044479
2026-06-29,0.000713248977273,-0.0321222020908,-0.0140750586528,0.0139509476405,-0.00274426799917,0,-0.0121093226609,0.00402463031068,0.00133593893044,0.0450450015062,-0.0106987651516,-0.0117647483439,-0.0229397151455,-0.000519345624513
2026-06-30,0,-0.0272034832878,-0.0122365945085,-0.00385233871599,-0.00770502423845,-0.0245009479626,-0.00474502096506,-0.00542317137854,-0.0153435154285,0.0086206816819,-0.0108144014966,-0.0108225029173,-0.00521742779276,-0.00681850985826
2026-07-01,-0.00213829203345,-0.0464205795673,-0.00894703262854,0.00110481699347,-0.00166391232278,0.000930253849473,0.00437032719572,0.00659784291885,0.00677506104418,-0.0534188053782,-0.00361900717096,-0.0122130166828,-0.0157342096245,-0.001947402688
2026-07-02,0.00357148031905,0.0170088521117,0.0145833252312,0.00325622142047,0.0100000415722,0.00743493698925,0.00593350865224,0.000707027033641,-0.00403768109064,-0.0361173484452,0.0107341198857,0.00559901851645,0.0102131233375,0.00640110898194
2026-07-03,0.00355870015491,-0.0115340692722,0.0102669914767,0.00550673093171,0.023835725649,0.0138376029907,0.0145497229068,0.0063573989899,0,0.0421545267313,0.00548132389465,-0.0111357943088,0.000879141000601,0.00855383475704
2026-07-06,-0.0205673519634,0.0180864284907,-0.012195142693,0.000351361946338,-0.00823779970821,-0.0300272912265,-0.0228682099028,-0.00421149185917,-0.0479729585207,-0.0224718896447,-0.0163543283134,-0.0191441524891,-0.0105401741894,-0.0104323275912
2026-07-07,-0.0162925272053,0.0361031021904,-0.00342935014861,-0.00558035154785,-0.0149874355133,-0.0412757586005,-0.0111066730339,-0.00305454683772,-0.0312278589774,0.0160919938382,-0.00865950788821,-0.029850772416,0.00621390969293,-0.00247610874003
2026-07-08,-0.00846526130349,-0.00995576913359,-0.0199587293126,-0.00729501644146,-0.0109989951569,-0.00880627693115,-0.0116326349754,-0.0127268751563,0.00439560016116,0.0203620251209,-0.00384348732096,0.00118345906598,-0.0220555799875,-0.00794670418147
2026-07-09,0.0282108666884,0.0312848870322,0.0386236062192,0.0175238099354,0.0320667062447,0.0187561281576,0.0328734622699,0.0167103753386,0.0320933317277,0.0776052964235,0.0164854194872,0.0236406392864,0.0184934526839,0.0122352830874
2026-07-10,0.0361011063897,0.0346696277756,0.0425963899351,0.0477779657308,0.0547772669153,0.0348837811044,0.0444007553897,0.0401502665434,0.0332156200913,0.0740740013966,0.0452036367834,0.0565819607104,0.042072664577,0.0296627340195
2026-07-13,-0.0205575610818,0.00628266646535,-0.0194552858103,-0.00477207990201,-0.020602749375,-0.0365168850355,-0.0203160067114,-0.0176071721145,-0.0321478106267,-0.0306513129967,-0.0178276955829,-0.0459016495961,-0.0178495564827,-0.0119584406238
2026-07-14,0.00462467862866,-0.0192507255517,0.0138888809065,-0.00745878427499,0.00747570012226,0.018464487958,0.00614437603027,0.00252763013553,0.00989405257522,-0.0019762356043,-0.00436971968963,0.01832769868,0.0138468059876,0.00513261142945
2026-07-15,-0.000354133702001,-0.0100796037248,0.0234833436396,-0.0016102633332,-0.0157031908513,-0.0133587209698,0.0194655763476,-0.011230888312,-0.0132960321367,-0.00396039211309,0.00405128050253,-0.0449944383304,0.00384123565581,-0.00356655589586
2026-07-16,-0.0152320275393,-0.00696672892978,-0.0191203693476,-0.0102150227136,-0.00788922139131,-0.0348163060966,-0.0305671175858,-0.0136763792076,-0.0319148972915,-0.0218688129078,-0.0174848843902,-0.00824495838767,-0.00722789425958,-0.0124196783156
2026-07-17,-0.0172661119266,0.00323796350346,-0.0123457099944,-0.00651812743556,-0.00724508671034,-0.0230460473733,-0.0198212296135,-0.0138661058334,-0.0168498362969,0,-0.0236139165956,-0.0237529462533,-0.0389721555694,-0.000638573277722
2026-07-20,-0.00073211824964,-0.0225927957421,0.00394737510767,0.0065608921668,-0.00605199796402,-0.0184615697616,-0.0146708541617,0.00810302970744,-0.00819667728676,-0.0121951101319,-0.00736070756281,-0.0352798575754,-0.0213904384207,-0.0019745098265
2026-07-21,-0.0073259692741,-0.0379747127771,-0.00589781354059,0.00760453391978,-0.00841690792673,-0.0271681591953,-0.0104627857099,0.00543727707042,-0.00300525623457,-0.00823044459962,0.00105934629127,-0.0163933972784,-0.0250455036425,-0.000259558980452
2026-07-22,0.0136531232304,0.0188787146652,0.0481212585422,0.0226415273201,0.0297995169864,0.0354457474578,0.0248068567127,0.00869987153395,0.0203466631101,0.0186721312335,0.0218694505659,0.030769200673,0.00653897200589,0.024358722869
2026-07-23,-0.0196578206283,-0.0426726699423,-0.0157232475247,-0.0131786894058,-0.0126271551784,-0.020746966371,-0.0186508415267,-0.00792539078941,-0.0125554147569,-0.0407331599757,-0.0186399385909,-0.0111940488825,-0.00464030058753,-0.00464099849055
2026-07-24,-0.0168202568837,-0.0234603892334,-0.0134185228217,-0.0128205808898,-0.028952048893,-0.0180083824339,-0.017792100075,-0.0108083896019,-0.00747942420709,-0.0127388412513,-0.0137178820071,-0.0352200930426,-0.0013986333603,-0.0151762069668
2026-07-27,0.0229095450202,0.0276276878295,0.0181347255565,0.0107015904222,0.0160965726393,0.0355986955135,0.0247014595103,0.0140142282579,0.0346646227713,0.038709639709,0.0185448835034,0.0325945237957,0.0275443580993,0.00742924121764
2026-07-28,0.0130645306254,0.00233775609304,0.0178117149934,0.00320686691344,0.00522055787492,-0.00625004346172,0.0156689958441,0.00398227856524,0.0123816696437,0,0.00805327219488,-0.0101010003706,0.027260353259,0.00701514244161
2026-07-29,-0.020633722728,-0.0583090391979,-0.0425000324364,-0.0223762085364,-0.0211317892689,-0.044025165406,-0.0328322745713,-0.024265065749,-0.0388489528255,-0.0144926906687,-0.0434178520406,-0.0255102400778,-0.0114993463893,-0.0151785461445
2026-07-30,0.0240782102637,-0.0179566544089,0.0202350327331,0.00217992362546,0.035857963118,0.0339912745073,0.0269938579475,0.0219991047343,0.0119761094606,0.0546217940216,0.0250544155327,0.0274869164682,-0.00850114231833,0.0188285361014
2026-07-31,-0.00477585911001,0.0353089805636,0.00639794293236,0.00217507777952,0.00317912466406,0.00106036849246,-0.0111509629566,0.0035095169943,0.00591715379514,0.00199207747407,-0.00354234442406,0.0127388415092,0.000902547739232,0.00474150339526
2026-08-03,0.011074179123,-0.0115712870387,-0.00699300871,0.00651107125214,0.00563377555977,0.0360169669175,0.0189286876681,0.00695513983766,0.0183823703197,0.0258448572925,0.0209740551081,0.0163522160453,0.0297565301322,5.61800908994e-06
2026-08-04,0.00657167404929,-0.0117066316739,0.00512160647365,-0.0167839940183,-0.00647755140236,-0.00613491488554,0.0106719551741,-0.0247857300534,-0.0129964469664,-0.0465115849254,0.0121866431002,-0.0185643684138,-0.0105078708194,-0.000589887640449
2026-08-05,-0.00290162020141,-0.00498758558691,-0.00955412602551,-0.00762067130186,0.00105728064445,-0.0390946609055,-0.0226828287301,0.00665096330548,0,-0.0264227870783,-0.0127278615676,-0.0201765259616,-0.0137167902969,-0.000949998594677
2026-08-06,-0.0178247006865,0.0144110586066,-0.0122186809835,-0.0193905096308,-0.0107375536062,0.0107065766768,-0.0288114973969,-0.0129778310732,-0.0138990712695,-0.0459289753536,-0.0285714836367,0.0244530318773,-0.0215343844715,-0.0122660724936
2026-08-07,-0.0022222475552,0.0506485279663,-0.0266926819775,-0.0220339688825,-0.0407473311202,-0.0275422973268,0.0024721658348,-0.0258188563433,-0.0808604942968,-0.0371991400237,-0.0032280576739,-0.0251256040586,-0.00825310910515,-0.0172775227006
2026-08-10,0.00445432156472,-0.0152851396463,-0.0187290433346,-0.00751009759167,-0.000927458234584,-0.0294118135935,0.0131524741401,-0.00809818596251,-0.0217917854475,-0.0181818004482,0.00863619155133,-0.0592783536829,0.000462331450293,-0.00193028931153
2026-08-11,-0.0373244834418,-0.0256716600105,-0.0259032692314,-0.0227007778319,-0.0556354107141,-0.0269360017091,-0.0425963185927,-0.0351311044251,-0.0074257755961,-0.0138888750915,-0.0321085088773,-0.0219178520642,-0.034658041643,-0.0250029039377
2026-08-12,0.00652601146559,-0.0269607591061,-0.00349894516101,-0.00297798434153,-0.0105725629903,-0.0334486688929,0.0245762675564,-0.0146153523976,-0.024106337735,-0.00469494288476,0.00479178297592,-0.0112044713168,0.00239354456056,-0.00228741623232
2026-08-13,-0.00572081453272,-0.0390428136707,0.0393258659333,-0.00477893831534,0.0129032908071,-0.0262530148,-0.0107526975021,-0.00312257964822,-0.0195911633756,-0.0613206995471,0.00403523879046,0.00283285851113,0.0133714790905,-0.00232848332149
2026-08-14,-0.0145761074506,-0.0255570339104,-0.00878374450771,-0.00720288665602,0.0151273546207,-0.0196078248044,-0.0079431661142,0.018010949465,-0.0260642665544,-0.017587922841,-0.0233833130206,-0.0310734170286,-0.0164938023302,-0.000999395575131
2026-08-17,-0.00973142209251,0.00672497526828,-0.0177232964023,-0.0193471293369,-0.0196078431373,-0.0199999809265,-0.0130636102791,-0.0158973871191,-0.0169491790513,0.0818414133551,0,-0.0247813517471,-0.00862483459212,-0.000898558711826
2026-08-18,-0.00275157798591,0.0247160907788,-0.00763352282683,-0.00616515495527,0.00440002441406,-0.0586734731115,-0.00683176118236,-0.00495055018377,-0.034482725094,0.011820376007,-0.0130939164783,-0.0179372024713,-0.00483327109176,-0.00269210475825
2026-08-19,0.0118248938676,0.00260755941689,0.00839155484713,-0.00620339987676,0.00577453392635,0.00813007342129,-0.00902841744432,0.00471325484504,0.00845859232611,-0.0537383195791,0.00416984889504,0.00304413704779,0.0087421225761,0.00898788589293
2026-08-20,-0.00895977541671,-0.0240572095453,-0.00554781510336,-0.0168540042325,-0.0128686939771,-0.0215053556696,-0.0208242758405,-0.0224133333373,-0.0214351625119,-0.0419753255032,-0.00528499021737,-0.00606979680225,0.0250361312616,0.000577965798725
2026-08-21,0.0251571859887,0.00866090023042,0.0523012422707,0.0311111154216,0.039911709575,0.0494505008657,0.0447496784465,0.0290588683092,0.046666572664,0.0721648775032,0.0193548471157,0.0412213699335,0.0108031720219,0.0184901772794
2026-08-24,0.00860543812956,-0.0396301431878,0.0238568353133,0.00184735087627,0.01446480274,-0.0183245901744,0.00296860453989,0.00336797077981,-0.03093718686,0,0.00297840364438,0,0.00371746849463,0.0051160016839
2026-08-25,0.0211456346012,0.00687760534609,0.0194175090993,0.0313459996545,0.0304182953466,0.0666666666667,0.0287526560737,0.0183319823503,0.0403755938105,0.0913461847065,0.0215293211659,0.0337243421238,0.0217592270858,0.015531653743
2026-08-26,-0.0048945077541,0.0170765023318,0,0.0125148512869,-0.0023985436584,-0.0187500119209,0.00698726168627,0.000253623840525,-0.0252707336857,0.0374449510402,-0.00363373473133,-0.0198582041894,0.0285455857194,5.15531828362e-05
2026-08-27,-0.00832391638258,-0.00671594218697,-0.00126986384551,-0.00353149195561,-0.00610316290401,0.0369427314921,-0.0130612120336,-0.00887206833279,-0.0157407702192,0.0276008733308,0,0.00144721115813,-0.00440530300039,0.0031445820398
2026-08-28,0.00763070077537,-0.00878973054606,0.0197076090625,0.00886007536669,-0.00297729516961,0.0147420000612,-0.00206787195112,0.00230178014613,0.0065851758863,-0.0454545991928,-0.00145882258994,0.00144505085758,-0.0278761529859,0.00302623690296
2026-08-31,0.0106020651996,0.0136425519336,0.011221843434,0.00644030446255,0.0210899069578,0.00726385766099,0.0165769390713,0.00842064075127,0.0186915700682,0.0411255545296,0.0197224591702,0.0144300698336,0.0141102131534,0.00998491446788
2026-09-01,0.0236043372736,0.0141319006056,0.0246609956905,0.0122163581679,0.023030564016,0.0540866321449,0.0220138195297,0.00957377308812,0.0146788846535,-0.0395010518671,0.0154011570201,0.0298719139463,0.00987429562722,0.0129862077906
2026-09-02,0.0442899449462,0.112806954039,0.0385078093175,0.0212285914666,0.0305520644484,0.0706955362825,0.03749503572,0.0383650636489,0.0253164311707,0.168831218426,0.0380952348915,0.0193370646062,0.0560000101725,0.030502495507
2026-09-03,0.0171748514754,0.0184853582278,0.00521440530091,0.00225357270577,0.0195908644615,-0.00745480787424,0.0215301599775,0.0123158252454,0.00529100029187,0.0296296008493,0.0312606206848,-0.00406506901669,-0.0206228857912,-9.1790178451e-05
2026-09-04,-0.00723638606706,0.0357143216087,0.00115275821639,0.00618317579213,0.00731168670523,-0.0118025386566,-0.00526907757834,0,-0.00438591806898,0.041366910331,-0.00560132040057,-0.0258503482566,-0.0060163856572,-0.000221396634771
2026-09-08,0.0142311231318,-0.0361787042213,0.0155439279725,0.0178770783041,0.0217757775874,0.0162866034646,0.000378366582156,0.0121660820255,0.0237885656876,0.0069084563241,0.00530151907867,0.0391061753876,-0.0142671826926,0.0119904724354
2026-09-09,-0.0239561427681,-0.0240469129477,-0.0198411312629,-0.0236003520325,-0.0242854359103,-0.0299145024831,-0.0173979191577,-0.0197973166756,-0.0240964451283,-0.0445968705741,-0.0154910781474,-0.0456989448888,-0.0184210565942,-0.00927591304766
2026-09-10,0.0192847085039,0.021634652858,0.0213995292104,0.038785755548,0.0235353768596,0.0308369752559,0.0211701752925,0.0182735830427,0.00970021014889,0.0664272664553,0.0174087223236,0.0309859535189,0.0165326565285,0.0142219157567
2026-09-11,-0.015135889102,-0.0335293938132,-0.0215174999245,0.00595241412751,0.00612074321282,-0.00106829867247,-0.0173388986022,0.00897287088091,-0.0104803390921,-0.0303030011119,-0.0105297697022,-0.0314207668961,-0.0184615418151,-0.00564086493262
2026-09-14,-0.00663637698868,-0.0401704099302,0.00520837000235,-0.0139860261833,-0.00559026889664,0,-0.0118910421776,-0.00889307447194,-0.010591339926,-0.0329861197345,-0.00798136925686,-0.00564174344036,0.00313478258233,-0.00911290710283
2026-09-15,0.00316459447127,-0.0298034402908,0.00287841047616,-0.00709215282639,-0.00462960948109,-0.00962568437604,0.00349379471228,0.00755607334956,-0.00535244550281,0,0.0120684080212,-0.00992910209469,0.00178575518788,0.0054015881316
2026-09-16,-0.00245364666408,-0.0176470885227,0.00918489807873,0.000549358302971,0.0104651338892,-0.00431965020133,0.000386856043879,-0.0011717656247,0.0313901494153,0.0664272664553,-0.0043060969134,0.015759331406,0.0124776636646,-0.00512056106336
2026-09-17,-0.00597326167919,-0.014637346458,0.00113767667244,-0.00329486375392,0.00509612936483,-0.0357917477385,-0.0112142656103,-0.000938458513197,-0.0313043186601,-0.0252525410644,-0.014637346458,-0.0409026735701,-0.0145246449683,0.00239291180719
2026-09-18,0.0205019983765,-0.0344362062412,-0.000568246778198,-0.00881541877548,0.00425257014763,0.00562421092572,0.025420399933,-0.00587130082784,0.00269303933271,0.0103626844862,0.0347737592881,0.0088235207495,0.00848595530313,-0.00410232698181
2026-09-21,0.0287495138456,0.0475524015686,0.0363842996551,0.00944969863573,0.034201928696,0.0659955458927,0.0278413985012,0.0177179297793,0.0376006784975,0.022222242147,0.0283850195779,0.0189503841215,0.0549158447878,0.00738005387925
2026-09-22,0.000673351014797,-0.0073431014712,0.0109710169353,0.0148678667419,0.00708662618802,-0.0115424616747,-0.00519485317379,0.00232122724863,-0.00690249548592,-0.0133779136206,-0.00253806860864,0.0386266761952,-0.0436607481739,0.00443203498467
2026-09-23,-0.00299304112591,0.00201746692684,-0.00897440706569,-0.0217037228381,-0.00469115298642,-0.00743096542009,-0.000373003695675,-0.0187587162475,-0.00881451952156,0.0372880994298,0,-0.0440771572414,-0.0206321864151,-0.0085848588487
2026-09-24,-0.00749827239981,-0.0268456126692,-0.0121951889988,-0.0138657787287,-0.014925384763,-0.00641715691644,-0.0149253593253,-0.0118008027521,-0.0179050857564,0.0294118151212,-0.00890587410589,-0.0230547328664,-0.0242043487721,-0.00994542930027
2026-09-25,-0.00480773670887,0.129655114536,0.00785630707329,0.00562421092572,0,-0.00322925006398,0.0151515009208,0.00620974785916,0.0136736203171,0.0730158768604,-0.00192552844147,0.013274288048,0.0234267440587,-0.00265809986628
