Price,Adj Close,Adj Close,Adj Close,Adj Close,Adj Close,Adj Close,Adj Close,Adj Close,Adj Close,Adj Close,Adj Close,Adj Close,Adj Close,Adj Close,Close,Close,Close,Close,Close,Close,Close,Close,Close,Close,Close,Close,Close,Close,Dividends,Dividends,Dividends,Dividends,Dividends,Dividends,Dividends,Dividends,Dividends,Dividends,Dividends,Dividends,Dividends,Dividends,High,High,High,High,High,High,High,High,High,High,High,High,High,High,Low,Low,Low,Low,Low,Low,Low,Low,Low,Low,Low,Low,Low,Low,Open,Open,Open,Open,Open,Open,Open,Open,Open,Open,Open,Open,Open,Open,Stock Splits,Stock Splits,Stock Splits,Stock Splits,Stock Splits,Stock Splits,Stock Splits,Stock Splits,Stock Splits,Stock Splits,Stock Splits,Stock Splits,Stock Splits,Stock Splits,Volume,Volume,Volume,Volume,Volume,Volume,Volume,Volume,Volume,Volume,Volume,Volume,Volume,Volume
Ticker,ALOS3.SA,AZZA3.SA,B3SA3.SA,BBDC4.SA,BPAC11.SA,CEAB3.SA,IGTI11.SA,ITUB4.SA,LREN3.SA,MGLU3.SA,MULT3.SA,RIAA3.SA,VIVA3.SA,^BVSP,ALOS3.SA,AZZA3.SA,B3SA3.SA,BBDC4.SA,BPAC11.SA,CEAB3.SA,IGTI11.SA,ITUB4.SA,LREN3.SA,MGLU3.SA,MULT3.SA,RIAA3.SA,VIVA3.SA,^BVSP,ALOS3.SA,AZZA3.SA,B3SA3.SA,BBDC4.SA,BPAC11.SA,CEAB3.SA,IGTI11.SA,ITUB4.SA,LREN3.SA,MGLU3.SA,MULT3.SA,RIAA3.SA,VIVA3.SA,^BVSP,ALOS3.SA,AZZA3.SA,B3SA3.SA,BBDC4.SA,BPAC11.SA,CEAB3.SA,IGTI11.SA,ITUB4.SA,LREN3.SA,MGLU3.SA,MULT3.SA,RIAA3.SA,VIVA3.SA,^BVSP,ALOS3.SA,AZZA3.SA,B3SA3.SA,BBDC4.SA,BPAC11.SA,CEAB3.SA,IGTI11.SA,ITUB4.SA,LREN3.SA,MGLU3.SA,MULT3.SA,RIAA3.SA,VIVA3.SA,^BVSP,ALOS3.SA,AZZA3.SA,B3SA3.SA,BBDC4.SA,BPAC11.SA,CEAB3.SA,IGTI11.SA,ITUB4.SA,LREN3.SA,MGLU3.SA,MULT3.SA,RIAA3.SA,VIVA3.SA,^BVSP,ALOS3.SA,AZZA3.SA,B3SA3.SA,BBDC4.SA,BPAC11.SA,CEAB3.SA,IGTI11.SA,ITUB4.SA,LREN3.SA,MGLU3.SA,MULT3.SA,RIAA3.SA,VIVA3.SA,^BVSP,ALOS3.SA,AZZA3.SA,B3SA3.SA,BBDC4.SA,BPAC11.SA,CEAB3.SA,IGTI11.SA,ITUB4.SA,LREN3.SA,MGLU3.SA,MULT3.SA,RIAA3.SA,VIVA3.SA,^BVSP
date,,,,,,,,,,,,,,,,,,,,,,,,,,,,,,,,,,,,,,,,,,,,,,,,,,,,,,,,,,,,,,,,,,,,,,,,,,,,,,,,,,,,,,,,,,,,,,,,,,,,,,,,,,,,,,,,
2024-08-01,18.1637592316,45.0120429993,9.93241024017,10.5254011154,30.9243240356,7.72722530365,20.0777702332,24.921541214,10.6093606949,9.89231014252,22.2285671234,4.71541547775,22.6260242462,127395,22.0100002289,50.3899993896,10.8699998856,12.5900001526,32.7700004578,8.43000030518,21.1599998474,29.4527797699,12.081817627,10.2857141495,24.2800006866,6.73999977112,23.8899993896,127395,0,0,0,0,0,0,0,0.015578,0,0,0,0,0,0,22.4500007629,50.7599983215,11.2600002289,12.6800003052,33.3199996948,8.68999958038,21.5200004578,30.1147384644,12.4181814194,10.9523801804,24.5400009155,7.15000009537,24.7199993134,128762,21.9899997711,48.6500015259,10.7700004578,12.4499998093,32.6899986267,8.35999965668,20.9699993134,29.3645172119,11.9909086227,10.2190465927,24.0300006866,6.69000005722,23.8600006104,127150,22.1800003052,49,10.8699998856,12.4600000381,32.9000015259,8.53999996185,20.9699993134,30.0264778137,12.1454544067,10.7619037628,24.1599998474,6.84999990463,24.2999992371,127652,0,0,0,0,0,0,0,0,0,0,0,0,0,0,3646400,1160300,46829600,59113900,10023900,2732500,2598800,25644208,18825950,20804700,3104000,1844900,5125400,9814200
2024-08-02,18.1802654266,44.97631073,9.9232711792,10.5914926529,30.8960094452,8.21304035187,20.3434524536,24.6078643799,10.9845619202,10.5975942612,22.7046279907,4.9462890625,23.0711574554,125854,22.0300006866,50.3499984741,10.8599996567,12.6499996185,32.7400016785,8.96000003815,21.4400005341,29.0820827484,12.5090904236,11.0190467834,24.7999992371,7.07000017166,24.3600006104,125854,0,0,0,0.018942,0,0,0,0,0,0,0,0,0,0,22.4799995422,51.4500007629,11.0799999237,12.75,33.6800003052,9,21.6100006104,29.6028232574,12.6090898514,11.0380954742,24.8799991608,7.09999990463,24.4500007629,128104,21.8799991608,49.8499984741,10.7600002289,12.5200004578,32.6500015259,8.48999977112,21.1000003815,28.940864563,12.0727272034,10.3619041443,24.2700004578,6.75,23.6499996185,125731,22,49.9000015259,10.8999996185,12.6599998474,32.7599983215,8.51000022888,21.1599998474,29.5586929321,12.0727272034,10.3619041443,24.2800006866,6.75,23.7000007629,127395,0,0,0,0,0,0,0,0,0,0,0,0,0,0,3435300,1276400,51921800,57959900,12459500,3278100,2463700,27354812,19008990,27257895,5658200,1423800,3717700,9950900
2024-08-05,17.973947525,43.9401130676,9.9232711792,11.3952760696,29.9995174408,7.98388195038,20.030330658,24.6078643799,11.1522035599,10.5701160431,22.695476532,4.93229675293,22.8722667694,125270,21.7800006866,49.1899986267,10.8599996567,13.6099996567,31.7900009155,8.71000003815,21.1100006104,29.0820827484,12.6999998093,10.9904756546,24.7900009155,7.05000019073,24.1499996185,125270,0,0,0,0,0,0,0,0,0,0,0,0,0,0,21.8899993896,49.8899993896,10.8699998856,13.7600002289,32.0299987793,8.78999996185,21.3999996185,29.1526908875,12.8181810379,11.0952377319,24.7900009155,7.15999984741,24.3199996948,125851,21.4099998474,47.5,10.4300003052,12.6499996185,30.8999996185,8.22999954224,20.7700004578,28.5525150299,11.7909088135,10.1142854691,23.8999996185,6.51999998093,23.3199996948,123073,21.5,48,10.470000267,12.8500003815,31.4500007629,8.42000007629,21.0699996948,28.6407756805,11.9454536438,10.4761896133,24.1399993896,6.67000007629,23.7000007629,125851,0,0,0,0,0,0,0,0,0,0,0,0,0,0,2392700,2085600,39632900,133145300,13679800,2386300,2159500,30036736,20614110,33601785,4740600,1823500,4750200,10886100
2024-08-06,18.3535614014,44.1098403931,9.95068645477,11.7720489502,30.4619159698,7.95638370514,20.2960071564,25.1530532837,11.3757276535,10.3502864838,23.3912601471,5.04423522949,22.5881404877,126267,22.2399997711,49.3800010681,10.8900003433,14.0600004196,32.2799987793,8.68000030518,21.3899993896,29.7263908386,12.9545450211,10.7619037628,25.5499992371,7.21000003815,23.8500003815,126267,0,0,0,0,0,0,0,0,0,0,0,0,0,0,22.4099998474,49.9900016785,11.0699996948,14.1800003052,32.7099990845,8.92000007629,21.5499992371,29.9558696747,13.1363630295,11.1238088608,25.6000003815,7.30000019073,24.5200004578,126966,21.75,48.5,10.6099996567,13.8000001907,32,8.48999977112,21.1700000763,29.1350383759,12.6636362076,10.4095230103,24.6000003815,6.82999992371,23.75,125261,21.75,49.7900009155,10.9799995422,13.8599996567,32.0600013733,8.72000026703,21.3099994659,29.1350383759,12.6727266312,10.9714279175,24.6000003815,6.98999977112,24.1499996185,125270,0,0,0,0,0,0,0,0,0,0,0,0,0,0,3425800,1127300,31887700,104219100,12296200,1835500,2362500,29244996,21260250,25576320,6928900,1627900,2662600,10052600
2024-08-07,18.6258983612,44.9495124817,10.1791219711,11.7971668243,31.6603908539,8.50636291504,20.7514610291,25.2202606201,11.6551303864,11.1654853821,23.5102787018,5.28910112381,23.2511024475,127514,22.5699996948,50.3199996948,11.1400003433,14.0900001526,33.5499992371,9.27999973297,21.8700008392,29.8058242798,13.2727270126,11.6095228195,25.6800003052,7.55999994278,24.5499992371,127514,0,0,0,0,0,0,0,0,0,0,0,0,0,0,22.7299995422,51.6100006104,11.1700000763,14.5100002289,33.5499992371,9.31999969482,21.9899997711,30.1676959991,13.345454216,11.6666660309,25.9300003052,7.59999990463,24.6499996185,127517,22.2999992371,49.9000015259,10.9200000763,13.9300003052,32.4099998474,8.75,21.4699993134,29.1879959106,12.9818181992,10.9238090515,25.3899993896,7.30000019073,24.0400009155,126268,22.3500003815,50,10.9799995422,14.1700000763,32.5,8.89999961853,21.5499992371,30.0529556274,13.1000003815,10.9619035721,25.75,7.30000019073,24.2700004578,126268,0,0,0,0,0,0,0,0,0,0,0,0,0,0,4149400,1129200,26401800,59096500,9459100,2816900,2785300,46066533,21779340,25173540,4930000,1560300,2773900,8837900
2024-08-08,18.6754131317,45.8427848816,10.371006012,11.9311304092,32.4625167847,7.92888355255,21.0835571289,25.1306476593,11.5753011703,11.4860706329,23.473657608,5.76484107971,23.3458137512,128661,22.6299991608,51.3199996948,11.3500003815,14.25,34.4000015259,8.64999961853,22.2199993134,29.6999111176,13.1818180084,11.9428567886,25.6399993896,8.23999977112,24.6499996185,128661,0,0,0,0,0,0,0,0,0,0,0,0,0,0,22.7999992371,51.5900001526,11.3599996567,14.3900003433,34.4799995422,9.75,22.2199993134,30.132390976,13.5545454025,12.0952377319,25.8500003815,8.32999992371,24.8999996185,128793,22.4699993134,50.2200012207,11.0900001526,14.0600004196,33.3400001526,8.39999961853,21.6800003052,29.6028232574,13.0090904236,11.6285705566,25.4699993134,7.75,24.25,127515,22.6100006104,50.25,11.1499996185,14.0799999237,33.5400009155,9.68999958038,21.6800003052,29.8764343262,13.2818183899,11.6285705566,25.6800003052,7.90000009537,24.6000003815,127515,0,0,0,0,0,0,0,0,0,0,0,0,0,0,2202100,1663200,25036600,44280800,7491700,8733800,1481400,22235464,23804550,21979965,3534200,3968800,3623800,8624000
2024-08-09,19.0385227203,48.1563682556,10.9832162857,12.2241744995,32.575756073,7.84638786316,21.7098026276,25.8102531433,12.3336839676,11.8707714081,24.0778923035,5.66689491272,25.0695209503,130615,23.0699996948,53.9099998474,12.0200004578,14.6000003815,34.5200004578,8.56000041962,22.8799991608,30.5030899048,14.0454540253,12.3428573608,26.2999992371,8.10000038147,26.4699993134,130615,0,0,0,0,0,0,0,0,0,0,0,0,0,0,23.2900009155,54.5200004578,12.1300001144,14.6899995804,34.9500007629,8.84000015259,22.8799991608,30.5030899048,14.2363634109,12.6190471649,26.2999992371,8.34000015259,26.7299995422,130631,22.6499996185,51.5800018311,11.6099996567,14.2299995422,34.3199996948,8.35000038147,22.2099990845,29.7881717682,13.5909090042,11.6285705566,25.6000003815,7.94000005722,25.3500003815,128662,22.7999992371,51.5999984741,11.7100000381,14.25,34.6199989319,8.84000015259,22.2199993134,29.8323020935,13.9090900421,12.2857141495,25.9599990845,8.19999980927,25.3500003815,128662,0,0,0,0,0,0,0,0,0,0,0,0,0,0,5589000,3482000,57161200,37787700,7221200,6458600,3310900,27350166,39922410,43202145,3440000,1825700,10141900,11324800
2024-08-12,19.0220184326,47.7722549438,11.1476898193,12.3079013824,33.0853424072,8.5246963501,21.6718482971,25.8475952148,12.5492229462,11.8616113663,24.2793045044,5.86278676987,24.7948646545,131116,23.0499992371,53.4799995422,12.1999998093,14.6999998093,35.0600013733,9.30000019073,22.8400001526,30.5472183228,14.2909088135,12.3333330154,26.5200004578,8.38000011444,26.1800003052,131116,0,0,0,0,0,0,0,0,0,0,0,0,0,0,23.3799991608,54.8499984741,12.2899999619,14.7399997711,35.2900009155,9.39000034332,22.9899997711,30.7325687408,14.4636363983,13.1809520721,26.8199996948,8.39000034332,26.7999992371,131662,23,53.0299987793,12.0399999619,14.5600004196,34.7200012207,8.56999969482,22.7099990845,30.4236545563,13.9090900421,12.3333330154,26.2399997711,8.11999988556,26.1499996185,130615,23.3799991608,54,12.0900001526,14.6199998856,34.9000015259,8.64000034332,22.9899997711,30.6001758575,14.1818180084,12.4285707474,26.5,8.23999977112,26.5400009155,130615,0,0,0,0,0,0,0,0,0,0,0,0,0,0,3183900,1412200,43079700,24117200,9386200,5036600,2425000,23753798,25609870,41530755,6424000,1370600,2960700,8601600
2024-08-13,19.2530860901,48.5494041443,11.549738884,12.4586105347,33.5949287415,8.1763753891,22.1462783813,26.5794792175,12.5332574844,12.1730356216,24.5448036194,6.21259498596,25.4388866425,132398,23.3299999237,54.3499984741,12.6400003433,14.8800001144,35.5999984741,8.92000007629,23.3400001526,31.4121799469,14.2727270126,12.6571416855,26.8099994659,8.88000011444,26.8600006104,132398,0,0,0,0,0,0,0,0,0,0,0,0,0,0,23.4899997711,54.9000015259,12.6400003433,14.970000267,35.75,9.27000045776,23.3899993896,31.4121799469,14.3727273941,12.7619037628,26.9500007629,8.93999958038,27.1800003052,132430,23.1200008392,53.6399993896,12.2399997711,14.7100000381,35.0699996948,8.84000015259,22.8099994659,30.6354808807,14.0272722244,12.3809518814,26.3999996185,8.34000015259,26.0699996948,131115,23.1700000763,53.7799987793,12.2899999619,14.7700004578,35.1800003052,9.27000045776,22.8299999237,30.7590465546,14.2090902328,12.571428299,26.5200004578,8.34000015259,26.2399997711,131115,0,0,0,0,0,0,0,0,0,0,0,0,0,0,3882200,1274600,42332500,36761400,13795400,4500900,2246600,44797573,31782630,25403385,7886500,2803500,5051700,9798900
2024-08-14,19.517162323,49.2729568481,11.6045627594,12.5674571991,33.0287208557,8.10304546356,22.3265571594,27.2366924286,12.9244213104,11.6692609787,25.0025577545,6.1496295929,25.6661891937,133318,23.6499996185,55.1599998474,12.6999998093,15.0100002289,35,8.84000015259,23.5300006866,32.1888771057,14.7181806564,12.1333332062,27.3099994659,8.78999996185,27.1000003815,133318,0,0,0,0,0,0,0,0,0,0,0,0,0,0,23.9300003052,55.6399993896,12.8000001907,15.1199998856,35.6899986267,9.10000038147,23.8500003815,32.4624862671,14.7181806564,12.8095226288,27.4500007629,8.97000026703,27.5,133777,23.2600002289,54.4599990845,12.5200004578,14.8500003815,34.4300003052,8.84000015259,23.1200008392,31.4121799469,14.2454538345,12.0380954742,26.7299995422,8.59000015259,26.5400009155,132112,23.6100006104,54.9900016785,12.6499996185,14.8500003815,35.6100006104,8.94999980927,23.1200008392,31.4121799469,14.2636356354,12.4761896133,26.9899997711,8.88000011444,26.7900009155,132398,0,0,0,0,0,0,0,0,0,0,0,0,0,0,6399600,2143600,44443400,53268600,22404000,2549200,3344000,61454486,19028460,26805030,5404800,1282600,5239600,12158400
2024-08-15,19.2200756073,48.1831626892,11.6137018204,12.6930484772,34.1516990662,8.34136962891,22.0134372711,27.6698455811,13.3634853363,12.1730356216,24.3250846863,6.21959161758,25.5714797974,134153,23.2900009155,53.9399986267,12.7100000381,15.1599998474,36.1899986267,9.10000038147,23.2000007629,32.70079422,15.2181806564,12.6571416855,26.5699996948,8.89000034332,27,134153,0,0,0,0,0,0,0,0,0,0,0,0,0,0,23.7999992371,56.2900009155,12.8299999237,15.2299995422,36.2400016785,9.14999961853,23.6100006104,32.7360992432,15.2181806564,12.7714281082,27.3199996948,8.98999977112,27.4500007629,134575,23.1100006104,53.3300018311,12.6099996567,15.0100002289,35.0600013733,8.61999988556,23.0400009155,32.2683143616,14.6727266312,11.9619035721,26.5699996948,8.61999988556,26.8500003815,133319,23.6800003052,54.8699989319,12.6999998093,15.0699996948,35.0600013733,8.89999961853,23.5300006866,32.3654022217,14.7454538345,12.209523201,27.3099994659,8.65999984741,27.2099990845,133319,0,0,0,0,0,0,0,0,0,0,0,0,0,0,4635800,2644200,25924400,31738900,10322800,3299100,3639900,36976474,26885320,20585040,4714700,1453100,2353000,10534800
2024-08-16,19.1953201294,45.6462631226,11.4126768112,12.5339670181,34.0384559631,8.50636291504,22.0419006348,27.4383392334,12.8765249252,11.5227088928,24.1511325836,5.96772956848,24.9085159302,133953,23.2600002289,51.0999984741,12.4899997711,14.970000267,36.0699996948,9.27999973297,23.2299995422,32.4271850586,14.6636362076,11.9809522629,26.3799991608,8.52999973297,26.2999992371,133953,0,0,0,0,0,0,0,0,0,0,0,0,0,0,23.6700000763,53.9500007629,12.9200000763,15.2899999619,36.9599990845,9.38000011444,23.6399993896,33.0891418457,15.3272724152,12.7238092422,27.0100002289,9.14000034332,27.2600002289,134781,23.1399993896,51.0499992371,12.4099998474,14.8500003815,35.9300003052,9.06000041962,23.1299991608,32.338924408,14.5181808472,11.9809522629,26.3400001526,8.52999973297,26.0699996948,133852,23.3700008392,53.7000007629,12.8000001907,15.2299995422,36.3600006104,9.14999961853,23.5799999237,32.8684883118,15.3272724152,12.6761903763,26.8899993896,8.93000030518,27.0100002289,134154,0,0,0,0,0,0,0,0,0,0,0,0,0,0,3891300,3142700,32001400,49810300,12872500,3088500,2313900,39069012,27057470,19720365,4654800,1648900,4787900,10871900
2024-08-19,19.3273582458,46.8075256348,11.6868009567,13.0949382782,34.2649421692,8.74468898773,22.203207016,27.6026382446,13.5710420609,12.750087738,24.6180438995,6.36651086807,25.0979328156,135778,23.4200000763,52.4000015259,12.7899999619,15.6400003433,36.3100013733,9.53999996185,23.3999996185,32.6213607788,15.4545450211,13.257142067,26.8899993896,9.10000038147,26.5,135778,0,0,0,0,0,0,0,0,0,0,0,0,0,0,23.6000003815,52.5,12.9099998474,15.8800001144,36.5800018311,9.63000011444,23.4500007629,32.8861427307,15.4545450211,13.3333330154,27.1800003052,9.10999965668,26.5900001526,136179,23.1100006104,50.2900009155,12.5500001907,15.1000003815,35.7200012207,9.21000003815,23.1299991608,32.4624862671,14.6727266312,12.1142854691,26.3999996185,8.57999992371,25.8799991608,133953,23.4799995422,51,12.6099996567,15.1099996567,36.3699989319,9.25,23.4099998474,32.5507507324,14.8000001907,12.1238088608,26.3999996185,8.68000030518,26.3099994659,133953,0,0,0,0,0,0,0,0,0,0,0,0,0,0,4395900,1655100,31024400,73702900,8093500,2333900,2978700,25227717,22602580,33966030,5945400,1280500,2822600,11281500
2024-08-20,19.2860946655,46.6824645996,11.787311554,13.1451759338,34.3970527649,8.836353302,22.3170700073,27.8042793274,13.5391101837,12.6401729584,24.7553710938,6.17761421204,25.3347072601,136087,23.3700008392,52.2599983215,12.8999996185,15.6999998093,36.4500007629,9.64000034332,23.5200004578,32.859664917,15.4181814194,13.1428565979,27.0400009155,8.82999992371,26.75,136087,0,0,0,0,0,0,0,0,0,0,0,0,0,0,23.4599990845,52.5200004578,13.0200004578,15.7899999619,36.7000007629,9.68000030518,23.5900001526,32.9744033813,15.4818181992,13.2666664124,27.2800006866,9.18999958038,26.8799991608,136330,23.1299991608,51.0200004578,12.7600002289,15.4099998474,36.2200012207,9.39999961853,23.2900009155,32.4271850586,14.7909088135,12.9333333969,26.7399997711,8.82999992371,26.2099990845,135312,23.3799991608,52.1599998474,12.7700004578,15.7600002289,36.3699989319,9.5,23.5900001526,32.6566619873,15.3818178177,13.257142067,27.0499992371,9.18000030518,26.6000003815,135779,0,0,0,0,0,0,0,0,0,0,0,0,0,0,3409600,1075800,47554300,30434800,7479100,1812400,2060900,17856533,23185690,17052735,3216900,993600,2177400,8106800
2024-08-21,19.2613372803,46.244758606,11.8421363831,13.0865659714,34.6801605225,9.06551170349,21.9185523987,27.6922492981,13.4912147522,12.6859712601,24.4440975189,6.21959161758,25.2968215942,136464,23.3400001526,51.7700004578,12.9600000381,15.6300001144,36.75,9.89000034332,23.1000003815,32.7272720337,15.3636360168,13.1904764175,26.7000007629,8.89000034332,26.7099990845,136464,0,0,0,0,0,0,0,0,0,0,0,0,0,0,23.5,52.9500007629,12.9600000381,15.7600002289,36.8400001526,10.1899995804,23.6399993896,32.9920578003,15.3818178177,13.4095230103,27.1900005341,9.14000034332,27.2600002289,137040,23.1700000763,51.5,12.8299999237,15.5699996948,36.3699989319,9.64999961853,22.9899997711,32.5772285461,14.8272724152,12.7809524536,26.5400009155,8.82999992371,26.5499992371,136086,23.3899993896,52.0499992371,12.9600000381,15.6999998093,36.5400009155,9.64999961853,23.5300006866,32.9479255676,15.3636360168,13.1714277267,27.1900005341,8.82999992371,26.75,136088,0,0,0,0,0,0,0,0,0,0,0,0,0,0,4057100,977400,55896700,25842000,5137900,3272300,4180100,16012462,24695440,20823810,3133800,742900,3275100,9572200
2024-08-22,19.0467758179,44.8869857788,11.458363533,12.9944658279,34.0762062073,8.65302467346,21.6338920593,27.4383392334,13.2038259506,12.0722808838,23.9680328369,6.05168199539,25.2873516083,135173,23.0799999237,50.25,12.5399999619,15.5200004578,36.1100006104,9.43999958038,22.7999992371,32.4271850586,15.036362648,12.5523796082,26.1800003052,8.64999961853,26.7000007629,135173,0,0,0,0,0,0,0,0,0,0,0,0,0,0,23.3700008392,52,12.9600000381,15.6300001144,36.7700004578,9.92000007629,23.1499996185,32.4360084534,15.427271843,13.1809520721,26.75,8.97999954224,26.9899997711,136462,22.8999996185,49.7599983215,12.5,15.470000267,36.0200004578,9.39999961853,22.6499996185,32.0388336182,14.8545446396,12.4952383041,25.8299999237,8.52999973297,26.3199996948,134836,23.3500003815,52,12.8900003433,15.5799999237,36.5999984741,9.85999965668,23.1499996185,32.0564880371,15.2727270126,13.047618866,26.75,8.97999954224,26.9099998474,136462,0,0,0,0,0,0,0,0,0,0,0,0,0,0,5713100,1251900,43486300,33853100,6235700,2148900,2354300,24315199,25746930,17026275,5500700,722300,2785000,8050200
2024-08-23,19.6904678345,46.8700485229,11.6411142349,13.1116838455,34.3026847839,9.4779958725,22.1557636261,27.229221344,14.1697645187,12.4753007889,24.4349403381,6.24058008194,25.5904216766,135608,23.8600006104,52.4700012207,12.7399997711,15.6599998474,36.3499984741,10.3400001526,23.3500003815,32.1800537109,16.1363620758,12.9714279175,26.6900005341,8.92000007629,27.0200004578,135608,0,0,0,0,0,0,0,0,0,0,0,0,0,0,24,52.9500007629,12.8500003815,15.9399995804,36.7299995422,10.3599996567,23.5300006866,32.70079422,16.1363620758,13.1142854691,27,9.01000022888,27.4500007629,136478,23,50.2700004578,12.5399999619,15.6199998856,36.0499992371,9.44999980927,22.7399997711,32.1006164551,15.036362648,12.5047607422,26.0200004578,8.63000011444,26.6499996185,135174,23.0599994659,50.5999984741,12.6499996185,15.6199998856,36.3499984741,9.47000026703,22.9300003052,32.4713134766,15.0545454025,12.7142848969,26.3500003815,8.64999961853,26.8899993896,135174,0,0,0,0,0,0,0,0,0,0,0,0,0,0,6629200,1437600,58243700,33620800,4693500,3451200,2313200,24645695,32308980,17788575,5744200,1039400,2429600,8649400
2024-08-26,19.7482395172,46.9772453308,11.695936203,13.0698184967,34.2460670471,9.25800418854,22.1557636261,27.2889671326,14.1298503876,12.2279930115,24.480714798,6.06567573547,25.4578266144,136889,23.9300003052,52.5900001526,12.8000001907,15.6099996567,36.2900009155,10.1000003815,23.3500003815,32.2506599426,16.0909080505,12.7142848969,26.7399997711,8.67000007629,26.8799991608,136889,0,0,0,0,0,0,0,0,0,0,0,0,0,0,24.0400009155,52.9500007629,12.8500003815,15.6899995804,36.5800018311,10.3900003433,23.4500007629,32.338924408,16.2090892792,13.1238088608,26.8799991608,9.10000038147,27.6499996185,137013,23.7399997711,51.5400009155,12.6999998093,15.5699996948,36.0499992371,9.85999965668,23.0599994659,32.003528595,15.6363630295,12.4476194382,26.4400005341,8.51000022888,26.6499996185,135596,23.9300003052,52.7700004578,12.8000001907,15.6599998474,36.4500007629,10.3699998856,23.4500007629,32.2418365479,16.1818180084,13.0952377319,26.8799991608,9.02000045776,27.3299999237,135608,0,0,0,0,0,0,0,0,0,0,0,0,0,0,2952500,863200,29501300,13905900,7135500,2395100,1522600,16314180,22291060,17104710,1834800,891800,2932900,7560000
2024-08-27,19.5584354401,48.0581054688,11.5588769913,12.910741806,34.000705719,9.71632003784,21.947013855,27.3188419342,14.6487436295,12.3379077911,24.1786022186,6.24058008194,25.4767684937,136776,23.7000007629,53.7999992371,12.6499996185,15.4200000763,36.0299987793,10.6000003815,23.1299991608,32.2859649658,16.6818180084,12.8285713196,26.4099998474,8.92000007629,26.8999996185,136776,0,0,0,0,0,0,0,0,0,0,0,0,0,0,23.9400005341,54.1800003052,12.8299999237,15.6199998856,36.3400001526,10.779999733,23.4300003052,32.4007072449,16.772726059,13.0761899948,26.6800003052,8.94999980927,27.8199996948,137213,23.5599994659,52.0099983215,12.6199998856,15.3999996185,36.0200004578,10.0200004578,22.9099998474,32.0653114319,16.0909080505,12.6476192474,26.1599998474,8.59000015259,26.5900001526,136664,23.9400005341,52.6100006104,12.8000001907,15.6199998856,36.2000007629,10.0200004578,23.3999996185,32.2418365479,16.1454544067,12.6952381134,26.6399993896,8.64000034332,27.6599998474,136888,0,0,0,0,0,0,0,0,0,0,0,0,0,0,6932400,1511000,39600600,18690000,4342000,2543500,3232600,16586780,26829660,15401190,3602900,821400,4889900,6745900
2024-08-28,19.5584354401,47.3077545166,11.6045627594,13.1200561523,34.3121261597,9.50549411774,21.6813354492,27.90883255,14.0979175568,12.0722808838,23.9314117432,6.31054210663,25.3347072601,137344,23.7000007629,52.9599990845,12.6999998093,15.6700000763,36.3600006104,10.3699998856,22.8500003815,32.9832305908,16.0545444489,12.5523796082,26.1399993896,9.02000045776,26.75,137344,0,0,0,0,0,0,0,0,0,0,0,0,0,0,23.7700004578,53.7999992371,12.7600002289,15.7700004578,36.4199981689,10.6700000763,23.0599994659,33.0714912415,16.8090896606,12.8285713196,26.4799995422,9.11999988556,27.2700004578,137469,23.5100002289,52.7000007629,12.5600004196,15.1700000763,35.5400009155,10.279999733,22.6700000763,31.9770526886,16.0272712708,12.5142850876,26.0499992371,8.72000026703,26.5699996948,135746,23.6000003815,53.6599998474,12.5699996948,15.3000001907,35.9500007629,10.5500001907,23,32.0917892456,16.6272716522,12.6952381134,26.4799995422,8.78999996185,26.7299995422,136776,0,0,0,0,0,0,0,0,0,0,0,0,0,0,4554100,1167000,30210200,27179000,5749400,2115700,3690100,36121512,31110200,15821610,2666500,1176900,3520400,7457100
2024-08-29,19.0467758179,45.3068237305,11.458363533,13.0865659714,33.557182312,9.32216835022,21.1689529419,27.6026382446,13.6109580994,11.8066539764,23.4187278748,6.00970649719,24.7096252441,136041,23.0799999237,50.7200012207,12.5399999619,15.6300001144,35.5600013733,10.1700000763,22.3099994659,32.6213607788,15.5,12.2761898041,25.5799999237,8.59000015259,26.0900001526,136041,0,0,0,0,0,0,0,0,0,0,0,0,0,0,23.75,51.9500007629,12.6700000763,15.6800003052,36.2400016785,10.3500003815,22.9899997711,32.9920578003,16.0090904236,12.6190471649,26.2999992371,8.96000003815,26.8799991608,137370,23.0200004578,50.0999984741,12.4300003052,15.5100002289,35.4700012207,10.1300001144,22.2000007629,32.6213607788,15.4545450211,12.0571422577,25.5599994659,8.59000015259,25.8199996948,135858,23.7000007629,51.4000015259,12.6000003815,15.6000003815,36.0999984741,10.3400001526,22.9899997711,32.8243598938,15.8999996185,12.571428299,26.2999992371,8.96000003815,26.8400001526,137349,0,0,0,0,0,0,0,0,0,0,0,0,0,0,3915600,3540400,39235500,29559800,7757400,1571800,2937600,25176619,29419610,21252735,3024100,943700,2999400,8385100
2024-08-30,18.8239555359,43.7703933716,11.5862894058,13.0949382782,33.557182312,9.32216835022,20.9602088928,27.4084663391,13.8105325699,11.138007164,23.473657608,6.05867862701,25.0221652985,136004,22.8099994659,49,12.6800003052,15.6400003433,35.5600013733,10.1700000763,22.0900001526,32.3918800354,15.7272720337,11.5809516907,25.6399993896,8.65999984741,26.4200000763,136004,0,0,0,0,0,0,0,0,0,0,0,0,0,0,23.1399993896,50.5400009155,12.6999998093,15.6700000763,35.7599983215,10.3299999237,22.3700008392,32.6301841736,15.7727270126,12.1714277267,25.6700000763,8.81999969482,26.6700000763,136139,22.5900001526,48.7900009155,12.3699998856,15.4899997711,35.1800003052,9.84000015259,21.8400001526,32.1359214783,15.1636362076,11.5523796082,25.2900009155,8.35000038147,25.75,134910,22.8999996185,50.4099998474,12.4300003052,15.5399999619,35.4599990845,10.0699996948,22.3099994659,32.5066184998,15.2727270126,12.1428565979,25.4200000763,8.46000003815,25.9500007629,136041,0,0,0,0,0,0,0,0,0,0,0,0,0,0,8604600,4731200,118454800,51286000,15559500,2357300,3226100,69846390,195073890,26457900,5176500,1266700,5718700,18397900
2024-09-02,18.6754131317,42.8771209717,11.3578529358,13.0614480972,33.3118209839,8.93718147278,20.7324848175,27.1900196075,13.523144722,10.9639759064,23.208158493,6.14263343811,25.1737003326,134981,22.6299991608,48,12.4300003052,15.6000003815,35.2999992371,9.75,21.8500003815,32.118270874,15.3999996185,11.3999996185,25.3500003815,8.77999973297,26.5799999237,134981,0,0,0,0,0,0,0,0.015578,0,0,0,0,0,0,22.6399993896,49.1300010681,12.6400003433,15.6300001144,35.7200012207,10.0900001526,22.2299995422,32.3918800354,15.536362648,11.6190471649,25.7600002289,8.90999984741,26.7600002289,136004,22.1700000763,47.5,12.3699998856,15.4499998093,34.9599990845,9.72999954224,21.7399997711,32.0741386414,15.2454538345,11.2666664124,25.1800003052,8.53999996185,26.0100002289,134497,22.4799995422,48.7400016785,12.5900001526,15.5,35.6500015259,9.94999980927,22.2299995422,32.277141571,15.3909091949,11.4285707474,25.6800003052,8.53999996185,26.0100002289,136004,0,0,0,0,0,0,0,0,0,0,0,0,0,0,6485000,1921100,15680500,17133800,3523700,2102800,1728200,11520344,14900600,13851495,2413600,1144600,2544400,3666100
2024-09-03,18.8157024384,42.3500900269,11.1020040512,13.2030715942,33.4061965942,9.1296749115,21.007648468,27.6308612823,13.754650116,10.698348999,23.4278812408,6.27556085587,25.0695209503,134353,22.7999992371,47.4099998474,12.1499996185,15.75,35.4000015259,9.96000003815,22.1399993896,32.6390113831,15.6636362076,11.1238088608,25.5900001526,8.97000026703,26.4699993134,134353,0,0,0,0.018942,0,0,0,0,0,0,0,0,0,0,22.9400005341,48.5099983215,12.5200004578,15.8900003433,35.5800018311,10.2600002289,22.2000007629,32.6478385925,16.0363636017,11.6952381134,25.7099990845,9.07999992371,26.7399997711,135011,22.5499992371,47.2000007629,12.1199998856,15.6000003815,35.1399993896,9.78999996185,21.75,32.0917892456,15.6454544067,11.047618866,25.3299999237,8.76000022888,26.2800006866,134171,22.8400001526,48.2999992371,12.4499998093,15.6000003815,35.2900009155,9.81999969482,21.8500003815,32.2065315247,15.845454216,11.6095228195,25.3700008392,8.76000022888,26.5200004578,134907,0,0,0,0,0,0,0,0,0,0,0,0,0,0,6008900,2250800,38221000,26984600,6531300,3313500,6000800,17829227,23959320,21533190,2679400,1502100,2094400,8802400
2024-09-04,19.2365818024,42.8056564331,11.467502594,13.3036670685,33.4816894531,9.29466915131,21.4251461029,27.8251266479,13.9542245865,11.028093338,23.7483100891,6.31753635406,26.0639686584,136111,23.3099994659,47.9199981689,12.5500001907,15.8699998856,35.4799995422,10.1400003433,22.5799999237,32.8684883118,15.8909091949,11.4666662216,25.9400005341,9.02999973297,27.5200004578,136111,0,0,0,0,0,0,0,0,0,0,0,0,0,0,23.5499992371,49.3100013733,12.7700004578,16.1100006104,36.2099990845,10.3299999237,22.7999992371,33.3539276123,16.2090892792,11.7619037628,26.1499996185,9.52999973297,27.5400009155,136838,22.8799991608,47.2700004578,12.1199998856,15.8000001907,35.1699981689,10.0200004578,22.1599998474,32.6743164062,15.7636356354,11.1904764175,25.6499996185,8.94999980927,26.4699993134,134359,22.8799991608,47.3499984741,12.1199998856,15.8400001526,35.2200012207,10.0500001907,22.2000007629,32.7890548706,15.8909091949,11.2285709381,25.6499996185,9,26.7299995422,134359,0,0,0,0,0,0,0,0,0,0,0,0,0,0,4948300,1805000,44741500,33458800,6260900,2019900,3041200,23012702,16924710,19044900,3658900,1883000,3958400,9419500
2024-09-05,19.2035770416,42.430480957,11.5040512085,13.4210262299,33.5760574341,9.44132995605,21.2069091797,28.0044536591,14.393289566,11.2662410736,23.7483100891,6.35951423645,26.3670368195,136502,23.2700004578,47.5,12.5900001526,16.0100002289,35.5800018311,10.3000001907,22.3500003815,33.0803184509,16.3909091949,11.7142848969,25.9400005341,9.09000015259,27.8400001526,136502,0,0,0,0,0,0,0,0,0,0,0,0,0,0,23.3999996185,48,12.6000003815,16.1499996185,35.7200012207,10.3100004196,22.7099990845,33.1862297058,16.4181804657,11.7714281082,26.1299991608,9.18999958038,27.8400001526,136656,22.9400005341,46.5800018311,12.4300003052,15.779999733,35.0699996948,10.029999733,22.1700000763,32.7802276611,15.8636360168,11.0666656494,25.7000007629,8.65999984741,27.2099990845,135959,23.2399997711,47.9799995422,12.529999733,15.8299999237,35.4599990845,10.029999733,22.6000003815,32.9214477539,15.8909091949,11.4666662216,25.9400005341,9.02999973297,27.4500007629,136112,0,0,0,0,0,0,0,0,0,0,0,0,0,0,4371500,3303500,18944700,29843800,4105900,1502700,2960900,13102351,19020980,26079795,1674900,1080900,3984700,7528700
2024-09-06,19.0302677155,42.2875595093,11.1751031876,13.161157608,33.0192909241,9.36799907684,20.9032764435,27.6084480286,14.1458158493,10.8082647324,23.7574653625,6.21259498596,26.4901580811,134572,23.0599994659,47.3400001526,12.2299995422,15.6999998093,34.9900016785,10.220000267,22.0300006866,32.6125335693,16.1090908051,11.2380952835,25.9500007629,8.88000011444,27.9699993134,134572,0,0,0,0,0,0,0,0,0,0,0,0,0,0,23.3799991608,47.9399986267,12.5500001907,16.0699996948,35.6399993896,10.5900001526,22.4599990845,33.1685791016,16.4909095764,11.9142847061,26.1900005341,9.23999977112,28.8899993896,136653,22.9200000763,46.9199981689,12.220000267,15.6199998856,34.8699989319,10.1199998856,21.9799995422,32.5419235229,16.0181808472,11.1999998093,25.7199993134,8.81999969482,27.75,134476,23.1599998474,47.5800018311,12.5100002289,16.0499992371,35.25,10.3500003815,22.2000007629,33.1685791016,16.4090900421,11.6952381134,26,9.09000015259,27.8400001526,136508,0,0,0,0,0,0,0,0,0,0,0,0,0,0,2503400,1469400,27784200,19284000,3472300,2841500,2021700,18068290,9334160,18652410,3681900,1123900,5927800,7563300
2024-09-09,18.9394893646,41.5372085571,11.239066124,13.2030715942,33.5854949951,9.11134147644,20.6850376129,27.8774299622,14.0260725021,10.5517969131,23.7116889954,6.26156806946,26.0355529785,134737,22.9500007629,46.5,12.3000001907,15.75,35.5900001526,9.93999958038,21.7999992371,32.9302711487,15.9727268219,10.9714279175,25.8999996185,8.94999980927,27.4899997711,134737,0,0,0,0,0,0,0,0,0,0,0,0,0,0,23.0300006866,47.4500007629,12.3299999237,15.8800001144,35.6500015259,10.3900003433,22.1000003815,33.0538406372,16.2818183899,11.32380867,25.9899997711,9.05000019073,27.9099998474,135250,22.7999992371,46.1500015259,12.2100000381,15.6700000763,34.8199996948,9.82999992371,21.7299995422,32.6301841736,15.9636363983,10.9714279175,25.7000007629,8.72999954224,27.3199996948,134399,22.9699993134,47.2000007629,12.2299995422,15.6999998093,35.0099983215,10.220000267,22.0300006866,32.6743164062,16.1272716522,11.257142067,25.9899997711,8.82999992371,27.8999996185,134574,0,0,0,0,0,0,0,0,0,0,0,0,0,0,2683200,2569000,13782900,16779800,6448000,1653000,1764600,15484371,9406870,12805905,2118100,873500,1428400,6587600
2024-09-10,18.9394893646,42.5108795166,11.3669900894,13.2449846268,33.3118209839,9.20300483704,20.7894115448,27.8774299622,14.1138849258,10.3777656555,24.2793045044,6.12164449692,26.8405818939,134320,22.9500007629,47.5900001526,12.4399995804,15.8000001907,35.2999992371,10.0399999619,21.9099998474,32.9302711487,16.0727272034,10.7904758453,26.5200004578,8.75,28.3400001526,134320,0,0,0,0,0,0,0,0,0,0,0,0,0,0,22.9799995422,47.6899986267,12.4600000381,15.8500003815,35.4700012207,10.1400003433,22,32.9920578003,16.2363624573,10.9619035721,26.7199993134,8.94999980927,28.5699996948,134738,22.6800003052,46.2799987793,12.1700000763,15.529999733,34.9900016785,9.80000019073,21.5599994659,32.6743164062,15.8909091949,10.6952381134,25.6000003815,8.60000038147,27.1800003052,133754,22.8199996948,46.3100013733,12.220000267,15.6800003052,35.4000015259,9.92000007629,21.6100006104,32.70079422,15.9636363983,10.8571424484,25.6100006104,8.94999980927,27.5100002289,134738,0,0,0,0,0,0,0,0,0,0,0,0,0,0,6103000,1891500,70072700,27410100,4800300,1213500,2551200,15099944,13412410,13026300,7259900,810200,4343100,8253500
2024-09-11,18.9642486572,43.0736427307,11.0837287903,13.0940923691,32.6606903076,9.1755065918,20.8273677826,27.9297389984,14.4890832901,10.3228082657,24.5905799866,5.98172235489,26.7269306183,134677,22.9799995422,48.2200012207,12.1300001144,15.6199998856,34.6100006104,10.0100002289,21.9500007629,32.9920578003,16.5,10.733332634,26.8600006104,8.55000019073,28.2199993134,134677,0,0,0,0,0,0,0,0,0,0,0,0,0,0,23.0300006866,48.2299995422,12.25,15.8299999237,35.4099998474,10.1999998093,22.1900005341,33.1332740784,16.5636367798,10.9714279175,26.8799991608,8.86999988556,28.4400005341,135087,22.5900001526,47.2000007629,11.8400001526,15.5799999237,34.4199981689,9.96000003815,21.7800006866,32.7802276611,16.0727272034,10.6285705566,26.3799991608,8.42000007629,27.7399997711,133757,22.8299999237,47.5999984741,12.1899995804,15.7899999619,35.2099990845,10.029999733,21.7800006866,32.9920578003,16.1727275848,10.8952379227,26.3799991608,8.75,28.2399997711,134319,0,0,0,0,0,0,0,0,0,0,0,0,0,0,5391100,1690200,62897400,19715400,6304400,1341400,1609400,22282257,19257810,16004730,5120600,1533300,1650900,7947300
2024-09-12,18.8074531555,42.4751472473,11.0106296539,13.0354099274,32.1416702271,9.12050819397,20.7799243927,27.6233901978,14.6726903915,10.231212616,24.6271972656,6.03069448471,26.4806880951,134029,22.7900009155,47.5499992371,12.0500001907,15.5500001907,34.0600013733,9.94999980927,21.8999996185,32.6301841736,16.7090892792,10.638094902,26.8999996185,8.61999988556,27.9599990845,134029,0,0,0,0,0,0,0,0,0,0,0,0,0,0,22.8700008392,48.6199989319,12.279999733,15.6700000763,34.5099983215,10.0500001907,22.0300006866,32.903793335,16.7636356354,10.7714281082,26.9799995422,8.69999980927,28.1499996185,134777,22.6299991608,46.9700012207,11.9399995804,15.3800001144,33.9500007629,9.77000045776,21.6599998474,32.3918800354,16.3272724152,10.5428571701,26.6000003815,8.35000038147,27.6900005341,133591,22.8600006104,48.2099990845,12.1499996185,15.5600004196,34.5099983215,10.0100002289,21.7800006866,32.842010498,16.4181804657,10.7714281082,26.7099990845,8.56000041962,28.0100002289,134677,0,0,0,0,0,0,0,0,0,0,0,0,0,0,3696500,2115700,47159100,21793200,4928600,1127400,1702800,16309421,20506090,13165320,3295900,719300,2474900,7004900
2024-09-13,18.8487167358,43.1808319092,11.0837287903,13.0354099274,32.9343566895,9.66132164001,21.1879329681,27.6532783508,15.1197376251,10.6250734329,25.1948127747,6.24757623672,27.0584144592,134882,22.8400001526,48.3400001526,12.1300001144,15.5500001907,34.9000015259,10.5399999619,22.3299999237,32.6654891968,17.2181816101,11.047618866,27.5200004578,8.93000030518,28.5699996948,134882,0,0,0,0,0,0,0,0,0,0,0,0,0,0,23.1800003052,48.5299987793,12.3800001144,15.7700004578,34.9000015259,10.6199998856,22.5900001526,32.9479255676,17.3818187714,11.371427536,27.6000003815,8.96000003815,28.8600006104,135879,22.7000007629,47.6399993896,12.0900001526,15.3999996185,33.9500007629,10.0399999619,21.9699993134,32.2859649658,16.7090892792,10.7047605515,26.9699993134,8.64000034332,27.8999996185,134031,22.9400005341,48.2299995422,12.1499996185,15.5,34.0299987793,10.0399999619,22.0300006866,32.7978820801,16.7454547882,10.7238092422,26.9699993134,8.64000034332,28.0499992371,134031,0,0,0,0,0,0,0,0,0,0,0,0,0,0,4305200,2391700,64866300,27724900,5984300,2443600,2017700,22909713,20775040,18622590,7031900,797800,2128200,8866000
2024-09-16,19.1540527344,42.6270027161,11.1111412048,12.9348182678,33.3023872375,9.93631267548,21.4631023407,27.6457996368,15.4550237656,10.7075090408,25.2680568695,6.33153009415,27.1910057068,135118,23.2099990845,47.7200012207,12.1599998474,15.4300003052,35.2900009155,10.8400001526,22.6200008392,32.6566619873,17.6000003815,11.1333332062,27.6000003815,9.05000019073,28.7099990845,135118,0,0,0,0,0,0,0,0,0,0,0,0,0,0,23.2099990845,48.3100013733,12.2399997711,15.6000003815,35.3300018311,11.1000003815,22.6800003052,32.8508377075,17.7363624573,11.257142067,27.7000007629,9.11999988556,28.8799991608,135715,22.8500003815,47.4099998474,12.1000003815,15.2899999619,34.7400016785,10.4399995804,22.2099990845,32.5066184998,17.0909080505,10.8952379227,27.3600006104,8.85000038147,28.3400001526,134870,22.8500003815,47.75,12.1999998093,15.5399999619,34.9300003052,10.5900001526,22.5499992371,32.7096214294,17.2181816101,11.0095233917,27.7000007629,8.97999954224,28.7000007629,134885,0,0,0,0,0,0,0,0,0,0,0,0,0,0,3242900,1419600,24753700,27880800,6995500,2756600,3738500,12252828,22618090,11519865,3016400,719700,2249000,6707000
2024-09-17,18.9642486572,42.1089057922,11.2025156021,12.8509874344,33.2740783691,9.79881763458,21.1310005188,27.5785541534,15.2235145569,10.8815393448,24.865234375,6.25457191467,26.9352912903,134960,22.9799995422,47.1399993896,12.2600002289,15.3299999237,35.2599983215,10.6899995804,22.2700004578,32.5772285461,17.3363628387,11.3142852783,27.1599998474,8.93999958038,28.4400005341,134960,0,0,0,0,0,0,0,0,0,0,0,0,0,0,23.2299995422,47.8899993896,12.2600002289,15.3800001144,35.3100013733,10.9099998474,22.5699996948,32.6390113831,17.4909095764,11.3333330154,27.5699996948,9.05000019073,28.7299995422,135118,22.8500003815,46.8800010681,12.029999733,15.220000267,34.8499984741,10.5699996948,22.0599994659,32.3565750122,17.1181812286,10.9428567886,27.0200004578,8.77999973297,28.0499992371,134180,23.2199993134,47.7000007629,12.1300001144,15.3500003815,35.2700004578,10.8000001907,22.4500007629,32.5772285461,17.4181804657,11.047618866,27.5699996948,9.05000019073,28.7099990845,135118,0,0,0,0,0,0,0,0,0,0,0,0,0,0,2940900,1767100,18077800,34079400,6160000,1833800,7022900,19981701,16389780,13852230,3899900,642200,2685300,7314500
2024-09-18,19.0962924957,42.6716651917,11.0837287903,12.7755422592,33.226890564,9.89048099518,21.5105419159,27.4216537476,15.1676340103,10.5517969131,24.7553710938,6.24058008194,27.1720657349,133748,23.1399993896,47.7700004578,12.1300001144,15.2399997711,35.2099990845,10.7899999619,22.6700000763,32.3918800354,17.272726059,10.9714279175,27.0400009155,8.92000007629,28.6900005341,133748,0,0,0,0,0,0,0,0,0,0,0,0,0,0,23.5200004578,48.8499984741,12.3800001144,15.4300003052,35.9000015259,11.1999998093,22.8799991608,32.6831436157,17.6000003815,11.6285705566,27.4400005341,9.18000030518,29.2700004578,135203,22.6800003052,46.8899993896,12.0900001526,15.1700000763,34.8499984741,10.4799995422,22.0799999237,32.2683143616,17.0909080505,10.9714279175,26.6900005341,8.77999973297,28.3099994659,133748,22.8199996948,46.9099998474,12.1800003052,15.25,34.8499984741,10.5799999237,22.1200008392,32.524269104,17.1727275848,11.1809520721,26.8899993896,8.77999973297,28.3899993896,134960,0,0,0,0,0,0,0,0,0,0,0,0,0,0,4830900,3879900,42205300,32088700,7930900,2495300,2876300,18703790,13701050,22646925,2961000,738700,3797200,9792800
2024-09-19,18.8982257843,41.3585548401,10.9649419785,12.5995044708,32.7550544739,9.85381507874,20.8273677826,27.3469314575,15.0558748245,10.2220525742,24.2976150513,6.1006565094,27.1531238556,133123,22.8999996185,46.2999992371,12,15.029999733,34.7099990845,10.75,21.9500007629,32.3036193848,17.1454544067,10.6285705566,26.5400009155,8.72000026703,28.6700000763,133123,0,0,0,0,0,0,0,0,0,0,0,0,0,0,23.1800003052,48.5900001526,12.2600002289,15.3000001907,35.4500007629,11.0799999237,22.8099994659,32.5507507324,17.4272727966,11.2190465927,27.0699996948,9.03999996185,29.1000003815,134759,22.8199996948,46.2999992371,12,14.9899997711,34.7000007629,10.6899995804,21.9500007629,32.1006164551,16.9636363983,10.6095228195,26.5400009155,8.60999965668,28.5400009155,133123,23.1599998474,48.1500015259,12.220000267,15.3000001907,35.4000015259,10.9099998474,22.7299995422,32.480140686,17.4090900421,11.1333332062,27.0499992371,8.97999954224,29.0300006866,133748,0,0,0,0,0,0,0,0,0,0,0,0,0,0,3660300,1548700,51993800,38153100,6572700,3128500,3329400,27012532,19582640,21187530,4381100,835700,2679800,9254500
2024-09-20,18.4443378448,39.8846588135,10.5994443893,12.364783287,31.4527835846,9.4779958725,20.1536808014,27.0480575562,14.4012718201,9.48012924194,24.1145133972,5.70887088776,26.5185699463,131065,22.3500003815,44.6500015259,11.6000003815,14.75,33.3300018311,10.3400001526,21.2399997711,31.7122688293,16.3999996185,9.85714244843,26.3400001526,8.15999984741,28,131065,0,0,0,0,0,0,0,0.240936,0,0,0,0,0,0,22.8899993896,46.5900001526,12.0600004196,15.1199998856,34.7599983215,10.8400001526,22.1299991608,32.1977043152,17.2000007629,10.6190471649,27.4500007629,8.69999980927,28.8500003815,133128,22.2399997711,43.7000007629,11.5699996948,14.6400003433,33.3300018311,10.2700004578,21.1800003052,31.6946163177,16.190908432,9.85714244843,26.0200004578,8.02000045776,27.6100006104,130907,22.7199993134,46.4000015259,12,15.1000003815,34.5499992371,10.75,21.9699993134,32.0564880371,17.1454544067,10.6095228195,26.8999996185,8.64999961853,28.6399993896,133121,0,0,0,0,0,0,0,0,0,0,0,0,0,0,5708600,3283400,55541400,57966500,16468100,2235000,4815400,34731661,38627270,35610225,15588700,1284400,3069900,13605800
2024-09-23,18.3040504456,40.3759536743,10.2339458466,12.0462312698,30.9431934357,9.31300067902,20.0493049622,26.88996315,14.1378335953,9.17786502838,23.9131031036,5.65290164948,25.8271942139,130568,22.1800003052,45.2000007629,11.1999998093,14.3699998856,32.7900009155,10.1599998474,21.1299991608,31.5269184113,16.1000003815,9.5428571701,26.1200008392,8.07999992371,27.2700004578,130568,0,0,0,0,0,0,0,0,0,0,0,0,0,0,22.2999992371,45.3699989319,11.5500001907,14.6800003052,33.4900016785,10.3699998856,21.3500003815,31.7563972473,16.3999996185,9.87619018555,26.2099990845,8.17000007629,27.7199993134,131065,21.9099998474,43.7799987793,11.1899995804,14.3299999237,32.3899993896,10.1000003815,21,31.3945274353,15.9818181992,9.45714187622,25.7999992371,7.90000009537,26.8500003815,130100,22.2399997711,44.1100006104,11.5500001907,14.6800003052,33.3300018311,10.220000267,21.2299995422,31.5445709229,16.3454532623,9.73333263397,26.0200004578,8.15999984741,27.7099990845,131065,0,0,0,0,0,0,0,0,0,0,0,0,0,0,3155000,2051300,58376700,45384200,10884000,979200,1769900,17373195,18952120,22482705,4245500,712100,2373000,9140800
2024-09-24,18.3618144989,40.0275802612,10.279633522,12.0294656754,30.8582649231,9.48716163635,20.2200984955,26.882440567,14.8962163925,9.33357620239,24.0595855713,5.63191366196,26.0734386444,132156,22.25,44.8100013733,11.25,14.3500003815,32.7000007629,10.3500003815,21.3099994659,31.5180931091,16.9636363983,9.70476055145,26.2800006866,8.05000019073,27.5300006866,132156,0,0,0,0,0,0,0,0,0,0,0,0,0,0,22.5100002289,46.25,11.4200000763,14.5699996948,33.1599998474,10.4899997711,21.6200008392,32.0653114319,16.9636363983,9.8380947113,26.5599994659,8.35000038147,27.8199996948,133073,22.0400009155,44.7099990845,11.1700000763,14.2600002289,32.3800010681,10.1300001144,21.1100006104,31.35039711,16.2000007629,9.5428571701,25.9899997711,7.96000003815,27.1299991608,130570,22.3099994659,45.7700004578,11.3599996567,14.5500001907,32.9700012207,10.3800001144,21.3500003815,31.8181800842,16.3909091949,9.80000019073,26.2399997711,8.27000045776,27.4400005341,130570,0,0,0,0,0,0,0,0,0,0,0,0,0,0,2301900,1733800,84784300,44927000,8089000,1652000,4064800,27208315,26793140,16186695,3714000,668300,2464600,9367100
2024-09-25,18.0977363586,38.3571586609,9.94386577606,12.1049089432,30.9998149872,9.41383266449,19.9923744202,27.2212028503,14.5568714142,9.15954589844,23.5285873413,5.57594394684,26.0450248718,131586,21.9300003052,42.9399986267,10.7899999619,14.4399995804,32.8499984741,10.2700004578,21.0699996948,31.9152698517,16.4272727966,9.52380943298,25.7000007629,7.96999979019,27.5,131586,0,0,0.095661,0,0,0,0,0,0.153418,0,0,0,0,0,22.3700008392,45.0299987793,11.25,14.529999733,32.9199981689,10.5200004578,21.5200004578,31.9240951538,16.8545455933,9.8380947113,26.5400009155,8.09000015259,27.7800006866,132982,21.8199996948,42.9399986267,10.7299995422,14.3500003815,32.3800010681,10.1199998856,21.0300006866,31.579875946,16.272726059,9.37142753601,25.5,7.88000011444,26.7600002289,131489,22.25,44.8199996948,11.1800003052,14.3999996185,32.5800018311,10.4799995422,21.3400001526,31.579875946,16.8454532623,9.78095245361,26.5400009155,8.05000019073,27.4699993134,132156,0,0,0,0,0,0,0,0,0,0,0,0,0,0,3202600,1487100,117931300,44200800,12277000,1200500,3143400,24582587,20411820,21502530,4187200,524300,5201900,10527200
2024-09-26,18.1554985046,37.8926506042,9.99916172028,12.4150781631,31.3017883301,9.55132675171,20.125213623,27.5674858093,14.5004806519,8.976354599,23.5102787018,5.58294010162,25.2305240631,133010,22,42.4199981689,10.8500003815,14.8100004196,33.1699981689,10.4200000763,21.2099990845,32.321269989,16.3636360168,9.33333301544,25.6800003052,7.98000001907,26.6399993896,133010,0,0,0,0,0,0,0,0,0,0,0,0,0,0,22.1700000763,43.4799995422,10.970000267,14.8400001526,33.5,10.6800003052,21.4599990845,32.5595741272,16.7545452118,9.8380947113,26,8.19999980927,27.8899993896,133313,21.75,42.3300018311,10.7600002289,14.4799995422,32.6800003052,10.3100004196,21.1200008392,32.0741386414,16.2999992371,9.30476093292,25.4799995422,7.96999979019,26.3700008392,131594,22.0499992371,42.9799995422,10.8599996567,14.529999733,32.9599990845,10.3100004196,21.25,32.2153587341,16.6090908051,9.60000038147,26,8.02999973297,27.7299995422,131595,0,0,0,0,0,0,0,0,0,0,0,0,0,0,2412400,1145300,167073900,58564400,11265400,1643400,1863400,42599440,12803340,23224425,3920100,889500,5631600,11618300
2024-09-27,18.0482234955,38.2946243286,9.88856887817,12.5240564346,32.1794090271,9.58799171448,20.0493049622,27.672876358,14.3635292053,9.15954589844,23.3821086884,5.6598982811,25.675661087,132730,21.8700008392,42.8699989319,10.7299995422,14.9399995804,34.0999984741,10.4600000381,21.1299991608,32.4448356628,16.2090892792,9.52380943298,25.5400009155,8.09000015259,27.1100006104,132730,0,0,0,0,0,0,0,0,0,0,0,0,0,0,22.1599998474,44.4399986267,10.9499998093,15.1599998474,34.4700012207,10.6400003433,21.5599994659,32.5330963135,16.5727272034,9.88571357727,25.9599990845,8.15999984741,27.7999992371,133923,21.7900009155,42.1300010681,10.6800003052,14.7299995422,32.7299995422,10.3100004196,21.1000003815,32.2330093384,15.9727268219,9.33333301544,25.4799995422,7.84000015259,26.4699993134,132628,21.9799995422,42.3300018311,10.8400001526,14.779999733,32.7299995422,10.3999996185,21.1000003815,32.2506599426,16.3727264404,9.33333301544,25.6499996185,7.92000007629,26.4699993134,133010,0,0,0,0,0,0,0,0,0,0,0,0,0,0,2252900,2086300,64574600,44021100,23095500,1380700,1862600,31411178,10368160,24109680,1810600,728800,3585000,9338900
2024-09-30,18.0317173004,37.6693344116,9.87013816833,12.3228645325,31.3961601257,9.62465667725,20.001865387,27.1835575104,14.5488138199,8.88475990295,23.4828147888,5.48499393463,25.5051841736,131816,21.8500003815,42.1699981689,10.7100000381,14.6999998093,33.2700004578,10.5,21.0799999237,31.871137619,16.4181804657,9.23809528351,25.6499996185,7.84000015259,26.9300003052,131816,0,0,0,0,0,0,0,0,0,0,0,0,0,0,22.0499992371,43.0400009155,10.8000001907,15,34.3699989319,10.5600004196,21.3999996185,32.6566619873,16.4181804657,9.58095169067,25.7999992371,8.06000041962,27.1800003052,133120,21.5499992371,41.4300003052,10.5900001526,14.6499996185,33.2700004578,10.1599998474,20.9099998474,31.871137619,15.8090896606,9.01904678345,25.2900009155,7.65000009537,26.6299991608,131816,22.0499992371,43,10.6800003052,14.9300003052,34,10.4600000381,21.3999996185,32.3036193848,16.1363620758,9.52380943298,25.7999992371,7.98999977112,27.1800003052,132761,0,0,0,0,0,0,0,0,0,0,0,0,0,0,3858100,2994100,60955500,37058100,12562100,1310800,2043400,28491777,13125310,26500530,2315400,1284200,1918400,9131600
2024-10-01,18.0399665833,37.3030929565,9.87013816833,12.4819154739,31.056432724,9.44132995605,19.9733982086,26.7374229431,14.3957567215,8.90307807922,23.4187278748,5.40803623199,26.1207923889,132495,21.8600006104,41.7599983215,10.7100000381,14.6899995804,32.9099998474,10.3000001907,21.0499992371,31.3327445984,16.2454547882,9.25714206696,25.5799999237,7.73000001907,27.5799999237,132495,0,0,0,0.197187,0,0,0,0.015578,0,0,0,0,0,0,22.0900001526,43.0099983215,10.9300003052,14.8199996948,33.5,10.779999733,21.3700008392,32.0476608276,16.7909088135,9.45714187622,25.9200000763,7.96999979019,27.9400005341,133405,21.6399993896,41.5900001526,10.7100000381,14.5100002289,32.5499992371,10.279999733,20.8799991608,31.2709617615,16.2454547882,9.1428565979,25.3400001526,7.69000005722,27.0900001526,131817,21.9300003052,42.5499992371,10.8599996567,14.6199998856,33.4500007629,10.4499998093,21.0900001526,32.003528595,16.4909095764,9.31428527832,25.8099994659,7.84000015259,27.0900001526,131817,0,0,0,0,0,0,0,0,0,0,0,0,0,0,4178400,4024200,38491000,29701400,6750200,2433000,3597900,30144937,17241620,22765155,3470900,1147100,3580700,9841100
2024-10-02,18.3288078308,37.8122634888,10.0821027756,12.931930542,30.6223449707,9.54216003418,20.001865387,26.9031124115,14.7824335098,9.02215194702,23.473657608,5.51997470856,26.7837562561,133515,22.2099990845,42.3300018311,10.9399995804,15.1999998093,32.4500007629,10.4099998474,21.0799999237,31.5269184113,16.6818180084,9.38095188141,25.6399993896,7.88999986649,28.2800006866,133515,0,0,0,0.018942,0,0,0,0,0,0,0,0,0,0,22.4699993134,43,10.9799995422,15.3100004196,34.0400009155,10.9200000763,21.3899993896,32.003528595,16.7999992371,9.63809490204,25.9400005341,8.09000015259,28.5699996948,134922,22.0799999237,41.6800003052,10.779999733,15.0100002289,32.4500007629,10.3199996948,21.0799999237,31.35039711,16.4545440674,9.27618980408,25.5300006866,7.80999994278,27.6200008392,132495,22.1299991608,42,10.8999996185,15.029999733,33.4700012207,10.4600000381,21.2000007629,31.6593112946,16.6181812286,9.36190414429,25.8700008392,7.86000013351,27.6200008392,132495,0,0,0,0,0,0,0,0,0,0,0,0,0,0,4989700,4913600,61962200,48598900,13286500,3120000,3041700,23530370,16672040,26206005,2846800,1817500,2961400,9398700
2024-10-03,18.3040504456,36.2133026123,9.8793554306,12.7958059311,30.4713573456,9.20300483704,20.0967483521,26.2403240204,14.4682569504,8.91223812103,23.2356281281,5.26111602783,25.902961731,131672,22.1800003052,40.5400009155,10.720000267,15.0399999619,32.2900009155,10.0399999619,21.1800003052,30.7502193451,16.3272724152,9.26666641235,25.3799991608,7.51999998093,27.3500003815,131672,0,0,0,0,0,0,0,0,0,0,0,0,0,0,22.1900005341,41.7900009155,10.8400001526,15.2100000381,32.4199981689,10.3100004196,21.2299995422,31.1738739014,16.4545440674,9.43809509277,25.5300006866,7.92000007629,28.1000003815,133514,21.8700008392,40.4399986267,10.6700000763,14.9399995804,31.6100006104,9.90999984741,20.6499996185,30.5825233459,16.0090904236,8.98095226288,24.9799995422,7.51999998093,26.8199996948,131176,21.9500007629,41.5299987793,10.7899999619,15.1000003815,32.0299987793,10.25,20.9400005341,31.0856132507,16.4545440674,9.19047641754,25.3700008392,7.92000007629,28.0900001526,133514,0,0,0,0,0,0,0,0,0,0,0,0,0,0,3618700,2523600,41875600,34496900,8663800,2332500,2598800,35700490,14581490,25796820,2758000,593800,2910900,9821200
2024-10-04,18.5681304932,37.0976371765,9.90700149536,12.8128213882,30.6695289612,9.12050819397,20.4952697754,26.2930526733,14.5890951157,8.8572807312,23.6109828949,5.29609727859,26.2344455719,131792,22.5,41.5299987793,10.75,15.0600004196,32.5,9.94999980927,21.6000003815,30.812002182,16.4636363983,9.20952320099,25.7900009155,7.57000017166,27.7000007629,131792,0,0,0,0,0,0,0,0,0,0,0,0,0,0,22.5599994659,41.7000007629,10.7600002289,15.3100004196,32.7200012207,10.1000003815,21.6000003815,31.0150032043,16.4818172455,9.30476093292,25.8099994659,7.67999982834,27.75,131936,21.9200000763,40.0999984741,10.6499996185,14.8999996185,32,9.85999965668,21.0200004578,30.5648727417,16.1181812286,9.05714225769,25.1599998474,7.5,27.1399993896,131156,21.9200000763,40.4000015259,10.6999998093,14.9300003052,32.0499992371,10,21.0799999237,30.6178283691,16.2272720337,9.19999980927,25.1599998474,7.53000020981,27.2900009155,131672,0,0,0,0,0,0,0,0,0,0,0,0,0,0,5329400,1909600,42988300,23637900,6065900,1258700,3254400,17541559,12395790,18685695,2635800,709800,1448100,7054700
2024-10-07,18.8349838257,36.5348815918,9.7226858139,12.931930542,30.5562877655,8.81801891327,20.6281089783,26.4662818909,14.258805275,8.71072769165,23.6567592621,5.28910112381,26.2344455719,132018,22.6299991608,40.9000015259,10.5500001907,15.1999998093,32.3800010681,9.61999988556,21.7399997711,31.0150032043,16.0909080505,9.05714225769,25.8400001526,7.55999994278,27.7000007629,132018,0.190623,0,0,0,0,0,0,0,0,0,0,0,0,0,22.6800003052,42.0600013733,10.8100004196,15.4300003052,32.8100013733,10.2600002289,21.7399997711,31.1738739014,16.6363620758,9.45714187622,25.9599990845,7.84999990463,28.0900001526,132943,22.1599998474,40.5299987793,10.4600000381,15.1199998856,32.0699996948,9.60000038147,21.4899997711,30.7590465546,15.9454536438,8.93333339691,25.5300006866,7.51000022888,27.3700008392,131676,22.6100006104,42,10.8000001907,15.1999998093,32.6800003052,10.1099996567,21.6599998474,31.0679607391,16.6181812286,9.34285736084,25.8299999237,7.65999984741,27.8099994659,131792,0,0,0,0,0,0,0,0,0,0,0,0,0,0,5234200,1214300,50239800,28305600,3018900,1908500,3203400,26410683,10484980,25405800,2781900,831000,1488000,7702100
2024-10-08,18.8016891479,37.3656272888,9.86092281342,12.9489479065,30.7733345032,8.92801475525,20.4857807159,26.6244468689,14.5004806519,8.76568508148,23.5652084351,5.38704776764,26.6038093567,131512,22.5900001526,41.8300018311,10.6999998093,15.220000267,32.6100006104,9.73999977112,21.5900001526,31.2003536224,16.3636360168,9.11428546906,25.7399997711,7.69999980927,28.0900001526,131512,0,0,0,0,0,0,0,0,0,0,0,0,0,0,22.8099994659,41.8300018311,10.779999733,15.3500003815,32.7400016785,9.73999977112,21.6700000763,31.3415718079,16.3636360168,9.17142772675,25.9500007629,7.90000009537,28.1900005341,132016,22.5,41.1199989319,10.6300001144,15.1899995804,32.3100013733,9.55000019073,21.3999996185,31.129743576,16.1727275848,9.00952339172,25.5599994659,7.69999980927,27.8899993896,130371,22.6700000763,41.2299995422,10.6599998474,15.220000267,32.4900016785,9.63000011444,21.4899997711,31.2268314362,16.2545452118,9.07618999481,25.8199996948,7.75,27.9099998474,132016,0,0,0,0,0,0,0,0,0,0,0,0,0,0,6666400,1815300,46497200,22407600,6160600,1840800,7042600,26176152,7609250,19517820,3790800,1079700,1672500,9093200
2024-10-09,18.3189620972,36.9368515015,9.84248924255,12.6937131882,30.5940303802,9.02884578705,20.0208415985,26.1348876953,14.2104721069,8.46341991425,23.290555954,5.36605882645,25.6661891937,129962,22.0100002289,41.3499984741,10.6800003052,14.9200000763,32.4199981689,9.85000038147,21.1000003815,30.6266536713,16.0363636017,8.80000019073,25.4400005341,7.67000007629,27.1000003815,129962,0,0,0,0,0,0,0,0,0,0,0,0,0,0,22.4200000763,41.4900016785,10.7399997711,15.1999998093,32.5800018311,9.89000034332,21.4899997711,31.0679607391,16.3363628387,9.06666564941,25.5599994659,7.69000005722,27.8999996185,131520,21.7999992371,40.5699996948,10.5799999237,14.8299999237,32.0600013733,9.64000034332,20.9599990845,30.5648727417,15.8272724152,8.80000019073,25.2199993134,7.53999996185,26.8400001526,129719,22.3299999237,41.4599990845,10.6099996567,15.1199998856,32.2000007629,9.64000034332,21.3700008392,30.9885253906,16.272726059,9.01904678345,25.5400009155,7.61999988556,27.8700008392,131510,0,0,0,0,0,0,0,0,0,0,0,0,0,0,8931200,1835500,45895200,31287500,5255200,1510000,2906800,23707005,13158640,18004035,4700900,594700,5111800,9220400
2024-10-10,18.452129364,36.9368515015,9.90700149536,12.7617740631,30.188249588,9.42299747467,20.3434524536,26.2779884338,14.5810365677,8.43594074249,23.7483100891,5.45001316071,25.5051841736,130353,22.1700000763,41.3499984741,10.75,15,31.9899997711,10.279999733,21.4400005341,30.7943515778,16.4545440674,8.77142810822,25.9400005341,7.78999996185,26.9300003052,130353,0,0,0,0,0,0,0,0,0,0,0,0,0,0,22.2700004578,41.4799995422,10.8299999237,15.0200004578,32.3600006104,10.3000001907,21.6000003815,30.8649597168,16.5909080505,8.87619018555,26.0200004578,7.84000015259,27.3899993896,130418,21.8400001526,40.5499992371,10.6999998093,14.8199996948,31.8700008392,9.76000022888,20.9699993134,30.5119152069,16.0545444489,8.63809490204,25.2600002289,7.53000020981,26.75,129835,21.9400005341,41.3499984741,10.7100000381,14.9200000763,32.2999992371,9.89000034332,20.9699993134,30.6354808807,16.1000003815,8.85714244843,25.2600002289,7.53000020981,27.1900005341,129963,0,0,0,0,0,0,0,0,0,0,0,0,0,0,4813600,1146800,37701700,21996700,9591000,2116800,2489800,23211884,28792610,18369540,2615700,609700,2664500,7617300
2024-10-11,18.4105110168,37.3388252258,9.85170650482,12.5916194916,30.3392429352,10.1013069153,20.1157264709,26.0821666718,15.0724449158,8.65577125549,23.4370384216,5.70887088776,25.4957122803,129992,22.1200008392,41.7999992371,10.6899995804,14.8000001907,32.1500015259,11.0200004578,21.2000007629,30.5648727417,17.0090904236,9,25.6000003815,8.15999984741,26.9200000763,129992,0,0,0,0,0,0,0,0,0,0,0,0,0,0,22.2199993134,41.8699989319,10.75,15,32.3600006104,11.3100004196,21.4799995422,30.8649597168,17.081817627,9.01904678345,25.9400005341,8.22000026703,27.0300006866,130354,22.0200004578,40.6100006104,10.5399999619,14.7299995422,31.6700000763,10.2899999619,21,30.4942626953,16.3272724152,8.50476074219,25.3899993896,7.55999994278,26.5300006866,129338,22.2099990845,41,10.720000267,14.9799995422,32.0600013733,10.2899999619,21.4400005341,30.741394043,16.7454547882,8.78095245361,25.9400005341,7.69999980927,26.9400005341,130354,0,0,0,0,0,0,0,0,0,0,0,0,0,0,3214300,1402000,25480900,35337900,3156800,6482800,2664100,19225310,22486310,29925105,2003200,1456200,2930400,7973300
2024-10-14,18.5769729614,37.5532112122,10.0268087387,12.7787885666,30.7827701569,10.6787853241,20.2295894623,26.2478618622,15.2335624695,8.976354599,23.6750679016,5.75084877014,25.3820590973,131005,22.3199996948,42.0400009155,10.8800001144,15.0200004578,32.6199989319,11.6499996185,21.3199996948,30.7590465546,17.190908432,9.33333301544,25.8600006104,8.22000026703,26.7999992371,131005,0,0,0,0,0,0,0,0,0,0,0,0,0,0,22.4699993134,42.1500015259,10.9799995422,15.0799999237,32.7599983215,11.8500003815,21.4400005341,30.9532203674,17.190908432,9.58095169067,26.1299991608,8.39999961853,27.0699996948,131220,21.8799991608,41.0099983215,10.6599998474,14.779999733,31.9200000763,10.8900003433,21.0300006866,30.5560455322,16.7363624573,8.85714244843,25.5300006866,8.11999988556,26.3299999237,129729,22.1100006104,41.7999992371,10.6899995804,14.7899999619,32.2099990845,11.1899995804,21.2900009155,30.6619586945,17.081817627,8.96190357208,25.5799999237,8.31999969482,26.9500007629,129992,0,0,0,0,0,0,0,0,0,0,0,0,0,0,2902400,940400,35854800,22762100,5747200,5861500,1381000,16356101,14089790,25906650,2065400,1383500,2299100,8502100
2024-10-15,18.7184638977,37.5442733765,9.98994445801,12.8893899918,31.2357330322,10.6787853241,20.2580547333,26.5491294861,15.2657852173,8.88475990295,23.9131031036,5.6109251976,25.3347072601,131043,22.4899997711,42.0299987793,10.8400001526,15.1499996185,33.0999984741,11.6499996185,21.3500003815,31.1120910645,17.2272720337,9.23809528351,26.1200008392,8.02000045776,26.75,131043,0,0,0,0,0,0,0,0,0,0,0,0,0,0,22.6200008392,42.3800010681,11,15.2399997711,33.3499984741,11.9799995422,21.5599994659,31.1650485992,17.3999996185,9.49523830414,26.3600006104,8.43999958038,27.2900009155,131457,22.3199996948,41.75,10.7899999619,15.0100002289,32.7299995422,11.4899997711,21.1299991608,30.6531333923,16.9636363983,9.15237998962,25.9899997711,7.90000009537,26.5699996948,130200,22.3999996185,42.2099990845,10.8999996185,15.0500001907,32.7999992371,11.720000267,21.2900009155,30.8031768799,17.3090896606,9.42857074738,26.1100006104,8.22999954224,26.7999992371,131005,0,0,0,0,0,0,0,0,0,0,0,0,0,0,3320300,1567400,30199500,29965600,7046200,4676600,1586500,32631872,11904750,17224620,1405000,1393200,2000300,7982900
2024-10-16,18.7517585754,36.9457855225,10.1189651489,12.8468523026,31.3489761353,11.3295965195,20.2865200043,26.3909645081,15.1368904114,8.976354599,23.8398647308,5.72286367416,25.4483585358,131750,22.5300006866,41.3600006104,10.9799995422,15.1000003815,33.2200012207,12.3599996567,21.3799991608,30.9267425537,17.081817627,9.33333301544,26.0400009155,8.18000030518,26.8700008392,131750,0,0,0,0,0,0,0,0,0,0,0,0,0,0,22.8199996948,42.7400016785,11.0100002289,15.2600002289,33.4099998474,12.4899997711,21.6700000763,31.129743576,17.3272724152,9.49523830414,26.4300003052,8.18000030518,27.1900005341,132233,22.3600006104,41.0800018311,10.75,14.970000267,32.8499984741,11.5900001526,21.1800003052,30.7590465546,16.9272727966,9.12380886078,25.9200000763,7.94000005722,26.7000007629,130780,22.4899997711,42.2099990845,10.8500003815,15.1099996567,32.8899993896,11.6400003433,21.4899997711,31.1120910645,17.1181812286,9.19047641754,26.3600006104,8.01000022888,26.9799995422,131045,0,0,0,0,0,0,0,0,0,0,0,0,0,0,6791200,2316700,41240600,55542100,8242000,4315800,3398000,39642197,16907660,22507065,2946200,1063900,2096900,10282800
2024-10-17,18.7018165588,36.624206543,9.8793554306,12.931930542,31.3206653595,11.2287664413,20.1347045898,26.4436855316,15.0724449158,8.76568508148,23.8398647308,5.58294010162,25.5809516907,130793,22.4699993134,41,10.720000267,15.1999998093,33.1899986267,12.25,21.2199993134,30.9885253906,17.0090904236,9.11428546906,26.0400009155,7.98000001907,27.0100002289,130793,0,0,0,0,0,0,0,0,0,0,0,0,0,0,22.5100002289,41.2200012207,10.8800001144,15.2899999619,33.3699989319,12.5,21.2299995422,31.2709617615,17.0090904236,9.26666641235,26.25,8.21000003815,27.0100002289,131716,22.1100006104,40.1800003052,10.6300001144,14.8699998856,32.5600013733,11.9399995804,20.8700008392,30.4854354858,16.7363624573,9.11428546906,25.4400005341,7.92000007629,26.1299991608,129902,22.3799991608,40.75,10.8400001526,14.9399995804,32.8899993896,12.2600002289,21.1800003052,30.6178283691,16.8909091949,9.23809528351,25.6200008392,8.06999969482,26.3600006104,131716,0,0,0,0,0,0,0,0,0,0,0,0,0,0,3172900,1130700,23156000,29445500,10156300,3665300,2401400,22310809,15459290,15796515,2566200,905800,1638100,7086000
2024-10-18,18.6269073486,36.0793113708,9.8148431778,13.0340270996,31.2640457153,11.1279373169,20.1726570129,26.5717277527,14.8227119446,8.6099729538,23.739156723,5.70187473297,24.7759227753,130499,22.3799991608,40.3899993896,10.6499996185,15.3199996948,33.1300010681,12.1400003433,21.2600002289,31.1385707855,16.7272720337,8.95238018036,25.9300003052,8.14999961853,26.1599998474,130499,0,0,0,0,0,0,0,0,0,0,0,0,0,0,22.8700008392,41.4900016785,10.8199996948,15.4399995804,33.4900016785,12.3699998856,21.3700008392,31.2268314362,17.1818180084,9.25714206696,26.3199996948,8.14999961853,27.2399997711,131725,22.3500003815,40.2999992371,10.5900001526,15.1199998856,32.5800018311,11.970000267,21.0499992371,30.9090900421,16.7272720337,8.91428470612,25.7999992371,7.96999979019,26.0200004578,130121,22.7700004578,41,10.779999733,15.25,33.4900016785,12.3500003815,21.3700008392,31.0679607391,17.0454540253,9.18095207214,26.3199996948,8.06000041962,27.2399997711,130793,0,0,0,0,0,0,0,0,0,0,0,0,0,0,4734600,1522000,30999400,39996000,11641100,2683200,2232700,17703125,21388400,25355925,2859700,538700,2371600,8683700
2024-10-21,18.7517585754,36.5259475708,9.99916172028,12.9999933243,30.9054489136,10.9537763596,20.3908920288,26.4361457825,14.8629922867,8.8572807312,23.83070755,5.63191366196,24.4917945862,130362,22.5300006866,40.8899993896,10.8500003815,15.279999733,32.75,11.9499998093,21.4899997711,30.9796981812,16.772726059,9.20952320099,26.0300006866,8.05000019073,25.8600006104,130362,0,0,0,0,0,0,0,0,0,0,0,0,0,0,22.6900005341,41.0800018311,10.8500003815,15.3999996185,33.1800003052,12.2899999619,21.6299991608,31.262134552,16.9727268219,9.32380867004,26.2999992371,8.23999977112,26.6200008392,131124,22.2900009155,40.3100013733,10.6700000763,15.2299995422,32.5400009155,11.8900003433,21.25,30.8914375305,16.6636352539,9,25.9400005341,7.96999979019,25.7099990845,130157,22.3600006104,40.3499984741,10.6700000763,15.3599996567,33.1800003052,12.0799999237,21.2999992371,31.2356567383,16.8636360168,9,25.9400005341,8.15999984741,26.3999996185,130499,0,0,0,0,0,0,0,0,0,0,0,0,0,0,4811400,678300,26633900,22922500,6460200,2389000,1938100,16873089,10815200,24262455,1860800,689000,3067700,7774900
2024-10-22,18.4514751434,35.9363861084,9.77798080444,12.9149179459,30.5091056824,10.6512870789,19.9923744202,26.4813461304,14.6293725967,8.51837730408,23.2356281281,5.51997470856,24.1792564392,129721,21.9799995422,40.2299995422,10.6099996567,15.1800003052,32.3300018311,11.6199998856,21.0699996948,31.0326557159,16.5090904236,8.85714244843,25.3799991608,7.88999986649,25.5300006866,129721,0.192303,0,0,0,0,0,0,0,0,0,0,0,0,0,22.4200000763,41.1699981689,10.8100004196,15.3900003433,32.7299995422,12.0100002289,21.4400005341,31.1120910645,16.690908432,9.34285736084,25.8799991608,8.06999969482,25.9099998474,130346,21.8199996948,39.9000015259,10.5500001907,15.029999733,32.2000007629,11.5900001526,21.0400009155,30.7237415314,16.3454532623,8.71428489685,25.1700000763,7.84000015259,25.1900005341,129094,22.2700004578,40.3699989319,10.7399997711,15.1000003815,32.3800010681,11.8500003815,21.3400001526,30.8914375305,16.6636352539,9.11428546906,25.7900009155,8.02000045776,25.6599998474,130346,0,0,0,0,0,0,0,0,0,0,0,0,0,0,4037700,1645200,29304400,32416400,4907500,2418100,1800600,24850542,12701370,32968950,4100200,639600,3879800,5522000
2024-10-23,18.4514751434,36.0882453918,9.78719425201,12.8638706207,30.4524841309,10.4312944412,20.0587940216,26.6470394135,14.4682569504,8.38098430634,23.290555954,5.51997470856,23.5636425018,129233,21.9799995422,40.4000015259,10.6199998856,15.1199998856,32.2700004578,11.3800001144,21.1399993896,31.2268314362,16.3272724152,8.71428489685,25.4400005341,7.88999986649,24.8799991608,129233,0,0,0,0,0,0,0,0,0,0,0,0,0,0,22.0100002289,40.4300003052,10.6199998856,15.1800003052,32.3600006104,11.5799999237,21.1399993896,31.2444839478,16.5181808472,8.87619018555,25.4400005341,7.94000005722,25.4099998474,129949,21.7199993134,39.7000007629,10.4600000381,14.9399995804,31.8199996948,11.2700004578,20.8099994659,30.8914375305,16.1636352539,8.62857055664,25.0499992371,7.71999979019,24.7900009155,128589,21.8099994659,39.9500007629,10.5200004578,15.0500001907,32.2000007629,11.5,21.0100002289,30.90026474,16.4545440674,8.72380924225,25.1700000763,7.84999990463,25.3899993896,129949,0,0,0,0,0,0,0,0,0,0,0,0,0,0,3601500,1003000,39674300,19789900,7670900,2300300,2174000,17395402,19793730,21991935,4559200,694700,3564900,7962200
2024-10-24,18.5522155762,37.0619125366,9.93464946747,12.8893899918,30.7733345032,10.9721088409,20.1347045898,26.8880558014,15.1691141129,8.6832485199,22.9884395599,5.79282474518,24.1508407593,130067,22.1000003815,41.4900016785,10.779999733,15.1499996185,32.6100006104,11.970000267,21.2199993134,31.509267807,17.1181812286,9.02857112885,25.1100006104,8.27999973297,25.5,130067,0,0,0,0,0,0,0,0,0,0,0,0,0,0,22.1599998474,41.7099990845,10.779999733,15.2899999619,32.7700004578,12,21.3400001526,31.6240062714,17.1818180084,9.05714225769,25.4699993134,8.27999973297,25.5300006866,130130,21.7700004578,40.0400009155,10.5100002289,15.029999733,32.0200004578,11.2100000381,20.8500003815,31.1473960876,16.2090892792,8.64761924744,24.9500007629,7.82000017166,24.5,128798,22.0300006866,40.4000015259,10.6199998856,15.0500001907,32.1500015259,11.3500003815,20.9899997711,31.2268314362,16.3636360168,8.74285697937,25.3199996948,7.92000007629,24.6800003052,129233,0,0,0,0,0,0,0,0,0,0,0,0,0,0,3760600,1257000,34038300,24512500,4792200,2823700,1913700,24236796,24070200,26403195,6505000,725900,2541800,8310600
2024-10-25,18.3843231201,36.2043647766,9.87013816833,12.7022171021,30.7355861664,11.8337440491,19.9828853607,26.5867881775,14.8791027069,8.36266613007,22.9792804718,5.70187473297,23.4026374817,129893,21.8999996185,40.5299987793,10.7100000381,14.9300003052,32.5699996948,12.9099998474,21.0599994659,31.1562213898,16.7909088135,8.6952381134,25.1000003815,8.14999961853,24.7099990845,129893,0,0,0,0,0,0,0,0,0,0,0,0,0,0,22.2399997711,41.7400016785,10.8000001907,15.2100000381,32.6699981689,13.1999998093,21.3799991608,31.579875946,17.2272720337,9.06666564941,25.7600002289,8.51000022888,25.8299999237,130529,21.8600006104,40.2900009155,10.6300001144,14.8699998856,32.3800010681,12.2100000381,20.9400005341,31.0856132507,16.7636356354,8.6952381134,24.9599990845,8.14999961853,24.6399993896,129806,22.0400009155,41.1100006104,10.75,15.1599998474,32.5,12.2100000381,21.1000003815,31.509267807,17.2272720337,9.00952339172,25.3999996185,8.30000019073,25.6700000763,130067,0,0,0,0,0,0,0,0,0,0,0,0,0,0,3149900,1345200,26411000,31639200,3936300,7040800,5614200,17380220,12507000,21516075,4184400,869000,2648100,8513300
2024-10-28,18.5857925415,36.4723510742,10.0360240936,12.931930542,31.4055938721,11.4762582779,20.210609436,26.9106502533,14.9113283157,8.67408847809,22.9426612854,6.00271034241,23.8856544495,131213,22.1399993896,40.8300018311,10.8900003433,15.1999998093,33.2799987793,12.5200004578,21.2999992371,31.5357456207,16.8272724152,9.01904678345,25.0599994659,8.57999992371,25.2199993134,131213,0,0,0,0,0,0,0,0,0,0,0,0,0,0,22.3099994659,41.1899986267,10.9499998093,15.3500003815,33.4199981689,13.1400003433,21.4799995422,31.6946163177,17.081817627,9.1428565979,25.4799995422,8.69999980927,25.3400001526,131421,21.8999996185,40.5400009155,10.7700004578,15.0399999619,32.7000007629,12.4799995422,21.0900001526,31.3239173889,16.690908432,8.82857131958,25.0499992371,8.18999958038,24.9799995422,129894,21.9799995422,41,10.779999733,15.0500001907,32.8600006104,12.9399995804,21.0900001526,31.4563102722,17.081817627,8.8380947113,25.3600006104,8.22999954224,24.9799995422,129894,0,0,0,0,0,0,0,0,0,0,0,0,0,0,3088000,1015100,29203800,22941700,7939300,4038600,1496600,11933889,11121550,22672335,1992500,897500,1671700,7135300
2024-10-29,18.4934577942,35.8738555908,9.98072814941,12.744758606,31.1036167145,11.4212598801,19.9733982086,26.6244468689,14.9032707214,8.45425987244,22.9243507385,5.75084877014,23.6867675781,130730,22.0300006866,40.1599998474,10.8299999237,14.9799995422,32.9599990845,12.4600000381,21.0499992371,31.2003536224,16.8181800842,8.79047584534,25.0400009155,8.22000026703,25.0100002289,130730,0,0,0,0,0,0,0,0,0,0,0,0,0,0,22.2399997711,41.2599983215,10.9200000763,15.3900003433,33.4900016785,12.6800003052,21.4099998474,31.7210941315,16.9636363983,9.06666564941,25.2000007629,8.67000007629,25.3999996185,131765,21.8799991608,39.8100013733,10.7700004578,14.9600000381,32.7999992371,12.279999733,20.9799995422,31.2003536224,16.690908432,8.71428489685,24.7700004578,8.18999958038,24.6200008392,130693,22.0400009155,40.6699981689,10.8800001144,15.2899999619,33.3600006104,12.5200004578,21.1000003815,31.6504840851,16.8999996185,9,25.1200008392,8.63000011444,25.2199993134,131214,0,0,0,0,0,0,0,0,0,0,0,0,0,0,3012500,2387800,26229700,32485200,6972300,2046100,1492500,13225282,4336970,18714255,2205700,934800,2100900,7636400
2024-10-30,18.5774021149,36.3562240601,9.93464946747,12.7872991562,30.8110809326,12.099568367,20.1157264709,26.5491294861,14.9999418259,8.79316329956,23.3088626862,5.98172235489,24.2929039001,130639,22.1299991608,40.7000007629,10.779999733,15.029999733,32.6500015259,13.1999998093,21.2000007629,31.1120910645,16.9272727966,9.1428565979,25.4599990845,8.55000019073,25.6499996185,130639,0,0,0,0,0,0,0,0,0,0,0,0,0,0,22.3299999237,40.7799987793,10.8699998856,15.0500001907,33.0400009155,13.4799995422,21.3500003815,31.4121799469,17.0909080505,9.21904659271,25.6499996185,8.63000011444,25.7800006866,131027,21.9099998474,40.1500015259,10.720000267,14.8800001144,32.5800018311,12.3500003815,21,31.0061779022,16.7454547882,8.73333263397,25,8.21000003815,24.9500007629,130473,22.0300006866,40.3100013733,10.8500003815,15,33.0400009155,12.3500003815,21,31.191526413,16.7454547882,8.80952262878,25.0400009155,8.23999977112,25.1100006104,130730,0,0,0,0,0,0,0,0,0,0,0,0,0,0,2440900,1411900,26539600,28738700,3195000,5623200,1772600,12081065,5709990,26669475,3128500,766400,3142200,7327100
2024-10-31,18.5690078735,36.838596344,9.78719425201,12.2257823944,30.6884040833,11.9437408447,20.0587940216,26.3758964539,14.9596633911,8.66493034363,23.4278812408,5.93974494934,24.2171382904,129713,22.1200008392,41.2400016785,10.6199998856,14.3699998856,32.5200004578,13.029999733,21.1399993896,30.9090900421,16.8818187714,9.00952339172,25.5900001526,8.48999977112,25.5699996948,129713,0,0,0,0,0,0,0,0,0,0,0,0,0,0,22.3299999237,41.5499992371,10.75,14.720000267,32.8600006104,13.4099998474,21.3700008392,31.4298324585,17.3181800842,9.20952320099,25.7800006866,8.61999988556,25.8600006104,130798,22.1000003815,40.3400001526,10.5699996948,14.25,32.2799987793,12.8199996948,21.0400009155,30.9090900421,16.8363628387,8.95238018036,25.3299999237,8.42000007629,25.2700004578,129642,22.1000003815,40.3800010681,10.7399997711,14.5,32.5699996948,13.1499996185,21.1700000763,31.1120910645,16.9363632202,9.06666564941,25.3299999237,8.51000022888,25.5799999237,130639,0,0,0,0,0,0,0,0,0,0,0,0,0,0,3923200,1308800,28075100,84313700,6802600,3123500,1499600,22748147,15033370,14264145,2275000,637500,2192200,9068100
2024-11-01,18.0989017487,35.7309341431,9.60287952423,12.0045757294,29.9051513672,11.6595849991,19.3566417694,26.2309608459,14.5890951157,8.11535739899,22.9243507385,5.85579013824,23.4310531616,128121,21.5599994659,40,10.4200000763,14.1099996567,31.6900005341,12.720000267,20.3999996185,30.7237415314,16.4636363983,8.43809509277,25.0400009155,8.36999988556,24.7399997711,128121,0,0,0,0,0,0,0,0.015578,0,0,0,0,0,0,22.2700004578,41.2999992371,10.6499996185,14.470000267,32.5800018311,13.1999998093,21.2000007629,31.1562213898,16.9545440674,9.13333320618,25.6800003052,8.52000045776,25.7999992371,129902,21.5499992371,39.9500007629,10.3299999237,14.0500001907,31.6299991608,12.6899995804,20.3999996185,30.7060909271,16.4545440674,8.36190414429,24.9500007629,8.23999977112,24.6700000763,128070,22.2700004578,41.2299995422,10.6499996185,14.4600000381,32.5800018311,13.1999998093,21.2000007629,30.8914375305,16.9545440674,9.13333320618,25.6000003815,8.48999977112,25.7999992371,129718,0,0,0,0,0,0,0,0,0,0,0,0,0,0,6163500,1688200,33123200,62202000,7950000,2002500,2637300,25777562,8448880,30144345,2677400,902600,2956800,9897900
2024-11-04,18.6865291595,37.00831604,10.0083732605,12.0207128525,31.2357330322,12.3103952408,19.9828853607,26.5851249695,15.1610603333,8.95803546906,23.4919662476,6.40149116516,24.6906833649,130515,22.2600002289,41.4300003052,10.8599996567,14.1099996567,33.0999984741,13.4300003052,21.0599994659,31.1385707855,17.1090908051,9.31428527832,25.6599998474,9.14999961853,26.0699996948,130515,0,0,0,0.018942,0,0,0,0,0,0,0,0,0,0,22.4599990845,42.1300010681,10.8800001144,14.3000001907,33.1500015259,13.529999733,21.3899993896,31.3680496216,17.3363628387,9.40952301025,25.8199996948,9.23999977112,26.0699996948,130609,21.7399997711,40.4000015259,10.5100002289,13.9399995804,31.9500007629,12.8999996185,20.5100002289,30.7943515778,16.690908432,8.70476055145,25.1800003052,8.47000026703,25.0400009155,128128,21.7900009155,40.4000015259,10.529999733,14.1999998093,32.0099983215,13,20.5100002289,31.0061779022,16.772726059,8.70476055145,25.3400001526,8.47999954224,25.1900005341,128130,0,0,0,0,0,0,0,0,0,0,0,0,0,0,5090100,2131400,39785000,34631600,9841300,4070200,2517800,23226386,11906840,47535915,5206400,1954700,3168700,9013500
2024-11-05,18.7872676849,36.9189872742,10.109749794,11.8673658371,31.3017883301,12.3745584488,19.9733982086,27.3838748932,15.0643892288,9.14122581482,23.3637981415,6.58339166641,24.756980896,130661,22.3799991608,41.3300018311,10.970000267,13.9300003052,33.1699981689,13.5,21.0499992371,32.0741386414,17,9.50476074219,25.5200004578,9.40999984741,26.1399993896,130661,0,0,0,0,0,0,0,0,0,0,0,0,0,0,22.4500007629,42.0900001526,10.9799995422,14.1199998856,33.1899986267,13.8199996948,21.1700000763,32.3477478027,17.2636356354,9.5428571701,25.6900005341,9.40999984741,26.2800006866,130769,22.1200008392,40.4199981689,10.6199998856,13.8599996567,32.5299987793,13.2299995422,20.8799991608,31.421005249,16.6545448303,8.96190357208,25.4099998474,8.88000011444,25.3999996185,129692,22.3500003815,41.5400009155,10.720000267,14.0500001907,33.1500015259,13.3999996185,21.1499996185,31.509267807,17.0090904236,9.19047641754,25.4099998474,9.10000038147,26.1299991608,130515,0,0,0,0,0,0,0,0,0,0,0,0,0,0,2913800,1238300,28896400,80715900,3804700,2964700,1958800,59510598,8541610,39009705,2003300,1531700,2124100,8556100
2024-11-06,18.5857925415,36.624206543,9.8148431778,11.7651329041,31.4055938721,12.6587162018,19.6507873535,27.2557754517,15.0643892288,8.91223812103,23.1532306671,6.7932767868,24.548620224,130341,22.1399993896,41,10.6499996185,13.8100004196,33.2799987793,13.8100004196,20.7099990845,31.9240951538,17,9.26666641235,25.2900009155,9.71000003815,25.9200000763,130341,0,0,0,0,0,0,0,0,0,0,0,0,0,0,22.2399997711,41.4300003052,10.7600002289,13.8500003815,33.4399986267,13.8299999237,20.8799991608,32.1535758972,17.2454547882,9.44761943817,25.4200000763,9.71000003815,26,130670,21.6599998474,39.75,10.529999733,13.5500001907,32.1599998474,13.0900001526,20.3299999237,31.35039711,16.4727268219,9.08571434021,24.6900005341,9.15999984741,25.0699996948,128822,22.0799999237,40.5,10.7100000381,13.7899999619,32.3800010681,13.220000267,20.7700004578,31.6593112946,16.6818180084,9.27618980408,25.0100002289,9.23999977112,25.3400001526,130613,0,0,0,0,0,0,0,0,0,0,0,0,0,0,4887500,1833500,37995800,61380900,8501600,2195000,5106500,44058971,12373350,30775185,4995200,2076000,3554000,10540900
2024-11-07,18.4850559235,36.0614433289,9.87013816833,11.6373462677,31.2074260712,11.5495882034,19.4610157013,26.8563976288,14.5649280548,8.59165477753,22.787027359,5.92575263977,23.6299419403,129682,22.0200004578,40.3699989319,10.7100000381,13.6599998474,33.0699996948,12.6000003815,20.5100002289,31.4563102722,16.4363632202,8.93333339691,24.8899993896,8.47000026703,24.9500007629,129682,0,0,0,0,0,0,0,0,0,0,0,0,0,0,22.6000003815,41.7999992371,11.0100002289,13.8800001144,33.7400016785,14.1000003815,21.2800006866,32.1977043152,17.3545455933,9.61904716492,25.9099998474,9.64000034332,26.5100002289,131319,21.8099994659,39.7999992371,10.4899997711,13.5500001907,32.75,12.5100002289,20.1599998474,31.3857002258,16.2000007629,8.91428470612,24.6700000763,8.39999961853,24.8700008392,129406,21.9899997711,40.9000015259,10.6000003815,13.75,32.9599990845,13.8900003433,20.5799999237,31.8887901306,16.9181804657,9.34285736084,24.9799995422,9.64000034332,25.9200000763,130341,0,0,0,0,0,0,0,0,0,0,0,0,0,0,3723200,1032000,55293600,35235600,4538100,7627000,3762100,16816325,22291500,41591550,4792700,5667500,4665600,10520800
2024-11-08,18.2416095734,35.9542503357,9.50150680542,11.509557724,30.6695289612,11.6962499619,19.0719871521,26.4344139099,13.6707315445,8.79316329956,22.5947704315,5.83480215073,24.2266082764,127830,21.7299995422,40.25,10.3100004196,13.5100002289,32.5,12.7600002289,20.1000003815,30.9620475769,15.427271843,9.1428565979,24.6800003052,8.34000015259,25.5799999237,127830,0,0,0,0,0,0,0,0,0,0,0,0,0,0,21.8199996948,40.25,10.5500001907,13.5600004196,32.7200012207,12.8800001144,20.5,31.2180042267,15.9636363983,9.44761943817,24.8299999237,8.51000022888,25.9200000763,129647,21.5499992371,38.9500007629,10.2100000381,13.3599996567,32.0200004578,12.3500003815,20.1000003815,30.7855243683,15.1363630295,8.63809490204,24.4099998474,8.01000022888,24.1599998474,126973,21.75,39.8100013733,10.4799995422,13.5500001907,32.3499984741,12.5,20.3600006104,30.9532203674,15.3363628387,9.26666641235,24.6700000763,8.42000007629,24.5,129647,0,0,0,0,0,0,0,0,0,0,0,0,0,0,4488900,2244600,58652500,44207900,5564100,3180500,2538200,26247984,59031830,63494445,2353600,2607800,7183400,13183200
2024-11-11,18.2584037781,36.1150436401,9.36326885223,11.4669589996,31.7075710297,12.3378944397,19.1668720245,26.464553833,13.4854469299,8.6099729538,22.4482879639,6.22658729553,23.8383026123,127874,21.75,40.4300003052,10.1599998474,13.4600000381,33.5999984741,13.4600000381,20.2000007629,30.9973526001,15.2181806564,8.95238018036,24.5200004578,8.89999961853,25.1700000763,127874,0,0,0,0,0,0,0,0,0,0,0,0,0,0,21.8500003815,40.7900009155,10.2700004578,13.5500001907,33.6399993896,13.6099996567,20.2900009155,31.262134552,15.5181808472,9.11428546906,24.6800003052,8.89999961853,25.8999996185,128095,21.5100002289,39.4099998474,10.0699996948,13.3699998856,32.1800003052,12.6999998093,19.9699993134,30.812002182,15.0272722244,8.78095245361,24.3999996185,8.27999973297,25.0799999237,127306,21.6700000763,39.9900016785,10.25,13.5100002289,32.3499984741,12.7600002289,20.1100006104,30.8561344147,15.4181814194,9.04761886597,24.4799995422,8.35999965668,25.6200008392,127829,0,0,0,0,0,0,0,0,0,0,0,0,0,0,2957600,1323200,66155900,36639600,10805900,4291300,1729300,20677703,18902840,34669740,1305000,1425000,3112600,8395300
2024-11-12,18.1324825287,35.8202552795,9.50150680542,11.4073238373,31.9906768799,11.861243248,19.0530071259,26.1480693817,13.469335556,8.45425987244,22.4665966034,5.93274784088,23.4405231476,127698,21.6000003815,40.0999984741,10.3100004196,13.3900003433,33.9000015259,12.9399995804,20.0799999237,30.6266536713,15.1999998093,8.79047584534,24.5400009155,8.47999954224,24.75,127698,0,0,0,0,0,0,0,0,0,0,0,0,0,0,21.8400001526,40.6500015259,10.3500003815,13.4899997711,34.2900009155,13.5,20.3299999237,31.1385707855,15.3727273941,9.13333320618,24.6900005341,8.93000030518,25.9500007629,128210,21.5200004578,39.6500015259,10.0699996948,13.3199996948,32.75,12.8500003815,20.0200004578,30.5913505554,15.0181808472,8.79047584534,24.3099994659,8.47000026703,24.5,127411,21.5599994659,40.0999984741,10.1499996185,13.4899997711,33.5999984741,13.3999996185,20.1499996185,31.0238304138,15.2181806564,8.9904756546,24.5799999237,8.93000030518,25.9500007629,127873,0,0,0,0,0,0,0,0,0,0,0,0,0,0,3265700,951400,55851700,30009000,17462200,1595200,1440900,26591283,11414150,31031070,2732300,1146400,3122600,9522100
2024-11-13,18.3339538574,36.7849960327,9.42777824402,11.483997345,32.0473022461,12.0262374878,19.0814743042,26.012424469,13.3565540314,8.48173904419,22.7504062653,5.93274784088,23.0238018036,127734,21.8400001526,41.1800003052,10.2299995422,13.4799995422,33.9599990845,13.1199998856,20.1100006104,30.4677848816,15.0727272034,8.81904697418,24.8500003815,8.47999954224,24.3099994659,127734,0,0,0,0,0,0,0,0,0,0,0,0,0,0,21.8899993896,41.5999984741,10.3599996567,13.4899997711,34.0800018311,13.3000001907,20.2800006866,30.7590465546,15.3909091949,9.08571434021,24.9099998474,8.57999992371,24.7099990845,128100,21.4699993134,40.1100006104,10.0799999237,13.3000001907,33.3800010681,12.8999996185,19.8600006104,30.2736091614,14.8727273941,8.60000038147,24.3299999237,8.18000030518,23.6900005341,126869,21.5100002289,40.1500015259,10.3299999237,13.3999996185,33.7200012207,13.0399999619,20.1000003815,30.7149162292,15.2272720337,8.85714244843,24.4799995422,8.48999977112,23.9799995422,127698,0,0,0,0,0,0,0,0,0,0,0,0,0,0,8263600,1643000,73712300,30372800,7915300,2720000,2817000,29706013,13461910,36576540,3046300,1699000,13142900,12692800
2024-11-14,18.4262981415,37.6157417297,9.46464347839,11.5265932083,32.2265930176,10.5871229172,19.1194286346,25.9370746613,13.2840509415,8.24359130859,23.4828147888,5.60392856598,22.7302036285,127792,21.9500007629,42.1100006104,10.2700004578,13.529999733,34.1500015259,11.5500001907,20.1499996185,30.3795223236,14.9909086227,8.57142829895,25.6499996185,8.01000022888,24,127792,0,0,0,0,0,0,0,0,0,0,0,0,0,0,22.2000007629,44.3800010681,10.3199996948,13.7100000381,34.3100013733,12,20.4899997711,30.5472183228,15.2636356354,9.09523773193,25.8700008392,8.60999965668,24.4500007629,128423,21.6200008392,40.9000015259,10.0799999237,13.3500003815,33.5499992371,11.3500003815,20.0599994659,30.158870697,14.8363628387,8.55237960815,24.6900005341,8.01000022888,23.9099998474,127389,21.6399993896,41,10.1899995804,13.4899997711,33.5499992371,11.5200004578,20.1399993896,30.4060001373,15.1181812286,8.81904697418,24.6900005341,8.39999961853,24.1900005341,127734,0,0,0,0,0,0,0,0,0,0,0,0,0,0,3719900,3400800,86415300,38876900,6627800,63226600,1175800,35013665,20730050,37458330,6191000,1965300,3208300,13138300
2024-11-18,18.1828517914,37.3388252258,9.21581554413,11.68846035,32.2360343933,10.990442276,18.7114200592,25.8466434479,13.1309909821,8.45425987244,23.2997150421,5.72985935211,22.682849884,127768,21.6599998474,41.7999992371,10,13.720000267,34.1599998474,11.9899997711,19.7199993134,30.2736091614,14.8181810379,8.79047584534,25.4500007629,8.18999958038,23.9500007629,127768,0,0,0,0,0,0,0,0,0,0,0,0,0,0,21.8500003815,42.7599983215,10.1800003052,13.8199996948,34.4900016785,12.0600004196,20.1700000763,30.5119152069,14.9909086227,9.00952339172,25.8999996185,8.23999977112,24.1800003052,128277,21.5499992371,41.4799995422,9.93999958038,13.4499998093,33.8600006104,11.470000267,19.7199993134,30.202999115,14.6363630295,8.57142829895,25.2800006866,7.96999979019,23.6000003815,127226,21.7900009155,42.7599983215,10.1300001144,13.4499998093,33.8800010681,11.6999998093,20.1100006104,30.3442173004,14.9636363983,8.66666603088,25.6100006104,8.05000019073,23.8999996185,127791,0,0,0,0,0,0,0,0,0,0,0,0,0,0,3499100,2369800,88368100,36262700,9952300,8486200,3389900,20962992,15558400,30709980,4264200,1264500,2375700,10742000
2024-11-19,18.3631820679,36.7849960327,9.23424720764,11.7736520767,32.2077255249,11.3570957184,19.1478939056,26.0802440643,13.3404426575,8.59165477753,23.6933803558,5.75084877014,22.6733779907,128197,21.6800003052,41.1800003052,10.0200004578,13.8199996948,34.1300010681,12.3900003433,20.1800003052,30.5472183228,15.0545454025,8.93333339691,25.8799991608,8.22000026703,23.9400005341,128197,0.192901,0,0,0,0,0,0,0,0,0,0,0,0,0,21.7000007629,42.25,10.0900001526,13.8800001144,34.2999992371,12.5100002289,20.2099990845,30.6266536713,15.1454544067,8.96190357208,25.9500007629,8.43000030518,24.3700008392,128579,21.3299999237,41.0800018311,9.97000026703,13.6599998474,33.8499984741,11.9099998474,19.6599998474,30.1500434875,14.6181812286,8.66666603088,25.2900009155,7.98999977112,23.7199993134,127235,21.5599994659,41.9799995422,10.0100002289,13.7100000381,34,12.0100002289,19.7199993134,30.2736091614,14.9090900421,8.8380947113,25.4599990845,8.14000034332,23.9500007629,127768,0,0,0,0,0,0,0,0,0,0,0,0,0,0,2952900,1624800,53425300,20410500,4604900,7243900,1513700,18019798,18997000,22281735,2307100,914600,3935300,9103600
2024-11-21,17.8549728394,35.561214447,9.04993152618,11.7310552597,31.3206653595,11.2379331589,18.749376297,25.6281204224,12.631529808,8.37182426453,23.2539329529,5.63890981674,21.972530365,126922,21.0799999237,39.8100013733,9.81999969482,13.7700004578,33.1899986267,12.2600002289,19.7600002289,30.0176525116,14.2545452118,8.70476055145,25.3999996185,8.06000041962,23.2000007629,126922,0,0,0,0,0,0,0,0,0,0,0,0,0,0,21.4500007629,41.0999984741,9.92000007629,13.8999996185,33.9500007629,12.3599996567,19.9799995422,30.3883495331,14.8181810379,8.86666584015,25.5200004578,8.21000003815,23.9899997711,128197,21,39.6699981689,9.80000019073,13.6599998474,33.0499992371,11.9399995804,19.6800003052,30.0176525116,14.2545452118,8.67619037628,25.0400009155,7.96000003815,23.2000007629,126594,21.4099998474,41.0999984741,9.89000034332,13.6700000763,33.8499984741,12.3299999237,19.9799995422,30.2206535339,14.7818183899,8.78095245361,25.5200004578,8.10999965668,23.7000007629,128197,0,0,0,0,0,0,0,0,0,0,0,0,0,0,6683200,1691500,67659300,37207100,14142300,3263500,1755900,28727441,21922010,30852465,4242700,977200,2559800,10271900
2024-11-22,18.1683654785,36.4812812805,9.23424720764,11.7566165924,31.4244709015,11.4120922089,19.2807331085,25.7034759521,13.0101537704,8.62829208374,23.5468997955,5.77183675766,22.5123729706,129126,21.4500007629,40.8400001526,10.0200004578,13.8000001907,33.2999992371,12.4499998093,20.3199996948,30.1059131622,14.6818180084,8.97142791748,25.7199993134,8.25,23.7700004578,129126,0,0,0,0,0,0,0,0,0,0,0,0,0,0,21.5,40.8400001526,10.0200004578,13.8500003815,33.5499992371,12.6099996567,20.3299999237,30.3618717194,14.7181806564,8.98095226288,25.7399997711,8.28999996185,23.7700004578,129126,20.9200000763,39.6599998474,9.82999992371,13.6599998474,32.8699989319,11.9499998093,19.6599998474,29.9558696747,14.1636362076,8.68571376801,25.2099990845,8.02000045776,23.2000007629,126944,21.2600002289,40.4399986267,9.96000003815,13.8400001526,33.3699989319,12.3500003815,19.9599990845,30.3618717194,14.4818181992,8.80952262878,25.7399997711,8.06999969482,23.2099990845,126944,0,0,0,0,0,0,0,0,0,0,0,0,0,0,10065300,1060700,59138800,20755200,7864800,5679300,2386800,14604143,15011590,25803120,2047600,985800,2873500,9186200
2024-11-25,18.1853027344,37.2316322327,9.3448381424,11.5862321854,31.2451705933,11.5220890045,19.5084571838,25.695936203,13.0584888458,9.16870498657,23.6018276215,5.70887088776,22.9196224213,129036,21.4699993134,41.6800003052,10.1400003433,13.6000003815,33.1100006104,12.5699996948,20.5599994659,30.0970878601,14.7363634109,9.53333282471,25.7800006866,8.15999984741,24.2000007629,129036,0,0,0,0,0,0,0,0,0,0,0,0,0,0,21.6800003052,42.3100013733,10.1899995804,13.75,33.4500007629,12.7600002289,20.7900009155,30.1941738129,14.9545450211,9.53333282471,26.0400009155,8.38000011444,24.5400009155,129495,21.1100006104,40.8199996948,9.97000026703,13.5399999619,32.8699989319,12.3900003433,20.2700004578,29.9823474884,14.6090898514,8.95238018036,25.3299999237,8.01000022888,23.8799991608,128932,21.1200008392,40.8499984741,10.0399999619,13.6700000763,33.2299995422,12.4499998093,20.3199996948,30.0882606506,14.7181806564,8.98095226288,25.3299999237,8.30000019073,23.8999996185,129125,0,0,0,0,0,0,0,0,0,0,0,0,0,0,5134900,1556400,85622700,39191600,6335200,3447100,2094000,27017291,10928720,23452485,2611300,1455500,3429100,14411200
2024-11-26,18.4055290222,37.9283828735,9.38169956207,11.6629047394,31.9151821136,11.5770874023,20.0113544464,26.1857452393,13.7110090256,9.74575710297,23.9131031036,5.96772956848,23.5068187714,129922,21.7299995422,42.4599990845,10.1800003052,13.6899995804,33.8199996948,12.6300001144,21.0900001526,30.6707859039,15.4727268219,10.1333332062,26.1200008392,8.52999973297,24.8199996948,129922,0,0,0,0,0,0,0,0,0,0,0,0,0,0,22,43.2700004578,10.25,13.8599996567,34.0699996948,12.7299995422,21.2399997711,31.0326557159,15.5636358261,10.2285709381,26.3799991608,8.68000030518,25,130361,21.2099990845,41.4500007629,10.029999733,13.5600004196,33.0499992371,12.3400001526,20.5499992371,30.158870697,14.8636360168,9.45714187622,25.5200004578,8.07999992371,24.0499992371,129042,21.6000003815,41.5999984741,10.1899995804,13.6199998856,33.3400001526,12.6899995804,20.75,30.1853485107,14.9181814194,9.47618961334,26.0100002289,8.18000030518,24.4200000763,129043,0,0,0,0,0,0,0,0,0,0,0,0,0,0,5255200,1907300,52418300,26857200,5728700,7231300,2891300,30264922,19705950,38195010,2865400,2042600,2540900,9745200
2024-11-27,17.8210964203,35.1949691772,8.9946346283,11.3476886749,30.2448711395,10.944609642,19.1573810577,25.5452270508,13.0020961761,8.82980251312,22.7504062653,5.5479593277,22.3703098297,127669,21.0400009155,39.4000015259,9.76000022888,13.3199996948,32.0499992371,11.9399995804,20.1900005341,29.9205646515,14.6727266312,9.18095207214,24.8500003815,7.92999982834,23.6200008392,127669,0,0,0,0,0,0,0,0,0,0,0,0,0,0,21.8899993896,43.0999984741,10.1899995804,13.7299995422,33.9399986267,12.8299999237,21.2600002289,30.7590465546,15.536362648,10.2380952835,26.2000007629,8.57999992371,24.9500007629,130283,20.9599990845,39.0099983215,9.76000022888,13.1599998474,32.0499992371,11.8299999237,20.1900005341,29.7616939545,14.5454540253,9.18095207214,24.8500003815,7.92000007629,23.5300006866,127669,21.8700008392,42.4700012207,10.1300001144,13.6899995804,33.9199981689,12.6599998474,21.2099990845,30.6090011597,15.4363632202,10.1523799896,26.2000007629,8.57999992371,24.9500007629,129923,0,0,0,0,0,0,0,0,0,0,0,0,0,0,6962300,2226900,57603000,68995600,12600100,5633000,4062400,26816070,20106240,41498730,4396900,2216700,3145100,12318800
2024-11-28,16.8300952911,31.8541259766,8.43247127533,10.8706092834,29.1596431732,9.51466083527,18.3318767548,24.6259021759,11.6809425354,8.23443126678,21.7708110809,4.73640394211,21.0254383087,124610,19.8700008392,35.6599998474,9.14999961853,12.7600002289,30.8999996185,10.3800001144,19.3199996948,28.8437767029,13.1818180084,8.56190395355,23.7800006866,6.76999998093,22.2000007629,124610,0,0,0,0,0,0,0,0,0,0,0,0,0,0,21.0100002289,39.1800003052,9.81999969482,13.3299999237,31.8400001526,11.9099998474,20.1100006104,29.8587818146,14.5909090042,9.32380867004,24.8600006104,7.94000005722,23.3799991608,127668,19.8700008392,35.2799987793,9.14999961853,12.75,30.5100002289,10.1199998856,19.2999992371,28.7996463776,13.1272716522,8.43809509277,23.5400009155,6.67000007629,21.8600006104,124390,20.9300003052,39.0999984741,9.77000045776,13.3000001907,31.8099994659,11.8500003815,20,29.8058242798,14.5636358261,9.17142772675,24.8600006104,7.88999986649,23.3299999237,127667,0,0,0,0,0,0,0,0,0,0,0,0,0,0,10150100,3653300,65340600,57956800,14859900,11251800,5428400,44303925,24935240,32984280,8739100,2008900,6817800,12833100
2024-11-29,16.6776275635,32.7741928101,8.53384494781,10.7598609924,28.5745639801,9.68882083893,18.1705741882,24.565618515,12.132068634,8.27107048035,21.7799663544,4.87632703781,21.7168159485,125668,19.6900005341,36.6899986267,9.26000022888,12.6300001144,30.2800006866,10.5699996948,19.1499996185,28.7731685638,13.6909093857,8.60000038147,23.7900009155,6.96999979019,22.9300003052,125668,0,0,0,0,0,0,0,0,0,0,0,0,0,0,19.7900009155,36.8499984741,9.34000015259,12.8400001526,30.9400005341,10.5799999237,19.2000007629,29.0644302368,13.6999998093,8.78095245361,23.9099998474,7.11000013351,23.0300006866,126056,18.9400005341,34.5200004578,8.98999977112,12.3199996948,29.7399997711,9.81999969482,18.5100002289,28.4024715424,12.9909086227,8.28571414948,22.6499996185,6.61999988556,21.7600002289,123946,19.2800006866,35.6599998474,9.19999980927,12.779999733,30.8299999237,10.3999996185,19.1399993896,28.9143867493,13.2727270126,8.57142829895,23.1499996185,6.76999998093,22.1399993896,124611,0,0,0,0,0,0,0,0,0,0,0,0,0,0,12145900,4103200,81908200,96013500,25340100,14865400,7460700,41721478,30157930,40005840,9209200,2739800,6916100,16398000
2024-12-02,16.4743480682,32.9260559082,8.6352186203,10.5298376083,28.319770813,9.46882915497,17.7815437317,24.2170238495,12.0756778717,8.42678165436,21.4870014191,5.00925397873,21.3095664978,125236,19.4500007629,36.8600006104,9.36999988556,12.3599996567,30.0100002289,10.3299999237,18.7399997711,28.3495140076,13.6272716522,8.76190376282,23.4699993134,7.15999984741,22.5,125236,0,0,0,0,0,0,0,0.015578,0,0,0,0,0,0,19.6700000763,37.0499992371,9.42000007629,12.6400003433,30.4699993134,10.6599998474,19.1900005341,28.8172988892,13.8909091949,8.95238018036,23.6900005341,7.15999984741,22.8999996185,125901,19.3400001526,35.3800010681,9.14000034332,12.3000001907,29.8999996185,10.1499996185,18.6299991608,28.2436008453,13.3909091949,8.43809509277,23.2999992371,6.78000020981,22.1000003815,124734,19.5699996948,36.5200004578,9.19999980927,12.6000003815,30.0900001526,10.5799999237,19.1599998474,28.5878181458,13.6090898514,8.58095169067,23.6700000763,6.82999992371,22.4599990845,125668,0,0,0,0,0,0,0,0,0,0,0,0,0,0,4099200,1550800,78340300,65638300,12401700,4018600,2771800,25024231,19878870,25693500,4039900,1927400,4629400,11517200
2024-12-03,16.355764389,32.8188667297,8.7181596756,10.4948034286,28.3763885498,9.54216003418,17.7246112823,24.4884548187,12.4059667587,8.52753639221,21.2215061188,4.92530059814,21.4895133972,126139,19.3099994659,36.7400016785,9.46000003815,12.3000001907,30.0699996948,10.4099998474,18.6800003052,28.6672554016,14,8.86666584015,23.1800003052,7.03999996185,22.6900005341,126139,0,0,0,0.018942,0,0,0,0,0,0,0,0,0,0,19.6900005341,37.7999992371,9.48999977112,12.470000267,30.6399993896,10.6199998856,19.0400009155,28.7025585175,14.0272722244,8.96190357208,23.7199993134,7.30000019073,22.8400001526,126417,19.2399997711,36.5099983215,9.31000041962,12.2399997711,30,10.0900001526,18.6000003815,28.4024715424,13.5909090042,8.72380924225,23.1399993896,6.98000001907,22.0799999237,125233,19.4300003052,36.8499984741,9.39999961853,12.4200000763,30,10.3500003815,18.7399997711,28.4289493561,13.6363630295,8.8380947113,23.5,7.21000003815,22.4400005341,125235,0,0,0,0,0,0,0,0,0,0,0,0,0,0,5437200,1047700,39449100,34013800,12176400,4554800,3420800,23357474,27172970,24875130,4268700,1609800,2872800,9990000
2024-12-04,16.3134155273,31.3449630737,8.81953430176,10.6142606735,28.989780426,9.36799907684,17.4399547577,24.6392402649,12.6154174805,8.46341991425,20.9376964569,4.88332366943,21.5558109283,126087,19.2600002289,35.0900001526,9.56999969482,12.4399995804,30.7199993134,10.220000267,18.3799991608,28.8437767029,14.2363634109,8.80000019073,22.8700008392,6.98000001907,22.7600002289,126087,0,0,0,0,0,0,0,0,0,0,0,0,0,0,19.4899997711,36.9900016785,9.64000034332,12.5100002289,30.7399997711,10.6099996567,18.7299995422,28.9938201904,14.4363632202,9.04761886597,23.2600002289,7.11999988556,23.0799999237,126720,19.1599998474,35.0400009155,9.39999961853,12.2700004578,29.9200000763,10.0799999237,18.2999992371,28.561340332,13.9545450211,8.80000019073,22.8700008392,6.96999979019,22.5900001526,125828,19.3400001526,36.7799987793,9.40999984741,12.279999733,30.1000003815,10.3900003433,18.5900001526,28.6054725647,13.9545450211,8.89523792267,23.1599998474,7.07000017166,22.6499996185,126139,0,0,0,0,0,0,0,0,0,0,0,0,0,0,4638600,2725700,35039100,33476400,11864800,5572900,4147300,25113058,25374580,23444820,3531000,564500,2308800,9388600
2024-12-05,16.601398468,31.6218757629,9.01306819916,10.759308815,29.2540130615,9.40466499329,18.0567131042,25.1670093536,12.85709095,8.41762256622,21.6975688934,5.0582280159,22.0482978821,127858,19.6000003815,35.4000015259,9.77999973297,12.6099996567,31,10.2600002289,19.0300006866,29.461605072,14.5090904236,8.75238037109,23.7000007629,7.23000001907,23.2800006866,127858,0,0,0,0,0,0,0,0,0,0,0,0,0,0,19.75,36.7799987793,9.85000038147,12.8000001907,31.5200004578,10.7299995422,19.2199993134,29.5675182343,14.8727273941,9.20952320099,23.7299995422,7.42000007629,23.8099994659,127989,19.5200004578,35.3100013733,9.67000007629,12.5500001907,30.9400005341,10.1400003433,18.5499992371,28.9496917725,14.3818178177,8.75238037109,23.0499992371,7.11999988556,22.75,126087,19.5699996948,35.6100006104,9.71000003815,12.6099996567,31.0100002289,10.5,18.5499992371,29.1085605621,14.4818181992,8.95238018036,23.1900005341,7.17000007629,22.8600006104,126088,0,0,0,0,0,0,0,0,0,0,0,0,0,0,4611900,2721800,54294600,32611400,10605100,7256000,4134100,36947243,14998720,27113625,3977800,802000,3076900,9530800
2024-12-06,16.3981151581,30.362361908,9.15130519867,10.5118722916,28.8859767914,9.22133922577,17.8764286041,24.6543197632,12.5912504196,7.82225227356,21.2581233978,4.72241210938,21.5179252625,125946,19.3600006104,33.9900016785,9.93000030518,12.3199996948,30.6100006104,10.0600004196,18.8400001526,28.8614292145,14.2090902328,8.13333320618,23.2199993134,6.75,22.7199993134,125946,0,0,0,0,0,0,0,0,0,0,0,0,0,0,19.6900005341,35.5699996948,10.1999998093,12.6199998856,31.7600002289,10.4899997711,19.1299991608,29.4704322815,14.6181812286,8.89523792267,23.75,7.30999994278,23.5400009155,127872,19.1800003052,33.0400009155,9.80000019073,12.279999733,30.4099998474,9.97000026703,18.7600002289,28.8437767029,13.9727268219,8.07618999481,23.2000007629,6.75,22.4599990845,125833,19.5,35.4000015259,9.89000034332,12.6099996567,31.6299991608,10.2899999619,19,29.3733444214,14.4818181992,8.75238037109,23.5699996948,7.19000005722,23.2199993134,127856,0,0,0,0,0,0,0,0,0,0,0,0,0,0,3881600,2726700,128262700,26301100,18551200,4977300,2497600,24236456,15651130,35404530,3429300,1438800,2461000,11223300
2024-12-09,16.3896465302,29.6764621735,9.21581554413,10.4436092377,28.6594944,9.34049987793,17.8479614258,24.7749557495,12.3979110718,7.74897575378,21.3130588531,4.77138471603,21.1201477051,127210,19.3500003815,32.6599998474,10,12.2399997711,30.3700008392,10.1899995804,18.8099994659,29.0026473999,13.9909086227,8.05714225769,23.2800006866,6.82000017166,22.2999992371,127210,0,0.575146,0,0,0,0,0,0,0,0,0,0,0,0,19.4699993134,34.3800010681,10.1099996567,12.4899997711,31.0900001526,10.529999733,19.0200004578,29.2409534454,14.3909091949,8.48571395874,23.5599994659,7.01999998093,23.0200004578,127542,19.1299991608,32.4599990845,9.89999961853,12.1800003052,30.2199993134,10.0699996948,18.75,28.9055595398,13.927271843,8.01904678345,23.1200008392,6.67000007629,22.1599998474,125946,19.2999992371,34.3800010681,9.92000007629,12.3500003815,30.6399993896,10.1700000763,18.8600006104,28.9055595398,14.2727270126,8.19999980927,23.25,6.76999998093,22.75,125946,0,0,0,0,0,0,0,0,0,0,0,0,0,0,4690400,2651300,61349800,34547600,7033300,2896800,2017800,18324009,11841830,32123490,5996000,1062900,2461500,9367300
2024-12-10,16.5844573975,30.803188324,9.36326885223,10.6483917236,29.1030216217,9.86298179626,18.0851726532,25.1102828979,12.4784698486,7.98712301254,21.1940383911,4.92530059814,21.4989852905,128228,19.5799999237,33.9000015259,10.1599998474,12.4799995422,30.8400001526,10.7600002289,19.0599994659,29.1173877716,14.081817627,8.30476093292,23.1499996185,7.03999996185,22.7000007629,128228,0,0,0,0,0,0,0,0.274104,0,0,0,0,0,0,19.7099990845,34.1500015259,10.1599998474,12.5699996948,30.9899997711,10.7899999619,19.2099990845,29.2762565613,14.2636356354,8.36190414429,23.6599998474,7.09000015259,22.9799995422,128511,19.4099998474,32.7200012207,9.97000026703,12.1800003052,30.3999996185,10.3199996948,18.8999996185,28.8614292145,13.927271843,7.93333292007,23.1299991608,6.82999992371,22.3700008392,127213,19.4899997711,32.9399986267,10.1000003815,12.3000001907,30.8600006104,10.3599996567,19,28.8967342377,14.2454538345,8.26666641235,23.5900001526,6.86999988556,22.5,127213,0,0,0,0,0,0,0,0,0,0,0,0,0,0,3943800,4487900,73907300,32732400,8240800,3728900,1916900,21447916,27532120,29508150,5774600,943000,2674400,9141300
2024-12-11,16.9317340851,30.8758792877,9.57523155212,10.836101532,29.6597938538,9.9913110733,18.4077854156,25.3538532257,12.8168144226,8.43594074249,21.6151752472,5.10720157623,21.7452278137,129593,19.9899997711,33.9799995422,10.3900003433,12.6999998093,31.4300003052,10.8999996185,19.3999996185,29.3998222351,14.4636363983,8.77142810822,23.6100006104,7.30000019073,22.9599990845,129593,0,0,0,0,0,0,0,0,0,0,0,0,0,0,20.3799991608,34.9799995422,10.6199998856,12.8800001144,31.9899997711,11.25,19.7999992371,29.7881717682,14.7818183899,9.07618999481,23.9799995422,7.5,23.5400009155,130899,19.4400005341,32.9500007629,10.0399999619,12.3299999237,30.3299999237,10.5900001526,18.8500003815,28.8172988892,13.9909086227,8.28571414948,23,6.94000005722,22.3999996185,127362,19.7000007629,33.9099998474,10.1499996185,12.5399999619,30.9500007629,10.8500003815,19.1399993896,29.1438655853,14.2363634109,8.38095188141,23.1800003052,7.03999996185,22.7700004578,128228,0,0,0,0,0,0,0,0,0,0,0,0,0,0,5672200,3335800,90179100,45892900,10262200,4552800,2867400,35985666,19000080,39928770,5369700,879100,2602900,13170900
2024-12-12,16.3811740875,29.104013443,9.47385787964,10.4606771469,29.0180931091,9.39549827576,17.8289871216,24.7220973969,12.1224012375,7.67569875717,20.7912139893,4.74340057373,20.7129001617,126042,19.3400001526,32.0299987793,10.279999733,12.2600002289,30.75,10.25,18.7900009155,28.6672554016,13.6800003052,7.98095178604,22.7099990845,6.78000020981,21.8700008392,126042,0,0,0,0,0,0,0,0,0,0,0,0,0,0,19.7700004578,33.8800010681,10.3500003815,12.6000003815,31.2000007629,10.8599996567,19.2800006866,29.2850837708,14.2399997711,8.51428508759,23.5599994659,7.19999980927,22.8999996185,129587,19.2999992371,31.8600006104,10.1000003815,12.1999998093,30.3999996185,10.0699996948,18.7900009155,28.5701675415,13.4399995804,7.91428518295,22.4799995422,6.73000001907,21.7600002289,125829,19.6800003052,33.8800010681,10.2600002289,12.6000003815,31.0400009155,10.8500003815,19.1900005341,29.1262130737,14.1499996185,8.47618961334,23.4400005341,7.19999980927,22.8999996185,129587,0,0,0,0,0,0,0,0,1.1,0,0,0,0,0,9763500,2314200,97737700,48022200,12381400,3814300,3623600,27479555,16869700,40498290,7171900,893500,3105000,13453200
2024-12-13,16.1440105438,28.1408481598,9.4185628891,10.3241586685,28.4801959991,9.08384227753,17.4494419098,24.4024105072,12.1046800613,7.51082706451,20.5989589691,4.54750776291,20.2772350311,124612,19.0599994659,30.9699993134,10.220000267,12.1000003815,30.1800003052,9.90999984741,18.3899993896,28.2965564728,13.6599998474,7.80952310562,22.5,6.5,21.4099998474,124612,0,0,0,0,0,0,0,0,0,0,0,0,0,0,19.4599990845,32.3800010681,10.470000267,12.3699998856,30.7999992371,10.5,18.9899997711,28.7996463776,14.1099996567,8.19047641754,22.8600006104,6.86999988556,22.0599994659,126290,19,30.6599998474,10.1700000763,12.0900001526,30.1800003052,9.84000015259,18.3600006104,28.2877311707,13.5900001526,7.80000019073,22.4200000763,6.48000001907,21.3899993896,124578,19.4099998474,32.3400001526,10.25,12.3000001907,30.6700000763,10.2600002289,18.9899997711,28.7113857269,13.7399997711,7.99047613144,22.4899997711,6.76000022888,22.0100002289,126102,0,0,0,0,0,0,0,0,0,0,0,0,0,0,7477000,3657200,149204900,24692500,4898200,4484000,3558600,27998356,16631600,25468380,3945600,921400,2173500,11762700
2024-12-16,15.9068527222,27.7137832642,9.32640552521,10.153512001,27.2534141541,9.04717731476,17.240694046,24.1360149384,11.7502231598,7.10780763626,20.1778259277,4.65944623947,19.898399353,123560,18.7800006866,30.5,10.1199998856,11.8999996185,28.8799991608,9.86999988556,18.1700000763,27.9876422882,13.2600002289,7.39047622681,22.0400009155,6.65999984741,21.0100002289,123560,0,0,0,0,0,0,0,0,0,0,0,0,0,0,19.1000003815,31.1499996185,10.5,12.1400003433,30.3600006104,10.0600004196,18.5,28.3406887054,13.7100000381,7.87619018555,22.5799999237,6.75,21.6100006104,124956,18.7000007629,30.1100006104,10.1000003815,11.8199996948,28.8600006104,9.72000026703,18.0799999237,27.9876422882,13.2100000381,7.35237979889,21.9500007629,6.44999980927,20.9899997711,123495,19.0699996948,30.9200000763,10.2899999619,12.1300001144,30.3299999237,9.92000007629,18.2999992371,28.2524261475,13.6899995804,7.85714197159,22.4400005341,6.48000001907,21.3199996948,124610,0,0,0,0,0,0,0,0,0,0,0,0,0,0,3550100,2873100,89670800,52741800,17574800,2711300,1990700,37414605,11913700,25782015,4458500,1123500,2649700,11071100
2024-12-17,15.9237909317,28.0863285065,9.32640552521,10.2303028107,27.574262619,9.18467330933,17.3355808258,24.265411377,11.847697258,6.84218025208,20.3059959412,4.58248901367,20.1730556488,124698,18.7999992371,30.9099998474,10.1199998856,11.9899997711,29.2199993134,10.0200004578,18.2700004578,28.1376876831,13.3699998856,7.11428499222,22.1800003052,6.55000019073,21.2999992371,124698,0,0,0,0,0,0,0,0,0,0,0,0,0,0,19.0200004578,31.1599998474,10.2899999619,12.0900001526,29.5100002289,10.1499996185,18.4599990845,28.4024715424,13.6199998856,7.4952378273,22.3299999237,6.80000019073,21.5699996948,125301,18.6499996185,29.8999996185,10,11.6300001144,28.8999996185,9.61999988556,18.0100002289,27.8905563354,13.1099996567,7.07618999481,21.9500007629,6.44000005722,20.9599990845,123560,18.8999996185,30.7600002289,10.1199998856,11.970000267,28.9799995422,10,18.2700004578,28.0670776367,13.3400001526,7.47619009018,22.1100006104,6.63999986649,21.1000003815,123560,0,0,0,0,0,0,0,0,0,0,0,0,0,0,5972500,1921500,67956300,66961700,11146800,6142100,3298300,45447689,21372000,41089230,5363800,995100,4008800,17561100
2024-12-18,15.3817052841,26.3508110046,9.08679389954,9.80368232727,26.0643806458,8.66219139099,16.7757568359,23.572763443,11.1653699875,6.15521526337,19.8207740784,4.18370723724,19.595331192,120772,18.1599998474,29,9.85999965668,11.4899997711,27.6200008392,9.44999980927,17.6800003052,27.3345108032,12.6000003815,6.40000009537,21.6499996185,5.98000001907,20.6900005341,120772,0,0,0,0,0,0,0,0,0,0,0,0,0,0,18.7900009155,30.9099998474,10.0600004196,11.9099998474,29.2199993134,10.029999733,18.2299995422,28.1023826599,13.1999998093,7,22.0900001526,6.59999990463,21.5900001526,124699,18.0900001526,28.6900005341,9.78999996185,11.3599996567,27.4500007629,9.25,17.6700000763,27.2462482452,12.5100002289,6.30476093292,21.5400009155,5.98000001907,20.4699993134,120457,18.7900009155,30.8500003815,10.0100002289,11.9099998474,29.1900005341,9.89999961853,18.1499996185,28.040599823,13.0200004578,6.90476083755,22.0499992371,6.44999980927,21.3600006104,124699,0,0,0,0,0,0,0,0,0,0,0,0,0,0,9100400,4361500,83174900,70432300,13988000,4674700,4617500,58162101,18297400,40113045,9714200,824000,5790800,19742800
2024-12-19,15.4664049149,26.9414310455,9.19738388062,9.81221866608,26.9231243134,8.836353302,16.7378025055,23.7021617889,11.5286884308,6.5307559967,19.8848609924,4.58248901367,20.116230011,121188,18.2600002289,29.6499996185,9.97999954224,11.5,28.5300006866,9.64000034332,17.6399993896,27.4845542908,13.0100002289,6.79047584534,21.7199993134,6.55000019073,21.2399997711,121188,0,0,0,0,0,0,0,0,0,0,0,0,0,0,18.4099998474,29.7199993134,10.1099996567,11.6300001144,28.7800006866,9.64000034332,17.8600006104,27.8375988007,13.1499996185,6.79047584534,21.9400005341,6.55000019073,21.3600006104,121770,17.9899997711,28.8099994659,9.80000019073,11.3699998856,27.5900001526,9.18000030518,17,27.2815532684,12.5900001526,6.40000009537,21.1599998474,5.94999980927,20.5900001526,120768,18.2299995422,29.0699996948,9.86999988556,11.5200004578,27.8899993896,9.5,17.5900001526,27.5286846161,12.6899995804,6.42857122421,21.7299995422,5.94999980927,20.7199993134,120768,0,0,0,0,0,0,0,0,0,0,0,0,0,0,5927400,3489800,58258000,39732600,14659800,7579400,6406600,53287369,15959500,39780615,5340100,1210400,3272000,13682900
2024-12-20,15.9661436081,28.1681060791,9.46464347839,10.0340595245,27.4031524658,8.93718147278,17.3355808258,23.9761714935,11.9008684158,6.68646764755,20.5074062347,4.61746931076,20.1635856628,122102,18.8500003815,31,10.2700004578,11.7600002289,28.7299995422,9.75,18.2700004578,27.8022937775,13.4300003052,6.95238018036,22.3999996185,6.59999990463,21.2900009155,122102,0,0,0,0,0.303269,0,0,0,0,0,0,0,0,0,19.0400009155,31.3500003815,10.3599996567,11.8999996185,29.3099994659,9.97000026703,18.3700008392,27.8199462891,13.6400003433,7.22857093811,22.6399993896,6.75,21.6900005341,122209,18.1000003815,29.2999992371,9.93999958038,11.4799995422,28.0599994659,9.36999988556,17.6100006104,27.4139442444,12.8599996567,6.6476187706,21.6900005341,6.36999988556,20.7199993134,120700,18.1000003815,29.6900005341,9.97999954224,11.5699996948,28.2700004578,9.60000038147,17.6399993896,27.4139442444,12.970000267,6.77142810822,21.7199993134,6.5,21.2600002289,121183,0,0,0,0,0,0,0,0,0,0,0,0,0,0,5339600,3665800,63902800,63007200,12814100,5127000,3973900,60210112,17073300,39482100,6724400,982000,3424600,18128200
2024-12-23,15.7019748688,26.6597518921,9.45542812347,9.85487747192,26.6305618286,8.40553379059,16.5954723358,23.5118770599,11.1919555664,6.39336299896,19.7721576691,4.33062696457,18.9039535522,120767,18.4200000763,29.3400001526,10.2600002289,11.5500001907,27.9200000763,9.17000007629,17.4899997711,27.2639007568,12.6300001144,6.6476187706,21.3700008392,6.19000005722,19.9599990845,120767,0.12011,0,0,0,0,0,0,0,0,0,0.235329,0,0,0,18.6900005341,30.5599994659,10.3599996567,11.75,28.6399993896,9.72999954224,18.1200008392,27.6345977783,13.3000001907,6.92380905151,22.2700004578,6.61000013351,21.2000007629,122105,18.3299999237,29.3199996948,10.1400003433,11.4600000381,27.8099994659,9.17000007629,17.4899997711,27.140335083,12.5500001907,6.60952281952,21.3600006104,6.19000005722,19.9599990845,120617,18.4899997711,30.1200008392,10.1599998474,11.6999998093,28.3099994659,9.64999961853,18.1000003815,27.4757270813,13.2100000381,6.85714197159,21.8999996185,6.59999990463,21.0900001526,122105,0,0,0,0,0,0,0,0,0,0,0,0,0,0,3590900,1580200,37011700,28062600,8195800,2696000,3760900,31425454,26304600,22584240,6346900,722600,3922300,9953300
2024-12-26,15.5400133133,26.1963386536,9.51993656158,9.93166923523,26.5351772308,8.06637954712,16.5290546417,23.6640987396,11.1476478577,5.98118305206,19.4575767517,4.37260341644,18.2125740051,121078,18.2299995422,28.8299999237,10.3299999237,11.6400003433,27.8199996948,8.80000019073,17.4200000763,27.4404220581,12.5799999237,6.21904706955,21.0300006866,6.25,19.2299995422,121078,0,0,0,0,0,0,0,0,0,0,0,0,0,0,18.4400005341,29.3999996185,10.3999996185,11.75,28.0799999237,9.31000041962,17.5699996948,27.5639896393,12.720000267,6.74285697937,21.3899993896,6.26999998093,20.0799999237,121612,18.1200008392,28.5400009155,10.1599998474,11.529999733,27.5799999237,8.80000019073,17.2199993134,27.1756381989,12.4600000381,6.20952320099,21.0300006866,6.01000022888,19.1700000763,120428,18.3400001526,29.2900009155,10.1899995804,11.5699996948,27.9300003052,9.22999954224,17.4899997711,27.2285957336,12.6599998474,6.6952381134,21.3700008392,6.09000015259,19.9799995422,120767,0,0,0,0,0,0,0,0,0,0,0,0,0,0,3158900,2312500,30737700,17715100,4578900,3632900,2529800,23278278,10452800,30030000,4122200,661300,5257000,8338500
2024-12-27,15.4888677597,26.4780197144,9.54758453369,9.85487747192,26.3062648773,7.76389074326,16.5480308533,23.4281406403,10.9775238037,5.96286439896,19.6056137085,4.30264139175,18.250459671,120269,18.1700000763,29.1399993896,10.3599996567,11.5500001907,27.5799999237,8.47000026703,17.4400005341,27.1668128967,12.220000267,6.19999980927,21.1900005341,6.15000009537,19.2700004578,120269,0,0,0,0,0,0,0,0,0.170621,0,0,0,0,0,18.4400005341,30.0400009155,10.5,11.7299995422,28.1800003052,8.93000030518,17.6399993896,27.5639896393,12.6599998474,6.40952301025,21.3899993896,6.30999994278,19.7900009155,121609,18.1200008392,28.9400005341,10.3400001526,11.529999733,27.3999996185,8.26000022888,17.3799991608,27.1668128967,12.1899995804,5.98095178604,21.0900001526,6.05000019073,19.1700000763,120252,18.4400005341,29.2900009155,10.3999996185,11.6999998093,28.1000003815,8.89999961853,17.5200004578,27.4933795929,12.6199998856,6.342856884,21.3899993896,6.25,19.3999996185,121078,0,0,0,0,0,0,0,0,0,0,0,0,0,0,2930000,1625000,44639700,19364200,5850500,4956800,2123100,15418543,9296500,33883500,3556000,831800,2328800,8937000
2024-12-30,15.4377250671,26.8778247833,9.51072216034,9.86341190338,25.9438152313,7.37890434265,16.3867282867,23.390089035,10.8876895905,5.95370435715,19.5038375854,4.33062696457,18.2315158844,120283,18.1100006104,29.5799999237,10.3199996948,11.5600004196,27.2000007629,8.05000019073,17.2700004578,27.1226825714,12.1199998856,6.1904759407,21.0799999237,6.19000005722,19.25,120283,0,0,0,0,0,0,0,0,0,0,0,0,0,0,18.3199996948,29.8299999237,10.3999996185,11.6899995804,27.8500003815,8.57999992371,17.5400009155,27.4227714539,12.4200000763,6.46666622162,21.4200000763,6.26000022888,19.4300003052,121050,17.9200000763,28.9400005341,10.220000267,11.5399999619,27.2000007629,7.98000001907,17.2000007629,27.1226825714,11.970000267,6.10476112366,21,5.92999982834,18.8999996185,120158,18.1299991608,28.9400005341,10.3500003815,11.6700000763,27.7099990845,8.52000045776,17.3700008392,27.2462482452,12.3400001526,6.22857093811,21.2000007629,6.15999984741,19.2800006866,120267,0,0,0,0,0,0,0,0,0,0,0,0,0,0,5202900,1257400,38408700,24874700,13941600,5347400,1972000,32151480,8941000,25178895,2387100,1073600,1769100,8895300
2025-01-02,15.4462461472,26.4780197144,9.45882320404,9.98025798798,25.8484344482,7.15356302261,16.3487682343,23.2816791534,10.7798938751,5.88958740234,19.371049881,3.96682596207,17.5685520172,120125,18.1200008392,29.1399993896,10.1999998093,11.3999996185,27.1000003815,7.46999979019,17.2299995422,26.981464386,12,6.12380886078,20.5300006866,5.67000007629,18.5499992371,120125,0,0,0.064034,0.293469,0,0.344691,0,0.015578,0,0,0.409267,0,0,0,18.2000007629,29.4500007629,10.3299999237,11.5,27.4799995422,7.94000005722,17.3799991608,27.2285957336,12.2399997711,6.25714206696,20.7099990845,6.17999982834,19.1700000763,120782,17.7999992371,28.1900005341,10.1499996185,11.1300001144,26.7199993134,7.32000017166,17.0300006866,26.690202713,11.8000001907,5.95238018036,20.2299995422,5.67000007629,18.4799995422,119120,18.0400009155,29.4500007629,10.3199996948,11.3100004196,27.4500007629,7.90999984741,17.2600002289,27.0520744324,12.1400003433,6.1904759407,20.6700000763,6.13999986649,19.1100006104,120283,0,0,0,0,0,0,0,0,0,0,0,0,0,0,7506300,2199700,29510200,31243900,6061600,7282600,1786800,29053972,12393100,29886990,3677600,1922200,2802800,9373600
2025-01-03,15.2416629791,26.241771698,9.36608791351,9.82148265839,25.4859809875,7.12483358383,16.1969547272,22.7104873657,10.9146413803,5.73387527466,19.1351642609,4.07876443863,17.1423625946,118533,17.8799991608,28.8799991608,10.1000003815,11.1999998093,26.7199993134,7.44000005722,17.0699996948,26.3195056915,12.1499996185,5.96190404892,20.2800006866,5.82999992371,18.1000003815,118533,0,0,0,0.018942,0,0,0,0,0,0,0,0,0,0,18.25,29.9200000763,10.279999733,11.4399995804,27.3400001526,7.59000015259,17.3600006104,27.0255947113,12.3100004196,6.24761915207,20.6000003815,5.84999990463,18.7299995422,120356,17.7800006866,28.7600002289,10.0399999619,11.1300001144,26.6800003052,7.38000011444,17.0699996948,26.3195056915,11.9899997711,5.85714197159,20.1599998474,5.57999992371,18.0699996948,118404,18.1000003815,29.1499996185,10.1599998474,11.3999996185,27,7.46999979019,17.2399997711,26.9991168976,12.1499996185,6.12380886078,20.5599994659,5.65999984741,18.5,120125,0,0,0,0,0,0,0,0,0,0,0,0,0,0,6080100,1559300,42817300,27722400,6595900,5051000,1980200,40039200,11475100,21285600,6838700,1587100,2999700,9804400
2025-01-06,15.4462461472,27.7592144012,9.62574386597,10.0144071579,26.4243831635,7.4600071907,16.472120285,23.7310142517,11.2560033798,6.09109783173,19.7484703064,4.11374568939,17.8242683411,120022,18.1200008392,30.5499992371,10.3800001144,11.4200000763,27.5499992371,7.78999996185,17.3600006104,27.5022068024,12.529999733,6.33333301544,20.9300003052,5.88000011444,18.8199996948,120022,0,0,0,0,0.148376,0,0,0,0,0,0,0,0,0,18.4699993134,30.5499992371,10.4399995804,11.5799999237,27.5499992371,7.78999996185,17.4500007629,27.5816402435,12.6400003433,6.37142801285,21,5.96999979019,18.9500007629,120322,17.9200000763,29.0799999237,10.1599998474,11.279999733,26.9099998474,7.53000020981,17.2099990845,26.5754623413,12.25,6.06666612625,20.4400005341,5.75,18.2199993134,118534,18.4699993134,29.7099990845,10.25,11.3400001526,27,7.61999988556,17.3099994659,26.6637248993,12.3699998856,6.10476112366,20.5100002289,5.94999980927,18.2700004578,118534,0,0,0,0,0,0,0,0,0,0,0,0,0,0,3643600,1856700,39587600,30587800,8885500,5081300,1378900,35104078,14582200,32892720,5069000,1714100,4748900,9685600
2025-01-07,15.4632930756,28.4588756561,9.56083011627,10.1547145844,26.8943653107,7.71857023239,16.4626331329,23.9899501801,11.7410993576,6.0453004837,19.6729850769,4.12773799896,17.9568595886,121163,18.1399993896,31.3199996948,10.3100004196,11.5799999237,28.0400009155,8.06000041962,17.3500003815,27.8022937775,13.0699996948,6.28571414948,20.8500003815,5.90000009537,18.9599990845,121163,0,0,0,0,0,0,0,0,0,0,0,0,0,0,18.4099998474,31.6399993896,10.5600004196,11.6999998093,28.7299995422,8.22999954224,17.6399993896,28.1200351715,13.1499996185,6.48571395874,21.25,6.09000015259,19.1399993896,121713,17.9799995422,30.5499992371,10.279999733,11.4600000381,27.7800006866,7.86999988556,17.1000003815,27.5728149414,12.5900001526,6.22857093811,20.6800003052,5.86000013351,18.5200004578,120022,18.1399993896,30.5799999237,10.4200000763,11.529999733,28.1000003815,7.92999982834,17.5900001526,27.6434230804,12.6000003815,6.40000009537,21.0499992371,6,19.1399993896,120022,0,0,0,0,0,0,0,0,0,0,0,0,0,0,5884900,2623200,60452900,31934700,8694000,5991200,2810400,28624338,26326600,22956255,5394900,1561900,3728800,11116400
2025-01-08,15.0626459122,27.8500785828,9.55155658722,9.99686908722,26.7792682648,7.37381982803,16.1590023041,23.6015415192,11.5614337921,5.65143966675,19.2955646515,3.98081827164,17.9095077515,119625,17.6700000763,30.6499996185,10.3000001907,11.3999996185,27.9200000763,7.69999980927,17.0300006866,27.3521614075,12.8699998856,5.87619018555,20.4500007629,5.69000005722,18.9099998474,119625,0,0,0,0,0,0,0,0,0,0,0,0,0,0,18.1200008392,31.0100002289,10.3599996567,11.5600004196,28.1299991608,8.10000038147,17.3199996948,27.722858429,13.0100002289,6.17142820358,20.8500003815,5.92000007629,18.9099998474,121160,17.6200008392,30.1299991608,10.2100000381,11.3199996948,27.6599998474,7.63999986649,17.0100002289,27.2374229431,12.6099996567,5.78095197678,20.4200000763,5.65999984741,18.4899997711,119351,18.1200008392,31.0100002289,10.2299995422,11.5,27.8400001526,7.94999980927,17.3199996948,27.5551624298,13.0100002289,6.15237998962,20.8500003815,5.88000011444,18.8299999237,121160,0,0,0,0,0,0,0,0,0,0,0,0,0,0,4415400,1000400,38515300,35250500,8663100,5756000,2528800,21783171,20822400,27441855,3254100,726000,3805700,10230700
2025-01-09,15.1308450699,27.8955135345,9.45882320404,9.92671585083,27.4314861298,7.37381982803,16.1684913635,23.6624622345,11.6782169342,5.5048866272,19.3427429199,3.96682596207,17.9663314819,119781,17.75,30.7000007629,10.1999998093,11.3199996948,28.6000003815,7.69999980927,17.0400009155,27.4227714539,13,5.72380876541,20.5,5.67000007629,18.9699993134,119781,0,0,0,0,0,0,0,0,0,0,0,0,0,0,17.8600006104,31.1900005341,10.3000001907,11.4200000763,28.6599998474,7.78999996185,17.2000007629,27.5110321045,13.0399999619,5.87619018555,20.6000003815,5.78999996185,19.0599994659,120145,17.5799999237,30.3099994659,9.93999958038,11.279999733,27.8700008392,7.59999990463,16.9400005341,27.2903785706,12.75,5.61904716492,20.2700004578,5.57999992371,18.6599998474,119502,17.6700000763,30.5,10.2100000381,11.3999996185,27.8999996185,7.67000007629,17.0300006866,27.3698139191,12.7899999619,5.83809518814,20.3500003815,5.67000007629,18.9500007629,119625,0,0,0,0,0,0,0,0,0,0,0,0,0,0,2716100,777000,54212100,18386900,6302600,2780600,1826000,11465733,8370800,25137630,2080400,558000,1488900,6611500
2025-01-10,14.8580598831,27.3594112396,9.08788871765,9.80394554138,26.5970306396,7.39297246933,15.9407625198,23.3349895477,11.5344839096,5.52320623398,19.0974197388,3.99481105804,17.5211982727,118856,17.4300003052,30.1100006104,9.80000019073,11.1800003052,27.7299995422,7.71999979019,16.7999992371,27.0432472229,12.8400001526,5.74285697937,20.2399997711,5.71000003815,18.5,118856,0,0,0,0,0,0,0,0,0,0,0,0,0,0,17.7999992371,30.6000003815,10.1899995804,11.3299999237,28.75,7.88999986649,17.1900005341,27.4845542908,13.0699996948,5.8476190567,20.5100002289,5.78999996185,19.1499996185,120052,17.4099998474,29.8099994659,9.80000019073,11.0699996948,27.5699996948,7.63000011444,16.7700004578,26.9638118744,12.6300001144,5.61904716492,20.1100006104,5.55999994278,18,118732,17.75,30.6000003815,10.1599998474,11.3199996948,28.6000003815,7.73999977112,17.0400009155,27.4139442444,12.9399995804,5.73333311081,20.4599990845,5.78999996185,19.1499996185,119781,0,0,0,0,0,0,0,0,0,0,0,0,0,0,5176900,785700,36793100,46311500,7471800,5252400,2029100,21853643,14184800,19073040,3862900,644500,4532600,9255500
2025-01-13,14.636425972,26.98686409,9.0786151886,9.83902359009,27.1629238129,7.45043134689,15.7984371185,23.5025348663,11.5434675217,5.32169532776,18.8709659576,4.06477212906,17.4075469971,119007,17.1700000763,29.7000007629,9.78999996185,11.220000267,28.3199996948,7.78000020981,16.6499996185,27.2374229431,12.8500003815,5.53333282471,20,5.80999994278,18.3799991608,119007,0,0,0,0,0,0,0,0,0,0,0,0,0,0,17.5200004578,30.1100006104,9.89000034332,11.3800001144,28.7099990845,7.86000013351,16.9200000763,27.4757270813,12.8999996185,5.79047584534,20.3299999237,5.86999988556,18.7399997711,119729,17.1599998474,28.9699993134,9.72999954224,11.1000003815,28.1499996185,7.48999977112,16.6299991608,27.0344219208,12.5699996948,5.4952378273,19.9500007629,5.65999984741,18.2000007629,118743,17.4300003052,30.1100006104,9.81000041962,11.1099996567,28.2700004578,7.76000022888,16.8999996185,27.0344219208,12.8999996185,5.78095197678,20.0799999237,5.65999984741,18.5,118856,0,0,0,0,0,0,0,0,0,0,0,0,0,0,3378600,1702200,30436900,36560700,7654400,3438000,1871900,17535780,11375400,17932110,1739500,682700,2050800,8161500
2025-01-14,14.9774026871,27.5320510864,9.12498188019,10.0231733322,27.3547534943,7.65153503418,16.3677520752,23.5177650452,11.3278694153,5.41329145432,19.3238716125,4.01579856873,17.6159076691,119299,17.5699996948,30.2999992371,9.84000015259,11.4300003052,28.5200004578,7.98999977112,17.25,27.2550754547,12.6099996567,5.62857103348,20.4799995422,5.73999977112,18.6000003815,119299,0,0,0,0,0,0,0,0,0,0,0,0,0,0,17.6900005341,30.4300003052,9.93000030518,11.4899997711,28.6800003052,8.13000011444,17.2700004578,27.3168563843,12.9200000763,5.63809490204,20.6000003815,5.98000001907,18.6800003052,119451,17.2000007629,29.4099998474,9.71000003815,11.0600004196,28.1100006104,7.82999992371,16.6100006104,26.84907341,12.4600000381,5.43809509277,19.9400005341,5.71000003815,18.25,118223,17.2199993134,29.7600002289,9.78999996185,11.2299995422,28.4300003052,7.96999979019,16.6100006104,27.29920578,12.8599996567,5.58095216751,19.9799995422,5.88000011444,18.3799991608,119007,0,0,0,0,0,0,0,0,0,0,0,0,0,0,6447800,1490300,39132200,43570500,6522400,6717200,2945300,22928521,18228700,26096805,5278700,844400,2471300,9349300
2025-01-15,15.6337842941,28.5497379303,9.73702335358,10.3739442825,28.9277477264,8.00586128235,16.7567806244,24.5382938385,11.857881546,5.83463001251,19.7295951843,4.41458034515,18.6671791077,122650,18.3400001526,31.4200000763,10.5,11.8299999237,30.1599998474,8.35999965668,17.6599998474,28.4377746582,13.1999998093,6.06666612625,20.9099998474,6.30999994278,19.7099990845,122650,0,0,0,0,0,0,0,0,0,0,0,0,0,0,18.4500007629,31.6000003815,10.5100002289,11.8900003433,30.5200004578,8.35999965668,17.8099994659,28.4995574951,13.3199996948,6.12380886078,21.1499996185,6.30999994278,19.7099990845,122988,17.7399997711,30.3299999237,9.93000030518,11.5100002289,28.75,8.01000022888,17.3500003815,27.4227714539,12.6300001144,5.71428489685,20.6499996185,5.78999996185,18.7399997711,119303,17.8500003815,30.4599990845,9.97000026703,11.529999733,28.7999992371,8.07999992371,17.4300003052,27.5110321045,12.8400001526,5.72380876541,20.75,5.78999996185,18.8400001526,119309,0,0,0,0,0,0,0,0,0,0,0,0,0,0,10354800,1621400,53092400,42795800,16103900,5464500,2215600,40308287,14631300,34238610,6494800,985200,3726200,11928800
2025-01-16,15.3013324738,27.7501296997,9.52373695374,10.2862501144,28.898973465,7.46958351135,16.2823505402,24.4621372223,11.1482057571,5.44076967239,19.2389526367,4.18370723724,18.0610408783,121234,17.9500007629,30.5400009155,10.2700004578,11.7299995422,30.1299991608,7.80000019073,17.1599998474,28.3495140076,12.4099998474,5.65714216232,20.3899993896,5.98000001907,19.0699996948,121234,0,0,0,0,0,0,0,0,0,0,0,0,0,0,18.3799991608,31.3899993896,10.4799995422,11.8299999237,30.25,8.31999969482,17.7099990845,28.5878181458,13.1400003433,6.03809499741,20.8799991608,6.21999979019,19.75,122660,17.8999996185,30.2600002289,10.1800003052,11.5900001526,29.8899993896,7.78000020981,17.1599998474,28.1112098694,12.3500003815,5.63809490204,20.3700008392,5.96999979019,18.9699993134,120796,18.3400001526,31.3899993896,10.4600000381,11.8199996948,30.1599998474,8.31999969482,17.7099990845,28.3759918213,13.1400003433,5.98095178604,20.8500003815,6.13000011444,19.6900005341,122649,0,0,0,0,0,0,0,0,0,0,0,0,0,0,4803800,1165000,26640800,37429100,12279600,5833700,2697500,24765227,20884500,30684045,2218700,552900,2743800,11312100
2025-01-17,15.35247612,27.5502243042,9.59792232513,10.1634836197,28.8222389221,7.65153503418,16.2443981171,24.637298584,11.076338768,5.55068445206,19.371049881,4.0927567482,18.1841640472,122350,18.0100002289,30.3199996948,10.3500003815,11.5900001526,30.0499992371,7.98999977112,17.1200008392,28.5525150299,12.3299999237,5.77142810822,20.5300006866,5.84999990463,19.2000007629,122350,0,0,0,0,0,0,0,0,0,0,0,0,0,0,18.0599994659,30.7800006866,10.4200000763,11.8000001907,30.4300003052,8.03999996185,17.3400001526,28.7466907501,12.6599998474,5.83809518814,20.5900001526,6.07000017166,19.2999992371,122674,17.6599998474,29.9699993134,10.1800003052,11.5,29.7000007629,7.76000022888,17,28.3230361938,12.2100000381,5.61904716492,20.2000007629,5.78999996185,18.9300003052,121074,18.0499992371,30.6100006104,10.2899999619,11.7700004578,30.4300003052,7.90000009537,17.3400001526,28.4819068909,12.5100002289,5.72380876541,20.4799995422,6.05000019073,19.1100006104,121258,0,0,0,0,0,0,0,0,0,0,0,0,0,0,3378900,1823300,30748300,60743100,7532300,4282900,2433800,23627808,18370400,24618720,3050100,846200,2022400,10242300
2025-01-20,15.3865728378,28.5043087006,9.57010269165,10.198559761,28.985294342,7.79518127441,16.3108177185,24.8733921051,11.1392211914,5.59648180008,19.5314540863,4.08576059341,18.4209365845,122543,18.0499992371,31.3700008392,10.3199996948,11.6300001144,30.2199993134,8.14000034332,17.1900005341,28.8261241913,12.3999996185,5.81904697418,20.7000007629,5.84000015259,19.4500007629,122543,0,0,0,0,0,0,0,0,0,0,0,0,0,0,18.1200008392,31.3700008392,10.4600000381,11.6400003433,30.4699993134,8.22000026703,17.3999996185,29.0379524231,12.5200004578,5.92380905151,20.8799991608,6.05999994278,19.6100006104,123098,17.7199993134,29.9799995422,10.1999998093,11.4499998093,29.6200008392,7.88999986649,16.9099998474,28.4201221466,12.1400003433,5.57142782211,20.2299995422,5.71999979019,18.9500007629,121511,17.8500003815,30,10.1999998093,11.5399999619,29.75,7.92999982834,17.1200008392,28.4201221466,12.3500003815,5.72380876541,20.3600006104,5.76999998093,19.0200004578,122349,0,0,0,0,0,0,0,0,0,0,0,0,0,0,3702600,1575900,11418100,17924700,4292100,1629200,2113000,10462575,10296200,18469395,2080500,511600,1309900,4185300
2025-01-21,15.4377250671,28.5769996643,9.61646938324,10.2073287964,29.1579437256,7.91009807587,16.3962135315,24.9267044067,11.2470207214,5.64227962494,19.7956466675,4.16271829605,18.6292953491,123338,18.1100006104,31.4500007629,10.3699998856,11.6400003433,30.3999996185,8.26000022888,17.2800006866,28.8879089355,12.5200004578,5.86666584015,20.9799995422,5.94999980927,19.6700000763,123338,0,0,0,0,0,0,0,0,0,0,0,0,0,0,18.2099990845,31.7600002289,10.4799995422,11.720000267,30.6200008392,8.27000045776,17.4799995422,29.0379524231,12.5200004578,5.95238018036,21,6,19.7600002289,123462,17.9400005341,30.9200000763,10.1999998093,11.5799999237,30.1599998474,8.01000022888,17.1200008392,28.7113857269,12.2700004578,5.76190376282,20.6100006104,5.86999988556,19.3299999237,122290,18.0499992371,31.3999996185,10.3299999237,11.6499996185,30.1599998474,8.09000015259,17.2399997711,28.8261241913,12.4499998093,5.81904697418,20.6700000763,5.96000003815,19.3299999237,122850,0,0,0,0,0,0,0,0,0,0,0,0,0,0,2304400,1121800,25403800,25985500,5807000,3494700,2016700,15918423,12450300,17863125,1849200,385500,1627300,7819600
2025-01-22,15.6337842941,29.267572403,9.67210960388,10.0670213699,29.6279220581,8.27400112152,16.728313446,24.8353099823,11.7949981689,5.83463001251,19.8239517212,4.31663417816,19.1691379547,122972,18.3400001526,32.2099990845,10.4300003052,11.4799995422,30.8899993896,8.64000034332,17.6299991608,28.781993866,13.1300001144,6.06666612625,21.0100002289,6.17000007629,20.2399997711,122972,0,0,0,0,0,0,0,0,0,0,0,0,0,0,18.4500007629,32.6899986267,10.5,11.7299995422,31.1200008392,8.72000026703,17.7000007629,29.0909080505,13.2600002289,6.19999980927,21.2800006866,6.26999998093,20.3600006104,123865,17.9099998474,30.8400001526,10.3299999237,11.4300003052,30.0699996948,8.34000015259,17.25,28.6937332153,12.3999996185,5.81904697418,20.9200000763,5.92999982834,19.5699996948,122926,18.3400001526,31.6299991608,10.4799995422,11.7299995422,30.4500007629,8.35000038147,17.4699993134,28.9938201904,12.6499996185,5.94285678864,21.1900005341,5.98000001907,19.8700008392,123345,0,0,0,0,0,0,0,0,0,0,0,0,0,0,5113000,2873800,47319900,42528000,9958100,4465300,3294900,23835940,17391800,23871855,4278700,836000,2990900,9975100
2025-01-23,15.4973907471,29.213054657,9.59792232513,9.98809909821,29.6566982269,8.25484752655,16.358259201,24.781999588,11.6782169342,5.76135444641,19.7390327454,4.2536687851,18.970249176,122483,18.1800003052,32.1500015259,10.3500003815,11.3900003433,30.9200000763,8.61999988556,17.2399997711,28.7202110291,13,5.99047613144,20.9200000763,6.07999992371,20.0300006866,122483,0,0,0,0,0,0,0,0,0,0,0,0,0,0,18.4599990845,32.8400001526,10.5,11.6599998474,31.3500003815,8.72000026703,17.7399997711,29.011472702,13.2399997711,6.17142820358,21.1499996185,6.21999979019,20.3999996185,123958,17.9799995422,31.4300003052,10.2899999619,11.3100004196,30.8099994659,8.35999965668,17.1599998474,28.5348625183,12.720000267,5.87619018555,20.7700004578,5.90999984741,19.75,122159,18.4099998474,32.8400001526,10.4300003052,11.5,30.8999996185,8.69999980927,17.7399997711,28.8702545166,13.1099996567,6.06666612625,21,6.21999979019,20.3999996185,122965,0,0,0,0,0,0,0,0,0,0,0,0,0,0,4045300,2031700,36718200,36035600,13909000,4987000,3012600,22913792,20940600,19196625,1794000,794300,2685800,9491400
2025-01-24,15.3867959976,28.8950252533,9.61646938324,9.90917778015,29.7238349915,8.41764640808,16.1590023041,24.7210769653,11.8309316635,5.83463001251,19.6352424622,4.39359235764,19.1691379547,122447,17.9599990845,31.7999992371,10.3699998856,11.3000001907,30.9899997711,8.78999996185,17.0300006866,28.64960289,13.1700000763,6.06666612625,20.8099994659,6.28000020981,20.2399997711,122447,0.09091,0,0,0,0,0,0,0,0,0,0,0,0,0,18.1399993896,32.6800003052,10.3999996185,11.4099998474,31.1399993896,8.97000026703,17.2900009155,28.7731685638,13.3900003433,6.27618980408,21.0699996948,6.40999984741,20.3999996185,122908,17.8299999237,31.7999992371,10.2600002289,11.2100000381,30.7299995422,8.5,16.9699993134,28.5172100067,12.8999996185,6.01904678345,20.7199993134,6.03999996185,19.8500003815,122196,17.8899993896,32.1199989319,10.3500003815,11.3999996185,30.7700004578,8.5,17.2900009155,28.6231231689,12.9099998474,6.02857112885,20.75,6.09999990463,20.2199993134,122483,0,0,0,0,0,0,0,0,0,0,0,0,0,0,3027800,905300,45091300,45727800,5799300,4380500,1755200,9909218,11096400,15180375,2074500,689500,2335900,7777800
2025-01-27,15.969370842,30.1217021942,9.79266357422,10.1547145844,30.3664608002,8.91561889648,16.9085960388,25.3151111603,12.2621269226,6.42084121704,20.3240356445,4.49853467941,20.0783481598,124862,18.6399993896,33.1500015259,10.5600004196,11.5799999237,31.6599998474,9.31000041962,17.8199996948,29.3380393982,13.6499996185,6.67618989944,21.5400009155,6.42999982834,21.2000007629,124862,0,0,0,0,0,0,0,0,0,0,0,0,0,0,18.7199993134,33.3300018311,10.5600004196,11.5799999237,31.6700000763,9.39000034332,17.9500007629,29.3998222351,13.7299995422,6.70476102829,21.6900005341,6.63999986649,21.2000007629,124862,17.8299999237,31.5499992371,10.2899999619,11.279999733,30.9200000763,8.68999958038,16.9300003052,28.5172100067,13.0799999237,6,20.6499996185,6.21999979019,20.0900001526,122207,18,31.7999992371,10.3400001526,11.3199996948,30.9899997711,8.69999980927,16.9300003052,28.64960289,13.0799999237,6.04761886597,20.6599998474,6.26000022888,20.2299995422,122443,0,0,0,0,0,0,0,0,0,0,0,0,0,0,4683800,1976200,52771300,80300500,7377900,4658500,3261200,22917984,19215400,28981995,6502500,790400,3408500,11021500
2025-01-28,16.0036430359,30.666891098,9.78339004517,10.198559761,30.1266746521,9.09756946564,16.9085960388,25.3608055115,12.0644960403,6.19185304642,20.3429012299,4.47054958344,19.4248542786,124056,18.6800003052,33.75,10.5500001907,11.6300001144,31.4099998474,9.5,17.8199996948,29.390996933,13.4300003052,6.43809509277,21.5599994659,6.38999986649,20.5100002289,124056,0,0,0,0,0,0,0,0,0,0,0,0,0,0,18.75,33.8400001526,10.6099996567,11.7299995422,31.6200008392,9.68999958038,17.9300003052,29.5233898163,13.75,6.70476102829,21.6900005341,6.48999977112,21.1499996185,124881,18.4799995422,32.7900009155,10.4300003052,11.4300003052,31.3500003815,9.19999980927,17.6800003052,29.09973526,13.3599996567,6.43809509277,21.3400001526,6.30999994278,20.5,123973,18.6100006104,33.1699981689,10.5600004196,11.5500001907,31.6100006104,9.25,17.8500003815,29.3380393982,13.6000003815,6.6476187706,21.5499992371,6.44999980927,21.1399993896,124861,0,0,0,0,0,0,0,0,0,0,0,0,0,0,2642400,1369500,45701800,24844400,4713400,3554800,1554500,16244500,12682500,19353285,2012000,642600,1630100,8313500
2025-01-29,15.926533699,30.5305919647,9.78339004517,10.0933275223,29.9540309906,8.85816001892,16.7757568359,25.2998771667,12.0285634995,6.03614044189,20.3334674835,4.46355438232,19.6237411499,123432,18.5900001526,33.5999984741,10.5500001907,11.5100002289,31.2299995422,9.25,17.6800003052,29.3203887939,13.3900003433,6.27618980408,21.5499992371,6.38000011444,20.7199993134,123432,0,0,0,0,0,0,0,0,0,0,0,0,0,0,18.9300003052,34.1199989319,10.6199998856,11.7299995422,31.7000007629,9.63000011444,18.0400009155,29.6116504669,13.6899995804,6.53333282471,21.8199996948,6.46000003815,20.7800006866,124767,18.5599994659,33.4399986267,10.5,11.470000267,31.0599994659,9.22999954224,17.6800003052,29.3027362823,13.2399997711,6.15237998962,21.4400005341,6.26999998093,20.2099990845,123278,18.9300003052,33.7999992371,10.6099996567,11.7299995422,31.7000007629,9.63000011444,17.9799995422,29.5145626068,13.4899997711,6.50476121902,21.7000007629,6.42000007629,20.5599994659,124056,0,0,0,0,0,0,0,0,0,0,0,0,0,0,2768500,1230400,43636900,33371500,3869900,4696400,1978000,13655935,11869400,21692580,3128900,459200,4856200,7348500
2025-01-30,16.5262432098,31.5119361877,10.2841501236,10.6457891464,30.7405281067,9.43274402618,17.5253505707,25.9167613983,12.4867095947,6.65898942947,21.0505638123,4.6454539299,20.8454914093,126913,19.2900009155,34.6800003052,11.0900001526,12.1400003433,32.0499992371,9.85000038147,18.4699993134,30.0353031158,13.8999996185,6.92380905151,22.3099994659,6.63999986649,22.0100002289,126913,0,0,0,0,0,0,0,0,0,0,0,0,0,0,19.3899993896,35.1599998474,11.1700000763,12.25,32.1800003052,10,18.6200008392,30.1676959991,14.0200004578,7.06666612625,22.5499992371,6.75,22.3500003815,127169,18.6800003052,33.5699996948,10.5600004196,11.5100002289,31.2700004578,9.25,17.7199993134,29.3292140961,13.4600000381,6.39047622681,21.6299991608,6.38999986649,20.7700004578,123432,18.6800003052,33.5999984741,10.5600004196,11.5399999619,31.2999992371,9.28999996185,17.7999992371,29.3292140961,13.5500001907,6.39047622681,21.7399997711,6.38999986649,20.7999992371,123433,0,0,0,0,0,0,0,0,0,0,0,0,0,0,6883000,3346500,98412200,56868200,7756800,7000600,3034900,29709865,14659800,33369210,11119300,1233300,5361700,11688100
2025-01-31,16.2777900696,31.0303516388,10.3768844604,10.6019420624,31.2392845154,9.37528514862,17.4873981476,25.7492179871,12.2621269226,6.8330206871,21.1354846954,4.55450439453,20.2961788177,126135,19,34.1500015259,11.1899995804,12.0900001526,32.5699996948,9.78999996185,18.4300003052,29.841129303,13.6499996185,7.10476112366,22.3999996185,6.51000022888,21.4300003052,126135,0,0,0,0,0,0,0,0,0,0,0,0,0,0,19.4400005341,34.8100013733,11.3100004196,12.4499998093,32.9900016785,9.98999977112,18.5799999237,30.202999115,14.0600004196,7.19999980927,22.5799999237,6.80000019073,22.1700000763,127532,18.9200000763,34.0200004578,11.0399999619,12.0100002289,31.9699993134,9.72999954224,18.2700004578,29.841129303,13.5200004578,6.85714197159,22.2399997711,6.42000007629,21.3099994659,126057,19.4400005341,34.8100013733,11.0900001526,12.1400003433,32.0999984741,9.77000045776,18.4699993134,30.1412181854,13.8599996567,6.96190404892,22.4200000763,6.57000017166,22,126914,0,0,0,0,0,0,0,0,0,0,0,0,0,0,5350200,1733600,60632400,37528400,14859200,3234900,2911200,20432975,14246500,27166020,4776800,989800,2589600,10242600
2025-02-03,16.3720302582,31.0485210419,10.3490638733,10.584405899,30.69257164,9.33697986603,17.6866569519,25.5112094879,12.1812791824,6.61319208145,21.3336296082,4.52651882172,20.4287700653,125970,19.1100006104,34.1699981689,11.1599998474,12.0699996948,32,9.75,18.6399993896,29.54986763,13.5600004196,6.87619018555,22.6100006104,6.46999979019,21.5699996948,125970,0,0,0,0,0,0,0,0.015578,0,0,0,0,0,0,19.3099994659,34.1699981689,11.3800001144,12.1700000763,32.6599998474,9.96000003815,18.9699993134,29.8234767914,13.8000001907,6.97142791748,22.9799995422,6.65000009537,21.8500003815,126473,18.7999992371,33.3800010681,11.0699996948,11.9200000763,31.8999996185,9.64000034332,18.2900009155,29.3380393982,13.4499998093,6.74285697937,22.2199993134,6.38000011444,21.1499996185,125566,18.8500003815,33.9500007629,11.1999998093,12.0900001526,32.5200004578,9.68999958038,18.3199996948,29.7263908386,13.5500001907,6.97142791748,22.2900009155,6.46000003815,21.4300003052,126135,0,0,0,0,0,0,0,0,0,0,0,0,0,0,3247500,1293900,42468600,32339300,7490300,2088300,2374100,25677405,10475200,24056340,6139100,804400,2542200,9548900
2025-02-04,16.3977336884,30.5760269165,10.2656040192,10.5659074783,30.3280944824,9.1741809845,17.8764286041,25.6026496887,11.8399152756,6.6315112114,21.3430671692,4.51952314377,20.2204113007,125147,19.1399993896,33.6500015259,11.0699996948,12.029999733,31.6200008392,9.57999992371,18.8400001526,29.6557807922,13.1800003052,6.89523792267,22.6200008392,6.46000003815,21.3500003815,125147,0,0,0,0.018942,0,0,0,0,0,0,0,0,0,0,19.2000007629,33.9399986267,11.25,12.1700000763,32.0999984741,9.81000041962,18.9200000763,29.911737442,13.529999733,6.95238018036,22.7999992371,6.48000001907,21.5599994659,125964,18.8400001526,32.8699989319,11.0100002289,11.8800001144,31.3700008392,9.31999969482,18.3799991608,29.3203887939,13.0600004196,6.48571395874,22.4300003052,6.23000001907,21.0200004578,124694,18.9699993134,33.8699989319,11.1800003052,12.029999733,31.8999996185,9.77000045776,18.3799991608,29.4792575836,13.5,6.80952310562,22.6000003815,6.42999982834,21.5599994659,125964,0,0,0,0,0,0,0,0,0,0,0,0,0,0,3097400,1918600,40751400,36005500,8052500,3480800,2594300,23154667,14219800,30244725,4880200,523300,2624400,9784500
2025-02-05,16.3805980682,30.4760742188,10.1914167404,10.8118314743,30.4048309326,9.0688419342,17.8669395447,25.9912586212,11.6961832047,6.30176639557,21.2487106323,4.38659524918,19.6521568298,125534,19.1200008392,33.5400009155,10.9899997711,12.3100004196,31.7000007629,9.47000026703,18.8299999237,30.1059131622,13.0200004578,6.55238008499,22.5200004578,6.26999998093,20.75,125534,0,0,0,0,0,0,0,0,0,0,0,0,0,0,19.1499996185,33.9199981689,11.0900001526,12.3800001144,31.8199996948,9.69999980927,18.9699993134,30.3706970215,13.1700000763,6.86666584015,22.7000007629,6.44999980927,21.2800006866,125846,18.75,32.2999992371,10.8900003433,11.9099998474,30.9099998474,9.28999996185,18.5599994659,29.7881717682,12.7700004578,6.53333282471,22.2800006866,6.21000003815,20.4599990845,124637,19.1399993896,33.5499992371,11.0799999237,12.1499996185,31.4400005341,9.69999980927,18.8400001526,29.8499546051,13.1300001144,6.86666584015,22.5400009155,6.44999980927,21.2800006866,125146,0,0,0,0,0,0,0,0,0,0,0,0,0,0,2382400,2211300,36082500,42185200,7522400,2011300,1948800,45348664,14893600,21965685,3508000,542500,2051700,9957400
2025-02-06,16.4148693085,31.2847709656,10.4047060013,10.9611434937,30.788482666,9.28909778595,17.8764286041,26.0369777679,11.9656801224,6.76890468597,21.0033893585,4.59648084641,19.699508667,126225,19.1599998474,34.4300003052,11.220000267,12.4799995422,32.0999984741,9.69999980927,18.8400001526,30.158870697,13.3199996948,7.03809499741,22.2600002289,6.57000017166,20.7999992371,126225,0,0,0,0,0,0,0,0,0,0,0,0,0,0,19.25,34.5299987793,11.2600002289,12.5799999237,32.3100013733,9.77000045776,19,30.3530445099,13.4600000381,7.06666612625,22.6299991608,6.61999988556,20.9200000763,126399,19.0200004578,33.5,10.9200000763,12.1000003815,31.2399997711,9.39999961853,18.7199993134,29.0820827484,12.8599996567,6.58095216751,22.1100006104,6.21999979019,20.6299991608,125249,19.0799999237,33.5,10.9399995804,12.2299995422,31.6599998474,9.39999961853,18.7600002289,29.390996933,13.0500001907,6.58095216751,22.2800006866,6.21999979019,20.7199993134,125531,0,0,0,0,0,0,0,0,0,0,0,0,0,0,2935200,2612500,26547400,45483400,8169400,2259900,1829700,44044581,11009200,28730310,7806200,607200,9388900,10028600
2025-02-07,16.3634662628,30.77592659,10.1635971069,10.5307760239,30.8076686859,9.24121570587,18.009267807,25.8464832306,11.5255012512,6.47579860687,20.8241157532,4.3446187973,18.9323654175,124619,19.1000003815,33.8699989319,10.9600000381,11.9899997711,32.1199989319,9.64999961853,18.9799995422,29.9382171631,12.8299999237,6.73333311081,22.0699996948,6.21000003815,19.9899997711,124619,0,0,0,0,0,0,0,0,0,0,0,0,0,0,19.3400001526,34.4300003052,11.2600002289,12.4300003052,32.5,10.029999733,19.2099990845,30.4236545563,13.2299995422,7.09523820877,23.1599998474,6.69000005722,20.6200008392,126524,19.0100002289,33.6300010681,10.9099998474,11.8599996567,31.9400005341,9.59000015259,18.5599994659,29.7440414429,12.6400003433,6.62857103348,22.0699996948,6.15999984741,19.7900009155,124320,19.1399993896,34.4300003052,11.2100000381,12.3000001907,32.0999984741,9.97000026703,18.5699996948,30.2647838593,13.1400003433,6.99047613144,22.6100006104,6.57000017166,20.5400009155,126219,0,0,0,0,0,0,0,0,0,0,0,0,0,0,4110700,3115700,34977500,129620600,10328400,4544000,3764900,40083613,21394900,32135880,15247900,1212500,5768700,10952400
2025-02-10,16.5005397797,30.2670879364,10.29342556,10.539557457,30.2609577179,9.36570835114,17.7056350708,26.1284179688,11.7770328522,6.6498298645,21.0411300659,4.38659524918,19.2259635925,125572,19.2600002289,33.3100013733,11.1000003815,12,31.5499992371,9.77999973297,18.6599998474,30.2647838593,13.1099996567,6.91428518295,22.2999992371,6.26999998093,20.2999992371,125572,0,0,0,0,0,0,0,0,0,0,0,0,0,0,19.5499992371,34.5600013733,11.1800003052,12.3699998856,32.5,10.0699996948,19.3299999237,30.4854354858,13.25,7.11428499222,22.6200008392,6.5,20.5400009155,126386,19.2099990845,33.1800003052,10.9799995422,11.9799995422,31.4300003052,9.71000003815,18.6399993896,30.0176525116,12.8800001144,6.80000019073,22.1000003815,6.21000003815,20,124619,19.3600006104,33.9000015259,11.0799999237,12,32.5,9.72000026703,18.9799995422,30.0617828369,12.9499998093,6.81904697418,22.25,6.21000003815,20.2000007629,124619,0,0,0,0,0,0,0,0,0,0,0,0,0,0,3809900,994400,25229800,31716900,14660500,1788100,2280800,42687021,9483400,21918015,6573700,1041000,2629100,8908600
2025-02-11,16.5605125427,29.7128105164,10.3676118851,10.7854814529,30.9994945526,9.45189666748,17.9143810272,26.4027309418,11.9117822647,6.65898942947,21.1637897491,4.54051113129,18.8092441559,126522,19.3299999237,32.7000007629,11.1800003052,12.279999733,32.3199996948,9.86999988556,18.8799991608,30.5825233459,13.2600002289,6.92380905151,22.4300003052,6.48999977112,19.8600006104,126522,0,0,0,0,0,0,0,0,0,0,0,0,0,0,19.5400009155,33.8899993896,11.3299999237,12.3699998856,32.7799987793,10.0200004578,19.0799999237,30.8031768799,13.3500003815,7.11428499222,22.5599994659,6.57000017166,20.2000007629,126886,19.1800003052,32.3300018311,11.1099996567,12.029999733,31.5200004578,9.68000030518,18.4300003052,30.3618717194,13.0699996948,6.74285697937,22.0699996948,6.23999977112,19.4200000763,125570,19.4899997711,33.2599983215,11.1999998093,12.0500001907,31.5499992371,9.72000026703,18.8199996948,30.3618717194,13.1099996567,6.90476083755,22.3400001526,6.34000015259,19.6900005341,125571,0,0,0,0,0,0,0,0,0,0,0,0,0,0,2743200,1623500,29425200,40337300,11255300,2270500,6690000,35512412,8427800,27440070,7610600,641900,8251800,11242800
2025-02-12,16.449136734,28.6042575836,10.2377843857,10.293636322,30.4144191742,8.97307682037,17.639213562,25.6712265015,11.4266853333,6.49411725998,21.0411300659,4.35861158371,17.7674427032,124380,19.2000007629,31.4799995422,11.0399999619,11.720000267,31.7099990845,9.36999988556,18.5900001526,29.7352161407,12.720000267,6.75237989426,22.2999992371,6.23000001907,18.7600002289,124380,0,0,0,0,0,0,0,0,0,0,0,0,0,0,19.2900009155,32.3400001526,11.1099996567,12.0500001907,32.2000007629,9.75,18.7999992371,30.5472183228,13.1199998856,6.85714197159,22.4099998474,6.5,19.7000007629,126513,18.9400005341,31.3700008392,10.9099998474,11.4200000763,31.5100002289,9.34000015259,18.4200000763,29.5939979553,12.6400003433,6.62857103348,21.9799995422,6.23000001907,18.6100006104,124116,19.0400009155,32.1199989319,11.0100002289,12.0500001907,31.7600002289,9.71000003815,18.75,30.3618717194,13.0799999237,6.77142810822,22.0599994659,6.48000001907,19.7000007629,126513,0,0,0,0,0,0,0,0,0,0,0,0,0,0,3750400,2165100,43189900,123782500,13749500,2774200,2494900,34311545,16749200,25194330,4764700,503700,9204300,14625100
2025-02-13,16.3548984528,28.3498382568,10.358338356,10.4341630936,30.3185043335,9.03053569794,17.9902896881,25.8083820343,11.7680511475,6.42084121704,21.0316963196,4.37260341644,17.4833126068,124850,19.0900001526,31.2000007629,11.1700000763,11.8800001144,31.6100006104,9.43000030518,18.9599990845,29.8940868378,13.1000003815,6.67618989944,22.2900009155,6.25,18.4599990845,124850,0,0,0,0,0,0,0,0,0,0,0,0,0,0,19.1800003052,31.4799995422,11.2399997711,12.0200004578,31.8600006104,9.51000022888,18.9699993134,29.9205646515,13.2299995422,6.81904697418,22.3400001526,6.32999992371,18.8099994659,124853,18.8700008392,30.7600002289,10.9799995422,11.720000267,31.25,9.27000045776,18.4099998474,29.6116504669,12.5900001526,6.6476187706,22.0499992371,6.11999988556,18.1599998474,123778,19.1800003052,31.4799995422,10.9899997711,11.7600002289,31.5200004578,9.39000034332,18.5499992371,29.7528686523,12.75,6.71428489685,22.2000007629,6.26000022888,18.7900009155,124372,0,0,0,0,0,0,0,0,0,0,0,0,0,0,4227800,1604500,21988200,44812400,6320100,2282200,1810500,15168830,12838400,25699590,3193000,451400,8967700,9048100
2025-02-14,16.7061538696,29.0949287415,10.7478179932,10.7064371109,31.69008255,9.86368083954,18.550113678,26.4941635132,12.2621269226,6.75974464417,21.5600833893,4.73640394211,17.9852733612,128219,19.5,32.0200004578,11.5900001526,12.1899995804,33.0400009155,10.3000001907,19.5499992371,30.6884365082,13.6499996185,7.02857112885,22.8500003815,6.76999998093,18.9899997711,128219,0,0,0,0,0,0,0,0,0,0,0,0,0,0,19.6200008392,32.3600006104,11.6499996185,12.25,33.2400016785,10.3800001144,19.7600002289,30.8031768799,13.779999733,7.18095207214,22.8700008392,6.78000020981,19.0300006866,128482,19.0200004578,31.3700008392,11.2700004578,11.970000267,31.8400001526,9.60999965668,19.0100002289,30.0529556274,13.1700000763,6.66666603088,22.3199996948,6.30999994278,18.4300003052,124849,19.0900001526,31.5200004578,11.3000001907,11.9799995422,31.9899997711,9.64000034332,19.1700000763,30.0970878601,13.1700000763,6.81904697418,22.4099998474,6.32000017166,18.7600002289,124849,0,0,0,0,0,0,0,0,0,0,0,0,0,0,7403900,2174300,46583100,46996800,11688000,4921800,3635900,33546090,15663600,37153830,20670100,883300,10720300,12560100
2025-02-17,16.9974460602,29.0676689148,10.7385454178,10.7240037918,32.0545501709,10.1892786026,18.8822154999,26.547504425,12.6753559113,7.29099845886,21.8714523315,4.87632703781,18.5345859528,128869,19.8400001526,31.9899997711,11.5799999237,12.2100000381,33.4199981689,10.6400003433,19.8999996185,30.7502193451,14.1099996567,7.58095216751,23.1800003052,6.96999979019,19.5699996948,128869,0,0,0,0,0,0,0,0,0,0,0,0,0,0,20.1299991608,32.5600013733,11.7100000381,12.3400001526,33.75,10.779999733,20.1399993896,31.1562213898,14.529999733,7.63809490204,23.4799995422,7.23000001907,19.7999992371,129534,19.4799995422,31.5,11.5100002289,12.1899995804,33.0400009155,10.3000001907,19.4699993134,30.7502193451,13.6999998093,7.06666612625,22.7399997711,6.76999998093,19.0200004578,128229,19.5499992371,31.8899993896,11.6499996185,12.2899999619,33.0400009155,10.3000001907,19.7199993134,30.7855243683,13.7100000381,7.06666612625,22.9500007629,6.76999998093,19.2000007629,128229,0,0,0,0,0,0,0,0,0,0,0,0,0,0,4852300,2760000,36112100,17475100,5263900,2497700,3397700,20231641,21573800,40265610,4590600,951500,5710500,7032800
2025-02-18,16.7318534851,29.8127613068,10.6829061508,10.715218544,32.1504707336,9.90198707581,18.7303981781,26.5030956268,12.6214570999,7.03453016281,21.6733074188,4.897315979,18.2409896851,128532,19.5300006866,32.8100013733,11.5200004578,12.1999998093,33.5200004578,10.3400001526,19.7399997711,29.3027362823,14.0500001907,7.31428480148,22.9699993134,7,19.2600002289,128532,0,0,0,0,0,0,0,1.398385,0,0,0,0,0,0,19.9200000763,32.8100013733,11.7299995422,12.3400001526,33.7200012207,10.6800003052,20.1100006104,29.4351272583,14.220000267,7.68571376801,23.3400001526,7.26000022888,19.6599998474,129294,19.4400005341,31.1900005341,11.3999996185,12.1199998856,33.1500015259,10.1599998474,19.5300006866,29.0026473999,13.720000267,7.25714206696,22.8700008392,6.82999992371,19.1399993896,128012,19.8500003815,32,11.5900001526,12.2700004578,33.5,10.6199998856,19.9200000763,29.3998222351,14.0100002289,7.53333282471,23.1800003052,6.96000003815,19.6599998474,128553,0,0,0,0,0,0,0,0,0,0,0,0,0,0,3288900,2180900,58285600,25805300,6240400,3610600,1692300,34668327,15011200,41769420,3580000,1171200,2766100,10994100
2025-02-19,16.4834022522,28.731470108,10.5438051224,10.5219955444,31.5366153717,9.62427139282,18.1515979767,26.2556247711,12.1633110046,6.82386159897,21.2864513397,4.75039625168,17.8716239929,127309,19.2399997711,31.6200008392,11.3699998856,11.9799995422,32.8800010681,10.0500001907,19.1299991608,29.0291252136,13.5399999619,7.09523820877,22.5599994659,6.78999996185,18.8700008392,127309,0,0,0,0,0,0,0,0,0,0,0,0,0,0,19.4500007629,32.4799995422,11.4399995804,12.1499996185,33.3400001526,10.2600002289,20.0499992371,29.1968212128,13.970000267,7.37142801285,22.8299999237,6.98000001907,19.1499996185,128528,19.1200008392,31.6200008392,11.25,11.9399995804,32.7400016785,10.0200004578,19.1299991608,28.9055595398,13.4899997711,7.09523820877,22.4300003052,6.73000001907,18.7999992371,127028,19.3600006104,32.3899993896,11.3999996185,12.1199998856,33.1599998474,10.1999998093,19.8400001526,29.170343399,13.8500003815,7.15237998962,22.8099994659,6.88999986649,19,128528,0,0,0,0,0,0,0,0,0,0,0,0,0,0,4886200,2434100,38104400,38006500,7959200,2753800,4250900,25496918,11999100,19883955,3965800,773500,3180900,9295100
2025-02-20,16.4320011139,28.8950252533,10.46961689,10.4956445694,31.9394550323,9.57638931274,18.4077854156,26.1837825775,12.3160276413,6.75058460236,21.2109680176,4.63845777512,18.2125740051,127601,19.1800003052,31.7999992371,11.2899999619,11.9499998093,33.2999992371,10,19.3999996185,28.9496917725,13.7100000381,7.01904678345,22.4799995422,6.63000011444,19.2299995422,127601,0,0,0,0,0,0,0,0,0,0,0,0,0,0,19.2399997711,32.4300003052,11.4300003052,12.1000003815,33.4500007629,10.220000267,19.4599990845,29.1615180969,13.8699998856,7.26666593552,22.6100006104,6.90999984741,19.5,127871,19.0300006866,31.4799995422,11.1599998474,11.9200000763,32.5699996948,9.92000007629,19.0599994659,28.8172988892,13.3800001144,6.97142791748,22.3299999237,6.57000017166,18.8199996948,127063,19.1599998474,31.7800006866,11.3699998856,12.0100002289,33.0800018311,10.1099996567,19.2199993134,29.0291252136,13.5900001526,7.21904706955,22.5200004578,6.84000015259,19.1100006104,127309,0,0,0,0,0,0,0,0,0,0,0,0,0,0,2103800,1656800,44076800,26359900,8618600,3055900,2769200,17946380,14388600,22409205,2374600,932900,3154300,10640300
2025-02-21,16.4924087524,28.1681060791,10.4047060013,10.3990335464,31.949048996,9.37528514862,18.436252594,26.1039524078,10.5912446976,6.66814899445,20.9373378754,4.70142269135,18.1462783813,127128,19.1599998474,31,11.220000267,11.8400001526,33.3100013733,9.78999996185,19.4300003052,28.8614292145,11.7899999619,6.93333292007,22.1900005341,6.71999979019,19.1599998474,127128,0.090171,0,0,0,0,0,0,0,0,0,0,0,0,0,19.2099990845,31.9400005341,11.3000001907,12.0200004578,33.4500007629,10.0200004578,19.6700000763,28.9585170746,12.8500003815,7.11428499222,22.5300006866,6.96000003815,19.3099994659,127654,18.9200000763,30.4799995422,10.9399995804,11.720000267,32.9099998474,9.53999996185,19.2900009155,28.7202110291,11.7700004578,6.81904697418,22.0499992371,6.59000015259,18.75,126483,18.9300003052,31.7999992371,11.0399999619,12,33.2999992371,9.92000007629,19.4099998474,28.9232120514,12.6999998093,7.01904678345,22.5200004578,6.59999990463,19.3099994659,127601,0,0,0,0,0,0,0,0,0,0,0,0,0,0,2873900,2264400,94029400,45757000,11963400,4639500,5166300,34362303,90187000,28604835,4810100,1225200,2446200,11093300
2025-02-24,15.8898582458,26.0691280365,10.0523176193,10.2145910263,31.3064212799,8.80070209503,17.5159492493,25.9602546692,10.0612335205,6.29260778427,20.5221805573,4.28864955902,17.3412513733,125401,18.4599990845,28.6900005341,10.8400001526,11.6300001144,32.6399993896,9.18999958038,18.2999992371,28.7025585175,11.1999998093,6.5428571701,21.75,6.13000011444,18.3099994659,125401,0,0,0,0,0,0,0.168504,0,0,0,0,0,0,0,19.2099990845,31.4200000763,11.25,11.8599996567,33.4000015259,9.89999961853,19.2999992371,29.09973526,12.1599998474,7.10476112366,22.2700004578,6.78999996185,19.2900009155,127275,18.4099998474,28.5400009155,10.8000001907,11.5799999237,32.4199981689,9.14000034332,18.2999992371,28.5260372162,11.1700000763,6.44761896133,21.6100006104,6.05999994278,18.1800003052,125162,19.1900005341,31.2800006866,11.2299995422,11.8599996567,33.4000015259,9.85000038147,19.2999992371,29.011472702,11.9200000763,7.09523820877,22.2700004578,6.78999996185,19.1700000763,127129,0,0,0,0,0,0,0,0,0,0,0,0,0,0,4034800,1631400,58518400,30213900,8091400,2699300,4658900,29019415,42173000,32060490,7536700,1165400,3121600,10148900
2025-02-25,16.0275859833,25.1877384186,10.0152235031,10.3375511169,31.1050033569,8.78154850006,17.5159492493,26.2236938477,10.1600494385,6.75974464417,20.6259689331,4.2816529274,17.1518325806,125980,18.6200008392,27.7199993134,10.8000001907,11.7700004578,32.4300003052,9.17000007629,18.2999992371,28.9938201904,11.3100004196,7.02857112885,21.8600006104,6.11999988556,18.1100006104,125980,0,0,0,0,0,0,0,0,0,0,0,0,0,0,18.7900009155,28.9400005341,10.9399995804,11.8100004196,32.9900016785,9.35999965668,18.6900005341,29.2497787476,11.4600000381,7.11428499222,22.0699996948,6.21999979019,18.5100002289,126718,18.4300003052,27.7199993134,10.7299995422,11.6499996185,32.3800010681,9.10000038147,18.2199993134,28.7996463776,11.0500001907,6.5428571701,21.6200008392,6.01000022888,18.0699996948,125382,18.4899997711,28.7000007629,10.8800001144,11.720000267,32.75,9.19999980927,18.4099998474,28.9320373535,11.1599998474,6.57142782211,21.7299995422,6.15000009537,18.5100002289,125401,0,0,0,0,0,0,0,0,0,0,0,0,0,0,2350600,2764700,76158600,33494400,10105900,2412200,8852400,29667378,29292200,38796345,3747500,1213100,2255000,11078000
2025-02-26,15.846821785,24.3426971436,9.86685085297,10.1355447769,31.0666351318,8.57086849213,17.142660141,26.1598358154,9.71088504791,6.74142503738,20.2391166687,4.21169185638,16.7161693573,124769,18.4099998474,26.7900009155,10.6400003433,11.5399999619,32.3899993896,8.94999980927,17.9099998474,28.9232120514,10.8100004196,7.00952291489,21.4500007629,6.01999998093,17.6499996185,124769,0,0,0,0,0,0,0,0,0,0,0,0,0,0,18.8700008392,28.0599994659,10.8699998856,11.9399995804,32.8300018311,9.34000015259,18.5799999237,29.2850837708,11.4499998093,7.1904759407,22.1599998474,6.23999977112,18.3299999237,126563,18.3500003815,26.5799999237,10.6099996567,11.4799995422,32.2000007629,8.94999980927,17.8500003815,28.9055595398,10.8000001907,6.81904697418,21.3299999237,5.96999979019,17.5400009155,124732,18.8700008392,27.8999996185,10.8500003815,11.8999996185,32.7999992371,9.28999996185,18.5100002289,29.2586040497,11.4499998093,7.1904759407,22.0599994659,6.23999977112,18.2099990845,125980,0,0,0,0,0,0,0,0,0,0,0,0,0,0,3676900,3126200,40355500,51824900,11152700,3737100,4871800,24486962,34857300,24038070,5506400,939300,4925500,11361800
2025-02-27,15.7349243164,24.5971164703,9.92249011993,10.0740633011,30.7309360504,9.44231987,17.4585208893,26.135887146,10.1330986023,6.69562721252,20.3240356445,4.26766061783,16.7824668884,124799,18.2800006866,27.0699996948,10.6999998093,11.470000267,32.0400009155,9.85999965668,18.2399997711,28.8967342377,11.279999733,6.96190404892,21.5400009155,6.09999990463,17.7199993134,124799,0,0,0,0,0,0,0,0,0,0,0,0,0,0,18.6299991608,27.5599994659,10.8699998856,11.6199998856,32.6599998474,10.2399997711,18.4699993134,29.232126236,11.4499998093,7.15237998962,21.6700000763,6.21999979019,17.9300003052,125497,18.2600002289,26.7000007629,10.6300001144,11.4300003052,32.0400009155,9.10000038147,17.9500007629,28.8967342377,10.8100004196,6.88571405411,21.3400001526,5.90999984741,17.1700000763,124352,18.5,26.8999996185,10.6400003433,11.5500001907,32.4300003052,9.40999984741,18.0100002289,29.09973526,10.9200000763,7.00952291489,21.4500007629,5.90999984741,17.6499996185,124768,0,0,0,0,0,0,0,0,0,0,0,0,0,0,4777400,1964400,32846300,40713100,11958400,11464600,4938400,23485390,37570000,22567020,4118900,2091100,7862100,12554000
2025-02-28,15.5713768005,23.6248645782,9.6442899704,9.87205123901,30.289730072,9.45189666748,16.9033718109,25.4972572327,10.1780147552,6.54907464981,19.7673416138,4.29564571381,16.1573848724,122799,18.0900001526,26,10.3999996185,11.2399997711,31.5799999237,9.86999988556,17.6599998474,28.1906433105,11.3299999237,6.80952310562,20.9500007629,6.13999986649,17.0599994659,122799,0,0,0,0,0,0,0,0,0,0,0,0,0,0,18.3199996948,27.4099998474,10.6700000763,11.4799995422,32.2299995422,10.4600000381,18.25,29.0467777252,11.6000003815,7.15237998962,21.6299991608,6.44999980927,17.9300003052,124916,17.7900009155,25.7199993134,10.3400001526,11.2100000381,31.5,9.72000026703,17.5100002289,28.1906433105,11.029999733,6.66666603088,20.9500007629,6.09999990463,17.0599994659,122659,18.0400009155,26.8999996185,10.6199998856,11.4499998093,32.0099983215,9.72000026703,18.25,28.8967342377,11.1899995804,6.87619018555,21.2700004578,6.11000013351,17.7199993134,124798,0,0,0,0,0,0,0,0,0,0,0,0,0,0,5505200,2143100,57805500,84387200,13479100,9373900,4605800,40016653,40572600,31235505,4368400,1494300,3539000,24873800
2025-03-05,15.3217525482,23.3977031708,9.76484203339,10.0740633011,30.6350212097,9.25079154968,16.7023696899,25.8787708282,10.0612335205,6.66814899445,19.57862854,4.29564571381,15.7690782547,123047,17.7999992371,25.75,10.529999733,11.470000267,31.9400005341,9.65999984741,17.4500007629,28.5966453552,11.1999998093,6.93333292007,20.75,6.13999986649,16.6499996185,123047,0,0,0,0,0,0,0,0.015578,0,0,0,0,0,0,17.9500007629,26.0499992371,10.5799999237,11.5500001907,32.0299987793,9.97999954224,17.7800006866,28.7466907501,11.3800001144,6.97142791748,21.0699996948,6.17000007629,17.2299995422,123364,17.6100006104,25.2199993134,10.1700000763,11.2399997711,31.0499992371,9.52999973297,17.3099994659,28.2436008453,10.970000267,6.6952381134,20.5200004578,6.01999998093,16.2999992371,122747,17.6900005341,25.9899997711,10.2299995422,11.2399997711,31.3500003815,9.97999954224,17.3199996948,28.6054725647,11.0699996948,6.78095197678,20.9599990845,6.01999998093,16.9599990845,122799,0,0,0,0,0,0,0,0,0,0,0,0,0,0,4855700,1118900,46942500,41379800,10101800,3135300,2457600,29404182,29912200,11439960,5826300,595900,7780900,9604100
2025-03-06,15.6058063507,23.4703922272,9.86685085297,10.1614494324,30.1650428772,9.23163986206,16.798084259,25.9266910553,10.2588634491,6.51243686676,20.0032253265,4.44956159592,15.9490251541,123358,18.1299991608,25.8299999237,10.6400003433,11.5500001907,31.4500007629,9.64000034332,17.5499992371,28.64960289,11.4200000763,6.77142810822,21.2000007629,6.36000013351,16.8400001526,123358,0,0,0,0.018942,0,0,0,0,0,0,0,0,0,0,18.2399997711,26.1399993896,10.6899995804,11.6300001144,32.0400009155,10.2299995422,17.8199996948,28.8879089355,11.5,6.86666584015,21.3099994659,6.51999998093,16.9099998474,124112,17.7199993134,25.3999996185,10.4399995804,11.2899999619,31.3700008392,9.60999965668,17.3899993896,28.4289493561,11.25,6.55238008499,20.7199993134,6.11999988556,16.5400009155,122681,17.8500003815,25.8799991608,10.5,11.4200000763,31.9400005341,9.73999977112,17.4200000763,28.5966453552,11.3400001526,6.74285697937,20.9200000763,6.19999980927,16.8299999237,123048,0,0,0,0,0,0,0,0,0,0,0,0,0,0,5760300,1430000,39802700,44187500,10279800,5314500,1851400,21081617,21166700,36697080,4784000,1752800,4979300,10060600
2025-03-07,15.7951774597,24.1700515747,9.92249011993,10.284620285,30.7693023682,10.0743627548,17.2479476929,26.0385189056,10.7080278397,7.19940280914,20.3712120056,4.72241210938,16.8487644196,125035,18.3500003815,26.6000003815,10.6999998093,11.6899995804,32.0800018311,10.5200004578,18.0200004578,28.7731685638,11.9200000763,7.48571395874,21.5900001526,6.75,17.7900009155,125035,0,0,0,0,0,0,0,0,0,0,0,0,0,0,18.5799999237,26.8700008392,10.8400001526,11.8000001907,32.6500015259,10.5699996948,18.25,29.0556049347,12.0500001907,7.4952378273,21.7299995422,6.78000020981,17.8899993896,125822,17.8700008392,25.2000007629,10.5200004578,11.4200000763,30.9400005341,9.80000019073,17.2800006866,28.4642543793,11.1999998093,6.61904716492,20.8600006104,6.32000017166,16.5699996948,122530,18.0200004578,25.5200004578,10.6000003815,11.4799995422,31.2099990845,9.92000007629,17.3199996948,28.5789928436,11.3000001907,6.73333311081,21,6.36999988556,16.7600002289,123357,0,0,0,0,0,0,0,0,0,0,0,0,0,0,4078700,1734900,41638200,29808500,7194400,6657400,2362800,23391804,26935300,42929040,5448900,1822300,3903100,9975600
2025-03-10,15.7607450485,23.8792858124,9.70920372009,10.1350574493,30.5774707794,9.97859764099,17.1522331238,26.2701435089,10.6541261673,7.55662441254,20.257982254,4.63146162033,16.7824668884,124519,18.3099994659,26.2800006866,10.470000267,11.5200004578,31.8799991608,10.4200000763,17.9200000763,29.0291252136,11.8599996567,7.85714197159,21.4699993134,6.61999988556,17.7199993134,124519,0,0,0,0,0,0,0,0,0,0,0,0,0,0,18.3600006104,26.8899993896,10.5900001526,11.6199998856,32.1500015259,10.7700004578,18.1599998474,29.0291252136,12.1400003433,8.08571434021,21.6800003052,6.73999977112,18.1299991608,125031,17.9899997711,25.9300003052,10.3699998856,11.4200000763,31.5699996948,10.2899999619,17.8099994659,28.4730796814,11.75,7.29523801804,21.2900009155,6.53000020981,17.4699993134,123471,17.9899997711,26.2600002289,10.5500001907,11.5600004196,31.7999992371,10.3400001526,17.8099994659,28.6407756805,11.75,7.29523801804,21.4200000763,6.57000017166,17.5699996948,125031,0,0,0,0,0,0,0,0,0,0,0,0,0,0,3042800,1319600,33483600,42234700,6403700,3568400,1864400,31361893,13615900,41209455,3058300,1092400,2866100,9370800
2025-03-11,15.5799856186,24.0155830383,9.6442899704,10.0734710693,30.6254310608,9.9211397171,16.6927967072,26.0385189056,10.51039505,7.6024222374,20.1919384003,4.72241210938,17.3128395081,123507,18.1000003815,26.4300003052,10.3999996185,11.4499998093,31.9300003052,10.3599996567,17.4400005341,28.7731685638,11.6999998093,7.90476083755,21.3999996185,6.75,18.2800006866,123507,0,0,0,0,0,0,0,0,0,0,0,0,0,0,18.3299999237,26.8899993896,10.5100002289,11.5500001907,32.4500007629,10.4799995422,17.7000007629,29.0820827484,11.9899997711,8.28571414948,21.5200004578,6.82999992371,18.2999992371,124625,17.9200000763,26.1200008392,10.3400001526,11.2700004578,31.4500007629,9.89000034332,17.2199993134,28.6054725647,11.4600000381,7.74285697937,21.2099990845,6.44000005722,17.6000003815,122636,18.2800006866,26.2700004578,10.4899997711,11.529999733,31.9599990845,10.4499998093,17.4500007629,29.0820827484,11.8500003815,7.82857084274,21.5200004578,6.69000005722,17.7099990845,124519,0,0,0,0,0,0,0,0,0,0,0,0,0,0,3385700,1295500,26354600,43087500,7062000,6512100,5041300,21005253,15148900,37232685,4084000,1006500,3779100,8810400
2025-03-12,15.6918849945,20.7989673615,9.73702335358,10.0734710693,31.0090904236,9.98817443848,16.970369339,26.118391037,10.8697242737,7.85888957977,20.2768535614,4.84134626389,17.0760650635,123864,18.2299995422,22.8899993896,10.5,11.4499998093,32.3300018311,10.4300003052,17.7299995422,28.8614292145,12.1000003815,8.17142772675,21.4899997711,6.92000007629,18.0300006866,123864,0,0,0,0,0,0,0,0,0,0,0,0,0,0,18.3400001526,25.3099994659,10.5200004578,11.5200004578,32.4599990845,10.6000003815,17.8099994659,28.9496917725,12.1300001144,8.36190414429,21.6200008392,6.94000005722,18.6000003815,124048,18.0599994659,22.8899993896,10.3500003815,11.3299999237,31.9899997711,10.2299995422,17.4200000763,28.6054725647,11.720000267,7.91428518295,21.3700008392,6.71999979019,17.6700000763,122969,18.0799999237,24.8799991608,10.3999996185,11.4600000381,32.0999984741,10.3400001526,17.4200000763,28.8790817261,11.720000267,7.91428518295,21.4200000763,6.73999977112,18.3299999237,123507,0,0,0,0,0,0,0,0,0,0,0,0,0,0,3261600,16295500,39894000,31708500,8835100,3514000,2801900,20300754,16836200,23080260,3319900,630000,6798800,8254800
2025-03-13,15.9329004288,21.8075656891,10.7570915222,10.2494287491,32.0161857605,9.72961139679,17.286233902,26.5417118073,10.4205627441,7.74897575378,20.578792572,4.84834289551,16.8866462708,125637,18.5100002289,24,11.6000003815,11.6499996185,33.3800010681,10.1599998474,18.0599994659,29.3292140961,11.6000003815,8.05714225769,21.8099994659,6.92999982834,17.8299999237,125637,0,0,0,0,0,0,0,0,0,0,0,0,0,0,18.5499992371,24.2000007629,11.6300001144,11.720000267,33.5,10.3900003433,18.25,29.4174747467,12.1199998856,8.38095188141,22.0100002289,6.96999979019,18.2099990845,125774,18.0200004578,22.9699993134,10.9300003052,11.3900003433,32.1100006104,10.029999733,17.6100006104,28.808473587,11.6000003815,7.8476190567,21.2900009155,6.71000003815,17.5200004578,123590,18.2399997711,23.3899993896,10.9799995422,11.4600000381,32.4099998474,10.3400001526,17.8899993896,28.8614292145,12.0699996948,8.23809528351,21.5200004578,6.90999984741,18.2099990845,123863,0,0,0,0,0,0,0,0,0,0,0,0,0,0,4199400,5550300,111595000,35174100,11654800,3323100,2472300,32681045,27676200,25050270,4244000,791700,2762200,11259000
2025-03-14,16.4235458374,19.535943985,11.9348077774,10.6717243195,32.5533065796,10.3329238892,17.9658126831,27.4043388367,10.806842804,8.79316329956,21.6166915894,5.17716264725,16.90558815,128957,19.0799999237,21.5,12.8699998856,12.1300001144,33.9399986267,10.7899999619,18.7700004578,30.2824363708,12.029999733,9.1428565979,22.9099998474,7.40000009537,17.8500003815,128957,0,0,0,0,0,0,0,0,0,0,0,0,0,0,19.0799999237,23.7700004578,12.8999996185,12.1999998093,34.4199981689,10.7899999619,18.7800006866,30.4942626953,12.1899995804,9.57142829895,22.9599990845,7.40000009537,18.0200004578,129194,18.3700008392,21.3799991608,11.6999998093,11.6899995804,33.3300018311,10.220000267,18.1100006104,29.4174747467,11.5600004196,8.02857112885,21.9400005341,6.88000011444,17.4599990845,125647,18.4699993134,23.5200004578,11.7299995422,11.720000267,33.5,10.2600002289,18.2700004578,29.4792575836,11.7399997711,8.13333320618,22.0900001526,6.96999979019,17.6200008392,125647,0,0,0,0,0,0,0,0,0,0,0,0,0,0,4896100,11686700,126026800,42086800,10124600,3811800,3442100,35848233,23036000,68990040,6566800,1089600,5411200,14572600
2025-03-17,16.7420310974,19.7721939087,11.5175075531,10.8300828934,33.4740867615,10.3903827667,18.2433872223,28.2270298004,11.2290525436,9.28777885437,22.0695972443,5.18415880203,16.5456943512,130834,19.4500007629,21.7600002289,12.4200000763,12.3100004196,34.9000015259,10.8500003815,19.0599994659,31.191526413,12.5,9.65714168549,23.3899993896,7.40999984741,17.4699993134,130834,0,0,0,0,0,0,0,0,0,0,0,0,0,0,19.5699996948,22.2099990845,12.8699998856,12.4099998474,35.0800018311,11.1000003815,19.2800006866,31.2886142731,12.6199998856,9.94285678864,23.75,7.55000019073,18.1299991608,131313,18.9599990845,21.2399997711,12.4099998474,12.1300001144,33.8600006104,10.7100000381,18.6399993896,30.2294788361,12.0100002289,9.02857112885,22.75,7.19000005722,17.0599994659,128957,19.0499992371,21.6499996185,12.8699998856,12.1400003433,34.0400009155,10.8100004196,18.9200000763,30.2647838593,12.029999733,9.1428565979,22.9599990845,7.40000009537,18.1000003815,128959,0,0,0,0,0,0,0,0,0,0,0,0,0,0,4102200,10090600,89758000,23901600,8721200,2512200,3145400,30713817,18822900,40030620,7744600,1157300,8189900,11063200
2025-03-18,16.8539276123,20.8989162445,11.1651201248,10.8212842941,34.1167106628,10.3520765305,18.0902442932,28.3787841797,11.0853214264,9.18702316284,21.9658088684,5.2471241951,16.8866462708,131475,19.5799999237,23,12.0399999619,12.3000001907,35.5699996948,10.8100004196,18.8999996185,31.3592224121,12.3400001526,9.55237960815,23.2800006866,7.5,17.8299999237,131475,0,0,0,0,0,0,0,0,0,0,0,0,0,0,19.7700004578,23.2000007629,12.4099998474,12.3999996185,35.6599998474,10.9399995804,19.2900009155,31.6407756805,12.6099996567,9.85714244843,23.8899993896,7.61000013351,18.0200004578,131834,19.4300003052,21.6000003815,11.9099998474,12.220000267,34.75,10.5799999237,18.8999996185,31.2135925293,12.3299999237,9.55237960815,23.2800006866,7.38999986649,17.4300003052,130722,19.5699996948,21.7999992371,12.3800001144,12.3400001526,34.75,10.75,18.9099998474,31.368932724,12.5100002289,9.61904716492,23.3999996185,7.42999982834,17.4599990845,130832,0,0,0,0,0,0,0,1.1,0,0,0,0,0,0,4167700,8450600,112067000,19650500,10512700,3107600,1728700,30775164,12142900,27941865,8028800,1066000,5591200,10992400
2025-03-19,16.9572238922,21.2987232208,11.4525947571,10.9180603027,34.3564987183,10.6297922134,18.3295326233,28.4490756989,11.1392211914,9.55340671539,22.0507278442,5.48499393463,18.165222168,132508,19.7000007629,23.4400005341,12.3500003815,12.4099998474,35.8199996948,11.1000003815,19.1499996185,31.4368934631,12.3999996185,9.93333339691,23.3700008392,7.84000015259,19.1800003052,132508,0,0,0,0,0,0,0,0,0,0,0,0,0,0,19.9099998474,23.8899993896,12.4399995804,12.529999733,36.2000007629,11.1499996185,19.4400005341,31.660194397,12.5500001907,10.1238088608,23.7399997711,7.88000011444,19.5599994659,132984,19.5300006866,22.9699993134,12,12.220000267,35.4900016785,10.720000267,18.8700008392,31.3009700775,12.2600002289,9.49523830414,23.2099990845,7.44000005722,18.1499996185,131451,19.5699996948,23.5,12.1800003052,12.3000001907,35.5699996948,10.8599996567,18.9899997711,31.5533981323,12.3900003433,9.55237960815,23.2700004578,7.48999977112,18.8999996185,131476,0,0,0,0,0,0,0,0,0,0,0,0,0,0,4621300,6384400,41690500,25791100,11984200,4029100,3188800,25414117,16160300,36316980,6397300,1203000,21280100,12204900
2025-03-20,16.7248153687,21.6167507172,11.4989585876,10.8652763367,34.1167106628,9.89241027832,18.157245636,28.1854953766,10.7709093094,9.49844837189,21.8054046631,4.7573928833,17.94739151,131955,19.4300003052,23.7900009155,12.3999996185,12.3500003815,35.5699996948,10.3299999237,18.9699993134,31.1456317902,11.9899997711,9.87619018555,23.1100006104,6.80000019073,18.9500007629,131955,0,0,0,0,0,0,0,0,0,0,0,0,0,0,19.7900009155,24.1800003052,12.4899997711,12.4899997711,36.0999984741,10.9899997711,19.2000007629,31.601940155,12.5799999237,10.0761899948,23.3700008392,7.92000007629,19.2199993134,132713,19.3500003815,23.3799991608,12.2399997711,12.2399997711,35.3300018311,10.3000001907,18.9699993134,30.9223308563,11.9899997711,9.78095245361,23.0799999237,6.80000019073,18.75,131813,19.7099990845,23.5699996948,12.3000001907,12.4099998474,35.7799987793,10.9399995804,19.1399993896,31.3883495331,12.3299999237,9.95238018036,23.2800006866,7.92000007629,19.0699996948,132505,0,0,0,0,0,0,0,0,0,0,0,0,0,0,3340700,2751100,42754900,31369300,6626800,5418500,1042000,32136515,20004200,18864195,3014600,3959500,5846800,14187500
2025-03-21,16.9227905273,21.8075656891,11.6473331451,11.0148363113,34.337310791,9.93071556091,18.1476745605,28.2469959259,11.1571884155,9.25114059448,21.8431453705,4.99526166916,18.0705108643,132345,19.6599998474,24,12.5600004196,12.5200004578,35.7999992371,10.3699998856,18.9599990845,31.2135925293,12.4200000763,9.61904716492,23.1499996185,7.13999986649,19.0799999237,132345,0,0,0,0,0,0,0,0,0,0,0,0,0,0,19.6599998474,24,12.5699996948,12.5900001526,36.0800018311,10.4899997711,19.1499996185,31.3592224121,12.6199998856,9.91428470612,23.3099994659,7.44000005722,19.5300006866,132588,19.2000007629,23.3899993896,12.3299999237,12.3599996567,35.2999992371,10.1800003052,18.7399997711,31.0485439301,11.9099998474,9.60000038147,22.9699993134,6.78000020981,18.8600006104,131776,19.2399997711,23.6900005341,12.5200004578,12.3800001144,35.4000015259,10.3100004196,18.7900009155,31.1747570038,12.029999733,9.85714244843,23.1000003815,6.82000017166,19.0200004578,132005,0,0,0,0,0,0,0,0,0,0,0,0,0,0,5651900,2878000,46789800,74318800,13364500,3211700,1532500,49041184,20764600,31040415,2828900,3002400,5230800,14192000
2025-03-24,16.6559562683,21.7257881165,11.4989585876,11.1292057037,33.7810134888,9.89241027832,17.9370994568,28.273355484,11.0943059921,9.35189628601,21.7204856873,4.79237365723,17.8526821136,131321,19.25,23.9099998474,12.3999996185,12.6499996185,35.2200012207,10.3299999237,18.7399997711,31.2427177429,12.3500003815,9.72380924225,23.0200004578,6.84999990463,18.8500003815,131321,0.101603,0,0,0,0,0,0,0,0,0,0,0,0,0,19.6599998474,24.5300006866,12.5600004196,12.7299995422,36.1599998474,10.5200004578,19.1200008392,31.3786392212,12.6599998474,9.76190376282,23.2800006866,7.23000001907,19.3500003815,132424,19.25,23.7000007629,12.3199996948,12.470000267,35.1399993896,10.2299995422,18.7399997711,31.0097084045,12.2700004578,9.47618961334,22.8999996185,6.82000017166,18.6200008392,130992,19.4500007629,24.0200004578,12.5600004196,12.5399999619,36.1300010681,10.4499998093,18.9899997711,31.1456317902,12.5100002289,9.66666603088,23.1499996185,7.17000007629,19.1499996185,132344,0,0,0,0,0,0,0,0,0,0,0,0,0,0,2779900,2148000,40560200,44562300,6618700,2293900,1116500,32838563,11896700,24540075,2437300,1446600,4494900,8301200
2025-03-25,16.8895664215,21.6167507172,11.4896879196,11.3139619827,34.0112037659,10.2946186066,18.1668148041,28.5017910004,11.3727865219,9.5808839798,21.7299232483,4.96028137207,18.1462783813,132068,19.5200004578,23.7900009155,12.3900003433,12.8599996567,35.4599990845,10.75,18.9799995422,31.4951457977,12.6599998474,9.96190357208,23.0300006866,7.09000015259,19.1599998474,132068,0,0,0,0,0,0,0,0,0,0,0,0,0,0,19.7700004578,25,12.6000003815,13.2899999619,35.6899986267,10.970000267,19.2700004578,31.9902915955,12.9300003052,10.7047605515,23.5499992371,7.32999992371,19.8299999237,133471,19.2099990845,23.7900009155,12.3100004196,12.6499996185,35.2200012207,10.3900003433,18.7000007629,31.3592224121,12.3100004196,9.89523792267,23.0100002289,6.96000003815,18.8600006104,131325,19.2099990845,24.0100002289,12.470000267,12.6999998093,35.2299995422,10.4300003052,18.7000007629,31.3592224121,12.3599996567,10.0761899948,23.3199996948,6.98999977112,18.8999996185,131327,0,0,0,0,0,0,0,0,0,0,0,0,0,0,2174000,3117800,25375500,63764400,6208300,2207600,1878300,19574017,18696700,60765390,3226700,1558100,6101800,9237600
2025-03-26,16.8982181549,22.0165538788,11.5389270782,11.4987154007,33.8769264221,10.6489448547,18.0998153687,28.1942749023,11.5166330338,9.60836315155,21.8054046631,4.92530059814,18.6008834839,132520,19.5300006866,24.2299995422,12.3800001144,13.0699996948,35.3199996948,11.1199998856,18.9099998474,31.1553382874,12.6300001144,9.9904756546,23.1100006104,7.03999996185,19.6399993896,132520,0,0,0.062828,0,0,0,0,0,0.187752,0,0,0,0,0,19.8600006104,24.4200000763,12.6099996567,13.1499996185,35.7999992371,11.3400001526,19.3500003815,31.6504840851,12.9399995804,10.2285709381,23.6000003815,7.34000015259,20.0599994659,132984,19.4699993134,23.4500007629,12.3199996948,12.8999996185,35.0200004578,10.779999733,18.8400001526,31.0291252136,12.6000003815,9.81904697418,23.0699996948,6.98000001907,19.1599998474,132068,19.7399997711,23.7900009155,12.3999996185,12.9799995422,35.7999992371,10.779999733,19.0599994659,31.601940155,12.6300001144,10.0761899948,23.1800003052,7.17000007629,19.1599998474,132069,0,0,0,0,0,0,0,0,0,0,0,0,0,0,3377100,2460800,22029800,49065500,5115000,4272600,1579900,32860090,14914900,28995015,5153400,1150900,5986600,9404600
2025-03-27,16.8549575806,22.716217041,11.5482473373,11.4547252655,33.4932670593,10.792591095,18.0615310669,28.2294178009,11.6534090042,9.95642471313,21.6355648041,4.93229675293,19.1123123169,133149,19.4799995422,25,12.3900003433,13.0200004578,34.9199981689,11.2700004578,18.8700008392,31.1941738129,12.779999733,10.3523797989,22.9300003052,7.05000019073,20.1800003052,133149,0,0,0,0,0,0,0,0,0,0,0,0,0,0,19.6000003815,25.1700000763,12.4799995422,13.1700000763,35.5,11.4499998093,19.0499992371,31.262134552,12.9600000381,10.9142847061,23.2600002289,7.23000001907,20.5300006866,133904,19.3799991608,24.1299991608,12.3100004196,12.9600000381,34.6199989319,11.0100002289,18.7099990845,31.0291252136,12.6099996567,9.80952262878,22.7900009155,6.98000001907,19.6100006104,132479,19.5,24.2700004578,12.4099998474,13.1000003815,35.4199981689,11.1999998093,18.7299995422,31.2135925293,12.7899999619,9.98095226288,23.1200008392,7.19000005722,19.7999992371,132522,0,0,0,0,0,0,0,0,0,0,0,0,0,0,3207600,2007400,27455400,40588300,10046100,3237400,2517200,29373952,17507200,40345935,7361000,1285100,6068300,10016200
2025-03-28,16.6472988129,22.4163608551,11.4084367752,11.2963676453,33.4740867615,10.5723342896,17.8700962067,27.8428382874,11.4345664978,9.67247962952,21.4751625061,4.73640394211,19.0270748138,131902,19.2399997711,24.6700000763,12.2399997711,12.8400001526,34.9000015259,11.0399999619,18.6700000763,30.7669906616,12.5399999619,10.0571422577,22.7600002289,6.76999998093,20.0900001526,131902,0,0,0,0,0,0,0,0,0,0,0,0,0,0,19.5,25,12.4499998093,13.0399999619,35.4700012207,11.2600002289,18.8700008392,31.2038822174,12.7700004578,10.32380867,22.8999996185,7.07999992371,20.3199996948,133143,19.0499992371,24.0300006866,12.0699996948,12.7899999619,34.5200004578,10.779999733,18.3600006104,30.5533981323,12.3900003433,9.71428489685,22.4599990845,6.73999977112,19.7299995422,131315,19.4300003052,24.7900009155,12.3000001907,13,34.7000007629,11.2600002289,18.8700008392,31.0485439301,12.7399997711,10.2761898041,22.8999996185,7.05000019073,20.1800003052,133143,0,0,0,0,0,0,0,0,0,0,0,0,0,0,3476900,2258800,20197500,25978000,7313800,2413100,3393400,22939851,18815900,32397960,3475000,1273200,2893500,8905500
2025-03-31,16.5521240234,22.2618923187,11.3152313232,11.1468000412,32.3231163025,10.1701259613,17.7073822021,27.596830368,11.151892662,9.29693889618,21.3241939545,4.42857313156,18.8376560211,130260,19.1299991608,24.5,12.1400003433,12.6700000763,33.7000007629,10.6199998856,18.5,30.4951457977,12.2299995422,9.66666603088,22.6000003815,6.32999992371,19.8899993896,130260,0,0,0,0,0,0,0,0,0,0,0,0,0,0,19.3500003815,24.5,12.2899999619,12.7700004578,34.2000007629,10.970000267,18.8299999237,30.6796112061,12.5600004196,10.1333332062,22.8799991608,6.78000020981,20.0200004578,131901,19.0699996948,23.7199993134,12,12.5699996948,33.5499992371,10.5100002289,18.4099998474,30.1844654083,12.2299995422,9.60000038147,22.4500007629,6.32999992371,19.3700008392,130115,19.1000003815,24.3799991608,12.1400003433,12.7700004578,34.2000007629,10.9499998093,18.4099998474,30.6796112061,12.4499998093,9.94285678864,22.5900001526,6.76000022888,19.9899997711,131900,0,0,0,0,0,0,0,0,0,0,0,0,0,0,3121700,1909400,29378400,38613400,19678400,2898700,1605900,26139340,18602900,30495675,2343900,1402400,5547900,9994900
2025-04-01,16.5002059937,22.4436206818,11.4270792007,11.1624183655,32.7355461121,10.6106395721,17.9945259094,27.6035556793,11.4983949661,9.57172489166,21.5673694611,4.6454539299,18.6671791077,131147,19.0699996948,24.7000007629,12.2600002289,12.4600000381,34.1300010681,11.0799999237,18.7999992371,30.4854354858,12.6099996567,9.95238018036,22.6299991608,6.63999986649,19.7099990845,131147,0,0,0,0.227431,0,0,0,0.017136,0,0,0.225157,0,0,0,19.3299999237,25.0200004578,12.3400001526,12.6599998474,34.1399993896,11.25,18.9599990845,30.7475719452,12.8199996948,10.1047611237,22.8700008392,6.80999994278,20.2299995422,131982,18.9500007629,24.2399997711,11.9899997711,12.3800001144,33.5299987793,10.6199998856,18.4599990845,30.262134552,12.1800003052,9.66666603088,22.3199996948,6.32999992371,19.6599998474,130081,19.1100006104,24.6499996185,12.0100002289,12.4499998093,33.9000015259,10.6199998856,18.5900001526,30.4757270813,12.220000267,9.70476055145,22.5499992371,6.36999988556,19.8700008392,130267,0,0,0,0,0,0,0,0,0,0,0,0,0,0,3426900,1319600,22267700,20578300,12950200,4005100,1317200,12749134,11998400,26700450,3826000,3135100,4058700,8966100
2025-04-02,16.8030433655,22.7525615692,11.5762090683,11.1883869171,32.9561500549,11.1660699844,17.7743835449,27.6123466492,11.8266592026,10.2495307922,21.6817340851,4.58248901367,18.9418373108,131190,19.4200000763,25.0400009155,12.4200000763,12.470000267,34.3600006104,11.6599998474,18.5699996948,30.4951457977,12.970000267,10.6571416855,22.75,6.55000019073,20,131190,0,0,0,0.018942,0,0,0,0,0,0,0,0,0,0,19.5100002289,25.2000007629,12.4399995804,12.5500001907,34.5800018311,11.8500003815,19.0200004578,30.6990299225,13.0699996948,10.6761903763,22.8999996185,6.88000011444,20.2299995422,131424,18.9899997711,24.0499992371,12.1899995804,12.3400001526,33.7900009155,11.029999733,18.5699996948,30.2718448639,12.6099996567,9.87619018555,22.4899997711,6.55000019073,19.7600002289,130393,19,24.7000007629,12.2700004578,12.4799995422,34.1599998474,11.029999733,18.7800006866,30.4563102722,12.6099996567,9.93333339691,22.7299995422,6.65000009537,19.7700004578,131151,0,0,0,0,0,0,0,0,0,0,0,0,0,0,4155700,1861400,20422100,18113400,3920300,4710600,2812200,12147820,13972600,39647580,2404700,2422200,6226200,8819500
2025-04-03,17.5211963654,23.2341442108,11.8651485443,11.4037179947,33.3877601624,11.5395498276,18.683681488,28.104642868,12.0910959244,10.8082647324,22.4441699982,4.72940826416,19.5100917816,131141,20.25,25.5699996948,12.7299995422,12.7100000381,34.8100013733,12.0500001907,19.5200004578,31.0388336182,13.2600002289,11.2380952835,23.5499992371,6.76000022888,20.6000003815,131141,0,0,0,0,0,0,0,0,0,0,0,0,0,0,20.3999996185,26.1399993896,12.8699998856,12.8699998856,35.3600006104,12.279999733,19.6100006104,31.262134552,13.5699996948,11.2857141495,23.8099994659,6.94999980927,20.8199996948,132552,19.25,24.8799991608,12.3599996567,12.3500003815,34.1100006104,11.4300003052,18.3899993896,30.1844654083,12.970000267,10.6095228195,22.6100006104,6.42999982834,19.8999996185,130182,19.25,24.9899997711,12.3599996567,12.3500003815,34.4599990845,11.5200004578,18.3899993896,30.2427177429,12.970000267,10.6285705566,22.6200008392,6.48000001907,19.9599990845,131185,0,0,0,0,0,0,0,0,0,0,0,0,0,0,8632900,1570300,57239000,46295700,7359000,5397200,3625800,32876673,19786200,34625745,6449500,2362700,4621900,12327500
2025-04-04,16.8116950989,22.3527545929,11.2313451767,11.2781085968,31.6709003448,10.840473175,17.7360992432,27.3749885559,11.5348701477,9.91978740692,21.7103271484,4.50553035736,18.7808303833,127256,19.4300003052,24.6000003815,12.0500001907,12.5699996948,33.0200004578,11.3199996948,18.5300006866,30.2330093384,12.6499996185,10.3142852783,22.7800006866,6.44000005722,19.8299999237,127256,0,0,0,0,0,0,0,0,0,0,0,0,0,0,19.8899993896,25.4799995422,12.5,12.6599998474,34.4799995422,11.6999998093,19.1399993896,30.8155326843,12.9600000381,10.9428567886,23.1499996185,6.57999992371,20.1399993896,131139,19.4300003052,23.75,12.0399999619,12.3400001526,32.7799987793,11.0600004196,18.5,30.0097084045,12.3900003433,10.2285709381,22.6900005341,6.15999984741,19.5400009155,126466,19.8899993896,25.4799995422,12.4200000763,12.4799995422,34.4799995422,11.6999998093,19.1399993896,30.660194397,12.8900003433,10.8000001907,23.0200004578,6.57999992371,20.1399993896,131139,0,0,0,0,0,0,0,0,0,0,0,0,0,0,3782200,2545700,38448800,48847400,7358600,4512700,2429400,32585286,23822500,42220815,2931700,3071700,4469100,13176400
2025-04-07,16.5694274902,22.0074672699,11.1381387711,11.0896911621,32.2751579285,10.4574174881,17.7073822021,27.427734375,11.0515890121,9.28777885437,21.6245517731,4.37959957123,18.2694015503,125588,19.1499996185,24.2199993134,11.9499998093,12.3599996567,33.6500015259,10.9200000763,18.5,30.291261673,12.1199998856,9.65714168549,22.6900005341,6.26000022888,19.2900009155,125588,0,0,0,0,0,0,0,0,0,0,0,0,0,0,19.75,24.7199993134,12.25,12.6700000763,34.4500007629,11.3599996567,18.8700008392,30.6990299225,12.75,10.3619041443,23.0499992371,6.59999990463,19.9200000763,128411,18.9599990845,23.2999992371,11.6199998856,12.1400003433,32.2700004578,10.6000003815,18.0400009155,29.6504840851,12.029999733,9.57142829895,22.1599998474,6.15999984741,19.0200004578,123876,19.1900005341,23.7800006866,11.8599996567,12.3900003433,32.6100006104,11.0699996948,18.25,30,12.3900003433,9.91428470612,22.5699996948,6.25,19.2800006866,127229,0,0,0,0,0,0,0,0,0,0,0,0,0,0,3652100,2822900,50560500,50116900,10317700,4039000,3281100,33261069,26951700,56328930,4753800,1669100,2820000,14045900
2025-04-08,16.6040401459,22.4890537262,10.9424057007,10.7846364975,32.2271995544,10.3712301254,17.5829524994,27.4365291595,10.933049202,8.04208087921,21.9581184387,4.48454236984,18.2883415222,123932,19.1900005341,24.75,11.7399997711,12.0200004578,33.5999984741,10.8299999237,18.3700008392,30.3009700775,11.9899997711,8.36190414429,23.0400009155,6.40999984741,19.3099994659,123932,0,0,0,0,0,0,0,0,0,0,0,0,0,0,19.6100006104,24.9500007629,12.1700000763,12.5399999619,34.4000015259,11.3299999237,18.8400001526,30.8446598053,12.5699996948,9.92380905151,23.6100006104,6.61000013351,19.8899993896,127652,19,24.0200004578,11.6499996185,11.9099998474,33.3899993896,10.7100000381,18.2600002289,30.0873775482,11.9099998474,8.31428527832,22.7000007629,6.32000017166,19.0900001526,123454,19.2000007629,24.7399997711,12.0200004578,12.470000267,33.6500015259,11.1199998856,18.5799999237,30.6213588715,12.3000001907,9.89523792267,22.7000007629,6.38000011444,19.4699993134,125588,0,0,0,0,0,0,0,0,0,0,0,0,0,0,3488200,2780800,35507800,56053800,14001200,3075500,2108800,37102660,17882800,56292285,10179500,2616900,2184800,12814700
2025-04-09,16.9414806366,23.3795280457,11.3431940079,11.1883869171,32.6396331787,11.1181869507,18.0519580841,27.9376125336,11.6351728439,8.94887542725,22.5204124451,4.67343854904,18.9418373108,127796,19.5799999237,25.7299995422,12.1700000763,12.470000267,34.0299987793,11.6099996567,18.8600006104,30.8543682098,12.7600002289,9.30476093292,23.6299991608,6.67999982834,20,127796,0,0,0,0,0,0,0,0,0,0,0,0,0,0,19.9300003052,25.7600002289,12.25,12.6199998856,34.8199996948,11.75,19.2000007629,31.4077663422,12.779999733,9.39999961853,23.7999992371,6.73999977112,20.3199996948,128649,18.8099994659,24.2700004578,11.6000003815,11.8199996948,32.5499992371,10.5399999619,18.0799999237,29.9223308563,11.7700004578,8.07618999481,22.5699996948,6.26000022888,18.9200000763,122887,18.9200000763,24.4799995422,11.6199998856,11.9099998474,33.4000015259,10.6000003815,18.1299991608,30.0970878601,11.8599996567,8.24761867523,22.8700008392,6.26999998093,19.0100002289,123928,0,0,0,0,0,0,0,0,0,0,0,0,0,0,4855500,3623600,71372100,64688900,14262400,4047500,3248600,37906369,28772800,56130060,6363800,2198900,3776700,16919800
2025-04-10,16.984746933,22.9252033234,11.0542535782,11.1704416275,32.2080154419,11.2043762207,17.8222427368,27.8233356476,11.5531053543,9.35189628601,22.377456665,4.47054958344,18.8092441559,126355,19.6299991608,25.2299995422,11.8599996567,12.4499998093,33.5800018311,11.6999998093,18.6200008392,30.7281551361,12.6700000763,9.72380924225,23.4799995422,6.38999986649,19.8600006104,126355,0,0,0,0,0,0,0,0,0,0,0,0,0,0,19.6299991608,25.7800006866,12.1700000763,12.4499998093,33.7099990845,11.7899999619,18.8700008392,31.1067962646,12.9600000381,9.9904756546,23.7000007629,6.69999980927,20.2199993134,127797,19.2299995422,25.0400009155,11.75,12.1599998474,32.9900016785,11.2899999619,18.3299999237,30.2233009338,12.4899997711,9.12380886078,23.0300006866,6.34000015259,19.5400009155,124895,19.4699993134,25.3999996185,12.1599998474,12.3900003433,33.7099990845,11.5699996948,18.6299991608,30.7378635406,12.6499996185,9.23809528351,23.3400001526,6.69000005722,19.8999996185,127796,0,0,0,0,0,0,0,0,0,0,0,0,0,0,3170800,973200,37053200,29807400,8755800,2979100,1789400,36347258,19449300,43742055,4408900,1440300,2705600,11456300
2025-04-11,17.0885753632,23.8429393768,11.1288175583,11.3229703903,32.198425293,11.5395498276,18.1859607697,27.9639854431,11.6716470718,9.59004402161,22.6824302673,4.61047315598,18.8471279144,127682,19.75,26.2399997711,11.9399995804,12.6199998856,33.5699996948,12.0500001907,19,30.8834953308,12.8000001907,9.97142791748,23.7999992371,6.59000015259,19.8999996185,127682,0,0,0,0,0,0,0,0,0,0,0,0,0,0,19.9599990845,26.4400005341,12,12.8000001907,33.8400001526,12.1599998474,19.0599994659,31.1941738129,12.9799995422,10.0380954742,23.9599990845,6.63000011444,20.1100006104,128386,19.5,25.1000003815,11.7100000381,12.4499998093,33.3100013733,11.7100000381,18.5300006866,30.5242710114,12.5399999619,9.55237960815,23.25,6.30000019073,19.4300003052,126078,19.6900005341,25.4400005341,11.9499998093,12.5200004578,33.7599983215,11.8400001526,18.7800006866,30.8349514008,12.75,9.8476190567,23.6599998474,6.44000005722,20.0300006866,126355,0,0,0,0,0,0,0,0,0,0,0,0,0,0,3495400,2167800,46094000,28170600,8776800,4056000,2297200,28350853,15532900,28795725,5227400,1491200,3178400,10084200
2025-04-14,17.3568000793,24.3426971436,11.3431940079,11.421664238,32.9753303528,11.8938760757,18.5688209534,28.4211120605,11.8631343842,9.60836315155,23.0636482239,4.77838087082,19.1312541962,129454,20.0599994659,26.7900009155,12.1700000763,12.7299995422,34.3800010681,12.4200000763,19.3999996185,31.3883495331,13.0100002289,9.9904756546,24.2000007629,6.82999992371,20.2000007629,129454,0,0,0,0,0,0,0,0,0,0,0,0,0,0,20.1800003052,26.8700008392,12.25,12.8299999237,34.5,12.6400003433,19.8099994659,31.5728149414,13.2299995422,10.4857139587,24.4500007629,6.94999980927,20.25,129955,19.7800006866,26.0699996948,11.9399995804,12.5799999237,33.6199989319,12.1700000763,19.1499996185,31.0388336182,12.970000267,9.67619037628,23.9699993134,6.71999979019,19.8400001526,127683,19.8999996185,26.5799999237,12.2299995422,12.8000001907,33.7400016785,12.1899995804,19.1499996185,31.2233009338,13.1099996567,10.2952375412,24.0699996948,6.71999979019,20.25,127683,0,0,0,0,0,0,0,0,0,0,0,0,0,0,4476000,1063300,35402500,18681300,6055800,3596700,3972200,27027200,13359500,28517895,4937200,1113700,3308000,10608700
2025-04-15,17.3048858643,24.5335121155,11.4270792007,11.4306373596,32.8985939026,11.9226045609,18.6741104126,28.7815437317,11.6716470718,9.57172489166,22.9397525787,5.00225830078,18.9891910553,129245,20,27,12.2600002289,12.7399997711,34.2999992371,12.4499998093,19.5100002289,31.7864074707,12.8000001907,9.95238018036,24.0699996948,7.15000009537,20.0499992371,129245,0,0,0,0,0,0,0,0,0,0,0,0,0,0,20.0499992371,27.1599998474,12.3500003815,12.8500003815,34.5999984741,12.4600000381,19.6000003815,31.8349514008,13.1000003815,10.2666664124,24.2700004578,7.26999998093,20.1100006104,129927,19.6399993896,26.25,12.0600004196,12.6999998093,34.0699996948,12.1499996185,19.1000003815,31.262134552,12.7899999619,9.75238037109,23.7999992371,6.73000001907,19.8199996948,128951,19.8600006104,26.5300006866,12.0799999237,12.720000267,34.3699989319,12.3999996185,19.3600006104,31.3495140076,12.9499998093,10,24.0799999237,6.82999992371,20.0599994659,129452,0,0,0,0,0,0,0,0,0,0,0,0,0,0,4385500,1127500,30452400,20639200,4435700,3019200,2111700,25716216,12927800,24270750,2688600,3157100,1836000,8837800
2025-04-16,17.270275116,24.7334136963,11.2406663895,11.4126939774,32.6396331787,11.8268413544,18.6358242035,28.7375926971,11.5257511139,9.48012924194,22.987405777,5.02324676514,18.3451690674,128317,19.9599990845,27.2199993134,12.0600004196,12.720000267,34.0299987793,12.3500003815,19.4699993134,31.7378635406,12.6400003433,9.85714244843,24.1200008392,7.17999982834,19.3700008392,128317,0,0,0,0,0,0,0,0,0,0,0,0,0,0,20.1200008392,27.5,12.220000267,12.9600000381,34.3800010681,12.6599998474,19.7000007629,31.9611644745,12.8400001526,10.0952377319,24.5,7.21999979019,20.0900001526,129605,19.7399997711,26.3299999237,12,12.6800003052,33.7099990845,12.1800003052,19.2000007629,31.5533981323,12.4600000381,9.73333263397,23.8099994659,6.96000003815,19.1800003052,128149,19.9400005341,26.7999992371,12.1499996185,12.6899995804,34.1100006104,12.2899999619,19.3299999237,31.6504840851,12.6800003052,9.86666584015,23.8099994659,7.13999986649,20.0900001526,129245,0,0,0,0,0,0,0,0,0,0,0,0,0,0,3850100,2343100,48582300,29640200,5708900,2739500,2223300,32431301,12779500,21185430,5212100,1467700,3756000,11540200
2025-04-17,17.4865875244,25.0787029266,11.3525152206,11.4665260315,33.3110313416,12.1811676025,18.9708271027,28.7903366089,11.6716470718,9.3427362442,23.0064640045,5.29609727859,18.8660697937,129650,20.2099990845,27.6000003815,12.1800003052,12.779999733,34.7299995422,12.720000267,19.8199996948,31.7961158752,12.8000001907,9.71428489685,24.1399993896,7.57000017166,19.9200000763,129650,0,0,0,0,0,0,0,0,0,0,0,0,0,0,20.3899993896,28,12.25,12.8900003433,34.7299995422,12.8699998856,19.9899997711,31.8737869263,12.9099998474,9.98095226288,24.4400005341,7.59999990463,19.9200000763,130091,19.7900009155,26.9099998474,11.9600000381,12.6099996567,33.8300018311,12.3000001907,19.2800006866,31.4174747467,12.5200004578,9.67619037628,23.8799991608,7.13000011444,19.1299991608,127973,20,27.2900009155,12.0100002289,12.7700004578,34.25,12.3999996185,19.3700008392,31.6213588715,12.5600004196,9.91428470612,23.8899993896,7.15999984741,19.3700008392,128316,0,0,0,0,0,0,0,0,0,0,0,0,0,0,4088000,2002600,16597800,26318600,6110000,2834400,2766100,20502356,14522900,28199640,5062400,1336200,2305500,9983400
2025-04-22,17.5038890839,25.4421615601,11.5762090683,11.421664238,33.5220451355,12.123708725,19.1247119904,29.3529605865,11.6807641983,9.28777885437,23.1494235992,5.14218139648,19.0081329346,130464,20.2299995422,28,12.4200000763,12.7299995422,34.9500007629,12.6599998474,19.4699993134,32.4174766541,12.8100004196,9.65714168549,24.2900009155,7.34999990463,20.0699996948,130464,0,0,0,0,0,0,0.506662,0,0,0,0,0,0,0,20.5400009155,28.0300006866,12.4899997711,12.8400001526,35.2599983215,12.8299999237,19.8099994659,32.5631065369,12.9300003052,9.94285678864,24.5499992371,7.57999992371,20.1599998474,130877,20.1100006104,27.0200004578,12.0900001526,12.6000003815,34.3100013733,12.5500001907,19.3199996948,31.6699028015,12.5600004196,9.33333301544,23.9500007629,7.32000017166,19.4400005341,128726,20.2099990845,27.5499992371,12.1000003815,12.720000267,34.3100013733,12.6300001144,19.3700008392,31.7475719452,12.720000267,9.70476055145,23.9500007629,7.55999994278,19.6100006104,129650,0,0,0,0,0,0,0,0,0,0,0,0,0,0,3487100,1246800,24950100,23746500,5247900,2456200,2795700,21624747,8556600,27106800,1581400,1112000,2415800,8605300
2025-04-23,17.8271198273,25.6784095764,11.7905826569,11.7984981537,34.2605819702,12.3726959229,19.4292163849,29.9683189392,11.7719488144,8.7382068634,23.3400287628,5.26811265945,19.4195995331,132216,20.5,28.2600002289,12.6499996185,13.1499996185,35.7200012207,12.9200000763,19.7800006866,33.0970878601,12.9099998474,9.08571434021,24.4899997711,7.53000020981,19.8299999237,132216,0.101692,0,0,0,0,0,0,0,0,0,0,0,0.660163,0,20.7299995422,29.2999992371,12.8400001526,13.2299995422,35.9500007629,13.0900001526,20.0699996948,33.1747550964,13.1999998093,10.0285711288,24.9599990845,7.88000011444,20.1100006104,133318,20.3299999237,28.25,12.529999733,12.8199996948,35.3100013733,12.6800003052,19.6900005341,32.5728149414,12.9099998474,9.05714225769,24.3999996185,7.5,19.6499996185,130468,20.3600006104,28.3099994659,12.529999733,12.8199996948,35.3499984741,12.779999733,19.7299995422,32.7087364197,13.1000003815,9.87619018555,24.5599994659,7.51000022888,19.8299999237,130468,0,0,0,0,0,0,0,0,0,0,0,0,0,0,3456000,1710400,34484400,38980300,6784300,4547200,2069900,28074813,18437200,36383025,4008100,2086700,2435700,11342700
2025-04-24,18.3401985168,26.8869132996,12.3684616089,11.9869155884,34.6250534058,12.8610916138,19.9498157501,30.5485267639,12.4467163086,9.68163871765,23.969039917,5.69487905502,20.0757331848,134580,21.0900001526,29.5900001526,13.2700004578,13.3599996567,36.0999984741,13.4300003052,20.3099994659,33.737865448,13.6499996185,10.0666656494,25.1499996185,8.14000034332,20.5,134580,0,0,0,0,0,0,0,0,0,0,0,0,0,0,21.25,29.6700000763,13.3000001907,13.4499998093,36.4700012207,13.4899997711,20.4400005341,33.7961158752,13.75,10.0666656494,25.4200000763,8.23999977112,20.5900001526,134938,20.5400009155,28.1800003052,12.6800003052,13.1599998474,35.5800018311,12.8400001526,19.8500003815,33.0776672363,12.970000267,9.12380886078,24.6200008392,7.59000015259,19.8199996948,132223,20.6499996185,28.1800003052,12.6999998093,13.1899995804,36.0800018311,12.9200000763,20.0200004578,33.1553382874,13.0100002289,9.15237998962,24.6200008392,7.59000015259,19.8799991608,132245,0,0,0,0,0,0,0,0,0,0,0,0,0,0,4351900,1826300,57242400,28878200,7774800,3745700,2401200,27701953,14287700,39585210,5539100,1998400,2902800,14113400
2025-04-25,18.3662834167,27.5683994293,12.4803085327,12.0048599243,35.1046218872,12.8515148163,19.8810558319,30.4342403412,12.6199684143,9.57172489166,24.3026046753,5.67388963699,20.7024879456,134739,21.1200008392,30.3400001526,13.3900003433,13.3800001144,36.5999984741,13.4200000763,20.2399997711,33.6116485596,13.8400001526,9.95238018036,25.5,8.10999965668,21.1399993896,134739,0,0,0,0,0,0,0,0,0,0,0,0,0,0,21.2700004578,30.4099998474,13.4399995804,13.5100002289,36.75,13.6599998474,20.5599994659,33.9514541626,14.0100002289,10.1904764175,25.6399993896,8.25,21.2700004578,134992,20.8799991608,29.4799995422,13.0399999619,13.2899999619,35.9599990845,13.2299995422,20.1299991608,33.4951438904,13.5900001526,9.8476190567,24.6800003052,7.98000001907,20.3999996185,134186,21.2000007629,29.7800006866,13.1099996567,13.3500003815,36.0999984741,13.3699998856,20.2999992371,33.737865448,13.6400003433,10.1714277267,25.5,8.06999969482,20.6000003815,134579,0,0,0,0,0,0,0,0,0,0,0,0,0,0,5601000,2127600,37617800,26229400,8555400,3705800,1885400,32716096,15879100,20091540,10363400,1123700,4070400,13051800
2025-04-28,18.3662834167,28.0772418976,12.5082702637,11.9779443741,35.6033782959,12.8515148163,19.831943512,30.7595043182,13.0394182205,9.43508243561,23.969039917,5.76484107971,20.9962806702,135016,21.1200008392,30.8999996185,13.4200000763,13.3500003815,37.1199989319,13.4200000763,20.1900005341,33.9708747864,14.3000001907,9.52380943298,25.1499996185,8.23999977112,21.4400005341,135016,0,0,0,0,0,0,0,0,0,0.290643,0,0,0,0,21.3700008392,31.8199996948,13.6800003052,13.5699996948,37.3100013733,13.6300001144,20.5,34.0485420227,14.6099996567,9.94285678864,25.8199996948,8.35000038147,22.0400009155,135709,20.9300003052,30.1399993896,13.3599996567,13.3199996948,36.5600013733,13.3000001907,20.1599998474,33.4660186768,13.9099998474,9.40952301025,25.0699996948,8.13000011444,21.2199993134,134711,21.2700004578,30.3700008392,13.4300003052,13.3900003433,36.8800010681,13.4099998474,20.3600006104,33.601940155,13.9399995804,9.77142810822,25.75,8.15999984741,21.3199996948,134741,0,0,0,0,0,0,0,0,0,0,0,0,0,0,2966600,2648700,34401500,19185700,7502500,2276700,1822600,15664343,15860500,24289965,6269800,1264700,4745400,11449700
2025-04-29,18.4097614288,28.1499347687,12.3311796188,12.1125259399,35.8719444275,12.5354938507,19.9596366882,31.0056533813,13.2582607269,9.41621112823,24.2644805908,5.6109251976,21.0942115784,135093,21.1700000763,30.9799995422,13.2299995422,13.5,37.4000015259,13.0900001526,20.3199996948,34.2427177429,14.5399999619,9.50476074219,25.4599990845,8.02000045776,21.5400009155,135093,0,0,0,0,0,0,0,0,0,0,0,0,0,0,21.4599990845,31.6800003052,13.5900001526,13.6400003433,37.4599990845,13.470000267,20.6599998474,34.3883476257,14.9799995422,10.1142854691,25.7700004578,8.42000007629,22.2199993134,136150,21.0300006866,30.5599994659,13.2299995422,13.3299999237,36.9700012207,13.0399999619,19.8199996948,33.8349494934,14.3000001907,9.45714187622,25.2000007629,8.02000045776,21.5300006866,134899,21.1200008392,30.8999996185,13.3199996948,13.3400001526,37.1199989319,13.3100004196,19.9899997711,33.9805831909,14.3199996948,9.60952281952,25.2000007629,8.30000019073,21.5300006866,135017,0,0,0,0,0,0,0,0,0,0,0,0,0,0,4155400,1697000,46192900,29771000,8055700,4764500,2333900,25215842,15482000,35508375,4668900,823400,4634000,12761100
2025-04-30,18.4880237579,28.9313716888,12.5735149384,12.3188877106,36.5529327393,12.7461748123,20.175737381,31.2781715393,13.3220901489,8.7934961319,24.5313339233,5.69487905502,21.6524143219,135067,21.2600002289,31.8400001526,13.4899997711,13.7299995422,38.1100006104,13.3100004196,20.5400009155,34.5436897278,14.6099996567,8.87619018555,25.7399997711,8.14000034332,22.1100006104,135067,0,0,0,0,0,0,0,0,0,0,0,0,0,0,21.4799995422,31.8400001526,13.4899997711,13.75,38.3400001526,13.5399999619,20.5900001526,34.6407775879,14.8800001144,9.60000038147,25.9300003052,8.18000030518,22.3299999237,135171,21.0400009155,30.7600002289,13.1300001144,13.3299999237,37.1800003052,12.8299999237,20,34.0097084045,14.3699998856,8.82857131958,25.2000007629,7.84000015259,21.2999992371,133955,21.2000007629,30.9799995422,13.1800003052,13.3999996185,37.3100013733,13.029999733,20.1800003052,34.0291252136,14.4899997711,9.56190395355,25.2600002289,8.03999996185,21.4400005341,135094,0,0,0,0,0,0,0,0,0,0,0,0,0,0,2973700,2365200,60556100,55291100,9105400,2641300,4809000,32424606,14584400,27377700,5829100,1419600,5290800,15452400
2025-05-02,18.7402153015,28.8768539429,12.4057435989,12.0586948395,36.2076416016,12.6864185333,20.5391750336,31.1969432831,13.5682888031,8.80293083191,24.7600650787,5.61792087555,21.6524143219,135134,21.5499992371,31.7800006866,13.3100004196,13.4399995804,37.75,13.2100000381,20.9099998474,34.4368934631,14.8800001144,8.88571357727,25.9799995422,8.02999973297,22.1100006104,135134,0,0,0,0,0,0.037778,0,0.017136,0,0,0,0,0,0,21.8400001526,31.9099998474,13.4799995422,13.75,38.2299995422,13.279999733,21.1100006104,34.6407775879,14.8800001144,9.02857112885,26.3500003815,8.19999980927,22.3299999237,135275,21.2600002289,30.9799995422,13.2600002289,13.4200000763,37.5600013733,12.8999996185,20.6000003815,33.737865448,14.5200004578,8.72380924225,25.8299999237,7.84000015259,21.8400001526,134355,21.5100002289,31.5799999237,13.4099998474,13.6700000763,37.6500015259,13.279999733,20.8099994659,34.3883476257,14.720000267,8.96190357208,26.3199996948,8.18000030518,22.1700000763,135067,0,0,0,0,0,0,0,0,0,0,0,0,0,0,4440900,1570800,35156600,27262900,8443000,3227900,5226400,39184393,18985200,15879465,6772200,1256800,2873600,12739100
2025-05-05,18.5141162872,29.767326355,12.312538147,11.9499235153,35.9390830994,12.2638587952,20.2248497009,30.6428356171,13.3585634232,8.3594827652,24.5122737885,5.42902469635,22.0343418121,133491,21.2900009155,32.7599983215,13.2100000381,13.3000001907,37.4700012207,12.7700004578,20.5900001526,33.8252410889,14.6499996185,8.43809509277,25.7199993134,7.76000022888,22.5,133491,0,0,0,0.018942,0,0,0,0,0,0,0,0,0,0,21.6900005341,33.1399993896,13.3299999237,13.5799999237,38.0800018311,13.3599996567,21.1299991608,34.3592224121,15.2100000381,8.9904756546,26.2299995422,8.05000019073,22.6299991608,135198,21.1399993896,31.7399997711,13.1499996185,13.2399997711,37.3400001526,12.7100000381,20.5400009155,33.737865448,14.6499996185,8.40952301025,25.6200008392,7.65000009537,22.0400009155,133390,21.6000003815,31.9799995422,13.3000001907,13.4499998093,37.9199981689,13.2100000381,20.9899997711,34.2233009338,14.8199996948,8.88571357727,25.8500003815,8.02999973297,22.2000007629,135131,0,0,0,0,0,0,0,0,0,0,0,0,0,0,2689500,3015400,21723000,32690500,5567500,2930300,1856800,28440154,13127200,20914215,3948200,1140100,2455400,10796300
2025-05-06,18.4445457458,29.7128105164,12.2659339905,11.8960132599,35.8335762024,12.3310832977,20.0873317719,30.4845237732,13.048535347,8.24626064301,24.4741535187,5.34507036209,21.5936546326,133516,21.2099990845,32.7000007629,13.1599998474,13.2399997711,37.3600006104,12.8400001526,20.4500007629,33.6504859924,14.3100004196,8.32380867004,25.6800003052,7.63999986649,22.0499992371,133516,0,0,0,0,0,0,0,0,0,0,0,0,0,0,21.5100002289,33.7200012207,13.220000267,13.2899999619,37.5200004578,13.0500001907,20.8400001526,33.8640785217,14.7899999619,8.63809490204,26.0200004578,7.90000009537,22.9099998474,134135,21.1499996185,32.2000007629,13.0699996948,13.1199998856,37.1800003052,12.6499996185,20.3999996185,33.4174766541,14.1700000763,8.22857093811,25.4799995422,7.55000019073,21.9300003052,133260,21.25,32.7999992371,13.1999998093,13.25,37.5200004578,12.8500003815,20.8400001526,33.8058242798,14.6800003052,8.57142829895,25.75,7.78999996185,22.5100002289,133499,0,0,0,0,0,0,0,0,0,0,0,0,0,0,1991400,2955700,38505300,26635800,4624200,1825000,1382300,17773062,29236000,18405240,4086800,1760600,3161800,11139700
2025-05-07,18.2445354462,28.6224308014,12.2566127777,11.7163171768,36.2555961609,12.3694982529,19.9498157501,30.8187465668,13.1032476425,8.05755996704,24.1119937897,5.53396654129,21.3977947235,133398,20.9799995422,31.5,13.1499996185,13.0399999619,37.7999992371,12.8800001144,20.3099994659,34.0194168091,14.3699998856,8.13333320618,25.2999992371,7.90999984741,21.8500003815,133398,0,0,0,0,0,0,0,0,0,0,0,0,0,0,21.3500003815,33.3699989319,13.25,13.3599996567,37.8400001526,12.9799995422,20.75,34.1165046692,14.4799995422,8.41904735565,25.8500003815,7.90999984741,22.2999992371,134110,20.8899993896,31.2600002289,12.9499998093,12.9499998093,37.4099998474,12.4099998474,20.2199993134,33.7184448242,13.9899997711,8.06666564941,25.1499996185,7.5,21.3899993896,132872,21.3400001526,32.9900016785,13.2399997711,13.2899999619,37.6899986267,12.8699998856,20.4300003052,33.9029121399,14.4300003052,8.40952301025,25.8500003815,7.63000011444,22.2000007629,133517,0,0,0,0,0,0,0,0,0,0,0,0,0,0,1916300,2583800,32650800,45197400,4657900,3185000,2209000,13799837,11339700,15524355,3258300,1550300,2720600,9938200
2025-05-08,18.7402153015,34.9284515381,13.2818822861,13.5492353439,38.4520378113,14.0213260651,20.8829669952,31.0650196075,14.0789232254,8.51044368744,24.7981872559,5.67388963699,21.4467582703,136232,21.5499992371,38.4399986267,14.25,15.0799999237,40.0900001526,14.6000003815,21.2600002289,34.2912635803,15.4399995804,8.59047603607,26.0200004578,8.10999965668,21.8999996185,136232,0,0,0,0,0,0,0,0,0,0,0,0,0,0,21.9500007629,39.0600013733,14.529999733,15.2899999619,40.5900001526,15.1499996185,21.5799999237,34.9514541626,15.7399997711,8.91428470612,26.3400001526,8.36999988556,22.3199996948,137635,21.3700008392,34.5999984741,13.4600000381,14.5,38.2200012207,13.5900001526,20.6800003052,34.1165046692,14.6800003052,8.31428527832,25.75,7.76999998093,20.5599994659,133458,21.4300003052,34.5999984741,13.4799995422,14.5,38.2200012207,13.6499996185,20.75,34.5631065369,14.8299999237,8.40952301025,26.3400001526,8.07999992371,21.5100002289,133458,0,0,0,0,0,0,0,0,0,0,0,0,0,0,4446800,12953800,206214600,218670200,19387200,9693700,5841000,34181683,45366400,24839115,5176100,1835200,11994300,17202900
2025-05-09,18.6358623505,34.7012901306,13.5428590775,13.5851764679,39.1426239014,14.1269655228,20.391834259,32.7449302673,14.7719278336,7.91603374481,24.4646224976,5.64590549469,20.6633167267,136512,21.4300003052,38.1899986267,14.529999733,15.1199998856,40.8100013733,14.7100000381,20.7600002289,36.1456298828,16.2000007629,7.99047613144,25.6700000763,8.06999969482,21.1000003815,136512,0,0,0,0,0,0,0,0,0,0,0,0,0,0,21.6399993896,38.7900009155,14.6199998856,15.3400001526,41,14.8500003815,21.3600006104,36.1650466919,16.5,8.46666622162,26.1299991608,8.22000026703,22.0799999237,137286,21.3500003815,36.6100006104,14.1999998093,14.8299999237,39.8400001526,14.1800003052,20.6000003815,34.7475738525,15.779999733,7.53333282471,25.6200008392,7.73999977112,20.7399997711,136105,21.4799995422,38.2000007629,14.3000001907,15.0200004578,39.9000015259,14.5,21.1599998474,35.339805603,16.2199993134,8.42857074738,25.8600006104,8.10000038147,21.9099998474,136232,0,0,0,0,0,0,0,0,0,0,0,0,0,0,3384700,3984900,87134400,58078200,14974100,3174900,9721600,59744738,38056400,51607500,3273500,1663800,4881500,13881800
2025-05-12,18.4010696411,35.8552742004,13.3844079971,13.3875083923,38.1259307861,14.6839771271,20.0873317719,32.0852737427,14.9998893738,8.2840013504,24.1310558319,5.41503190994,21.035451889,136563,21.1599998474,39.4599990845,14.3599996567,14.8999996185,39.75,15.2899999619,20.4500007629,35.4174766541,16.4500007629,8.36190414429,25.3199996948,7.73999977112,21.4799995422,136563,0,0,0,0,0,0,0,0,0,0,0,0,0,0,21.5400009155,39.4799995422,14.5900001526,15.1999998093,41.0499992371,15.3000001907,20.9799995422,36.3495140076,16.5799999237,8.59047603607,25.8899993896,8.30000019073,21.7800006866,137519,21.1200008392,38.0699996948,14.2600002289,14.7899999619,39.2999992371,14.470000267,20.3199996948,35.1941757202,16.2299995422,8.11428546906,25.2000007629,7.73999977112,20.9400005341,136356,21.4400005341,38.2700004578,14.5100002289,15.1599998474,40.4599990845,14.8299999237,20.9799995422,36.3495140076,16.3299999237,8.18095207214,25.8199996948,8.14999961853,21.2399997711,136516,0,0,0,0,0,0,0,0,0,0,0,0,0,0,3027000,2585600,71564100,28273600,12741200,3532400,1891800,27701747,20690500,25225725,3180200,873700,3735600,10915800
2025-05-13,18.9054412842,37.536277771,13.9343252182,13.6750268936,38.8932418823,15.3082141876,21.1187114716,32.4810600281,15.3646297455,8.64253520966,24.7028808594,5.82080936432,21.6817913055,138963,21.7399997711,41.3100013733,14.9499998093,15.220000267,40.5499992371,15.9399995804,21.5,35.8543663025,16.8500003815,8.72380924225,25.9200000763,8.31999969482,22.1399993896,138963,0,0,0,0,0,0,0,0,0,0,0,0,0,0,21.9099998474,41.7999992371,15.0100002289,15.25,41.0600013733,16.0400009155,21.5300006866,36.0291252136,17.3799991608,8.96190357208,26.0400009155,8.5,22.5900001526,139419,21.0799999237,39.3600006104,14.6499996185,14.8999996185,39.5200004578,15.2700004578,20.3400001526,35.4563102722,16.5200004578,8.13333320618,25.1499996185,7.71000003815,21.5799999237,136550,21.1599998474,39.6899986267,14.7100000381,14.8999996185,39.6599998474,15.3000001907,20.5599994659,35.6116485596,16.5699996948,8.39999961853,25.2700004578,7.75,21.6100006104,136565,0,0,0,0,0,0,0,0,0,0,0,0,0,0,5323200,3370300,58164100,41967000,10157700,3508600,5215700,25374256,23754800,40216260,4067800,1780800,4083800,13071200
2025-05-14,18.6967353821,38.1632423401,13.654706955,13.6570539474,38.749370575,15.3466281891,20.9517250061,32.7009468079,15.3463916779,8.82180118561,24.4646224976,5.61792087555,22.5827522278,138423,21.5,42,14.6499996185,15.1999998093,40.4000015259,15.9799995422,21.3299999237,36.0970878601,16.8299999237,8.90476131439,25.6700000763,8.02999973297,23.0599994659,138423,0,0,0,0,0,0,0,0,0,0,0,0,0,0,21.9300003052,42,15.1099996567,15.3900003433,40.9900016785,16.3500003815,21.7299995422,36.2524261475,17.2700004578,9.01904678345,26.1299991608,8.53999996185,23.0900001526,139362,21.3199996948,40.6899986267,14.4799995422,15.1499996185,40.1399993896,15.8100004196,21.1599998474,35.737865448,16.7099990845,8.48571395874,25.4400005341,8.02000045776,22.0799999237,138228,21.8799991608,41.5,14.8900003433,15.2100000381,40.4799995422,15.8999996185,21.6200008392,35.8640785217,16.8600006104,8.66666603088,26.0200004578,8.30000019073,22.1499996185,138965,0,0,0,0,0,0,0,0,0,0,0,0,0,0,4642300,1906700,47283900,44162100,8310400,3936500,2521900,18405585,11987100,31186785,3354500,1056200,4694400,11155300
2025-05-15,18.9837112427,39.3535728455,13.7665529251,13.7918300629,38.8548736572,15.8460187912,21.3839244843,33.1407051086,15.8843812943,9.15202999115,24.6266384125,5.63890981674,23.6403999329,139334,21.8299999237,43.3100013733,14.7700004578,15.3500003815,40.5099983215,16.5,21.7700004578,36.5825233459,17.4200000763,9.23809528351,25.8400001526,8.06000041962,24.1399993896,139334,0,0,0,0,0,0,0,0,0,0,0,0,0,0,21.8299999237,43.5600013733,14.8699998856,15.5399999619,40.8400001526,16.8799991608,21.8600006104,36.6699028015,17.5400009155,9.37142753601,25.9899997711,8.27999973297,24.4400005341,139408,21.3999996185,41.7000007629,14.5399999619,15.25,40.0400009155,15.8999996185,21.3199996948,36.1359214783,16.8199996948,8.86666584015,25.4400005341,8,23.0300006866,138321,21.4899997711,41.9900016785,14.6400003433,15.2700004578,40.2999992371,15.8999996185,21.5,36.2718429565,16.8500003815,8.86666584015,25.5599994659,8.03999996185,23.1000003815,138425,0,0,0,0,0,0,0,0,0,0,0,0,0,0,4751700,2915100,43622900,37314300,7344300,3369400,2571800,27141221,21997400,33717180,5188000,1247700,8681600,11500800
2025-05-16,18.9402294159,39.8896751404,13.7665529251,13.8367547989,38.3081626892,15.9516592026,21.5116176605,33.3342132568,15.9846830368,9.2275094986,24.8744297028,5.6598982811,23.4249534607,139187,21.7800006866,43.9000015259,14.7700004578,15.3999996185,39.9399986267,16.6100006104,21.8999996185,36.7961158752,17.5300006866,9.31428527832,26.1000003815,8.09000015259,23.9200000763,139187,0,0,0,0,0,0,0,0,0,0,0,0,0,0,21.8600006104,43.9000015259,14.8999996185,15.4399995804,40.5,16.7800006866,21.9400005341,36.8932037354,17.5900001526,9.32380867004,26.1000003815,8.14000034332,24.2600002289,139335,21.3999996185,42.75,14.6099996567,15.1899995804,39.5499992371,16.2800006866,21.3099994659,36.2815513611,17.2900009155,8.96190357208,25.5499992371,7.86999988556,23.8600006104,137713,21.7099990845,43.0099983215,14.6400003433,15.25,40.5,16.2900009155,21.8099994659,36.5825233459,17.3099994659,9.04761886597,25.6100006104,7.90999984741,24.1399993896,139335,0,0,0,0,0,0,0,0,0,0,0,0,0,0,3302900,1568300,24313700,35982000,6980500,2463000,2433900,30524874,10773800,20626935,3045100,744300,3109900,12106000
2025-05-19,19.1924190521,40.8891868591,13.8131570816,13.9625434875,38.8452835083,16.8832130432,21.6687793732,33.7299957275,16.4041347504,9.34073066711,25.0936317444,5.70187473297,23.8068809509,139636,22.0699996948,45,14.8199996948,15.5399999619,40.5,17.5799999237,22.0599994659,37.2330093384,17.9899997711,9.42857074738,26.3299999237,8.14999961853,24.3099994659,139636,0,0,0,0,0,0,0,0,0,0,0,0,0,0,22.2199993134,45.0099983215,14.8599996567,15.6599998474,40.7999992371,17.6800003052,22.25,37.4660186768,18.1800003052,9.68571376801,26.4099998474,8.27000045776,24.4799995422,140203,21.6900005341,43.1199989319,14.6599998474,15.3299999237,39.6899986267,16.4500007629,21.7600002289,36.6116485596,17.4599990845,9.17142772675,25.7600002289,8,23.5699996948,138587,21.75,43.5,14.7700004578,15.3599996567,39.75,16.5599994659,21.8799991608,36.7184448242,17.4699993134,9.24761867523,26.1499996185,8.09000015259,23.8500003815,139186,0,0,0,0,0,0,0,0,0,0,0,0,0,0,2958100,1792800,20967500,34562300,6551900,3363500,1618700,25052690,10294100,34666380,2271000,1397000,3200900,9590600
2025-05-20,19.2967700958,39.8533287048,13.9343252182,14.0973157883,38.3848991394,16.8640041351,22.051864624,33.6860237122,16.6868038177,9.05767822266,25.2461185455,5.79282474518,24.3650836945,140110,22.1900005341,43.8600006104,14.9499998093,15.6899995804,40.0200004578,17.5599994659,22.4500007629,37.1844673157,18.2999992371,9.1428565979,26.4899997711,8.27999973297,24.8799991608,140110,0,0,0,0,0,0,0,0,0,0,0,0,0,0,22.2099990845,45.0600013733,14.9499998093,15.7100000381,40.7700004578,17.75,22.4500007629,37.262134552,18.3199996948,9.39047622681,26.5900001526,8.31999969482,24.9899997711,140244,21.7199993134,43.3300018311,14.6499996185,15.4600000381,39.5099983215,17,21.6800003052,36.7572822571,17.7700004578,8.97142791748,25.9099998474,7.96999979019,23.9899997711,138966,22.2000007629,44.9500007629,14.8299999237,15.5500001907,40.7700004578,17.6499996185,22.0499992371,37.262134552,17.9200000763,9.30476093292,26.4699993134,8.18999958038,24.3999996185,139636,0,0,0,0,0,0,0,0,0,0,0,0,0,0,1870600,1603100,23985800,27806300,5509300,3266700,1723300,18517546,13130500,21422415,2182300,1355900,3114900,9650800
2025-05-21,18.8967456818,37.6453132629,13.5148963928,13.8457374573,37.9245071411,16.0380916595,21.3544559479,33.0087814331,16.0576324463,8.68970966339,24.7219429016,5.66689491272,23.5914344788,137881,21.7299995422,41.4300003052,14.5,15.4099998474,39.5400009155,16.7000007629,21.7399997711,36.4368934631,17.6100006104,8.77142810822,25.9400005341,8.10000038147,24.0900001526,137881,0,0,0,0,0,0,0,0,0,0,0,0,0,0,22.1900005341,43.8800010681,14.8999996185,15.6599998474,40,17.5400009155,22.4500007629,37.0873794556,18.2700004578,9.06666564941,26.3199996948,8.22999954224,24.9699993134,140109,21.6900005341,41.4300003052,14.4499998093,15.2700004578,39.1800003052,16.4200000763,21.6599998474,36.1359214783,17.4099998474,8.68571376801,25.8600006104,7.90000009537,23.7999992371,137538,22.1599998474,43.7900009155,14.8699998856,15.6000003815,39.7000007629,17.5400009155,22.4500007629,37.0776672363,18.1700000763,9.06666564941,26.1900005341,8.19999980927,24.8199996948,140109,0,0,0,0,0,0,0,0,0,0,0,0,0,0,2599300,2554800,39859700,25605500,6493500,5415400,2263100,20822892,19131700,21280455,4159900,1204100,4070000,10150400
2025-05-22,18.7836990356,37.4363212585,13.3657674789,13.8816776276,38.0012397766,16.4702548981,21.315164566,32.7801055908,16.1123428345,8.93502140045,24.6361713409,5.65290164948,23.6110210419,137273,21.6000003815,41.2000007629,14.3400001526,15.4499998093,39.6199989319,17.1499996185,21.7000007629,36.1844673157,17.6700000763,9.01904678345,25.8500003815,8.07999992371,24.1100006104,137273,0,0,0,0,0,0,0,0,0,0,0,0,0,0,21.8199996948,42.4300003052,14.6199998856,15.6899995804,40.4399986267,17.5,22,36.6407775879,17.8799991608,9.60000038147,26.2099990845,8.35000038147,25.2199993134,138837,21.4400005341,40.7099990845,14.2100000381,15.279999733,39.3100013733,16.7900009155,21.6299991608,36.0582504272,17.3700008392,8.76190376282,25.6900005341,8.02000045776,24.1100006104,137088,21.7099990845,41.2900009155,14.5699996948,15.3400001526,39.5999984741,16.7900009155,21.7000007629,36.5436897278,17.6200008392,8.76190376282,26.2099990845,8.02999973297,24.3799991608,137881,0,0,0,0,0,0,0,0,0,0,0,0,0,0,4315200,3122400,42796000,46122600,6092600,3777200,3675300,23576494,14033200,41244735,2969200,745500,5826100,13223200
2025-05-23,18.9335613251,35.1647033691,13.4123716354,14.0523920059,38.0683746338,16.3838214874,21.2365837097,33.1758918762,16.0485153198,8.49157333374,24.6838226318,5.67388963699,24.1006736755,137824,21.6700000763,38.7000007629,14.3900003433,15.6400003433,39.6899986267,17.0599994659,21.6200008392,36.6213607788,17.6000003815,8.57142829895,25.8999996185,8.10999965668,24.6100006104,137824,0.101521,0,0,0,0,0,0,0,0,0,0,0,0,0,21.6700000763,40.7099990845,14.3900003433,15.6899995804,39.7000007629,17.0799999237,21.6900005341,36.6213607788,17.6499996185,8.79047584534,25.9200000763,8.19999980927,24.6900005341,137824,20.9500007629,37.3100013733,13.8299999237,15,38.0600013733,16.4200000763,21.1000003815,35.3009681702,16.8600006104,8.38095188141,25.2399997711,7.63000011444,23.3199996948,134997,21.3400001526,40.4300003052,14.0600004196,15.3699998856,38.0600013733,16.8500003815,21.2600002289,35.5339813232,17.6000003815,8.6952381134,25.7099990845,7.92000007629,23.7900009155,137273,0,0,0,0,0,0,0,0,0,0,0,0,0,0,3904500,6159600,32278300,35866200,7504500,2966600,2080200,20729677,19807900,45123015,2297700,1454500,3157500,10682600
2025-05-26,19.0296726227,35.9643135071,13.3564462662,14.1242713928,38.3177566528,16.5278759003,21.2856941223,33.2462539673,16.1761703491,8.52931308746,24.8553695679,5.56195116043,25.0505981445,138136,21.7800006866,39.5800018311,14.3299999237,15.720000267,39.9500007629,17.2099990845,21.6700000763,36.6990280151,17.7399997711,8.60952281952,26.0799999237,7.94999980927,25.5799999237,138136,0,0,0,0,0,0,0,0,0,0,0,0,0,0,21.8899993896,40.4599990845,14.470000267,15.8500003815,40.2000007629,17.3600006104,21.9400005341,37.1359214783,17.8899993896,8.82857131958,26.2199993134,8.14000034332,25.8999996185,138800,21.6100006104,38.6300010681,14.1999998093,15.5,39.6100006104,16.7800006866,21.5900001526,36.4466018677,17.5400009155,8.5428571701,25.7700004578,7.78999996185,24.4799995422,137795,21.6599998474,38.7700004578,14.470000267,15.6000003815,39.7000007629,16.9500007629,21.6200008392,36.524269104,17.6900005341,8.76190376282,25.7700004578,8.13000011444,24.6100006104,137824,0,0,0,0,0,0,0,0,0,0,0,0,0,0,1129100,1871700,12763500,16875000,2309500,1522400,1461400,6695412,4292700,17258220,2386900,1006900,5397800,5553800
2025-05-27,19.3092575073,38.1632423401,13.4030504227,14.4117898941,39.3728103638,16.8928165436,21.8357658386,33.5101127625,16.3676605225,8.8123664856,25.5796833038,5.89776754379,25.6577682495,139541,22.1000003815,42,14.3800001144,16.0400009155,41.0499992371,17.5900001526,22.2299995422,36.9902915955,17.9500007629,8.89523792267,26.8400001526,8.43000030518,26.2000007629,139541,0,0,0,0,0,0,0,0,0,0,0,0,0,0,22.2900009155,42.2000007629,14.6099996567,16.2399997711,41.2700004578,18.2000007629,22.4899997711,37.4951438904,18.4699993134,9.31428527832,27.0200004578,8.44999980927,26.5100002289,140382,21.7600002289,40.7200012207,14.3800001144,15.8000001907,40.5,17.5699996948,21.8500003815,36.7669906616,17.8700008392,8.75238037109,26.0900001526,8.10000038147,25.8199996948,138136,21.8999996185,40.7799987793,14.6099996567,15.8400001526,40.9599990845,17.6599998474,21.9799995422,37.1844673157,18.3099994659,8.96190357208,26.2999992371,8.11999988556,26,138136,0,0,0,0,0,0,0,0,0,0,0,0,0,0,4140100,3637700,30670400,51944300,9944800,3139000,2300600,15157789,11183400,31090710,4361200,1145200,4734400,11187800
2025-05-28,19.4403171539,38.0269432068,13.3284845352,14.5106220245,39.6030044556,17.2769622803,21.8750553131,33.2374649048,16.5682659149,9.01050281525,25.6368637085,5.96772956848,24.9526672363,138888,22.25,41.8499984741,14.3000001907,16.1499996185,41.2900009155,17.9899997711,22.2700004578,36.6893196106,18.1700000763,9.09523773193,26.8999996185,8.52999973297,25.4799995422,138888,0,0,0,0,0,0,0,0,0,0,0,0,0,0,22.4099998474,42.3300018311,14.4399995804,16.3199996948,41.2999992371,17.9899997711,22.4400005341,37.0388336182,18.25,9.30476093292,27.0699996948,8.55000019073,26.3400001526,139547,21.8899993896,41.4300003052,14.1499996185,16.0400009155,40.7000007629,17.2000007629,22.0300006866,36.601940155,17.6000003815,8.79047584534,26.5599994659,8.23999977112,25.3099994659,138580,22.1000003815,41.9199981689,14.3900003433,16.0499992371,41.0099983215,17.5599994659,22.1599998474,36.9708747864,17.8899993896,8.81904697418,26.8500003815,8.46000003815,26.2900009155,139541,0,0,0,0,0,0,0,0,0,0,0,0,0,0,3834100,1235200,31459400,53685300,5319300,2009500,1458900,14984646,8903700,42432390,3475600,1194900,3403000,9735000
2025-05-29,19.5451660156,38.6811714172,13.1420736313,14.4477272034,38.95079422,17.008058548,22.317073822,32.9736022949,16.3767795563,8.56705474854,25.8941879272,5.8767786026,25.1877002716,138534,22.3700008392,42.5699996948,14.1000003815,16.0799999237,40.6100006104,17.7099990845,22.7199993134,36.398059845,17.9599990845,8.64761924744,27.1700000763,8.39999961853,25.7199993134,138534,0,0,0,0,0,0,0,0,0,0,0,0,0,0,22.4300003052,43.0699996948,14.2399997711,16.3500003815,41.3600006104,18.0699996948,22.7299995422,36.8543663025,18.2600002289,9.19047641754,27.25,8.61999988556,25.8899993896,139108,22.0799999237,41.2999992371,13.8999996185,16.0400009155,40.1500015259,17.6200008392,22.0499992371,36.262134552,17.8099994659,8.64761924744,26.75,8.35000038147,25.2600002289,137993,22.1499996185,41.8499984741,14.1000003815,16.0900001526,41,17.9599990845,22.0499992371,36.5631065369,18.0900001526,9.10476112366,26.75,8.56999969482,25.2600002289,138869,0,0,0,0,0,0,0,0,0,0,0,0,0,0,4026600,2200100,48897400,35789500,3989500,1585600,2165600,18040759,7421300,32360160,2932700,960800,2458200,8826400
2025-05-30,19.4141082764,40.1168365479,13.0022640228,14.5555477142,37.93409729,17.1233043671,22.2483158112,32.9208259583,16.5591449738,8.69914531708,25.6178035736,5.97472572327,25.4521121979,137027,22.2199993134,44.1500015259,13.9499998093,16.2000007629,39.5499992371,17.8299999237,22.6499996185,36.339805603,18.1599998474,8.78095245361,26.8799991608,8.53999996185,25.9899997711,137027,0,0,0,0,0,0,0,0,0,0,0,0,0,0,22.4200000763,44.6399993896,14.1899995804,16.2199993134,40.9900016785,18.0200004578,22.7900009155,36.6213607788,18.1599998474,8.88571357727,27.3899993896,8.56999969482,26.0699996948,138637,21.8899993896,42.5299987793,13.7600002289,15.8400001526,39.5,17.1599998474,22.2900009155,36.0097084045,17.6299991608,8.59047603607,26.7700004578,8.32999992371,25.1499996185,136726,22.4200000763,42.7000007629,14.1499996185,16.0400009155,40.9900016785,17.7700004578,22.7199993134,36.5339813232,17.9500007629,8.76190376282,27.3899993896,8.35000038147,25.9300003052,138546,0,0,0,0,0,0,0,0,0,0,0,0,0,0,3791700,3442700,82246300,55543700,12965900,2157400,4117500,32129614,11391300,29169210,2814500,792100,2712500,15141600
2025-06-02,19.3092575073,41.161781311,12.7785682678,14.5914859772,38.1163330078,16.6719322205,22.1402683258,32.6899757385,16.7324008942,9.00106811523,25.398607254,5.89077091217,25.5598373413,136787,22.1000003815,45.2999992371,13.7100000381,16.2399997711,39.7400016785,17.3600006104,22.5400009155,36.0679626465,18.3500003815,9.08571434021,26.6499996185,8.42000007629,26.1000003815,136787,0,0,0,0,0,0,0,0.017136,0,0,0,0,0,0,22.4599990845,45.6599998474,14.1700000763,16.5,40.5600013733,18.3700008392,23.0300006866,36.660194397,18.6000003815,9.41904735565,27.2600002289,8.64999961853,26.7999992371,138471,21.9200000763,44,13.5399999619,16.2000007629,39.4199981689,17.0799999237,22.2000007629,35.9514541626,18.0300006866,8.92380905151,26.5100002289,8.31999969482,25.4300003052,136483,22.4099998474,45.1199989319,14.1599998474,16.3199996948,39.9500007629,17.9500007629,22.7099990845,36.5728149414,18.2199993134,9,27.0300006866,8.64999961853,26.5100002289,137026,0,0,0,0,0,0,0,0,0,0,0,0,0,0,2309400,2295900,45794000,26220300,8711000,3091500,1730500,23768074,9131000,29642025,4456700,930300,4473900,9100100
2025-06-03,19.4665317535,40.7710609436,13.2166376114,14.8424053192,38.8932418823,17.0944919586,22.3465442657,32.5843849182,17.1518497467,9.67095851898,25.5415592194,6.05867862701,26.3236923218,137546,22.2800006866,44.8699989319,14.1800003052,16.5,40.5499992371,17.7999992371,22.75,35.9514541626,18.8099994659,9.76190376282,26.7999992371,8.65999984741,26.8799991608,137546,0,0,0,0.018942,0,0,0,0,0,0,0,0,0,0,22.3199996948,45.6500015259,14.1899995804,16.5400009155,40.7700004578,17.8999996185,22.8099994659,36.0679626465,18.8199996948,9.80000019073,26.8799991608,8.76000022888,27,137672,21.9200000763,44.3699989319,13.6499996185,16.2099990845,39.3499984741,17.2999992371,22.3400001526,35.7087364197,18.2900009155,8.98095226288,26.3999996185,8.39999961853,26.0300006866,136175,22.0499992371,44.9900016785,13.6499996185,16.3400001526,39.3499984741,17.3700008392,22.3400001526,35.9320373535,18.2900009155,9.06666564941,26.6299991608,8.40999984741,26.1399993896,136787,0,0,0,0,0,0,0,0,0,0,0,0,0,0,3286300,1178900,44178300,50865800,5752100,3089400,1697000,24216330,10638300,41178690,4977500,963200,3006700,9696700
2025-06-04,19.3616809845,39.7079429626,13.0022640228,14.7974300385,38.7589607239,17.0656814575,22.3563671112,32.5051841736,16.7962303162,9.47282123566,25.2842388153,5.86978292465,25.66755867,137002,22.1599998474,43.7000007629,13.9499998093,16.4500007629,40.4099998474,17.7700004578,22.7600002289,35.8640785217,18.4200000763,9.56190395355,26.5300006866,8.39000034332,26.2099990845,137002,0,0,0,0,0,0,0,0,0,0,0,0,0,0,22.4200000763,45.3300018311,14.1700000763,16.7900009155,40.9000015259,18.1800003052,22.9300003052,36.2038841248,18.9699993134,9.94285678864,26.8899993896,8.73999977112,27.1800003052,138797,22.0100002289,43.0699996948,13.8800001144,16.3700008392,40.2799987793,17.6299991608,22.4599990845,35.601940155,18.3199996948,8.96190357208,26.3999996185,8.26000022888,26.1499996185,136695,22.25,45.3300018311,13.8999996185,16.5200004578,40.5999984741,17.8899993896,22.7199993134,36.0873794556,18.5799999237,9.8476190567,26.8899993896,8.73999977112,27,137547,0,0,0,0,0,0,0,0,0,0,0,0,0,0,2938200,3744300,32415100,36692500,8068100,1561700,2586300,17784701,15347700,58939545,3108600,1169500,2610600,10199100
2025-06-05,19.1782035828,39.5989074707,12.6574001312,14.365650177,38.5575408936,16.7871761322,22.1795578003,32.1092185974,16.7962303162,9.49169158936,25.0173892975,5.88377523422,24.7078418732,136236,21.9500007629,43.5800018311,13.5799999237,15.970000267,40.2000007629,17.4799995422,22.5799999237,35.4271850586,18.4200000763,9.58095169067,26.25,8.40999984741,25.2299995422,136236,0,0,0,0,0,0,0,0,0,0,0,0,0,0,22.1800003052,44.2299995422,13.9499998093,16.5,40.7599983215,18.1000003815,22.9899997711,35.922328949,18.7999992371,9.93333339691,26.8299999237,8.55000019073,26.3400001526,137451,21.8400001526,42.9099998474,13.5,15.8999996185,39.9099998474,17.4699993134,22.4500007629,35.3203887939,18.3199996948,9.48571395874,26.0599994659,8.23999977112,24.9200000763,136031,22.0699996948,43.8699989319,13.8199996948,16.5,40.4500007629,17.8799991608,22.6200008392,35.922328949,18.5,9.62857055664,26.8299999237,8.47000026703,26.3400001526,137003,0,0,0,0,0,0,0,0,0,0,0,0,0,0,5002900,2305200,44559500,36435500,7688900,2249700,2601800,25542146,13717400,49583520,4719700,951500,5821800,9484500
2025-06-06,19.0820941925,38.881072998,12.6480798721,14.3566522598,38.3657150269,16.4222373962,21.865234375,32.1884040833,16.0120372772,8.96332740784,25.0269165039,5.66689491272,24.1104679108,136102,21.8400001526,42.7900009155,13.5699996948,15.9600000381,40,17.1000003815,22.2600002289,35.5145645142,17.5599994659,9.04761886597,26.2600002289,8.10000038147,24.6200008392,136102,0,0,0,0,0,0,0,0,0,0,0,0,0,0,22.0300006866,43.9300003052,13.6599998474,16.0499992371,40.5299987793,17.7399997711,22.7199993134,35.6796112061,18.6800003052,9.95238018036,26.3799991608,8.46000003815,25.3799991608,136890,21.6599998474,40.5099983215,13.529999733,15.8400001526,39.7299995422,16.8199996948,22.0300006866,35.2427177429,17.2800006866,9.04761886597,25.9599990845,8.02999973297,24.1499996185,135601,21.8400001526,43.5999984741,13.529999733,15.9600000381,40.4500007629,17.4699993134,22.6499996185,35.4077644348,18.6000003815,9.6952381134,26.1299991608,8.38000011444,25.2099990845,136236,0,0,0,0,0,0,0,0,0,0,0,0,0,0,3795400,5855000,24936300,19352100,3675900,3088500,3111000,18733537,21498800,45597720,2504200,852400,5418100,9119300
2025-06-09,18.8898715973,38.3449707031,12.2659339905,14.248708725,38.1738853455,16.5470848083,21.737537384,32.0212135315,16.3129482269,8.94445705414,24.5789871216,5.58993625641,23.9929504395,135699,21.6200008392,42.2000007629,13.1599998474,15.8400001526,39.7999992371,17.2299995422,22.1299991608,35.3300971985,17.8899993896,9.02857112885,25.7900009155,7.98999977112,24.5,135699,0,0,0,0,0,0,0,0,0,0,0,0,0,0,21.8099994659,43.1199989319,13.3699998856,16.0300006866,40.0499992371,17.3099994659,22.3400001526,35.5631065369,17.8899993896,9.20952320099,26.2999992371,8.14999961853,24.8400001526,136106,21.3400001526,41.3499984741,13.0699996948,15.5500001907,39.4000015259,16.7000007629,21.75,34.8252410889,17.4300003052,8.88571357727,25.7299995422,7.90000009537,24.0300006866,134119,21.7000007629,42.7999992371,13.1999998093,15.9399995804,39.7299995422,17,22.0699996948,35.4077644348,17.5499992371,8.98095226288,26.1200008392,8.06000041962,24.5,136102,0,0,0,0,0,0,0,0,0,0,0,0,0,0,3709300,3098400,80451800,28177300,7978900,3387600,2632600,24664895,10642600,27079815,2622700,738100,2053000,7763800
2025-06-10,19.0296726227,38.9355926514,12.247294426,14.2397155762,38.0875587463,17.296169281,21.757183075,31.9715690613,16.6959247589,8.96332740784,24.8553695679,5.67388963699,24.4434280396,136436,21.7800006866,42.8499984741,13.1400003433,15.8299999237,39.7099990845,18.0100002289,22.1499996185,34.9514541626,18.3099994659,9.04761886597,26.0799999237,8.10999965668,24.9599990845,136436,0,0,0,0,0,0,0,0.324369,0,0,0,0,0,0,21.8999996185,43.7700004578,13.3999996185,16.0400009155,40.6100006104,18.1499996185,22.4899997711,35.5145645142,18.5,9.48571395874,26.3500003815,8.30000019073,25.3600006104,137369,21.5300006866,42.2599983215,13.0500001907,15.7700004578,39.7099990845,17.5,22.0300006866,34.922328949,18.0799999237,8.96190357208,25.9899997711,8.01000022888,24.6000003815,135716,21.7700004578,43.0499992371,13.3000001907,15.9899997711,40,17.5100002289,22.3700008392,35.4368934631,18.25,9.26666641235,26.2199993134,8.15999984741,24.7099990845,135716,0,0,0,0,0,0,0,0,0,0,0,0,0,0,3217900,3549900,32255300,27623200,4586000,1727800,3265000,20974508,10181500,37953405,4139500,714100,2892700,8186500
2025-06-11,18.8898715973,37.9269943237,12.3404979706,14.6804876328,38.5383605957,17.20013237,21.708070755,32.2646331787,16.8418197632,9.00106811523,24.7124137878,5.6598982811,24.0615005493,137128,21.6200008392,41.7400016785,13.2399997711,16.3199996948,40.1800003052,17.9099998474,22.1000003815,35.2718429565,18.4699993134,9.08571434021,25.9300003052,8.09000015259,24.5699996948,137128,0,0,0,0,0,0,0,0,0,0,0,0,0,0,21.8400001526,43.0800018311,13.4300003052,16.3600006104,40.7400016785,18.2000007629,22.3700008392,35.524269104,18.6599998474,9.28571414948,26.0699996948,8.15999984741,25.1299991608,137531,21.4099998474,41.6899986267,12.8999996185,15.6499996185,39.5,17.6800003052,21.7399997711,34.6990280151,18.1299991608,8.92380905151,25.6000003815,7.90999984741,24.2999992371,135628,21.6299991608,42.7099990845,13.0699996948,15.7700004578,39.5400009155,17.8799991608,22.1499996185,34.922328949,18.2600002289,9.08571434021,25.9699993134,8.10000038147,24.8500003815,136443,0,0,0,0,0,0,0,0,0,0,0,0,0,0,2712200,3015700,61925500,48251000,8325800,1613100,2774900,16665400,11942000,28747215,2480900,1196100,2628400,8767100
2025-06-12,18.9422969818,38.6266479492,12.0981626511,14.8244161606,39.5262756348,16.7103462219,21.8259410858,32.5133056641,16.8144683838,9.07654857635,24.9411449432,5.69487905502,24.1398448944,137800,21.6800003052,42.5099983215,12.9799995422,16.4799995422,41.2099990845,17.3999996185,22.2199993134,35.5436897278,18.4400005341,9.16190433502,26.1700000763,8.14000034332,24.6499996185,137800,0,0,0,0,0,0,0,0,0,0,0,0,0,0,21.6800003052,42.7999992371,13.0900001526,16.5400009155,41.25,17.8700008392,22.2900009155,35.7572822571,18.6100006104,9.21904659271,26.2299995422,8.19999980927,24.6800003052,137931,21.2399997711,40.7999992371,12.8000001907,16.1399993896,39.7799987793,17.3700008392,21.9699993134,35.0097084045,18.2099990845,8.81904697418,25.6499996185,7.94999980927,24.1499996185,136175,21.5,41.7099990845,12.8699998856,16.2099990845,40,17.7600002289,21.9799995422,35.0388336182,18.2900009155,8.96190357208,25.8899993896,8,24.5699996948,137127,0,0,0,0,0,0,0,0,0,0,0,0,0,0,3304800,2987500,66355600,38328100,6015200,2661400,3136800,22525482,9016600,25304580,2481100,629300,2141200,7124600
2025-06-13,18.7675552368,37.372718811,12.1634073257,14.6535024643,38.8548736572,15.990073204,21.4919700623,32.122543335,16.7415180206,8.43496227264,24.4932117462,5.60392856598,23.8558483124,137213,21.4799995422,41.1300010681,13.0500001907,16.2900009155,40.5099983215,16.6499996185,21.8799991608,35.1165046692,18.3600006104,8.51428508759,25.7000007629,8.01000022888,24.3600006104,137213,0,0,0,0,0,0,0,0,0,0,0,0,0,0,21.5799999237,42.25,13.1000003815,16.4500007629,41.0400009155,17.3500003815,22.1299991608,35.2912635803,18.4200000763,8.89523792267,26.1800003052,8.05000019073,24.4400005341,137800,21.2099990845,40.4199981689,12.6999998093,16.1399993896,40.5099983215,16.6399993896,21.6900005341,34.8640785217,17.8099994659,8.51428508759,25.6599998474,7.86999988556,23.8400001526,136586,21.3999996185,42.25,12.75,16.2600002289,41,17.1499996185,22.1299991608,35.1165046692,18,8.87619018555,26.1599998474,8.05000019073,24.3299999237,137800,0,0,0,0,0,0,0,0,0,0,0,0,0,0,3586900,3975400,52654600,29855200,6730800,2870200,2682200,14821597,13660700,50894655,3477500,421600,1826100,8628300
2025-06-16,18.9248218536,37.9360771179,12.5548725128,14.9683380127,39.7085151672,16.4510478973,21.8062973022,32.7086906433,17.1609668732,9.00106811523,24.7314739227,5.73685598373,24.5707397461,139256,21.6599998474,41.75,13.470000267,16.6399993896,41.4000015259,17.1299991608,22.2000007629,35.7572822571,18.8199996948,9.08571434021,25.9500007629,8.19999980927,25.0900001526,139256,0,0,0,0,0,0,0,0,0,0,0,0,0,0,21.9200000763,43.1100006104,13.6199998856,16.7399997711,41.75,17.3500003815,22.3199996948,36.1359214783,18.9300003052,9.15237998962,26.1200008392,8.27999973297,25.3500003815,139988,21.6000003815,41.5999984741,13.279999733,16.4200000763,40.6800003052,16.6700000763,22,35.4563102722,18.5799999237,8.70476055145,25.7800006866,8.01000022888,24.3400001526,137212,21.7800006866,41.9700012207,13.3000001907,16.4400005341,40.7799987793,16.8600006104,22.1499996185,35.4660186768,18.6000003815,8.71428489685,26.0900001526,8.18000030518,24.3400001526,137212,0,0,0,0,0,0,0,0,0,0,0,0,0,0,3775800,3221100,31235100,25238300,4994100,2574100,2783900,17874002,9065800,35399280,6548000,700800,2625700,7620500
2025-06-17,19.099571228,36.9638252258,12.6107969284,15.1932268143,40.0058441162,16.6143093109,21.8259410858,32.9040718079,17.0059528351,8.80293083191,24.9983234406,5.71586751938,24.6001186371,138840,21.8600006104,40.6800003052,13.529999733,16.8899993896,41.7099990845,17.2999992371,22.2199993134,35.9708747864,18.6499996185,8.88571357727,26.2299995422,8.17000007629,25.1200008392,138840,0,0,0,0,0,0,0,0,0,0,0,0,0,0,21.9300003052,41.5999984741,13.6300001144,16.8899993896,41.8300018311,17.3600006104,22.3700008392,36.0097084045,18.8600006104,9.04761886597,26.3299999237,8.19999980927,25.2999992371,139497,21.5200004578,39.7400016785,13.4499998093,16.6100006104,41.4300003052,16.8700008392,22.0599994659,35.6990280151,18.3600006104,8.74285697937,25.7900009155,8.06999969482,24.6000003815,138293,21.6700000763,41.5999984741,13.5900001526,16.6299991608,41.7099990845,17.1399993896,22.3299999237,35.9126205444,18.8600006104,8.98095226288,26.0599994659,8.18999958038,25.2999992371,139256,0,0,0,0,0,0,0,0,0,0,0,0,0,0,6114700,3040400,29313700,33555400,4150000,1306400,4361700,20133513,11099100,23528925,4035800,379100,1466600,8377000
2025-06-18,19.0398616791,37.5453605652,12.8531341553,15.0762872696,40.0921707153,16.7295532227,21.7866516113,32.7086906433,17.0697822571,8.82180118561,25.1031608582,5.75084877014,25.0897712708,138717,21.6900005341,41.3199996948,13.7899999619,16.7600002289,41.7999992371,17.4200000763,22.1800003052,35.7572822571,18.7199993134,8.90476131439,26.3400001526,8.22000026703,25.6200008392,138717,0.101986,0,0,0,0,0,0,0,0,0,0,0,0,0,21.9200000763,41.5999984741,13.8000001907,16.9500007629,42.1100006104,17.6800003052,22.5200004578,36,18.7800006866,9.06666564941,26.5,8.31999969482,25.8999996185,139161,21.6200008392,39.7400016785,13.4499998093,16.6100006104,41.2599983215,16.8700008392,21.9099998474,35.6407775879,18.2800006866,8.81904697418,26.1000003815,8.05000019073,24.9799995422,138443,21.6499996185,41.5999984741,13.4899997711,16.6299991608,41.6899986267,17.1399993896,22.3400001526,35.8543663025,18.6000003815,8.90476131439,26.2199993134,8.19999980927,25.1599998474,138844,0,0,0,0,0,0,0,0,0,0,0,0,0,0,4658700,1365200,55485100,32449600,6693300,2310000,3653000,20285232,9156000,24045105,4985900,603400,4218700,8323400
2025-06-20,18.7501831055,36.5731048584,12.694683075,14.9503517151,40.1113510132,16.2205600739,21.5214385986,32.5399475098,16.9238872528,8.35004711151,24.6361713409,5.6109251976,24.9428749084,137116,21.3600006104,40.25,13.6199998856,16.6200008392,41.8199996948,16.8899993896,21.9099998474,35.5728149414,18.5599994659,8.42857074738,25.8500003815,8.02000045776,25.4699993134,137116,0,0,0,0,0,0,0,0,0,0,0,0,0,0,21.6900005341,41.0600013733,13.6999998093,16.7399997711,41.8199996948,17.3500003815,22.0599994659,35.601940155,18.5900001526,8.75238037109,26.2299995422,8.14999961853,25.5499992371,138719,21.2900009155,40.1599998474,13.4399995804,16.4899997711,41.2400016785,16.8700008392,21.6800003052,35.3300971985,18.2700004578,8.38095188141,25.8500003815,7.98000001907,25.0799999237,136815,21.5699996948,40.9000015259,13.6000003815,16.6299991608,41.3199996948,17.2999992371,21.9099998474,35.4563102722,18.5100002289,8.75238037109,26.1499996185,8.07999992371,25.3600006104,138715,0,0,0,0,0,0,0,0,0,0,0,0,0,0,6315900,1586200,52205800,39693200,6190600,1961700,6492600,21841974,11593900,28290150,3780500,515700,2794100,11289300
2025-06-23,18.8994159698,35.1010971069,12.4896287918,14.8334083557,39.8523864746,16.3454093933,21.550907135,32.4689064026,17.3342189789,8.40665817261,24.8744297028,5.6598982811,24.5707397461,136551,21.5300006866,38.6300010681,13.3999996185,16.4899997711,41.5499992371,17.0200004578,21.9400005341,35.4951438904,19.0100002289,8.48571395874,26.1000003815,8.09000015259,25.0900001526,136551,0,0,0,0,0,0,0,0,0,0,0,0,0,0,21.6599998474,40.25,13.6300001144,16.5900001526,41.8499984741,17.1499996185,22.0599994659,35.5728149414,19.0100002289,8.52380943298,26.1000003815,8.15999984741,25.4599990845,137130,21.2299995422,38.5200004578,13.279999733,16.2700004578,40.7700004578,16.5699996948,21.6900005341,35.0970878601,18.3799991608,8.15237998962,25.5499992371,7.86999988556,24.7700004578,135835,21.3600006104,40.25,13.6199998856,16.5900001526,41.8300018311,16.9599990845,21.8400001526,35.5728149414,18.5699996948,8.47618961334,25.8600006104,8.10000038147,25.4500007629,137116,0,0,0,0,0,0,0,0,0,0,0,0,0,0,3451800,2233400,32994200,25046300,8456300,2034400,2832300,14711387,9613700,37725345,2415200,586800,2284500,7727800
2025-06-24,19.5402183533,36.682144165,12.6703310013,14.8783903122,40.7156181335,16.7775726318,22.3367176056,33.0816879272,17.5895347595,8.58592414856,25.8274726868,5.84879350662,24.7959785461,137165,22.2600002289,40.3699989319,13.5200004578,16.5400009155,42.4500007629,17.4699993134,22.7399997711,36.1650466919,19.2900009155,8.66666603088,27.1000003815,8.35999965668,25.3199996948,137165,0,0,0.07282,0,0,0,0,0,0,0,0,0,0,0,22.4099998474,41.2099990845,13.6800003052,16.8099994659,42.7099990845,17.8299999237,22.9300003052,36.4854354858,19.5599994659,9.06666564941,27.4099998474,8.43999958038,25.6499996185,138156,21.5400009155,38.7700004578,13.3599996567,16.5100002289,41.5299987793,16.9099998474,21.8999996185,35.5145645142,19.0499992371,8.59047603607,26,8.03999996185,25.0799999237,136254,21.5400009155,39.2000007629,13.4799995422,16.6000003815,41.6899986267,17.2000007629,21.8999996185,35.6504859924,19.0499992371,8.63809490204,26,8.09000015259,25.5,136552,0,0,0,0,0,0,0,0,0,0,0,0,0,0,5332200,3410500,23573800,32515100,8191600,2837400,2748300,20742037,7330200,30730560,4596900,710000,1610900,8083700
2025-06-25,19.4612178802,35.0011444092,12.7546739578,14.7524528503,40.4278717041,17.5362606049,22.3072509766,32.4866676331,17.3159790039,8.61423015594,25.3223609924,5.84179830551,24.3454990387,135767,22.1700000763,38.5200004578,13.6099996567,16.3999996185,42.1500015259,18.2600002289,22.7099990845,35.5145645142,18.9899997711,8.6952381134,26.5699996948,8.35000038147,24.8600006104,135767,0,0,0,0,0,0,0,0,0,0,0,0,0,0,22.4500007629,40.5499992371,13.6700000763,16.6499996185,42.2599983215,18.2999992371,22.7600002289,36.0582504272,19.4300003052,8.78095245361,27.1900005341,8.43999958038,25.2600002289,137163,22.1700000763,38.5099983215,13.3999996185,16.3999996185,41.7099990845,17.25,22.3999996185,35.3786392212,18.9899997711,8.57142829895,26.5699996948,8.22999954224,24.6599998474,135565,22.2600002289,40.1899986267,13.4099998474,16.5300006866,42,17.5,22.5599994659,36.0194168091,19.2199993134,8.71428489685,27.0499992371,8.25,25.25,137163,0,0,0,0,0,0,0,0,0,0,0,0,0,0,4399100,2545400,20218100,33727300,12470200,3037500,2200000,20384627,9344700,24805620,3617700,643300,1308200,7705700
2025-06-26,19.8035640717,37.0910377502,13.2138814926,14.887383461,40.437461853,18.2853450775,22.7689189911,32.2468757629,17.808380127,8.88784694672,25.8655948639,5.8767786026,25.383562088,137114,22.5599994659,40.8199996948,14.1000003815,16.5499992371,42.1599998474,19.0400009155,23.1800003052,35.2524261475,19.5300006866,8.97142791748,27.1399993896,8.39999961853,25.9200000763,137114,0,0,0,0,0,0,0,0,0,0,0,0,0,0,22.75,41.0600013733,14.1999998093,16.5499992371,42.3899993896,19.2299995422,23.6299991608,35.7184448242,19.7999992371,9.07618999481,27.5699996948,8.46000003815,26.0499992371,137353,22.2199993134,38.7799987793,13.6000003815,16.2299995422,41.7799987793,18.1800003052,22.6000003815,35.1456298828,19.1299991608,8.74285697937,26.6800003052,8.27999973297,24.9099998474,135756,22.3099994659,38.8600006104,13.720000267,16.4699993134,42.3899993896,18.3799991608,22.8999996185,35.5631065369,19.2199993134,8.88571357727,26.75,8.27999973297,25.2600002289,135767,0,0,0,0,0,0,0,0,0,0,0,0,0,0,4191700,2668600,33383200,27870800,5527300,2854400,4791900,23717707,15504900,28136850,3622900,639700,4213200,8023300
2025-06-27,19.7947826385,37.3181991577,13.232624054,14.9053735733,39.9866638184,19.1496734619,22.6019325256,32.2113647461,17.835735321,8.7746257782,25.7702903748,5.93274784088,25.6381816864,136866,22.5499992371,41.0699996948,14.1199998856,16.5699996948,41.6899986267,19.9400005341,23.0100002289,35.2135925293,19.5599994659,8.85714244843,27.0400009155,8.47999954224,26.1800003052,136866,0,0,0,0,0,0,0,0,0,0,0,0,0,0,22.7099990845,41.3899993896,14.25,16.6299991608,42.2000007629,19.9400005341,23.3299999237,35.3009681702,19.6900005341,8.9904756546,27.4099998474,8.47999954224,26.3500003815,137209,22.2700004578,39.9000015259,13.9499998093,16.3099994659,41.4900016785,18.8199996948,22.8500003815,34.8932037354,19.3400001526,8.71428489685,26.8700008392,8.22999954224,25.6399993896,136469,22.2700004578,40.2400016785,13.9799995422,16.4099998474,41.8100013733,18.9400005341,22.8500003815,34.9514541626,19.3899993896,8.88571357727,26.8700008392,8.26000022888,25.8600006104,137113,0,0,0,0,0,0,0,0,0,0,0,0,0,0,2319300,1959300,20422900,28697200,4379300,3783400,1803700,14240265,11171600,22057560,2983600,518200,2701300,6244500
2025-06-30,19.9440155029,39.07188797,13.6637163162,15.1392536163,40.5237846375,18.880771637,22.7787399292,32.8152694702,17.9451560974,9.2935552597,26.1700305939,5.98172235489,26.4705905914,138855,22.7199993134,43,14.5799999237,16.8299999237,42.25,19.6599998474,23.1900005341,35.8737869263,19.6800003052,9.38095188141,27.2099990845,8.55000019073,27.0300006866,138855,0,0,0,0,0,0,0,0,0,0,0.245626,0,0,0,22.8299999237,43.7000007629,14.6000003815,16.8299999237,42.5699996948,20.2099990845,23.2700004578,35.8834953308,19.7099990845,9.48571395874,27.3600006104,8.64000034332,27.2399997711,139103,22.4099998474,40.6500015259,14.0399999619,16.4799995422,41.3400001526,19.4599990845,22.6599998474,34.8737869263,19.3799991608,8.76190376282,26.7900009155,8.32999992371,25.9099998474,136430,22.5699996948,41.2299995422,14.0600004196,16.5300006866,41.5699996948,19.75,22.8500003815,35.0970878601,19.5200004578,8.80952262878,26.8500003815,8.38000011444,26.1800003052,136865,0,0,0,0,0,0,0,0,0,0,0,0,0,0,3569500,4304600,34139300,30209500,8334500,3439700,3380100,30712643,9891600,37561860,5984500,551900,2834000,7680300
2025-07-01,20.0844631195,37.3454589844,13.5887422562,15.2735404968,41.1184539795,19.4089717865,22.8082065582,32.9642295837,17.917798996,9.16146469116,26.1315612793,6.09365940094,26.4999675751,139549,22.8799991608,41.0999984741,14.5,16.6800003052,42.8699989319,20.2099990845,23.2199993134,36.0194168091,19.6499996185,9.24761867523,27.1700000763,8.71000003815,27.0599994659,139549,0,0,0,0.296649,0,0,0,0.017136,0,0,0,0,0,0,23.0699996948,43.2900009155,14.7299995422,16.7999992371,42.8699989319,20.3999996185,23.5,36.0873794556,19.8700008392,9.45714187622,27.6200008392,8.71000003815,27.25,139695,22.7700004578,40.6199989319,14.3699998856,16.5599994659,42.0400009155,19.75,23.0100002289,35.737865448,19.4699993134,9.11428546906,27.0200004578,8.35999965668,26.6800003052,138855,22.8600006104,42.8300018311,14.6300001144,16.5799999237,42.2799987793,19.7999992371,23.1800003052,35.8543663025,19.6900005341,9.30476093292,27.3299999237,8.43000030518,26.9099998474,138855,0,0,0,0,0,0,0,0,0,0,0,0,0,0,3733700,3061100,29418200,24480600,4238200,3882800,2453200,18712010,18127000,18460050,2855500,734700,1906600,6345700
2025-07-02,19.6631145477,35.9643135071,13.541885376,14.9975538254,39.842792511,18.8231487274,22.1304473877,32.6976623535,17.3250999451,8.55761909485,25.6699047089,5.78582954407,26.0396957397,139051,22.3999996185,39.5800018311,14.4499998093,16.3600006104,41.5400009155,19.6000003815,22.5300006866,35.7281532288,19,8.63809490204,26.6900005341,8.27000045776,26.5900001526,139051,0,0,0,0.018942,0,0,0,0,0,0,0,0,0,0,22.9099998474,41.6500015259,14.6599998474,16.6800003052,43.1300010681,20.3799991608,23.3500003815,36.1941757202,19.7700004578,9.32380867004,27.2099990845,8.77999973297,27.2900009155,140049,22.3400001526,39.1199989319,14.1899995804,16.2000007629,41.2900009155,19.3500003815,22.3099994659,35.4854354858,18.8500003815,8.60000038147,26.5100002289,8.19999980927,26.3700008392,138384,22.8799991608,41.3400001526,14.4899997711,16.6800003052,43.1300010681,20.3799991608,23.3500003815,36.0194168091,19.6299991608,9.26666641235,27.1700000763,8.75,27.2000007629,139586,0,0,0,0,0,0,0,0,0,0,0,0,0,0,4944900,2555500,43698400,29531300,10367900,3697300,3903000,20331479,16801900,26958645,3351000,1098900,3608200,8811900
2025-07-03,19.8825683594,37.3091125488,13.7012014389,15.3550720215,40.5717430115,19.8315315247,22.4938831329,33.5062217712,17.7795219421,8.67084026337,25.9199714661,6.12864112854,26.5783119202,140928,22.6499996185,41.0600013733,14.6199998856,16.75,42.2999992371,20.6499996185,22.8999996185,36.6116485596,19.2900009155,8.75238037109,26.9500007629,8.76000022888,27.1399993896,140928,0,0,0,0,0,0,0,0,0.203027,0,0,0,0,0,22.7800006866,41.25,14.8299999237,16.8799991608,42.6899986267,21.2999992371,23.0900001526,36.6990280151,19.3700008392,8.94285678864,27.2199993134,8.77000045776,27.1700000763,141304,22.2399997711,39.5999984741,14.4600000381,16.3600006104,41.4500007629,19.6499996185,22.5,35.7669906616,18.7199993134,8.68571376801,26.5300006866,8.15999984741,26.3199996948,139051,22.3999996185,39.5999984741,14.470000267,16.3799991608,41.5,19.7000007629,22.5300006866,35.7669906616,18.9799995422,8.8476190567,26.7299995422,8.18999958038,26.5900001526,139051,0,0,0,0,0,0,0,0,0,0,0,0,0,0,1637100,1525800,28673500,34023600,5225300,5553400,1850300,13945170,9136500,26035695,2331100,864400,3022000,6082200
2025-07-04,20.0581359863,37.3363723755,13.7855463028,15.2817344666,40.7060241699,18.9479961395,22.474237442,33.5239906311,17.8256053925,8.72744941711,26.1315612793,6.17761421204,26.6664485931,141478,22.8500003815,41.0900001526,14.7100000381,16.6700000763,42.4399986267,19.7299995422,22.8799991608,36.6310653687,19.3400001526,8.80952262878,27.1700000763,8.82999992371,27.2299995422,141478,0,0,0,0,0,0,0,0,0,0,0,0,0,0,22.8999996185,41.3100013733,14.8500003815,16.7900009155,42.7200012207,20.9400005341,23.0699996948,36.8834953308,19.4400005341,8.81904697418,27.3700008392,8.88000011444,27.5799999237,141537,22.4500007629,40.4599990845,14.5100002289,16.6200008392,41.8199996948,19.7299995422,22.3999996185,36.4854354858,19.0900001526,8.66666603088,26.7900009155,8.61999988556,26.8700008392,140597,22.6100006104,40.9799995422,14.5100002289,16.6599998474,42.0999984741,20.6499996185,22.7000007629,36.601940155,19.1599998474,8.66666603088,27,8.76000022888,27.1100006104,140928,0,0,0,0,0,0,0,0,0,0,0,0,0,0,1858900,757200,7653900,11797800,2710000,2686300,2245000,7528785,2375000,16310595,1357600,594700,1711300,2114300
2025-07-07,19.6280021667,36.6003646851,13.7293167114,15.1350603104,40.2744102478,19.4185752869,22.3760128021,33.0797386169,17.7703037262,8.59535980225,25.8814983368,5.96772956848,26.333486557,139490,22.3600006104,40.2799987793,14.6499996185,16.5100002289,41.9900016785,20.2199993134,22.7800006866,36.1456298828,19.2800006866,8.67619037628,26.9099998474,8.52999973297,26.8899993896,139490,0,0,0,0,0,0,0,0,0,0,0,0,0,0,22.8899993896,41.6500015259,14.7899999619,16.7700004578,42.2900009155,20.2199993134,23.0900001526,36.6796112061,19.4300003052,8.87619018555,27.5200004578,8.82999992371,27.3299999237,141342,22.1399993896,40.2799987793,14.5500001907,16.4500007629,41.75,19.7199993134,22.5599994659,36.0679626465,19.0400009155,8.57142829895,26.8600006104,8.44999980927,26.8700008392,139295,22.8299999237,40.9799995422,14.7399997711,16.6599998474,42.2900009155,19.7700004578,23.0400009155,36.6407775879,19.3500003815,8.79047584534,27.2999992371,8.82999992371,27.3299999237,141265,0,0,0,0,0,0,0,0,0,0,0,0,0,0,6469800,821500,60133400,22852900,4649100,2222800,1233200,13885121,6696900,17286990,1802900,724300,1337800,6117300
2025-07-08,19.6104469299,35.1647033691,13.6730871201,15.1717271805,39.3248519897,19.0440330505,22.6117572784,32.9997634888,17.7887401581,8.39722251892,25.9488220215,5.89776754379,25.9123840332,139303,22.3400001526,38.7000007629,14.5900001526,16.5499992371,41,19.8299999237,23.0200004578,36.0582504272,19.2999992371,8.47618961334,26.9799995422,8.43000030518,26.4599990845,139303,0,0,0,0,0,0,0,0,0,0,0,0,0,0,22.3999996185,40.7700004578,14.6400003433,16.5499992371,41.6699981689,20.2999992371,23.3700008392,36.2330093384,19.4200000763,8.81904697418,27.1599998474,8.55000019073,27.1000003815,139591,22.1200008392,38.5900001526,14.4300003052,16.4099998474,40.5699996948,19.6000003815,22.5300006866,35.8252410889,18.9099998474,8.39047622681,26.7999992371,8.35000038147,26.25,138770,22.3099994659,40.7700004578,14.6099996567,16.5200004578,41.5,20.2999992371,22.7900009155,36.0776672363,19.2399997711,8.73333263397,26.7999992371,8.55000019073,27.1000003815,139491,0,0,0,0,0,0,0,0,0,0,0,0,0,0,3229100,2442600,32968400,18149600,13216400,2524600,2859200,21526588,11458600,22664355,2302200,552800,1649600,6750100
2025-07-09,19.2768726349,33.6199989319,13.5699996948,14.9975538254,39.4783210754,18.515832901,22.2090244293,32.3155975342,17.8809051514,8.06699466705,25.6121997833,5.84879350662,25.7067317963,137481,21.9599990845,37,14.4799995422,16.3600006104,41.1599998474,19.2800006866,22.6100006104,35.3106803894,19.3999996185,8.1428565979,26.6299991608,8.35999965668,26.25,137481,0,0,0,0,0,0,0,0,0,0,0,0,0,0,22.3099994659,38.7000007629,14.5500001907,16.5499992371,41.1800003052,20.1900005341,22.9899997711,36.0097084045,19.5200004578,8.57142829895,27.0599994659,8.63000011444,26.4899997711,139331,21.8500003815,36.5499992371,14.3299999237,16.3299999237,40.6500015259,19.1000003815,22.5499992371,35.2038841248,19.1000003815,8.07618999481,26.6299991608,8.35999965668,25.8199996948,137299,22.1900005341,38.6500015259,14.4899997711,16.5300006866,40.6699981689,19.8500003815,22.9799995422,36,19.2099990845,8.57142829895,26.9799995422,8.47999954224,26.4200000763,139303,0,0,0,0,0,0,0,0,0,0,0,0,0,0,3789200,4716300,43324400,22687500,21627200,1702400,2134000,16093132,24047700,20102670,3155300,388400,2333000,7584500
2025-07-10,19.1803150177,33.1565895081,13.2045087814,14.7958707809,39.133026123,17.8627853394,22.051864624,31.3204574585,17.6597003937,7.86885786057,25.2467250824,5.79982089996,25.6577682495,136743,21.8500003815,36.4900016785,14.0900001526,16.1399993896,40.7999992371,18.6000003815,22.4500007629,34.2233009338,19.1599998474,7.94285678864,26.25,8.28999996185,26.2000007629,136743,0,0,0,0,0,0,0,0,0,0,0,0,0,0,21.9300003052,36.6100006104,14.3000001907,16.1900005341,40.9599990845,18.8999996185,22.6299991608,34.8543663025,19.2099990845,8.00952339172,26.4500007629,8.28999996185,26.2000007629,137472,21.4899997711,35.2799987793,13.8400001526,16.0400009155,39.9000015259,18.3099994659,22.0699996948,34.2135925293,18.7999992371,7.74285697937,25.9300003052,8.03999996185,25.3799991608,136015,21.6900005341,36,14.2700004578,16.1499996185,40.5699996948,18.7700004578,22.5,34.8543663025,19.0300006866,7.8476190567,26.3500003815,8.28999996185,26,137472,0,0,0,0,0,0,0,0,0,0,0,0,0,0,4065000,5381000,54593600,24133500,14172500,3671700,2563600,39571879,9850900,27701730,2287100,568500,3896700,9566200
2025-07-11,18.995973587,32.4205818176,12.8671340942,14.7133665085,39.1618041992,16.9504375458,21.6491336823,31.0627880096,17.2357215881,7.58580541611,24.9100990295,5.56195116043,24.9820480347,136187,21.6399993896,35.6800003052,13.7299995422,16.0499992371,40.8300018311,17.6499996185,22.0400009155,33.9417457581,18.7000007629,7.65714216232,25.8999996185,7.94999980927,25.5100002289,136187,0,0,0,0,0,0,0,0,0,0,0,0,0,0,21.8899993896,36.3800010681,14.0500001907,16.1100006104,41.0499992371,18.6100006104,22.5499992371,34.1747550964,19.0699996948,7.8476190567,26.3099994659,8.26000022888,25.9599990845,136742,21.5699996948,34.9300003052,13.5200004578,15.9200000763,40.2099990845,17.6499996185,21.9899997711,33.7184448242,18.4400005341,7.5428571701,25.8600006104,7.94999980927,25.25,135528,21.5699996948,36.3300018311,13.9899997711,16.0400009155,40.6899986267,18.5,22.4899997711,34.1262130737,19.0200004578,7.8476190567,26.0900001526,8.19999980927,25.7999992371,136742,0,0,0,0,0,0,0,0,0,0,0,0,0,0,3299500,1759000,24753200,20943500,7406300,2778500,1498300,43139284,12820300,25093320,2502800,642100,2749800,7401900
2025-07-14,18.995973587,31.9753456116,12.7546739578,14.768371582,38.9412002563,16.6047077179,21.4625053406,31.009475708,16.747220993,7.5008893013,24.8812465668,5.58993625641,24.8939094543,135299,21.6399993896,35.1899986267,13.6099996567,16.1100006104,40.5999984741,17.2900009155,21.8500003815,33.8834953308,18.1700000763,7.57142782211,25.8700008392,7.98999977112,25.4200000763,135299,0,0,0,0,0,0,0,0,0,0,0,0,0,0,21.8500003815,35.8499984741,13.6700000763,16.1599998474,40.9799995422,17.5,22.1299991608,34.0097084045,18.6800003052,7.62857103348,26.0499992371,8,25.5799999237,136187,21.5,34.2799987793,13.4099998474,15.9499998093,40.4099998474,16.5100002289,21.75,33.5048522949,17.5599994659,7.43809509277,25.6200008392,7.76999998093,24.8500003815,134840,21.5,35.8499984741,13.6700000763,16.0100002289,40.8600006104,17.5,21.9400005341,33.9126205444,18.5599994659,7.62857103348,25.7600002289,7.92000007629,25.5,136187,0,0,0,0,0,0,0,0,0,0,0,0,0,0,2927400,2370200,16998500,16403700,4004400,5357300,1356300,26665052,25465400,19896135,2533000,1060900,2156800,7325600
2025-07-15,19.2154273987,32.893081665,12.8671340942,14.7592048645,38.586315155,16.8447990417,21.6098442078,31.1161022186,17.0882492065,7.59524059296,24.9197177887,5.75784397125,24.9918403625,135250,21.8899993896,36.2000007629,13.7299995422,16.1000003815,40.2299995422,17.5400009155,22,34,18.5400009155,7.66666603088,25.9099998474,8.22999954224,25.5200004578,135250,0,0,0,0,0,0,0,0,0,0,0,0,0,0,22.0499992371,36.7400016785,13.8500003815,16.3099994659,41.1500015259,17.8400001526,22.1299991608,34.1941757202,18.6100006104,7.8476190567,26.1299991608,8.22999954224,26.0799999237,136022,21.6499996185,35.7000007629,13.4899997711,15.8999996185,40.1300010681,17.0400009155,21.7099990845,33.6796112061,18.0200004578,7.55238008499,25.3999996185,7.92999982834,25.1900005341,134380,21.6499996185,36.1899986267,13.7399997711,16.1800003052,40.9000015259,17.3500003815,21.8400001526,33.8834953308,18.5499992371,7.80952310562,25.8799991608,7.96000003815,25.7000007629,135298,0,0,0,0,0,0,0,0,0,0,0,0,0,0,7108600,2385800,28427600,20723100,7307500,2524900,1407400,27356285,15946000,24724665,7387500,1155200,1676700,6904200
2025-07-16,19.3383216858,32.9021644592,12.8202772141,14.7225341797,39.3728103638,16.3358039856,21.7473602295,31.2671394348,17.1066837311,7.65185070038,24.9485721588,5.59693241119,24.7959785461,135511,22.0300006866,36.2099990845,13.6800003052,16.0599994659,41.0499992371,17.0100002289,22.1399993896,34.1650466919,18.5599994659,7.72380876541,25.9400005341,8,25.3199996948,135511,0,0,0,0,0,0,0,0,0,0,0,0,0,0,22.1399993896,36.2200012207,13.8100004196,16.1900005341,41.1800003052,17.5300006866,22.2099990845,34.2718429565,18.5599994659,7.78095197678,26.3199996948,8.22999954224,25.5699996948,135641,21.8500003815,34.8800010681,13.5699996948,15.9099998474,40.1199989319,16.4300003052,21.7399997711,33.8640785217,17.9400005341,7.4952378273,25.7700004578,7.94999980927,24.7099990845,134265,22.0499992371,36.0200004578,13.7700004578,16.1499996185,40.3300018311,17.5,21.9599990845,34.0679626465,18.4699993134,7.67618989944,25.9699993134,8.22999954224,25.3999996185,135250,0,0,0,0,0,0,0,0,0,0,0,0,0,0,6585400,1610200,21195700,18619600,16498800,5558000,2134700,27655294,21491000,21844725,5685900,1054700,3117500,7833200
2025-07-17,19.505109787,33.0657234192,12.8765048981,14.6950359344,40.0058441162,16.2589759827,21.6098442078,31.7380619049,17.2541542053,7.73676681519,25.073600769,5.69487905502,24.717634201,135565,22.2199993134,36.3899993896,13.7399997711,16.0300006866,41.7099990845,16.9300003052,22,34.6796112061,18.7199993134,7.80952310562,26.0699996948,8.14000034332,25.2399997711,135565,0,0,0,0,0,0,0,0,0,0,0,0,0,0,22.2900009155,36.5699996948,13.75,16.0900001526,41.9199981689,17.2000007629,22.25,34.7961158752,18.7199993134,7.83809518814,26.1399993896,8.18999958038,25.4200000763,135793,21.9200000763,35.9000015259,13.5399999619,15.8800001144,40.3899993896,16.8199996948,21.9400005341,34.1650466919,18.3099994659,7.63809490204,25.6900005341,8,24.9699993134,135016,22.1900005341,36.1500015259,13.6800003052,16.0300006866,40.7000007629,17.0400009155,22.25,34.1844673157,18.5799999237,7.75237989426,25.8600006104,8.05000019073,25.3099994659,135515,0,0,0,0,0,0,0,0,0,0,0,0,0,0,4283100,1955400,19252700,19360000,6837400,1478800,1936900,25587775,9503700,22185345,3022600,530100,1778200,6800000
2025-07-18,19.0223064423,32.4296684265,12.1548957825,14.3650140762,38.6822319031,15.874830246,20.9615497589,31.1605243683,16.34167099,7.43484401703,24.2753238678,5.38005113602,25.0505981445,133382,21.6700000763,35.6899986267,12.970000267,15.6700000763,40.3300018311,16.5300006866,21.3400001526,34.0485420227,17.7299995422,7.50476121902,25.2399997711,7.69000005722,25.5799999237,133382,0,0,0,0,0,0,0,0,0,0,0,0,0,0,22.1800003052,36.1899986267,13.5699996948,15.9600000381,42.0999984741,16.9799995422,21.8799991608,34.6796112061,18.4599990845,7.75237989426,25.9200000763,8.10999965668,25.8299999237,135563,21.6000003815,35.2400016785,12.9499998093,15.6099996567,39.8899993896,16.5300006866,21.1800003052,33.9708747864,17.6000003815,7.45714187622,25.1499996185,7.69000005722,24.4300003052,133296,22.0699996948,35.5499992371,13.3900003433,15.9300003052,41.3499984741,16.7199993134,21.7199993134,34.3883476257,18.2800006866,7.66666603088,25.6299991608,8.09000015259,24.9899997711,135563,0,0,0,0,0,0,0,0,0,0,0,0,0,0,7751500,2625200,110000600,43557800,13833800,2346600,2293000,32227155,24638500,24625335,3820500,887800,8006800,10071800
2025-07-21,18.9520835876,32.2842826843,12.2767267227,14.3741836548,38.1738853455,16.1149215698,20.8633213043,31.5248146057,16.1020317078,7.17066192627,24.3811206818,5.32408189774,25.1681156158,134167,21.5900001526,35.5299987793,13.1000003815,15.6800003052,39.7999992371,16.7800006866,21.2399997711,34.4466018677,17.4699993134,7.23809480667,25.3500003815,7.61000013351,25.7000007629,134167,0,0,0,0,0,0,0,0,0,0,0,0,0,0,21.8600006104,36.3400001526,13.1999998093,15.8599996567,40.5999984741,17.0100002289,21.5300006866,34.5436897278,18.0100002289,7.59999990463,25.4400005341,7.78000020981,26,134865,21.5499992371,35.25,12.970000267,15.5699996948,39.3800010681,16.6100006104,21.1000003815,33.9902915955,17.2600002289,7.22857093811,25.2299995422,7.59000015259,25.2900009155,133367,21.7800006866,35.6100006104,13.0500001907,15.6999998093,40.0999984741,16.6499996185,21.3400001526,34.0291252136,17.8600006104,7.56190395355,25.2399997711,7.71999979019,25.5799999237,133382,0,0,0,0,0,0,0,0,0,0,0,0,0,0,3599700,855600,27833400,28460200,7863800,1932500,2809000,12354541,13605800,21647010,2854000,615100,4756700,6726700
2025-07-22,18.6624011993,32.7022628784,12.2486124039,14.3283452988,38.0587882996,15.9324512482,20.6177539825,31.0983276367,16.0559501648,7.07631158829,24.1310577393,5.5479593277,24.2769489288,134036,21.2600002289,35.9900016785,13.0699996948,15.6300001144,39.6800003052,16.5900001526,20.9899997711,33.9805831909,17.4200000763,7.14285707474,25.0900001526,7.92999982834,24.7900009155,134036,0,0,0,0,0,0,0,0,0,0,0,0,0,0,21.7700004578,36.4799995422,13.2399997711,15.8100004196,40.5499992371,17.3199996948,21.2999992371,34.6990280151,17.7199993134,7.35237979889,25.5300006866,7.98000001907,25.8799991608,135300,21.2600002289,35.4000015259,13.029999733,15.5699996948,39.3300018311,16.5900001526,20.8600006104,33.922328949,17.3099994659,7.06666612625,24.9500007629,7.59999990463,24.7900009155,133986,21.6900005341,35.4000015259,13.1499996185,15.720000267,40,16.8099994659,21.2900009155,34.4660186768,17.5200004578,7.29523801804,25.3999996185,7.61000013351,25.7299995422,134180,0,0,0,0,0,0,0,0,0,0,0,0,0,0,6144800,1028400,17304600,22020400,6280800,2982800,4964900,23330324,15241300,22623300,3196800,936400,3152000,7052100
2025-07-23,18.9818515778,33.7290382385,12.5485019684,14.5575237274,38.739780426,16.5855007172,20.9615497589,31.4448509216,16.249502182,7.35936403275,24.765832901,5.61792087555,24.8645305634,135368,21.5200004578,37.1199989319,13.3900003433,15.8800001144,40.3899993896,17.2700004578,21.3400001526,34.3592224121,17.6299991608,7.42857122421,25.75,8.02999973297,25.3899993896,135368,0.102164,0,0,0,0,0,0,0,0,0,0,0,0,0,21.5900001526,37.6699981689,13.5,15.970000267,40.3899993896,17.4300003052,21.3400001526,34.4951438904,17.7099990845,7.52380895615,25.7700004578,8.06000041962,25.5699996948,135782,20.9599990845,35.7900009155,13.0600004196,15.6099996567,39.3899993896,16.5900001526,20.7600002289,33.8446617126,17.2700004578,7.03809499741,24.8400001526,7.78000020981,24.4200000763,133676,21.0699996948,36.0099983215,13.0699996948,15.6300001144,39.7000007629,16.5900001526,20.7999992371,33.9417457581,17.4500007629,7.07618999481,25.0200004578,7.88999986649,24.7000007629,134036,0,0,0,0,0,0,0,0,0,0,0,0,0,0,2745500,1491800,20683700,23447100,6641600,2496000,3000500,13271962,12912300,20511330,3817600,685500,1841600,6527600
2025-07-24,18.7260513306,33.1747589111,12.2954692841,14.3741836548,37.8477783203,16.0957126617,20.548997879,31.1516361237,15.7425737381,7.11405134201,24.3811206818,5.5479593277,24.5315666199,133808,21.2299995422,36.5099983215,13.1199998856,15.6800003052,39.4599990845,16.7600002289,20.9200000763,34.0388336182,17.0799999237,7.18095207214,25.3500003815,7.92999982834,25.0499992371,133808,0,0,0,0,0,0,0,0,0,0,0,0,0,0,21.4300003052,36.9799995422,13.25,15.7899999619,40.1500015259,17.1900005341,21.5,34.2427177429,17.4699993134,7.36190414429,25.6000003815,8,25.3500003815,135363,21.2000007629,36.2999992371,13.0500001907,15.5600004196,39.4300003052,16.5599994659,20.9200000763,33.8349494934,16.8899993896,7.11428499222,25.3500003815,7.76000022888,24.9099998474,133648,21.3600006104,36.8300018311,13.220000267,15.7899999619,39.8199996948,17.0300006866,21.5,34.2427177429,17.4699993134,7.33333301544,25.5599994659,8,25.0799999237,135357,0,0,0,0,0,0,0,0,0,0,0,0,0,0,2113200,904200,20520300,40868200,4727100,2325600,1740700,11460089,10334500,16325925,2192500,492300,1806600,5976800
2025-07-25,18.7525138855,33.0475502014,12.2486124039,14.2641763687,37.7518577576,15.3274211884,20.5097064972,31.2849197388,15.4107608795,7.07631158829,24.284942627,5.51792001724,24.7274284363,133524,21.2600002289,36.3699989319,13.0699996948,15.5600004196,39.3600006104,15.9600000381,20.8799991608,34.1844673157,16.7199993134,7.14285707474,25.25,7.76999998093,25.25,133524,0,0,0,0,0,0,0,0,0,0,0,0.1177,0,0,21.3700008392,36.7000007629,13.220000267,15.7600002289,39.7799987793,16.9599990845,21.1599998474,34.4563102722,17.1299991608,7.22857093811,25.6299991608,7.82000017166,25.3199996948,134204,21.1599998474,36.0200004578,13.0600004196,15.4899997711,39.0099983215,15.8100004196,20.7600002289,34.0097084045,16.5400009155,6.99047613144,25.0699996948,7.65000009537,24.9300003052,133285,21.2000007629,36.5999984741,13.0600004196,15.720000267,39.4599990845,16.7600002289,20.9799995422,34.0097084045,17.1000003815,7.18095207214,25.4899997711,7.76999998093,24.9300003052,133820,0,0,0,0,0,0,0,0,0,0,0,0,0,0,1896700,602100,20299900,21825400,4980000,2197000,1597600,18518061,13200400,16280145,4538300,566500,1832200,5560900
2025-07-28,18.5672836304,31.9480838776,11.9018630981,14.1541671753,36.9174079895,14.8088245392,20.2543182373,30.6274051666,15.0881690979,6.77438879013,23.8906135559,5.26936483383,23.4347476959,132129,21.0499992371,35.1599998474,12.6999998093,15.4399995804,38.4900016785,15.4200000763,20.6200008392,33.4660186768,16.3700008392,6.83809518814,24.8400001526,7.42000007629,23.9300003052,132129,0,0,0,0,0,0,0,0,0,0,0,0,0,0,21.4799995422,36.8499984741,13.1899995804,15.6499996185,39.4599990845,16.3199996948,21.1299991608,34.2912635803,16.8999996185,7.1904759407,25.5200004578,7.90000009537,25.5400009155,133902,20.9300003052,34.9199981689,12.5799999237,15.2700004578,38.0900001526,15.1000003815,20.4599990845,33.1553382874,16.0699996948,6.82857084274,24.7299995422,7.38999986649,23.8299999237,131550,21.2600002289,36.5600013733,13.1400003433,15.6099996567,39.3600006104,16.0100002289,21.1299991608,34.2524261475,16.7700004578,7.12380886078,25.1100006104,7.86000013351,25.25,133538,0,0,0,0,0,0,0,0,0,0,0,0,0,0,3215900,684500,22762200,24295500,9459000,2855300,3868500,17849385,10686400,16992360,4293100,427200,5297100,6625600
2025-07-29,18.7084064484,32.3933258057,11.9112358093,14.1266651154,37.1380119324,15.4618730545,20.3623657227,30.8051128387,15.0697345734,6.58568716049,24.2753238678,5.36878681183,24.0712947845,132726,21.2099990845,35.6500015259,12.7100000381,15.4099998474,38.7200012207,16.1000003815,20.7299995422,33.660194397,16.3500003815,6.6476187706,25.2399997711,7.55999994278,24.5799999237,132726,0,0,0,0,0,0,0,0,0,0,0,0,0,0,21.3500003815,35.9399986267,12.8000001907,15.5799999237,38.9799995422,16.2999992371,20.8199996948,33.8446617126,16.4400005341,6.90476083755,25.2999992371,7.61000013351,24.8299999237,133346,20.9400005341,35,12.5900001526,15.3599996567,38.4399986267,15.5500001907,20.4899997711,33.3689308167,16.1700000763,6.61904716492,24.7600002289,7.36000013351,24.0499992371,132130,21.0900001526,35.1599998474,12.6999998093,15.4600000381,38.7999992371,15.7600002289,20.5799999237,33.4368934631,16.3899993896,6.90476083755,24.9799995422,7.40000009537,24.1900005341,132130,0,0,0,0,0,0,0,0,0,0,0,0,0,0,3194000,582700,17195600,28054200,8888000,4073900,1320900,16655821,11016900,22201725,2780400,842100,4677100,6324800
2025-07-30,18.8936443329,33.3655776978,11.9487218857,14.3558444977,37.5216636658,15.9516592026,20.6865139008,31.1605243683,15.4476289749,6.92535018921,24.4773006439,5.51081848145,24.776391983,133990,21.4200000763,36.7200012207,12.75,15.6599998474,39.1199989319,16.6100006104,21.0599994659,34.0485420227,16.7600002289,6.99047613144,25.4500007629,7.76000022888,25.2999992371,133990,0,0,0,0,0,0,0,0,0,0,0,0,0,0,21.7999992371,37.25,12.8699998856,15.8000001907,39.5,16.8299999237,21.4300003052,34.2330093384,16.8500003815,7.12380886078,25.7999992371,7.82999992371,25.3999996185,134368,21.1399993896,35.2799987793,12.5200004578,15.3199996948,38.1800003052,15.7100000381,20.5200004578,33.3106803894,16.1499996185,6.59047603607,24.8999996185,7.40999984741,24.1299991608,131883,21.1499996185,35.4099998474,12.5900001526,15.3400001526,38.5900001526,15.9200000763,20.5200004578,33.5048522949,16.2000007629,6.60952281952,24.8999996185,7.5,24.5699996948,132702,0,0,0,0,0,0,0,0,0,0,0,0,0,0,4407600,786100,22210300,45351600,17070700,2300500,2051600,19531787,12272000,29697360,3356000,780100,3735100,8655300
2025-07-31,18.7966156006,32.4205818176,11.7894067764,14.2366733551,37.5312614441,15.8172073364,20.3623657227,31.2404823303,14.9959983826,6.66116714478,24.3330307007,5.48951387405,24.8939094543,133071,21.3099994659,35.6800003052,12.5799999237,15.529999733,39.1300010681,16.4699993134,20.7299995422,34.1359214783,16.2700004578,6.72380876541,25.2999992371,7.73000001907,25.4200000763,133071,0,0,0,0,0,0,0,0,0,0,0,0,0,0,21.4300003052,36.5900001526,12.75,15.9399995804,39.5,16.7999992371,20.9500007629,34.1941757202,16.5799999237,6.80952310562,25.5599994659,7.80000019073,25.7199993134,133987,20.9899997711,35.2900009155,12.4899997711,15.3900003433,38.2200012207,16.0200004578,20.6000003815,33.6310653687,16.1100006104,6.63809490204,25.0200004578,7.5,24.5799999237,132096,21.2900009155,36.4000015259,12.5500001907,15.8500003815,39.3199996948,16.2600002289,20.6900005341,33.6699028015,16.5400009155,6.74285697937,25.2199993134,7.69999980927,24.9899997711,133987,0,0,0,0,0,0,0,0,0,0,0,0,0,0,4326900,1187700,24010500,63011500,5961700,2928600,1793800,22001830,14106400,21455490,4548300,632800,4941500,9196800
2025-08-01,18.9994907379,32.0389480591,11.7987785339,14.2641763687,37.4737052917,16.3934268951,20.6865139008,31.0517139435,15.1987705231,6.81212902069,24.6696548462,5.4469037056,25.1877002716,132437,21.5400009155,35.2599983215,12.5900001526,15.5600004196,39.0699996948,17.0699996948,21.0599994659,33.9126205444,16.4899997711,6.87619018555,25.6499996185,7.67000007629,25.7199993134,132437,0,0,0,0,0,0,0,0.017136,0,0,0,0,0,0,21.8299999237,36.8400001526,12.9099998474,15.8500003815,40.0800018311,17.3400001526,21.3500003815,34.7184448242,16.9400005341,7.04761886597,25.9599990845,7.94999980927,26.3099994659,133237,21.4099998474,34.8100013733,12.4200000763,15.5100002289,38.9099998474,16.8199996948,20.7900009155,33.7281532288,16.2800006866,6.83809518814,25.3799991608,7.65000009537,25.5799999237,132140,21.6599998474,36.3800010681,12.7100000381,15.7100000381,39.9500007629,16.9500007629,20.9799995422,34.5631065369,16.5,6.92380905151,25.7999992371,7.78999996185,25.5799999237,132920,0,0,0,0,0,0,0,0,0,0,0,0,0,0,6541400,1877000,22196200,30228600,4618300,2323300,2266000,16498643,13708700,26666745,4504400,926400,3044600,8497100
2025-08-04,18.9994907379,32.0298614502,11.8831224442,14.373342514,37.5696220398,16.7391586304,20.332901001,31.3806266785,15.5490169525,6.77438879013,24.3234138489,5.63154459,26.0788669586,132971,21.5400009155,35.25,12.6800003052,15.6599998474,39.1699981689,17.4300003052,20.7000007629,34.2718429565,16.8700008392,6.83809518814,25.2900009155,7.92999982834,26.6299991608,132971,0,0,0,0.018942,0,0,0,0,0,0,0,0,0,0,21.9099998474,35.9099998474,12.9099998474,15.9399995804,39.6599998474,17.7199993134,21.3799991608,34.524269104,17.0400009155,7.02857112885,26.0200004578,7.94999980927,26.7099990845,133929,21.4300003052,34.7799987793,12.6099996567,15.6000003815,38.9199981689,16.9500007629,20.5799999237,34.0097084045,16.6100006104,6.79047584534,25.2000007629,7.65000009537,25.8999996185,132440,21.8799991608,35.8300018311,12.8000001907,15.7299995422,39.5699996948,17.3500003815,21.1800003052,34.4077644348,16.8099994659,6.96190404892,25.8999996185,7.80999994278,26.0900001526,132440,0,0,0,0,0,0,0,0,0,0,0,0,0,0,2602300,1235200,29274800,25590900,3932900,2372000,2573900,17430072,11429000,15100470,4238600,559500,2382900,6136600
2025-08-05,19.043592453,32.3569793701,11.7894067764,14.4008779526,37.6079902649,16.7199497223,20.6865139008,31.7273368835,15.5674505234,6.79325819016,24.5157718658,5.53212308884,26.4510040283,133151,21.5900001526,35.6100006104,12.5799999237,15.6899995804,39.2099990845,17.4099998474,21.0599994659,34.6504859924,16.8899993896,6.85714197159,25.4899997711,7.78999996185,27.0100002289,133151,0,0,0,0,0,0,0,0,0,0,0,0,0,0,21.6900005341,35.6599998474,12.8100004196,15.8800001144,39.7799987793,17.5900001526,21.1399993896,34.8834953308,17.1499996185,6.95238018036,25.5499992371,7.94000005722,27.2099990845,134233,21.2999992371,34.4500007629,12.5600004196,15.6099996567,38.8800010681,17.0799999237,20.5100002289,34.0388336182,16.75,6.76190376282,24.9699993134,7.76999998093,26.2800006866,132682,21.5499992371,35.1599998474,12.7100000381,15.6099996567,39.0200004578,17.4899997711,20.5599994659,34.1941757202,16.8999996185,6.83809518814,25.3199996948,7.82999992371,26.6299991608,132971,0,0,0,0,0,0,0,0,0,0,0,0,0,0,5151600,1137500,16600500,31469200,4681300,2022100,2530100,49690805,10826200,15683955,2965700,568400,4995100,6606300
2025-08-06,19.3611373901,33.6472549438,11.9206085205,14.382522583,38.1930656433,17.8915939331,21.0695991516,32.127368927,16.3785438538,6.92535018921,24.8427734375,5.7522726059,26.7447929382,134538,21.9500007629,37.0299987793,12.720000267,15.6700000763,39.8199996948,18.6299991608,21.4500007629,35.0873794556,17.7700004578,6.99047613144,25.8299999237,8.10000038147,27.3099994659,134538,0,0,0,0,0,0,0,0,0,0,0,0,0,0,21.9500007629,37.0600013733,12.8400001526,15.8699998856,40.3499984741,18.7800006866,21.75,36.0679626465,17.9799995422,7.08571386337,25.8299999237,8.10000038147,27.6700000763,135241,21.5400009155,35.5,12.5699996948,15.6400003433,39.2299995422,17.3700008392,21.0200004578,35.0485420227,16.9500007629,6.86666584015,25.3700008392,7.78999996185,26.6800003052,133169,21.7000007629,35.9099998474,12.7399997711,15.7600002289,39.5999984741,17.6000003815,21.2099990845,35.2330093384,17,6.91428518295,25.6499996185,7.84999990463,27.1800003052,133169,0,0,0,0,0,0,0,0,0,0,0,0,0,0,3813100,1410800,21662300,24917500,13498200,5123900,2824500,41157358,18874600,14000910,2591200,748100,3132500,8681700
2025-08-07,19.6081104279,34.6013412476,12.0986661911,14.4926624298,38.6438674927,16.3934268951,21.2955188751,32.6963119507,16.6273994446,7.00083017349,25.1024551392,6.53344392776,27.0092067719,136528,22.2299995422,38.0800018311,12.9099998474,15.7899999619,40.2900009155,17.0699996948,21.6800003052,35.7087364197,18.0400009155,7.06666612625,26.1000003815,9.19999980927,27.5799999237,136528,0,0,0,0,0,0,0,0,0,0,0,0,0,0,22.4899997711,38.4900016785,12.9899997711,15.8000001907,40.7999992371,18.4200000763,21.9400005341,35.9320373535,18.3999996185,7.12380886078,26.2199993134,9.23999977112,27.8199996948,137007,21.8799991608,36.75,12.6000003815,15.6199998856,39.7799987793,17.0699996948,21.3700008392,35.0582504272,17.8199996948,6.93333292007,25.6900005341,8.48999977112,27.0900001526,134534,22,37.5,12.6999998093,15.720000267,40.2999992371,18.25,21.4500007629,35.1844673157,17.9099998474,7.01904678345,25.7999992371,8.59000015259,27.6900005341,134538,0,0,0,0,0,0,0,0,0,0,0,0,0,0,4548600,2507600,43471800,27653400,5940600,9116700,2478800,26887326,27680600,18451335,3177400,3544000,3494800,9501000
2025-08-08,19.696313858,32.1661643982,12.0705518723,14.6486949921,39.0946617126,15.8364143372,21.3053417206,32.918548584,15.4199781418,6.64229679108,24.9485721588,6.39141225815,27.8122348785,135913,22.3299999237,35.4000015259,12.8800001144,15.9600000381,40.7599983215,16.4899997711,21.6900005341,35.9514541626,16.7299995422,6.70476102829,25.9400005341,9,28.3999996185,135913,0,0,0,0,0,0,0,0,0,0,0,0,0,0,22.5100002289,37.7099990845,13.0600004196,15.9899997711,41.3400001526,17.3999996185,21.8400001526,36.0679626465,17.6900005341,7.00952291489,26.2000007629,9.32999992371,28.9500007629,136761,22.0900001526,34.8199996948,12.7700004578,15.75,40.2799987793,16.3600006104,21.4899997711,35.6796112061,16.5699996948,6.61904716492,25.7800006866,8.98999977112,27.3700008392,135659,22.1499996185,37.4199981689,12.8999996185,15.75,40.5999984741,17.1499996185,21.5499992371,35.7184448242,17.6299991608,7.00952291489,26.1100006104,9.05000019073,28.9500007629,136526,0,0,0,0,0,0,0,0,0,0,0,0,0,0,5849900,8061200,30494500,25120200,11263900,4571200,1560600,18329262,34800000,34780410,4274300,958800,5918400,9890600
2025-08-11,19.7757015228,30.3034305573,11.9580936432,14.593626976,38.9622650146,15.8364143372,21.0204849243,33.1230125427,15.1342535019,6.62342691422,25.1024551392,6.24228000641,26.8035526276,135623,22.4200000763,33.3499984741,12.7600002289,15.8999996185,40.0200004578,16.4899997711,21.3999996185,36.1747550964,16.4200000763,6.68571376801,26.1000003815,8.78999996185,27.3700008392,135623,0,0,0,0,0.604007,0,0,0,0,0,0,0,0,0,22.6700000763,35.2000007629,12.9399995804,15.9600000381,40.75,16.9099998474,21.7199993134,36.2815513611,16.8500003815,7.01904678345,26.25,9.02000045776,28.4400005341,136307,22.1700000763,32.8899993896,12.6700000763,15.8100004196,39.8800010681,16.3700008392,21.3500003815,35.6699028015,16.2600002289,6.60952281952,25.8799991608,8.75,27.2999992371,135496,22.2800006866,35.2000007629,12.9300003052,15.9499998093,40.2099990845,16.3700008392,21.4899997711,35.737865448,16.6800003052,6.60952281952,25.9400005341,9,28.4400005341,135913,0,0,0,0,0,0,0,0,0,0,0,0,0,0,3817500,5990900,21690500,13742600,5105400,1773300,4383100,22695226,11909800,28940520,2752100,812600,4140000,6947300
2025-08-12,20.1373443604,31.2029933929,11.8550071716,14.9332265854,44.0735015869,15.3946475983,21.6294898987,33.8075180054,15.4107608795,6.6328625679,25.7083759308,6.36300706863,26.9994125366,137914,22.8299999237,34.3400001526,12.6499996185,16.2700004578,45.2700004578,16.0300006866,22.0200004578,36.922328949,16.7199993134,6.6952381134,26.7299995422,8.96000003815,27.5699996948,137914,0,0,0,0,0,0,0,0,0,0,0,0,0,0,22.9799995422,34.6199989319,12.9300003052,16.3400001526,45.4900016785,17.0499992371,22.2299995422,37.1553382874,16.9699993134,6.95238018036,26.7800006866,9.15999984741,27.7600002289,138414,22.4400005341,33.4500007629,12.6300001144,15.9200000763,42.0200004578,15.8000001907,21.3999996185,36.3009681702,16.4300003052,6.67618989944,26.1800003052,8.80000019073,27.2999992371,135629,22.4400005341,33.6500015259,12.7600002289,15.970000267,42.2799987793,17.0100002289,21.4599990845,36.3689308167,16.5100002289,6.85714197159,26.1800003052,8.89999961853,27.4099998474,135629,0,0,0,0,0,0,0,0,0,0,0,0,0,0,4174400,2987200,34054800,31596100,40024200,4599900,2060200,27812781,17012400,21292005,3014000,926400,2085800,8342100
2025-08-13,20.0491371155,30.0035762787,11.9018630981,14.8047294617,43.1291427612,15.0585193634,21.3937454224,33.4874954224,14.8300924301,6.34980964661,25.5064048767,5.86589717865,26.5195541382,136687,22.7299995422,33.0200004578,12.6999998093,16.1299991608,44.2999992371,15.6800003052,21.7800006866,36.5728149414,16.0900001526,6.40952301025,26.5200004578,8.26000022888,27.0799999237,136687,0,0,0,0,0,0,0,0,0,0,0,0,0,0,23.1000003815,34.2400016785,12.779999733,16.3600006104,45.1399993896,16.1000003815,22.2900009155,37.0097084045,16.5799999237,6.71428489685,26.8700008392,8.94999980927,27.5900001526,137913,22.5699996948,32.2999992371,12.5699996948,16.0400009155,44.0600013733,14.9899997711,21.7800006866,36.5533981323,15.7700004578,6.38095188141,26.3700008392,8.26000022888,26.1800003052,136535,22.8799991608,34.1899986267,12.6400003433,16.1800003052,45,15.9499998093,21.7900009155,36.8155326843,16.5799999237,6.67618989944,26.7299995422,8.89999961853,27.5699996948,137911,0,0,0,0,0,0,0,0,0,0,0,0,0,0,4568300,3495000,34558200,29193000,15450400,6839800,2727300,22618491,21746600,21171150,4297700,1706100,4076700,9398500
2025-08-14,20.1638088226,29.1585350037,12.0424365997,14.6945886612,43.3335876465,14.5015077591,21.5607318878,33.4430389404,14.7655754089,6.3026342392,25.4967842102,5.78067827225,26.2453479767,136356,22.8600006104,32.0900001526,12.8500003815,16.0100002289,44.5099983215,15.1000003815,21.9500007629,36.524269104,16.0200004578,6.36190414429,26.5100002289,8.14000034332,26.7999992371,136356,0,0,0,0,0,0,0,0,0,0,0,0,0,0,23.1000003815,33,13.1499996185,16.2700004578,45.3100013733,15.6499996185,22.1900005341,36.8932037354,16.1700000763,6.41904687881,26.7800006866,8.42000007629,26.9400005341,137437,22.1800003052,31.8999996185,12.5799999237,15.8699998856,43.8199996948,15.0799999237,21.4799995422,36.1941757202,15.8100004196,6.21904706955,26.1800003052,8.14000034332,26.4099998474,135588,22.6200008392,32.7999992371,12.5799999237,15.9499998093,43.9900016785,15.6000003815,21.5799999237,36.262134552,15.970000267,6.35237979889,26.4200000763,8.23999977112,26.6000003815,136681,0,0,0,0,0,0,0,0,0,0,0,0,0,0,4340300,3073700,25411600,29789000,7705600,3494800,1401400,26818728,11770700,19710600,1942100,686200,2775800,9667800
2025-08-15,20.1638088226,29.8945407867,12.3235836029,14.7129468918,43.275177002,14.3574533463,21.6196670532,33.3274726868,14.8669595718,6.2460231781,25.592962265,5.794880867,26.6664485931,136341,22.8600006104,32.9000015259,13.1499996185,16.0300006866,44.4500007629,14.9499998093,22.0100002289,36.398059845,16.1299991608,6.30476093292,26.6100006104,8.15999984741,27.2299995422,136341,0,0,0,0,0,0,0,0,0,0,0,0,0,0,22.9500007629,32.9000015259,13.1599998474,16.0900001526,44.9900016785,15.4499998093,22.2000007629,36.7281532288,16.1299991608,6.36190414429,26.6499996185,8.32999992371,27.3999996185,136431,22.6800003052,31.8400001526,12.7700004578,15.8800001144,44.0099983215,14.8800001144,21.7999992371,36.262134552,15.7100000381,6.20952320099,26.2999992371,8.07999992371,26.4699993134,135583,22.8500003815,32.2200012207,12.7700004578,15.9300003052,44.9900016785,15.1499996185,21.9400005341,36.398059845,16.0200004578,6.342856884,26.5100002289,8.14000034332,26.7999992371,136354,0,0,0,0,0,0,0,0,0,0,0,0,0,0,2545400,1799000,25879800,20291000,7071800,3738800,1129800,19527976,18088500,13254045,2872900,579800,2374300,9291000
2025-08-18,20.4284229279,30.8940525055,12.3329553604,15.0066518784,43.8787879944,15.2794027328,21.8554096222,33.5675048828,14.9406957626,6.51964139938,25.7179946899,6.03633451462,27.2344455719,137322,23.1599998474,34,13.1599998474,16.3500003815,45.0699996948,15.9099998474,22.25,36.660194397,16.2099990845,6.58095216751,26.7399997711,8.5,27.8099994659,137322,0,0,0,0,0,0,0,0,0,0,0,0,0,0,23.2999992371,34.1199989319,13.3800001144,16.4400005341,45.6399993896,16.1599998474,22.3299999237,36.9514541626,16.3400001526,6.65714216232,26.9400005341,8.53999996185,28.1200008392,137902,22.8600006104,32.7200012207,13.1400003433,16.0200004578,44.2200012207,15,22.0599994659,36.4174766541,15.9799995422,6.30476093292,26.5499992371,8.10999965668,27.0799999237,136341,22.8600006104,32.9000015259,13.1499996185,16.1000003815,44.2200012207,15,22.1499996185,36.5048522949,16.0799999237,6.30476093292,26.6100006104,8.10999965668,27.2199993134,136341,0,0,0,0,0,0,0,0,0,0,0,0,0,0,3121600,1861200,17580500,42207700,8717900,5451400,1625800,21658634,9897600,17826795,2002400,736900,2334700,8089900
2025-08-19,20.0138530731,29.4765605927,11.7425479889,14.4926624298,42.3502845764,14.8664464951,21.3544559479,32.5921630859,14.6273193359,6.47246599197,25.1120738983,5.794880867,26.7056217194,134432,22.6900005341,32.4399986267,12.529999733,15.7899999619,43.5,15.4799995422,21.7399997711,35.2524261475,15.8699998856,6.53333282471,26.1100006104,8.15999984741,27.2700004578,134432,0,0,0,0,0,0,0,0.352816,0,0,0,0,0,0,23,33.7999992371,13.0799999237,16.0699996948,44.7000007629,15.75,22.2199993134,35.8446617126,16.1100006104,6.60952281952,26.5100002289,8.42000007629,27.6399993896,137321,22.5699996948,32.4399986267,12.4799995422,15.6999998093,43.1399993896,15.220000267,21.6299991608,34.8446617126,15.7399997711,6.40000009537,25.9200000763,8.14999961853,27.0200004578,133997,23,33.7999992371,13.0500001907,16.0599994659,44.6500015259,15.7100000381,22.2199993134,35.8349494934,16.0900001526,6.41904687881,26.5100002289,8.40999984741,27.4400005341,137321,0,0,0,0,0,0,0,0,0,0,0,0,0,0,3317500,1623500,37944900,44185500,7315500,3197000,1641400,40817973,9058800,17640105,2150900,559300,3159700,8684100
2025-08-20,19.9873943329,28.467962265,11.5551176071,14.5385551453,41.8829727173,14.9336719513,21.6393127441,32.6101112366,14.4798488617,6.3026342392,25.3429031372,5.88009977341,27.1561012268,134667,22.6599998474,31.3299999237,12.3299999237,15.8400001526,43.0200004578,15.5500001907,22.0300006866,35.2718429565,15.7100000381,6.36190414429,26.3500003815,8.27999973297,27.7299995422,134667,0,0,0,0,0,0,0,0,0,0,0,0,0,0,22.8600006104,32.4099998474,12.5699996948,15.9300003052,43.4399986267,15.9799995422,22.1399993896,35.4660186768,15.9799995422,6.59999990463,26.4599990845,8.35000038147,27.7900009155,134964,22.5,30.9300003052,12.220000267,15.6300001144,42.7299995422,15.3900003433,21.6000003815,35,15.6700000763,6.31428480148,25.7999992371,8.14000034332,26.8600006104,134122,22.6900005341,32.3600006104,12.529999733,15.7600002289,43.3100013733,15.6599998474,21.6200008392,35.2135925293,15.8699998856,6.59999990463,25.9799995422,8.31000041962,27.0499992371,134431,0,0,0,0,0,0,0,0,0,0,0,0,0,0,3746600,2932400,45171200,31984600,5873700,3159000,1537900,16894884,10297100,20240430,2825600,623600,1661300,6845000
2025-08-21,19.9256496429,28.4316158295,11.4801445007,14.4926624298,41.4838066101,15.0777263641,21.7670059204,32.6460151672,14.2309913635,6.3026342392,25.2178688049,5.72386598587,26.8623104095,134511,22.5900001526,31.2900009155,12.25,15.7899999619,42.6100006104,15.6999998093,22.1599998474,35.3106803894,15.4399995804,6.36190414429,26.2199993134,8.06000041962,27.4300003052,134511,0,0,0,0,0,0,0,0,0,0,0,0,0,0,22.75,31.8099994659,12.3900003433,15.8599996567,43.0499992371,16.0400009155,22.3899993896,35.3689308167,15.8199996948,6.5428571701,26.3899993896,8.32999992371,27.8899993896,134837,22.4699993134,30.8700008392,12.1199998856,15.6300001144,42.5099983215,15.2899999619,21.6800003052,34.9417457581,15.3299999237,6.30476093292,26.0200004578,8.03999996185,27.2600002289,133874,22.5900001526,31.2999992371,12.1499996185,15.6599998474,43.0499992371,15.6000003815,22,35,15.6999998093,6.32380914688,26.3700008392,8.27999973297,27.6700000763,134664,0,0,0,0,0,0,0,0,0,0,0,0,0,0,4777300,1431900,26879900,26082100,7563000,4503900,3428000,16147619,14434600,15171030,3394300,869400,1714200,6516300
2025-08-22,20.4149036407,30.0762672424,11.7706632614,14.9699382782,42.1555709839,15.6923599243,22.1009788513,33.5615692139,14.6641874313,6.5102057457,25.8045539856,6.05763959885,27.5086517334,137968,23.0400009155,33.0999984741,12.5600004196,16.3099994659,43.2999992371,16.3400001526,22.5,36.3009681702,15.9099998474,6.57142782211,26.8299999237,8.52999973297,28.0900001526,137968,0.102164,0,0,0,0,0,0,0,0,0,0,0,0,0,23.0599994659,33.0999984741,12.6800003052,16.3099994659,43.4900016785,16.8600006104,22.8500003815,36.3300971985,16.1200008392,6.71428489685,26.8999996185,8.60000038147,28.2099990845,138072,22.5300006866,31.2999992371,12.2700004578,15.7600002289,42.5200004578,15.75,22.2199993134,35.3300971985,15.3800001144,6.39047622681,26.1599998474,8.07999992371,27.3799991608,134512,22.7000007629,31.6299991608,12.3500003815,15.8500003815,42.75,15.8699998856,22.2299995422,35.4368934631,15.5399999619,6.43809509277,26.3600006104,8.07999992371,27.4699993134,134512,0,0,0,0,0,0,0,0,0,0,0,0,0,0,4823800,1914800,34681400,36922300,19733400,5416700,3461700,32623087,14411800,24534090,4444500,738600,2672400,9315600
2025-08-25,20.3705978394,30.3942966461,11.7612915039,15.0066518784,42.1068916321,16.0188846588,21.8357658386,33.3910293579,14.6088876724,6.71777820587,25.7468490601,6.10024833679,27.2050685883,138025,22.9899997711,33.4500007629,12.5500001907,16.3500003815,43.25,16.6800003052,22.2299995422,36.1165046692,15.8500003815,6.78095197678,26.7700004578,8.59000015259,27.7800006866,138025,0,0,0,0,0,0,0,0,0,0,0,0,0,0,23.3500003815,33.9099998474,12.779999733,16.3899993896,43.7299995422,17.0400009155,22.6900005341,36.4854354858,16.0300006866,6.89523792267,27.1000003815,8.64000034332,28.4699993134,138890,22.9500007629,32.9599990845,12.5100002289,16.2299995422,42.9900016785,16.2600002289,22.1599998474,36.0291252136,15.75,6.59999990463,26.5,8.43999958038,27.7800006866,137971,23.0400009155,32.9599990845,12.6000003815,16.3400001526,43.4799995422,16.5200004578,22.6299991608,36.3883476257,16.0100002289,6.62857103348,27,8.52999973297,28.1000003815,137971,0,0,0,0,0,0,0,0,0,0,0,0,0,0,5750000,1632200,21521500,24075600,4902900,4234000,2577700,11064054,9254800,16645755,2557700,443700,1569300,5991700
2025-08-26,20.2199668884,30.7123222351,11.658203125,14.9699382782,41.9121780396,15.9516592026,21.5705528259,33.1666297913,14.4245452881,6.60455703735,25.4583148956,6.11445188522,27.4205131531,137771,22.8199996948,33.7999992371,12.4399995804,16.3099994659,43.0499992371,16.6100006104,21.9599990845,35.8737869263,15.6499996185,6.66666603088,26.4699993134,8.60999965668,28,137771,0,0,0,0,0,0,0,0,0,0,0,0,0,0,22.9799995422,34,12.5699996948,16.4099998474,43.25,16.8999996185,22.2800006866,36.2038841248,15.7899999619,6.89523792267,26.8299999237,8.72000026703,28.1499996185,138037,22.7299995422,32.8499984741,12.3800001144,16.1900005341,42.6699981689,16.4300003052,21.8099994659,35.4854354858,15.5500001907,6.6476187706,26.3600006104,8.48999977112,27.5900001526,137059,22.8799991608,33.4399986267,12.5500001907,16.3299999237,43.25,16.6299991608,22.1100006104,36.1650466919,15.7600002289,6.73333311081,26.7600002289,8.52999973297,27.6100006104,138026,0,0,0,0,0,0,0,0,0,0,0,0,0,0,3179700,1579700,18756700,37241300,4472800,5889500,1766000,22088247,7161100,16930935,2634100,524800,2862400,8453400
2025-08-27,20.6187000275,31.3665504456,11.873749733,15.0800800323,42.8662796021,15.894036293,21.9634609222,33.7231445312,14.7379226685,6.77438879013,25.8911151886,6.33460044861,27.9101657867,139206,23.2700004578,34.5200004578,12.6700000763,16.4300003052,44.0299987793,16.5499992371,22.3600006104,36.4757270813,15.9899997711,6.83809518814,26.9200000763,8.92000007629,28.5,139206,0,0,0,0,0,0,0,0,0,0,0,0,0,0,23.3199996948,34.6399993896,12.6700000763,16.4699993134,44.0299987793,16.8199996948,22.4899997711,36.4951438904,16.0499992371,6.83809518814,27.0599994659,8.94999980927,28.5,139281,22.5799999237,33.8400001526,12.3900003433,16.1399993896,42.8199996948,16.3600006104,21.8600006104,35.5825233459,15.6899995804,6.55238008499,26.3500003815,8.57999992371,27.8899993896,137456,22.6000003815,33.8699989319,12.4499998093,16.3199996948,43,16.7399997711,21.8999996185,35.7281532288,15.7399997711,6.63809490204,26.6200008392,8.59000015259,28.2000007629,137773,0,0,0,0,0,0,0,0,0,0,0,0,0,0,4135600,1041900,23148600,20684700,5632600,2844700,3831300,12612968,20184300,18623850,3235100,867300,1824800,6609100
2025-08-28,21.1857776642,31.784526825,12.2111253738,15.4105024338,43.3238563538,16.1821460724,22.8180294037,34.4232826233,14.9130458832,7.39710378647,26.7374820709,6.7109837532,28.3018875122,141049,23.9099998474,34.9799995422,13.029999733,16.7900009155,44.5,16.8500003815,23.2299995422,37.2330093384,16.1800003052,7.46666622162,27.7999992371,9.44999980927,28.8999996185,141049,0,0,0,0,0,0,0,0,0,0,0,0,0,0,24.3199996948,35.9300003052,13.3000001907,16.9300003052,45.4199981689,17.2700004578,23.6700000763,37.5922317505,16.3700008392,7.59047603607,28.2800006866,9.59000015259,29.0900001526,142138,23.3099994659,34.4000015259,12.6700000763,16.4400005341,44.0999984741,16.7000007629,22.4400005341,36.6213607788,15.8900003433,6.85714197159,27.1200008392,9,28.4599990845,139206,23.3700008392,34.6199989319,12.779999733,16.5,44.2999992371,16.7600002289,22.5,36.737865448,16.2199993134,6.85714197159,27.1200008392,9.01000022888,28.6100006104,139206,0,0,0,0,0,0,0,0,0,0,0,0,0,0,7888100,1773600,44836800,32140300,8611700,3743800,5326300,25167947,20125500,45803730,5575900,1920800,2722000,9294800
2025-08-29,21.2300834656,31.5391921997,12.16426754,15.4472141266,43.6743392944,16.1341266632,23.0734195709,34.5489501953,14.9867811203,7.72733259201,26.785572052,6.7251868248,28.3998184204,141422,23.9599990845,34.7099990845,12.9799995422,16.8299999237,44.8600006104,16.7999992371,23.4899997711,37.3689308167,16.2600002289,7.80000019073,27.8500003815,9.47000026703,29,141422,0,0,0,0,0,0,0,0,0,0,0,0,0,0,24.0900001526,35.2099990845,13.2700004578,16.8899993896,45.3300018311,17.3299999237,23.7000007629,37.524269104,16.4200000763,8,28.0799999237,9.63000011444,29.3400001526,142379,23.7399997711,34.5499992371,12.970000267,16.7299995422,44.3699989319,16.7999992371,23.2099990845,37.2038841248,16.1299991608,7.31428480148,27.8099994659,9.36999988556,28.6800003052,141000,23.7999992371,34.9199981689,13.1800003052,16.7999992371,44.6899986267,17.1100006104,23.3299999237,37.3495140076,16.2299995422,7.40000009537,27.8999996185,9.39000034332,28.8999996185,141049,0,0,0,0,0,0,0,0,0,0,0,0,0,0,2520900,962100,27571700,32575000,10425500,8331500,3429400,32600942,9628600,30910530,3088200,1212100,2095100,9333200
2025-09-01,21.2389411926,31.5664558411,12.16426754,15.3462533951,43.245967865,16.6143093109,23.0144844055,34.8252220154,14.9683456421,7.81224775314,26.699010849,6.64706897736,28.3410606384,141125,23.9699993134,34.7400016785,12.9799995422,16.7199993134,44.4199981689,17.2999992371,23.4300003052,37.6504859924,16.2399997711,7.88571405411,27.7600002289,9.35999965668,28.9400005341,141125,0,0,0,0,0,0,0,0.017136,0,0,0,0,0,0,24.1399993896,35.1800003052,13.1700000763,16.9400005341,45.4500007629,17.4300003052,23.6399993896,37.9320373535,16.4699993134,8.44761943817,27.9599990845,9.46000003815,29.2999992371,141950,23.7900009155,34.5499992371,12.8900003433,16.7099990845,44.1399993896,16.8299999237,23.1900005341,37.3689308167,16.2399997711,7.80952310562,27.2199993134,9.27999973297,28.7999992371,140878,23.8799991608,34.7999992371,12.9499998093,16.8400001526,44.9599990845,17.0499992371,23.6000003815,37.4660186768,16.3199996948,7.8476190567,27.2900009155,9.40999984741,29.2099990845,141423,0,0,0,0,0,0,0,0,0,0,0,0,0,0,1761600,830900,13726300,13494400,2485800,3279200,2746200,14863209,4657000,30854040,3636300,600500,1515700,3388000
2025-09-02,21.0883140564,30.7032356262,11.9487218857,15.1706943512,43.3238563538,15.9996767044,22.8180294037,34.2325286865,14.8300924301,7.68959093094,26.3912410736,6.5405459404,28.0766487122,140335,23.7999992371,33.7900009155,12.75,16.5100002289,44.5,16.6599998474,23.2299995422,37.0097084045,16.0900001526,7.76190376282,27.4400005341,9.21000003815,28.6700000763,140335,0,0,0,0.018942,0,0,0,0,0,0,0,0,0,0,24,34.6599998474,12.9099998474,16.5900001526,44.5299987793,17.1399993896,23.4599990845,37.3592224121,16.2000007629,8.03809547424,27.7600002289,9.39000034332,28.8799991608,141279,23.6100006104,33.5800018311,12.6300001144,16.2800006866,43.6500015259,16.5699996948,23.0799999237,36.8543663025,15.8299999237,7.6952381134,27.3199996948,9.15999984741,28.3199996948,139625,23.6900005341,34.6599998474,12.8199996948,16.4599990845,43.8800010681,17.0699996948,23.3099994659,37.0388336182,16,7.80000019073,27.3799991608,9.27000045776,28.5400009155,141279,0,0,0,0,0,0,0,0,0,0,0,0,0,0,2150900,1714300,15369600,25223800,7235200,5315600,3214100,24358676,6055600,15819615,3370700,915400,2627000,8785200
2025-09-03,21.1148967743,30.5305919647,12.1361532211,15.1615056992,43.1291427612,16.3262004852,22.660867691,33.9361763,14.7747917175,7.75563669205,26.2277393341,6.67547512054,27.9297523499,139864,23.8299999237,33.5999984741,12.9499998093,16.5,44.2999992371,17,23.0699996948,36.6893196106,16.0300006866,7.82857084274,27.2700004578,9.39999961853,28.5200004578,139864,0,0,0,0,0,0,0,0,0,0,0,0,0,0,23.8500003815,34.1199989319,13.1400003433,16.6499996185,44.5299987793,17.1599998474,23.3600006104,37.1747550964,16.1800003052,8.00952339172,27.5799999237,9.46000003815,29.0799999237,140496,23.5699996948,33.2400016785,12.6499996185,16.4400005341,43.8899993896,16.5400009155,22.9699993134,36.5339813232,15.9200000763,7.70476102829,27.1900005341,9.06000041962,28.4699993134,139582,23.8199996948,33.8100013733,12.7399997711,16.5100002289,44.3199996948,16.7800006866,23.2000007629,37.0097084045,16.1000003815,7.80952310562,27.3899993896,9.36999988556,28.6399993896,140332,0,0,0,0,0,0,0,0,0,0,0,0,0,0,2211100,1267600,28385800,18858600,7430000,3453300,1270700,20686108,6482600,16418640,2688200,774700,1999100,7579800
2025-09-04,21.4427375793,30.194393158,12.2673559189,15.4647340775,44.2000694275,16.5566883087,22.9948387146,34.0708885193,14.8485269547,8.16134643555,26.6316871643,6.6328663826,28.3508529663,140993,24.2000007629,33.2299995422,13.0900001526,16.8299999237,45.4000015259,17.2399997711,23.4099998474,36.8349494934,16.1100006104,8.23809528351,27.6900005341,9.34000015259,28.9500007629,140993,0,0,0,0,0,0,0,0,0,0,0,0,0,0,24.2999992371,33.5600013733,13.1599998474,16.8999996185,45.7200012207,17.2399997711,23.4099998474,37.2330093384,16.2399997711,8.27618980408,27.6900005341,9.51000022888,28.9500007629,141482,23.7999992371,32.75,12.9200000763,16.4400005341,44.2200012207,16.8500003815,23.0400009155,36.4174766541,15.9799995422,7.77142810822,27.0699996948,9.22999954224,28.3400001526,139832,23.8700008392,33.1500015259,12.9600000381,16.4599990845,44.4599990845,17.0400009155,23.1000003815,36.6796112061,16.0300006866,7.92380905151,27.3400001526,9.42000007629,28.5499992371,139832,0,0,0,0,0,0,0,0,0,0,0,0,0,0,3327200,2395400,19819200,22151800,6909800,2838700,1692100,15877244,7280600,26548620,1988700,1067400,1239200,8032400
2025-09-05,21.6996974945,29.8672790527,12.5391292572,15.8414764404,45.0470733643,16.5662918091,23.397567749,34.4480514526,15.0697345734,8.74632072449,27.0644855499,6.78199911118,28.6936092377,142640,24.4899997711,32.8699989319,13.3800001144,17.2399997711,46.2700004578,17.25,23.8199996948,37.2427177429,16.3500003815,8.82857131958,28.1399993896,9.55000019073,29.2999992371,142640,0,0,0,0,0,0,0,0,0,0,0,0,0,0,24.8199996948,34.4300003052,13.6400003433,17.4599990845,46.8199996948,17.9200000763,24,37.6893196106,16.7999992371,8.82857131958,28.5400009155,9.69999980927,29.5,143409,24.4200000763,32.4799995422,13.3199996948,16.8600006104,45.6599998474,17.0599994659,23.5900001526,36.9805831909,16.2000007629,8.32380867004,27.9400005341,9.39999961853,28.8299999237,141004,24.4500007629,33.7999992371,13.3299999237,16.8999996185,46,17.4099998474,23.6900005341,37.2038841248,16.3500003815,8.45714187622,27.9500007629,9.47000026703,29.1499996185,141004,0,0,0,0,0,0,0,0,0,0,0,0,0,0,3761000,4000000,24940400,31586500,6882000,3544400,2993600,15664343,15465400,32295480,4249500,692900,2321400,8379400
2025-09-08,21.5047607422,29.2857437134,12.3142137527,15.7587757111,44.2682189941,16.4318408966,22.9751930237,34.2864074707,14.6273193359,8.40665817261,26.6797733307,6.618663311,27.8318214417,141792,24.2700004578,32.2299995422,13.1400003433,17.1499996185,45.4700012207,17.1100006104,23.3899993896,37.0679626465,15.8699998856,8.48571395874,27.7399997711,9.31999969482,28.4200000763,141792,0,0,0,0,0,0,0,0,0,0,0,0,0,0,24.5699996948,32.9799995422,13.4300003052,17.3099994659,46.4900016785,17.3899993896,23.9200000763,37.2912635803,16.4599990845,8.95238018036,28.2800006866,9.52999973297,29.2700004578,143089,24.2299995422,31.7700004578,13.1099996567,16.9699993134,45.3300018311,16.7299995422,23.3899993896,36.6699028015,15.8699998856,8.40952301025,27.7099990845,9.19999980927,28.3999996185,141329,24.5,32.9399986267,13.3800001144,17.2600002289,46.4900016785,17.3700008392,23.8700008392,37.2427177429,16.3799991608,8.90476131439,28.1399993896,9.5,29.1800003052,142640,0,0,0,0,0,0,0,0,0,0,0,0,0,0,2260400,2714800,16580600,21367000,8082400,2651600,1586400,11800195,9408200,29259930,3648500,897500,2442100,7440900
2025-09-09,21.4072952271,28.5679111481,12.1923837662,15.6117544174,44.3558387756,16.0092811584,22.8180294037,33.9900588989,14.3692445755,8.41609382629,26.5835971832,6.618663311,26.7839660645,141618,24.1599998474,31.4400005341,13.0100002289,16.9899997711,45.5600013733,16.6700000763,23.2299995422,36.7475738525,15.5900001526,8.49523830414,27.6399993896,9.31999969482,27.3500003815,141618,0,0,0,0,0,0,0,0,0,0,0,0,0,0,24.2999992371,32.5,13.2100000381,17.2399997711,45.6300010681,17.5300006866,23.5400009155,37.2524261475,15.9399995804,8.68571376801,27.9099998474,9.38000011444,28.6100006104,142286,24.0599994659,31.4400005341,12.970000267,16.9899997711,45.0299987793,16.6399993896,23.2299995422,36.6990280151,15.5699996948,8.40952301025,27.4699993134,9.15999984741,27.2800006866,141606,24.1499996185,32.4900016785,13.1199998856,17.2299995422,45.3499984741,17.3099994659,23.3400001526,37.2524261475,15.9399995804,8.57142829895,27.6200008392,9.23999977112,28.6000003815,141794,0,0,0,0,0,0,0,0,0,0,0,0,0,0,1678100,2024700,17176500,23027600,5057000,4247000,2096900,19497179,11298400,19192110,3746100,771400,3465500,7481900
2025-09-10,21.4604606628,28.9131984711,12.1548957825,15.501493454,44.4045219421,16.7775726318,23.05377388,34.016998291,14.710272789,8.72744941711,26.9779281616,6.64706897736,27.0777568817,142349,24.2199993134,31.8199996948,12.970000267,16.8700008392,45.6100006104,17.4699993134,23.4699993134,36.7766990662,15.9600000381,8.80952262878,28.0499992371,9.35999965668,27.6499996185,142349,0,0,0,0,0,0,0,0,0,0,0,0,0,0,24.4799995422,31.8799991608,13.2399997711,17.1900005341,46.5800018311,17.6499996185,23.6299991608,37.2330093384,15.9600000381,9.05714225769,28.1900005341,9.47000026703,27.7199993134,143182,24.1000003815,31.25,12.9499998093,16.8400001526,45.4599990845,16.7199993134,23.2299995422,36.6990280151,15.5799999237,8.52380943298,27.6399993896,9.23999977112,27.1900005341,141612,24.1599998474,31.4699993134,12.9600000381,17,45.4900016785,16.7900009155,23.2900009155,36.7572822571,15.6099996567,8.57142829895,27.75,9.34000015259,27.3199996948,141612,0,0,0,0,0,0,0,0,0,0,0,0,0,0,2225700,1442200,27909700,26745800,15471400,4362900,1576800,14517129,17531000,32090415,3478500,1214700,2183500,7138700
2025-09-11,21.7617206573,29.9399738312,12.2954692841,15.6485109329,45.1444282532,17.20013237,23.4957923889,34.079864502,14.9130458832,9.43508243561,27.545375824,6.69678020477,28.4291973114,143151,24.5599994659,32.9500007629,13.1199998856,17.0300006866,46.3699989319,17.9099998474,23.9200000763,36.8446617126,16.1800003052,9.52380943298,28.6399993896,9.43000030518,29.0300006866,143151,0,0,0,0,0,0,0,0,0,0,0,0,0,0,24.6499996185,33.0400009155,13.3299999237,17.2099990845,47.0900001526,18.2700004578,24.1000003815,37.6116485596,16.3199996948,9.52380943298,28.7999992371,9.55000019073,29.3299999237,144013,24.2700004578,31.9400005341,12.9899997711,16.9200000763,45.8499984741,17.5,23.5699996948,36.8446617126,16.0300006866,8.85714244843,28.1700000763,9.35000038147,27.5599994659,142349,24.3500003815,32.0200004578,13.0799999237,16.9699993134,45.9099998474,17.5400009155,23.6800003052,36.9417457581,16.1000003815,8.90476131439,28.2000007629,9.38000011444,27.6499996185,142349,0,0,0,0,0,0,0,0,0,0,0,0,0,0,1645900,2330300,28319200,44461600,7180900,4106700,1944100,18078972,19721400,38184930,3485800,760900,3914200,7570400
2025-09-12,21.6199474335,29.5946865082,12.1361532211,15.4647340775,44.3461036682,16.8928165436,23.3288078308,33.5679969788,14.6088876724,9.2935552597,27.3145484924,6.56895256042,28.0668544769,142272,24.3999996185,32.5699996948,12.9499998093,16.8299999237,45.5499992371,17.5900001526,23.75,36.2912635803,15.8500003815,9.38095188141,28.3999996185,9.25,28.6599998474,142272,0,0,0,0,0,0,0,0,0,0,0,0,0,0,24.5699996948,32.9399986267,13.1599998474,17.0300006866,46.2999992371,18.0300006866,24,36.660194397,16.1900005341,9.62857055664,28.5499992371,9.5,29.2299995422,143202,24.25,32.1199989319,12.8800001144,16.8199996948,45.5499992371,17.4099998474,23.6299991608,36.1747550964,15.8500003815,9.27618980408,28.2700004578,9.22999954224,28.5599994659,142241,24.3500003815,32.4599990845,13,16.9899997711,45.8199996948,17.7199993134,23.6499996185,36.6213607788,16,9.39047622681,28.4799995422,9.43000030518,28.6800003052,143151,0,0,0,0,0,0,0,0,0,0,0,0,0,0,1713700,1009900,25530500,26449500,6734700,3255600,1656200,22589754,6124800,20654025,1921800,745500,1787000,6388600
2025-09-15,21.6731147766,30.3942966461,12.5297584534,15.6485109329,44.6576461792,17.0656814575,23.446680069,34.1247673035,14.9499130249,9.98231601715,27.3434028625,7.10156965256,28.0374755859,143547,24.4599990845,33.4500007629,13.3699998856,17.0300006866,45.8699989319,17.7700004578,23.8700008392,36.8932037354,16.2199993134,10.0761899948,28.4300003052,10,28.6299991608,143547,0,0,0,0,0,0,0,0,0,0,0,0,0,0,24.6700000763,33.6300010681,13.5500001907,17.1100006104,46.5900001526,18.1399993896,24.2299995422,37.0679626465,16.2600002289,10.32380867,28.7999992371,10.0799999237,29.1800003052,144194,24.3700008392,32.5600013733,13.029999733,16.9300003052,45.7299995422,17.6200008392,23.6499996185,36.3203887939,15.9499998093,9.50476074219,28.2399997711,9.31999969482,28.6100006104,142292,24.4300003052,32.6399993896,13.0900001526,16.9699993134,45.7999992371,17.8999996185,23.6499996185,36.4174766541,15.9499998093,9.5428571701,28.6599998474,9.31999969482,28.9799995422,142292,0,0,0,0,0,0,0,0,0,0,0,0,0,0,3352600,1545000,29161000,28565000,6509400,2925100,1806800,14196181,14180200,28773570,2130000,1886900,1926200,6614000
2025-09-16,22.0098209381,30.3579483032,12.6328458786,15.6117544174,44.8231544495,17.6803150177,23.6234855652,34.0349693298,15.5766658783,10.1332778931,27.6223182678,7.24360132217,28.1256122589,144062,24.8400001526,33.4099998474,13.4799995422,16.9899997711,46.0400009155,18.4099998474,24.0499992371,36.7961158752,16.8999996185,10.2285709381,28.7199993134,10.1999998093,28.7199993134,144062,0,0,0,0,0,0,0,0,0,0,0,0,0,0,24.9400005341,34,13.529999733,17.1100006104,46.2200012207,18.5599994659,24.3799991608,37.1359214783,17.0900001526,10.5809516907,28.9699993134,10.3900003433,29.0799999237,144584,24.5599994659,33.1500015259,13.3800001144,16.9099998474,45.7999992371,17.7800006866,23.8899993896,36.5728149414,16.3500003815,9.85714244843,28.5200004578,10.0399999619,28.4099998474,143547,24.7600002289,33.5200004578,13.4600000381,17.1000003815,46.2200012207,17.8600006104,23.8899993896,37.0776672363,16.3500003815,10.32380867,28.6499996185,10.1800003052,28.7099990845,143547,0,0,0,0,0,0,0,0,0,0,0,0,0,0,2586300,1672400,19723200,27075700,6169000,4773800,2254800,19993536,19329800,36285480,2509000,1148600,2228100,8478200
2025-09-17,22.3553829193,30.7032356262,12.8577623367,16.1538944244,45.465713501,17.2481498718,23.7806510925,34.5198936462,15.6872692108,10.6710777283,27.958940506,7.15128040314,28.8405056,145594,25.2299995422,33.7900009155,13.720000267,17.5799999237,46.7000007629,17.9599990845,24.2099990845,37.3203887939,17.0200004578,10.7714281082,29.0699996948,10.0699996948,29.4500007629,145594,0,0,0,0,0,0,0,0,0,0,0,0,0,0,25.4400005341,34.25,14.0399999619,17.6599998474,47.2999992371,18.8199996948,24.4400005341,37.6893196106,17.5400009155,11.5523796082,29.3799991608,10.3100004196,29.75,146331,24.8099994659,32.9900016785,13.4300003052,16.9599990845,45.9500007629,17.9200000763,23.9400005341,36.7572822571,16.7900009155,10.2285709381,28.5200004578,9.94999980927,28.5100002289,143910,24.8099994659,33.2700004578,13.4499998093,16.9599990845,45.9500007629,18.3799991608,23.9799995422,36.8252410889,17.0100002289,10.2666664124,28.6499996185,10.1499996185,28.7999992371,144059,0,0,0,0,0,0,0,0,0,0,0,0,0,0,4147900,1726900,39739900,44010600,8736400,4699600,2919500,25226348,31079600,52012695,3167900,775500,3210800,9604400
2025-09-18,22.4174079895,29.6673774719,12.8671340942,15.9884986877,45.5143890381,16.9120235443,23.869052887,34.5647964478,15.7149209976,10.5955972672,27.8819999695,7.03055429459,29.0755386353,145500,25.2999992371,32.6500015259,13.7299995422,17.3999996185,46.75,17.6100006104,24.2999992371,37.3689308167,17.0499992371,10.6952381134,28.9899997711,9.89999961853,29.6900005341,145500,0,0,0,0,0,0,0,0,0,0,0,0,0,0,25.5100002289,33.9700012207,13.7700004578,17.5599994659,46.9799995422,18.0499992371,24.3700008392,37.4271850586,17.1499996185,10.9047613144,29.2099990845,10.0699996948,29.9899997711,145726,25.1900005341,32.6500015259,13.5500001907,17.3299999237,46.4799995422,17.6000003815,24.0599994659,37.0485420227,16.9400005341,10.6095228195,28.9699993134,9.82999992371,29.2399997711,144993,25.2399997711,33.7900009155,13.6499996185,17.5,46.7400016785,17.8999996185,24.1000003815,37.3203887939,17.0400009155,10.7619037628,29.0499992371,10.0699996948,29.4899997711,145594,0,0,0,0,0,0,0,0,0,0,0,0,0,0,3263500,1677500,33594400,25877600,5922200,1943300,1727400,15433005,8975200,20073480,1499900,775600,6259900,8372000
2025-09-19,22.4351272583,29.2584857941,12.8015317917,16.2733459473,46.234828949,17.0560779572,23.7413597107,35.0227890015,15.5951013565,10.482375145,27.8146762848,6.88142108917,28.4585762024,145865,25.3199996948,32.2000007629,13.6599998474,17.7099990845,47.4900016785,17.7600002289,24.1700000763,37.8640785217,16.9200000763,10.5809516907,28.9200000763,9.68999958038,29.0599994659,145865,0,0,0,0,0,0,0,0,0,0,0,0,0,0,25.6800003052,32.8699989319,13.9600000381,17.7700004578,47.9000015259,17.8799991608,24.5,37.8640785217,17.1800003052,10.8000001907,29.1299991608,10.0399999619,29.8400001526,146399,25.3199996948,32.0400009155,13.6599998474,17.4500007629,46.8199996948,17.5200004578,24.1700000763,37.3300971985,16.8700008392,10.3904762268,28.8099994659,9.68999958038,28.8600006104,145496,25.4500007629,32.8699989319,13.7299995422,17.4699993134,46.9900016785,17.7000007629,24.4200000763,37.3786392212,17.1399993896,10.7619037628,28.9599990845,10.0200004578,29.8400001526,145500,0,0,0,0,0,0,0,0,0,0,0,0,0,0,4412100,2089300,41804900,51887400,9928000,8370500,2539300,26702853,15882500,17667300,2478100,494400,3326300,10279800
2025-09-22,22.231338501,28.6224308014,12.6515893936,16.3009128571,45.9038162231,16.6047077179,23.6529560089,34.5198936462,14.9959983826,10.2276277542,27.6607913971,6.9950466156,28.2627162933,145109,25.0900001526,31.5,13.5,17.7399997711,47.1500015259,17.2900009155,24.0799999237,37.3203887939,16.2700004578,10.32380867,28.7600002289,9.85000038147,28.8600006104,145109,0,0,0,0,0,0,0,0,0,0,0,0,0,0,25.2399997711,32.1399993896,13.6700000763,17.7800006866,47.6599998474,17.6599998474,24.1200008392,37.7281532288,16.7299995422,10.6095228195,28.7700004578,9.85999965668,29.0599994659,145864,24.9200000763,30.8299999237,13.3599996567,17.4300003052,46.7999992371,17.1399993896,23.75,37.1650466919,16.1900005341,10.2380952835,28.2199993134,9.40999984741,28.3700008392,144117,25.1900005341,32.1399993896,13.5900001526,17.6000003815,47.5600013733,17.6599998474,24.0499992371,37.601940155,16.7099990845,10.3999996185,28.6399993896,9.64000034332,28.7999992371,145864,0,0,0,0,0,0,0,0,0,0,0,0,0,0,2174500,2047800,52882400,31295400,4744300,2501500,2004000,18325039,15873500,15566775,2483000,1008100,2246700,9428100
2025-09-23,22.8604373932,29.0131492615,12.5016441345,16.4019889832,46.5463752747,16.8544006348,24.1342639923,35.0676765442,14.6734046936,10.3785896301,28.0647392273,6.7251868248,28.4487819672,146425,25.7999992371,31.9300003052,13.3400001526,17.8500003815,47.8100013733,17.5499992371,24.5699996948,37.9126205444,15.9200000763,10.4761896133,29.1800003052,9.47000026703,29.0499992371,146425,0,0,0,0,0,0,0,0,0,0,0,0,0,0,25.8999996185,32.2599983215,13.6199998856,18.0499992371,47.9000015259,17.7399997711,24.7199993134,38.0970878601,16.4799995422,10.8666658401,29.3199996948,9.90999984741,29.3899993896,147179,25.0400009155,31.4099998474,13.3100004196,17.6599998474,47.0699996948,17.3600006104,23.9200000763,37.3495140076,15.8299999237,10.2380952835,28.5799999237,9.47000026703,28.75,145107,25.25,31.6800003052,13.5399999619,17.7800006866,47.1500015259,17.3700008392,23.9200000763,37.3495140076,16.2800006866,10.4857139587,28.7600002289,9.78999996185,29.0200004578,145112,0,0,0,0,0,0,0,0,0,0,0,0,0,0,6120900,1468500,41427400,31896600,4461500,2644100,2173000,16930110,29583700,26995920,6616800,865300,1401800,8143800
2025-09-24,22.7022380829,28.6769485474,12.4151916504,16.2733459473,46.5658416748,16.8063831329,23.8395862579,34.834197998,14.8974514008,10.2653684616,27.6896438599,6.84591388702,28.0962352753,146492,25.5200004578,31.5599994659,13.1700000763,17.7099990845,47.8300018311,17.5,24.2700004578,37.660194397,15.9399995804,10.3619041443,28.7900009155,9.64000034332,28.6900005341,146492,0.102165,0,0.078292,0,0,0,0,0,0.219727,0,0,0,0,0,25.8099994659,32.3400001526,13.3400001526,17.8899993896,47.9500007629,17.8199996948,24.6900005341,38,15.9499998093,10.7809524536,29.4699993134,9.97999954224,29.2099990845,146585,25.4400005341,31.3600006104,13.0900001526,17.7099990845,47.3899993896,17.3600006104,24.0599994659,37.5825233459,15.4099998474,10.3619041443,28.6100006104,9.60999965668,28.5599994659,146067,25.7600002289,32.1199989319,13.3400001526,17.8600006104,47.7799987793,17.4899997711,24.5400009155,37.922328949,15.8100004196,10.523809433,29.3400001526,9.71000003815,29.0499992371,146426,0,0,0,0,0,0,0,0,0,0,0,0,0,0,5363700,1534300,37274300,24592400,7463600,2096800,4552000,18713452,21931600,21153720,6369800,965300,1809600,7292900
2025-09-25,22.6577606201,28.0863285065,12.2077999115,16.1446990967,46.098526001,16.3262004852,23.7020683289,34.5558128357,14.6918420792,10.3974609375,27.6030845642,6.65417051315,27.7926483154,145306,25.4699993134,30.9099998474,12.9499998093,17.5699996948,47.3499984741,17,24.1299991608,37.3592224121,15.720000267,10.4952383041,28.7000007629,9.36999988556,28.3799991608,145306,0,0,0,0,0,0,0,0,0,0,0,0,0,0,25.5400009155,31.5,13.1899995804,17.8199996948,48.0200004578,17.4400005341,24.3299999237,37.8834953308,16.1700000763,11.0761899948,28.7999992371,9.69999980927,28.8500003815,146519,25.2199993134,30.8199996948,12.8900003433,17.5200004578,47.3100013733,16.8600006104,23.9799995422,37.3495140076,15.7100000381,10.2761898041,28.4500007629,9.27999973297,28.0499992371,145187,25.4899997711,31.5,13.1400003433,17.7000007629,47.9000015259,17.3999996185,24.1499996185,37.6796112061,15.8900003433,10.3619041443,28.7000007629,9.63000011444,28.6299991608,146492,0,0,0,0,0,0,0,0,0,0,0,0,0,0,2939200,1422100,33539200,22322600,5263200,3172000,2104900,15146768,17435400,37707600,4120700,899900,2242200,8293800
2025-09-26,22.6933479309,27.913684845,12.4623270035,16.2274055481,46.7702941895,16.3454093933,23.8101196289,34.7264404297,14.7853002548,10.5578556061,27.7954387665,6.8104057312,27.9101657867,145447,25.5100002289,30.7199993134,13.220000267,17.6599998474,48.0400009155,17.0200004578,24.2399997711,37.5436897278,15.8199996948,10.6571416855,28.8999996185,9.59000015259,28.5,145447,0,0,0,0,0,0,0,0,0,0,0,0,0,0,25.7099990845,31.2199993134,13.2899999619,17.75,48.1399993896,17.3700008392,24.3700008392,37.7281532288,16.0400009155,10.8857135773,29.1100006104,9.88000011444,28.5699996948,146235,25.4400005341,30.4400005341,12.9300003052,17.5200004578,47.4500007629,16.9300003052,24.1499996185,37.3689308167,15.6800003052,10.4952383041,28.7999992371,9.47000026703,28.2600002289,145146,25.5499992371,31.1000003815,13.0100002289,17.5499992371,47.6399993896,17.1000003815,24.1499996185,37.4174766541,15.8400001526,10.6285705566,28.8700008392,9.47000026703,28.4200000763,145326,0,0,0,0,0,0,0,0,0,0,0,0,0,0,2028700,1354600,37061500,17781600,3814800,2301300,992400,12786935,12917600,24341625,2866100,2059900,1605500,6338200
2025-09-29,23.004699707,28.2135372162,12.6320085526,16.3928031921,47.558883667,16.1629390717,24.0163955688,34.9240036011,14.7292251587,10.0200567245,28.0821762085,6.68257713318,28.3606452942,146337,25.8600006104,31.0499992371,13.3999996185,17.8400001526,48.8499984741,16.8299999237,24.4500007629,37.7572822571,15.7600002289,10.1142854691,28.9500007629,9.40999984741,28.9599990845,146337,0,0,0,0,0,0,0,0,0,0,0.245598,0,0,0,26.0699996948,31.7399997711,13.5600004196,18.0200004578,49.0999984741,17.5300006866,24.8600006104,38.2135925293,16.1900005341,11.4285707474,29.3600006104,9.80000019073,29.1499996185,147558,25.7399997711,30.9099998474,13.3100004196,17.7900009155,47.7299995422,16.8299999237,24.2800006866,37.7281532288,15.7100000381,10.1142854691,28.8899993896,9.38000011444,28.5100002289,145447,25.8500003815,31.1000003815,13.3999996185,17.9500007629,48.1500015259,17.3999996185,24.7900009155,37.9417457581,16.0400009155,11.0285711288,29.3099994659,9.69999980927,28.9699993134,145447,0,0,0,0,0,0,0,0,0,0,0,0,0,0,2320400,1411100,27585100,17152900,6690500,2014200,1560800,19124422,9310100,42088620,1690000,852500,1706700,7074100
2025-09-30,22.9780139923,27.3957557678,12.6320085526,16.5298347473,46.9844779968,15.7403774261,24.0458621979,35.0856399536,14.1404294968,9.05767822266,28.2082805634,6.7251868248,27.9689235687,146237,25.8299999237,30.1499996185,13.3999996185,17.6900005341,48.2599983215,16.3899993896,24.4799995422,37.9320373535,15.1300001144,9.1428565979,29.0799999237,9.47000026703,28.5599994659,146237,0,0,0,0.296649,0,0,0,0,0,0,0,0,0,0,26.2000007629,31.5300006866,13.5699996948,17.9099998474,49.5,17.0200004578,24.6599998474,38.3495140076,15.8800001144,10.4285707474,29.3500003815,9.52000045776,29.2999992371,147578,25.7999992371,30.0499992371,13.2600002289,17.6100006104,48.1800003052,16.25,24.3299999237,37.5922317505,14.9799995422,9.10476112366,28.9400005341,9.27999973297,28.5599994659,145774,26.0699996948,31.3700008392,13.5399999619,17.8199996948,49.2000007629,17.0100002289,24.6200008392,38.2524261475,15.8599996567,10.3523797989,29.0900001526,9.43000030518,29.0300006866,146337,0,0,0,0,0,0,0,0,0,0,0,0,0,0,3073100,2152700,31215100,31375900,7678700,3145600,1854100,33263438,18552300,53095350,5251000,1061200,2429900,9477300
2025-10-01,22.7823047638,26.8505649567,12.3397779465,16.2495059967,46.5561065674,15.6539449692,23.8494110107,34.4546318054,14.1591205597,9.05767822266,27.9851722717,6.76779603958,28.4389915466,145517,25.6100006104,29.5499992371,13.0900001526,17.3899993896,47.8199996948,16.2999992371,24.2800006866,37.2330093384,15.1499996185,9.1428565979,28.8500003815,9.52999973297,29.0400009155,145517,0,0,0,0,0,0,0,0.017136,0,0,0,0,0,0,26.0100002289,30.5100002289,13.5600004196,17.9400005341,49.1100006104,16.5200004578,24.5900001526,38.262134552,15.2899999619,9.20952320099,29.3199996948,9.53999996185,29.0400009155,146879,25.4799995422,29.3099994659,13.0900001526,17.2199993134,47.5400009155,15.9200000763,24.1900005341,37.1844673157,14.9899997711,8.71428489685,28.8500003815,9.35000038147,28.6100006104,145193,25.9599990845,30.3099994659,13.5500001907,17.7999992371,48.8899993896,16.5,24.4799995422,38.1165046692,15.1099996567,9.19999980927,29.1299991608,9.53999996185,28.7000007629,146237,0,0,0,0,0,0,0,0,0,0,0,0,0,0,2655200,2251700,32626800,39717600,6326700,2295000,1313000,25519177,11004100,46123455,3408500,1046000,1579500,8340700
2025-10-02,22.4353637695,25.4694213867,12.1041049957,15.9865951538,45.9914398193,15.1737632751,23.4663238525,34.0772972107,13.8320131302,8.64253520966,27.4516601562,6.56895256042,27.7534770966,143950,25.2199993134,28.0300006866,12.8400001526,17.0900001526,47.2400016785,15.8000001907,23.8899993896,36.8252410889,14.8000001907,8.72380924225,28.2999992371,9.25,28.3400001526,143950,0,0,0,0.018942,0,0,0,0,0,0,0,0,0,0,25.7000007629,29.6499996185,13.1800003052,17.4099998474,48.0299987793,16.6800003052,24.3700008392,37.5728149414,15.2399997711,9.27618980408,28.9300003052,9.55000019073,29.0499992371,145621,25.1100006104,27.8999996185,12.8400001526,17.0300006866,46.8199996948,15.6599998474,23.7600002289,36.7864074707,14.6700000763,8.66666603088,28.2299995422,9.14000034332,27.8999996185,143635,25.6700000763,29.6000003815,13.0600004196,17.3099994659,47.7999992371,16.25,24.25,37.3009681702,15.1599998474,9.19047641754,28.8799991608,9.52999973297,29,145517,0,0,0,0,0,0,0,0,0,0,0,0,0,0,2339700,3961500,28021800,32063000,4768900,4145800,1756900,17094601,9441900,22836450,3789800,1180100,3729100,7245600
2025-10-03,22.4175720215,24.7970218658,12.0192623138,15.9959545135,46.5366325378,15.2121782303,23.5547294617,34.3288574219,13.7385540009,8.63309955597,27.5874652863,6.70388174057,28.4389915466,144201,25.2000007629,27.2900009155,12.75,17.1000003815,47.7999992371,15.8400001526,23.9799995422,37.0970878601,14.6999998093,8.71428489685,28.4400005341,9.43999958038,29.0400009155,144201,0,0,0,0,0,0,0,0,0,0,0,0,0,0,25.2999992371,28.0599994659,12.9300003052,17.1299991608,47.9300003052,15.9300003052,24.0200004578,37.0970878601,14.8299999237,8.88571357727,28.4899997711,9.47999954224,29.2900009155,144518,25.0100002289,27.0799999237,12.6899995804,16.8500003815,47.0600013733,15.4600000381,23.4599990845,36.6213607788,14.6199998856,8.44761943817,28.0400009155,9.11999988556,27.6399993896,143676,25.25,28.0300006866,12.8500003815,17.0599994659,47.1399993896,15.7399997711,23.9699993134,36.8058242798,14.7299995422,8.66666603088,28.2199993134,9.28999996185,28.2000007629,143950,0,0,0,0,0,0,0,0,0,0,0,0,0,0,2482600,4936700,14804900,22193300,4618000,2526100,3073900,17766985,6337000,34357575,5547400,703500,3414800,6177600
2025-10-06,22.0083637238,24.1155357361,11.9155683517,15.9024095535,46.3711280823,14.8088245392,23.0341300964,33.9335517883,13.4488296509,8.45383262634,27.0830535889,6.5263428688,27.86120224,143608,24.7399997711,26.5400009155,12.6400003433,17,47.6300010681,15.4200000763,23.4500007629,36.6699028015,14.3900003433,8.53333282471,27.9200000763,9.18999958038,28.4500007629,143608,0,0,0,0,0,0,0,0,0,0,0,0,0,0,25.2399997711,27.3199996948,12.8299999237,17.0900001526,47.9799995422,15.8699998856,24.0300006866,37.1359214783,14.6999998093,8.78095245361,28.5499992371,9.5,29.3299999237,144532,24.6000003815,26.25,12.5799999237,16.7999992371,46.8800010681,15.2399997711,23.3099994659,36.6699028015,14.1999998093,8.42857074738,27.75,9.15999984741,28.2900009155,143376,25.2000007629,27.3099994659,12.779999733,17.0400009155,47.9099998474,15.7700004578,24.0200004578,37.0873794556,14.6999998093,8.71428489685,28.4400005341,9.5,29.0400009155,144202,0,0,0,0,0,0,0,0,0,0,0,0,0,0,3046400,3179100,13687600,25025200,4015200,3449400,2062000,14832309,10078800,21915600,3116200,857000,2765900,5981500
2025-10-07,21.6347370148,22.7434749603,11.5384922028,15.6404857635,44.8231544495,14.5207147598,22.8474979401,33.394493103,12.6824607849,8.47270202637,26.7144432068,6.37721014023,26.6076927185,141356,24.3199996948,25.0300006866,12.2399997711,16.7199993134,46.0400009155,15.1199998856,23.2600002289,36.0873794556,13.5699996948,8.55237960815,27.5400009155,8.97999954224,27.1700000763,141356,0,0,0,0,0,0,0,0,0,0,0,0,0,0,24.6499996185,26.3700008392,12.5799999237,16.8799991608,47.5400009155,15.2600002289,23.3099994659,36.6310653687,14.3400001526,8.55237960815,27.7299995422,9.15999984741,28.3199996948,143606,24.1000003815,24.5799999237,12.1599998474,16.6200008392,45.6699981689,14.720000267,22.8799991608,35.8932037354,13.3999996185,8.25714206696,27.1800003052,8.78999996185,26.9599990845,141035,24.6499996185,26.3099994659,12.5200004578,16.8799991608,47.3199996948,15.1999998093,23.2000007629,36.6213607788,14.3400001526,8.39047622681,27.7299995422,9.15999984741,28.2000007629,143606,0,0,0,0,0,0,0,0,0,0,0,0,0,0,6382300,7682500,33534000,42904900,16249000,6306500,2335600,20705472,27240400,21778680,4034200,2008100,4432100,9272700
2025-10-08,21.723695755,22.9433784485,11.9344205856,15.8930549622,46.1861495972,14.7704105377,22.9359016418,33.4573860168,12.9067640305,8.57648849487,26.704744339,6.40561676025,26.8329315186,142145,24.4200000763,25.25,12.6599998474,16.9899997711,47.4399986267,15.3800001144,23.3500003815,36.1553382874,13.8100004196,8.65714168549,27.5300006866,9.02000045776,27.3999996185,142145,0,0,0,0,0,0,0,0,0,0,0,0,0,0,24.4200000763,25.6900005341,12.6899995804,17.0400009155,47.6399993896,15.5,23.3999996185,36.3592224121,13.8900003433,8.74285697937,27.6499996185,9.22000026703,27.7999992371,142385,24.1599998474,24.8199996948,12.2600002289,16.7399997711,46.1399993896,15.0200004578,23.1200008392,35.9708747864,13.6300001144,8.37142753601,27.2600002289,8.96000003815,26.7600002289,141356,24.3199996948,25.0499992371,12.279999733,16.7900009155,46.1399993896,15.2399997711,23.2000007629,36.1650466919,13.720000267,8.66666603088,27.5900001526,9.02000045776,27.1200008392,141356,0,0,0,0,0,0,0,0,0,0,0,0,0,0,2382300,3735700,43464100,25534300,9710500,3972700,1614000,15395204,24230000,28115955,2788800,901400,3105800,7525200
2025-10-09,21.5546741486,22.8161659241,12.0569705963,15.9772462845,46.1569404602,14.5975437164,22.8376750946,33.4034729004,12.9348020554,8.46326828003,26.549539566,6.28488922119,26.5685195923,141708,24.2299995422,25.1100006104,12.7899999619,17.0799999237,47.4099998474,15.1999998093,23.25,36.0970878601,13.8400001526,8.5428571701,27.3700008392,8.85000038147,27.1299991608,141708,0,0,0,0,0,0,0,0,0,0,0,0,0,0,24.5400009155,25.5,13.0399999619,17.1499996185,48.2700004578,15.6099996567,23.6100006104,36.3300971985,14.0699996948,8.74285697937,27.7600002289,9.13000011444,27.6800003052,143212,24.0100002289,24.9400005341,12.6700000763,16.9300003052,47.3199996948,15.0200004578,23.0499992371,35.8834953308,13.75,8.43809509277,27.2299995422,8.72999954224,27.1000003815,141603,24.4300003052,25.5,12.6700000763,17.0300006866,47.8499984741,15.2399997711,23.5400009155,36.3300971985,13.9499998093,8.68571376801,27.5200004578,9.06000041962,27.3700008392,142148,0,0,0,0,0,0,0,0,0,0,0,0,0,0,3008100,1939200,28855700,20125800,6340900,3741000,1578000,18067539,9930000,19640250,4330100,965100,2594700,6821400
2025-10-10,21.3411712646,22.5799179077,11.8778610229,15.7620916367,45.8940734863,14.5399227142,22.631401062,33.3675384521,13.0656452179,8.31230735779,26.2876319885,6.25648355484,26.5195541382,140680,23.9899997711,24.8500003815,12.6000003815,16.8500003815,47.1399993896,15.1400003433,23.0400009155,36.0582504272,13.9799995422,8.39047622681,27.1000003815,8.81000041962,27.0799999237,140680,0,0,0,0,0,0,0,0,0,0,0,0,0,0,24.3400001526,25.7399997711,12.8800001144,17.2199993134,48.0200004578,15.4399995804,23.4300003052,36.4660186768,14,8.71428489685,27.5499992371,9.02000045776,27.3299999237,142274,23.7299995422,24.6299991608,12.4399995804,16.7900009155,46.6699981689,14.8500003815,22.6800003052,35.9514541626,13.7299995422,8.28571414948,26.6700000763,8.64999961853,26.3500003815,140231,24.3199996948,25.2000007629,12.8500003815,17.1499996185,47.6599998474,15.3100004196,23.1700000763,36.2815513611,13.9300003052,8.61904716492,27.4599990845,8.88000011444,27.2600002289,141725,0,0,0,0,0,0,0,0,0,0,0,0,0,0,2518300,2355600,27120300,28431400,8014700,4391500,1637200,23250808,12508900,20879565,5812800,901600,2017100,8280800
2025-10-13,21.4034461975,22.4072742462,11.9815559387,15.8275709152,46.059589386,14.9144639969,22.6412239075,33.5023040771,13.215180397,8.11417102814,26.3361339569,6.618663311,26.4412097931,141783,24.0599994659,24.6599998474,12.7100000381,16.9200000763,47.3100013733,15.529999733,23.0499992371,36.2038841248,14.1400003433,8.19047641754,27.1499996185,9.31999969482,27,141783,0,0,0,0,0,0,0,0,0,0,0,0,0,0,24.2399997711,25.2700004578,12.8100004196,17.0300006866,47.7400016785,15.6700000763,23.2800006866,36.4368934631,14.3199996948,8.62857055664,27.5300006866,9.35999965668,27.3299999237,142303,23.9400005341,24.6599998474,12.6400003433,16.8799991608,47.2299995422,15.1999998093,22.9599990845,36.1941757202,13.9200000763,8.19047641754,26.9400005341,8.88000011444,26.9500007629,140682,24.1700000763,25.2299995422,12.7700004578,16.9500007629,47.7400016785,15.3500003815,23.25,36.1941757202,14.1000003815,8.57142829895,27.1900005341,9.02000045776,27.1000003815,140682,0,0,0,0,0,0,0,0,0,0,0,0,0,0,1727200,1638600,19134300,15538000,3143100,2687400,857600,8194989,14423300,19664505,3711500,2250500,1817400,5531200
2025-10-14,21.1632575989,22.716217041,11.8307256699,16.0520801544,45.1736412048,15.1257448196,22.474237442,33.6460533142,13.3834066391,8.2840013504,26.2294330597,6.63996744156,26.4510040283,141683,23.7900009155,25,12.5500001907,17.1599998474,46.4000015259,15.75,22.8799991608,36.3592224121,14.3199996948,8.36190414429,27.0400009155,9.35000038147,27.0100002289,141683,0,0,0,0,0,0,0,0,0,0,0,0,0,0,24.0200004578,25,12.7299995422,17.3500003815,47.2599983215,15.9099998474,23.0799999237,36.737865448,14.4600000381,8.38095188141,27.1200008392,9.42000007629,27.0400009155,142589,23.6299991608,24.3700008392,12.5200004578,16.9699993134,46,15.279999733,22.6499996185,36.1067962646,13.9300003052,8.05714225769,26.8899993896,9.06000041962,26.5900001526,141334,23.8899993896,24.7999992371,12.6599998474,17.0200004578,47.2299995422,15.5100002289,23,36.1067962646,14.0699996948,8.12380886078,27.0799999237,9.25,27,141788,0,0,0,0,0,0,0,0,0,0,0,0,0,0,2629000,2677100,21740700,38399800,10120900,2840600,1432600,21154861,13551500,14808465,1657500,2163500,2474000,7122300
2025-10-15,21.5190906525,22.7798194885,11.9155683517,16.2391681671,46.1764144897,15.682756424,22.7492713928,33.6460533142,13.3179864883,8.40665817261,26.5107383728,6.63996744156,27.224653244,142604,24.1900005341,25.0699996948,12.6400003433,17.3600006104,47.4300003052,16.3299999237,23.1599998474,36.3592224121,14.25,8.48571395874,27.3299999237,9.35000038147,27.7999992371,142604,0,0,0,0,0,0,0,0,0,0,0,0,0,0,24.1900005341,25.3799991608,12.8800001144,17.4200000763,48.3600006104,16.6399993896,23.3999996185,36.601940155,14.4899997711,8.68571376801,27.3299999237,9.42000007629,27.7999992371,142905,23.4400005341,24.6900005341,12.3299999237,16.9500007629,45.8400001526,15.6400003433,22.4899997711,35.9805831909,14.0200004578,8.30476093292,26.4200000763,9.15999984741,26.6800003052,141154,23.5499992371,24.8299999237,12.3800001144,17.0599994659,46.0299987793,15.6400003433,22.5400009155,36.2330093384,14.1800003052,8.32380867004,26.5200004578,9.31999969482,26.9099998474,141683,0,0,0,0,0,0,0,0,0,0,0,0,0,0,5154600,3225700,44926600,35955800,24915000,5717700,3628400,21972166,25355900,23188515,4953500,1160200,2886500,10321000
2025-10-16,21.2966957092,22.2528038025,11.8778610229,16.4262542725,44.5602874756,15.6539449692,22.7001590729,33.5651931763,13.3740615845,7.73676681519,26.2876319885,6.83171081543,27.2736186981,142200,23.9400005341,24.4899997711,12.6000003815,17.5599994659,45.7700004578,16.2999992371,23.1100006104,36.2718429565,14.3100004196,7.80952310562,27.1000003815,9.61999988556,27.8500003815,142200,0,0,0,0,0,0,0,0,0,0,0,0,0,0,24.1000003815,25.2999992371,12.7299995422,17.7000007629,47.4599990845,16.6700000763,23.2900009155,36.6990280151,14.4899997711,8.43809509277,27.3999996185,9.88000011444,28.2700004578,143191,23.7700004578,24.3799991608,12.4200000763,17.2099990845,45.6399993896,16.0699996948,22.8799991608,36.0194168091,14.0900001526,7.72380876541,26.9200000763,9.27000045776,27.25,141446,23.9500007629,25.1000003815,12.5699996948,17.2600002289,47.0099983215,16.1599998474,23.0100002289,36.2330093384,14.1199998856,8.43809509277,27.0200004578,9.36999988556,27.3999996185,142604,0,0,0,0,0,0,0,0,0,0,0,0,0,0,2665100,2479000,33516100,43635200,13862700,4615100,1177700,15847580,10871100,40883535,3039600,1747900,2794200,7391900
2025-10-17,21.4123401642,22.5617446899,11.8401536942,16.5385055542,45.1541671753,15.9324512482,22.8278522491,33.6819877625,13.3086395264,7.92546892166,26.4428367615,6.76779603958,28.1941642761,143399,24.0699996948,24.8299999237,12.5600004196,17.6800003052,46.3800010681,16.5900001526,23.2399997711,36.398059845,14.2399997711,8,27.2600002289,9.52999973297,28.7900009155,143399,0,0,0,0,0,0,0,0,0,0,0,0,0,0,24.1000003815,24.8299999237,12.7100000381,17.75,46.4399986267,16.8500003815,23.2399997711,36.524269104,14.4300003052,8.04761886597,27.2600002289,9.77999973297,28.9099998474,143425,23.5799999237,23.75,12.5,17.2700004578,45.1199989319,16.1399993896,22.8299999237,35.9320373535,14.1000003815,7.59047603607,26.8199996948,9.43999958038,27.5,141248,23.7000007629,24.3600006104,12.5500001907,17.4300003052,45.5400009155,16.1800003052,23.0100002289,36.0679626465,14.1499996185,7.70476102829,26.9200000763,9.61999988556,27.5599994659,142200,0,0,0,0,0,0,0,0,0,0,0,0,0,0,2383600,3024600,38344100,33720300,7795300,3935800,2067100,17469315,11865900,28614600,2091600,867500,4863600,8875100
2025-10-20,21.59025383,23.1251068115,11.9344205856,16.8472003937,45.4462356567,16.3742179871,23.2305812836,34.2839355469,13.3647155762,7.86885786057,26.6659412384,6.817507267,28.4977493286,144509,24.2700004578,25.4500007629,12.6599998474,18.0100002289,46.6800003052,17.0499992371,23.6499996185,37.0485420227,14.3000001907,7.94285678864,27.4899997711,9.60000038147,29.1000003815,144509,0,0,0,0,0,0,0,0,0,0,0,0,0,0,24.4899997711,25.6399993896,12.8000001907,18.1599998474,46.9900016785,17.4400005341,23.8299999237,37.2330093384,14.5799999237,8.15237998962,27.6800003052,9.77999973297,29.4899997711,145216,24.0499992371,24.8099994659,12.5399999619,17.6800003052,46.2200012207,16.6599998474,23.1900005341,36.4854354858,14.2399997711,7.94285678864,27.1499996185,9.60000038147,28.7700004578,143396,24.0699996948,25,12.6400003433,17.6800003052,46.6800003052,16.6800003052,23.1900005341,36.524269104,14.3000001907,8.10476112366,27.2999992371,9.63000011444,28.7700004578,143399,0,0,0,0,0,0,0,0,0,0,0,0,0,0,3840000,2133500,19391000,19858100,5951900,4881800,2026100,19114019,40862100,12841500,2560000,488000,4471000,6793400
2025-10-21,21.6169452667,23.2886638641,11.6233348846,16.6226902008,45.6409492493,16.4414463043,23.3189849854,33.9604988098,13.6731309891,7.88772773743,26.6465415955,6.86721849442,28.9286441803,144085,24.2999992371,25.6299991608,12.3299999237,17.7700004578,46.8800010681,17.1200008392,23.7399997711,36.6990280151,14.6300001144,7.96190404892,27.4699993134,9.67000007629,29.5400009155,144085,0,0,0,0,0,0,0,0,0,0,0,0,0,0,24.5,26.1700000763,12.6300001144,18.1599998474,47.2999992371,17.4400005341,23.9300003052,37.1165046692,14.6499996185,8.11428546906,27.6800003052,9.72999954224,29.5400009155,144795,24.1499996185,25.2199993134,12.3299999237,17.6800003052,46.1399993896,16.6599998474,23.5300006866,36.6699028015,14.1199998856,7.87619018555,27.3999996185,9.52000045776,28.8700008392,143829,24.3199996948,25.5499992371,12.6000003815,17.6800003052,46.4000015259,16.6800003052,23.5300006866,37.0485420227,14.220000267,7.91428518295,27.5400009155,9.64999961853,29.1599998474,144509,0,0,0,0,0,0,0,0,0,0,0,0,0,0,2776100,3025900,17862400,18340400,5120200,2008400,1599800,14013871,11470500,13804140,1991700,947700,1212700,6193200
2025-10-22,21.7082138062,23.7248153687,11.736456871,16.6414070129,46.0498504639,15.9612627029,23.3386306763,34.2390098572,13.5235958099,7.86885786057,26.7144432068,6.76779603958,29.2322273254,144873,24.2999992371,26.1100006104,12.4499998093,17.7900009155,47.2999992371,16.6200008392,23.7600002289,37,14.470000267,7.94285678864,27.5400009155,9.52999973297,29.8500003815,144873,0.102165,0,0,0,0,0,0,0,0,0,0,0,0,0,24.3099994659,26.2700004578,12.6300001144,17.9500007629,47.6300010681,17.2199993134,23.8400001526,37,14.6999998093,8.03809547424,27.6299991608,9.85999965668,30.1499996185,145048,24.0400009155,25.3199996948,12.3000001907,17.75,46.9900016785,16.6000003815,23.6299991608,36.6407775879,14.3199996948,7.88571405411,27.1499996185,9.5,29.4200000763,144039,24.2700004578,25.7999992371,12.3999996185,17.8600006104,47.3499984741,17.1299991608,23.7800006866,36.8252410889,14.6999998093,8.03809547424,27.4599990845,9.75,29.6800003052,144094,0,0,0,0,0,0,0,0,0,0,0,0,0,0,2818100,2785500,42120000,17711400,6351400,2509500,1163700,13890374,8254300,13535340,2094000,718500,2993300,7025000
2025-10-23,21.7975482941,25.0423545837,11.8684339523,16.8191318512,46.030380249,16.076505661,23.6234855652,34.212059021,13.8507041931,7.42540931702,26.8017444611,7.12287473679,29.4868469238,145721,24.3999996185,27.5599994659,12.5900001526,17.9799995422,47.2799987793,16.7399997711,24.0499992371,36.9708747864,14.8199996948,7.4952378273,27.6299991608,10.029999733,30.1100006104,145721,0,0,0,0,0,0,0,0,0,0,0,0,0,0,24.6900005341,27.6000003815,12.6899995804,18.0200004578,47.7000007629,17.0599994659,24.2099990845,37.2233009338,14.9099998474,8.12380886078,28,10.3400001526,30.4300003052,146358,24.1299991608,26.3099994659,12.4600000381,17.7800006866,46.9599990845,16.6700000763,23.7600002289,36.7766990662,14.529999733,7.16190385818,27.3500003815,9.88000011444,29.7399997711,144881,24.5400009155,26.5,12.5500001907,17.8099994659,47.4000015259,16.8999996185,24.0400009155,37.1359214783,14.6800003052,8.07618999481,27.8500003815,10,29.9799995422,144881,0,0,0,0,0,0,0,0,0,0,0,0,0,0,2198000,3988900,25108500,21199100,6050900,2403900,1746600,11432588,15548500,50576925,2657100,3602500,2754700,6599600
2025-10-24,21.9136810303,25.4785079956,11.7835912704,16.9126777649,46.3906021118,16.0284881592,23.977104187,34.1671409607,13.8320131302,7.6235461235,26.8599472046,7.03765583038,30.0352554321,146172,24.5300006866,28.0400009155,12.5,18.0799999237,47.6500015259,16.6900005341,24.4099998474,36.922328949,14.8000001907,7.6952381134,27.6900005341,9.90999984741,30.6700000763,146172,0,0,0,0,0,0,0,0,0,0,0,0,0,0,24.7299995422,28.4200000763,12.9799995422,18.2000007629,48.1300010681,17.0699996948,24.5200004578,37.398059845,15.1499996185,7.82857084274,28.0599994659,10.1599998474,30.7299995422,147240,24.4500007629,27.5,12.5,17.9500007629,47.4300003052,16.5599994659,24.1700000763,36.8737869263,14.7700004578,7.57142782211,27.6000003815,9.82999992371,30.2099990845,145721,24.5200004578,27.8799991608,12.7700004578,18.0300006866,47.6500015259,16.8999996185,24.2299995422,37.262134552,14.9799995422,7.65714216232,27.7099990845,10.1400003433,30.2399997711,145721,0,0,0,0,0,0,0,0,0,0,0,0,0,0,2084500,2679000,26019700,17723600,4187800,1935500,1709000,10169911,14203900,23449125,2577000,1233300,3082000,6491300
2025-10-27,22.0655517578,26.0691280365,11.811870575,17.0529918671,46.4976921082,16.2109565735,24.1146202087,34.4546318054,13.8507041931,8.03868961334,27.0733509064,7.07316398621,30.0646362305,146969,24.7000007629,28.6900005341,12.529999733,18.2299995422,47.7599983215,16.8799991608,24.5499992371,37.2330093384,14.8199996948,8.11428546906,27.9099998474,9.96000003815,30.7000007629,146969,0,0,0,0,0,0,0,0,0,0,0,0,0,0,24.9599990845,28.75,12.779999733,18.3999996185,48.4099998474,17.0799999237,24.8899993896,37.4854354858,15.0500001907,8.16190433502,28.2800006866,10.1199998856,30.9799995422,147977,24.4799995422,28.2099990845,12.4799995422,18.1100006104,47.6800003052,16.5799999237,24.4400005341,37.0776672363,14.779999733,7.85714197159,27.6900005341,9.73999977112,30.3600006104,146174,24.7900009155,28.3899993896,12.6300001144,18.2900009155,48.4000015259,16.8600006104,24.5699996948,37.2038841248,14.9899997711,7.85714197159,28.0699996948,10.029999733,30.9699993134,146174,0,0,0,0,0,0,0,0,0,0,0,0,0,0,3057400,2614200,15181600,25859200,5240600,1730800,2018000,11194349,8495100,22558830,2687800,799800,1902300,6445200
2025-10-28,21.8154144287,25.8328800201,11.9061403275,17.0623493195,46.6826705933,15.6731529236,23.9083461761,34.5714302063,13.6264019012,8.17078113556,26.8114452362,6.90982723236,29.9177379608,147429,24.4200000763,28.4300003052,12.6300001144,18.2399997711,47.9500007629,16.3199996948,24.3400001526,37.3592224121,14.5799999237,8.24761867523,27.6399993896,9.72999954224,30.5499992371,147429,0,0,0,0,0,0,0,0,0,0,0,0,0,0,24.7000007629,28.7600002289,12.7600002289,18.3899993896,48.1100006104,16.8199996948,24.6100006104,37.3592224121,14.779999733,8.30476093292,27.9300003052,10.0399999619,30.7900009155,147811,24.3500003815,28.25,12.4499998093,18.0900001526,47.5299987793,15.8299999237,24.0799999237,37.0776672363,14.470000267,7.95238018036,27.6000003815,9.72999954224,30.25,146575,24.7000007629,28.7299995422,12.4899997711,18.25,47.7599983215,16.7800006866,24.5400009155,37.1262130737,14.7399997711,8.10476112366,27.8600006104,9.85000038147,30.7900009155,146970,0,0,0,0,0,0,0,0,0,0,0,0,0,0,2599100,1583700,20963800,33329500,4268400,6964700,2107300,10478499,12051100,11424210,2156100,1568800,3174200,7108000
2025-10-29,21.9136810303,25.5421142578,11.9155683517,17.6142559052,48.2501182556,15.990073204,24.0556850433,35.3440818787,13.6731309891,8.04812431335,26.9472503662,7.12287473679,29.643535614,148633,24.5300006866,28.1100006104,12.6400003433,18.8299999237,49.5600013733,16.6499996185,24.4899997711,38.1941757202,14.6300001144,8.12380886078,27.7800006866,10.029999733,30.2700004578,148633,0,0,0,0,0,0,0,0,0,0,0,0,0,0,24.6800003052,28.6800003052,12.7899999619,18.8400001526,49.5800018311,16.7199993134,24.6100006104,38.3592224121,14.7299995422,8.39999961853,28.0100002289,10.029999733,30.9799995422,149067,24.4400005341,28.0499992371,12.5500001907,18.2700004578,48.1500015259,16.3999996185,24.2999992371,37.4271850586,14.5200004578,8.10476112366,27.7099990845,9.57999992371,30.0400009155,147430,24.4400005341,28.6200008392,12.6999998093,18.3099994659,48.1500015259,16.4099998474,24.4599990845,37.4271850586,14.6199998856,8.25714206696,27.8099994659,9.73999977112,30.8500003815,147430,0,0,0,0,0,0,0,0,0,0,0,0,0,0,2515300,1714300,20173700,43232000,11214000,3117600,2267200,27235466,10253500,13356210,2230600,1295500,2246900,7999500
2025-10-30,22.0923538208,26.032781601,11.8778610229,16.931388855,47.8217506409,15.8652257919,23.9672813416,35.299156189,13.6357479095,8.01981925964,27.0248508453,7.10867166519,30.2311172485,148780,24.7299995422,28.6499996185,12.6000003815,18.1000003815,49.1199989319,16.5200004578,24.3999996185,38.1456298828,14.5900001526,8.09523773193,27.8600006104,10.0100002289,30.8700008392,148780,0,0,0,0,0,0,0,0,0,0,0,0,0,0,24.7700004578,28.9400005341,12.75,18.3700008392,50.0999984741,16.8700008392,24.6100006104,38.524269104,14.5900001526,8.22857093811,28,10.1899995804,30.9899997711,149234,24.2900009155,27.2999992371,12.4099998474,17.9400005341,48.8300018311,16.3400001526,24.1900005341,37.8834953308,14.3400001526,7.85714197159,27.4500007629,9.82999992371,29.8199996948,147547,24.4500007629,27.6599998474,12.5,18.1200008392,49.0800018311,16.4500007629,24.4799995422,38.1262130737,14.4799995422,7.93333292007,27.7199993134,10.0200004578,29.9799995422,148632,0,0,0,0,0,0,0,0,0,0,0,0,0,0,1155200,1680000,14072300,66549800,12866200,2664000,1234700,18657008,8638700,15100050,1616900,1167500,2236800,7300600
2025-10-31,22.2888889313,26.0872993469,11.9344205856,16.9875164032,47.52967453,15.6059274673,24.0360393524,35.4339256287,13.8693971634,7.99151325226,26.6659412384,7.19389009476,30.5542869568,149540,24.9500007629,28.7099990845,12.6599998474,18.1599998474,48.8199996948,16.25,24.4699993134,38.2912635803,14.8400001526,8.06666564941,27.4899997711,10.1300001144,31.2000007629,149540,0,0,0,0,0,0,0,0,0,0,0,0,0,0,25.0300006866,29.0100002289,12.7600002289,18.2800006866,49.7200012207,16.7700004578,24.6399993896,38.4757270813,14.8400001526,8.19047641754,27.7700004578,10.1599998474,31.2999992371,149636,24.7299995422,28.25,12.6400003433,17.8999996185,48.7700004578,15.9899997711,24.2700004578,38.1747550964,14.3999996185,7.88571405411,26.6900005341,9.96000003815,30.5400009155,148774,24.7999992371,28.6700000763,12.7299995422,18.25,49.5,16.6100006104,24.3999996185,38.2912635803,14.6099996567,8.17142772675,26.9799995422,10.0900001526,31.1100006104,148774,0,0,0,0,0,0,0,0,0,0,0,0,0,0,5819800,2494100,17872900,35036500,7662800,4490900,2843000,16449821,16851400,14380065,9463700,571800,2505700,8911000
2025-11-03,22.3067531586,25.6693229675,12.1041049957,17.1746025085,47.218132019,15.2313842773,24.163734436,36.0250358582,13.7852840424,7.86885786057,26.9375495911,6.89562416077,29.927532196,150454,24.9699993134,28.25,12.8400001526,18.3600006104,48.5,15.8599996567,24.6000003815,38.9126205444,14.75,7.94285678864,27.7700004578,9.71000003815,30.5599994659,150454,0,0,0,0,0,0,0,0.017136,0,0,0,0,0,0,25.2299995422,29.4200000763,12.9399995804,18.6200008392,49.4000015259,16.4500007629,24.7600002289,38.9611663818,14.970000267,8.19047641754,27.8999996185,10.1800003052,31.5,150761,24.8799991608,28.25,12.6800003052,18.1599998474,48.2599983215,15.7600002289,24.4300003052,38.398059845,14.6199998856,7.89523792267,27.4599990845,9.71000003815,30.3899993896,149551,25.1900005341,28.9200000763,12.7899999619,18.3400001526,49.4000015259,16.2999992371,24.7000007629,38.737865448,14.9399995804,8.08571434021,27.6900005341,10.1700000763,31.2999992371,149551,0,0,0,0,0,0,0,0,0,0,0,0,0,0,5645800,1902500,27192300,35328300,5588700,3997300,2859600,17968144,12206500,11489310,4140700,803300,2798500,7667600
2025-11-04,22.556886673,25.7874469757,12.1041049957,17.2297935486,47.7438621521,15.3466281891,24.3700084686,35.917175293,13.9908952713,7.90659809113,26.9472503662,7.05896091461,30.3584270477,150704,25.25,28.3799991608,12.8400001526,18.3999996185,49.0400009155,15.9799995422,24.8099994659,38.7961158752,14.970000267,7.98095178604,27.7800006866,9.93999958038,31,150704,0,0,0,0.018942,0,0,0,0,0,0,0,0,0,0,25.2600002289,28.8899993896,12.9099998474,18.4899997711,49.0999984741,16.1599998474,24.8099994659,39,14.970000267,8,27.8700008392,9.93999958038,31.3299999237,150888,24.7999992371,28.1000003815,12.5500001907,18.2000007629,48.1699981689,15.720000267,24.3600006104,38.6504859924,14.6000003815,7.80952310562,27.5300006866,9.61999988556,30.5,149979,24.9699993134,28.2299995422,12.8000001907,18.3099994659,48.3899993896,15.75,24.4899997711,38.8834953308,14.6800003052,7.85714197159,27.8299999237,9.63000011444,30.5599994659,150454,0,0,0,0,0,0,0,0,0,0,0,0,0,0,2383600,3274700,38086200,24920700,6048900,3508300,1617300,20386481,20103300,7011585,2920000,706900,3391900,7541200
2025-11-05,23.1822319031,26.423500061,12.4434719086,17.594991684,49.058177948,16.6527252197,24.8906116486,36.0699806213,14.4488458633,8.24626064301,27.8105697632,7.38563346863,30.5444946289,153294,25.9500007629,29.0799999237,13.1999998093,18.7900009155,50.3899993896,17.3400001526,25.3400001526,38.9611663818,15.4600000381,8.32380867004,28.6700000763,10.3999996185,31.1900005341,153294,0,0,0,0,0,0,0,0,0,0,0,0,0,0,25.9699993134,29.0799999237,13.25,18.8299999237,50.5499992371,17.5599994659,25.5799999237,38.9902915955,15.5900001526,8.32380867004,28.8299999237,10.3999996185,31.4400005341,153583,25.1200008392,27.9500007629,12.7899999619,18.3500003815,48.9700012207,15.9799995422,24.7099990845,38.1553382874,14.6999998093,7.86666584015,27.6599998474,9.84000015259,30.7700004578,150296,25.25,28.3799991608,12.8400001526,18.3999996185,49.0400009155,15.9799995422,24.8099994659,38.7961158752,14.970000267,7.98095178604,27.7800006866,9.93999958038,31,150709,0,0,0,0,0,0,0,0,0,0,0,0,0,0,3237100,2712500,32733700,32489600,9600800,9515400,4603800,36312135,15942000,15467235,5531700,1434200,2757300,9803000
2025-11-06,23.3698310852,25.6238899231,12.3492040634,17.5200786591,48.8926734924,15.7403774261,24.7727394104,36.0699806213,13.6077108383,7.53862953186,27.5874652863,7.64839076996,31.1614551544,153339,26.1599998474,28.2000007629,13.1000003815,18.7099990845,50.2200012207,16.3899993896,25.2199993134,38.9611663818,14.5600004196,7.60952281952,28.4400005341,10.7700004578,31.8199996948,153339,0,0,0,0,0,0,0,0,0,0,0,0,0,0,26.2199993134,29.2299995422,13.25,18.8700008392,50.9700012207,17.4599990845,25.5300006866,39.601940155,15.3599996567,8.23809528351,28.8099994659,10.8999996185,32.5499992371,154352,25.8799991608,27.9400005341,13.029999733,18.6299991608,50.0299987793,16.3899993896,25.2199993134,38.8446617126,14.5600004196,7.59047603607,28.4200000763,10.1099996567,31.3199996948,153235,26,29.2299995422,13.25,18.7900009155,50.25,17.2999992371,25.4699993134,38.922328949,15.25,8.22857093811,28.7700004578,10.6000003815,32.3400001526,153297,0,0,0,0,0,0,0,0,0,0,0,0,0,0,2508800,2096300,33002800,23203700,5821100,5587300,1992400,23226500,15386600,21751275,3135300,3572000,5135600,9387600
2025-11-07,23.3340969086,26.1236476898,12.2360811234,17.53881073,49.2528991699,15.9228477478,24.900434494,36.1059341431,13.037607193,7.68015575409,27.8105697632,8.12419605255,31.3573169708,154064,26.1200008392,28.75,12.9799995422,18.7299995422,50.5900001526,16.5799999237,25.3500003815,39,13.9499998093,7.75237989426,28.6700000763,11.4399995804,32.0200004578,154064,0,0,0,0,0,0,0,0,0,0,0,0,0,0,26.1900005341,29.1100006104,13.1499996185,18.7299995422,50.5900001526,17.2399997711,25.3500003815,39.0291252136,14.4600000381,8.04761886597,28.6700000763,11.4399995804,32.5600013733,154066,25.8899993896,28.0200004578,12.9300003052,18.4699993134,49.9000015259,16.3099994659,25,38.6116485596,13.7299995422,7.59047603607,28.1700000763,10.8199996948,31.3600006104,152368,26.1299991608,28.2000007629,13.0799999237,18.6599998474,50,16.3099994659,25.2099990845,38.9611663818,13.7299995422,7.6476187706,28.4200000763,10.970000267,31.8799991608,153339,0,0,0,0,0,0,0,0,0,0,0,0,0,0,1666300,1638500,21686600,15628600,6100800,6679400,1375400,12706904,57823100,27718425,2720400,2744400,4507900,9474100
2025-11-10,23.6020965576,25.5875453949,12.3680562973,17.8665485382,49.8565063477,16.1533355713,25.1951141357,36.3486175537,13.5516347885,7.94433832169,28.1888790131,7.42114019394,31.6804847717,155257,26.4200000763,28.1599998474,13.1199998856,19.0799999237,51.2099990845,16.8199996948,25.6499996185,39.262134552,14.5,8.01904678345,29.0599994659,10.4499998093,32.3499984741,155257,0,0,0,0,0,0,0,0,0,0,0,0,0,0,26.4400005341,29.1599998474,13.1199998856,19.1900005341,52.0600013733,16.9699993134,25.6900005341,39.339805603,14.5799999237,8.08571434021,29.0599994659,11.5399999619,32.4700012207,155601,26.1499996185,28.1100006104,12.8800001144,18.7700004578,50.7900009155,16.4099998474,25.3099994659,39.0485420227,13.9600000381,7.6952381134,28.5799999237,10.4499998093,31.7600002289,154058,26.25,28.9899997711,13.029999733,18.7900009155,50.9300003052,16.6900005341,25.5,39.1747550964,14.1999998093,7.90476083755,28.8899993896,11.5399999619,32.1899986267,154061,0,0,0,0,0,0,0,0,0,0,0,0,0,0,2964300,1708500,37328100,28034500,10668100,4579000,1678000,16552409,41178800,16046625,5455200,4135100,3057400,7751600
2025-11-11,23.9594364166,26.1236476898,12.7545595169,18.2504730225,51.0150604248,17.3441867828,25.6174888611,37.049697876,13.972202301,8.57648849487,28.4895877838,7.47795295715,31.2691802979,157749,26.8199996948,28.75,13.529999733,19.4899997711,52.4000015259,18.0599994659,26.0799999237,40.0194168091,14.9499998093,8.65714168549,29.3700008392,10.529999733,31.9300003052,157749,0,0,0,0,0,0,0,0,0,0,0,0,0,0,27.2199993134,29.5699996948,13.6499996185,19.6299991608,53.6800003052,18.2000007629,26.2399997711,40.1650466919,15.2899999619,8.78095245361,29.6299991608,10.6999998093,33.0900001526,158467,26.5400009155,27.1000003815,13.1700000763,19.0900001526,51.4099998474,16.9200000763,25.7999992371,39.262134552,14.6400003433,8.10476112366,29.0300006866,10.3000001907,31.8500003815,155252,26.7000007629,27.1100006104,13.2299995422,19.1299991608,52.6199989319,16.9699993134,25.8700008392,39.4174766541,14.6499996185,8.10476112366,29.2000007629,10.5200004578,32.5900001526,155257,0,0,0,0,0,0,0,0,0,0,0,0,0,0,4018200,5372500,66621000,39993600,18905300,6131000,2476900,37289193,31403100,29114505,4778500,2724500,3827200,12876000
2025-11-12,24.2006378174,26.8596515656,13.3107452393,18.2036533356,52.2514839172,16.7775726318,25.5389060974,36.2048034668,13.9628562927,8.63309955597,28.3828849792,7.49925804138,32.4737243652,157633,27.0900001526,29.5599994659,14.1199998856,19.4400005341,53.6699981689,17.4699993134,26,39.1067962646,14.9399995804,8.71428489685,29.2600002289,10.5600004196,33.1599998474,157633,0,0,0,0,0,0,0,0,0,0,0,0,0,0,27.0900001526,29.7800006866,14.220000267,19.5599994659,53.7999992371,18.2000007629,26.0900001526,40.1456298828,15.220000267,8.74285697937,29.4699993134,10.7899999619,33.1599998474,158134,26.5799999237,28.7999992371,13.5799999237,19.2600002289,52.1300010681,17.3600006104,25.7600002289,38.9611663818,14.8100004196,8.41904735565,29.0900001526,10.4099998474,31.6399993896,156560,26.7600002289,28.8999996185,13.6199998856,19.5,52.4500007629,17.7800006866,26.0900001526,40.0194168091,14.9499998093,8.61904716492,29.3700008392,10.5500001907,31.9200000763,157749,0,0,0,0,0,0,0,0,0,0,0,0,0,0,4495500,2203000,73999300,30776900,14058900,3165200,2541100,36789128,13600600,15031275,3214400,1498800,3778400,11226600
2025-11-13,25.3083839417,26.6960964203,13.6406850815,18.2411079407,52.572769165,16.4126338959,25.7255363464,36.3486175537,13.8600511551,8.54818344116,28.5671882629,7.25780439377,32.5520706177,157162,28.3299999237,29.3799991608,14.470000267,19.4799995422,54,17.0900001526,26.1900005341,39.262134552,14.8299999237,8.62857055664,29.4500007629,10.220000267,33.2400016785,157162,0,0,0,0,0,0,0,0,0,0,0,0,0,0,29.2999992371,29.6399993896,14.5600004196,19.8400001526,54.7000007629,17.5400009155,26.4200000763,39.8543663025,15.1300001144,8.88571357727,29.9300003052,10.6599998474,33.2799987793,158319,27.9699993134,28.7299995422,14.0500001907,19.3700008392,53.4099998474,16.7900009155,25.8600006104,39.0097084045,14.7399997711,8.51428508759,29.1599998474,10.1400003433,32.7099990845,156509,28.5499992371,29.5100002289,14.0600004196,19.3899993896,53.5499992371,17.4300003052,26.1800003052,39.2815513611,14.970000267,8.71428489685,29.3600006104,10.4499998093,33.1599998474,157633,0,0,0,0,0,0,0,0,0,0,0,0,0,0,13538100,1871900,66538000,32477500,17188900,2757700,2944700,33686974,13292500,15416205,7199500,1316900,1848100,10560800
2025-11-14,25.7371883392,27.0232105255,13.6124038696,18.2317485809,51.9788894653,16.7775726318,26.088973999,36.4924278259,14.1684675217,9.04824352264,28.8581962585,7.3643283844,32.5324821472,157739,28.8099994659,29.7399997711,14.4399995804,19.4699993134,53.3899993896,17.4699993134,26.5599994659,39.4174766541,15.1599998474,9.13333320618,29.75,10.3699998856,33.2200012207,157739,0,0,0,0,0,0,0,0,0,0,0,0,0,0,29,30.4799995422,14.6000003815,19.7399997711,54.1399993896,17.9500007629,26.6900005341,39.4951438904,15.3699998856,9.26666641235,30,10.5399999619,33.4799995422,158366,28.1499996185,29.1100006104,14.3299999237,19.3799991608,53,16.9500007629,26.1000003815,39.0388336182,14.7100000381,8.5428571701,29.4300003052,10.1400003433,32.9000015259,156656,28.3400001526,29.3799991608,14.4499998093,19.4300003052,53.9199981689,16.9599990845,26.1800003052,39.2427177429,14.8000001907,8.57142829895,29.5300006866,10.2100000381,33.3300018311,157162,0,0,0,0,0,0,0,0,0,0,0,0,0,0,10601400,1657700,34127600,26233700,10473800,2470100,2570900,17006742,16630800,25073685,3942500,977600,1461300,7977300
2025-11-17,25.0046463013,26.3871555328,13.3484516144,18.0912857056,51.5797271729,16.3742179871,25.6371326447,36.2227783203,14.1404294968,8.61423015594,28.6932907104,7.43534326553,32.434551239,156993,27.9899997711,29.0400009155,14.1599998474,19.3199996948,52.9799995422,17.0499992371,26.1000003815,39.1262130737,15.1300001144,8.6952381134,29.5799999237,10.470000267,33.1199989319,156993,0,0,0,0,0,0,0,0,0,0,0,0,0,0,28.8899993896,29.9500007629,14.5799999237,19.5,53.6399993896,17.5200004578,26.6200008392,39.5145645142,15.220000267,9.26666641235,29.8299999237,10.470000267,33.3699989319,157901,27.9300003052,29.0400009155,14.0200004578,19.1800003052,52.6399993896,16.9799995422,25.9599990845,39.0194168091,14.8199996948,8.66666603088,29.3600006104,10.2299995422,32.7999992371,156568,28.8099994659,29.9500007629,14.3800001144,19.4300003052,53.6100006104,17.3999996185,26.5300006866,39.4174766541,15.1400003433,9.21904659271,29.7700004578,10.2899999619,33.3699989319,157742,0,0,0,0,0,0,0,0,0,0,0,0,0,0,4678200,1295000,39319600,27809900,14274000,1969600,2172800,43985120,11855400,17720430,2975700,756600,1170100,8419200
2025-11-18,24.915309906,27.5502243042,13.2447566986,17.8759117126,51.0053215027,16.4702548981,25.7648277283,36.0430145264,14.0937013626,8.93502140045,28.9357967377,7.47085142136,32.3268241882,156522,27.8899993896,30.3199996948,14.0500001907,19.0900001526,52.3899993896,17.1499996185,26.2299995422,38.9320373535,15.0799999237,9.01904678345,29.8299999237,10.5200004578,33.0099983215,156522,0,0,0,0,0,0,0,0,0,0,0,0,0,0,27.9500007629,30.7000007629,14.2899999619,19.2299995422,52.9199981689,17.4099998474,26.2999992371,39.1747550964,15.2399997711,9.08571434021,29.8999996185,10.6300001144,33.3400001526,157040,27.6299991608,28.8400001526,13.9899997711,19.0200004578,52.2099990845,16.6599998474,25.8199996948,38.737865448,14.8500003815,8.44761943817,29.2099990845,10.3100004196,32.6500015259,155834,27.9099998474,29.2999992371,14.0699996948,19.1499996185,52.3199996948,16.8299999237,25.9699993134,38.7864074707,14.970000267,8.47618961334,29.3700008392,10.4399995804,32.7900009155,156990,0,0,0,0,0,0,0,0,0,0,0,0,0,0,3829800,2718900,56692100,31226100,6671900,1994100,742500,17147337,17918800,18369015,2546000,889300,1068600,8723000
2025-11-19,24.6755828857,27.0141239166,13.056219101,17.6979942322,50.7424545288,16.2589759827,25.4308567047,35.8183097839,13.9441652298,8.80293083191,28.7611923218,7.59157800674,31.8077964783,155381,27.3299999237,29.7299995422,13.8500003815,18.8999996185,52.1199989319,16.9300003052,25.8899993896,38.6893196106,14.9200000763,8.88571357727,29.6499996185,10.6899995804,32.4799995422,155381,0.29448,0,0,0,0,0,0,0,0,0,0,0,0,0,27.4699993134,30.4899997711,14.0600004196,19.1800003052,52.2599983215,17.2700004578,26.2299995422,39.0291252136,15.1700000763,9.11428546906,29.8899993896,11.0399999619,33,156522,27.2000007629,29.5799999237,13.779999733,18.8600006104,51.5900001526,16.9300003052,25.8799991608,38.5825233459,14.9200000763,8.88571357727,29.5499992371,10.4399995804,32.1399993896,155212,27.4500007629,30.3099994659,14.0500001907,19.0100002289,52.0600013733,17.1299991608,26.2000007629,38.8834953308,15.0200004578,8.9904756546,29.8299999237,10.4399995804,32.9599990845,156522,0,0,0,0,0,0,0,0,0,0,0,0,0,0,3072700,2375600,34599400,25755800,7483600,1945800,1191200,25766686,11168600,16938915,2077800,1865800,1578600,8815200
2025-11-21,24.3415164948,27.6229171753,13.0939264297,17.594991684,49.8565063477,16.4222373962,24.9888381958,35.9261665344,14.1965055466,9.08598327637,28.3246841431,7.50635957718,31.5237960815,154770,26.9599990845,30.3999996185,13.8900003433,18.7900009155,51.2099990845,17.1000003815,25.4400005341,38.8058242798,15.1899995804,9.17142772675,29.2000007629,10.5699996948,32.1899986267,154770,0,0,0,0,0,0,0,0,0,0,0,0,0,0,27.2700004578,30.5799999237,13.8900003433,19.0799999237,51.8800010681,17.2800006866,25.9599990845,38.8640785217,15.1899995804,9.18095207214,29.6499996185,10.6300001144,32.4199981689,155387,26.7900009155,29.5400009155,13.5900001526,18.6399993896,50.5999984741,16.6100006104,25.3099994659,38.398059845,14.7700004578,8.76190376282,29.1000003815,10.3699998856,31.9500007629,153571,27.2600002289,29.7299995422,13.8100004196,19.0799999237,51.5999984741,16.8299999237,25.8999996185,38.6893196106,14.8999996185,8.8380947113,29.6499996185,10.5500001907,32.2700004578,155381,0,0,0,0,0,0,0,0,0,0,0,0,0,0,3503000,2822400,28389800,33815400,7939700,2959300,1287600,16502454,11363300,25141725,3047000,681600,1353900,7848000
2025-11-24,25.0638160706,26.9502925873,13.178768158,17.6043548584,49.8370361328,16.9024200439,25.3915653229,35.7913360596,14.1123914719,9.34073066711,28.4701862335,7.66969537735,32.0330352783,155278,27.7600002289,28.7900009155,13.9799995422,18.7999992371,51.1899986267,17.6000003815,25.8500003815,38.660194397,15.1000003815,9.42857074738,29.3500003815,10.8000001907,32.7099990845,155278,0,0.891458,0,0,0,0,0,0,0,0,0,0,0,0,27.7600002289,29.5499992371,14.1000003815,18.8899993896,51.6699981689,17.7000007629,25.8500003815,39,15.5100002289,9.6952381134,29.4799995422,10.9799995422,32.9099998474,155832,26.8999996185,28.7600002289,13.8500003815,18.7000007629,50.8499984741,17.0599994659,25.2299995422,38.5631065369,15.1000003815,9.07618999481,29.0799999237,10.4799995422,32.1500015259,154529,27.0400009155,29.5300006866,13.8800001144,18.7900009155,51.2999992371,17.0599994659,25.4400005341,38.7572822571,15.1599998474,9.09523773193,29.1599998474,10.5900001526,32.2000007629,154769,0,0,0,0,0,0,0,0,0,0,0,0,0,0,4560300,2149900,39046200,32487300,9202500,2481000,1732800,29014997,15383300,27962445,3113500,1278500,1096900,9277600
2025-11-25,25.3075962067,26.669462204,13.357878685,17.7448158264,50.4017066956,17.5170536041,25.6469554901,35.8722419739,14.2338886261,9.68039417267,28.6350917816,7.72650814056,33.0906867981,155910,28.0300006866,28.4899997711,14.1700000763,18.9500007629,51.7700004578,18.2399997711,26.1100006104,38.7475738525,15.2299995422,9.77142810822,29.5200004578,10.8800001144,33.7900009155,155910,0,0,0,0,0,0,0,0,0,0,0,0,0,0,28.1399993896,29.1900005341,14.220000267,19.1100006104,51.9500007629,18.3199996948,26.25,39.0485420227,15.3900003433,9.77142810822,29.7000007629,10.9200000763,33.8400001526,156373,27.6100006104,28.3700008392,13.8999996185,18.7999992371,50.5600013733,17.6100006104,25.6100006104,38.5728149414,14.9899997711,9.28571414948,29.1399993896,10.5500001907,32.5200004578,154821,27.9899997711,29,13.970000267,18.8099994659,51.2999992371,17.7000007629,26.0100002289,38.8349494934,15.0900001526,9.48571395874,29.4899997711,10.6999998093,32.8300018311,155278,0,0,0,0,0,0,0,0,0,0,0,0,0,0,3078000,2345200,21263100,28601700,5878200,3286900,1706400,30345963,11527100,19989270,2646200,1252100,2061200,6929400
2025-11-26,25.2443885803,27.3434524536,13.8669309616,18.2785663605,51.2779159546,17.7667484283,25.9416351318,36.7171325684,14.439499855,9.53886699677,28.9648971558,7.69100046158,34.5890197754,158555,27.9599990845,29.2099990845,14.7100000381,19.5200004578,52.6699981689,18.5,26.4099998474,39.660194397,15.4499998093,9.62857055664,29.8600006104,10.8299999237,35.3199996948,158555,0,0,0,0,0,0,0,0,0,0,0,0,0,0,28.6000003815,29.3600006104,14.720000267,19.6000003815,52.8800010681,18.6499996185,26.5499992371,39.7184448242,15.5900001526,9.85714244843,30,10.9600000381,35.3199996948,158714,27.7600002289,28.4500007629,14.1599998474,18.9799995422,51.6500015259,18.0799999237,26.0499992371,38.8058242798,15.2399997711,9.49523830414,29.4899997711,10.779999733,33.6300010681,155914,28.0900001526,28.4899997711,14.1700000763,19.0300006866,52.0499992371,18.1700000763,26.2700004578,38.9320373535,15.25,9.71428489685,29.6299991608,10.8800001144,33.7900009155,155915,0,0,0,0,0,0,0,0,0,0,0,0,0,0,7285000,1874400,35623400,33913900,7409000,4617100,1605600,22251296,13225500,18614715,1958500,957300,2570900,8596500
2025-11-27,25.2173061371,26.7069072723,13.8857831955,18.2411079407,51.2681884766,17.9588222504,25.8237667084,36.5913009644,14.8413763046,9.54830265045,29.0327987671,7.71940612793,34.4715042114,158292,27.9300003052,28.5300006866,14.7299995422,19.4799995422,52.6599998474,18.7000007629,26.2900009155,39.524269104,15.8800001144,9.63809490204,29.9300003052,10.8699998856,35.2000007629,158292,0,0,0,0,0,0,0,0,0,0,0,0,0,0,28.0200004578,29.2000007629,14.779999733,19.6000003815,53.0800018311,18.7299995422,26.4400005341,39.6893196106,15.9399995804,9.77142810822,30.0599994659,10.9399995804,35.4700012207,158864,27.6800003052,28.4699993134,14.5399999619,19.4500007629,52.4399986267,18.3999996185,26.2000007629,39.398059845,15.4399995804,9.58095169067,29.7700004578,10.7100000381,34.9700012207,158167,27.8999996185,29.2000007629,14.6099996567,19.5,52.5600013733,18.3999996185,26.3600006104,39.4757270813,15.4499998093,9.68571376801,29.7999992371,10.7899999619,35.4000015259,158554,0,0,0,0,0,0,0,0,0,0,0,0,0,0,2321400,1488000,30241300,9964400,2457800,1618600,553400,9469408,11352100,9577260,893500,652800,927000,3121400
2025-11-28,25.5965156555,27.1094284058,14.102602005,18.4003009796,52.572769165,17.0560779572,25.931810379,37.4272079468,14.7198791504,9.69926357269,29.2559051514,8.03897666931,34.393157959,159072,28.3500003815,28.9599990845,14.9600000381,19.6499996185,54,17.7600002289,26.3999996185,40.4271850586,15.75,9.79047584534,30.1599998474,11.3199996948,35.1199989319,159072,0,0,0,0,0,0,0,0,0,0,0,0,0,0,28.4799995422,28.9899997711,15.1099996567,19.8099994659,54.2799987793,18.7399997711,26.7600002289,40.6893196106,16.1599998474,9.93333339691,30.3600006104,11.4600000381,35.2700004578,159689,27.8700008392,28.0200004578,14.720000267,19.4799995422,53.0099983215,17.6499996185,26.2299995422,40,15.75,9.55237960815,29.8700008392,10.8299999237,34.5699996948,158078,27.8700008392,28.6200008392,14.720000267,19.5100002289,53.0099983215,18.6599998474,26.2299995422,40.0679626465,15.9600000381,9.71428489685,30,10.9399995804,35.0699996948,158358,0,0,0,0,0,0,0,0,0,0,0,0,0,0,5522200,1997900,31855300,25415300,6504800,4475500,1805200,45311657,11421800,15099000,2239900,1528000,1549200,8017000
2025-12-01,25.6326274872,26.3605499268,14.0366134644,18.1193771362,52.2514839172,16.3262004852,25.9711055756,37.137348175,14.7292251587,9.75587463379,28.8872947693,8.02477359772,34.0601959229,158611,28.3899993896,28.1599998474,14.8900003433,19.3500003815,53.6699981689,17,26.4400005341,40.0970878601,15.7600002289,9.8476190567,29.7800006866,11.3000001907,34.7799987793,158611,0,0,0,0,0,0,0,0.017136,0,0,0,0,0,0,28.7999992371,29.0900001526,15.0500001907,19.7000007629,54.2599983215,17.9400005341,26.6200008392,40.5339813232,16.0900001526,9.89523792267,30.2000007629,11.4300003052,35.1199989319,159224,28.25,27.7600002289,14.779999733,19.3500003815,53.4199981689,16.9200000763,26.2800006866,39.9514541626,15.6499996185,9.66666603088,29.75,11.0699996948,34.4700012207,158030,28.3899993896,29.0499992371,14.9399995804,19.6499996185,54.0499992371,17.7700004578,26.4099998474,40.4951438904,15.7299995422,9.82857131958,30.1900005341,11.3000001907,35.0699996948,159074,0,0,0,0,0,0,0,0,0,0,0,0,0,0,8913800,1741700,25552400,24721300,3445200,4945300,2030400,15912985,29121200,10236765,2792900,1267100,1611800,7504300
2025-12-02,26.1653251648,27.0064582825,14.2345790863,18.3152217865,53.7215805054,16.633518219,26.6783332825,37.9646224976,14.7572622299,9.99175167084,29.4984111786,8.35144710541,34.7261199951,161092,28.9799995422,28.8500003815,15.1000003815,19.5400009155,55.1800003052,17.3199996948,27.1599998474,40.9902915955,15.7899999619,10.0857143402,30.4099998474,11.7600002289,35.4599990845,161092,0,0,0,0.018942,0,0,0,0,0,0,0,0,0,0,29.0200004578,28.8500003815,15.1700000763,19.5799999237,55.1800003052,17.7600002289,27.1599998474,40.9902915955,16.0200004578,10.0857143402,30.4099998474,11.7899999619,35.4599990845,161092,28.3600006104,28.1599998474,14.6999998093,19.3700008392,53.8800010681,17.0200004578,26.4300003052,40.2330093384,15.7700004578,9.80952262878,29.7900009155,11.3100004196,34.7200012207,158612,28.5499992371,28.1599998474,14.9099998474,19.3799991608,54,17.0699996948,26.4699993134,40.2524261475,15.8599996567,9.91428470612,29.8799991608,11.3100004196,34.8699989319,158612,0,0,0,0,0,0,0,0,0,0,0,0,0,0,4184700,1438400,56471500,23940400,5700500,5046300,2335300,21175667,10598000,17682945,2107300,1546400,1391700,8430000
2025-12-03,26.2736682892,26.669462204,13.9423446655,17.8090705872,54.5977973938,16.3454093933,26.5702838898,37.9646224976,14.4488458633,10.6050310135,29.3820095062,8.28042984009,35.3528747559,161755,29.1000003815,28.4899997711,14.7899999619,19,56.0800018311,17.0200004578,27.0499992371,40.9902915955,15.4600000381,10.7047605515,30.2900009155,11.6599998474,36.0999984741,161755,0,0,0,0,0,0,0,0,0,0,0,0,0,0,29.3799991608,29.0100002289,15.220000267,19.6900005341,56.1399993896,17.4799995422,27.3099994659,41.2233009338,15.9499998093,10.7047605515,30.6599998474,11.7899999619,36.1199989319,161964,28.9699993134,28.3400001526,14.720000267,18.7800006866,55.0699996948,16.7999992371,27,40.6990280151,15.3800001144,10.1047611237,30.1700000763,11.5699996948,35.0499992371,161093,29.1100006104,28.8500003815,15.1999998093,19.6399993896,55.3899993896,17.3299999237,27.2999992371,41.0679626465,15.9200000763,10.1047611237,30.4799995422,11.6999998093,35.5999984741,161094,0,0,0,0,0,0,0,0,0,0,0,0,0,0,3880700,1454800,33323800,63797200,8799600,4807100,1487200,23159653,12529200,23710785,1646900,757800,1746700,8292000
2025-12-04,26.8153953552,26.6881847382,14.159163475,18.0621452332,55.4155883789,14.8664464951,27.012304306,38.8997993469,14.0563154221,10.9918699265,29.7894153595,8.30883693695,35.2549476624,164456,29.7000007629,28.5100002289,15.0200004578,19.2700004578,56.9199981689,15.4799995422,27.5,42,15.0399999619,11.0952377319,30.7099990845,11.6999998093,36,164456,0,0,0,0,0,0,0,0,0,0,0,0,0,0,29.7700004578,29.1499996185,15.1400003433,19.3799991608,57.3100013733,17.4099998474,27.6299991608,42,15.8000001907,11.3809518814,30.7800006866,11.8999996185,36.6500015259,164551,29.2199993134,28.3999996185,14.8400001526,19.0699996948,56.2099990845,15.4799995422,27.0900001526,41.1165046692,15.0399999619,10.6476192474,30.2700004578,11.5799999237,35.7700004578,161759,29.2900009155,28.6900005341,14.8900003433,19.1200008392,56.6599998474,17.1299991608,27.3500003815,41.1262130737,15.6000003815,10.7809524536,30.3999996185,11.6099996567,36.4000015259,161760,0,0,0,0,0,0,0,0,0,0,0,0,0,0,5171300,2386600,41656800,35919800,10489900,73559900,2916000,23199514,33671400,57664110,2873800,1216800,2214800,10592300
2025-12-05,24.5943222046,24.0296630859,13.2070484161,16.9842281342,51.034526825,13.6948013306,24.8120307922,37.1013755798,12.9721860886,9.91627120972,27.1412525177,7.20809316635,32.2191047668,157369,27.2399997711,25.6700000763,14.0100002289,18.1200008392,52.4199981689,14.2600002289,25.2600002289,40.0582504272,13.8800001144,10.0095233917,27.9799995422,10.1499996185,32.9000015259,157369,0,0,0,0,0,0,0,0,0,0,0,0,0,0,29.1900005341,27.4400005341,15.0799999237,19.4300003052,56.9799995422,15.5799999237,27.5100002289,42.1359214783,15.0900001526,11.2476186752,30.6299991608,11.6899995804,36.1100006104,165036,27.1900005341,25.5,13.8400001526,18.0699996948,52.2000007629,14.1000003815,25.1900005341,39.9514541626,13.8400001526,9.79047584534,27.9799995422,10.1499996185,32.7400016785,157007,28.5200004578,27.1000003815,15.0200004578,19.2999992371,56.8699989319,15,27.5100002289,42.0485420227,15.0900001526,11.0666656494,30.5599994659,11.5799999237,35.9599990845,164461,0,0,0,0,0,0,0,0,0,0,0,0,0,0,37996500,19788700,63305600,72531700,15402400,32242500,6101900,39832160,33234400,41284425,11276200,2242600,3851500,14529000
2025-12-08,24.8832416534,23.9173297882,13.5275640488,17.1060771942,51.5407829285,13.531539917,24.949546814,37.2812156677,13.3086395264,9.94457626343,27.4516601562,7.33592176437,32.5226860046,158187,27.5599994659,25.5499992371,14.3500003815,18.25,52.9399986267,14.0900001526,25.3999996185,40.2524261475,14.2399997711,10.0380954742,28.2999992371,10.3299999237,33.2099990845,158187,0,0,0,0,0,0,0,0,0,0,0,0,0,0,27.8099994659,26.3400001526,14.5,18.3799991608,53.2400016785,14.5,25.7399997711,40.8543663025,14.529999733,10.4571418762,28.5799999237,10.6899995804,33.8600006104,159235,27.2299995422,25.3199996948,14.0799999237,18.0499992371,51.6599998474,13.8199996948,25.1000003815,40.0194168091,14,9.96190357208,28.0200004578,10.2299995422,33.0600013733,157369,27.75,26.1299991608,14.1199998856,18.3299999237,53.1800003052,14.4399995804,25.6499996185,40.7281532288,14.1999998093,10.257142067,28.2800006866,10.5,33.5800018311,157369,0,0,0,0,0,0,0,0,0,0,0,0,0,0,4806500,4049800,42127300,34307900,10922400,21011900,3000800,40458400,34816300,26651520,3201800,1537600,2752000,9024100
2025-12-09,25.2534198761,23.9641361237,13.3107452393,16.8811225891,50.8203430176,13.5123319626,25.0281276703,37.2002906799,13.0656452179,9.45395183563,27.6262645721,7.31461715698,32.0036582947,157981,27.9699993134,25.6000003815,14.1199998856,18.0100002289,52.2000007629,14.0699996948,25.4799995422,40.1650466919,13.9799995422,9.5428571701,28.4799995422,10.3000001907,32.6800003052,157981,0,0,0,0,0,0,0,0,0,0,0,0,0,0,28.2000007629,25.9500007629,14.2399997711,18.1299991608,52.6899986267,14.1999998093,25.75,40.2912635803,14.25,9.90476131439,28.7700004578,10.4200000763,33.1399993896,158851,26.7700004578,24.4699993134,13.8900003433,17.5799999237,51.2200012207,13.3000001907,24.5799999237,39.5436897278,13.3999996185,9.42857074738,27.5200004578,9.82999992371,31.9500007629,155188,27.3099994659,25.3600006104,14.1300001144,18.1000003815,52.5299987793,13.9200000763,24.9699993134,40.1650466919,13.9099998474,9.85714244843,27.9400005341,10.25,32.8300018311,158187,0,0,0,0,0,0,0,0,0,0,0,0,0,0,7478700,2546600,29507300,34063400,15113500,18868600,2937300,24725047,34870600,28289415,4441700,1558100,2051300,8703800
2025-12-10,25.6055450439,23.3743934631,13.3955869675,17.1810684204,52.0178337097,12.9745283127,25.2736930847,37.4930648804,13.1030292511,9.42564678192,28.0627765656,7.30041408539,32.6206207275,159075,28.3600006104,24.9699993134,14.2100000381,18.3299999237,53.4300003052,13.5100002289,25.7299995422,38.2912635803,14.0200004578,9.51428508759,28.9300003052,10.279999733,33.3100013733,159075,0,0,0,0,0,0,0,2.172789,0,0,0,0,0,0,28.6399993896,25.8999996185,14.3199996948,18.4200000763,53.5800018311,14.1599998474,26.0799999237,38.4854354858,14.25,9.67619037628,29.2900009155,10.4099998474,33.4500007629,159691,27.9300003052,24.8899993896,14.0100002289,18.0200004578,52.2099990845,13.4600000381,25.3799991608,37.7572822571,13.8900003433,9.41904735565,28.3999996185,10.1199998856,32.5200004578,157628,28.1499996185,25.6499996185,14.1700000763,18.0200004578,52.2799987793,14.1599998474,25.5599994659,38.0582504272,14.0699996948,9.63809490204,28.5499992371,10.4099998474,32.6500015259,157984,0,0,0,0,0,0,0,0,0,0,0,0,0,0,5997700,2434900,23459000,26416600,10755900,20457400,2459600,25643189,37755200,18250260,4535100,828500,1398900,8239900
2025-12-11,25.8764038086,23.2714233398,13.4804286957,17.3779010773,53.3321495056,12.9649238586,25.4603271484,37.4645423889,13.1591043472,9.03880786896,27.9269733429,7.47795295715,33.4921989441,159189,28.6599998474,24.8600006104,14.3000001907,18.5400009155,54.7799987793,13.5,25.9200000763,38.262134552,14.0799999237,9.12380886078,28.7900009155,10.529999733,34.2000007629,159189,0,0,0,0,0,0,0,0,0,0,0,0,0,0,29.1900005341,25.3799991608,14.5500001907,18.7000007629,55.2299995422,13.6999998093,26.2000007629,38.601940155,14.3400001526,9.76190376282,29.2700004578,10.6300001144,34.2000007629,159850,28.2099990845,24.7000007629,14.0600004196,18.1800003052,53.2000007629,13.3100004196,25.6900005341,38.0776672363,13.9399995804,9.10476112366,28.7900009155,10.1099996567,33.0400009155,158098,28.3199996948,25,14.1400003433,18.2299995422,53.4300003052,13.5100002289,25.7299995422,38.2524261475,13.9499998093,9.43809509277,28.8099994659,10.1099996567,33.2700004578,159072,0,0,0,0,0,0,0,0,0,0,0,0,0,0,5363900,1654200,23197900,22571700,9599300,10661000,2215600,21275268,14374900,25851525,3330000,1257900,2074800,7018000
2025-12-12,26.318813324,23.74883461,13.5087089539,17.4903831482,53.8286743164,13.0033388138,25.529083252,37.7972640991,13.4894866943,9.3124256134,27.8299713135,7.74071025848,34.6477775574,160766,29.1499996185,25.3700008392,14.3299999237,18.6599998474,55.2900009155,13.5399999619,25.9899997711,38.601940155,14.1999998093,9.39999961853,28.6900005341,10.8999996185,35.3800010681,160766,0,0,0,0,0,0,0,0,0.227784,0,0,0,0,0,29.3700008392,25.7999992371,14.6599998474,18.7800006866,56,13.9300003052,26.2800006866,38.8932037354,14.2600002289,9.52380943298,29.2000007629,10.9799995422,36.0600013733,161263,28.6800003052,24.7000007629,14.2299995422,18.5200004578,54.6899986267,13.3100004196,25.7399997711,38.2038841248,13.9099998474,9.1428565979,28.6100006104,10.5500001907,34.5499992371,159189,28.6800003052,25,14.3699998856,18.6200008392,54.7700004578,13.5100002289,25.8999996185,38.5436897278,13.970000267,9.21904659271,28.8600006104,10.6400003433,34.8499984741,159189,0,0,0,0,0,0,0,0,0,0,0,0,0,0,8254900,4334600,30560500,29409300,7252300,11665300,2558600,17595593,14679100,19101705,2980000,1096800,3917800,7671200
2025-12-15,26.5355033875,23.1778125763,13.5841236115,17.734085083,54.9677467346,13.3010520935,25.7255363464,38.3676452637,13.7459764481,9.28411960602,27.8881702423,7.69100046158,34.941570282,162482,29.3899993896,24.7600002289,14.4099998474,18.9200000763,56.4599990845,13.8500003815,26.1900005341,39.1844673157,14.470000267,9.37142753601,28.75,10.8299999237,35.6800003052,162482,0,0,0,0,0,0,0,0,0,0,0,0,0,0,29.7000007629,25.8899993896,14.6099996567,19.0799999237,57,14.1999998093,26.4699993134,39.398059845,14.6800003052,9.67619037628,29.0400009155,11.1400003433,36.1899986267,163073,29.2299995422,24.7600002289,14.4099998474,18.8099994659,55.6899986267,13.6499996185,26,38.737865448,14.1499996185,9.36190414429,28.6900005341,10.7700004578,35.3800010681,160766,29.3500003815,25.5100002289,14.5399999619,18.8400001526,55.7999992371,13.75,26,39.0097084045,14.4099998474,9.57142829895,28.9699993134,11,35.5999984741,160766,0,0,0,0,0,0,0,0,0,0,0,0,0,0,11022600,2215300,38100400,22821300,6660700,15494600,1094000,17767809,26299000,18610200,1842100,1649600,2214700,8229000
2025-12-16,25.5694236755,22.5880699158,12.9336700439,17.2466754913,52.0957183838,12.6480035782,24.7039794922,37.3789825439,13.2329959869,8.96332740784,26.8308467865,7.52766466141,33.8055763245,158578,28.3199996948,24.1299991608,13.720000267,18.3999996185,53.5099983215,13.1700000763,25.1499996185,38.1747550964,13.9300003052,9.04761886597,27.6599998474,10.6000003815,34.5200004578,158578,0,0,0,0,0,0,0,0,0,0,0,0,0,0,29.2399997711,24.6700000763,14.3000001907,18.8400001526,55.5999984741,13.6300001144,25.8799991608,39.0388336182,14.2399997711,9.35237979889,28.3999996185,10.7100000381,35.4300003052,162482,28.2099990845,24.0300006866,13.6700000763,18.3600006104,53.5099983215,13.0500001907,25.1499996185,38.1747550964,13.8999996185,8.94285678864,27.6499996185,10.3800001144,34.1500015259,158558,29.2199993134,24.6499996185,14.3000001907,18.7999992371,55.5999984741,13.6199998856,25.8299999237,38.9902915955,14.1700000763,9.24761867523,28.3999996185,10.6000003815,35.3800010681,162482,0,0,0,0,0,0,0,0,0,0,0,0,0,0,6472900,2433200,60275300,30577300,10155500,15918000,2942600,20379168,34608700,15605520,4624600,1344500,2951800,9920300
2025-12-17,25.0728435516,22.4663772583,12.4906053543,17.1060771942,50.3822364807,12.3791017532,24.3700084686,37.0462646484,12.758014679,8.68027496338,26.4137363434,7.29331254959,32.0820007324,157327,27.7700004578,24,13.25,18.25,51.75,12.8900003433,24.8099994659,37.8349494934,13.4300003052,8.76190376282,27.2299995422,10.2700004578,32.7599983215,157327,0,0,0,0,0,0,0,0,0,0,0,0,0,0,28.1800003052,24.8400001526,13.720000267,18.3700008392,53.1899986267,13.1899995804,24.9899997711,38.1941757202,13.8400001526,8.95238018036,27.4899997711,10.5799999237,34.2599983215,158611,27.4200000763,24,13.0699996948,17.8700008392,50.9900016785,12.6400003433,24.5400009155,37.6213607788,13.1999998093,8.64761924744,27.0100002289,10.0500001907,32.6599998474,156351,28.1200008392,24.8400001526,13.6999998093,18.3500003815,53.0099983215,13.0399999619,24.7099990845,37.9611663818,13.8100004196,8.95238018036,27.3500003815,10.5799999237,34.1199989319,158578,0,0,0,0,0,0,0,0,0,0,0,0,0,0,8103900,7476200,132381000,48096300,14692300,13170200,4129300,31625017,28855000,15643110,4648100,1597700,3959600,11344300
2025-12-18,25.1902217865,22.8408164978,12.5377407074,17.1810684204,51.3655395508,12.407913208,24.5664653778,37.2363891602,12.7105169296,8.82180118561,26.4719390869,7.99636793137,32.5716514587,157923,27.8999996185,24.3999996185,13.3000001907,18.3299999237,52.7599983215,12.9200000763,25.0100002289,38.0291252136,13.3800001144,8.90476131439,27.2900009155,11.2600002289,33.2599983215,157923,0,0,0,0,0,0,0,0,0,0,0,0,0,0,28.0400009155,24.6200008392,13.3999996185,18.4699993134,53.0400009155,12.9799995422,25.3500003815,38.1165046692,13.5399999619,8.93333339691,27.4500007629,11.3999996185,33.2700004578,158496,27.5,23.8899993896,13.1300001144,18.0699996948,51.4399986267,12.6800003052,24.6399993896,37.6893196106,13.2899999619,8.70476055145,27.0200004578,10.8400001526,32.6199989319,157124,27.7000007629,24.1499996185,13.1599998474,18.0699996948,51.75,12.9499998093,24.7600002289,37.6893196106,13.4899997711,8.72380924225,27.1000003815,11.1999998093,32.7599983215,157327,0,0,0,0,0,0,0,0,0,0,0,0,0,0,5142400,3707700,38525400,22975800,9506600,5967200,2604900,21898830,18259400,15603315,2969400,16595600,2324300,7800100
2025-12-19,25.280506134,23.2152557373,12.6225824356,17.3404083252,51.3606491089,12.2350463867,24.399477005,37.5786170959,12.872010231,8.72744941711,26.6174411774,8.29463386536,33.0123405457,158473,28,24.7999992371,13.3900003433,18.5,52.2599983215,12.7399997711,24.8400001526,38.3786392212,13.5500001907,8.80952262878,27.4400005341,11.6800003052,33.7099990845,158473,0,0,0,0,0.495023,0,0,0,0,0,0,0,0,0,28.3299999237,24.9200000763,13.4499998093,18.7000007629,53.2200012207,13.1199998856,25.2900009155,38.8349494934,13.720000267,9,27.6599998474,11.7700004578,34.0600013733,159552,27.7600002289,24.3199996948,13.2100000381,18.2700004578,51.8699989319,12.7399997711,24.8400001526,38.0485420227,13.3400001526,8.79047584534,27.0799999237,11.2700004578,33.0200004578,157906,27.8400001526,24.5,13.220000267,18.2999992371,52.2400016785,12.970000267,24.9500007629,38.2038841248,13.3999996185,8.87619018555,27.2900009155,11.3900003433,33.2099990845,157928,0,0,0,0,0,0,0,0,0,0,0,0,0,0,5367200,3243200,39377400,33688200,7955000,8847100,1814300,35446214,13532700,14208075,3273600,6198200,2552800,9946500
2025-12-22,24.981672287,23.3999996185,12.4811792374,17.0967082977,50.6726989746,11.8797121048,23.8788757324,37.6546669006,12.4255275726,8.48213768005,25.8802242279,7.91114854813,32.0900001526,158142,27.3799991608,23.3999996185,13.2399997711,18.2399997711,51.5600013733,12.3699998856,24.3099994659,38.4563102722,13.0799999237,8.56190395355,26.6800003052,11.1400003433,32.0900001526,158142,0.292479,1.584744,0,0,0,0,0,0,0,0,0,0,0.697659,0,27.7199993134,23.5200004578,13.4499998093,18.4899997711,52.3699989319,12.8400001526,25.2000007629,38.5631065369,13.5799999237,8.85714244843,27.5100002289,11.8500003815,33.1399993896,158634,27.2099990845,22.8600006104,13.1899995804,18.1700000763,51.1800003052,12.3599996567,24.3099994659,38.1456298828,12.9600000381,8.53333282471,26.5599994659,11.1400003433,31.8400001526,157306,27.7099990845,23.0599994659,13.3900003433,18.4500007629,52.0200004578,12.8199996948,24.8500003815,38.3203887939,13.5100002289,8.82857131958,27.4400005341,11.7299995422,33.0800018311,158480,0,0,0,0,0,0,0,0,0,0,0,0,0,0,5115300,3599800,25118500,19424900,4724200,5628800,2946700,15858704,15254400,15214500,6350200,7923700,2700800,8424000
2025-12-23,25.6386051178,23.8199996948,12.7545595169,17.2560482025,51.9503250122,12.6384000778,24.7530937195,38.2725830078,12.872010231,8.76519107819,26.6756420135,8.24638175964,33.3300018311,160456,28.1000003815,23.8199996948,13.529999733,18.4099998474,52.8600006104,13.1599998474,25.2000007629,39.0873794556,13.5500001907,8.8476190567,27.5,8.51000022888,33.3300018311,160456,0,0,0,0,0,0,0,0,0,0,0,2.975949,0,0,28.4099998474,23.9200000763,13.6300001144,18.5200004578,53.2000007629,13.2700004578,25.4899997711,39.1747550964,13.5900001526,8.93333339691,27.6599998474,8.67000007629,33.6500015259,160456,27.4099998474,23.4099998474,13.2399997711,18.2800006866,51.7099990845,12.4399995804,24.4099998474,38.5825233459,13.1099996567,8.66666603088,26.75,8.07999992371,32.2200012207,158144,27.4799995422,23.6499996185,13.279999733,18.2900009155,51.7099990845,12.4499998093,24.4500007629,38.6407775879,13.1899995804,8.67619037628,26.8899993896,8.18999958038,32.3699989319,158144,0,0,0,0,0,0,0,0,0,0,0,0,0,0,8893700,1627500,26819000,26477700,3988600,9315300,2260400,10490138,15266600,14595210,3801700,6078900,3013100,6569800
2025-12-26,25.8028411865,24.4599990845,12.9336700439,17.2466754913,51.5473823547,12.6899995804,24.8513183594,38.2849349976,12.9670057297,8.72744941711,26.7144432068,8.78903388977,33.0200004578,160897,28.2800006866,24.4599990845,13.720000267,18.3999996185,52.4500007629,12.6899995804,25.2999992371,39.0999984741,13.6499996185,8.80952262878,27.5400009155,9.06999969482,33.0200004578,160897,0,0,0,0,0,0.5216,0,0,0,0,0,0,0,0,28.3199996948,24.5799999237,13.8299999237,18.4400005341,52.8499984741,12.8199996948,25.3400001526,39.2200012207,13.7100000381,8.82857131958,27.5799999237,9.06999969482,33.25,160913,27.8899993896,23.6599998474,13.4099998474,18.1299991608,52.0299987793,12.5399999619,24.9400005341,38.7099990845,13.3699998856,8.70476055145,27.1900005341,8.39999961853,32.5099983215,159359,28.1000003815,23.8500003815,13.529999733,18.2700004578,52.4500007629,12.6599998474,25.1499996185,39.0200004578,13.4799995422,8.78095245361,27.4699993134,8.55000019073,33.0299987793,160456,0,0,0,0,0,0,0,1.03,0,0,0,0,0,0,2065100,1610600,24322100,18043500,2571800,2488400,788000,12196300,6717500,7410690,1652400,3777000,2178600,4790000
2025-12-29,25.6477298737,24.8199996948,12.9996576309,17.3310337067,51.5375518799,12.4399995804,24.6843357086,38.1674461365,12.8245124817,8.82180118561,26.4816360474,8.46925544739,32.8899993896,160490,28.1100006104,24.8199996948,13.7899999619,18.4899997711,52.4399986267,12.4399995804,25.1299991608,38.9799995422,13.5,8.90476131439,27.2999992371,8.73999977112,32.8899993896,160490,0,0,0,0,0,0,0,0,0,0,0,0,0,0,28.2900009155,24.9500007629,13.8299999237,18.4899997711,52.6300010681,12.7100000381,25.2999992371,39.2700004578,13.6999998093,9,27.5400009155,9.17000007629,33.1899986267,161133,28.0200004578,24.1000003815,13.5900001526,18.2600002289,51.7700004578,12.4300003052,25.0499992371,38.8600006104,13.3699998856,8.73333263397,27.2299995422,8.61999988556,32.3499984741,159702,28.1399993896,24.3799991608,13.5900001526,18.4400005341,52.4000015259,12.6199998856,25.2999992371,39.1800003052,13.6400003433,8.8476190567,27.3700008392,9.06999969482,33.0900001526,160897,0,0,0,0,0,0,0,0,0,0,0,0,0,0,2954200,1999000,24699600,24923600,4830000,3235900,1404100,10657000,13310500,9609180,1635100,3930400,2751400,5605600
2025-12-30,25.8849563599,25.1599998474,13.0939264297,17.4130249023,51.8217697144,12.7600002289,25.1165313721,38.41223526,12.777012825,8.85671138763,26.7333145142,8.59523010254,33.2400016785,161125,28.3700008392,25.1599998474,13.8900003433,18.1900005341,52.5800018311,12.7600002289,25.5699996948,39.2299995422,13.4499998093,8.93999958038,27.25,8.86999988556,33.2400016785,161125,0,0,0,0.385644,0.148376,0,0,0,0,0,0.306542,0,0,0,28.5400009155,25.5900001526,14.0399999619,18.5,53.1699981689,12.9499998093,25.5699996948,39.6699981689,13.7700004578,9.23999977112,27.4799995422,9.06000041962,33.25,162075,28.1000003815,24.8500003815,13.8199996948,18.1900005341,52.5299987793,12.5699996948,25.1700000763,39.1500015259,13.4399995804,8.86999988556,27.0799999237,8.77000045776,32.8300018311,160491,28.3500003815,24.8500003815,13.8299999237,18.3899993896,52.5499992371,12.5699996948,25.3199996948,39.2299995422,13.6199998856,9.21000003815,27.3500003815,8.92000007629,33.0099983215,160491,0,0,0,0,0,0,0,0,0,1.05,0,0,0,0,3554800,3684700,24758000,18087700,4172300,5842600,2691200,13764900,11989300,12866200,2771200,2955400,1490200,5870100
2026-01-02,26.0491886139,25.3899993896,13.0168437958,17.4417381287,51.4373931885,12.4099998474,24.8611431122,38.3516769409,12.7105169296,8.74773597717,26.5272979736,8.39173412323,32.2599983215,160539,28.5499992371,25.3899993896,13.4300003052,18.2199993134,52.1899986267,12.4099998474,25.3099994659,39.1500015259,13.3800001144,8.82999992371,27.0400009155,8.65999984741,32.2599983215,160539,0,0,0.38047,0,0,0,0,0.018182,0,0,0,0,0,0,28.6399993896,25.5,13.720000267,18.4500007629,53.4199981689,12.9099998474,25.9300003052,39.7700004578,13.6899995804,9.11999988556,27.4899997711,8.96000003815,33.5200004578,161957,28.2800006866,24.8500003815,13.3500003815,18.2000007629,52.1199989319,12.4099998474,25.2199993134,39.1500015259,13.2700004578,8.72999954224,27,8.40999984741,31.8999996185,160059,28.6399993896,25.2399997711,13.5900001526,18.3700008392,53.1699981689,12.8299999237,25.9300003052,39.6300010681,13.5600004196,9.03999996185,27.2999992371,8.90999984741,33.4799995422,161124,0,0,0,0,0,0,0,0,0,0,0,0,0,0,7930300,2443900,25030000,19380800,3901500,7625600,1356300,18846800,14265600,11298000,1762300,3004400,1686100,7459400
2026-01-05,26.1313037872,25.0599994659,13.5208473206,18.1786022186,52.8270606995,10.4600000381,25.1459999084,38.9100456238,12.3305301666,8.86661815643,26.8117980957,8.24638175964,31.2999992371,161870,28.6399993896,25.0599994659,13.9499998093,18.9699993134,53.5999984741,10.4600000381,25.6000003815,39.7200012207,12.9799995422,8.94999980927,27.3299999237,8.51000022888,31.2999992371,161870,0,0,0,0.018942,0,0,0,0,0,0,0,0,0,0,28.9699993134,26.1800003052,14.0399999619,18.9699993134,54.2599983215,12.8400001526,25.8500003815,40.1399993896,13.5500001907,9.03999996185,27.6000003815,8.81999969482,32.3499984741,162166,28.1499996185,24.7800006866,13.4899997711,18.1700000763,52,10.3400001526,25.2000007629,39.0600013733,12.4300003052,8.68999958038,26.8799991608,8.31999969482,30.2099990845,160215,28.3999996185,25.4500007629,13.5,18.2000007629,52.2299995422,12.4200000763,25.3199996948,39.2400016785,13.3900003433,8.85999965668,27.0400009155,8.65999984741,32.2700004578,160542,0,0,0,0,0,0,0,0,0,0,0,0,0,0,3747100,3525500,26006500,50153200,5441900,31666100,1785500,24438700,33507300,12352300,4214800,2625400,7636300,7985200
2026-01-06,26.523639679,25.1599998474,14.0539264679,18.2840137482,53.5268249512,10.6899995804,25.3031635284,39.1451530457,12.777012825,9.06475448608,27.1845912933,8.42080497742,30.2999992371,163664,29.0699996948,25.1599998474,14.5,19.0799999237,54.3100013733,10.6899995804,25.7600002289,39.9599990845,13.4499998093,9.14999961853,27.7099990845,8.68999958038,30.2999992371,163664,0,0,0,0,0,0,0,0,0,0,0,0,0,0,29.1700000763,25.5900001526,14.5699996948,19.4300003052,54.9700012207,10.7600002289,26.1700000763,40.4799995422,13.4499998093,9.39000034332,28.2000007629,8.73999977112,31.8199996948,164135,28.6800003052,24.6599998474,14.0200004578,18.9899997711,53.9799995422,10.3100004196,25.5499992371,39.9599990845,12.9300003052,9,27.4899997711,8.52000045776,30.0499992371,161870,28.7600002289,25.3199996948,14.0500001907,19,53.9799995422,10.5799999237,25.7900009155,40.0900001526,13.1000003815,9,27.5799999237,8.52000045776,31.5200004578,161870,0,0,0,0,0,0,0,0,0,0,0,0,0,0,4019800,5033400,31323200,24993300,4560900,21458900,1602300,21959800,19591500,14943300,3807100,1894700,11991500,8412600
2026-01-07,26.249917984,25,13.8406944275,18.05402565,52.4821090698,10.4600000381,24.929901123,38.51820755,12.473025322,9.20345115662,26.782365799,8.28514289856,29.9300003052,161975,28.7700004578,25,14.279999733,18.8400001526,53.25,10.4600000381,25.3799991608,39.3199996948,13.1300001144,9.28999996185,27.2999992371,8.55000019073,29.9300003052,161975,0,0,0,0,0,0,0,0,0,0,0,0,0,0,29.1000003815,25.2399997711,14.6099996567,19.1000003815,54.25,10.6599998474,25.7999992371,39.9799995422,13.4799995422,9.28999996185,27.7999992371,8.72999954224,30.3099994659,163661,28.6599998474,24.6000003815,14.1000003815,18.7000007629,52.5299987793,10.1000003815,25.3799991608,39.1899986267,13.0100002289,8.77000045776,27.2999992371,8.46000003815,29.1499996185,161746,29.1000003815,25.1399993896,14.4899997711,19,53.9099998474,10.6400003433,25.75,39.9000015259,13.3800001144,9.14000034332,27.6700000763,8.69999980927,30.2000007629,163661,0,0,0,0,0,0,0,0,0,0,0,0,0,0,3955000,5836300,28359300,17154200,4471400,30591200,1415900,20894500,15016900,23440400,3086700,2046600,6782700,8846600
2026-01-08,26.3776569366,24.7099990845,13.9376192093,17.7473812103,53.615524292,10.6800003052,25.1656455994,39.1157684326,12.7485160828,9.13410282135,26.9981956482,8.2657623291,30.3199996948,162937,28.9099998474,24.7099990845,14.3800001144,18.5200004578,54.4000015259,10.6800003052,25.6200008392,39.9300003052,13.4200000763,9.22000026703,27.5200004578,8.52999973297,30.3199996948,162937,0,0,0,0,0,0,0,0,0,0,0,0,0,0,29.3799991608,25.2099990845,14.4300003052,18.8899993896,54.4900016785,10.6899995804,25.8600006104,40.0900001526,13.4200000763,9.44999980927,27.7800006866,8.72999954224,30.3199996948,162937,28.6399993896,24.6200008392,14.1199998856,18.4500007629,53,10.3500003815,25.3199996948,39.2299995422,13.0799999237,9.22000026703,27.2999992371,8.51000022888,29.5100002289,161748,28.8099994659,25.0900001526,14.3599996567,18.8400001526,53.0699996948,10.4600000381,25.3899993896,39.3499984741,13.1999998093,9.22000026703,27.2999992371,8.51000022888,29.9500007629,161975,0,0,0,0,0,0,0,0,0,0,0,0,0,0,7186000,5623600,74915400,30919300,6647300,9715100,1397100,17209400,12832200,12980200,2076400,2070000,3359700,8607700
2026-01-09,26.6787471771,23.6900005341,14.0151567459,17.766544342,53.9309120178,10.7899999619,26.0791530609,39.037399292,12.634519577,8.79727077484,28.1460113525,8.09133815765,30.9500007629,163370,29.2399997711,23.6900005341,14.4600000381,18.5400009155,54.7200012207,10.7899999619,26.5499992371,39.8499984741,13.3000001907,8.88000011444,28.6900005341,8.35000038147,30.9500007629,163370,0,0,0,0,0,0,0,0,0,0,0,0,0,0,29.5599994659,24.8099994659,14.8100004196,18.7199993134,55.6899986267,11,26.5599994659,40.2900009155,13.5900001526,9.31000041962,28.7099990845,8.67000007629,31.5499992371,164263,28.8500003815,23.6599998474,14.3500003815,18.4300003052,54.2900009155,10.6499996185,25.4200000763,39.7700004578,13.2399997711,8.82999992371,27.3799991608,8.32999992371,30.2900009155,162638,28.9099998474,24.8099994659,14.3999996185,18.5300006866,54.4000015259,10.7600002289,25.6200008392,39.9300003052,13.5,9.25,27.3899993896,8.51000022888,30.3999996185,162938,0,0,0,0,0,0,0,0,0,0,0,0,0,0,6764200,6340400,51883500,16397800,5274500,11276200,3783400,17023600,10977900,22469000,10477900,1871500,4189900,8301300
2026-01-12,26.852104187,23.6599998474,14.0442333221,17.6323833466,53.2902832031,10.5100002289,26.1479110718,38.6847457886,12.7390146255,8.50006580353,28.2735462189,7.98474597931,30.9200000763,163150,29.4300003052,23.6599998474,14.4899997711,18.3999996185,54.0699996948,10.5100002289,26.6200008392,39.4900016785,13.4099998474,8.57999992371,28.8199996948,8.23999977112,30.9200000763,163150,0,0,0,0,0,0,0,0,0,0,0,0,0,0,29.5599994659,23.8899993896,14.6400003433,18.5100002289,54.5600013733,10.7700004578,26.7800006866,39.9099998474,13.4099998474,8.94999980927,29,8.34000015259,30.9200000763,163493,29.0799999237,23.2999992371,14.2899999619,18.2999992371,53.7599983215,10.4300003052,26.2000007629,39.4900016785,13.0699996948,8.57999992371,28.4300003052,8.13000011444,30.4300003052,162277,29.1399993896,23.7000007629,14.4399995804,18.4599990845,54.4000015259,10.75,26.5699996948,39.8499984741,13.2100000381,8.93000030518,28.5499992371,8.34000015259,30.8500003815,163370,0,0,0,0,0,0,0,0,0,0,0,0,0,0,3987100,2652900,30178100,18972100,4598600,7060900,2622500,10672200,7372100,13347200,4355000,2081200,2264900,6896600
2026-01-13,26.3959026337,23.6700000763,13.8697719574,17.4311447144,52.6200866699,10.2700004578,26.0791530609,38.3712654114,12.5775213242,8.12360572815,28.1460113525,7.90722322464,29.5,161973,28.9300003052,23.6700000763,14.3100004196,18.1900005341,53.3899993896,10.2700004578,26.5499992371,39.1699981689,13.2399997711,8.19999980927,28.6900005341,8.15999984741,29.5,161973,0,0,0,0,0,0,0,0,0,0,0,0,0,0,29.3600006104,23.9899997711,14.4499998093,18.3799991608,54.3100013733,10.5799999237,26.7099990845,39.5699996948,13.4300003052,8.55000019073,28.8299999237,8.22999954224,30.6900005341,163146,28.4899997711,23.0200004578,14.2299995422,18.0599994659,52.7700004578,10.2700004578,26.1299991608,39.1699981689,12.9600000381,8.05000019073,28.2600002289,7.92999982834,29.2700004578,161765,29.3500003815,23.6499996185,14.3599996567,18.3500003815,53.6899986267,10.4600000381,26.4500007629,39.4700012207,13.279999733,8.55000019073,28.6000003815,8.17000007629,30.5699996948,163146,0,0,0,0,0,0,0,0,0,0,0,0,0,0,4612900,3588600,26056900,25752700,7179100,6108100,1919800,17397400,11578500,28401800,4629600,3308800,5127700,9668600
2026-01-14,26.4323978424,24.1599998474,14.2768507004,17.7473812103,53.7140808105,10.4799995422,26.246137619,38.7924957275,12.8435115814,8.3217420578,28.0969581604,8.03319644928,29.2900009155,165146,28.9699993134,24.1599998474,14.7299995422,18.5200004578,54.5,10.4799995422,26.7199993134,39.5999984741,13.5200004578,8.39999961853,28.6399993896,8.28999996185,29.2900009155,165146,0,0,0,0,0,0,0,0,0,0,0,0,0,0,29.1700000763,24.6100006104,14.779999733,18.5200004578,54.6800003052,10.7299995422,26.7900009155,39.6599998474,13.8400001526,8.43999958038,29,8.43000030518,30.0699996948,165147,28.6000003815,23.7299995422,14.3100004196,18.1599998474,53.25,10.3699998856,26.2399997711,39.2200012207,13.3500003815,8.18000030518,28.2700004578,8.14000034332,29.0499992371,161974,28.9799995422,23.8600006104,14.4200000763,18.2999992371,53.7400016785,10.3999996185,26.5499992371,39.4700012207,13.6099996567,8.30000019073,29,8.17000007629,29.9799995422,161974,0,0,0,0,0,0,0,0,0,0,0,0,0,0,3399900,3102400,43356400,31867300,7456700,7550000,1680200,21222100,17605300,20752400,3428300,2581600,3647500,9928900
2026-01-15,26.6969966888,23.8199996948,14.6548528671,18.1115264893,54.2857208252,9.93999958038,26.4917049408,39.1255607605,12.8340110779,8.65857410431,28.8916015625,7.96536493301,27.3700008392,165568,29.2600002289,23.8199996948,15.1199998856,18.8999996185,55.0800018311,9.93999958038,26.9699993134,39.9399986267,13.5100002289,8.73999977112,29.4500007629,8.22000026703,27.3700008392,165568,0,0,0,0,0,0,0,0,0,0,0,0,0,0,29.4699993134,24.5400009155,15.1999998093,19.0699996948,55.2200012207,10.5600004196,27.2900009155,40.2200012207,13.6599998474,9.10000038147,29.4799995422,8.39000034332,29.6399993896,166070,28.7999992371,23.75,14.6300001144,18.5300006866,54.2599983215,9.93999958038,26.5900001526,39.6599998474,13.2600002289,8.39999961853,28.5900001526,8.14000034332,27.2900009155,164833,29.1100006104,24.3700008392,14.7899999619,18.5900001526,54.8499984741,10.5600004196,26.8899993896,39.7999992371,13.6000003815,8.39999961853,28.7800006866,8.30000019073,29.2999992371,165180,0,0,0,0,0,0,0,0,0,0,0,0,0,0,3896100,2600000,51505100,37422400,7038100,11628900,1442000,19093500,10535100,28392200,4720200,1802300,7472900,9406500
2026-01-16,26.2407932281,23.5900001526,14.7711610794,18.1211071014,53.615524292,9.51000022888,26.3148956299,38.8022918701,12.6630182266,8.38118362427,28.5482387543,7.93629360199,26.9200000763,164800,28.7600002289,23.5900001526,15.2399997711,18.9099998474,54.4000015259,9.51000022888,26.7900009155,39.6100006104,13.3299999237,8.46000003815,29.1000003815,8.18999958038,26.9200000763,164800,0,0,0,0,0,0,0,0,0,0,0,0,0,0,29.4599990845,23.9400005341,15.3100004196,19.0699996948,55.2700004578,10.0200004578,27.1499996185,40.0900001526,13.5699996948,8.77999973297,29.7600002289,8.22000026703,27.6100006104,165872,28.7099990845,23.0300006866,15,18.6700000763,54,9.43999958038,26.5599994659,39.4599990845,13.25,8.32999992371,29.0200004578,7.88000011444,26.6200008392,164100,29.3500003815,23.8099994659,15,18.8999996185,55.0800018311,9.96000003815,27.0799999237,39.9700012207,13.5200004578,8.77999973297,29.4599990845,8.17000007629,27.3999996185,165557,0,0,0,0,0,0,0,0,0,0,0,0,0,0,5035600,2997500,46183300,28353400,5636300,13897900,2473800,19742500,8977100,17107700,6456200,3163900,8884900,11489200
2026-01-19,25.9488239288,23.7600002289,14.635468483,18.1115264893,54.0294685364,9.67000007629,26.2657814026,38.7435112,12.7200164795,8.2821149826,28.695394516,7.82001113892,26.8400001526,164849,28.4400005341,23.7600002289,15.1000003815,18.8999996185,54.8199996948,9.67000007629,26.7399997711,39.5499992371,13.3900003433,8.35999965668,29.25,8.06999969482,26.8400001526,164849,0,0,0,0,0,0,0,0,0,0,0,0,0,0,28.8500003815,23.8700008392,15.2700004578,19.0799999237,54.9199981689,9.67000007629,27.0200004578,39.8699989319,13.4899997711,8.5,29.3999996185,8.19999980927,27.25,165155,28.4400005341,23.4599990845,14.9300003052,18.8299999237,54.25,9.43999958038,26.5799999237,39.5299987793,13.2700004578,8.30000019073,28.9599990845,8.05000019073,26.7000007629,164265,28.8500003815,23.6000003815,15.1800003052,18.8999996185,54.25,9.5,26.7900009155,39.7200012207,13.3800001144,8.43000030518,29.0400009155,8.19999980927,26.8799991608,164800,0,0,0,0,0,0,0,0,0,0,0,0,0,0,2568000,1193800,17187300,10581700,2129900,5747300,907500,7190900,3967400,9710200,1514300,1824600,2493900,4804300
2026-01-20,26.0035667419,23.9500007629,14.2186965942,18.370262146,54.3054275513,10.0900001526,26.1773777008,39.1059684753,12.9385070801,8.3217420578,29.0387573242,7.89753341675,27.0499992371,166277,28.5,23.9500007629,14.6700000763,19.1700000763,55.0999984741,10.0900001526,26.6499996185,39.9199981689,13.6199998856,8.39999961853,29.6000003815,8.14999961853,27.0499992371,166277,0,0,0,0,0,0,0,0,0,0,0,0,0,0,28.6900005341,24.3899993896,15.220000267,19.2900009155,55.3600006104,10.279999733,26.7800006866,40.0900001526,13.8500003815,8.82999992371,29.6000003815,8.18000030518,27.4300003052,166468,28.2000007629,23.3500003815,14.4399995804,18.6800003052,54.0800018311,9.52999973297,26.3899993896,39.0699996948,13.2700004578,8.18000030518,28.8700008392,7.80999994278,26.3400001526,163575,28.4400005341,23.7099990845,15.0600004196,18.7800006866,54.9700012207,9.64999961853,26.7399997711,39.3499984741,13.3500003815,8.27000045776,29.2399997711,8.10000038147,26.7099990845,164846,0,0,0,0,0,0,0,0,0,0,0,0,0,0,2288600,2124000,126606100,25010600,5683800,12852300,2735400,20693900,11766900,22970000,3341400,2966000,4822400,8369200
2026-01-21,26.5875091553,24.75,15.0231628418,18.9356479645,56.8975028992,10.8900003433,26.7470932007,40.8202857971,13.7649765015,8.72792339325,29.7843475342,8.197930336,28.0799999237,171817,29.1399993896,24.75,15.5,19.7600002289,57.7299995422,10.8900003433,27.2299995422,41.6699981689,14.4899997711,8.81000041962,30.3600006104,8.46000003815,28.0799999237,171817,0,0,0,0,0,0,0,0,0,0,0,0,0,0,29.2600002289,24.9599990845,15.6599998474,19.8199996948,57.9900016785,10.9799995422,27.2299995422,41.7700004578,14.4899997711,8.82999992371,30.6299991608,8.55000019073,28.0799999237,171969,28.6599998474,24.1599998474,14.8599996567,19.3500003815,55.4700012207,10.2399997711,26.7099990845,40.2400016785,13.7899999619,8.51000022888,29.6499996185,8.22999954224,27.1599998474,166278,28.7999992371,24.2999992371,15,19.3899993896,55.8499984741,10.2700004578,26.9099998474,40.2700004578,13.8699998856,8.65999984741,30.0100002289,8.22999954224,27.4200000763,166278,0,0,0,0,0,0,0,0,0,0,0,0,0,0,5690600,2160300,81358100,74374300,11414100,21039200,3200600,39510800,20969400,16727100,8235800,2883800,4897500,14067700
2026-01-22,27.0967063904,24.9200000763,15.1394720078,19.4531173706,57.4691429138,11.1000003815,26.9140777588,42.2015380859,14.2019586563,8.87652492523,30.1375217438,8.9246969223,29.8600006104,175589,29.3999996185,24.9200000763,15.6199998856,20.2999992371,58.3100013733,11.1000003815,27.3999996185,43.0800018311,14.9499998093,8.96000003815,30.7199993134,9.21000003815,29.8600006104,175589,0.29248,0,0,0,0,0,0,0,0,0,0,0,0,0,29.8299999237,26.0699996948,15.9899997711,20.5799999237,60.1399993896,11.529999733,27.9099998474,43.5699996948,15.2100000381,9.27999973297,31.2399997711,9.38000011444,30.0900001526,177742,28.9500007629,24.3999996185,15.2899999619,19.6900005341,57.6399993896,10.8599996567,27.1800003052,41.9000015259,14.5,8.82999992371,30.1900005341,8.5,28.2299995422,171817,29.0900001526,24.4400005341,15.6000003815,19.7999992371,57.9900016785,11.0100002289,27.4599990845,41.9599990845,14.5,8.85000038147,30.5799999237,8.5,28.4300003052,171817,0,0,0,0,0,0,0,0,0,0,0,0,0,0,9860500,6040800,56650300,56520800,16209600,15489100,5608200,42959700,17194100,24288200,6200600,3531000,7629000,14023500
2026-01-23,27.4377193451,25.4300003052,15.3333187103,19.9226779938,58.2378921509,11.3699998856,27.4248561859,42.6815452576,14.1069631577,9.28270530701,30.6869029999,9.12819194794,28.3500003815,178859,29.7700004578,25.4300003052,15.8199996948,20.7900009155,59.0900001526,11.3699998856,27.9200000763,43.5699996948,14.8500003815,9.36999988556,31.2800006866,9.42000007629,28.3500003815,178859,0,0,0,0,0,0,0,0,0,0,0,0,0,0,30,25.9400005341,16.1399993896,20.9799995422,60.2599983215,11.7399997711,28.1100006104,43.9099998474,15.1499996185,9.42000007629,31.6800003052,9.46000003815,30.25,180532,29.0100002289,24.1399993896,15.3299999237,20.2900009155,58.3199996948,11.25,27.25,43.0400009155,14.6800003052,8.80000019073,30.6700000763,9.11999988556,28.3500003815,175590,29.4599990845,24.4500007629,15.6599998474,20.3400001526,58.3400001526,11.3800001144,27.5300006866,43.1899986267,15.0799999237,9.02000045776,30.7999992371,9.22999954224,29.8600006104,175590,0,0,0,0,0,0,0,0,0,0,0,0,0,0,5308000,3241400,46608800,37158300,11815900,15101000,2109100,41025100,16794300,23389800,4232800,2557100,5786400,11778000
2026-01-26,27.4838008881,25.75,15.1976251602,20.0089225769,59.36145401,11.2600002289,27.4346790314,43.2497215271,14.0119657516,9.38177394867,30.9223518372,9.19602298737,28.2199993134,178721,29.8199996948,25.75,15.6800003052,20.8799991608,60.2299995422,11.2600002289,27.9300003052,44.1500015259,14.75,9.47000026703,31.5200004578,9.48999977112,28.2199993134,178721,0,0,0,0,0,0,0,0,0,0,0,0,0,0,29.9400005341,26.0400009155,15.9099998474,20.9400005341,60.6300010681,11.5,28.1000003815,44.3400001526,15.0500001907,9.57999992371,31.5900001526,9.57999992371,28.6000003815,179543,29.2199993134,25.0200004578,15.3500003815,20.3799991608,58.8899993896,11.1000003815,27.1800003052,43.2799987793,14.4499998093,9.23999977112,30.6800003052,9.23999977112,27.5200004578,177694,29.6200008392,25.6299991608,15.8699998856,20.7800006866,59.4799995422,11.4899997711,28.1000003815,43.5099983215,14.9600000381,9.40999984741,31.2700004578,9.47000026703,28.4200000763,178859,0,0,0,0,0,0,0,0,0,0,0,0,0,0,3164000,2361600,41590300,34782400,11168400,8555700,2167900,25371700,21056700,18407500,5682700,3861200,8510800,9569200
2026-01-27,28.1013088226,26.7600002289,15.662858963,20.5359783173,60.810256958,11.5100002289,28.0535068512,44.39585495,14.4679489136,9.55018997192,31.4521141052,9.29292583466,27.6900005341,181919,30.4899997711,26.7600002289,16.1599998474,21.4300003052,61.7000007629,11.5100002289,28.5599994659,45.3199996948,15.2299995422,9.64000034332,32.0600013733,9.59000015259,27.6900005341,181919,0,0,0,0,0,0,0,0,0,0,0,0,0,0,30.7199993134,27.0499992371,16.25,21.6700000763,62.1399993896,11.6899995804,28.6599998474,46.0699996948,15.4300003052,9.89999961853,32.4300003052,9.77999973297,28.8899993896,183360,29.9300003052,26.2600002289,15.7899999619,21.1599998474,60.6800003052,11.3400001526,28.0799999237,44.6899986267,14.8999996185,9.60999965668,31.7800006866,9.53999996185,27.6499996185,178853,30.0200004578,26.4699993134,15.8500003815,21.1599998474,61.0800018311,11.4899997711,28.0900001526,44.7799987793,15.0399999619,9.69999980927,31.7800006866,9.57999992371,28.6499996185,178853,0,0,0,0,0,0,0,0,0,0,0,0,0,0,4484800,2999300,53356200,34219200,11595100,12641300,4621600,40280000,17144600,16735000,4854500,1238700,5142200,11340800
2026-01-28,28.7280387878,27.3999996185,16.0020923615,20.8138771057,61.3227577209,12.5,28.2401351929,45.3950653076,14.771938324,9.9860906601,31.9818706512,9.40920829773,27.5,184691,31.1700000763,27.3999996185,16.5100002289,21.7199993134,62.2200012207,12.5,28.75,46.3400001526,15.5500001907,10.0799999237,32.5999984741,9.71000003815,27.5,184691,0,0,0,0,0,0,0,0,0,0,0,0,0,0,31.3199996948,27.5400009155,16.6000003815,21.7199993134,62.7900009155,12.6700000763,29.0699996948,46.4199981689,15.8299999237,10.0799999237,33.1100006104,9.93000030518,27.9899997711,185065,30.5,26.6700000763,16.0599994659,21.3299999237,61.0699996948,11.6499996185,28.5900001526,45.6300010681,15.3299999237,9.68000030518,32.0299987793,9.51000022888,27,181921,30.5599994659,26.9400005341,16.2399997711,21.5,62.0900001526,11.6800003052,28.6900005341,45.6399993896,15.3500003815,9.73999977112,32.2799987793,9.64000034332,27.7600002289,181921,0,0,0,0,0,0,0,0,0,0,0,0,0,0,5974100,2318700,48570900,31338800,7986400,19404700,2090400,36337500,16311000,20719000,8568000,2690000,6688100,11856200
2026-01-29,28.3685913086,27.0400009155,16.1668624878,20.5455608368,60.0907821655,12.0200004578,27.8177623749,45.2089347839,14.5344467163,9.62944507599,32.0309257507,9.399518013,27.3299999237,183134,30.7800006866,27.0400009155,16.6800003052,21.4400005341,60.9700012207,12.0200004578,28.3199996948,46.1500015259,15.3000001907,9.72000026703,32.6500015259,9.69999980927,27.3299999237,183134,0,0,0,0,0,0,0,0,0,0,0,0,0,0,31.5100002289,27.7000007629,16.8199996948,22.0200004578,62.75,12.75,29.1299991608,47.0499992371,15.7600002289,10.4399995804,33.1800003052,9.93999958038,28.1800003052,186450,30.3400001526,26.3500003815,16.2199993134,21.1599998474,59.8699989319,11.8699998856,28.0799999237,45.6500015259,15.0699996948,9.47999954224,32.1599998474,9.47999954224,27.2900009155,181567,31.1700000763,27.5699996948,16.6800003052,21.8400001526,62.75,12.7399997711,29.0400009155,46.6800003052,15.7100000381,10.3299999237,32.9599990845,9.76000022888,27.7099990845,184692,0,0,0,0,0,0,0,0,0,0,0,0,0,0,6837800,2373300,118557100,31208200,20184000,25652900,2572700,36252700,17211700,28116600,5179800,1644700,5756600,12945700
2026-01-30,28.4791908264,26.7399997711,15.6531648636,20.4209823608,59.0854911804,11.9300003052,27.9945697784,44.5721855164,14.1829605103,9.69879245758,32.3154258728,9.51580047607,28.1800003052,181364,30.8999996185,26.7399997711,16.1499996185,21.3099994659,59.9500007629,11.9300003052,28.5,45.5,14.9300003052,9.78999996185,32.9399986267,9.81999969482,28.1800003052,181364,0,0,0,0,0,0,0,0,0,0,0,0,0,0,31.2199993134,27.3899993896,16.8999996185,21.6399993896,61.1300010681,12.3699998856,28.75,46.3800010681,15.5900001526,10,33.2900009155,9.84000015259,28.2900009155,183620,30.5300006866,26.3600006104,16.0400009155,21.0499992371,59.3600006104,11.7399997711,28.1399993896,44.9799995422,14.7100000381,9.57999992371,32.3600006104,9.60999965668,27.1000003815,180089,30.7000007629,26.9799995422,16.6800003052,21.4400005341,61,11.9200000763,28.4099998474,46.0900001526,15.279999733,9.57999992371,32.4300003052,9.68000030518,27.3899993896,183133,0,0,0,0,0,0,0,0,0,0,0,0,0,0,6516300,2873600,55423600,26351100,7466500,9342100,2010000,38117000,18669900,19854300,6156600,1955200,6046100,11105300
2026-02-02,28.8202037811,26.1900005341,15.8470134735,20.6797199249,60.2386169434,12.4499998093,28.0829753876,44.9624061584,14.2969551086,9.73841953278,32.2467536926,9.85495948792,28.5699996948,182793,31.2700004578,26.1900005341,16.3500003815,21.5799999237,61.1199989319,12.4499998093,28.5900001526,45.8800010681,15.0500001907,9.82999992371,32.8699989319,10.1700000763,28.5699996948,182793,0,0,0,0,0,0,0,0.018182,0,0,0,0,0,0,31.4400005341,26.9899997711,16.6100006104,21.6000003815,61.4900016785,12.5,28.7999992371,46.0999984741,15.0799999237,9.88000011444,33.3400001526,10.1700000763,28.7000007629,182890,30.7999992371,25.8600006104,16.2399997711,21.3099994659,60.2200012207,11.9399995804,28.3400001526,45.4300003052,14.7100000381,9.63000011444,32.7400016785,9.78999996185,27.75,181348,30.8999996185,26.8400001526,16.2600002289,21.3799991608,60.8300018311,12,28.5,45.7900009155,14.8999996185,9.77999973297,33.1500015259,9.78999996185,27.8999996185,181369,0,0,0,0,0,0,0,0,0,0,0,0,0,0,5405300,2850100,35903500,25109800,11794800,13042700,3431800,28095400,11195400,14726400,5053600,2033400,5460300,8740500
2026-02-03,29.1704330444,26.4099998474,15.943939209,20.793800354,60.3371772766,12.5,28.1615562439,45.2172088623,14.8099365234,10.0257177353,32.3939094543,9.9421710968,28.8199996948,185674,31.6499996185,26.4099998474,16.4500007629,21.6800003052,61.2200012207,12.5,28.6700000763,46.1399993896,15.5900001526,10.1199998856,33.0200004578,10.2600002289,28.8199996948,185674,0,0,0,0.018942,0,0,0,0,0,0,0,0,0,0,31.9899997711,26.7000007629,16.7800006866,22.1200008392,62.9900016785,13.0900001526,29.0499992371,46.9799995422,15.6800003052,10.2700004578,33.5600013733,10.4499998093,29.2199993134,187334,31.4599990845,26.0499992371,16.25,21.5699996948,60.9599990845,12.4300003052,28.4400005341,45.8899993896,15.2700004578,9.97000026703,32.8600006104,10.1800003052,28.3500003815,182816,31.4899997711,26.5300006866,16.5900001526,21.7999992371,62.1399993896,12.6700000763,28.7800006866,46.2999992371,15.2700004578,10.0699996948,33.3499984741,10.3400001526,28.8999996185,182816,0,0,0,0,0,0,0,0,0,0,0,0,0,0,9378500,2457700,42608900,24905100,11319800,14155600,3048100,48570600,12707500,22715700,5192900,1563600,8408900,10758800
2026-02-04,28.5805721283,25.4500007629,15.2848577499,20.1224136353,57.3607254028,12.470000267,27.6016635895,43.7276000977,14.439450264,9.63935089111,32.2859954834,9.82588863373,28.6000003815,181708,31.0100002289,25.4500007629,15.7700004578,20.9799995422,58.2000007629,12.470000267,28.1000003815,44.6199989319,15.1999998093,9.72999954224,32.9099998474,10.1400003433,28.6000003815,181708,0,0,0,0,0,0,0,0,0,0,0,0,0,0,31.5699996948,26.3600006104,16.4400005341,21.4200000763,60.9300003052,12.8500003815,28.5,45.9799995422,15.5500001907,10.1700000763,33.1199989319,10.2899999619,28.8600006104,185671,30.5699996948,25.2099990845,15.6499996185,20.6599998474,57.6100006104,12.1599998474,27.7199993134,44.0499992371,15.0200004578,9.65999984741,32.3199996948,9.93000030518,28.1599998474,180269,31.5499992371,26.2000007629,16.3199996948,21.2800006866,60.75,12.3599996567,28.5,45.9000015259,15.4799995422,10,33.0099983215,10.25,28.8099994659,185671,0,0,0,0,0,0,0,0,0,0,0,0,0,0,5376600,2114300,35678700,46217700,14129300,12032100,2777600,48683500,9485300,21355600,5127400,2439700,4882100,10728100
2026-02-05,29.004535675,24.7099990845,15.7597827911,20.2854633331,58.1294784546,12.6599998474,28.0829753876,44.6096038818,14.439450264,9.56009674072,32.4037208557,9.82588863373,29.1100006104,182127,31.4699993134,24.7099990845,16.2600002289,21.1499996185,58.9799995422,12.6599998474,28.5900001526,45.5200004578,15.1999998093,9.64999961853,33.0299987793,10.1400003433,29.1100006104,182127,0,0,0,0,0,0,0,0,0,0,0,0,0,0,31.9799995422,25.5499992371,16.2800006866,21.2700004578,59.4700012207,13.0399999619,28.8999996185,45.8800010681,15.6599998474,9.93999958038,33.5999984741,10.1400003433,29.7600002289,184017,30.9699993134,24.6000003815,15.8299999237,20.4500007629,58.0800018311,12.529999733,28.0799999237,44.7400016785,15.1999998093,9.64999961853,32.9099998474,10.1400003433,28.6000003815,181569,31.0100002289,25.3600006104,15.8999996185,21.1000003815,58.5999984741,12.5500001907,28.0900001526,45.2400016785,15.279999733,9.77999973297,33,10.1400003433,28.6000003815,181709,0,0,0,0,0,0,0,0,0,0,0,0,0,0,5576800,4184200,53976900,61032100,15395500,8518000,1818000,36014400,9262400,13183300,4032400,0,4344500,9832100
2026-02-06,29.1059131622,24.8199996948,16.5157871246,19.767539978,59.4008750916,13.0399999619,28.1320877075,45.8150062561,14.724439621,10.1049728394,32.7470855713,9.82588863373,29.1499996185,182950,31.5799999237,24.8199996948,17.0400009155,20.6100006104,60.2700004578,13.0399999619,28.6399993896,46.75,15.5,10.1999998093,33.3800010681,10.1400003433,29.1499996185,182950,0,0,0,0,0,0,0,0,0,0,0,0,0,0,31.7299995422,25.1000003815,17.0900001526,20.7000007629,60.7400016785,13.3299999237,28.7800006866,46.9399986267,15.5699996948,10.1999998093,33.5699996948,10.1400003433,29.5200004578,183262,30.9500007629,24.2999992371,16.3799991608,19.8299999237,59.0200004578,12.6499996185,28.2600002289,45.1100006104,15.0699996948,9.23999977112,32.5999984741,10.1400003433,28.7399997711,181391,31.5,24.7999992371,16.4500007629,20,59.0499992371,12.8999996185,28.4799995422,45.5900001526,15.25,9.64999961853,33.1100006104,10.1400003433,29.25,182128,0,0,0,0,0,0,0,0,0,0,0,0,0,0,6134700,1672900,62490400,94063600,8950000,15930800,1499800,38175900,10041900,35563900,4917300,0,4222500,9896700
2026-02-09,29.0413990021,25.6800003052,17.0779457092,20.0552749634,59.3318862915,13.0200004578,28.5249958038,47.3438034058,14.6484422684,10.8677997589,33.0806388855,9.82588863373,28.9400005341,186241,31.5100002289,25.6800003052,17.6200008392,20.9099998474,60.2000007629,13.0200004578,29.0400009155,48.3100013733,15.4200000763,10.970000267,33.7200012207,10.1400003433,28.9400005341,186241,0,0,0,0,0,0,0,0,0,0,0,0,0,0,31.7399997711,25.7399997711,17.7000007629,20.9400005341,60.2700004578,13.1999998093,29.1200008392,48.4000015259,15.6700000763,10.970000267,33.8800010681,10.1400003433,29.2199993134,186460,31.3500003815,24.7999992371,16.9200000763,20.3299999237,58.5400009155,12.8100004196,28.6399993896,46.7400016785,15.220000267,10.0500001907,33.3899993896,10.1400003433,28.3199996948,182950,31.6499996185,25,17.0499992371,20.8199996948,59.8600006104,13.1199998856,28.6399993896,47,15.5399999619,10.2600002289,33.3899993896,10.1400003433,29.2000007629,182950,0,0,0,0,0,0,0,0,0,0,0,0,0,0,5221700,2949900,24451100,40230200,19528000,6812600,2024900,41656900,16152000,23799100,4058600,0,2980000,8921800
2026-02-10,28.8386383057,25.8500003815,16.9131717682,20.0648651123,58.0900535583,12.6000003815,28.4857025146,47.4516029358,14.315955162,10.5012464523,32.9923439026,9.50611114502,29.1000003815,185929,31.2900009155,25.8500003815,17.4500007629,20.9200000763,58.9399986267,12.6000003815,29,48.4199981689,15.0699996948,10.6000003815,33.6300010681,9.81000041962,29.1000003815,185929,0,0,0,0,0,0,0,0,0,0,0,0,0,0,31.6299991608,26.25,17.6299991608,21.1800003052,61.1199989319,13.0799999237,29.2399997711,49.1899986267,15.5200004578,11.029999733,33.9700012207,10.0200004578,29.1000003815,186959,31.0699996948,25.2700004578,17.0799999237,20.75,58.1300010681,12.5500001907,28.5799999237,48.1899986267,15.0699996948,10.5600004196,33.2599983215,9.67000007629,28.3099994659,185083,31.4799995422,25.7199993134,17.3199996948,20.8799991608,60.1800003052,13,29.0400009155,48.3100013733,15.4200000763,10.8599996567,33.7099990845,9.89999961853,28.9400005341,186241,0,0,0,0,0,0,0,0,0,0,0,0,0,0,3837600,2742500,55278200,25521200,11375400,6843600,1764100,43939300,14010000,15416300,4521400,1082500,2505400,10298000
2026-02-11,29.0690536499,25.7399997711,16.7580966949,20.6595249176,58.3561592102,12.8699998856,28.7116241455,48.3826065063,14.5059480667,10.996588707,33.1493110657,9.59332275391,29.75,189699,31.5400009155,25.7399997711,17.2900009155,21.5400009155,59.2099990845,12.8699998856,29.2299995422,49.3699989319,15.2700004578,11.1000003815,33.7900009155,9.89999961853,29.75,189699,0,0,0,0,0,0,0,0,0,0,0,0,0,0,31.7000007629,26.7000007629,17.6800003052,21.6000003815,60.0800018311,13.220000267,29.4699993134,49.6699981689,15.4799995422,11.1599998474,34.0400009155,10,29.9400005341,190561,31.2900009155,25.6200008392,17.1399993896,21.0200004578,58.7000007629,12.7600002289,29.0400009155,48.5999984741,15.25,10.720000267,33.6800003052,9.77000045776,29.25,185936,31.6200008392,26.0499992371,17.6000003815,21.1800003052,59.1899986267,12.8100004196,29.2900009155,48.7999992371,15.279999733,10.8199996948,34,9.81000041962,29.3999996185,185936,0,0,0,0,0,0,0,0,0,0,0,0,0,0,6022900,3446900,46555200,50967100,15363700,10056300,1740800,45819200,17261600,16601200,3409800,1825700,3195300,11642200
2026-02-12,28.709602356,25.0200004578,16.8259429932,20.3621921539,57.6563987732,12.720000267,28.6035747528,47.2752113342,14.3349542618,10.0554380417,32.6686019897,9.8743391037,29.8999996185,187766,31.1499996185,25.0200004578,17.3600006104,21.2299995422,58.5,12.720000267,29.1200008392,48.2400016785,15.0900001526,10.1499996185,33.2999992371,10.1899995804,29.8999996185,187766,0,0,0,0,0,0,0,0,0,0,0,0,0,0,31.7600002289,25.8799991608,17.4899997711,21.6200008392,59.4599990845,13.0200004578,29.2600002289,49.0999984741,15.470000267,11.1199998856,33.9199981689,10.4600000381,30.1200008392,189990,30.8899993896,24.6499996185,17.1100006104,21.2299995422,58.2599983215,12.5699996948,28.5499992371,47.8699989319,14.8900003433,10.1400003433,33.0999984741,9.90999984741,29.4899997711,186959,31.5400009155,25.7399997711,17.1900005341,21.3899993896,58.8899993896,12.9099998474,29.2199993134,49.0499992371,15.2700004578,11.0100002289,33.6399993896,10.25,29.7000007629,189694,0,0,0,0,0,0,0,0,0,0,0,0,0,0,6992500,3070000,39912500,32620300,10400400,4966600,3578600,42023800,11079900,26023100,3307100,3331500,2690200,12361300
2026-02-13,28.2672080994,24.4799995422,16.9228649139,20.1128196716,58.730682373,12.8599996567,27.9258136749,46.8146057129,14.581946373,10.1346931458,32.1584587097,10.0487642288,29.7999992371,186464,30.6700000763,24.4799995422,17.4599990845,20.9699993134,59.5900001526,12.8599996567,28.4300003052,47.7700004578,15.3500003815,10.2299995422,32.7799987793,10.3699998856,29.7999992371,186464,0,0,0,0,0,0,0,0,0,0,0,0,0,0,30.8500003815,25.0200004578,17.6100006104,21.1200008392,59.5900001526,12.8599996567,28.9599990845,48.0699996948,15.3599996567,10.3599996567,33.1599998474,10.3699998856,29.9300003052,187766,30.1800003052,24.4500007629,17.0799999237,20.4099998474,57.3600006104,12.220000267,27.9599990845,46.5999984741,14.6599998474,9.77000045776,32.2799987793,9.85000038147,28.8700008392,183662,30.8400001526,24.7700004578,17.1800003052,20.9899997711,58.1300010681,12.5100002289,28.6100006104,48.0699996948,14.8900003433,9.89000034332,32.9599990845,10.1899995804,29.3799991608,187766,0,0,0,0,0,0,0,0,0,0,0,0,0,0,8374900,3263500,38407300,45493100,13019500,7892900,2910700,32353500,10168000,19363800,6272400,2668600,2625300,11594000
2026-02-18,28.5068435669,24.7399997711,17.0682525635,20.0552749634,59.4501533508,12.970000267,28.1615562439,47.0302047729,14.724439621,10.1842269897,32.5116348267,10.2716388702,30.3999996185,186016,30.9300003052,24.7399997711,17.6100006104,20.9099998474,60.3199996948,12.970000267,28.6700000763,47.9900016785,15.5,10.279999733,33.1399993896,10.6000003815,30.3999996185,186016,0,0,0,0,0,0,0,0,0,0,0,0,0,0,31.25,25.1299991608,17.75,21.1700000763,61.1500015259,13.1700000763,28.7800006866,48.4199981689,15.6099996567,10.4200000763,33.3499984741,10.9099998474,30.5,187657,30.5400009155,24.5499992371,17.4599990845,20.7000007629,59.5999984741,12.8500003815,27.8600006104,47.5200004578,15.3299999237,10.1400003433,32.7000007629,10.3299999237,29.6000003815,185001,30.7999992371,24.5799999237,17.4799995422,21.0499992371,60.2000007629,13,28.2000007629,48.0699996948,15.3800001144,10.2299995422,32.9500007629,10.3699998856,29.7999992371,186464,0,0,0,0,0,0,0,0,0,0,0,0,0,0,6574200,1645800,38351500,28450400,7790400,3824400,2102900,23368500,6374200,10535300,2476700,3523000,2333500,7790700
2026-02-19,29.1612148285,25.4200000763,17.2039432526,20.4581069946,60.9580917358,13.2899999619,28.5642852783,47.5790061951,14.8099365234,10.4814329147,33.3062744141,10.291018486,31.3400001526,188534,31.6399993896,25.4200000763,17.75,21.3299999237,61.8499984741,13.2899999619,29.0799999237,48.5499992371,15.5900001526,10.5799999237,33.9500007629,10.6199998856,31.3400001526,188534,0,0,0,0,0,0,0,0,0,0,0,0,0,0,31.6399993896,25.4899997711,17.9500007629,21.5,61.8499984741,13.3000001907,29.3799991608,49.1699981689,15.6999998093,10.8299999237,34.0499992371,10.6499996185,31.6299991608,188687,30.7299995422,24.7399997711,17.4899997711,20.7999992371,60.3899993896,12.9099998474,28.5100002289,47.9300003052,15.4200000763,10.25,33.0600013733,10.3900003433,30.5100002289,185928,31.1499996185,24.7700004578,17.6000003815,20.9099998474,60.3899993896,12.970000267,28.6700000763,48.0999984741,15.5,10.2899999619,33.3400001526,10.6499996185,30.7199993134,186020,0,0,0,0,0,0,0,0,0,0,0,0,0,0,4591400,2933700,33377000,42690400,7157700,7223900,1897300,32026400,16946300,15969100,4268100,2008400,6599100,9228700
2026-02-20,29.6565551758,26.1399993896,17.5237941742,20.8705291748,61.2833328247,13.0799999237,28.9481372833,48.2453994751,14.8194360733,10.699382782,33.4926757812,10.3394699097,30.75,190534,31.8799991608,26.1399993896,18.0799999237,21.7600002289,62.1800003052,13.0799999237,29.2999992371,49.2299995422,15.6000003815,10.8000001907,34.1399993896,10.6700000763,30.75,190534,0.292479,0,0,0,0,0,0.16852,0,0,0,0,0,0,0,31.8899993896,26.2900009155,18.1900005341,21.8500003815,62.4199981689,13.1800003052,29.2999992371,49.2900009155,15.6800003052,10.8699998856,34.4199981689,10.6999998093,31.1599998474,190727,30.9300003052,24.9799995422,17.4500007629,21.0400009155,60.8699989319,12.5699996948,28.6599998474,48.0200004578,15.3199996948,10.3800001144,33.5699996948,10.2700004578,30.5300006866,186700,31,25.1900005341,17.5400009155,21.0900001526,60.9900016785,13.1300001144,28.8700008392,48.0499992371,15.5100002289,10.470000267,33.9500007629,10.4499998093,30.8999996185,188531,0,0,0,0,0,0,0,0,0,0,0,0,0,0,4130100,2171100,28265400,36313800,5465400,10184300,1745800,31655900,10920700,15490100,5571000,1668500,1831500,9988100
2026-02-23,29.554227829,26.1800003052,17.3105621338,20.3621921539,59.7359733582,12.8800001144,28.8295822144,46.5010070801,14.7529382706,10.2733888626,33.4043807983,10.1262845993,30.25,188854,31.7700004578,26.1800003052,17.8600006104,21.2299995422,60.6100006104,12.8800001144,29.1800003052,47.4500007629,15.529999733,10.3699998856,34.0499992371,10.4499998093,30.25,188854,0,0,0,0,0,0,0,0,0,0,0,0,0,0,31.8700008392,26.2600002289,17.9799995422,21.75,62.3400001526,13.1199998856,29.3500003815,48.8899993896,15.5500001907,10.8699998856,34.2000007629,10.6700000763,30.7000007629,191003,31.5,25.7299995422,17.6599998474,21.1499996185,60.3699989319,12.75,28.9099998474,47.2900009155,15.3900003433,10.3199996948,33.7599983215,10.3000001907,29.3700008392,188526,31.7800006866,25.7700004578,17.8500003815,21.6299991608,62.1899986267,13.0600004196,29.25,48.7999992371,15.470000267,10.6999998093,34.1699981689,10.6700000763,30.5,190532,0,0,0,0,0,0,0,0,0,0,0,0,0,0,2860900,1940700,33070600,37464600,6658000,6453200,1996600,34148200,7981700,17659300,3079600,1875500,2560200,9901300
2026-02-24,29.8054008484,26.5200004578,17.6594848633,20.5252456665,60.2681884766,12.6499996185,29.0765781403,47.2066001892,15.0854263306,10.0356254578,34.1892127991,9.91310024261,31.8999996185,191490,32.0400009155,26.5200004578,18.2199993134,21.3999996185,61.1500015259,12.6499996185,29.4300003052,48.1699981689,15.8800001144,10.1300001144,34.8499984741,10.2299995422,31.8999996185,191490,0,0,0,0,0,0,0,0,0,0,0,0,0,0,32.4799995422,26.6900005341,18.3199996948,21.5100002289,61.2599983215,13,29.5799999237,48.3499984741,15.970000267,10.5399999619,34.8699989319,10.5799999237,32,191781,31.7999992371,26.0499992371,17.7999992371,21.0499992371,60.0299987793,12.3999996185,29.1200008392,47.25,15.5399999619,10.1000003815,34.0900001526,10.2299995422,30.1599998474,188855,31.8999996185,26.1700000763,17.8700008392,21.3199996948,60.9900016785,12.9899997711,29.3299999237,47.6399993896,15.6000003815,10.4499998093,34.1699981689,10.529999733,30.3199996948,188855,0,0,0,0,0,0,0,0,0,0,0,0,0,0,7035500,1859800,33547600,30613800,8188300,11382700,4633600,38465900,29336200,19247800,4638900,2619500,4556100,11037300
2026-02-25,29.8891201019,26.2299995422,17.5819454193,20.3046474457,60.9088134766,12.8299999237,29.0864601135,46.8342056274,14.9904298782,9.40158748627,34.2088317871,9.81619739532,32,191248,32.1300010681,26.2299995422,18.1399993896,21.1700000763,61.7999992371,12.8299999237,29.4400005341,47.7900009155,15.779999733,9.48999977112,34.8699989319,10.1300001144,32,191248,0,0,0,0,0,0,0,0,0,0,0,0,0,0,32.3400001526,27.25,18.5400009155,21.5900001526,61.8400001526,13.4499998093,29.7700004578,48.5,16.25,10.2700004578,35.3499984741,10.3400001526,32.1899986267,192624,31.8700008392,26.1299991608,18.0699996948,21.0699996948,60.5,12.3299999237,29.25,47.0699996948,15.6899995804,9.40999984741,34.5900001526,10,31.5499992371,190419,32.3400001526,26.6599998474,18.2199993134,21.5799999237,61.5,12.9499998093,29.5599994659,48.3400001526,15.9799995422,10.25,35,10.25,31.8999996185,191491,0,0,0,0,0,0,0,0,0,0,0,0,0,0,3699000,2993700,29596100,34124600,8997900,19533300,2982800,28980200,13544800,25004500,5583100,2185700,3078800,9134900
2026-02-26,30.5868167877,26.5200004578,17.3977928162,20.1224136353,61.1453514099,13.2700004578,29.4915351868,46.7166061401,15.2469186783,9.49074935913,35.1212005615,9.93248081207,32.3499984741,191005,32.8800010681,26.5200004578,17.9500007629,20.9799995422,62.0400009155,13.2700004578,29.8500003815,47.6699981689,16.0499992371,9.57999992371,35.7999992371,10.25,32.3499984741,191005,0,0,0,0,0,0,0,0,0,0,0,0,0,0,32.8800010681,27.2800006866,18.3600006104,21.3799991608,62.6399993896,13.5200004578,30.1299991608,48.1500015259,16.1499996185,9.68999958038,35.9599990845,10.3999996185,32.6599998474,191978,32.0999984741,26.2299995422,17.8400001526,20.7000007629,61.25,12.8699998856,29.3199996948,47.1599998474,15.8000001907,9.47000026703,34.9599990845,10.0399999619,31.8099994659,188977,32.1300010681,26.2299995422,18.1499996185,21.1900005341,61.9500007629,12.8699998856,29.4300003052,47.7900009155,15.8000001907,9.51000022888,35.2599983215,10.2700004578,32.0200004578,191248,0,0,0,0,0,0,0,0,0,0,0,0,0,0,7988100,3134900,24570400,40191400,11718500,10325600,2309400,26516600,16987800,12048700,4425600,2732000,3286600,8797400
2026-02-27,30.4100666046,26.1700000763,17.3493270874,20.2854633331,60.3765983582,12.9399995804,28.8690986633,45.8444061279,14.8004360199,9.26289176941,34.5325737,9.71929550171,31.1499996185,188787,32.6899986267,26.1700000763,17.8999996185,21.1499996185,61.2599983215,12.9399995804,29.2199993134,46.7799987793,15.5799999237,9.35000038147,35.2000007629,10.029999733,31.1499996185,188787,0,0,0,0,0,0,0,0,0,0,0,0,0,0,32.7299995422,26.5,18.3600006104,21.8999996185,62.25,13.1800003052,29.7999992371,47.6199989319,16.1100006104,9.64999961853,35.7000007629,10.2700004578,32.4399986267,191005,32.25,25.9200000763,17.8299999237,21.1200008392,60.7999992371,12.8100004196,29.0699996948,46.2799987793,15.5799999237,9.35000038147,34.9900016785,9.92000007629,31.1499996185,188478,32.6599998474,26.3199996948,18.0499992371,21.5,61.8899993896,13.1199998856,29.4899997711,47.5999984741,15.9399995804,9.47999954224,35.4099998474,10.1499996185,32.1599998474,191005,0,0,0,0,0,0,0,0,0,0,0,0,0,0,4813600,1820200,50947300,69034600,10421600,8218200,3235600,44765800,9657900,11244700,5524100,1905300,6839700,11002300
2026-03-02,29.9821472168,26.4400005341,17.9211788177,20.3621921539,60.2090530396,12.7700004578,28.5924625397,45.0191040039,14.7434387207,9.10438156128,33.4632453918,9.70960617065,30.8299999237,189307,32.2299995422,26.4400005341,18.4899997711,21.2299995422,61.0900001526,12.7700004578,28.9400005341,45.9199981689,15.5200004578,9.18999958038,34.1100006104,10.0200004578,30.8299999237,189307,0,0,0,0,0,0,0,0.018182,0,0,0,0,0,0,32.5099983215,26.9799995422,18.6299991608,21.3600006104,61.6899986267,12.9499998093,29.1000003815,46.3300018311,15.6999998093,9.35000038147,34.9900016785,10.0900001526,31.3199996948,190110,31.6599998474,25.1900005341,17.4899997711,20.5,59.2700004578,12.4399995804,28.3799991608,45.5800018311,15.1000003815,8.89000034332,33.9500007629,9.60999965668,30.4699993134,186638,32.3199996948,25.7999992371,17.5699996948,20.9500007629,60.5699996948,12.6899995804,28.8999996185,45.8300018311,15.3000001907,9.05000019073,34.5900001526,9.94999980927,30.8899993896,188786,0,0,0,0,0,0,0,0,0,0,0,0,0,0,4215300,2993000,33357000,32108900,7548900,6561600,1982400,47144000,6278400,17947600,7252200,3441600,2407300,9090200
2026-03-03,29.1821289062,25.1200008392,17.0004062653,19.3916015625,56.6806755066,12.0900001526,27.8811092377,43.509311676,14.2114601135,8.9161529541,32.4233398438,9.14757156372,30.8299999237,183105,31.3700008392,25.1200008392,17.5400009155,20.2000007629,57.5099983215,12.0900001526,28.2199993134,44.3800010681,14.9600000381,9,33.0499992371,9.43999958038,30.8299999237,183105,0,0,0,0.018942,0,0,0,0,0,0,0,0,0,0,31.8799991608,25.6700000763,17.8700008392,20.5,59,12.4099998474,28.5900001526,44.8699989319,15.1800003052,9.17000007629,33.6800003052,9.69999980927,31.2399997711,189602,30.8600006104,24.5300006866,17.1299991608,19.9200000763,55.9099998474,11.6899995804,27.1000003815,43.4399986267,14.4499998093,8.55000019073,32.3800010681,9.31999969482,29.1200008392,180518,31.8299999237,25.4400005341,17.7600002289,20.4099998474,58.4700012207,12.4099998474,28,44.2200012207,14.8500003815,8.84000015259,32.5,9.56999969482,29.8999996185,189284,0,0,0,0,0,0,0,0,0,0,0,0,0,0,7579700,4000000,70126200,57300000,21363700,15002900,4332300,54352300,17579900,23872900,6761200,3687600,5740300,14367500
2026-03-04,29.7867946625,25.5100002289,17.6013317108,19.6699905396,59.0263557434,12.1400003433,28.4837837219,44.1269569397,14.4014511108,9.44121456146,32.9923439026,9.31230640411,31.3500003815,185366,32.0200004578,25.5100002289,18.1599998474,20.4899997711,59.8899993896,12.1400003433,28.8299999237,45.0099983215,15.1599998474,9.52999973297,33.6300010681,9.60999965668,31.3500003815,185366,0,0,0,0,0,0,0,0,0,0,0,0,0,0,32.1899986267,25.7900009155,18.2800006866,20.6900005341,60.6800003052,12.6700000763,28.9799995422,45.4900016785,15.4300003052,9.55000019073,33.9000015259,9.72000026703,31.7099990845,186306,31.6700000763,25.1000003815,17.7399997711,20.1499996185,58.5699996948,12.0900001526,28.3500003815,44.5200004578,15.0100002289,9.11999988556,33.1199989319,9.31999969482,30.5200004578,183110,31.6700000763,25.4699993134,17.8999996185,20.5499992371,58.5699996948,12.3199996948,28.5,45.2400016785,15.3500003815,9.25,33.3499984741,9.60999965668,31.1599998474,183110,0,0,0,0,0,0,0,0,0,0,0,0,0,0,3563100,2692300,36341300,64157000,12691800,10731300,1620700,27146100,7217100,17524500,2464400,2381600,3341400,9113300
2026-03-05,28.9774684906,25.0400009155,17.0197906494,19.0364055634,56.3258705139,11.9099998474,27.4957923889,42.6563835144,13.9834680557,9.07466220856,31.7856693268,8.98283958435,30.2999992371,180464,31.1499996185,25.0400009155,17.5599994659,19.8299999237,57.1500015259,11.9099998474,27.8299999237,43.5099983215,14.720000267,9.15999984741,32.4000015259,9.27000045776,30.2999992371,180464,0,0,0,0,0,0,0,0,0,0,0,0,0,0,32.0900001526,26.0100002289,18.2700004578,20.3899993896,59.9599990845,12.2899999619,28.8299999237,45,15.1800003052,9.59000015259,33.6699981689,9.78999996185,31.7000007629,185366,31.0499992371,25.0400009155,17.4300003052,19.7999992371,57,11.6700000763,27.7999992371,43.3300018311,14.529999733,9.13000011444,32.3800010681,9.27000045776,30.1700000763,179895,31.8500003815,25.3799991608,18.1499996185,20.3700008392,59.5,12.0600004196,28.8299999237,44.7999992371,15.0500001907,9.46000003815,33.2999992371,9.78999996185,31.1100006104,185365,0,0,0,0,0,0,0,0,0,0,0,0,0,0,3327900,3995900,71248600,46790000,12883000,9460300,2388100,37085400,11483600,20521200,4244600,3652000,3978000,10596200
2026-03-06,28.5402507782,24.5400009155,16.7096347809,18.7676086426,55.1924514771,11.8000001907,27.0808353424,42.0877609253,14.0309667587,9.24307823181,31.3245792389,8.83748435974,29.9899997711,179365,30.6800003052,24.5400009155,17.2399997711,19.5499992371,56,11.8000001907,27.4099998474,42.9300003052,14.7700004578,9.32999992371,31.9300003052,9.11999988556,29.9899997711,179365,0,0,0,0,0,0,0,0,0,0,0,0,0,0,31.2700004578,25.5300006866,17.5,19.8299999237,57.3699989319,12.0699996948,27.9200000763,43.5900001526,15.25,9.47999954224,32.5699996948,9.42000007629,30.4400005341,181091,30.2800006866,24.4500007629,16.8799991608,19.3400001526,55.5299987793,11.6199998856,27.3500003815,42.6500015259,14.5600004196,9.10000038147,31.4599990845,9.05000019073,29.4899997711,178557,31,25.0499992371,17.4500007629,19.7099990845,57.0900001526,11.8100004196,27.6000003815,43.4599990845,14.8999996185,9.14999961853,32.1599998474,9.39999961853,30.2399997711,180463,0,0,0,0,0,0,0,0,0,0,0,0,0,0,4390900,3455600,38256800,37187000,9962200,6637200,2050100,26063600,23018100,18677300,6573000,2448400,2787800,9918300
2026-03-09,28.707698822,25.8600006104,16.7871723175,18.7676086426,55.882358551,11.3500003815,27.1697559357,42.3132476807,13.8409729004,9.43130874634,31.8150959015,8.89562702179,29,180915,30.8600006104,25.8600006104,17.3199996948,19.5499992371,56.7000007629,11.3500003815,27.5,43.1599998474,14.5699996948,9.52000045776,32.4300003052,9.18000030518,29,180915,0,0,0,0,0,0,0,0,0,0,0,0,0,0,31.0100002289,25.9599990845,17.5400009155,19.7399997711,57.1100006104,11.8000001907,27.8400001526,43.2799987793,14.8100004196,9.52000045776,32.6599998474,9.27000045776,29.8600006104,181952,30.0599994659,24.4599990845,16.5799999237,19.1100006104,54.9099998474,11.1400003433,26.8099994659,42.3499984741,14.2899999619,9.14999961853,31.3999996185,8.80000019073,28.3299999237,177637,30.7600002289,24.6599998474,17.2399997711,19.3199996948,55.2000007629,11.6599998474,27.3400001526,42.5200004578,14.6400003433,9.22000026703,31.7199993134,9.03999996185,29.8600006104,179367,0,0,0,0,0,0,0,0,0,0,0,0,0,0,4949100,4213800,37855700,38655600,12474600,10907700,2965900,40970400,29236300,16425800,3649200,1573600,3537600,11419300
2026-03-10,28.7356033325,27.5200004578,17.5528697968,19.2284011841,57.0847625732,12.0200004578,27.4760303497,42.9406967163,14.4584493637,10.0455322266,31.7366142273,8.97314834595,28.7600002289,183447,30.8899993896,27.5200004578,18.1100006104,20.0300006866,57.9199981689,12.0200004578,27.8099994659,43.7999992371,15.220000267,10.1400003433,32.3499984741,9.26000022888,28.7600002289,183447,0,0,0,0,0,0,0,0,0,0,0,0,0,0,31.6200008392,27.8799991608,18.5799999237,20.25,59.9199981689,12.4099998474,28.6399993896,44.2000007629,15.5,10.3500003815,33.2400016785,9.52000045776,29.9099998474,185324,30.5,26.0300006866,17.3700008392,19.6800003052,56.75,11.2700004578,27.4500007629,42.8199996948,14.6099996567,9.60000038147,32.2900009155,9.10999965668,28.6499996185,180693,31.1000003815,26.1700000763,17.5900001526,19.7999992371,57.2999992371,11.5200004578,27.7999992371,43.5800018311,14.75,9.64000034332,32.6699981689,9.22999954224,29.1299991608,180921,0,0,0,0,0,0,0,0,0,0,0,0,0,0,6939400,7069000,53328400,32907500,10675500,15454900,3596500,50383100,14866000,21417000,5132900,1695200,2655800,10083000
2026-03-11,28.121635437,27.9300003052,17.4365596771,19.1420021057,57.3804397583,12.1099996567,27.1697559357,43.0289306641,14.8954343796,9.9464635849,31.363817215,8.98283958435,28.4200000763,183969,30.2299995422,27.9300003052,17.9899997711,19.9400005341,58.2200012207,12.1099996567,27.5,43.8899993896,15.6800003052,10.0399999619,31.9699993134,9.27000045776,28.4200000763,183969,0,0,0,0,0,0,0,0,0,0,0,0,0,0,31.1499996185,27.9699993134,18.4200000763,20.2700004578,59.0499992371,12.2600002289,28.1599998474,44.4399986267,15.8100004196,10.3100004196,32.8800010681,9.36999988556,28.6399993896,185714,30,26.9899997711,17.7999992371,19.7399997711,57.3300018311,11.6999998093,27.2800006866,43.2000007629,15.0399999619,9.96000003815,31.7999992371,9.10999965668,27.6700000763,182021,30.6200008392,27.2999992371,17.8999996185,19.8099994659,57.7299995422,11.8599996567,27.4500007629,43.2700004578,15.0600004196,10,31.9799995422,9.23999977112,28.5599994659,183446,0,0,0,0,0,0,0,0,0,0,0,0,0,0,25316900,4216600,23407700,23976900,4985700,6731100,3364000,18482600,15990400,13112300,3756000,969800,4318900,8956100
2026-03-12,27.414642334,27.4899997711,16.6127090454,18.6140136719,55.2910079956,11.3299999237,26.6362380981,41.8524703979,14.2684583664,9.3124256134,30.3827800751,8.53708839417,26.3700008392,179285,29.4699993134,27.4899997711,17.1399993896,19.3899993896,56.0999984741,11.3299999237,26.9599990845,42.6899986267,15.0200004578,9.39999961853,30.9699993134,8.81000041962,26.3700008392,179285,0,0,0,0,0,0,0,0,0,0,0,0,0,0,30.1399993896,28.8600006104,17.7900009155,19.5900001526,57.5,11.9200000763,27.1100006104,43.2200012207,15.470000267,9.98999977112,31.7800006866,9.18000030518,28.2399997711,183992,29.3099994659,26.7000007629,17,19.1599998474,55.6399993896,11.3199996948,26.7099990845,42.2999992371,14.9099998474,9.32999992371,30.8999996185,8.77999973297,26.2900009155,178495,30,27.3099994659,17.7900009155,19.5599994659,57,11.8800001144,27,43.0900001526,15.3900003433,9.90999984741,31.4899997711,9.14999961853,28.2199993134,183969,0,0,0,0,0,0,0,0,0,0,0,0,0,0,8472800,5407700,42337300,45693900,11722700,7384400,1803900,27095200,15229200,14948600,4173400,1976300,5430100,12075300
2026-03-13,26.9030017853,27.5200004578,16.3607082367,18.2300205231,54.315284729,11.1199998856,26.0434455872,41.5681648254,14.3064565659,9.25298500061,29.352689743,8.15916919708,25,177653,28.9200000763,27.5200004578,16.8799991608,18.9899997711,55.1100006104,11.1199998856,26.3600006104,42.4000015259,15.0600004196,9.34000015259,29.9200000763,8.42000007629,25,177653,0,0,0,0,0,0,0,0,0,0,0,0,0,0,29.9099998474,28.7800006866,17.6000003815,19.6499996185,56.8499984741,11.6700000763,27.1900005341,43.3499984741,15.529999733,10.3299999237,31.4099998474,8.94999980927,26.8400001526,180996,28.6800003052,27.3400001526,16.8500003815,18.8700008392,54.7400016785,10.9600000381,26.0400009155,42.3300018311,15,9.14999961853,29.6800003052,8.42000007629,23.8999996185,177322,29.6100006104,27.7000007629,17.3400001526,19.4799995422,56.5,11.4799995422,27.0900001526,42.8300018311,15.2399997711,9.5,31.1399993896,8.89000034332,26.4699993134,179285,0,0,0,0,0,0,0,0,0,0,0,0,0,0,8129200,3529200,19622000,33706400,7846700,14220300,2985200,24896600,14456200,37702000,6119000,2738800,16308800,9525600
2026-03-16,27.4425487518,28.0400009155,16.8162498474,18.2396202087,55.0938949585,11.5100002289,26.7350387573,42.1563911438,14.439450264,9.74832725525,30.0688476562,8.39173412323,25.2999992371,179875,29.5,28.0400009155,17.3500003815,19,55.9000015259,11.5100002289,27.0599994659,43,15.1999998093,9.84000015259,30.6499996185,8.65999984741,25.2999992371,179875,0,0,0,0,0,0,0,0,0,0,0,0,0,0,29.7700004578,28.8600006104,17.6000003815,19.4799995422,56.7299995422,11.720000267,27.1299991608,43.4700012207,15.6599998474,10.0200004578,31.0599994659,8.78999996185,26.2000007629,181255,29.2000007629,27.8700008392,17.1100006104,19,55.4199981689,11.1999998093,26.7000007629,42.8499984741,15.0100002289,9.56999969482,30.2900009155,8.53999996185,25.1499996185,177656,29.4799995422,27.8700008392,17.5499992371,19.3400001526,56.2400016785,11.5100002289,26.7999992371,43.25,15.4899997711,9.68000030518,30.4400005341,8.53999996185,25.6900005341,177656,0,0,0,0,0,0,0,0,0,0,0,0,0,0,5895100,4143000,23771800,34664900,4283300,8025600,1356100,17777300,20028500,22733300,3320400,1425200,4252600,7370100
2026-03-17,27.4890594482,28,17.0585575104,18.0956230164,55.2910079956,11.6099996567,26.6066017151,41.8720817566,14.3634538651,8.9557800293,30.2650566101,8.45956611633,25.0799999237,180410,29.5499992371,28,17.6000003815,18.8500003815,56.0999984741,11.6099996567,26.9300003052,42.7099990845,15.1199998856,9.03999996185,30.8500003815,8.72999954224,25.0799999237,180410,0,0,0,0,0,0,0,0,0,0,0,0,0,0,29.9899997711,28.2099990845,18.1000003815,19.2000007629,57.2999992371,11.8599996567,27.5200004578,43.3800010681,15.5200004578,9.93000030518,31.3600006104,8.85999965668,25.9599990845,182800,29.3500003815,27.2000007629,17.2199993134,18.6800003052,55.5499992371,11.4300003052,26.75,42.2700004578,15.1199998856,9.03999996185,30.4899997711,8.60999965668,24.9200000763,179850,29.5100002289,28.2099990845,17.2700004578,18.9099998474,55.7299995422,11.529999733,27.0499992371,42.9000015259,15.2899999619,9.88000011444,30.6100006104,8.72999954224,25.2999992371,179882,0,0,0,0,0,0,0,0,0,0,0,0,0,0,8107200,2451200,30507800,24004200,7097900,8043100,1534000,22436600,8420000,22442400,3334600,1383900,5518100,9332600
2026-03-18,27.6565093994,27.1100006104,16.5933246613,17.884431839,54.6208152771,11.2899999619,26.616481781,41.4505157471,14.3349542618,8.76755046844,30.0394172668,8.37235450745,24.6900005341,179640,29.7299995422,27.1100006104,17.1200008392,18.6299991608,55.4199981689,11.2899999619,26.9400005341,42.2799987793,15.0900001526,8.85000038147,30.6200008392,8.64000034332,24.6900005341,179640,0,0,0,0,0,0,0,0,0,0,0,0,0,0,30.1000003815,28.0599994659,17.5799999237,18.9300003052,56.7799987793,11.6800003052,27.3400001526,43.0400009155,15.3999996185,9.21000003815,31.1800003052,8.80000019073,25.1499996185,181551,29.3199996948,27.0100002289,17.1100006104,18.6000003815,55.4000015259,11.25,26.5400009155,42.2700004578,14.8599996567,8.85000038147,30.4799995422,8.57999992371,24.4200000763,179576,29.5499992371,27.6100006104,17.2600002289,18.7199993134,55.6599998474,11.4600000381,26.6599998474,42.5,15,9.07999992371,30.4799995422,8.61999988556,24.9400005341,180409,0,0,0,0,0,0,0,0,0,0,0,0,0,0,7420900,2811600,23216900,26382300,10772900,6711700,1548700,23872800,11276800,23534100,2618300,1829200,4563800,9750200
2026-03-19,27.6751098633,27.5,16.3994789124,17.8940258026,54.315284729,11.3299999237,26.8535995483,41.7446327209,14.3919525146,8.68829536438,30.1865730286,8.29483318329,25.0400009155,180271,29.75,27.5,16.9200000763,18.6399993896,55.1100006104,11.3299999237,27.1800003052,42.5800018311,15.1499996185,8.77000045776,30.7700004578,8.56000041962,25.0400009155,180271,0,0,0,0,0,0,0,0,0,0,0,0,0,0,29.9599990845,27.5400009155,17.1499996185,18.7399997711,55.5999984741,11.5900001526,27.2099990845,42.5999984741,15.2399997711,8.89999961853,30.9899997711,8.68999958038,25.5699996948,181251,28.9300003052,26.0100002289,16.3799991608,18.0699996948,53.5,10.75,26.1800003052,41.3699989319,14.5699996948,8.43999958038,29.6599998474,8.27000045776,23.0200004578,176296,29.3500003815,26.6200008392,16.5900001526,18.2600002289,54.0600013733,10.970000267,26.3199996948,41.7000007629,14.8999996185,8.71000003815,29.7000007629,8.42000007629,24.0100002289,179624,0,0,0,0,0,0,0,0,0,0,0,0,0,0,4425100,3002600,59021100,33436700,11706900,8356600,1945400,32908000,13909900,23104500,2176700,2386800,9842000,12560400
2026-03-20,26.7913684845,26.6200008392,15.6919355392,17.5964317322,51.9794654846,11.2299995422,25.509929657,41.0713539124,14.0974636078,8.26230144501,29.352689743,8.25607204437,25.5900001526,176219,28.7999992371,26.6200008392,16.1900005341,18.3299999237,52.7400016785,11.2299995422,25.8199996948,41.5499992371,14.8400001526,8.34000015259,29.9200000763,8.52000045776,25.5900001526,176219,0,0,0,0,0,0,0,0.34888,0,0,0,0,0,0,29.75,27.2999992371,16.7700004578,18.7099990845,54.5800018311,11.3299999237,26.9599990845,42.2700004578,15.1300001144,8.77999973297,30.6700000763,8.72999954224,25.5900001526,180305,28.5799999237,26.2700004578,15.9499998093,18.1200008392,51.8199996948,11,25.8199996948,41.2000007629,14.75,8.27000045776,29.7099990845,8.38000011444,24.4300003052,175039,29.6800003052,27.0900001526,16.7000007629,18.6399993896,54.4199981689,11.2700004578,26.9200000763,42.1100006104,15.0100002289,8.77000045776,30.4500007629,8.56000041962,25.0300006866,180262,0,0,0,0,0,0,0,0,0,0,0,0,0,0,5619600,5012000,46586300,53625700,18114700,6383300,2644900,37660900,21116200,28291600,3467300,3062900,4446600,15348900
2026-03-23,27.80534935,27.5799999237,16.729019165,18.2396202087,54.433555603,11.8999996185,27.0610752106,42.2871818542,14.8764333725,8.67838859558,30.8929214478,8.98283958435,26.6399993896,181932,29.8899993896,27.5799999237,17.2600002289,19,55.2299995422,11.8999996185,27.3899993896,42.7799987793,15.6599998474,8.76000022888,31.4899997711,9.27000045776,26.6399993896,181932,0,0,0,0,0,0,0,0,0,0,0,0,0,0,30.1499996185,28.0400009155,17.4300003052,19.2800006866,56.4500007629,12,27.3899993896,43.1399993896,15.720000267,8.88000011444,31.5499992371,9.35000038147,27.0400009155,182973,29.3099994659,27.1800003052,16.6599998474,18.75,54.2000007629,11.4899997711,26.4899997711,42.0600013733,15.1599998474,8.57999992371,30.2399997711,8.63000011444,25.9400005341,176221,29.3199996948,27.2399997711,16.7700004578,18.75,54.2000007629,11.5600004196,26.4899997711,42.5400009155,15.1800003052,8.59000015259,30.2399997711,8.64999961853,26,176221,0,0,0,0,0,0,0,0,0,0,0,0,0,0,4581700,3024400,38247900,30955400,12812700,6284000,2033500,27535500,22781900,20111900,3973300,2344400,4244300,9874700
2026-03-24,27.7681369781,26.7999992371,16.84532547,18.1820240021,54.8277893066,11.9399995804,26.695520401,42.0499458313,14.8954343796,8.60904026031,30.6476612091,9.11850166321,26.4200000763,182509,29.8500003815,26.7999992371,17.3799991608,18.9400005341,55.6300010681,11.9399995804,27.0200004578,42.5400009155,15.6800003052,8.68999958038,31.2399997711,9.40999984741,26.4200000763,182509,0,0,0,0,0,0,0,0,0,0,0,0,0,0,30.1200008392,27.3600006104,17.3799991608,18.9400005341,55.7400016785,12.0799999237,27.2600002289,42.8100013733,15.7299995422,8.81000041962,31.5,9.47999954224,26.6900005341,182649,29.2800006866,26.3700008392,16.8600006104,18.6200008392,53.9199981689,11.5200004578,26.6399993896,41.9599990845,15.1700000763,8.51000022888,30.75,9.05000019073,25.8899993896,179915,29.7199993134,27.2900009155,16.9699993134,18.8400001526,54.8499984741,11.7600002289,27.2099990845,42.5,15.5399999619,8.68000030518,31.5,9.17000007629,26.4200000763,181932,0,0,0,0,0,0,0,0,0,0,0,0,0,0,3008200,1933100,21699800,23064400,6165400,4749600,1995000,18609000,22192300,19212700,2799000,2461800,2130700,7563900
2026-03-25,28.1681499481,26.2600002289,17.4462547302,18.5084190369,55.8626441956,12.4099998474,27.5451908112,42.6034965515,14.8787593842,8.80717754364,31.1676120758,9.27354431152,27.5799999237,185424,30.2800006866,26.2600002289,18,19.2800006866,56.6800003052,12.4099998474,27.8799991608,43.0999984741,15.4399995804,8.89000034332,31.7700004578,9.56999969482,27.5799999237,185424,0,0,0,0,0,0,0,0,0.222698,0,0,0,0,0,30.6499996185,27.4799995422,18.3099994659,19.4599990845,57.8899993896,12.6300001144,27.8799991608,43.5,15.8599996567,9.17000007629,31.9200000763,9.75,27.8899993896,186401,30.1499996185,26.1599998474,17.7800006866,19.1499996185,56.2900009155,12.1199998856,27.0599994659,42.8499984741,15.4399995804,8.81999969482,31.3799991608,9.48999977112,26.4300003052,182524,30.3999996185,27.1499996185,17.8500003815,19.2999992371,56.7700004578,12.25,27.2199993134,43.1500015259,15.7600002289,8.89999961853,31.6299991608,9.5,26.5300006866,182529,0,0,0,0,0,0,0,0,0,0,0,0,0,0,13785500,3027000,44334400,29470000,10106000,8861800,2164400,35148900,29363600,17871200,3168000,1634000,4040300,9074000
2026-03-26,27.5355758667,25.1100006104,17.2233295441,18.0668239594,54.4039878845,12.1800003052,26.6757602692,41.4568595886,14.637845993,8.361369133,30.206193924,8.90531635284,26.7900009155,182733,29.6000003815,25.1100006104,17.7700004578,18.8199996948,55.2000007629,12.1800003052,27,41.9399986267,15.1899995804,8.43999958038,30.7900009155,9.18999958038,26.7900009155,182733,0,0,0,0,0,0,0,0,0,0,0,0,0,0,30.1399993896,26.0300006866,18.25,19.2000007629,56.5,12.4300003052,27.5599994659,42.8400001526,15.3999996185,8.89999961853,31.6000003815,9.5,27.5200004578,185424,29.4200000763,24.5100002289,17.5799999237,18.7999992371,54.7999992371,12.029999733,26.7800006866,41.9399986267,14.9899997711,8.43999958038,30.7900009155,9.11999988556,26.3700008392,182570,29.8899993896,26.0300006866,17.6800003052,19.0400009155,55.5400009155,12.1400003433,27.3999996185,42.6899986267,15.2399997711,8.72999954224,31.0400009155,9.48999977112,27.2700004578,185424,0,0,0,0,0,0,0,0,0,0,0,0,0,0,4259100,6430700,23557400,50872800,5861800,5766200,1402300,18260900,12060200,15274300,3027000,1016000,2720300,7806700
2026-03-27,27.1634712219,24.3700008392,16.6805553436,17.7788352966,52.7580680847,12,26.2410430908,40.9725074768,14.3487520218,8.01463031769,29.8235874176,8.6824426651,25.75,181557,29.2000007629,24.3700008392,17.2099990845,18.5200004578,53.5299987793,12,26.5599994659,41.4500007629,14.8900003433,8.09000015259,30.3999996185,8.96000003815,25.75,181557,0,0,0,0,0,0,0,0,0,0,0,0,0,0,29.6000003815,25.2299995422,17.8199996948,18.8099994659,54.7799987793,12.4200000763,27.0200004578,41.8100013733,15.2600002289,8.44999980927,30.8799991608,9.19999980927,26.7299995422,183351,28.9899997711,24.0200004578,17.2099990845,18.4400005341,53.1300010681,11.6599998474,26.4099998474,41.1800003052,14.6700000763,8.07999992371,30.25,8.92000007629,25.75,180976,29.6000003815,24.9799995422,17.6100006104,18.7099990845,54.7700004578,12.1499996185,26.8500003815,41.8100013733,15.1099996567,8.40999984741,30.8099994659,9.10000038147,26.5200004578,182733,0,0,0,0,0,0,0,0,0,0,0,0,0,0,8153800,3910100,42461100,20727200,14128200,8860100,2012400,27910700,25661200,22237700,3456700,1953200,2035900,8073000
2026-03-30,27.2597675323,24.9300003052,16.5157871246,17.7308292389,52.6299476624,11.4799995422,26.2608032227,41.1207733154,13.674197197,7.92546892166,30.0786571503,8.84717559814,25.2000007629,182514,29.0100002289,24.9300003052,17.0400009155,18.4699993134,53.4000015259,11.4799995422,26.5799999237,41.5999984741,14.1899995804,8,30.6599998474,9.13000011444,25.2000007629,182514,0.29248,0,0,0,0,0,0,0,0,0,0,0,0,0,29.3600006104,25.0599994659,17.6000003815,18.7900009155,54.5999984741,12.279999733,27.0100002289,42.0600013733,15.1800003052,8.31999969482,30.8400001526,9.31999969482,26.1399993896,184414,28.7000007629,24.2399997711,16.8999996185,18.3799991608,52.8600006104,11.3900003433,26.4099998474,41.2299995422,13.970000267,7.92000007629,30.2600002289,8.77999973297,25.0900001526,181560,29.2099990845,24.7000007629,17.4400005341,18.7700004578,54.4399986267,12.279999733,26.9200000763,42,15.1800003052,8.31000041962,30.6399993896,9.19999980927,25.8700008392,181561,0,0,0,0,0,0,0,0,0,0,0,0,0,0,3798700,2238500,38391500,32459400,10362400,11367200,2298800,18528100,21413800,17213200,3648900,3157800,2517600,7704600
2026-03-31,28.5095272064,25.7000007629,17.8339481354,18.4028205872,55.4782714844,12.1000003815,27.6044712067,42.9791259766,14.4162082672,8.68829536438,31.5001525879,9.01190948486,25.9099998474,187462,30.3400001526,25.7000007629,18.3999996185,19.1700000763,56.2900009155,12.1000003815,27.9400005341,43.4799995422,14.9600000381,8.77000045776,31.8099994659,9.30000019073,25.9099998474,187462,0,0,0,0,0,0,0,0,0,0,0.285477,0,0,0,30.3600006104,25.8799991608,18.4899997711,19.2399997711,56.5999984741,12.1800003052,27.9400005341,43.6399993896,15.0699996948,8.84000015259,31.8799991608,9.44999980927,26.2999992371,187508,29.2099990845,24.6900005341,17.3199996948,18.6299991608,54.4300003052,11.6599998474,26.8899993896,42.1500015259,14.3100004196,8.25,30.7299995422,9.06000041962,25.2199993134,182515,29.4400005341,25.3899993896,17.5200004578,18.7999992371,54.5400009155,11.779999733,27.0799999237,42.2900009155,14.5500001907,8.25,31.1599998474,9.31000041962,26.1299991608,182515,0,0,0,0,0,0,0,0,0,0,0,0,0,0,6650500,3271400,54051300,41297600,12745600,7528800,2477300,33419700,19833900,27630300,3991900,1564700,2730200,11389100
2026-04-01,29.1109142303,25.4500007629,18.0230751038,18.6524143219,56.7693786621,12.2100000381,28.1083469391,43.3432197571,14.4162082672,8.75764369965,32.1735305786,9.14757156372,26.5400009155,187953,30.9799995422,25.4500007629,18.5200004578,19.4300003052,57.5999984741,12.2100000381,28.4500007629,43.8300018311,14.9600000381,8.84000015259,32.4900016785,9.43999958038,26.5400009155,187953,0,0,0.07434,0,0,0,0,0.018182,0,0,0,0,0,0,31.3299999237,25.8799991608,19,19.6299991608,58.7599983215,12.470000267,28.6399993896,44.2799987793,15.3500003815,9.02000045776,33.0200004578,9.67000007629,26.9799995422,189131,30.4099998474,24.9899997711,18.3500003815,19.1800003052,56.6300010681,11.9399995804,28.1599998474,43.5,14.8999996185,8.72000026703,32.0099983215,9.27999973297,25.9099998474,187256,30.5,25.75,18.5400009155,19.2000007629,56.6599998474,12.1999998093,28.4300003052,43.8400001526,14.970000267,8.81000041962,32.0200004578,9.35000038147,26.1000003815,187463,0,0,0,0,0,0,0,0,0,0,0,0,0,0,11168000,2947700,47320500,48850400,9892000,10852300,1817700,26681100,17599600,19365500,4652400,2013600,3022800,10556000
2026-04-02,28.4719390869,25.1599998474,18.0911960602,18.3727321625,56.4441375732,12.0399999619,27.4365139008,42.819103241,14.3005695343,8.66848182678,31.6883029938,9.20571422577,26.2999992371,188052,30.2999992371,25.1599998474,18.5900001526,19.1200008392,57.2700004578,12.0399999619,27.7700004578,43.2999992371,14.8400001526,8.75,32,9.5,26.2999992371,188052,0,0,0,0.018942,0,0,0,0,0,0,0,0,0,0,30.6800003052,25.7399997711,18.7199993134,19.3799991608,57.7599983215,12.5600004196,28.2000007629,44.0099983215,15.0600004196,8.88000011444,32.3499984741,9.53999996185,26.6200008392,189251,29.8500003815,24.5200004578,17.7600002289,18.8099994659,55.3499984741,11.5500001907,27.25,42.4700012207,14.4099998474,8.44999980927,31.3999996185,9.06000041962,25.2999992371,185214,30,24.8600006104,17.9799995422,18.8400001526,55.5299987793,11.7899999619,27.25,42.6199989319,14.529999733,8.59000015259,31.5100002289,9.25,25.5300006866,187923,0,0,0,0,0,0,0,0,0,0,0,0,0,0,4813500,1510600,27826400,29291200,6127500,10187100,2779300,17811800,7043600,14359700,2171300,1553200,2257700,7082900
2026-04-06,28.6316833496,24,17.9354877472,18.5745258331,56.8777923584,11.9600000381,27.5451908112,43.0069961548,14.1174755096,8.73782920837,31.4605445862,9.01190948486,26.0300006866,188162,30.4699993134,24,18.4300003052,19.3299999237,57.7099990845,11.9600000381,27.8799991608,43.4900016785,14.6499996185,8.81999969482,31.7700004578,9.30000019073,26.0300006866,188162,0,0,0,0,0,0,0,0,0,0,0,0,0,0,30.6800003052,25.3500003815,18.7399997711,19.3799991608,58.2099990845,12.220000267,28.2000007629,43.7400016785,14.970000267,9,32.25,9.59000015259,26.8299999237,189220,30.2299995422,23.7999992371,18.3500003815,19.1399993896,57.0999984741,11.7299995422,27.7000007629,43.2000007629,14.5399999619,8.65999984741,31.5799999237,9.18000030518,26,187811,30.2999992371,25.25,18.6100006104,19.1800003052,57.5,12.1400003433,27.9500007629,43.3499984741,14.970000267,8.80000019073,32.1599998474,9.5,26.3299999237,188054,0,0,0,0,0,0,0,0,0,0,0,0,0,0,3289000,5685600,21583600,27976500,4491900,4960800,685200,11004600,8254500,13342900,3377000,932100,1659400,5697600
2026-04-07,28.6880645752,23.1499996185,17.5656833649,18.7470874786,57.3705825806,11.8199996948,27.5847110748,42.9773254395,14.2620229721,8.69820213318,31.6486911774,8.95278835297,25.7999992371,188259,30.5300006866,23.1499996185,18.0499992371,19.2099990845,58.2099990845,11.8199996948,27.9200000763,43.4599990845,14.8000001907,8.77999973297,31.9599990845,9.14000034332,25.7999992371,188259,0,0,0,0.296826,0,0,0,0,0,0,0,0.099643,0,0,30.6599998474,24.1399993896,18.3099994659,19.2099990845,58.3899993896,11.9799995422,27.9300003052,43.4700012207,14.8599996567,8.93999958038,32,9.26000022888,26.0100002289,188259,30.0699996948,22.9599990845,17.7900009155,18.7700004578,56.5800018311,11.4600000381,27.4599990845,42.6399993896,14.470000267,8.57999992371,31.1900005341,9,25.25,185885,30.4699993134,23.9599990845,18.2399997711,18.9300003052,57.5900001526,11.9099998474,27.8799991608,43.2999992371,14.5100002289,8.73999977112,31.4699993134,9.22000026703,25.8099994659,188162,0,0,0,0,0,0,0,0,0,0,0,0,0,0,3699100,4093600,42624300,24923500,4506400,9549400,1534700,20302000,38131800,12038500,3705800,1722900,2838500,8753200
2026-04-08,29.8156681061,23.1000003815,18.2079753876,19.6839561462,61.2241973877,12.6499996185,28.6616230011,44.4804420471,14.9365787506,8.86661815643,32.9261283875,9.21725749969,27.4400005341,192201,31.7299995422,23.1000003815,18.7099990845,20.1700000763,62.1199989319,12.6499996185,29.0100002289,44.9799995422,15.5,8.94999980927,33.25,9.40999984741,27.4400005341,192201,0,0,0,0,0,0,0,0,0,0,0,0,0,0,32.3300018311,24.5100002289,19.3099994659,20.5499992371,62.6199989319,12.8800001144,29.6900005341,45.7299995422,15.7600002289,9.52000045776,34.9900016785,9.72999954224,27.6800003052,193759,31.4500007629,23.0900001526,18.7000007629,19.8299999237,61.0800018311,12.5,28.7399997711,44.7000007629,15.4799995422,8.94999980927,33.1899986267,9.38000011444,26.6200008392,188260,32.25,24.3199996948,19.1900005341,20.5499992371,61.5499992371,12.6999998093,29.0900001526,45.7000007629,15.6300001144,9.34000015259,34.9900016785,9.60000038147,27.1000003815,188261,0,0,0,0,0,0,0,0,0,0,0,0,0,0,6522200,5290500,60763700,67537800,18658200,9737200,2594400,35777600,16947300,18316300,4472500,1632000,3669100,12594000
2026-04-09,30.3418827057,23.3400001526,18.6459007263,19.8010654449,62.1407852173,13.2899999619,29.1062164307,45.2418899536,15.3316745758,9.14400959015,33.3222312927,9.61886024475,27.9799995422,195129,32.2900009155,23.3400001526,19.1599998474,20.2900009155,63.0499992371,13.2899999619,29.4599990845,45.75,15.9099998474,9.22999954224,33.6500015259,9.81999969482,27.9799995422,195129,0,0,0,0,0,0,0,0,0,0,0,0,0,0,32.3899993896,23.5499992371,19.2800006866,20.3700008392,63.5999984741,13.3900003433,29.5300006866,45.9599990845,15.9899997711,9.25,33.7700004578,9.93000030518,28.0200004578,195514,31.7800006866,22.6399993896,18.6700000763,19.9899997711,61.8800010681,12.5600004196,28.8700008392,44.9900016785,15.4099998474,8.94999980927,33.1699981689,9.42000007629,27.1700000763,192206,31.9899997711,23.2900009155,18.8600006104,20.2000007629,62.0400009155,12.6800003052,28.8899993896,45.2000007629,15.5,9.02999973297,33.5299987793,9.42000007629,27.5100002289,192206,0,0,0,0,0,0,0,0,0,0,0,0,0,0,3073700,3089500,40108400,32822000,11089100,9128100,2112800,22162900,11877200,14711600,2335600,2381900,2088100,9382900
2026-04-10,30.9244747162,20.7999992371,18.9865112305,19.9474487305,61.8746795654,13.6000003815,28.8295822144,45.5583381653,15.1485815048,9.06475448608,33.18359375,10.0498476028,27.2600002289,197324,32.9099998474,20.7999992371,19.5100002289,20.4400005341,62.7799987793,13.6000003815,29.1800003052,46.0699996948,15.720000267,9.14999961853,33.5099983215,10.2600002289,27.2600002289,197324,0,0,0,0,0,0,0,0,0,0,0,0,0,0,33.4799995422,23.7000007629,19.7399997711,20.6399993896,63.6800003052,13.8299999237,29.8500003815,46.3800010681,16.2199993134,9.47000026703,34.1800003052,10.3199996948,28.2099990845,197554,32.5499992371,20.7999992371,19.2099990845,20.3400001526,62.25,13.220000267,29.1599998474,45.7700004578,15.6000003815,9.02999973297,33.4500007629,9.84000015259,27.2600002289,195129,33.0099983215,23.6000003815,19.3899993896,20.4799995422,63.0299987793,13.4200000763,29.5200004578,45.8300018311,16.0200004578,9.35000038147,33.8100013733,9.85000038147,27.9799995422,195130,0,0,0,0,0,0,0,0,0,0,0,0,0,0,8604300,10566900,37802100,33816800,7803800,20832700,2232300,29705900,21059600,13301800,2894000,4055800,2692200,9661000
2026-04-13,31.1405963898,21.5300006866,18.7432193756,20.0938339233,62.8799705505,13.4899997711,28.9382591248,45.3210067749,15.2353105545,9.12419605255,33.421257019,10.0400524139,26.8500003815,198001,33.1399993896,21.5300006866,19.2600002289,20.5900001526,63.7999992371,13.4899997711,29.2900009155,45.8300018311,15.8100004196,9.21000003815,33.75,10.25,26.8500003815,198001,0,0,0,0,0,0,0,0,0,0,0,0,0,0,33.3600006104,22.5300006866,19.4099998474,20.7099990845,63.8600006104,13.6999998093,29.4699993134,46.0400009155,15.9499998093,9.36999988556,34.0800018311,10.2899999619,27.5100002289,198173,32.6699981689,20.3799991608,18.8099994659,20.1200008392,62.2700004578,13.1099996567,28.9500007629,45.2400016785,15.4099998474,8.92000007629,33.2999992371,10,26.8500003815,196223,32.9900016785,21.0300006866,19.3999996185,20.2299995422,62.6300010681,13.3500003815,28.9599990845,45.7599983215,15.4300003052,8.94999980927,33.5099983215,10.029999733,26.9899997711,197324,0,0,0,0,0,0,0,0,0,0,0,0,0,0,12390700,9339200,67037700,34692500,10530300,9032500,1482900,31011600,8927900,14389900,3476800,1393700,2000100,9947000
2026-04-14,31.2909431458,22.1399993896,19.1519489288,20.279253006,62.3379020691,13.2100000381,29.1457366943,46.0132293701,15.1003990173,9.16382312775,33.9857063293,10.2065706253,27.1000003815,198657,33.2999992371,22.1399993896,19.6800003052,20.7800006866,63.25,13.2100000381,29.5,46.5299987793,15.6700000763,9.25,34.3199996948,10.4200000763,27.1000003815,198657,0,0,0,0,0,0,0,0,0,0,0,0,0,0,33.5800018311,22.2999992371,19.7399997711,20.9699993134,64.3000030518,13.7399997711,29.7099990845,46.8400001526,16,9.47000026703,34.6399993896,10.4899997711,27.2999992371,199355,33.1800003052,21.6700000763,19.0799999237,20.6800003052,62.8100013733,13,29.2900009155,45.8499984741,15.4099998474,9.15999984741,33.6699981689,10.2600002289,26.6800003052,198002,33.25,21.7900009155,19.2999992371,20.7099990845,63.9199981689,13.4899997711,29.2900009155,46,15.8999996185,9.30000019073,33.9099998474,10.2700004578,27.0100002289,198002,0,0,0,0,0,0,0,0,0,0,0,0,0,0,3838500,4422300,35228400,32893100,8523900,6881200,2100200,23343300,15476600,13395600,3970400,1940200,2111400,9222400
2026-04-15,31.5446567535,22.7099990845,19.3076572418,20.2987728119,63.4023323059,13.1999998093,30.0489940643,46.5175628662,15.0329437256,9.30251979828,34.2728805542,10.3045225143,27.5699996948,197738,33.5699996948,22.7099990845,19.8400001526,20.7999992371,64.3300018311,13.1999998093,30.2399997711,47.0400009155,15.6000003815,9.39000034332,34.6100006104,10.5200004578,27.5699996948,197738,0,0,0,0,0,0,0.168999,0,0,0,0,0,0,0,33.6199989319,22.9599990845,19.8700008392,20.9799995422,64.3300018311,13.25,30.2399997711,47.4099998474,15.720000267,9.42000007629,34.7999992371,10.5200004578,27.6900005341,199233,33.0699996948,21.9300003052,19.5499992371,20.6100006104,62.7200012207,12.6999998093,29.1599998474,46.3699989319,15.1899995804,9.18000030518,34.1100006104,10.1599998474,26.8999996185,196966,33.2999992371,22.1100006104,19.6800003052,20.6599998474,63.2999992371,13.0799999237,29.1599998474,46.3699989319,15.5900001526,9.22999954224,34.1899986267,10.3299999237,27.0499992371,198657,0,0,0,0,0,0,0,0,0,0,0,0,0,0,9195800,3372500,39081700,37389800,7588000,8263400,2905100,28907200,12448800,12868500,3556200,952800,2285800,10709900
2026-04-16,31.2627563477,22.2199993134,19.2492675781,20.3475666046,63.4121818542,13.0500001907,29.63164711,46.4582328796,14.5029354095,9.16382312775,34.0748291016,10.4318590164,27.5,196819,33.2700004578,22.2199993134,19.7800006866,20.8500003815,64.3399963379,13.0500001907,29.8199996948,46.9799995422,15.0500001907,9.25,34.4099998474,10.6499996185,27.5,196819,0,0,0,0,0,0,0,0,0,0,0,0,0,0,33.7799987793,22.8700008392,20.1200008392,21.1900005341,64.5999984741,13.5,30.4300003052,47.4700012207,15.7600002289,9.43999958038,34.9500007629,10.6499996185,27.8600006104,198587,33.0499992371,22.0300006866,19.4599990845,20.8299999237,63.3899993896,12.970000267,29.6800003052,46.5200004578,15.0500001907,9.18000030518,34.1800003052,10.4300003052,27.1599998474,196354,33.7799987793,22.7399997711,19.9099998474,20.9799995422,64.3300018311,13.279999733,30.3099994659,47.2700004578,15.4899997711,9.43999958038,34.4900016785,10.4799995422,27.6000003815,197738,0,0,0,0,0,0,0,0,0,0,0,0,0,0,6622300,3444000,35870100,35466500,5036900,4667000,1219100,22566300,19780600,12966700,3001600,1547500,2249600,9286300
2026-04-17,31.7607803345,22.1200008392,18.908657074,20.7476902008,62.6828536987,13.2700004578,30.1881103516,46.2802238464,14.8691234589,9.20345115662,34.4511260986,10.2849321365,27.6700000763,195734,33.7999992371,22.1200008392,19.4300003052,21.2600002289,63.5999984741,13.2700004578,30.3799991608,46.7999992371,15.4300003052,9.28999996185,34.7900009155,10.5,27.6700000763,195734,0,0,0,0,0,0,0,0,0,0,0,0,0,0,34.1699981689,23,20.3299999237,21.5900001526,65.5,13.8000001907,30.6200008392,47.9000015259,15.7700004578,9.76000022888,35.5,11.0600004196,28.7000007629,198666,33.4900016785,22.1200008392,19.4099998474,21.1299991608,63.5999984741,13.2700004578,30.1800003052,46.75,15.25,9.21000003815,34.7900009155,10.470000267,27.5799999237,195368,34,22.6499996185,20.2000007629,21.2999992371,65,13.470000267,30.4099998474,47.5,15.6000003815,9.38000011444,35.2599983215,10.75,27.8899993896,196819,0,0,0,0,0,0,0,0,0,0,0,0,0,0,3938800,5038400,45139000,49218700,8357200,8568200,2744100,39165500,26067600,18950900,5553400,2264500,3054300,12187300
2026-04-20,31.4788818359,21.8700008392,18.7334861755,20.5232315063,63.2052116394,12.9799995422,29.8701305389,45.8550033569,14.5993013382,9.26289176941,34.0946350098,10.2457513809,27.5100002289,196132,33.5,21.8700008392,19.25,21.0300006866,64.1299972534,12.9799995422,30.0599994659,46.3699989319,15.1499996185,9.35000038147,34.4300003052,10.4600000381,27.5100002289,196132,0,0,0,0,0,0,0,0,0,0,0,0,0,0,33.8800010681,22.1200008392,19.4699993134,21.2700004578,64.4000015259,13.25,30.4500007629,47.0299987793,15.3999996185,9.40999984741,34.9700012207,10.529999733,27.9300003052,196724,33.4099998474,21.7399997711,19.1100006104,20.9599990845,63.2400016785,12.8800001144,30.0100002289,46.2299995422,15.0699996948,9.11999988556,34.4300003052,10.3299999237,27.2099990845,195282,33.7999992371,22.1000003815,19.3600006104,21.1900005341,63.4900016785,13.25,30.3899993896,46.7999992371,15.3999996185,9.27000045776,34.8899993896,10.5100002289,27.6700000763,195734,0,0,0,0,0,0,0,0,0,0,0,0,0,0,6969100,4025100,41040100,20455500,4243100,5106400,966300,19194500,10065900,14635000,2195400,558500,1074600,6767400
2026-04-22,30.8774909973,21.4300003052,18.5583171844,19.9181690216,61.1354942322,12.470000267,29.3633518219,44.5298881531,14.0885667801,8.86661815643,33.3420333862,9.90291976929,27.1200008392,192889,32.8600006104,21.4300003052,19.0699996948,20.4099998474,62.0299987793,12.470000267,29.5499992371,45.0299987793,14.6199998856,8.94999980927,33.6699981689,10.1099996567,27.1200008392,192889,0,0,0,0,0,0,0,0,0,0,0,0,0,0,33.4799995422,22.1000003815,19.1800003052,20.8899993896,63.7799987793,12.970000267,30.1000003815,46.2599983215,15.1899995804,9.31999969482,34.5400009155,10.3800001144,27.7299995422,196132,32.7200012207,21.4099998474,18.8999996185,20.3500003815,61.6100006104,12.3900003433,29.4200000763,44.9799995422,14.5200004578,8.94999980927,33.4700012207,10.0600004196,26.9099998474,192687,33.4799995422,21.8899993896,19.1499996185,20.7900009155,63.7000007629,12.970000267,30.0599994659,46.2599983215,15.0900001526,9.27999973297,34.5400009155,10.3800001144,27.3999996185,196132,0,0,0,0,0,0,0,0,0,0,0,0,0,0,3216300,2585600,24812000,35201800,6396500,5161000,777800,25440000,15603300,12795800,2790700,1017700,1699700,8398100
2026-04-23,30.2346286774,21.9300003052,18.5193901062,19.4887714386,60.0809249878,11.7399997711,28.5286579132,43.6893310547,13.8187446594,8.56941318512,32.5300216675,9.67763137817,26.2999992371,191378,31.8899993896,21.9300003052,19.0300006866,19.9699993134,60.9599990845,11.7399997711,28.7099990845,44.1800003052,14.3400001526,8.64999961853,32.8499984741,9.88000011444,26.2999992371,191378,0.291938,0,0,0,0,0,0,0,0,0,0,0,0,0,32.6300010681,21.9300003052,19.1900005341,20.5499992371,62.1899986267,12.5200004578,29.6900005341,45.1199989319,14.6700000763,9.02000045776,33.75,10.1499996185,27.2800006866,193347,31.7399997711,20.5200004578,18.6499996185,19.9300003052,60.5,11.6999998093,28.7000007629,44.1199989319,14.2100000381,8.63000011444,32.7400016785,9.86999988556,26.1399993896,190930,32.5699996948,21.0900001526,19.0799999237,20.3999996185,62.1899986267,12.4600000381,29.6900005341,44.9000015259,14.6499996185,8.97999954224,33.75,10.1099996567,27.2800006866,192889,0,0,0,0,0,0,0,0,0,0,0,0,0,0,4588600,6896600,18613800,19189100,5330800,9817200,1179500,20444200,10529500,12084000,2509700,971100,1764400,7763400
2026-04-24,29.96916008,22.1499996185,18.4707317352,19.4399776459,60.00207901,11.5500001907,28.4690380096,43.8772201538,13.7609243393,8.64866733551,32.4111938477,9.61886024475,26.1399993896,190745,31.6100006104,22.1499996185,18.9799995422,19.9200000763,60.8800010681,11.5500001907,28.6499996185,44.3699989319,14.279999733,8.72999954224,32.7299995422,9.81999969482,26.1399993896,190745,0,0,0,0,0,0,0,0,0,0,0,0,0,0,31.9200000763,22.9500007629,19.0699996948,20.1399993896,61.2400016785,11.8100004196,28.9200000763,44.5200004578,14.4099998474,8.76000022888,32.9500007629,9.96000003815,26.5200004578,191390,31.4699993134,21.7700004578,18.6499996185,19.8299999237,60.1500015259,11.4099998474,28.3799991608,43.8899993896,14.0600004196,8.52999973297,32.3400001526,9.71000003815,25.9099998474,189963,31.8700008392,21.9500007629,19.0699996948,20.0400009155,61.2400016785,11.779999733,28.7199993134,44.4599990845,14.3400001526,8.71000003815,32.8199996948,9.89000034332,26.2600002289,191378,0,0,0,0,0,0,0,0,0,0,0,0,0,0,3316700,4604600,41679200,21380800,4296900,8616500,2000500,18234600,10703200,9917800,1846900,1242600,1046200,7223800
2026-04-27,29.6468105316,21.8999996185,18.2177066803,19.2545566559,59.6374130249,11.1999998093,28.2106800079,43.5014419556,13.4621944427,8.52999973297,32.1735305786,9.7461977005,25.4599990845,189579,31.2700004578,21.8999996185,18.7199993134,19.7299995422,60.5099983215,11.1999998093,28.3899993896,43.9900016785,13.970000267,8.52999973297,32.4900016785,9.94999980927,25.4599990845,189579,0,0,0,0,0,0,0,0,0,0.081332,0,0,0,0,31.9400005341,22.7399997711,19.0400009155,20.0400009155,61.3899993896,11.6599998474,29.0200004578,44.5600013733,14.3900003433,8.77000045776,33.0499992371,10.1700000763,26.1299991608,191340,31.2299995422,21.8400001526,18.6800003052,19.7099990845,60.4000015259,11.1199998856,28.2600002289,43.9799995422,13.779999733,8.47000026703,32.3600006104,9.84000015259,25.4599990845,189579,31.9400005341,22.1900005341,18.9400005341,19.9300003052,60.8800010681,11.5900001526,28.5200004578,44.5,14.3900003433,8.68999958038,33.0400009155,9.92000007629,26.1000003815,190745,0,0,0,0,0,0,0,0,0,0,0,0,0,0,2701600,2408700,18924800,17874000,2601900,8499800,1448600,13718400,9404200,8331300,2973300,1428200,1416400,6663800
2026-04-28,29.3813438416,21.5,18.0328063965,19.0984115601,59.3121757507,11.3500003815,27.8529548645,43.6102180481,13.5007400513,8.53999996185,31.9259662628,9.50131797791,24.8999996185,188619,30.9899997711,21.5,18.5300006866,19.5699996948,60.1800003052,11.3500003815,28.0300006866,44.0999984741,14.0100002289,8.53999996185,32.2400016785,9.69999980927,24.8999996185,188619,0,0,0,0,0,0,0,0,0,0,0,0,0,0,31.1299991608,22.1000003815,18.5400009155,19.6499996185,60.2799987793,11.3500003815,28.2199993134,44.6100006104,14.0799999237,8.60999965668,32.3499984741,9.85999965668,25.3700008392,189579,30.6100006104,21.4699993134,18.0699996948,19.3500003815,58.9900016785,10.9099998474,27.7299995422,43.2000007629,13.6700000763,8.39999961853,31.6700000763,9.64999961853,24.5900001526,187237,31,21.5900001526,18.3999996185,19.4300003052,59.9599990845,11.1000003815,28.0699996948,43.6800003052,13.7299995422,8.5,32.0900001526,9.78999996185,25.3500003815,189579,0,0,0,0,0,0,0,0,0,0,0,0,0,0,3330200,1509700,24781800,26064600,7849400,6007100,913600,27131800,15297500,10183500,2885900,2025600,3204800,7511500
2026-04-29,28.5565052032,21.1499996185,17.4002456665,18.6494960785,57.7253913879,10.9600000381,27.3561134338,42.3938751221,12.9321870804,8.07999992371,31.2525882721,9.22705364227,24.9500007629,184750,30.1200008392,21.1499996185,17.8799991608,19.1100006104,58.5699996948,10.9600000381,27.5300006866,42.8699989319,13.4200000763,8.07999992371,31.5599994659,9.42000007629,24.9500007629,184750,0,0,0,0,0,0,0,0,0,0,0,0,0,0,30.9599990845,21.5100002289,18.5400009155,19.5100002289,59.9099998474,11.279999733,27.9799995422,44.0099983215,13.9399995804,8.57999992371,32.1100006104,9.67000007629,25.1000003815,188710,30.0699996948,20.7399997711,17.7399997711,19.0100002289,58.1100006104,10.8800001144,27.4200000763,42.7599983215,13.3199996948,8.07999992371,31.4899997711,9.25,24.6499996185,184504,30.9500007629,21.4899997711,18.25,19.5,59.9000015259,11.1999998093,27.6499996185,43.8499984741,13.8599996567,8.52999973297,32.0900001526,9.60000038147,24.75,188619,0,0,0,0,0,0,0,0,0,0,0,0,0,0,3819300,2929200,43626800,33825900,6087700,9226000,2534600,18628100,15933700,14208700,3723000,747700,1651200,9054900
2026-04-30,29.0589923859,21.6200008392,17.5462207794,18.8544368744,58.484287262,11.3199996948,27.3263015747,42.7103233337,13.1056432724,8.22999954224,31.4110298157,9.39357185364,25.8099994659,187318,30.6499996185,21.6200008392,18.0300006866,19.3199996948,59.3400001526,11.3199996948,27.5,43.1899986267,13.6000003815,8.22999954224,31.7199993134,9.59000015259,25.8099994659,187318,0,0,0,0,0,0,0,0,0,0,0,0,0,0,30.7999992371,22,18.2700004578,19.4799995422,59.6899986267,11.3900003433,27.9599990845,43.5600013733,13.7600002289,8.35000038147,32.2099990845,9.73999977112,25.8899993896,187921,30.2000007629,21.1000003815,17.8799991608,19.2099990845,58.8499984741,11.1000003815,27.4899997711,43.1300010681,13.3800001144,8.07999992371,30.9799995422,9.48999977112,24.9699993134,184759,30.5100002289,21.1499996185,18.1200008392,19.2399997711,59.2599983215,11.1700000763,27.6000003815,43.3199996948,13.6400003433,8.28999996185,31.6499996185,9.51000022888,25.1599998474,184759,0,0,0,0,0,0,0,0,0,0,0,0,0,0,6773400,3605100,23750100,24009300,9514200,6479100,2848500,22735500,14816500,17525600,6099100,1837200,2786600,8991200
2026-05-04,28.6607952118,21.8500003815,17.3905162811,18.4543170929,57.272026062,11.1499996185,27.1772499084,41.946762085,13.0285520554,8,30.9158992767,9.39357185364,25.8600006104,185600,30.2299995422,21.8500003815,17.8700008392,18.9099998474,58.1100006104,11.1499996185,27.3500003815,42.4000015259,13.5200004578,8,31.2199993134,9.59000015259,25.8600006104,185600,0,0,0,0,0,0,0,0.018182,0,0,0,0,0,0,30.6700000763,22.0599994659,18.2199993134,19.3799991608,59.7400016785,11.4600000381,27.6599998474,43.25,13.7100000381,8.34000015259,31.5599994659,9.77000045776,26.0499992371,187666,30.2000007629,21.4500007629,17.7299995422,18.7999992371,57.7799987793,11.0900001526,27.1100006104,42.25,13.3699998856,7.98999977112,31.0300006866,9.56000041962,25.5100002289,185538,30.5799999237,21.6700000763,17.9899997711,19.3099994659,59.6599998474,11.2299995422,27.4300003052,43.1100006104,13.5100002289,8.25,31.5599994659,9.61999988556,25.7999992371,187318,0,0,0,0,0,0,0,0,0,0,0,0,0,0,3199800,1635200,29385800,27527900,6426000,6800000,3340700,25336300,13032000,14398300,2729800,933900,2081400,7544200
2026-05-05,28.7650852203,22.7299995422,17.526758194,18.7463474274,57.104473114,11.470000267,27.3859214783,42.0061187744,13.5392866135,8,31.0743408203,9.41316127777,26.6499996185,186754,30.3400001526,22.7299995422,18.0100002289,19.1900005341,57.9399986267,11.470000267,27.5599994659,42.4599990845,14.0500001907,8,31.3799991608,9.60999965668,26.6499996185,186754,0,0,0,0.018942,0,0,0,0,0,0,0,0,0,0,30.6100006104,22.7299995422,18.0599994659,19.2099990845,58.6699981689,11.470000267,27.7399997711,42.7000007629,14.0500001907,8.17000007629,31.6800003052,9.72999954224,26.9500007629,187428,30.1200008392,21.7099990845,17.7299995422,18.8899993896,57.8300018311,11.1400003433,27.2999992371,42.1199989319,13.470000267,8,31.1499996185,9.48999977112,25.8700008392,185364,30.1299991608,21.7999992371,17.9200000763,18.9799995422,58.1800003052,11.2100000381,27.2999992371,42.5,13.5,8.05000019073,31.1499996185,9.57999992371,25.8700008392,185597,0,0,0,0,0,0,0,0,0,0,0,0,0,0,8069700,1718400,20019200,23567700,6316300,7597900,1524600,29386700,13083800,15252400,3594900,3134500,2515000,8631700
2026-05-06,29.5899238586,22.3500003815,17.8673667908,18.8244972229,58.1689033508,12.279999733,28.2504272461,41.3333854675,14.1560211182,8.02999973297,32.0745048523,9.91271495819,28.2700004578,187691,31.2099990845,22.3500003815,18.3600006104,19.2700004578,59.0200004578,12.279999733,28.4300003052,41.7799987793,14.6899995804,8.02999973297,32.3899993896,10.1199998856,28.2700004578,187691,0,0,0,0,0,0,0,0,0,0,0,0,0,0,31.3199996948,23.3799991608,18.5900001526,19.6399993896,59.5699996948,13.029999733,28.5799999237,43.2900009155,15.279999733,8.31999969482,32.4500007629,10.4200000763,28.75,188674,30.4899997711,22.3299999237,18.1299991608,19.1299991608,58.1800003052,11.8800001144,27.9200000763,41.5400009155,14.25,8.02000045776,31.6700000763,9.68000030518,27.0699996948,186762,30.7800006866,22.7900009155,18.3700008392,19.4699993134,59.0299987793,11.9399995804,28.1499996185,43.2400016785,14.3900003433,8.22000026703,31.6900005341,9.69999980927,27.0799999237,186762,0,0,0,0,0,0,0,0,0,0,0,0,0,0,6090100,2940700,34599300,31056000,7356200,24241100,2595300,38718400,30293700,11485200,3217100,2432900,3688400,8844600
2026-05-07,28.7176818848,22.3199996948,17.3029289246,18.0918388367,56.3751487732,12.0399999619,27.6740913391,40.3539657593,14.3969335556,7.94000005722,31.1040496826,9.62865543365,27.7600002289,183218,30.2900009155,22.3199996948,17.7800006866,18.5200004578,57.2000007629,12.0399999619,27.8500003815,40.7900009155,14.9399995804,7.94000005722,31.4099998474,9.82999992371,27.7600002289,183218,0,0,0,0,0,0,0,0,0,0,0,0,0,0,31.2199993134,22.6399993896,18.4899997711,18.8999996185,58.5999984741,12.5,28.5,41.8699989319,15.2899999619,8.17000007629,32.4199981689,10.1999998093,28.7900009155,187779,30.0900001526,22.0400009155,17.7099990845,18.4200000763,57,11.8599996567,27.7000007629,40.5200004578,14.4200000763,7.90000009537,31.2600002289,9.72999954224,27.4400005341,182868,31.2099990845,22.3099994659,18.3099994659,18.8999996185,58.0999984741,12.3500003815,28.2199993134,41.7900009155,14.6899995804,8.05000019073,32.2200012207,10.1999998093,28.3700008392,187690,0,0,0,0,0,0,0,0,0,0,0,0,0,0,6525000,2277900,26262200,53319900,7742800,8139100,1569800,36335300,24896900,15526800,2491100,2746200,2909500,9643100
2026-05-08,28.774564743,20.3999996185,17.4489040375,18.1602210999,57.8042373657,12.2299995422,27.9523220062,40.818939209,13.8283815384,7.15000009537,31.4902496338,9.23684883118,24.7700004578,184108,30.3500003815,20.3999996185,17.9300003052,18.5900001526,58.6500015259,12.2299995422,28.1299991608,41.2599983215,14.3500003815,7.15000009537,31.7999992371,9.43000030518,24.7700004578,184108,0,0,0,0,0,0,0,0,0,0,0,0,0,0,30.7999992371,22.7399997711,18.3600006104,18.8299999237,59.1800003052,12.4300003052,28.5,41.5499992371,15.1800003052,7.84999990463,32.0999984741,10.0200004578,27.0100002289,185585,30.2600002289,20.3999996185,17.8700008392,18.5,58.0600013733,12,28.1000003815,40.9799995422,14.2399997711,7.15000009537,31.6100006104,9.40999984741,24.6900005341,183217,30.6599998474,21.5100002289,18.2099990845,18.6200008392,58.2700004578,12.1800003052,28.1599998474,41.1599998474,14.8000001907,7.59999990463,31.7399997711,9.97000026703,25.6000003815,183222,0,0,0,0,0,0,0,0,0,0,0,0,0,0,4026600,6142000,28496100,37000000,9091400,7487700,4041300,35920000,27340400,35215100,6027300,1415900,10445200,9214400
2026-05-11,28.2531166077,20.0599994659,17.1180267334,17.6717777252,56.1386070251,11.2899999619,27.2865524292,39.8988876343,13.2212820053,6.92999982834,30.7079467773,8.84504127502,24,181909,29.7999992371,20.0599994659,17.5900001526,18.0900001526,56.9599990845,11.2899999619,27.4599990845,40.3300018311,13.720000267,6.92999982834,31.0100002289,9.02999973297,24,181909,0,0,0,0,0,0,0,0,0,0,0,0,0,0,30.3899993896,20.5,18.0499992371,18.5400009155,60.7700004578,12.1499996185,28.2399997711,41.1100006104,14.25,7.21000003815,31.8400001526,9.43000030518,24.9099998474,184530,29.5499992371,19.9599990845,17.4300003052,18.0400009155,56.5600013733,11.2899999619,27.4599990845,40.1100006104,13.720000267,6.90000009537,30.9200000763,8.96000003815,23.8199996948,181615,30.1599998474,20.4699993134,17.7099990845,18.4599990845,59.5600013733,12.1499996185,28.1299991608,40.9500007629,14.1999998093,7.11999988556,31.4300003052,9.39000034332,24.7000007629,184103,0,0,0,0,0,0,0,0,0,0,0,0,0,0,5201600,3079000,28393600,33701700,12253600,10265100,1776500,41215600,12696300,18515700,2301800,1079600,3311300,8780300
2026-05-12,27.873878479,19.3999996185,16.8358078003,17.5447845459,56.1780319214,10.970000267,26.8890800476,39.4438018799,13.1923713684,7.15999984741,30.371257782,8.44343852997,23.6800003052,180342,29.3999996185,19.3999996185,17.2999992371,17.9599990845,57,10.970000267,27.0599994659,39.8699989319,13.6899995804,7.15999984741,30.6700000763,8.61999988556,23.6800003052,180342,0,0,0,0,0,0,0,0,0,0,0,0,0,0,29.8299999237,19.8999996185,17.6700000763,18.2000007629,57.3699989319,11.3599996567,27.7199993134,40.3300018311,14.1300001144,7.19999980927,31.2900009155,9.02000045776,24.3500003815,181897,29.2000007629,18.6399993896,17.2199993134,17.9300003052,56.4300003052,10.8500003815,27.0599994659,39.7700004578,13.6199998856,6.80000019073,30.4799995422,8.57999992371,23.5300006866,179939,29.7900009155,19.6499996185,17.3799991608,18.0599994659,56.6100006104,11.1899995804,27.3400001526,40.2900009155,13.6899995804,6.92999982834,30.8099994659,8.85000038147,23.9699993134,181897,0,0,0,0,0,0,0,0,0,0,0,0,0,0,5269000,6017500,19014600,29020600,17384700,7232900,1999400,43381700,15472100,17784300,1922600,2260600,1805100,9056000
2026-05-13,26.9731941223,18.5,16.1935176849,17.2419509888,54.1378822327,10.4399995804,25.8059654236,39.2063674927,12.6623649597,6.96000003815,29.0245037079,8.05163192749,22.6000003815,177098,28.4500007629,18.5,16.6399993896,17.6499996185,54.9300003052,10.4399995804,25.9699993134,39.6300010681,13.1400003433,6.96000003815,29.3099994659,8.22000026703,22.6000003815,177098,0,0,0,0,0,0,0,0,0,0,0,0,0,0,29.3999996185,19.6900005341,17.3500003815,18.2600002289,57.0999984741,11.1800003052,27.0799999237,40.5699996948,13.779999733,7.40000009537,30.6599998474,8.65999984741,23.7199993134,180513,28.2099990845,18.3199996948,16.4599990845,17.6399993896,54.5200004578,10.279999733,25.9699993134,39.3699989319,13.029999733,6.96000003815,29.1700000763,8.07999992371,22.4500007629,176787,29.3999996185,19.2700004578,17.2099990845,17.9200000763,56.7599983215,10.779999733,27.0300006866,39.9300003052,13.5699996948,7.11999988556,30.6599998474,8.51000022888,23.6800003052,180342,0,0,0,0,0,0,0,0,0,0,0,0,0,0,12413500,4009300,70172800,54103500,18127600,17549600,4196800,48564700,30918600,22615000,4534900,6595500,4893900,12621300
2026-05-14,27.3713912964,18.8500003815,16.475736618,17.4275569916,54.5912475586,11.0500001907,26.3524913788,39.9681396484,13.2212820053,6.90999984741,29.5988540649,8.36781978607,23,178366,28.8700008392,18.8500003815,16.9300003052,17.8400001526,55.3899993896,11.0500001907,26.5200004578,40.4000015259,13.720000267,6.90999984741,29.8899993896,8.46000003815,23,178366,0,0,0,0,0,0,0,0,0,0,0,0.079671,0,0,29.1399993896,19.3199996948,16.9599990845,18.0599994659,56.1599998474,11.1300001144,26.6299991608,40.6500015259,13.8999996185,7.13000011444,30.1200008392,8.56999969482,23.2000007629,179476,28.6100006104,18.6299991608,16.5799999237,17.7800006866,55.2000007629,10.5799999237,26.0599994659,39.9900016785,13.3100004196,6.82999992371,29.4200000763,8.22000026703,22.6900005341,177104,28.7600002289,18.8099994659,16.9500007629,17.7999992371,55.4099998474,10.5799999237,26.0599994659,40.1500015259,13.3500003815,7.09000015259,29.5,8.22000026703,22.7900009155,177104,0,0,0,0,0,0,0,0,0,0,0,0,0,0,3839000,2122200,30947500,28467200,13168800,9123600,1632300,34925200,44646000,20866400,3692700,1321600,3602200,9295700
2026-05-15,27.2481403351,19.0499992371,16.251909256,17.2810268402,53.7140808105,10.9899997711,26.2332496643,39.2756233215,13.0574607849,6.78999996185,29.1829452515,8.36781978607,22.9400005341,177284,28.7399997711,19.0499992371,16.7000007629,17.6900005341,54.5,10.9899997711,26.3999996185,39.7000007629,13.5500001907,6.78999996185,29.4699993134,8.46000003815,22.9400005341,177284,0,0,0,0,0,0,0,0,0,0,0,0,0,0,28.8299999237,19.3999996185,16.8400001526,17.7399997711,54.8400001526,11.0699996948,26.3999996185,40.0499992371,13.6800003052,6.84000015259,29.7900009155,8.46000003815,23.1800003052,178341,28.1100006104,18.4599990845,16.4500007629,17.4699993134,53.9500007629,10.6400003433,25.7199993134,39.5800018311,13.3500003815,6.59999990463,28.9099998474,8.17000007629,22.5400009155,175417,28.5499992371,18.5,16.5300006866,17.5300006866,54.5900001526,10.6499996185,25.7199993134,39.7799987793,13.4200000763,6.82000017166,29.1299991608,8.19999980927,22.7700004578,178341,0,0,0,0,0,0,0,0,0,0,0,0,0,0,2462000,2684800,23708600,34994000,8815400,8234000,1283700,46869600,11016300,17594900,3112100,1588400,2947100,9772200
2026-05-18,27.1533298492,19.3400001526,16.2713718414,17.2517204285,53.3986968994,11.0600004196,26.1338806152,39.1964683533,13.2694644928,6.61000013351,29.4602184296,8.40738391876,22.7999992371,176976,28.6399993896,19.3400001526,16.7199993134,17.6599998474,54.1800003052,11.0600004196,26.2999992371,39.6199989319,13.7700004578,6.61000013351,29.75,8.5,22.7999992371,176976,0,0,0,0,0,0,0,0,0,0,0,0,0,0,28.8600006104,19.7000007629,16.9200000763,17.8099994659,55.0200004578,11.2299995422,26.3999996185,39.8499984741,13.8100004196,6.98999977112,29.75,8.56000041962,23.2800006866,177330,28.3500003815,18.9699993134,16.5,17.4899997711,53.3600006104,10.8699998856,26.0400009155,39.2999992371,13.4399995804,6.61000013351,29.1900005341,8.39999961853,22.6100006104,175811,28.75,18.9699993134,16.7000007629,17.6900005341,55.0200004578,11.0200004578,26.1900005341,39.6699981689,13.5100002289,6.82999992371,29.4500007629,8.43999958038,23,177281,0,0,0,0,0,0,0,0,0,0,0,0,0,0,2895000,1659000,31340200,17534300,8557600,5817200,1751300,22993100,11879400,18028200,2916200,691300,2031000,7367400
2026-05-19,26.6034374237,18.7800006866,15.4636421204,16.9879608154,52.3047027588,10.5399999619,25.6469764709,38.3654518127,13.1441898346,6.48999977112,28.8363571167,8.32825565338,22.2900009155,174279,28.0599994659,18.7800006866,15.8900003433,17.3899993896,53.0699996948,10.5399999619,25.8099994659,38.7799987793,13.6400003433,6.48999977112,29.1200008392,8.42000007629,22.2900009155,174279,0,0,0,0,0,0,0,0,0,0,0,0,0,0,28.4799995422,19.3400001526,16.2900009155,17.6599998474,53.6599998474,10.9899997711,26.2700004578,39.4199981689,13.7899999619,6.67000007629,29.5200004578,8.53999996185,22.8099994659,176973,27.8299999237,18.5799999237,15.8100004196,17.2600002289,52.5600013733,10.4799995422,25.6299991608,38.7000007629,13.3500003815,6.34000015259,28.9699993134,8.25,22.0699996948,173544,28.2999992371,19.0499992371,16.2900009155,17.4799995422,53.1899986267,10.8000001907,25.8299999237,39.0499992371,13.529999733,6.51000022888,29.1200008392,8.43000030518,22.7399997711,176973,0,0,0,0,0,0,0,0,0,0,0,0,0,0,3932300,1807100,63506400,37267200,10589600,5492000,1605800,41150400,10397200,18272100,5742000,1689800,3063100,9086100
2026-05-20,27.4579677582,19.6000003815,16.3394927979,17.4470977783,53.4184074402,11.1499996185,26.4717330933,39.2459335327,14.1656579971,6.73000001907,29.8167133331,8.97117328644,22.6599998474,177356,28.6599998474,19.6000003815,16.7900009155,17.8600006104,54.2000007629,11.1499996185,26.6399993896,39.6699981689,14.6999998093,6.73000001907,30.1100006104,9.06999969482,22.6599998474,177356,0.291938,0,0,0,0,0,0,0,0,0,0,0,0,0,28.9699993134,19.9400005341,17.0799999237,18.0200004578,55.0999984741,11.3000001907,26.8799991608,39.9799995422,14.7899999619,6.80000019073,30.4300003052,9.22000026703,23.3099994659,178199,27.6100006104,18.9799995422,15.970000267,17.5100002289,52.9500007629,10.6599998474,25.8999996185,39.0999984741,13.779999733,6.48999977112,29.2600002289,8.48999977112,22.3500003815,174279,28.0100002289,19.0200004578,16.0699996948,17.5100002289,53.5200004578,10.6599998474,25.9500007629,39.2200012207,13.779999733,6.53000020981,29.4899997711,8.48999977112,22.3500003815,174279,0,0,0,0,0,0,0,0,0,0,0,0,0,0,4840500,3648500,57502900,40845900,16101300,9533100,1805200,38261500,17007200,21093700,3775200,2332100,4724300,9365700
2026-05-21,27.5154476166,19.9500007629,16.5633220673,17.4861717224,53.5859565735,11.1700000763,26.3425540924,39.6911239624,14.3102064133,6.76999998093,29.836517334,9.07008361816,22.3199996948,177650,28.7199993134,19.9500007629,17.0200004578,17.8999996185,54.3699989319,11.1700000763,26.5100002289,40.1199989319,14.8500003815,6.76999998093,30.1299991608,9.17000007629,22.3199996948,177650,0,0,0,0,0,0,0,0,0,0,0,0,0,0,28.8299999237,19.9799995422,17.1499996185,18.0900001526,54.6300010681,11.3299999237,26.75,40.4500007629,15.1199998856,6.78999996185,30.2399997711,9.28999996185,22.8500003815,178547,28.1299991608,19.2000007629,16.5100002289,17.6399993896,53.2000007629,10.8100004196,26.1200008392,39.25,14.470000267,6.46999979019,29.5300006866,8.90999984741,21.8500003815,175805,28.5499992371,19.5300006866,16.6000003815,17.7099990845,53.7099990845,11.1099996567,26.4599990845,39.4300003052,14.6099996567,6.65999984741,29.8500003815,9.06999969482,22.3299999237,177352,0,0,0,0,0,0,0,0,0,0,0,0,0,0,3696600,1228700,26356400,20334500,12222800,5713400,2217700,40949800,16379800,17378400,3169500,1197100,3640900,7354500
2026-05-22,26.9406166077,20.7199993134,16.2129802704,17.2126464844,53.1523017883,11.1899995804,25.7364082336,39.0085067749,14.5222091675,6.63000011444,29.3116798401,9.08986568451,22.1900005341,176210,28.1200008392,20.7199993134,16.6599998474,17.6200008392,53.9300003052,11.1899995804,25.8999996185,39.4300003052,15.0699996948,6.63000011444,29.6000003815,9.18999958038,22.1900005341,176210,0,0,0,0,0,0,0,0,0,0,0,0,0,0,28.7099990845,21.1700000763,17.0400009155,17.9300003052,54.4700012207,11.5100002289,26.3600006104,40.0400009155,15.3500003815,6.88000011444,30.1700000763,9.43999958038,22.5100002289,177649,27.9200000763,19.7299995422,16.5599994659,17.6000003815,53.2700004578,11.0600004196,25.8099994659,39.3100013733,14.6599998474,6.61000013351,29.3500003815,9.06999969482,21.8999996185,174893,28.5,19.8999996185,17,17.7999992371,54.4700012207,11.1400003433,26.3400001526,40.0099983215,14.6800003052,6.69999980927,30.1000003815,9.14999961853,22.2299995422,177649,0,0,0,0,0,0,0,0,0,0,0,0,0,0,4561900,3427100,31892100,20095600,8871900,9341800,2237200,21539700,17968500,13376800,1856200,1398800,3227300,6760900
2026-05-25,27.5825157166,20.8899993896,16.7968826294,17.6522388458,55.0938949585,11.9399995804,26.5114822388,39.8889884949,14.8498497009,6.76999998093,30.0939846039,9.38659667969,22.7299995422,177359,28.7900009155,20.8899993896,17.2600002289,18.0699996948,55.9000015259,11.9399995804,26.6800003052,40.3199996948,15.4099998474,6.76999998093,30.3899993896,9.48999977112,22.7299995422,177359,0,0,0,0,0,0,0,0,0,0,0,0,0,0,28.8199996948,21.1000003815,17.4300003052,18.0699996948,55.9000015259,11.9799995422,26.6800003052,40.4900016785,15.5,6.82999992371,30.3999996185,9.48999977112,22.9200000763,177512,28.2999992371,20.3700008392,16.7800006866,17.7399997711,54.4700012207,11.3000001907,26.0499992371,39.8600006104,15.1300001144,6.67000007629,29.7399997711,9.19999980927,22.3099994659,176210,28.6499996185,20.8999996185,16.9200000763,17.7600002289,54.7999992371,11.3900003433,26.2399997711,39.8600006104,15.279999733,6.73999977112,30.0799999237,9.19999980927,22.3099994659,176210,0,0,0,0,0,0,0,0,0,0,0,0,0,0,6458500,1458500,16994700,13186100,5612600,8590600,1240700,11436200,8605000,10045800,2160000,731700,1690300,2377600
2026-05-26,27.4771289825,20.5,16.4854679108,17.4275569916,54.6996612549,11.3699998856,26.1438179016,39.6317749023,14.4932994843,6.65000009537,29.7077846527,9.09975719452,22.2700004578,176589,28.6800003052,20.5,16.9400005341,17.8400001526,55.5,11.3699998856,26.3099994659,40.0600013733,15.0399999619,6.65000009537,30,9.19999980927,22.2700004578,176589,0,0,0,0,0,0,0,0,0,0,0,0,0,0,28.7399997711,20.8799991608,17.2600002289,18.0300006866,55.6800003052,11.8500003815,26.6800003052,40.3600006104,15.25,6.78000020981,30.4699993134,9.47999954224,22.8400001526,177816,28.2299995422,20.1000003815,16.7900009155,17.6900005341,54.4000015259,11.2700004578,26.1200008392,39.6500015259,14.8999996185,6.55000019073,29.7600002289,9.17000007629,21.9500007629,175516,28.6200008392,20.7900009155,17.2600002289,17.8799991608,55.5900001526,11.8000001907,26.6800003052,40.2200012207,15.1800003052,6.76999998093,30.3899993896,9.47999954224,22.7299995422,177816,0,0,0,0,0,0,0,0,0,0,0,0,0,0,6297300,1712100,38370900,26326900,9069500,8838900,1537600,23046600,10189900,10894700,3135900,1014700,2493100,7402600
2026-05-27,27.3525791168,20.6499996185,16.0378093719,17.5838603973,54.1970176697,11.3800001144,25.9748916626,39.8889884949,14.3294792175,6.59999990463,29.4899272919,9.08986568451,22.1800003052,175744,28.5499992371,20.6499996185,16.4799995422,18,54.9900016785,11.3800001144,26.1399993896,40.3199996948,14.8699998856,6.59999990463,29.7800006866,9.18999958038,22.1800003052,175744,0,0,0,0,0,0,0,0,0,0,0,0,0,0,29.1100006104,21.0100002289,17.2800006866,18.2000007629,56.4799995422,11.7100000381,26.6299991608,40.8199996948,15.5100002289,6.82999992371,30.4799995422,9.47999954224,22.7299995422,177640,28.4099998474,20.2099990845,16.4799995422,17.9200000763,54.7099990845,11.3100004196,26.0200004578,40.2900009155,14.8599996567,6.59000015259,29.75,9.17000007629,22.0400009155,175555,29.1000003815,20.6399993896,17.1499996185,18.1000003815,56.3600006104,11.6599998474,26.5799999237,40.5999984741,15.1300001144,6.73999977112,30.4599990845,9.47000026703,22.5100002289,176602,0,0,0,0,0,0,0,0,0,0,0,0,0,0,1947400,2084300,22460000,23973800,7089600,5352900,936000,21601400,9152000,13503200,1870900,868100,2060200,7310400
2026-05-28,27.4292259216,19.8500003815,16.0572738647,17.4861717224,53.5169639587,11.4399995804,26.0245761871,39.5724143982,14.4547529221,6.34999990463,29.6285629272,9.00084686279,22.1499996185,175063,28.6299991608,19.8500003815,16.5,17.8999996185,54.2999992371,11.4399995804,26.1900005341,40,15,6.34999990463,29.9200000763,9.10000038147,22.1499996185,175063,0,0,0,0,0,0,0,0,0,0,0,0,0,0,28.8899993896,20.7900009155,16.6800003052,18.2099990845,55.5,11.6400003433,26.5400009155,40.4500007629,15.220000267,6.71000003815,30.2999992371,9.43000030518,22.4400005341,176627,28.2399997711,19.8500003815,16.1100006104,17.8199996948,54.2999992371,11.2100000381,25.9200000763,39.7200012207,14.720000267,6.34999990463,29.5300006866,9.06000041962,22,174686,28.5599994659,20.6499996185,16.5499992371,18.0900001526,54.9900016785,11.4799995422,26.1399993896,40.3199996948,15,6.65000009537,29.8600006104,9.10999965668,22.2900009155,175744,0,0,0,0,0,0,0,0,0,0,0,0,0,0,3643700,1298800,21661300,31080500,11597400,5690800,1771900,20196600,6376400,17829300,2348400,823300,2536900,7376200
2026-05-29,27.02684021,19.3099994659,16.0572738647,17.2907981873,52.974899292,11.5799999237,25.7761554718,39.6119842529,14.3583879471,5.98000001907,29.499830246,8.94150066376,21.8400001526,173788,28.2099990845,19.3099994659,16.5,17.7000007629,53.75,11.5799999237,25.9400005341,40.0400009155,14.8999996185,5.98000001907,29.7900009155,9.03999996185,21.8400001526,173788,0,0,0,0,0,0,0,0,0,0,0,0,0,0,28.8400001526,19.8500003815,16.6399993896,17.9500007629,54.4900016785,11.5799999237,26.2999992371,40.1599998474,15.1000003815,6.42999982834,30.0400009155,9.15999984741,22.1499996185,175064,28.1100006104,19.0799999237,16.2199993134,17.7000007629,53.2099990845,11.1999998093,25.6900005341,39.5400009155,14.8000001907,5.98000001907,29.2600002289,8.85999965668,21.4599990845,172686,28.6599998474,19.8500003815,16.5300006866,17.9400005341,54.4900016785,11.4499998093,26.2999992371,39.8699989319,15.0200004578,6.38000011444,29.8500003815,9.10999965668,22.1399993896,175064,0,0,0,0,0,0,0,0,0,0,0,0,0,0,7452800,3147100,48006500,59372500,14559100,5703000,2116200,80334400,8763400,19948000,2666700,884200,3933400,15551600
2026-06-01,26.6148738861,18.7800006866,15.8139829636,17.0954208374,51.9893188477,11.3299999237,25.5078601837,38.956943512,14.4740276337,5.82000017166,29.0146007538,8.71400737762,21.5499992371,172198,27.7800006866,18.7800006866,16.25,17.5,52.75,11.3299999237,25.6700000763,39.3600006104,15.0200004578,5.82000017166,29.2999992371,8.81000041962,21.5499992371,172198,0,0,0,0,0,0,0,0.018182,0,0,0,0,0,0,28.3500003815,19.7000007629,16.4699993134,17.8099994659,53.8400001526,11.7700004578,26.0599994659,40.0600013733,15.3800001144,6.07000017166,29.7999992371,9.14000034332,22.1499996185,173975,27.3899993896,18.7800006866,16,17.4699993134,52.4199981689,11.3000001907,25.3899993896,39.25,14.8800001144,5.76000022888,29.0699996948,8.81000041962,21.0799999237,171793,28.1100006104,19.3400001526,16.3999996185,17.7900009155,53.7000007629,11.6999998093,26.0599994659,40.0499992371,15.1999998093,5.98000001907,29.7900009155,9.06000041962,22.1000003815,173790,0,0,0,0,0,0,0,0,0,0,0,0,0,0,10443300,2228600,49561100,27399600,12828100,4653100,1467100,32832400,20944300,19869200,4811700,1100600,3411500,9892300
2026-06-02,26.4711647034,18.9899997711,15.8431777954,17.3584289551,52.4821090698,11.4600000381,25.5476074219,39.1548957825,14.9558515549,5.67999982834,29.1334342957,8.74368000031,21.3999996185,174198,27.6299991608,18.9899997711,16.2800006866,17.75,53.25,11.4600000381,25.7099990845,39.5600013733,15.5200004578,5.67999982834,29.4200000763,8.84000015259,21.3999996185,174198,0,0,0,0.018942,0,0,0,0,0,0,0,0,0,0,27.9799995422,19.0100002289,16.6599998474,17.8999996185,53.8100013733,11.5900001526,25.9099998474,39.9900016785,15.529999733,5.92999982834,29.7600002289,8.97999954224,21.7800006866,174894,27.5300006866,18.5900001526,16.2800006866,17.5699996948,52.8400001526,11.3000001907,25.6200008392,39.4700012207,14.8500003815,5.67999982834,29.3199996948,8.76000022888,21.3600006104,172199,27.8299999237,18.9300003052,16.4200000763,17.6000003815,53.0999984741,11.3999996185,25.7199993134,39.6300010681,15,5.84999990463,29.3600006104,8.85999965668,21.6100006104,172199,0,0,0,0,0,0,0,0,0,0,0,0,0,0,8244900,2680000,38626900,21483700,8932700,3313300,2123100,23121000,13846900,18461700,1466500,1087700,2874200,7503900
2026-06-03,26.1358470917,17.3799991608,15.1035699844,16.9868125916,49.9787368774,10.9499998093,24.5539226532,38.3234977722,14.1078395844,5.34000015259,28.3709335327,8.25901889801,20.5,170331,27.2800006866,17.3799991608,15.5200004578,17.3700008392,50.7099990845,10.9499998093,24.7099990845,38.7200012207,14.6400003433,5.34000015259,28.6499996185,8.35000038147,20.5,170331,0,0,0,0,0,0,0,0,0,0,0,0,0,0,27.4200000763,18.6399993896,16.1599998474,17.6200008392,52.8400001526,11.1899995804,25.3600006104,39.2999992371,15.1300001144,5.55000019073,28.8799991608,8.71000003815,21.1800003052,174192,26.8500003815,17.2399997711,15.4600000381,17.3099994659,50.7000007629,10.720000267,24.7099990845,38.6399993896,14.6000003815,5.32000017166,28.3199996948,8.15999984741,20.0400009155,170008,27.4200000763,18.6399993896,15.8599996567,17.5100002289,52.6500015259,11.1800003052,25.25,39.2299995422,15.0399999619,5.55000019073,28.8299999237,8.60000038147,21.1800003052,174192,0,0,0,0,0,0,0,0,0,0,0,0,0,0,7540900,4249100,41255400,30635400,14867300,8538300,2818700,40844400,16921800,23074300,3731800,1960700,5226300,9974200
2026-06-05,25.819688797,17.1299991608,14.9965209961,17.0846042633,49.9196014404,11.3699998856,24.6632289886,38.4323692322,14.3487520218,5.44000005722,28.0738563538,8.36781978607,20.4200000763,169019,26.9500007629,17.1299991608,15.4099998474,17.4699993134,50.6500015259,11.3699998856,24.8199996948,38.8300018311,14.8900003433,5.44000005722,28.3500003815,8.46000003815,20.4200000763,169019,0,0,0,0,0,0,0,0,0,0,0,0,0,0,27.3899993896,17.6700000763,15.6800003052,17.5699996948,51.0099983215,11.5200004578,25.0400009155,39.1699981689,15.0699996948,5.67000007629,28.7299995422,8.48999977112,20.7700004578,170457,26.8600006104,17.1200008392,15.2600002289,17.3199996948,50.2900009155,10.8000001907,24.6100006104,38.5699996948,14.4499998093,5.28999996185,28.2399997711,8.19999980927,20.1100006104,168910,27.2900009155,17.4200000763,15.4300003052,17.4099998474,50.9799995422,10.8199996948,24.7000007629,38.75,14.6400003433,5.44000005722,28.5699996948,8.31000041962,20.5100002289,170331,0,0,0,0,0,0,0,0,0,0,0,0,0,0,6051600,1760800,30092100,24164700,9846200,10485000,1812800,34727700,15180300,27759100,2982000,1335400,2084600,8585100
2026-06-08,25.73346138,17.1000003815,14.8116197586,16.8205604553,49.7717628479,11.2299995422,24.4247455597,38.1255493164,14.4258441925,5.34000015259,27.9055118561,8.35792922974,20.5,168669,26.8600006104,17.1000003815,15.220000267,17.2000007629,50.5,11.2299995422,24.5799999237,38.5200004578,14.970000267,5.34000015259,28.1800003052,8.44999980927,20.5,168669,0,0,0,0,0,0,0,0,0,0,0,0,0,0,27.0200004578,17.5499992371,15.3999996185,17.5100002289,50.9000015259,11.3900003433,24.8600006104,39.0800018311,15,5.53999996185,28.4300003052,8.57999992371,20.8299999237,169646,26.6800003052,16.9799995422,15.0699996948,17.1800003052,50.3199996948,11.0500001907,24.4799995422,38.4300003052,14.6300001144,5.34000015259,27.9699993134,8.31000041962,20.1399993896,168130,26.9500007629,17.1499996185,15.3999996185,17.3999996185,50.9000015259,11.3199996948,24.8600006104,38.7200012207,14.8199996948,5.44999980927,28.4300003052,8.47999954224,20.3600006104,169042,0,0,0,0,0,0,0,0,0,0,0,0,0,0,4611400,1879200,42510200,18139400,5479800,6331100,1610000,23153100,11628300,17634500,2233100,1214800,3982400,7438000
2026-06-09,25.8675899506,17.2399997711,14.9770584106,17.0454883575,50.1167144775,11.1899995804,24.6930408478,38.8183784485,14.4643907547,5.48999977112,28.2422008514,8.44694805145,21,169813,27,17.2399997711,15.3900003433,17.4300003052,50.8499984741,11.1899995804,24.8500003815,39.2200012207,15.0100002289,5.48999977112,28.5200004578,8.53999996185,21,169813,0,0,0,0,0,0,0,0,0,0,0,0,0,0,27.2900009155,17.4899997711,15.529999733,17.6200008392,51.5900001526,11.6300001144,24.9799995422,39.3400001526,15.3900003433,5.65999984741,28.8199996948,8.81999969482,21.4300003052,170601,26.8199996948,16.9200000763,15.1400003433,17.25,50.3100013733,11.1000003815,24.5900001526,38.7700004578,14.7600002289,5.46000003815,28.3500003815,8.52999973297,20.5499992371,168406,27.0100002289,17.2700004578,15.3400001526,17.3299999237,51.2099990845,11.3900003433,24.8299999237,38.9199981689,15.1000003815,5.46999979019,28.4099998474,8.52999973297,20.6700000763,168673,0,0,0,0,0,0,0,0,0,0,0,0,0,0,6899800,3774700,48003700,26754000,16494900,4912000,4023200,28212000,14688100,24632800,2877300,1198100,2600800,8440200
2026-06-10,25.5610103607,16.8500003815,14.714302063,16.879240036,48.4905128479,10.9600000381,24.2955665588,38.956943512,14.28129673,5.11999988556,27.7767772675,8.38760185242,20.7299995422,168619,26.6800003052,16.8500003815,15.1199998856,17.2600002289,49.2000007629,10.9600000381,24.4500007629,39.3600006104,14.8199996948,5.11999988556,28.0499992371,8.47999954224,20.7299995422,168619,0,0,0,0,0,0,0,0,0,0,0,0,0,0,26.9400005341,17.2099990845,15.279999733,17.4099998474,50.5699996948,11.1400003433,24.8199996948,39.5900001526,14.9200000763,5.46999979019,28.4899997711,8.55000019073,21.1900005341,169813,26.5200004578,16.6499996185,14.8999996185,17.1599998474,48.7299995422,10.720000267,24.2800006866,38.6500015259,14.5500001907,5.11999988556,27.9799995422,8.38000011444,20.6900005341,168071,26.9400005341,17.1599998474,15.2100000381,17.3500003815,50.5699996948,11.1000003815,24.8199996948,39.0299987793,14.8999996185,5.46000003815,28.4899997711,8.52999973297,20.8500003815,169813,0,0,0,0,0,0,0,0,0,0,0,0,0,0,7818400,4227300,66313600,19825200,14645300,7020200,2765900,41470600,14819100,23198500,5252500,1395700,2307600,8732300
2026-06-11,26.0592002869,17.5100002289,15.0257158279,17.2899723053,49.7520523071,11.220000267,24.7924098969,40.085269928,14.8305778503,5.32999992371,28.2223949432,8.70411586761,21.2099990845,171497,27.2000007629,17.5100002289,15.4399995804,17.6800003052,50.4799995422,11.220000267,24.9500007629,40.5,15.3900003433,5.32999992371,28.5,8.80000019073,21.2099990845,171497,0,0,0,0,0,0,0,0,0,0,0,0,0,0,27.3199996948,17.5100002289,15.5200004578,17.75,50.8899993896,11.2700004578,24.9500007629,40.6199989319,15.470000267,5.38000011444,28.6399993896,8.80000019073,21.5400009155,171927,26.3799991608,16.5599994659,14.9499998093,17.1700000763,48.8699989319,10.6099996567,24.1000003815,39.2200012207,14.6300001144,5.09999990463,27.5100002289,8.46000003815,20.6299991608,168280,26.6900005341,16.8500003815,15.0799999237,17.2199993134,49.3800010681,10.9799995422,24.4500007629,39.2400016785,14.8500003815,5.15999984741,28.1599998474,8.47000026703,20.7000007629,168619,0,0,0,0,0,0,0,0,0,0,0,0,0,0,6905400,4794700,76637700,31243100,11346000,8572600,2772200,57558800,22244600,28878200,10022100,1744700,2631600,10576900
2026-06-12,25.9346523285,17.1900005341,14.8213510513,17.4073257446,49.6633491516,10.9600000381,24.3949337006,40.1842422485,14.8209400177,5.21999979019,28.162979126,8.71400737762,21.3299999237,171133,27.0699996948,17.1900005341,15.2299995422,17.7999992371,50.3899993896,10.9600000381,24.5499992371,40.5999984741,15.3800001144,5.21999979019,28.4400005341,8.81000041962,21.3299999237,171133,0,0,0,0,0,0,0,0,0,0,0,0,0,0,27.3700008392,17.7999992371,15.5799999237,17.9899997711,51.4399986267,11.2899999619,25,41.1199989319,15.5799999237,5.44000005722,28.75,8.97000026703,21.6800003052,172545,26.7800006866,17.1100006104,15.1300001144,17.4799995422,49.9000015259,10.8100004196,24.5100002289,40.1100006104,15.0900001526,5.19000005722,28.25,8.60999965668,20.9099998474,169993,27,17.2099990845,15.1999998093,17.5100002289,50.3199996948,11,24.8099994659,40.2200012207,15.0900001526,5.23000001907,28.5,8.69999980927,21.0699996948,171497,0,0,0,0,0,0,0,0,0,0,0,0,0,0,5690600,2033600,46559500,22078400,7441800,7484000,2946400,30651000,10416400,16254200,3648000,2359600,2582000,7013700
2026-06-15,25.4843673706,17.4400005341,14.7337656021,17.2606334686,50.1462860107,10.8000001907,23.75897789,39.9862976074,14.7534856796,5.34999990463,27.9748306274,8.74368000031,21.5900001526,170415,26.6000003815,17.4400005341,15.1400003433,17.6499996185,50.8800010681,10.8000001907,23.9099998474,40.4000015259,15.3100004196,5.34999990463,28.25,8.84000015259,21.5900001526,170415,0,0,0,0,0,0,0,0,0,0,0,0,0,0,27.6800003052,17.9799995422,15.779999733,18.2700004578,52.0800018311,11.4799995422,25.3600006104,41.4900016785,16.0499992371,5.46999979019,29.4099998474,9.26000022888,22.0900001526,174228,26.3700008392,17.2000007629,15.1099996567,17.5400009155,50.7900009155,10.6099996567,23.9099998474,40.3199996948,15.2100000381,5.26000022888,28.0799999237,8.78999996185,21.4400005341,170351,27.6599998474,17.6000003815,15.5600004196,18.0699996948,51.6399993896,11.3000001907,24.9899997711,41.2799987793,15.8400001526,5.40000009537,29,9,21.8600006104,171139,0,0,0,0,0,0,0,0,0,0,0,0,0,0,9138600,2363500,38898400,18201800,10725400,10014700,6486400,25132500,12901000,18145200,3001400,929000,2572600,8709200
2026-06-16,25.6376552582,17.4500007629,14.6364488602,17.2704143524,49.9688796997,10.3100004196,23.5801143646,40.0357818604,14.3487520218,5,27.8064861298,8.60520458221,21,169649,26.7600002289,17.4500007629,15.0399999619,17.6599998474,50.7000007629,10.3100004196,23.7299995422,40.4500007629,14.8900003433,5,28.0799999237,8.69999980927,21,169649,0,0,0,0,0,0,0,0,0,0,0,0,0,0,26.7600002289,17.5799999237,15.1800003052,17.6900005341,51.0499992371,10.7399997711,23.8899993896,40.6300010681,15.3100004196,5.30000019073,28.2199993134,8.88000011444,21.5100002289,170416,26.1700000763,17.1800003052,14.8599996567,17.4699993134,50.25,10.2100000381,23.3199996948,40.1300010681,14.8599996567,4.98999977112,27.7199993134,8.69999980927,21,169121,26.5300006866,17.4899997711,15.0200004578,17.5400009155,50.5999984741,10.6899995804,23.8099994659,40.2799987793,15.220000267,5.28999996185,28.2199993134,8.85000038147,21.3999996185,170416,0,0,0,0,0,0,0,0,0,0,0,0,0,0,7562900,1649900,26364300,19627200,38493700,10421300,2835600,20052700,8831400,25995600,3068800,1458000,2382900,8765700
2026-06-17,25.3598155975,16.6000003815,14.2179861069,17.1628379822,49.6633491516,10.0900001526,23.3018836975,40.3821983337,13.9247455597,4.73999977112,27.6579475403,8.53596782684,20.7199993134,168454,26.4699993134,16.6000003815,14.6099996567,17.5499992371,50.3899993896,10.0900001526,23.4500007629,40.7999992371,14.4499998093,4.73999977112,27.9300003052,8.63000011444,20.7199993134,168454,0,0,0,0,0,0,0,0,0,0,0,0,0,0,27.5599994659,17.7099990845,15.25,17.9799995422,51.8699989319,10.5,24.2800006866,41.6300010681,15.1899995804,5.11999988556,28.7000007629,8.94999980927,21.6100006104,171878,26.3099994659,16.6000003815,14.5,17.5,50.2799987793,10.0200004578,23.4500007629,40.6300010681,14.4499998093,4.73999977112,27.9200000763,8.52000045776,20.5699996948,167916,27.1299991608,17.4899997711,15.25,17.75,50.9500007629,10.4099998474,23.8999996185,40.9500007629,15.1700000763,5.03000020981,28.4899997711,8.76000022888,21.1000003815,169649,0,0,0,0,0,0,0,0,0,0,0,0,0,0,9092700,2284500,48934200,30207900,12655300,6733400,5933400,28205700,10678200,28655600,3375900,1095400,3489100,10732100
2026-06-18,25.522687912,16.2099990845,13.9454994202,17.0846042633,50.1167144775,9.71000003815,23.6198616028,40.0753746033,13.4814662933,4.5,27.9253177643,8.42716693878,21.0599994659,168278,26.6399993896,16.2099990845,14.3299999237,17.4699993134,50.8499984741,9.71000003815,23.7700004578,40.4900016785,13.9899997711,4.5,28.2000007629,8.52000045776,21.0599994659,168278,0,0,0,0,0,0,0,0,0,0,0,0,0,0,26.9099998474,16.8600006104,14.720000267,17.8199996948,51.5600013733,10.3199996948,23.9300003052,41.3800010681,14.5200004578,4.80000019073,28.3999996185,8.72999954224,21.3199996948,169542,26.4400005341,16.1000003815,14.2100000381,17.3899993896,50.2000007629,9.71000003815,23.3500003815,40.4599990845,13.8199996948,4.46999979019,27.9300003052,8.48999977112,20.6100006104,167911,26.7299995422,16.6900005341,14.6300001144,17.6200008392,50.7900009155,10.1499996185,23.4500007629,40.9199981689,14.4499998093,4.78000020981,27.9300003052,8.65999984741,20.7399997711,168467,0,0,0,0,0,0,0,0,0,0,0,0,0,0,6323100,2207300,39787400,25189700,10210500,11244500,1807800,20051100,18747700,30716200,6351900,1369500,3068600,9236700
2026-06-19,25.4364624023,17.5599994659,14.023352623,17.0846042633,49.9097442627,9.90999984741,23.6297988892,39.8175888062,13.7705621719,4.61999988556,27.7470703125,8.58542346954,20.8500003815,168576,26.5499992371,17.5599994659,14.4099998474,17.4699993134,50.6399993896,9.90999984741,23.7800006866,39.8699989319,14.2899999619,4.61999988556,28.0200004578,8.68000030518,20.8500003815,168576,0,0,0,0,0,0,0,0.36188,0,0,0,0,0,0,26.8899993896,18.1900005341,14.5600004196,17.5900001526,51.1199989319,9.97000026703,23.8899993896,40.3699989319,14.3699998856,4.65000009537,28.4099998474,8.68000030518,21.2000007629,168787,26.5499992371,16.1200008392,14.2600002289,17.3999996185,50.6399993896,9.53999996185,23.6299991608,39.7599983215,13.9399995804,4.46999979019,28.0200004578,8.44999980927,20.6700000763,167658,26.7399997711,16.2299995422,14.3199996948,17.5200004578,50.9300003052,9.69999980927,23.6900005341,40.3600006104,13.9499998093,4.48000001907,28.1700000763,8.48999977112,20.9099998474,168279,0,0,0,0,0,0,0,0,0,0,0,0,0,0,3661200,4191500,70356900,20299600,6356200,7914000,1710200,48413400,9889600,21086800,2889300,990700,3030900,4847900
2026-06-22,25.9921340942,19.3999996185,14.3055715561,17.2899723053,51.4571037292,9.78999996185,23.9477767944,40.8861846924,13.8669271469,4.65999984741,28.3610305786,8.55574989319,20.9099998474,170370,27.1299991608,19.3999996185,14.6999998093,17.6800003052,52.2099990845,9.78999996185,24.1000003815,40.9399986267,14.3900003433,4.65999984741,28.6399993896,8.64999961853,20.9099998474,170370,0,0,0,0,0,0,0,0,0,0,0,0,0,0,27.1599998474,19.7600002289,14.8599996567,17.8199996948,52.5999984741,10.25,24.1800003052,41.0200004578,14.9300003052,4.84000015259,28.6499996185,8.90999984741,21.2700004578,170750,26.5499992371,18.1100006104,14.529999733,17.5100002289,51.3400001526,9.78999996185,23.7199993134,40.0999984741,14.2299995422,4.55999994278,28.0300006866,8.56000041962,20.7399997711,168326,26.5699996948,18.1100006104,14.5699996948,17.5100002289,51.7000007629,9.93999958038,23.8500003815,40.1599998474,14.2899999619,4.63000011444,28.1299991608,8.72000026703,20.8400001526,168334,0,0,0,0,0,0,0,0,0,0,0,0,0,0,9823100,9914400,86034900,21753800,9634100,6705800,1318300,25404800,48817900,21375500,2616700,1008700,3900100,8544200
2026-06-23,26.0908622742,20.1000003815,14.3250350952,17.4464416504,52.0385971069,9.81000041962,24.0272712708,40.9960365295,14.0114746094,4.42000007629,28.469959259,8.6843328476,21.8799991608,171259,26.9400005341,20.1000003815,14.720000267,17.8400001526,52.7999992371,9.81000041962,24.1800003052,41.0499992371,14.5399999619,4.42000007629,28.75,8.77999973297,21.8799991608,171259,0.291938,0,0,0,0,0,0,0,0,0,0,0,0,0,27.0400009155,20.2299995422,14.9899997711,17.9300003052,53.0200004578,9.88000011444,24.2800006866,41.3800010681,14.5799999237,4.63999986649,28.8400001526,8.85000038147,21.9300003052,171720,26.4400005341,18.8500003815,14.4399995804,17.4699993134,51.5999984741,9.56000041962,23.7600002289,40.3899993896,14.1099996567,4.42000007629,28.1399993896,8.52000045776,20.5599994659,168495,26.5,19.1800003052,14.4399995804,17.4899997711,52,9.68999958038,23.8999996185,40.5200004578,14.2399997711,4.61000013351,28.3799991608,8.57999992371,20.7199993134,170367,0,0,0,0,0,0,0,0,0,0,0,0,0,0,5104100,6510000,65885100,21980600,11615900,6326400,1769200,21074900,13736300,24418400,2031700,967500,2535200,7598800
2026-06-24,26.1973953247,19.3099994659,14.6267175674,17.2606334686,52.8861961365,10.6800003052,24.4048709869,40.9161491394,14.1968154907,4.36000013351,28.5689868927,8.95139122009,22.6499996185,170507,27.0499992371,19.3099994659,15.029999733,17.6499996185,53.6599998474,10.6800003052,24.5599994659,40.9700012207,14.5,4.36000013351,28.8500003815,9.05000019073,22.6499996185,170507,0,0,0,0,0,0,0,0,0.229299,0,0,0,0,0,27.1499996185,20.1599998474,15.1099996567,18,53.8600006104,10.6800003052,24.6000003815,41.4799995422,14.5500001907,4.48000001907,28.9500007629,9.11999988556,22.6599998474,171342,26.7299995422,19,14.6000003815,17.6100006104,52.1399993896,9.71000003815,24.0100002289,40.8100013733,14.1099996567,4.30000019073,28.4500007629,8.69999980927,21.6900005341,169668,26.8600006104,19.9400005341,14.6000003815,17.7600002289,52.2799987793,9.73999977112,24.0699996948,40.8100013733,14.2100000381,4.38000011444,28.4500007629,8.72000026703,21.75,171256,0,0,0,0,0,0,0,0,0,0,0,0,0,0,5121600,3875400,57903500,76122900,15130900,13445400,2209300,22041600,20638300,21608000,2218200,1314000,3764700,9571200
2026-06-25,26.8172225952,19.7999992371,14.4303388596,17.2312984467,53.5169639587,10.6999998093,24.9513988495,41.6451873779,14.2163972855,4.42000007629,29.2027511597,8.94150066376,23.0799999237,171990,27.6900005341,19.7999992371,14.6099996567,17.6200008392,54.2999992371,10.6999998093,25.1100006104,41.7000007629,14.5200004578,4.42000007629,29.4899997711,9.03999996185,23.0799999237,171990,0,0,0.221177,0,0,0,0,0,0,0,0,0,0,0,27.7900009155,20.1000003815,15.0699996948,18.0699996948,54.9900016785,10.8699998856,25.1100006104,42.1100006104,14.8199996948,4.51000022888,29.6000003815,9.25,23.5100002289,173277,27.1399993896,19.3400001526,14.6099996567,17.5400009155,53.7799987793,10.4200000763,24.6499996185,41.2200012207,14.4399995804,4.03000020981,28.8999996185,9.02999973297,22.7000007629,170508,27.1599998474,19.4099998474,14.9399995804,17.7900009155,53.7799987793,10.8000001907,24.7399997711,41.2999992371,14.6400003433,4.40999984741,29.0300006866,9.13000011444,22.7800006866,170508,0,0,0,0,0,0,0,0,0,0,0,0,0,0,6818500,1638800,47483000,51834700,8896800,7252600,1634500,20778400,9050900,52346600,2093100,998900,4453800,7620600
2026-06-26,27.1561908722,18.9899997711,14.7365274429,17.5246772766,53.8717765808,11.0200004578,25.4383029938,42.1844749451,14.6569881439,4.44000005722,29.6186599731,9.24812316895,23.5400009155,173295,28.0400009155,18.9899997711,14.9200000763,17.9200000763,54.6599998474,11.0200004578,25.6000003815,42.2400016785,14.970000267,4.44000005722,29.9099998474,9.35000038147,23.5400009155,173295,0,0,0,0,0,0,0,0,0,0,0,0,0,0,28.1800003052,19.7999992371,15.0500001907,18.1000003815,55.0999984741,11.1700000763,25.6599998474,42.5400009155,14.9799995422,4.57000017166,30.1200008392,9.46000003815,23.6800003052,173964,27.5499992371,18.6299991608,14.3999996185,17.4799995422,53.8199996948,10.5399999619,25.0200004578,41.4000015259,14.3800001144,4.32999992371,29.3899993896,9.01000022888,22.6900005341,171124,27.7199993134,19.7999992371,14.5699996948,17.6800003052,54.3400001526,10.7100000381,25.1200008392,41.5099983215,14.4600000381,4.38999986649,29.6299991608,9.03999996185,23.0900001526,171990,0,0,0,0,0,0,0,0,0,0,0,0,0,0,2523400,2273200,58177000,54809800,8258000,5968600,895100,23047700,18120000,25874600,2579600,1158000,2967700,6921000
2026-06-29,27.1755599976,18.3799991608,14.5291099548,17.7691631317,53.7239379883,11.0200004578,25.1302623749,42.3542518616,14.676568985,4.63999986649,29.301776886,9.13932132721,23,173205,28.0599994659,18.3799991608,14.7100000381,18.1700000763,54.5099983215,11.0200004578,25.2900009155,42.4099998474,14.9899997711,4.63999986649,29.5900001526,9.23999977112,23,173205,0,0,0,0,0,0,0,0,0,0,0,0,0,0,28.1599998474,19.0699996948,14.9899997711,18.25,54.9099998474,11.1199998856,25.6599998474,42.6100006104,15.1499996185,4.71000003815,29.9200000763,9.48999977112,23.8199996948,173892,27.8899993896,18.1800003052,14.6700000763,17.8299999237,53.9099998474,10.8299999237,25.2800006866,42.0400009155,14.8900003433,4.40999984741,29.5599994659,9.23999977112,22.9599990845,172393,28.0499992371,18.8600006104,14.9200000763,17.9699993134,54.6699981689,11.0699996948,25.6100006104,42.2400016785,14.9600000381,4.40999984741,29.7199993134,9.25,23.5900001526,173294,0,0,0,0,0,0,0,0,0,0,0,0,0,0,2066200,1993900,27533600,18900500,4023600,4285700,1417300,21151300,6262500,18574500,1493200,754400,1558200,4909900
2026-06-30,27.1755599976,17.8799991608,14.3513231277,17.7007102966,53.3099937439,10.75,25.0110187531,42.1245574951,14.4513788223,4.67999982834,28.9848957062,9.04041099548,22.8799991608,172024,28.0599994659,17.8799991608,14.529999733,18.1000003815,54.0900001526,10.75,25.1700000763,42.1800003052,14.7600002289,4.67999982834,29.2700004578,9.14000034332,22.8799991608,172024,0,0,0,0,0,0,0,0,0,0,0,0,0,0,28.0599994659,18.2999992371,14.6300001144,18.1700000763,54.6100006104,10.9600000381,25.1800003052,42.5200004578,14.9099998474,4.73999977112,29.2700004578,9.22999954224,22.9099998474,173205,27.5,17.6299991608,14.3000001907,17.8400001526,53.0800018311,10.5500001907,24.7399997711,41.6399993896,14.5799999237,4.46000003815,28.7900009155,9.06999969482,22.4599990845,170539,27.8999996185,18.2999992371,14.6000003815,18.0599994659,53.7799987793,10.8800001144,25.0699996948,42.0900001526,14.8299999237,4.59000015259,29.2299995422,9.22000026703,22.9099998474,173205,0,0,0,0,0,0,0,0,0,0,0,0,0,0,4695300,2565900,28205900,25467200,6276200,7596200,1858800,40172400,24372600,18658400,3570100,795300,1607400,7692000
2026-07-01,27.1174507141,17.0499992371,14.2229213715,17.7202663422,53.2212905884,10.7600002289,25.1203250885,42.4024887085,14.549287796,4.42999982834,28.8799991608,8.93000030518,22.5200004578,171689,28,17.0499992371,14.3999996185,18.1200008392,54,10.7600002289,25.2800006866,42.4399986267,14.8599996567,4.42999982834,28.8799991608,8.93000030518,22.5200004578,171689,0,0,0,0,0,0,0,0.018182,0,0,0.285105,0.099589,0,0,28.1800003052,18.1200008392,14.5900001526,18.2199993134,54.2900009155,10.9300003052,25.3299999237,42.7999992371,14.9499998093,4.69000005722,29.0400009155,9.07999992371,23.0200004578,172098,27.5699996948,17.0200004578,14.1999998093,17.8400001526,53,10.4600000381,24.5400009155,41.4700012207,14.470000267,4.42999982834,28.4599990845,8.86999988556,22.3199996948,169666,27.5699996948,17.6599998474,14.4099998474,17.9099998474,53.0999984741,10.5,24.7600002289,41.7000007629,14.5,4.59000015259,28.7000007629,8.93999958038,22.5599994659,172017,0,0,0,0,0,0,0,0,0,0,0,0,0,0,4893000,3103500,38024600,56556800,5629300,5360400,1965400,26405300,6577600,22221800,2259700,649500,2354100,7659700
2026-07-02,27.2143001556,17.3400001526,14.4303388596,17.777967453,53.7535057068,10.8400001526,25.2693767548,42.4324684143,14.4905424118,4.26999998093,29.1900005341,8.97999954224,22.75,172788,28.1000003815,17.3400001526,14.6099996567,18.1599998474,54.5400009155,10.8400001526,25.4300003052,42.4700012207,14.8000001907,4.26999998093,29.1900005341,8.97999954224,22.75,172788,0,0,0,0.018942,0,0,0,0,0,0,0,0,0,0,28.4300003052,17.7700004578,14.7399997711,18.4300003052,55.0099983215,11.2399997711,25.7399997711,43.1599998474,15.220000267,4.59000015259,29.3999996185,9.15999984741,23.2800006866,174426,27.8099994659,17.1499996185,14.4399995804,18.0499992371,54.1899986267,10.8000001907,25.2099990845,42.3100013733,14.75,4.26999998093,28.8700008392,8.90999984741,22.6000003815,171697,28.2700004578,17.2399997711,14.6400003433,18.3199996948,54.3499984741,10.8699998856,25.3899993896,42.7099990845,14.970000267,4.48999977112,28.9799995422,9.06999969482,22.8600006104,171698,0,0,0,0,0,0,0,0,0,0,0,0,0,0,4507800,1654200,36634600,25735800,10354300,6547200,1310300,15005100,14483500,27151900,1483600,720600,1851300,6513500
2026-07-03,27.3111476898,17.1399993896,14.5784950256,17.8758659363,55.0347595215,10.9899997711,25.6370391846,42.7022285461,14.4905424118,4.44999980927,29.3500003815,8.88000011444,22.7700004578,174266,28.2000007629,17.1399993896,14.7600002289,18.2600002289,55.8400001526,10.9899997711,25.7999992371,42.7400016785,14.8000001907,4.44999980927,29.3500003815,8.88000011444,22.7700004578,174266,0,0,0,0,0,0,0,0,0,0,0,0,0,0,28.3700008392,17.7600002289,14.9899997711,18.3899993896,56.2799987793,11.1199998856,25.8999996185,42.8899993896,15.1400003433,4.44999980927,29.6000003815,9.11999988556,23.0900001526,174664,28.0100002289,17.1000003815,14.6599998474,18.2000007629,54.6300010681,10.8299999237,25.2399997711,42.5299987793,14.6199998856,4.23999977112,29.1399993896,8.68999958038,22.5900001526,172790,28.3400001526,17.6000003815,14.75,18.2999992371,54.7999992371,10.9099998474,25.2399997711,42.7900009155,14.9099998474,4.32999992371,29.4200000763,9.06000041962,22.9799995422,172790,0,0,0,0,0,0,0,0,0,0,0,0,0,0,2094100,1070900,14040900,11813000,10866000,2761800,1644800,9878400,11005600,17028600,1137800,1457900,2022900,2949700
2026-07-06,26.7494297028,17.4500007629,14.4007081985,17.8821468353,54.5813941956,10.6599998474,25.0507659912,42.5223884583,13.7953882217,4.34999990463,28.8700008392,8.71000003815,22.5300006866,172448,27.6200008392,17.4500007629,14.5799999237,17.9200000763,55.3800010681,10.6599998474,25.2099990845,42.5600013733,14.0900001526,4.34999990463,28.8700008392,8.71000003815,22.5300006866,172448,0,0,0,0.346297,0,0,0,0,0,0,0,0,0,0,28.0699996948,17.7299995422,14.6899995804,17.9400005341,55.6399993896,10.9399995804,25.75,42.6699981689,14.7399997711,4.46000003815,29.3199996948,8.86999988556,22.75,174058,27.6000003815,16.7199993134,14.4600000381,17.7099990845,54.7200012207,10.6300001144,25.1800003052,42.0499992371,14.0900001526,4.32999992371,28.7399997711,8.61999988556,22.25,171622,28.0699996948,17.0200004578,14.6400003433,17.9200000763,55.4799995422,10.9399995804,25.7399997711,42.4900016785,14.6999998093,4.36999988556,29.0400009155,8.77999973297,22.6100006104,174058,0,0,0,0,0,0,0,0,0,0,0,0,0,0,3920700,2124600,15650100,35102000,7904300,5263200,1686400,19170500,12523300,12493700,2156800,910200,1601400,5740300
2026-07-07,26.3136138916,18.0799999237,14.3513231277,17.7823581696,53.7633590698,10.220000267,24.7725353241,42.3925018311,13.3645877838,4.42000007629,28.6200008392,8.44999980927,22.6700000763,172021,27.1700000763,18.0799999237,14.529999733,17.8199996948,54.5499992371,10.220000267,24.9300003052,42.4300003052,13.6499996185,4.42000007629,28.6200008392,8.44999980927,22.6700000763,172021,0,0,0,0,0,0,0,0,0,0,0,0,0,0,27.7199993134,18.4799995422,14.8800001144,18.1499996185,55.7700004578,10.8000001907,25.3500003815,43.1800003052,14.220000267,4.46999979019,28.9799995422,8.73999977112,22.8299999237,173544,27.0900001526,17.5,14.4600000381,17.7199993134,54.3899993896,10.1000003815,24.8500003815,42.3600006104,13.5799999237,4.32999992371,28.3799991608,8.43999958038,22.4500007629,171417,27.6299991608,17.5499992371,14.5900001526,17.9300003052,55.2799987793,10.7100000381,25.3500003815,42.6699981689,14.1499996185,4.36999988556,28.8799991608,8.72000026703,22.6499996185,172439,0,0,0,0,0,0,0,0,0,0,0,0,0,0,4803900,3104000,23315900,22292100,8742500,11107700,1741700,21184500,16885600,18384300,1910000,1040200,1984600,6763100
2026-07-08,26.0908622742,17.8999996185,14.0648889542,17.6526355743,53.1720161438,10.1300001144,24.4843654633,41.8529777527,13.423333168,4.51000022888,28.5100002289,8.46000003815,22.1700000763,170654,26.9400005341,17.8999996185,14.2399997711,17.6900005341,53.9500007629,10.1300001144,24.6399993896,41.8899993896,13.7100000381,4.51000022888,28.5100002289,8.46000003815,22.1700000763,170654,0,0,0,0,0,0,0,0,0,0,0,0,0,0,27.0699996948,18.2399997711,14.4600000381,17.7900009155,54.2000007629,10.1700000763,24.8600006104,42.3300018311,13.8000001907,4.51000022888,28.5900001526,8.52000045776,22.8400001526,172018,26.5699996948,17.7000007629,14.1199998856,17.5699996948,53.2200012207,9.97999954224,24.2399997711,41.5600013733,13.4499998093,4.28999996185,27.8500003815,8.27000045776,22.0699996948,169972,27.0100002289,17.9899997711,14.4600000381,17.75,53.9199981689,10.1400003433,24.8099994659,42.3300018311,13.5100002289,4.38000011444,28.5400009155,8.36999988556,22.5599994659,172018,0,0,0,0,0,0,0,0,0,0,0,0,0,0,3136000,1496600,30287600,34277500,10184300,5232700,1753600,18564500,10233800,17353000,2831200,1189900,1855900,7237000
2026-07-09,26.8269081116,18.4599990845,14.6081256866,17.961977005,54.8770675659,10.3199996948,25.2892513275,42.55235672,13.8541326523,4.86000013351,28.9799995422,8.65999984741,22.5799999237,172742,27.7000007629,18.4599990845,14.7899999619,18,55.6800003052,10.3199996948,25.4500007629,42.5900001526,14.1499996185,4.86000013351,28.9799995422,8.65999984741,22.5799999237,172742,0,0,0,0,0,0,0,0,0,0,0,0,0,0,27.7000007629,18.5699996948,14.8000001907,18.0499992371,55.8800010681,10.3699998856,25.4699993134,42.75,14.1499996185,4.86999988556,29.1599998474,8.69999980927,23.0200004578,172933,27,17.8299999237,14.3599996567,17.7199993134,53.9500007629,10.1000003815,24.7399997711,41.9399986267,13.6899995804,4.51000022888,28.5200004578,8.43000030518,22.25,170653,27.0400009155,17.9699993134,14.3999996185,17.75,53.9500007629,10.1599998474,24.7399997711,41.9500007629,13.8100004196,4.51000022888,28.5200004578,8.46000003815,22.3799991608,170655,0,0,0,0,0,0,0,0,0,0,0,0,0,0,3766400,1529000,22115500,20018900,6957300,2902400,1498400,18657300,8548000,27558600,3426100,1021500,4182300,6832100
2026-07-10,27.7953891754,19.1000003815,15.2303791046,18.8201637268,57.8830833435,10.6800003052,26.4121131897,44.2608451843,14.3143062592,5.21999979019,30.2900009155,9.14999961853,23.5300006866,177866,28.7000007629,19.1000003815,15.4200000763,18.8600006104,58.7299995422,10.6800003052,26.5799999237,44.2999992371,14.6199998856,5.21999979019,30.2900009155,9.14999961853,23.5300006866,177866,0,0,0,0,0,0,0,0,0,0,0,0,0,0,28.8199996948,19.2999992371,15.529999733,18.8700008392,59.0999984741,10.9499998093,26.6399993896,44.3400001526,14.8400001526,5.30000019073,30.5,9.17000007629,23.6299991608,177866,28.1200008392,18.8099994659,15.1899995804,18.3199996948,56.1800003052,10.5799999237,25.8899993896,43.2299995422,14.4899997711,5.07999992371,29.7399997711,8.72000026703,22.8199996948,172761,28.2700004578,19.0100002289,15.2100000381,18.3899993896,57.2299995422,10.7600002289,25.9200000763,43.3899993896,14.6899995804,5.11999988556,29.8099994659,8.72000026703,23.2800006866,172761,0,0,0,0,0,0,0,0,0,0,0,0,0,0,4672700,1704700,41457700,48063400,15106000,5365300,3145400,28815100,14517000,33644300,3812500,1040700,2986500,8425700
2026-07-13,27.2239837646,19.2199993134,14.9340677261,18.7303524017,56.6905326843,10.2899999619,25.8755245209,43.4815368652,13.8541326523,5.05999994278,29.75,8.72999954224,23.1100006104,175739,28.1100006104,19.2199993134,15.1199998856,18.7700004578,57.5200004578,10.2899999619,26.0400009155,43.5200004578,14.1499996185,5.05999994278,29.75,8.72999954224,23.1100006104,175739,0,0,0,0,0,0,0,0,0,0,0,0,0,0,28.7199993134,19.3899993896,15.4300003052,19,58.8899993896,10.6499996185,26.6499996185,44.6399993896,14.5799999237,5.26999998093,30.25,9.15999984741,23.6100006104,178154,27.9799995422,18.8099994659,14.9300003052,18.6900005341,57.4700012207,10.220000267,25.9099998474,43.4799995422,14.1300001144,5.03999996185,29.6200008392,8.72999954224,22.9300003052,175567,28.7000007629,19.1000003815,15.2899999619,18.7999992371,58.6399993896,10.6499996185,26.6499996185,44.1100006104,14.5799999237,5.19999980927,30.1000003815,9.14999961853,23.4599990845,177868,0,0,0,0,0,0,0,0,0,0,0,0,0,0,2524400,1595600,24758100,24114300,8271000,4391100,1514400,17749900,8799700,23814700,2536100,1076100,2349300,6119200
2026-07-14,27.3498859406,18.8500003815,15.1414852142,18.5906467438,57.1143341064,10.4799995422,26.0345134735,43.5914421082,13.9912061691,5.05000019073,29.6200008392,8.89000034332,23.4300003052,176641,28.2399997711,18.8500003815,15.3299999237,18.6299991608,57.9500007629,10.4799995422,26.2000007629,43.6300010681,14.2899999619,5.05000019073,29.6200008392,8.89000034332,23.4300003052,176641,0,0,0,0,0,0,0,0,0,0,0,0,0,0,28.25,19.3600006104,15.4899997711,18.9899997711,58.6399993896,10.529999733,26.3600006104,44,14.3400001526,5.19000005722,29.9500007629,8.90999984741,23.5599994659,177179,27.8999996185,18.7199993134,15.1499996185,18.3799991608,57.3800010681,10.1300001144,25.8400001526,43.2400016785,13.9899997711,4.88999986649,29.3999996185,8.72000026703,22.9400005341,175743,28.2199993134,19.2800006866,15.1999998093,18.8999996185,57.7000007629,10.3699998856,26.0799999237,43.8100013733,14.25,5.11000013351,29.7900009155,8.76000022888,23.2700004578,175743,0,0,0,0,0,0,0,0,0,0,0,0,0,0,2164500,1051900,35943900,53143500,12486600,4017800,1824600,15398000,6866500,19650300,2978400,807700,1852400,7258300
2026-07-15,27.3402004242,18.6599998474,15.4970579147,18.560710907,56.2174568176,10.3400001526,26.5412902832,43.1018714905,13.8051786423,5.03000020981,29.7399997711,8.48999977112,23.5200004578,176011,28.2299995422,18.6599998474,15.6899995804,18.6000003815,57.0400009155,10.3400001526,26.7099990845,43.1399993896,14.1000003815,5.03000020981,29.7399997711,8.48999977112,23.5200004578,176011,0,0,0,0,0,0,0,0,0,0,0,0,0,0,28.3799991608,18.9099998474,15.8500003815,18.6800003052,58.2000007629,10.4899997711,26.7999992371,43.6199989319,14.3100004196,5.13000011444,29.8899993896,8.93000030518,23.5200004578,176663,28.0100002289,18.5400009155,15.4200000763,18.4799995422,56.9099998474,10.1800003052,26.0900001526,43.0499992371,13.9899997711,4.78000020981,29.2900009155,8.48999977112,23.1599998474,175288,28.3600006104,18.7900009155,15.4600000381,18.6299991608,58.2000007629,10.4799995422,26.3999996185,43.5200004578,14.2399997711,5.05000019073,29.6200008392,8.93000030518,23.2700004578,176663,0,0,0,0,0,0,0,0,0,0,0,0,0,0,2730500,1042800,36697700,22326000,7741000,5605900,2763800,18975900,10400900,22240600,6048300,1109700,2550100,7072400
2026-07-16,26.9237537384,18.5300006866,15.2007484436,18.3711128235,55.7739448547,9.97999954224,25.7299995422,42.5123939514,13.3645877838,4.92000007629,29.2199993134,8.42000007629,23.3500003815,173825,27.7999992371,18.5300006866,15.3900003433,18.4099998474,56.5900001526,9.97999954224,25.7299995422,42.5499992371,13.6499996185,4.92000007629,29.2199993134,8.42000007629,23.3500003815,173825,0,0,0,0,0,0,0.168708,0,0,0,0,0,0,0,28.1200008392,18.8400001526,15.720000267,18.5400009155,57.0999984741,10.3100004196,26.4799995422,43.2299995422,14.1499996185,5.05999994278,29.7000007629,8.5,23.9400005341,176011,27.6800003052,18.2999992371,15.2399997711,18.1900005341,56.0600013733,9.85000038147,25.6299991608,42.3400001526,13.5,4.88999986649,29.0900001526,8.06999969482,23,173537,28.1100006104,18.5,15.6000003815,18.4599990845,56.7099990845,10.3000001907,26.3999996185,43.2299995422,14.1300001144,4.98999977112,29.6000003815,8.46000003815,23.4099998474,176010,0,0,0,0,0,0,0,0,0,0,0,0,0,0,3194800,1186100,31046100,19600800,5047800,7935400,1736100,18156600,16448600,14067000,1563800,2420700,3357700,6135900
2026-07-17,26.4588851929,18.5900001526,15.0130844116,18.251367569,55.3698577881,9.75,25.2199993134,41.9229125977,13.1393966675,4.92000007629,28.5300006866,8.22000026703,22.4400005341,173714,27.3199996948,18.5900001526,15.1999998093,18.2900009155,56.1800003052,9.75,25.2199993134,41.9599990845,13.4200000763,4.92000007629,28.5300006866,8.22000026703,22.4400005341,173714,0,0,0,0,0,0,0,0,0,0,0,0,0,0,27.7999992371,18.7399997711,15.3699998856,18.4799995422,56.7999992371,9.97999954224,25.7099990845,42.6100006104,13.6499996185,5.03000020981,29.2199993134,8.40999984741,23.4200000763,174505,27.1499996185,18.3199996948,15.1700000763,18.2099990845,55.9700012207,9.59000015259,25.2199993134,41.8699989319,13.25,4.90000009537,28.5300006866,8.17000007629,22.3899993896,173285,27.7999992371,18.4599990845,15.3100004196,18.4200000763,56.4500007629,9.93999958038,25.6499996185,42.5,13.6000003815,4.92000007629,29.1599998474,8.35999965668,23.2800006866,173825,0,0,0,0,0,0,0,0,0,0,0,0,0,0,4410500,1451600,48880800,55082500,5467200,8341200,1114000,19576400,12914500,17597900,2237600,1016700,3309900,7299200
2026-07-20,26.4395141602,18.1700000763,15.0723466873,18.3711128235,55.0347595215,9.56999969482,24.8500003815,42.2626152039,13.0316972733,4.86000013351,28.3199996948,7.92999982834,21.9599990845,173371,27.2999992371,18.1700000763,15.2600002289,18.4099998474,55.8400001526,9.56999969482,24.8500003815,42.2999992371,13.3100004196,4.86000013351,28.3199996948,7.92999982834,21.9599990845,173371,0,0,0,0,0,0,0,0,0,0,0,0,0,0,27.5400009155,18.75,15.4300003052,18.5100002289,56.5400009155,9.89000034332,25.4200000763,42.5299987793,13.5200004578,4.98000001907,28.7000007629,8.27000045776,22.7000007629,174311,27.2299995422,18.1599998474,15.1400003433,18.2800006866,55.8400001526,9.55000019073,24.8500003815,42.0999984741,13.279999733,4.82000017166,28.3099994659,7.88999986649,21.5499992371,173222,27.3799991608,18.5900001526,15.279999733,18.3600006104,56.3600006104,9.77999973297,25.1900005341,42.1399993896,13.4600000381,4.92000007629,28.5300006866,8.22000026703,22.3400001526,173714,0,0,0,0,0,0,0,0,0,0,0,0,0,0,3784300,908000,16308000,12804800,4782500,4625300,908500,12612200,6517600,12211600,2054200,965100,4142700,5028800
2026-07-21,26.2458190918,17.4799995422,14.9834527969,18.5108165741,54.5715370178,9.31000041962,24.5900001526,42.4924087524,12.9925336838,4.82000017166,28.3500003815,7.80000019073,21.4099998474,173326,27.1000003815,17.4799995422,15.1700000763,18.5499992371,55.3699989319,9.31000041962,24.5900001526,42.5299987793,13.2700004578,4.82000017166,28.3500003815,7.80000019073,21.4099998474,173326,0,0,0,0,0,0,0,0,0,0,0,0,0,0,27.3400001526,18.2700004578,15.3199996948,18.6399993896,56.1599998474,9.75,24.9599990845,42.5800018311,13.4099998474,4.96000003815,28.4699993134,7.96000003815,22.1299991608,173720,26.7999992371,17.2999992371,14.9499998093,18.3500003815,55.2900009155,9.27000045776,24.4400005341,42.1800003052,13.1199998856,4.78000020981,27.8500003815,7.71000003815,21.2099990845,172219,27.2999992371,18.1700000763,15.1700000763,18.4200000763,56.0099983215,9.57999992371,24.8700008392,42.3800010681,13.2899999619,4.86999988556,28.4699993134,7.90999984741,21.9099998474,173373,0,0,0,0,0,0,0,0,0,0,0,0,0,0,3393000,1742100,29244400,19403200,5416600,8731900,1696500,9834900,8624800,14370100,2025600,879700,3776100,5858100
2026-07-22,26.6041564941,17.8099994659,15.7044754028,18.9299297333,56.1977424622,9.64000034332,25.2000007629,42.8620872498,13.2568883896,4.90999984741,28.9699993134,8.03999996185,21.5499992371,177548,27.4699993134,17.8099994659,15.8999996185,18.9699993134,57.0200004578,9.64000034332,25.2000007629,42.9000015259,13.5399999619,4.90999984741,28.9699993134,8.03999996185,21.5499992371,177548,0,0,0,0,0,0,0,0,0,0,0,0,0,0,27.6499996185,17.8099994659,15.9200000763,18.9699993134,57.4700012207,9.69999980927,25.2000007629,42.9799995422,13.5900001526,4.98000001907,29.0499992371,8.14000034332,21.6299991608,177641,27,17.0599994659,15.2100000381,18.5,55.4300003052,9.28999996185,24.6000003815,42.2700004578,13.2899999619,4.73999977112,28.2999992371,7.76000022888,21.2000007629,173328,27.1900005341,17.5599994659,15.25,18.5900001526,55.6899986267,9.35000038147,24.6299991608,42.6800003052,13.3000001907,4.82000017166,28.3899993896,7.84999990463,21.4799995422,173331,0,0,0,0,0,0,0,0,0,0,0,0,0,0,3389800,1758600,46053200,36477500,7459100,5703800,1235900,21986300,8211100,19305400,2824600,1857200,3862900,7435200
2026-07-23,26.0811767578,17.0499992371,15.4575500488,18.6804580688,55.4881248474,9.43999958038,24.7299995422,42.5223884583,13.0904426575,4.71000003815,28.4300003052,7.94999980927,21.4500007629,176724,26.9300003052,17.0499992371,15.6499996185,18.7199993134,56.2999992371,9.43999958038,24.7299995422,42.5600013733,13.3699998856,4.71000003815,28.4300003052,7.94999980927,21.4500007629,176724,0,0,0,0,0,0,0,0,0,0,0,0,0,0,27.4099998474,17.7099990845,15.8199996948,18.9899997711,56.6899986267,9.67000007629,25.1000003815,42.8699989319,13.4799995422,4.88999986649,28.8799991608,8.06000041962,21.8199996948,177896,26.8299999237,17.0300006866,15.4799995422,18.6800003052,55.75,9.43999958038,24.6399993896,42.2700004578,13.2299995422,4.67999982834,28.3199996948,7.90000009537,21.2199993134,176293,27.3999996185,17.7000007629,15.7899999619,18.7999992371,56.4599990845,9.56999969482,25.0300006866,42.6399993896,13.4300003052,4.88000011444,28.7900009155,8.02000045776,21.4200000763,177546,0,0,0,0,0,0,0,0,0,0,0,0,0,0,3706800,2375600,41089800,19179800,14839600,3429700,1062700,22570600,8063700,16771800,1912800,762900,2309700,6346800
2026-07-24,25.6424846649,16.6499996185,15.2501325607,18.4409637451,53.8816299438,9.27000045776,24.2900009155,42.062789917,12.9925336838,4.65000009537,28.0400009155,7.67000007629,21.4200000763,174042,26.1900005341,16.6499996185,15.4399995804,18.4799995422,54.6699981689,9.27000045776,24.2900009155,42.0999984741,13.2700004578,4.65000009537,28.0400009155,7.67000007629,21.4200000763,174042,0.291941,0,0,0,0,0,0,0,0,0,0,0,0,0,26.5100002289,17.1700000763,15.6700000763,18.6399993896,56.0800018311,9.46000003815,24.6499996185,42.4500007629,13.4899997711,4.73999977112,28.4400005341,7.92000007629,21.5300006866,176720,26.1900005341,16.6499996185,15.4300003052,18.4200000763,54.6699981689,9.23999977112,24.25,42.0400009155,13.1800003052,4.55999994278,28,7.65000009537,21.0499992371,174042,26.5,16.9799995422,15.4499998093,18.6200008392,55.7299995422,9.35999965668,24.4599990845,42.2999992371,13.2399997711,4.67999982834,28.1200008392,7.90000009537,21.25,176720,0,0,0,0,0,0,0,0,0,0,0,0,0,0,2831300,1518500,35227200,13967900,3987200,4149200,1308900,10443700,7804800,15888900,4034200,794700,2268500,5418400
2026-07-27,26.2299423218,17.1100006104,15.5266895294,18.6383113861,54.7489395142,9.60000038147,24.8899993896,42.6522674561,13.4429149628,4.82999992371,28.5599994659,7.92000007629,22.0100002289,175335,26.7900009155,17.1100006104,15.720000267,18.6777648926,55.5499992371,9.60000038147,24.8899993896,42.6899986267,13.7299995422,4.82999992371,28.5599994659,7.92000007629,22.0100002289,175335,0,0,0,0,0,0,0,0,0,0,0,0,0,0,26.7900009155,17.2999992371,15.8500003815,18.7775917053,55.8199996948,9.65999984741,24.8899993896,42.8600006104,13.7399997711,4.86000013351,28.6399993896,7.98999977112,22.1100006104,175555,26.3099994659,16.6499996185,15.5600004196,18.5479888916,55.0600013733,9.38000011444,24.3400001526,42.3300018311,13.3800001144,4.71999979019,28.0799999237,7.71000003815,21.5,174048,26.5200004578,16.7600002289,15.6400003433,18.6178665161,55.2599983215,9.38000011444,24.3500003815,42.4500007629,13.3800001144,4.73000001907,28.3999996185,7.71000003815,21.5,174048,0,0,0,0,0,0,0,0,0,0,0,0,0,0,2744700,1928500,23929400,15130368,3226300,5448900,1461000,14920100,10334400,14777800,3858700,1130100,1325300,5839400
2026-07-28,26.5726242065,17.1499996185,15.8032464981,18.6980819702,55.0347595215,9.53999996185,25.2800006866,42.8221206665,13.6093606949,4.82999992371,28.7900009155,7.84000015259,22.6100006104,176565,27.1399993896,17.1499996185,16,18.7376613617,55.8400001526,9.53999996185,25.2800006866,42.8600006104,13.8999996185,4.82999992371,28.7900009155,7.84000015259,22.6100006104,176565,0,0,0,0,0,0,0,0,0,0,0,0,0,0,27.5100002289,17.6299991608,16.2199993134,19.1269893646,57.7000007629,10.029999733,25.7199993134,43.6699981689,14.2399997711,5.03999996185,29.3999996185,8.22000026703,22.7999992371,178539,26.9699993134,17.1000003815,15.8599996567,18.687746048,55.8199996948,9.47999954224,25.1100006104,42.5999984741,13.7399997711,4.82999992371,28.7099990845,7.84000015259,22.2900009155,175326,27.2900009155,17.3999996185,16.0900001526,18.917350769,57.3800010681,9.90999984741,25.6200008392,43.5,14.0900001526,4.98999977112,29.1399993896,8.09000015259,22.5100002289,175326,0,0,0,0,0,0,0,0,0,0,0,0,0,0,2780600,1277200,19864600,20158531,6390200,5668800,998200,19096400,15288500,15982700,3135900,659500,2268900,6741100
2026-07-29,26.0243320465,16.1499996185,15.1316080093,18.2796897888,53.8717765808,9.11999988556,24.4500007629,41.783039093,13.0806512833,4.76000022888,27.5400009155,7.63999986649,22.3500003815,173885,26.5799999237,16.1499996185,15.3199996948,18.3183841705,54.6599998474,9.11999988556,24.4500007629,41.8199996948,13.3599996567,4.76000022888,27.5400009155,7.63999986649,22.3500003815,173885,0,0,0,0,0,0,0,0,0,0,0,0,0,0,27.1599998474,17.2299995422,15.970000267,18.6278495789,55.5800018311,9.55000019073,25.3199996948,42.7299995422,13.9399995804,4.86999988556,28.7999992371,7.88000011444,22.7700004578,176564,26.4500007629,16.1200008392,15.3199996948,18.3183841705,54.5400009155,9.11999988556,24.4500007629,41.8199996948,13.1999998093,4.71000003815,27.5400009155,7.61999988556,22.2000007629,173885,27.1399993896,17.2199993134,15.9099998474,18.6178665161,55.4900016785,9.55000019073,25.2999992371,42.6500015259,13.8999996185,4.80000019073,28.7600002289,7.80999994278,22.6599998474,176564,0,0,0,0,0,0,0,0,0,0,0,0,0,0,3072000,2913200,51816200,22522604,6016600,7010500,1118500,20532400,14485700,14347200,5460700,1263200,2596800,7338700
2026-07-30,26.6509513855,15.8599996567,15.4377965927,18.3195381165,55.8035087585,9.43000030518,25.1100006104,42.7022285461,13.2373065948,5.01999998093,28.2299995422,7.84999990463,22.1599998474,177159,27.2199993134,15.8599996567,15.6300001144,18.3583145142,56.6199989319,9.43000030518,25.1100006104,42.7400016785,13.5200004578,5.01999998093,28.2299995422,7.84999990463,22.1599998474,177159,0,0,0,0,0,0,0,0,0,0,0,0,0,0,27.2199993134,16.3500003815,15.6300001144,18.3583145142,56.6199989319,9.48999977112,25.1100006104,42.8499984741,13.5900001526,5.01999998093,28.3600006104,7.88000011444,22.6299991608,177159,26.6200008392,15.6499996185,15.3100004196,17.6894702911,54.9700012207,9.19999980927,24.5799999237,41.8300018311,13.3699998856,4.78999996185,27.6100006104,7.63999986649,21.9599990845,173885,26.7299995422,16.2600002289,15.3999996185,17.9490222931,55,9.21000003815,24.5900001526,42.1899986267,13.4399995804,4.80999994278,27.6100006104,7.63999986649,22.4799995422,173891,0,0,0,0,0,0,0,0,0,0,0,0,0,0,3363100,3616100,42168300,48017329,4774300,7060600,1202200,12531700,8220500,16683500,6647800,3019300,3100200,7200400
2026-07-31,26.5236701965,16.4200000763,15.5365667343,18.3593845367,55.9809150696,9.43999958038,24.8299999237,42.8520927429,13.3156337738,5.03000020981,28.1299991608,7.94999980927,22.1800003052,177999,27.0900001526,16.4200000763,15.7299995422,18.3982467651,56.7999992371,9.43999958038,24.8299999237,42.8899993896,13.6000003815,5.03000020981,28.1299991608,7.94999980927,22.1800003052,177999,0,0,0,0,0,0,0,0,0,0,0,0,0,0,27.5,16.4899997711,15.8999996185,18.687746048,57.1199989319,9.60999965668,25.3899993896,43.2999992371,13.6999998093,5.11000013351,29.1200008392,7.98000001907,22.2999992371,178719,26.9699993134,15.8900003433,15.5200004578,18.3982467651,56.5699996948,9.42000007629,24.8299999237,42.8899993896,13.4399995804,4.88000011444,27.8799991608,7.61999988556,21.9500007629,177014,27.5,15.8900003433,15.8999996185,18.4781093597,56.8600006104,9.47999954224,25.3899993896,43.25,13.6999998093,4.94999980927,28.9500007629,7.84999990463,22.2999992371,177060,0,0,0,0,0,0,0,0,0,0,0,0,0,0,2171300,1836200,24490400,25236379,5155600,4879600,1297600,10285400,14133200,11796200,4199300,944200,3143700,5884100
2026-08-03,26.8173980713,16.2299995422,15.4279193878,18.4789237976,56.2962989807,9.77999973297,25.2999992371,43.1501350403,13.5604066849,5.15999984741,28.7199993134,8.07999992371,22.8400001526,178000,27.3899993896,16.2299995422,15.6199998856,18.5180397034,57.1199989319,9.77999973297,25.2999992371,43.1699981689,13.8500003815,5.15999984741,28.7199993134,8.07999992371,22.8400001526,178000,0,0,0,0,0,0,0,0.018182,0,0,0,0,0,0,27.4799995422,16.7999992371,15.7299995422,18.6577987671,57.8800010681,9.80000019073,25.3999996185,43.4700012207,13.9799995422,5.19999980927,28.7199993134,8.14999961853,22.8899993896,178557,27.1100006104,15.8599996567,15.4399995804,18.338350296,56.6599998474,9.47000026703,24.8099994659,42.8300018311,13.6199998856,5.01999998093,28.0599994659,7.94000005722,22.1299991608,176783,27.3500003815,16.5900001526,15.7299995422,18.6178665161,57.5999984741,9.56999969482,25.1599998474,43.3499984741,13.8699998856,5.09000015259,28.3700008392,8.01000022888,22.2900009155,178009,0,0,0,0,0,0,0,0,0,0,0,0,0,0,6393300,3827700,30632200,18993223,6082800,7262200,2043800,17043500,11146500,17342500,5457000,1860300,4158900,7355200
2026-08-04,26.9936332703,16.0400009155,15.5069351196,18.1687736511,55.9316368103,9.72000026703,25.5699996948,42.0806274414,13.3841695786,4.92000007629,29.0699996948,7.92999982834,22.6000003815,177895,27.5699996948,16.0400009155,15.6999998093,18.1886081696,56.75,9.72000026703,25.5699996948,42.0999984741,13.6700000763,4.92000007629,29.0699996948,7.92999982834,22.6000003815,177895,0,0,0,0.018942,0,0,0,0,0,0,0,0,0,0,27.9300003052,16.6100006104,16.1399993896,18.8275051117,58.6599998474,10.0100002289,25.9300003052,43.8600006104,14.1700000763,5.26999998093,29.3099994659,8.22999954224,23.3700008392,180680,27.3799991608,15.9499998093,15.5799999237,18.0688152313,56.7099990845,9.60000038147,25.3899993896,42.0499992371,13.5699996948,4.92000007629,28.6900005341,7.92000007629,22.3199996948,177581,27.6800003052,16.5499992371,16,18.817522049,58.0099983215,9.89999961853,25.4500007629,43.8199996948,14.1000003815,5.26999998093,29.1100006104,8.17000007629,23.1000003815,178003,0,0,0,0,0,0,0,0,0,0,0,0,0,0,3060400,1999600,38027600,31739183,5792900,8354200,1235000,26508600,10051100,21388800,3021000,928100,2070800,7966200
2026-08-05,26.9153079987,15.9600000381,15.3587799072,18.0303153992,55.9907722473,9.34000015259,24.9899997711,42.3605041504,13.3841695786,4.78999996185,28.7000007629,7.76999998093,22.2900009155,177726,27.4899997711,15.9600000381,15.5500001907,18.0499992371,56.8100013733,9.34000015259,24.9899997711,42.3800010681,13.6700000763,4.78999996185,28.7000007629,7.76999998093,22.2900009155,177726,0,0,0,0,0,0,0,0,0,0,0,0,0,0,27.9099998474,16.75,16.1499996185,18.4099998474,58.1199989319,9.93000030518,25.75,43.3800010681,13.8400001526,5.01999998093,29.3299999237,8.10999965668,22.9400005341,180195,27.4599990845,15.9499998093,15.4799995422,18.0100002289,56.6199989319,8.97999954224,24.9799995422,42.2799987793,13.5500001907,4.78000020981,28.5799999237,7.73999977112,22.1100006104,177691,27.8199996948,16.2000007629,15.7600002289,18.3199996948,57.0499992371,9.85000038147,25.6700000763,42.6100006104,13.7899999619,4.94000005722,29.1900005341,7.98000001907,22.7800006866,177896,0,0,0,0,0,0,0,0,0,0,0,0,0,0,3593200,2901600,37288600,37330400,4633900,20128500,4291100,30166400,7742600,19168400,4868400,942100,2303000,7606700
2026-08-06,26.4355506897,16.1900005341,15.1711158752,17.6806983948,55.3895683289,9.43999958038,24.2700004578,41.8107566833,13.1981420517,4.57000017166,27.8799991608,7.96000003815,21.8099994659,175546,27,16.1900005341,15.3599996567,17.7000007629,56.2000007629,9.43999958038,24.2700004578,41.8300018311,13.4799995422,4.57000017166,27.8799991608,7.96000003815,21.8099994659,175546,0,0,0,0,0,0,0,0,0,0,0,0,0,0,27.4799995422,16.2900009155,15.5200004578,17.9899997711,56.7799987793,9.60000038147,24.8600006104,42.9000015259,13.6199998856,4.84000015259,28.5499992371,8.07999992371,22.6200008392,177720,26.9300003052,15.8400001526,15.2399997711,17.5400009155,56.0999984741,9.17000007629,24.2700004578,41.8300018311,13.25,4.57000017166,27.8799991608,7.73999977112,21.6000003815,175515,27.3700008392,16,15.4499998093,17.7199993134,56.2099990845,9.30000019073,24.7399997711,42.2999992371,13.5600004196,4.78999996185,28.4799995422,8.07999992371,22.3099994659,177720,0,0,0,0,0,0,0,0,0,0,0,0,0,0,5106400,1401200,24253700,58573100,23863700,10508100,2275100,22055300,13835800,17887800,3801600,1779200,6080600,7933600
2026-08-07,26.3768043518,17.0100002289,14.7661581039,17.2911224365,53.1325912476,9.18000030518,24.3299999237,40.7312507629,12.1309337616,4.40000009537,27.7900009155,7.76000022888,21.6299991608,172513,26.9400005341,17.0100002289,14.9499998093,17.3099994659,53.9099998474,9.18000030518,24.3299999237,40.75,12.3900003433,4.40000009537,27.7900009155,7.76000022888,21.6299991608,172513,0,0,0,0,0,0,0,0,0,0,0,0,0,0,27.6000003815,17.25,15.5,17.8199996948,56.6899986267,9.51000022888,24.5699996948,42.1300010681,12.6800003052,4.51000022888,28.0100002289,8.01000022888,21.7800006866,176117,26.6399993896,15.4300003052,14.8400001526,17.25,53.8499984741,8.88000011444,24.0499992371,40.5,11.4300003052,4.15999984741,27.5699996948,7.53000020981,20.8600006104,172131,27.6000003815,16.0100002289,15.4300003052,17.7900009155,56.4000015259,9.47999954224,24.3099994659,42.0099983215,12.3999996185,4.48999977112,27.9099998474,8.01000022888,21.7800006866,175546,0,0,0,0,0,0,0,0,0,0,0,0,0,0,5752400,6333600,26676900,26547600,15220400,13169100,3181500,25577700,106806300,32564400,2719300,2039500,4896500,9159200
2026-08-10,26.4942951202,16.75,14.4896020889,17.1612644196,53.0833129883,8.90999984741,24.6499996185,40.4014015198,11.8665790558,4.32000017166,28.0300006866,7.30000019073,21.6399993896,172180,27.0599994659,16.75,14.6700000763,17.1800003052,53.8600006104,8.90999984741,24.6499996185,40.4199981689,12.1199998856,4.32000017166,28.0300006866,7.30000019073,21.6399993896,172180,0,0,0,0,0,0,0,0,0,0,0,0,0,0,27.0599994659,17.0699996948,15,17.3199996948,54.2799987793,9.22999954224,24.8799991608,40.8800010681,12.529999733,4.65000009537,28.0300006866,7.80000019073,21.8700008392,172936,26.7000007629,16.4799995422,14.6599998474,17.0200004578,53.3499984741,8.88000011444,24.4300003052,40.3400001526,12.0100002289,4.32000017166,27.6100006104,7.30000019073,21.3400001526,171524,26.9599990845,16.9799995422,14.9099998474,17.3099994659,54,9.17000007629,24.6100006104,40.75,12.3100004196,4.40000009537,27.7800006866,7.76000022888,21.6100006104,172513,0,0,0,0,0,0,0,0,0,0,0,0,0,0,2820600,2002500,21473400,31144700,8649700,7898200,3222600,19652700,28773900,24329500,3174900,1025800,2053700,7832600
2026-08-11,25.5054092407,16.3199996948,14.114274025,16.7716903687,50.1300010681,8.67000007629,23.6000003815,38.9820556641,11.7784605026,4.26000022888,27.1299991608,7.13999986649,20.8899993896,167875,26.0499992371,16.3199996948,14.2899999619,16.7900009155,50.1300010681,8.67000007629,23.6000003815,39,12.029999733,4.26000022888,27.1299991608,7.13999986649,20.8899993896,167875,0,0,0,0,0.776689,0,0,0,0,0,0,0,0,0,27.0400009155,16.9500007629,14.75,17.25,54.4399986267,9.10000038147,24.6700000763,40.5499992371,12.4499998093,4.46000003815,27.9899997711,7.53999996185,21.8400001526,172386,26.0400009155,16.2700004578,14.2299995422,16.7700004578,50.0499992371,8.57999992371,23.6000003815,38.7999992371,11.9600000381,4.23000001907,27,7.13999986649,20.6900005341,167569,27,16.7999992371,14.6499996185,17.1700000763,54.2000007629,8.89999961853,24.6000003815,40.4500007629,12.1199998856,4.32000017166,27.8199996948,7.32000017166,21.6499996185,172180,0,0,0,0,0,0,0,0,0,0,0,0,0,0,5141600,1296200,41817200,51847000,38429900,6481600,1994600,44710200,27025200,20936000,2583100,1114700,2921900,9889100
2026-08-12,25.6718578339,15.8800001144,14.0648889542,16.7217445374,49.5999984741,8.38000011444,24.1800003052,38.4123191833,11.4945249557,4.23999977112,27.2600002289,7.05999994278,20.9400005341,167491,26.2199993134,15.8800001144,14.2399997711,16.7399997711,49.5999984741,8.38000011444,24.1800003052,38.4300003052,11.7399997711,4.23999977112,27.2600002289,7.05999994278,20.9400005341,167491,0,0,0,0,0,0,0,0,0,0,0,0,0,0,26.3400001526,16.4200000763,14.470000267,16.8999996185,50.4399986267,8.71000003815,24.1800003052,39.3400001526,12.1700000763,4.32000017166,27.4300003052,7.17000007629,21.1900005341,168310,25.7700004578,15.6700000763,14.1099996567,16.6700000763,49.3699989319,8.35999965668,23.5499992371,38.3899993896,11.6800003052,4.19999980927,26.7600002289,6.98999977112,20.7399997711,167142,26.1100006104,16.3400001526,14.470000267,16.8799991608,50.3800010681,8.69999980927,23.6100006104,39.2099990845,12.1000003815,4.28999996185,27.2299995422,7.11000013351,20.9099998474,167878,0,0,0,0,0,0,0,0,0,0,0,0,0,0,4124600,2459700,52257500,44453700,22461900,7526600,3310000,49492600,23895200,16877300,4843400,1694900,4290300,10593900
2026-08-13,25.5249938965,15.2600002289,14.6180028915,16.6418323517,50.2400016785,8.15999984741,23.9200000763,38.2923736572,11.2693338394,3.98000001907,27.3700008392,7.07999992371,21.2199993134,167101,26.0699996948,15.2600002289,14.8000001907,16.6599998474,50.2400016785,8.15999984741,23.9200000763,38.3100013733,11.5100002289,3.98000001907,27.3700008392,7.07999992371,21.2199993134,167101,0,0,0,0,0,0,0,0,0,0,0,0,0,0,26.7000007629,15.8999996185,14.8500003815,17.0300006866,50.6100006104,8.52999973297,24.5599994659,38.9099998474,11.8699998856,4.26000022888,27.6800003052,7.26000022888,21.3400001526,168516,26.0400009155,14.8500003815,14.1599998474,16.5599994659,49.3400001526,8.10000038147,23.8799991608,38.1599998474,11.4899997711,3.98000001907,27.0900001526,7.01000022888,20.9300003052,166197,26.1900005341,15.3900003433,14.1800003052,16.7299995422,49.6699981689,8.39000034332,24.1000003815,38.3800010681,11.7100000381,4.25,27.3299999237,7.09000015259,20.9899997711,167489,0,0,0,0,0,0,0,0,0,0,0,0,0,0,4200200,5441400,61419200,41325600,15762600,7704200,2033800,24129000,12547000,23618300,3724200,1082700,3050100,10721100
2026-08-14,25.1529388428,14.8699998856,14.4896020889,16.5219631195,51,8,23.7299995422,38.9820556641,10.9756069183,3.91000008583,26.7299995422,6.86000013351,20.8700008392,166934,25.6900005341,14.8699998856,14.6700000763,16.5400009155,51,8,23.7299995422,39,11.2100000381,3.91000008583,26.7299995422,6.86000013351,20.8700008392,166934,0,0,0,0,0,0,0,0,0,0,0,0,0,0,26.0599994659,15.5100002289,14.9600000381,16.6599998474,51.2000007629,8.14999961853,24.0900001526,39.1300010681,11.3699998856,4.01000022888,27.25,7.07999992371,21.2900009155,167100,25.2299995422,14.3999996185,14.3500003815,16.3500003815,49.2200012207,7.88000011444,23.1599998474,37.8699989319,10.8699998856,3.75999999046,26.3799991608,6.67000007629,20.2000007629,164835,26.0400009155,15.1700000763,14.7299995422,16.5599994659,50.0099983215,8.10999965668,23.8500003815,38.2599983215,11.2600002289,3.97000002861,27.25,7.07999992371,21.1599998474,167100,0,0,0,0,0,0,0,0,0,0,0,0,0,0,5725200,3499900,47158200,41889000,16691200,8377800,2804400,39681400,25928100,26559900,5127100,1456200,5819900,10883000
2026-08-17,24.908164978,14.970000267,14.2327985764,16.2023105621,50,7.84000015259,23.4200000763,38.3623428345,10.7895793915,4.23000001907,26.7299995422,6.69000005722,20.6900005341,166784,25.4400005341,14.970000267,14.4099998474,16.2199993134,50,7.84000015259,23.4200000763,38.3800010681,11.0200004578,4.23000001907,26.7299995422,6.69000005722,20.6900005341,166784,0,0,0,0,0,0,0,0,0,0,0,0,0,0,25.8400001526,15.1999998093,14.9399995804,16.5400009155,51.4300003052,8.07999992371,23.7299995422,38.9799995422,11.2600002289,4.25,26.8799991608,6.88000011444,21.1499996185,168007,25.4400005341,14.6099996567,14.4099998474,16.1800003052,49.9000015259,7.80999994278,23.3799991608,38.1699981689,11.0100002289,3.90000009537,26.5400009155,6.69000005722,20.5699996948,166464,25.7000007629,14.8900003433,14.6000003815,16.4899997711,50.8800010681,7.96999979019,23.6200008392,38.9199981689,11.1599998474,3.91000008583,26.6100006104,6.88000011444,20.8600006104,166933,0,0,0,0,0,0,0,0,0,0,0,0,0,0,3330000,1633600,35182900,40198100,14447100,6506700,2100700,21823400,17044400,29857700,2514200,895700,2151900,9037400
2026-08-18,24.8396282196,15.3400001526,14.1241521835,16.1024208069,50.2200012207,7.38000011444,23.2600002289,38.1724281311,10.4175252914,4.28000020981,26.3799991608,6.57000017166,20.5900001526,166335,25.3700008392,15.3400001526,14.3000001907,16.1200008392,50.2200012207,7.38000011444,23.2600002289,38.1899986267,10.6400003433,4.28000020981,26.3799991608,6.57000017166,20.5900001526,166335,0,0,0,0,0,0,0,0,0,0,0,0,0,0,25.5300006866,15.6000003815,14.6999998093,16.3600006104,50.8499984741,7.84000015259,23.5699996948,38.7400016785,11.0699996948,4.30000019073,26.7700004578,6.78999996185,21,168390,25.2000007629,14.9399995804,14.3000001907,16.0499992371,49.8199996948,7.38000011444,23.2199993134,38.0999984741,10.6400003433,4.05000019073,26.3299999237,6.57000017166,20.5799999237,166211,25.4099998474,15.0100002289,14.3100004196,16.25,50,7.82999992371,23.3799991608,38.4799995422,11.0200004578,4.17000007629,26.6700000763,6.67999982834,20.6399993896,166789,0,0,0,0,0,0,0,0,0,0,0,0,0,0,2814300,2352700,18478700,26514900,8424700,10354900,1300800,14745300,18588200,30713600,2808000,1379000,1794500,7598900
2026-08-19,25.133354187,15.3800001144,14.2426757812,16.0025310516,50.5099983215,7.44000005722,23.0499992371,38.3523445129,10.5056428909,4.05000019073,26.4899997711,6.59000015259,20.7700004578,167830,25.6700000763,15.3800001144,14.4200000763,16.0200004578,50.5099983215,7.44000005722,23.0499992371,38.3699989319,10.7299995422,4.05000019073,26.4899997711,6.59000015259,20.7700004578,167830,0,0,0,0,0,0,0,0,0,0,0,0,0,0,26.0100002289,15.8000001907,14.9300003052,16.4699993134,51.4500007629,7.59999990463,23.7900009155,39,10.9499998093,4.42999982834,26.9799995422,6.76999998093,21.0799999237,170341,25.2999992371,15.0900001526,14.3500003815,16,50.2099990845,7.32999992371,22.9300003052,38.1599998474,10.6099996567,4.05000019073,26.1499996185,6.53000020981,20.4300003052,166335,25.8400001526,15.5,14.6700000763,16.3099994659,51.0900001526,7.57000017166,23.7900009155,38.7200012207,10.8699998856,4.34999990463,26.8199996948,6.69000005722,20.9500007629,166337,0,0,0,0,0,0,0,0,0,0,0,0,0,0,6382100,2369800,32229200,38268000,8212000,17490500,3224600,35577300,18853900,26075900,4670900,930800,2471100,9254200
2026-08-20,24.908164978,15.0100002289,14.1636600494,15.7328243256,49.8600006104,7.28000020981,22.5699996948,37.4927406311,10.2804527283,3.88000011444,26.3500003815,6.55000019073,21.2900009155,167927,25.4400005341,15.0100002289,14.3400001526,15.75,49.8600006104,7.28000020981,22.5699996948,37.5099983215,10.5,3.88000011444,26.3500003815,6.55000019073,21.2900009155,167927,0,0,0,0,0,0,0,0,0,0,0,0,0,0,25.8799991608,15.3599996567,14.5699996948,16.0400009155,51,7.5,23.2600002289,38.3400001526,10.8299999237,4.05000019073,26.7700004578,6.71999979019,21.6599998474,169752,25.2800006866,14.8299999237,14.2399997711,15.6800003052,49.6599998474,7.19000005722,22.5699996948,37.3499984741,10.4799995422,3.75999999046,26.1299991608,6.46000003815,20.5499992371,166966,25.4899997711,15.1899995804,14.25,15.9600000381,50.2599983215,7.36999988556,22.9300003052,38.2200012207,10.6400003433,4.03000020981,26.25,6.59000015259,20.5799999237,167827,0,0,0,0,0,0,0,0,0,0,0,0,0,0,3484200,2297900,23844200,36972400,5745900,13406400,2667700,27458900,18622600,37102900,3470700,1665800,2820100,10127200
2026-08-21,25.534784317,15.1400003433,14.9044370651,16.2222900391,51.8499984741,7.63999986649,23.5799999237,38.5822372437,10.7602062225,4.15999984741,26.8600006104,6.82000017166,21.5200004578,171032,26.0799999237,15.1400003433,15.0900001526,16.2399997711,51.8499984741,7.63999986649,23.5799999237,38.5999984741,10.9899997711,4.15999984741,26.8600006104,6.82000017166,21.5200004578,171032,0,0,0,0,0,0,0,0,0,0,0,0,0,0,26.1800003052,15.6899995804,15.0900001526,16.2800006866,52.3300018311,7.75,23.5799999237,38.7200012207,11.0500001907,4.21000003815,27.0100002289,6.86999988556,22.0799999237,171980,25.5200004578,15.1300001144,14.3699998856,15.779999733,50.0699996948,7.32999992371,22.6499996185,37.5600013733,10.6000003815,3.95000004768,26.3700008392,6.55999994278,21.3099994659,167928,25.6399993896,15.1300001144,14.4200000763,15.8400001526,50.3499984741,7.34999990463,22.6499996185,37.7999992371,10.6499996185,3.95000004768,26.6299991608,6.57999992371,21.3400001526,167928,0,0,0,0,0,0,0,0,0,0,0,0,0,0,4158000,4123900,43621500,41406100,13327100,14627600,1907300,29492600,19170900,34903700,4737600,1191300,2305600,10806400
2026-08-24,25.7545223236,14.5399999619,15.2600097656,16.2522583008,52.5999984741,7.5,23.6499996185,38.7121810913,10.427315712,4.15999984741,26.9400005341,6.82000017166,21.6000003815,171907,26.0100002289,14.5399999619,15.4499998093,16.2700004578,52.5999984741,7.5,23.6499996185,38.7299995422,10.6499996185,4.15999984741,26.9400005341,6.82000017166,21.6000003815,171907,0.291918,0,0,0,0,0,0,0,0,0,0,0,0,0,26.1399993896,15.1599998474,15.5100002289,16.5200004578,53.4300003052,7.69999980927,23.8099994659,39.1399993896,10.970000267,4.30999994278,27.1299991608,6.88999986649,21.7000007629,173109,25.3799991608,14.4600000381,14.8400001526,16.0599994659,51.2099990845,7.44000005722,23.1100006104,38.1500015259,10.6499996185,4.03999996185,26.2900009155,6.63000011444,21.1299991608,169330,25.6000003815,15.0699996948,14.8800001144,16.0900001526,51.4700012207,7.51999998093,23.3199996948,38.25,10.8599996567,4.11999988556,26.6000003815,6.80000019073,21.4099998474,171031,0,0,0,0,0,0,0,0,0,0,0,0,0,0,4226500,3807100,33764600,26780200,8525300,7458400,2311100,18970400,16944700,19693300,3397800,1303000,2669400,8442500
2026-08-25,26.299118042,14.6400003433,15.5563211441,16.7617015839,54.2000007629,8,24.3299999237,39.4218521118,10.8483247757,4.53999996185,27.5200004578,7.05000019073,22.0699996948,174577,26.5599994659,14.6400003433,15.75,16.7800006866,54.2000007629,8,24.3299999237,39.4399986267,11.0799999237,4.53999996185,27.5200004578,7.05000019073,22.0699996948,174577,0,0,0,0,0,0,0,0,0,0,0,0,0,0,26.6000003815,14.8900003433,15.8500003815,16.8099994659,54.5200004578,8.02000045776,24.4899997711,39.5699996948,11.1499996185,4.59000015259,27.6200008392,7.07999992371,22.2399997711,174785,25.9599990845,14.5200004578,15.3800001144,16.25,52.6399993896,7.40999984741,23.6399993896,38.4300003052,10.6199998856,4.07999992371,26.9500007629,6.78999996185,21.4400005341,171179,25.9599990845,14.5399999619,15.470000267,16.2800006866,52.6399993896,7.57000017166,23.75,38.8499984741,10.6999998093,4.15999984741,27,6.84999990463,21.6700000763,171898,0,0,0,0,0,0,0,0,0,0,0,0,0,0,3763600,2599300,33217000,46776100,13879400,10649900,2271200,18255700,15727700,30162500,2470300,1742200,2888700,9449100
2026-08-26,26.1703968048,14.8900003433,15.5563211441,16.9714717865,54.0699996948,7.84999990463,24.5,39.4318504333,10.5741796494,4.71000003815,27.4200000763,6.90999984741,22.7000007629,174586,26.4300003052,14.8900003433,15.75,16.9899997711,54.0699996948,7.84999990463,24.5,39.4500007629,10.8000001907,4.71000003815,27.4200000763,6.90999984741,22.7000007629,174586,0,0,0,0,0,0,0,0,0,0,0,0,0,0,26.7999992371,15.1800003052,16.1200008392,17.2900009155,55.7700004578,8.14000034332,24.6900005341,40.1599998474,11.3400001526,4.75,27.8199996948,7.21999979019,22.7700004578,176297,26.2600002289,14.5,15.6899995804,16.7600002289,54.0699996948,7.84999990463,24.2399997711,39.2999992371,10.8000001907,4.5,27.2999992371,6.90999984741,22,174209,26.6599998474,14.7100000381,15.7399997711,16.7800006866,54.5699996948,8.01000022888,24.2399997711,39.5,11.029999733,4.51000022888,27.5300006866,7.09000015259,22.1900005341,174580,0,0,0,0,0,0,0,0,0,0,0,0,0,0,3297900,2808300,26836300,34729800,10206800,8845600,1857600,20036200,18833600,19080700,3270100,1077100,2172000,8850900
2026-08-27,25.9525566101,14.7899999619,15.5365667343,16.9115371704,53.7400016785,8.14000034332,24.1800003052,39.0820083618,10.4077339172,4.84000015259,27.4200000763,6.92000007629,22.6000003815,175135,26.2099990845,14.7899999619,15.7299995422,16.9300003052,53.7400016785,8.14000034332,24.1800003052,39.0999984741,10.6300001144,4.84000015259,27.4200000763,6.92000007629,22.6000003815,175135,0,0,0,0,0,0,0,0,0,0,0,0,0,0,26.5100002289,15.029999733,15.8800001144,17.0400009155,54.3699989319,8.30000019073,24.5599994659,39.4399986267,10.8800001144,4.86000013351,27.6800003052,7.05000019073,22.7399997711,175558,26.1800003052,14.720000267,15.6000003815,16.7999992371,53.3899993896,7.80999994278,24.1800003052,38.8699989319,10.6300001144,4.65000009537,27.2099990845,6.84000015259,22.3799991608,173661,26.2800006866,14.8299999237,15.6199998856,16.8400001526,54.0900001526,7.84999990463,24.3400001526,39.25,10.7100000381,4.65000009537,27.3999996185,6.90999984741,22.7000007629,174584,0,0,0,0,0,0,0,0,0,0,0,0,0,0,3300100,1249900,16678400,23903200,14009600,13550500,1658400,24225700,11718300,17263100,5805800,638900,2650300,7119800
2026-08-28,26.150592804,14.6599998474,15.8427553177,17.0613746643,53.5800018311,8.26000022888,24.1299991608,39.1719665527,10.4762706757,4.61999988556,27.3799991608,6.92999982834,21.9699993134,175665,26.4099998474,14.6599998474,16.0400009155,17.0799999237,53.5800018311,8.26000022888,24.1299991608,39.1899986267,10.6999998093,4.61999988556,27.3799991608,6.92999982834,21.9699993134,175665,0,0,0,0,0,0,0,0,0,0,0,0,0,0,26.4400005341,14.9399995804,16.1100006104,17.1499996185,54.2099990845,8.47000026703,24.5,39.3800010681,10.9499998093,4.90000009537,27.7299995422,7.05000019073,23.1700000763,176421,25.9300003052,14.3199996948,15.5900001526,16.8700008392,52.8400001526,8.09000015259,23.9599990845,38.7299995422,10.5200004578,4.5,27.1100006104,6.75,21.9099998474,173894,26.3199996948,14.8699998856,15.8999996185,17.0100002289,54.0900001526,8.21000003815,24.2999992371,39.3199996948,10.6899995804,4.84999990463,27.6299991608,6.94999980927,22.7700004578,175137,0,0,0,0,0,0,0,0,0,0,0,0,0,0,2344500,2546900,25181700,30888800,7241300,12209800,2478400,20889700,11580500,23096000,3393300,784400,2758600,6597600
2026-08-31,26.4278430939,14.8599996567,16.0205402374,17.1712551117,54.7099990845,8.31999969482,24.5300006866,39.5018196106,10.672088623,4.80999994278,27.9200000763,7.03000020981,22.2800006866,177419,26.6900005341,14.8599996567,16.2199993134,17.1900005341,54.7099990845,8.31999969482,24.5300006866,39.5200004578,10.8999996185,4.80999994278,27.9200000763,7.03000020981,22.2800006866,177419,0,0,0,0,0,0,0,0,0,0,0,0,0,0,26.8600006104,15,16.4400005341,17.3799991608,55.1199989319,8.47000026703,24.8299999237,39.8499984741,10.970000267,4.90000009537,28.0100002289,7.15999984741,22.5,178586,26.3799991608,14.6899995804,16.0799999237,17.1299991608,53.9500007629,8.15999984741,24.2800006866,39.2700004578,10.7299995422,4.65000009537,27.3799991608,6.94999980927,21.9799995422,175665,26.5900001526,14.779999733,16.2199993134,17.2900009155,53.9700012207,8.34000015259,24.4799995422,39.5800018311,10.8299999237,4.67999982834,27.6800003052,7.05000019073,22.1000003815,175665,0,0,0,0,0,0,0,0,0,0,0,0,0,0,4714400,2135400,32513500,40273400,7416300,19293200,2437600,25694900,16084800,25643500,4207700,1475000,2543800,9998200
2026-09-01,27.0516548157,15.0699996948,16.4156227112,17.3810253143,55.9700012207,8.77000045776,25.0699996948,39.8800010681,10.828742981,4.61999988556,28.3500003815,7.23999977112,22.5,179723,27.3199996948,15.0699996948,16.6200008392,17.3999996185,55.9700012207,8.77000045776,25.0699996948,39.8800010681,11.0600004196,4.61999988556,28.3500003815,7.23999977112,22.5,179723,0,0,0,0,0,0,0,0.018182,0,0,0,0,0,0,27.6900005341,15.4099998474,16.8799991608,17.5400009155,56.75,8.85000038147,25.5200004578,40.4199981689,11.3000001907,4.98999977112,28.7299995422,7.36999988556,22.8700008392,181061,26.7199993134,14.6700000763,16.1599998474,17.0599994659,54.7099990845,8.15999984741,24.6200008392,39.3600006104,10.8599996567,4.59999990463,27.8700008392,6.98999977112,22.2199993134,177300,26.8600006104,14.9899997711,16.3899993896,17.3400001526,55.3600006104,8.35999965668,24.75,39.7799987793,10.9899997711,4.84999990463,28.0900001526,7,22.4699993134,177436,0,0,0,0,0,0,0,0,0,0,0,0,0,0,8040900,1941600,55222400,45884200,14181700,12959100,3596400,27032600,18261300,28276800,5584800,1583600,1297300,9836300
2026-09-02,28.2497711182,16.7700004578,17.0477523804,17.75,57.6800003052,9.39000034332,26.0100002289,41.4099998474,11.1028881073,5.40000009537,29.4300003052,7.38000011444,23.7600002289,185205,28.5300006866,16.7700004578,17.2600002289,17.75,57.6800003052,9.39000034332,26.0100002289,41.4099998474,11.3400001526,5.40000009537,29.4300003052,7.38000011444,23.7600002289,185205,0,0,0,0.018975,0,0,0,0,0,0,0,0,0,0,28.6299991608,17.2099990845,17.5699996948,17.8099994659,58.7799987793,9.57999992371,26.25,41.5999984741,11.6099996567,5.75,29.7099990845,7.75,23.9599990845,186028,27.4599990845,16.3500003815,16.7099990845,17.4799995422,56.0499992371,8.75,25.1000003815,40,11.029999733,4.67000007629,28.4599990845,7.11999988556,22.3799991608,179734,27.5599994659,16.6700000763,16.7399997711,17.6200008392,56.6699981689,8.85000038147,25.25,40.2700004578,11.1499996185,4.75,28.5,7.30000019073,22.6700000763,179734,0,0,0,0,0,0,0,0,0,0,0,0,0,0,7907200,9141200,41077700,90113300,11058600,13800800,3607800,44023900,15952800,65931300,7166000,6911100,3596900,13716400
2026-09-03,28.7349567413,17.0799999237,17.1366462708,17.7900009155,58.8100013733,9.31999969482,26.5699996948,41.9199981689,11.1616334915,5.55999994278,30.3500003815,7.34999990463,23.2700004578,185188,29.0200004578,17.0799999237,17.3500003815,17.7900009155,58.8100013733,9.31999969482,26.5699996948,41.9199981689,11.3999996185,5.55999994278,30.3500003815,7.34999990463,23.2700004578,185188,0,0,0,0,0,0,0,0,0,0,0,0,0,0,29.6200008392,17.7900009155,17.8999996185,18.1200008392,60.1300010681,9.75,26.8899993896,42.5800018311,11.8400001526,5.88000011444,30.9099998474,7.61999988556,24.8799991608,188892,28.9200000763,16.7000007629,17.3500003815,17.6499996185,58.1300010681,9.23999977112,26.2199993134,41.5900001526,11.3999996185,5.5,30.0200004578,7.34999990463,23.2099990845,184718,29.0100002289,17.1000003815,17.6000003815,17.9599990845,59.4300003052,9.75,26.2999992371,41.8699989319,11.779999733,5.71000003815,30.2299995422,7.53999996185,24.1100006104,185218,0,0,0,0,0,0,0,0,0,0,0,0,0,0,8780600,4885900,42865600,75715700,14273100,9252000,2876600,42338500,25440100,41714000,8051200,1475100,2810300,11170900
2026-09-04,28.5270195007,17.6900005341,17.1564006805,17.8999996185,59.2400016785,9.21000003815,26.4300003052,41.9199981689,11.1126794815,5.78999996185,30.1800003052,7.15999984741,23.1299991608,185147,28.8099994659,17.6900005341,17.3700008392,17.8999996185,59.2400016785,9.21000003815,26.4300003052,41.9199981689,11.3500003815,5.78999996185,30.1800003052,7.15999984741,23.1299991608,185147,0,0,0,0,0,0,0,0,0,0,0,0,0,0,29.0599994659,17.6900005341,17.6100006104,17.9799995422,59.8199996948,9.43999958038,26.7199993134,42.4900016785,11.5699996948,5.86999988556,30.4899997711,7.40000009537,23.5499992371,186545,28.5699996948,16.6700000763,17.1200008392,17.6299991608,58.1300010681,9.06999969482,26.1599998474,41.3899993896,11.1499996185,5.48000001907,29.8899993896,7.15000009537,23.0599994659,183252,28.9500007629,16.9899997711,17.25,17.7399997711,58.6599998474,9.23999977112,26.5699996948,41.9199981689,11.3400001526,5.51999998093,30.3600006104,7.32999992371,23.0599994659,185191,0,0,0,0,0,0,0,0,0,0,0,0,0,0,4061500,3075800,29092100,44532700,8156400,5155400,2782300,23959900,11265900,31939100,3758800,3181300,1450800,8300200
2026-09-08,28.9329910278,17.0499992371,17.423078537,18.2199993134,60.5299987793,9.35999965668,26.4400005341,42.4300003052,11.3770341873,5.82999992371,30.3400001526,7.44000005722,22.7999992371,187367,29.2199993134,17.0499992371,17.6399993896,18.2199993134,60.5299987793,9.35999965668,26.4400005341,42.4300003052,11.6199998856,5.82999992371,30.3400001526,7.44000005722,22.7999992371,187367,0,0,0,0,0,0,0,0,0,0,0,0,0,0,29.4899997711,18.2800006866,17.8799991608,18.4899997711,61.2999992371,9.56000041962,27.1800003052,43.1500015259,11.8599996567,6.15000009537,30.9200000763,7.53999996185,23.8400001526,189488,28.9599990845,16.75,17.5499992371,18.0799999237,59.9500007629,9.31999969482,26.1599998474,42.3499984741,11.5699996948,5.80000019073,30.0300006866,7.23000001907,22.7700004578,185208,29.3199996948,17.8700008392,17.6800003052,18.1000003815,60,9.40999984741,26.7900009155,42.6300010681,11.5900001526,5.96999979019,30.75,7.23000001907,23.4899997711,185208,0,0,0,0,0,0,0,0,0,0,0,0,0,0,5794500,3813700,35875800,43084300,16775900,6635600,3468900,23857400,17505000,30332900,7424700,3611800,1716400,9250000
2026-09-09,28.2398681641,16.6399993896,17.0773849487,17.7900009155,59.0600013733,9.07999992371,25.9799995422,41.5900001526,11.1028881073,5.57000017166,29.8700008392,7.09999990463,22.3799991608,185629,28.5200004578,16.6399993896,17.2900009155,17.7900009155,59.0600013733,9.07999992371,25.9799995422,41.5900001526,11.3400001526,5.57000017166,29.8700008392,7.09999990463,22.3799991608,185629,0,0,0,0,0,0,0,0,0,0,0,0,0,0,28.9500007629,17,17.5100002289,18.1499996185,59.8400001526,9.32999992371,26.3099994659,42.1899986267,11.5399999619,5.82999992371,30.1900005341,7.57000017166,22.75,187362,28.2999992371,16.1000003815,17.0799999237,17.7399997711,58.2799987793,8.97999954224,25.75,41.2599983215,11.2100000381,5.57000017166,29.6100006104,7.05000019073,22.1499996185,184810,28.9200000763,16.9899997711,17.4699993134,18,59.8400001526,9.27999973297,26.1599998474,42.0400009155,11.5200004578,5.82999992371,29.8899993896,7.48999977112,22.75,187362,0,0,0,0,0,0,0,0,0,0,0,0,0,0,3908600,4002600,57684700,30056500,12264400,6444200,2093400,29329700,17256600,29970400,2872800,1609700,1298400,8314900
2026-09-10,28.7844657898,17,17.4428329468,18.4799995422,60.4500007629,9.35999965668,26.5300006866,42.3499984741,11.2105884552,5.94000005722,30.3899993896,7.32000017166,22.75,188269,29.0699996948,17,17.6599998474,18.4799995422,60.4500007629,9.35999965668,26.5300006866,42.3499984741,11.4499998093,5.94000005722,30.3899993896,7.32000017166,22.75,188269,0,0,0,0,0,0,0,0,0,0,0,0,0,0,29.2099990845,17.0499992371,17.8099994659,18.5499992371,61.0999984741,9.40999984741,26.7199993134,42.8100013733,11.5500001907,5.94000005722,30.6200008392,7.38000011444,22.9400005341,188539,28.2000007629,16.3999996185,16.9799995422,17.6599998474,58.3899993896,8.85999965668,25.7299995422,41.2000007629,11.1599998474,5.40999984741,29.4599990845,6.96999979019,22.2299995422,184601,28.4599990845,16.5,17.1499996185,17.75,58.7099990845,8.97000026703,25.7299995422,41.5,11.2299995422,5.5,29.5900001526,7.01999998093,22.3700008392,185622,0,0,0,0,0,0,0,0,0,0,0,0,0,0,3944100,2287300,83504800,51431900,11016500,10259400,2648600,35626000,17733000,33953500,4072300,1590000,1962800,10299400
2026-09-11,28.3487873077,16.4300003052,17.0675067902,18.5900001526,60.8199996948,9.35000038147,26.0699996948,42.7299995422,11.0930976868,5.76000022888,30.0699996948,7.09000015259,22.3299999237,187207,28.6299991608,16.4300003052,17.2800006866,18.5900001526,60.8199996948,9.35000038147,26.0699996948,42.7299995422,11.3299999237,5.76000022888,30.0699996948,7.09000015259,22.3299999237,187207,0,0,0,0,0,0,0,0,0,0,0,0,0,0,29.2099990845,17.3199996948,17.8299999237,18.5900001526,61.0699996948,9.65999984741,26.7099990845,42.7700004578,11.7299995422,6.01999998093,30.6000003815,7.38000011444,22.8799991608,188586,28.4699993134,16.3500003815,17.2000007629,18.3700008392,60.3300018311,9.27999973297,25.9699993134,42.2200012207,11.3000001907,5.69999980927,29.9599990845,6.98999977112,22.1700000763,186208,29.0799999237,17.0100002289,17.7999992371,18.5,61.0200004578,9.40999984741,26.5599994659,42.5499992371,11.4600000381,5.86999988556,30.5100002289,7.30999994278,22.6900005341,188268,0,0,0,0,0,0,0,0,0,0,0,0,0,0,3688300,2144200,32548400,34171600,7836500,7924000,2241300,17572900,45006300,23852200,2438800,1483400,2085700,8480500
2026-09-14,28.160654068,15.7700004578,17.1564006805,18.3299999237,60.4799995422,9.35000038147,25.7600002289,42.3499984741,10.9756069183,5.57000017166,29.8299999237,7.05000019073,22.3999996185,185501,28.4400005341,15.7700004578,17.3700008392,18.3299999237,60.4799995422,9.35000038147,25.7600002289,42.3499984741,11.2100000381,5.57000017166,29.8299999237,7.05000019073,22.3999996185,185501,0,0,0,0,0,0,0,0,0,0,0,0,0,0,28.4799995422,16.2000007629,17.4400005341,18.4400005341,61,9.44999980927,25.9799995422,42.5800018311,11.3299999237,5.71000003815,30.0599994659,7.11000013351,22.6599998474,187321,27.8199996948,15.6899995804,16.8099994659,18.1200008392,59.0900001526,9.01000022888,25.3199996948,41.6500015259,10.970000267,5.53000020981,29.1100006104,6.86000013351,21.8799991608,183813,27.9099998474,16.1000003815,16.8500003815,18.2000007629,59.1199989319,9.06000041962,25.3600006104,41.8600006104,11.0399999619,5.59999990463,29.1800003052,6.92000007629,22.1800003052,187188,0,0,0,0,0,0,0,0,0,0,0,0,0,0,4292700,2761600,38229400,21528800,8470300,5592300,1807200,21585700,12443900,18596800,3676600,934800,2104900,7537100
2026-09-15,28.2497711182,15.3000001907,17.205783844,18.2000007629,60.2000007629,9.26000022888,25.8500003815,42.6699981689,10.9168605804,5.57000017166,30.1900005341,6.98000001907,22.4400005341,186503,28.5300006866,15.3000001907,17.4200000763,18.2000007629,60.2000007629,9.26000022888,25.8500003815,42.6699981689,11.1499996185,5.57000017166,30.1900005341,6.98000001907,22.4400005341,186503,0,0,0,0,0,0,0,0,0,0,0,0,0,0,28.6700000763,15.9899997711,17.6100006104,18.4599990845,60.9799995422,9.43999958038,26.0799999237,42.8400001526,11.3599996567,5.69000005722,30.3400001526,7.09000015259,22.6900005341,187651,28.25,15.3000001907,17.2000007629,18.1399993896,60.0600013733,9.18000030518,25.7099990845,42.0999984741,11.1199998856,5.44999980927,29.7900009155,6.96000003815,22.2800006866,185056,28.5100002289,15.8199996948,17.5599994659,18.4500007629,60.9799995422,9.43000030518,25.8099994659,42.6500015259,11.3199996948,5.63000011444,30.0200004578,7.09000015259,22.4599990845,185502,0,0,0,0,0,0,0,0,0,0,0,0,0,0,2870100,2631800,28718200,24044300,5207200,5668700,1206100,16895900,8457600,19232000,4824500,716400,1345300,6681800
2026-09-16,28.1804561615,15.029999733,17.363817215,18.2099990845,60.8300018311,9.22000026703,25.8600006104,42.6199989319,11.2595424652,5.94000005722,30.0599994659,7.09000015259,22.7199993134,185548,28.4599990845,15.029999733,17.5799999237,18.2099990845,60.8300018311,9.22000026703,25.8600006104,42.6199989319,11.5,5.94000005722,30.0599994659,7.09000015259,22.7199993134,185548,0,0,0,0,0,0,0,0,0,0,0,0,0,0,28.8099994659,15.3800001144,17.7600002289,18.25,61.2000007629,9.39999961853,26.1299991608,42.6899986267,11.5799999237,5.96999979019,30.4799995422,7.17999982834,23.0699996948,186738,28.3999996185,14.9600000381,17.3199996948,17.9699993134,59.8100013733,9.10000038147,25.6800003052,42.0099983215,11.1000003815,5.53000020981,29.9599990845,6.94999980927,22.3099994659,184754,28.5300006866,15.3400001526,17.3700008392,18.2099990845,60.1699981689,9.27000045776,25.6800003052,42.5200004578,11.1300001144,5.57000017166,30.2000007629,6.98999977112,22.3899993896,186503,0,0,0,0,0,0,0,0,0,0,0,0,0,0,9049300,3684600,30862100,34375100,10448200,7545900,2036000,24595900,16107400,29986100,3439100,697500,2362200,8922800
2026-09-17,28.0121269226,14.8100004196,17.3835716248,18.1499996185,61.1399993896,8.89000034332,25.5699996948,42.5800018311,10.9070701599,5.78999996185,29.6200008392,6.80000019073,22.3899993896,185992,28.2900009155,14.8100004196,17.6000003815,18.1499996185,61.1399993896,8.89000034332,25.5699996948,42.5800018311,11.1400003433,5.78999996185,29.6200008392,6.80000019073,22.3899993896,185992,0,0,0,0,0,0,0,0,0,0,0,0,0,0,28.7600002289,15.1999998093,17.7900009155,18.2600002289,61.6699981689,9.30000019073,26.1000003815,43.0800018311,11.5500001907,6.05000019073,30.3799991608,7.17000007629,22.9899997711,186885,27.8299999237,14.6800003052,17.2399997711,17.8500003815,59.8499984741,8.69999980927,25.3700008392,42.0200004578,11.1300001144,5.67999982834,29.1599998474,6.80000019073,22.2600002289,183242,28.7600002289,15.1999998093,17.7299995422,18.1900005341,60.8300018311,9.27999973297,26.0400009155,42.7900009155,11.5,5.98000001907,30.2099990845,7.09999990463,22.9300003052,185550,0,0,0,0,0,0,0,0,0,0,0,0,0,0,5922600,2608300,31853100,40269400,7134900,12559200,1170100,22766400,29953300,29045700,3486100,1359900,1162500,8622500
2026-09-18,28.5864315033,14.3000001907,17.3736934662,17.9899997711,61.4000015259,8.93999958038,26.2199993134,42.3300018311,10.9364433289,5.84999990463,30.6499996185,6.86000013351,22.5799999237,185229,28.8700008392,14.3000001907,17.5900001526,17.9899997711,61.4000015259,8.93999958038,26.2199993134,42.3300018311,11.1700000763,5.84999990463,30.6499996185,6.86000013351,22.5799999237,185229,0,0,0,0,0,0,0,0,0,0,0,0,0,0,28.8700008392,14.8100004196,17.7000007629,18.1100006104,61.5999984741,9.01000022888,26.2199993134,42.5999984741,11.279999733,5.92999982834,30.6499996185,6.90999984741,22.6000003815,185991,28.0499992371,14.3000001907,17.3899993896,17.8999996185,60.4799995422,8.57999992371,25.2999992371,41.9799995422,11.0100002289,5.59000015259,29.3899993896,6.69999980927,22.0100002289,184461,28.1499996185,14.7399997711,17.4400005341,18.0900001526,60.6199989319,8.77999973297,25.3600006104,42.4000015259,11.1700000763,5.86999988556,29.4699993134,6.78999996185,22.3400001526,185991,0,0,0,0,0,0,0,0,0,0,0,0,0,0,5027400,5325800,67879900,53315800,9462600,14509600,4593200,29168400,17940300,24875900,8336600,1380200,1719800,11463500
2026-09-21,29.4082775116,14.9799995422,18.0058231354,18.1599998474,63.5,9.52999973297,26.9500007629,43.0800018311,11.3476610184,5.98000001907,31.5200004578,6.98999977112,23.8199996948,186596,29.7000007629,14.9799995422,18.2299995422,18.1599998474,63.5,9.52999973297,26.9500007629,43.0800018311,11.5900001526,5.98000001907,31.5200004578,6.98999977112,23.8199996948,186596,0,0,0,0,0,0,0,0,0,0,0,0,0,0,29.8700008392,15.0699996948,18.3799991608,18.2299995422,63.7700004578,9.53999996185,27.1000003815,43.25,11.6899995804,6.07999992371,31.8299999237,7.11000013351,24,187434,29.0100002289,14.3100004196,17.75,18.0100002289,61.6800003052,9.03999996185,26.3999996185,42.7000007629,11.2899999619,5.86999988556,30.75,6.86999988556,22.6200008392,185247,29.0100002289,14.4499998093,17.7800006866,18.1499996185,61.7000007629,9.05000019073,26.3999996185,42.7000007629,11.3299999237,5.96999979019,30.9200000763,6.86999988556,22.6200008392,185247,0,0,0,0,0,0,0,0,0,0,0,0,0,0,5891600,2960200,49189900,54948000,13763400,8747800,3918900,15632800,12993000,22162400,6271100,1008200,4976700,8663200
2026-09-22,29.4280796051,14.8699998856,18.2033653259,18.4300003052,63.9500007629,9.42000007629,26.8099994659,43.1800003052,11.2693338394,5.90000009537,31.4400005341,7.26000022888,22.7800006866,187423,29.7199993134,14.8699998856,18.4300003052,18.4300003052,63.9500007629,9.42000007629,26.8099994659,43.1800003052,11.5100002289,5.90000009537,31.4400005341,7.26000022888,22.7800006866,187423,0,0,0,0,0,0,0,0,0,0,0,0,0,0,29.8299999237,15.0900001526,18.5300006866,18.4400005341,64,9.57999992371,26.8899993896,43.4399986267,11.5699996948,6.01999998093,31.6299991608,7.26000022888,23.7900009155,187672,29.4300003052,14.6099996567,18.0300006866,17.9200000763,62.8199996948,9.25,26.6200008392,42.4799995422,11.3699998856,5.78000020981,31.2999992371,6.94000005722,22.1200008392,184977,29.6900005341,14.9200000763,18.1200008392,18.0499992371,63.0999984741,9.43999958038,26.8400001526,42.7700004578,11.529999733,5.92999982834,31.3400001526,6.98999977112,23.7600002289,186578,0,0,0,0,0,0,0,0,0,0,0,0,0,0,11646600,2444800,83679000,44514900,11722500,9873600,2099300,24184400,19996800,20617100,5324000,1594400,9265200,9590000
2026-09-23,29.3400001526,14.8999996185,18.0400009155,18.0300006866,63.6500015259,9.35000038147,26.7999992371,42.3699989319,11.1700000763,6.11999988556,31.4400005341,6.94000005722,22.3099994659,185814,29.3400001526,14.8999996185,18.0400009155,18.0300006866,63.6500015259,9.35000038147,26.7999992371,42.3699989319,11.1700000763,6.11999988556,31.4400005341,6.94000005722,22.3099994659,185814,0.291919,0,0.226635,0,0,0,0,0,0.240666,0,0,0,0,0,29.6700000763,15.4099998474,18.4899997711,18.6599998474,64.3199996948,9.57999992371,27.1200008392,43.7200012207,11.5,6.28999996185,32.0099983215,7.21999979019,23.1700000763,188772,29.0599994659,14.5799999237,17.9699993134,18.0300006866,63.0699996948,9.23999977112,26.4099998474,42.3499984741,11.1099996567,5.78000020981,30.8299999237,6.94000005722,22.2399997711,185676,29.1499996185,14.6999998093,18.0400009155,18.1800003052,63.5800018311,9.32999992371,26.5900001526,42.7000007629,11.2100000381,5.80999994278,31.0499992371,7.19999980927,22.6000003815,187420,0,0,0,0,0,0,0,0,0,0,0,0,0,0,2837400,2532500,46402400,39576500,11058500,4795000,3933800,19305500,11573000,37917600,6093900,1322000,2114000,8997400
2026-09-24,29.1200008392,14.5,17.8199996948,17.7800006866,62.7000007629,9.28999996185,26.3999996185,41.8699989319,10.970000267,6.30000019073,31.1599998474,6.78000020981,21.7700004578,183966,29.1200008392,14.5,17.8199996948,17.7800006866,62.7000007629,9.28999996185,26.3999996185,41.8699989319,10.970000267,6.30000019073,31.1599998474,6.78000020981,21.7700004578,183966,0,0,0,0,0,0,0,0,0,0,0,0,0,0,29.4899997711,14.9399995804,18.0900001526,18.1000003815,63.8600006104,9.42000007629,26.9500007629,42.6500015259,11.2299995422,6.30000019073,31.6200008392,6.98999977112,22.5699996948,186211,28.8700008392,14.4099998474,17.7000007629,17.6599998474,62.5,9.10999965668,26.2999992371,41.8600006104,10.9600000381,5.94999980927,31.1299991608,6.78000020981,21.2099990845,183835,29.4899997711,14.9300003052,18,18.0799999237,63.8300018311,9.35999965668,26.9500007629,42.5499992371,11.1999998093,6.13000011444,31.4400005341,6.94000005722,22.3999996185,185829,0,0,0,0,0,0,0,0,0,0,0,0,0,0,3664800,2993900,43921400,34713200,9817700,9287000,3010400,14855800,13701100,32722700,2965300,1055400,7853900,8612600
2026-09-25,28.9799995422,16.3799991608,17.9599990845,17.8799991608,62.7000007629,9.26000022888,26.7999992371,42.1300010681,11.1199998856,6.76000022888,31.1000003815,6.86999988556,22.2800006866,183477,28.9799995422,16.3799991608,17.9599990845,17.8799991608,62.7000007629,9.26000022888,26.7999992371,42.1300010681,11.1199998856,6.76000022888,31.1000003815,6.86999988556,22.2800006866,183477,0,0,0,0,0,0,0,0,0,0,0,0,0,0,29.3099994659,17.3199996948,18.0300006866,17.9500007629,63.0999984741,9.43000030518,26.7999992371,42.4300003052,11.220000267,6.76000022888,31.3899993896,6.94999980927,22.6100006104,184215,28.5900001526,14.3900003433,17.6100006104,17.6499996185,61.9000015259,9.17000007629,25.8600006104,41.7200012207,10.8900003433,6.21999979019,30.6499996185,6.75,21.6800003052,182151,29.0400009155,14.5,17.7600002289,17.7399997711,62.5999984741,9.28999996185,26.2800006866,41.8499984741,10.9799995422,6.26999998093,31.0499992371,6.78000020981,21.75,183963,0,0,0,0,0,0,0,0,0,0,0,0,0,0,2778400,9668900,17058300,21337600,6186000,7363500,4185000,16444600,8712300,40065400,2083800,1257100,3558000,7123200
