data,nav,retorno_diario,multiplicador_vol,nav_sem_vol_target
2020-02-03,99850.0,-0.0014999999999999458,1.0,99850.0
2020-02-04,100511.5980044971,0.006625918923355956,1.0,100511.5980044971
2020-02-05,101034.42727092504,0.005201680968245581,1.0,101034.42727092504
2020-02-06,101746.35489971771,0.0070463865439016615,1.0,101746.3548997177
2020-02-07,101630.4775497052,-0.0011388845342588105,1.0,101630.4775497052
2020-02-10,102913.83355472122,0.012627668746202136,1.0,102913.83355472122
2020-02-11,103454.5157250132,0.005253736564040379,1.0,103454.51572501322
2020-02-12,104877.32712937056,0.013753014011870235,1.0,104877.32712937058
2020-02-13,103783.48211957343,-0.010429756742826202,1.0,103783.48211957344
2020-02-14,105038.58462442417,0.012093470745226043,1.0,105038.5846244242
2020-02-18,106597.4425983657,0.014840812826214078,1.0,106597.44259836573
2020-02-19,111592.95943304262,0.04686338351942321,1.0,111592.95943304265
2020-02-20,108959.9015078891,-0.023595197569192372,1.0,108959.90150788914
2020-02-21,106155.28628706539,-0.025739883957408338,1.0,106155.28628706544
2020-02-24,105340.02792860409,-0.007679865854788193,1.0,105340.02792860413
2020-02-25,104712.31418278381,-0.005958928986099399,1.0,104712.31418278386
2020-02-26,104674.04068806084,-0.0003655109241132992,1.0,104674.04068806086
2020-02-27,104674.04068806084,0.0,1.0,104674.04068806086
2020-02-28,104674.04068806084,0.0,1.0,104674.04068806086
2020-03-02,104661.16093412756,-0.00012304630497317337,1.0,104661.16093412759
2020-03-03,104048.27698769132,-0.005855887140617355,1.0,104048.27698769135
2020-03-04,104290.81721730348,0.0023310355215286904,1.0,104290.81721730351
2020-03-05,104196.73549844637,-0.0009021093262802093,1.0,104196.7354984464
2020-03-06,103796.68985525634,-0.0038393299106380674,1.0,103796.68985525638
2020-03-09,103796.68985525634,0.0,1.0,103796.68985525638
2020-03-10,103796.68985525634,0.0,1.0,103796.68985525638
2020-03-11,103796.68985525634,0.0,1.0,103796.68985525638
2020-03-12,103796.68985525634,0.0,1.0,103796.68985525638
2020-03-13,103796.68985525634,0.0,1.0,103796.68985525638
2020-03-16,103796.68985525634,0.0,1.0,103796.68985525638
2020-03-17,103796.68985525634,0.0,1.0,103796.68985525638
2020-03-18,103796.68985525634,0.0,1.0,103796.68985525638
2020-03-19,103796.68985525634,0.0,1.0,103796.68985525638
2020-03-20,103796.68985525634,0.0,1.0,103796.68985525638
2020-03-23,103796.68985525634,0.0,1.0,103796.68985525638
2020-03-24,103796.68985525634,0.0,1.0,103796.68985525638
2020-03-25,103796.68985525634,0.0,1.0,103796.68985525638
2020-03-26,103796.68985525634,0.0,1.0,103796.68985525638
2020-03-27,104015.45307450843,0.00210761267586812,1.0,104015.45307450846
2020-03-30,104224.17817180656,0.0020066739232353914,1.0,104224.17817180659
2020-03-31,104224.17817180656,0.0,1.0,104224.17817180659
2020-04-01,104221.87608041147,-2.208788244206783e-05,1.0,104221.87608041152
2020-04-02,104221.87608041147,0.0,1.0,104221.87608041152
2020-04-03,104221.87608041147,0.0,1.0,104221.87608041152
2020-04-06,104221.87608041147,0.0,1.0,104221.87608041152
2020-04-07,102273.51218719245,-0.018694385156872273,1.0,102273.5121871925
2020-04-08,102718.69465210375,0.004352861805473784,1.0,102718.69465210378
2020-04-09,100686.1712662101,-0.019787278185120494,1.0,100686.17126621015
2020-04-13,101348.98213143922,0.006582938420378159,1.0,101348.98213143926
2020-04-14,103926.81839934355,0.025435245758671288,1.0,103926.81839934361
2020-04-15,101022.08039905442,-0.027949840522660252,1.0,101022.08039905448
2020-04-16,102194.59221617367,0.011606490506705258,1.0,102194.59221617373
2020-04-17,105681.10755629576,0.03411643673617304,1.0,105681.10755629581
2020-04-20,103373.12019105842,-0.021839167081097233,1.0,103373.12019105846
2020-04-21,100238.30918268148,-0.0303252044881982,1.0,100238.30918268152
2020-04-22,106132.54221822103,0.05880219931480957,1.0,106132.54221822106
2020-04-23,106081.71347164761,-0.00047891763931295905,1.0,106081.71347164763
2020-04-24,108757.22306309483,0.025221213948078747,1.0,108757.22306309485
2020-04-27,111565.50027610087,0.025821523701251792,1.0,111565.50027610088
2020-04-28,110577.65564228316,-0.008854391647713622,1.0,110577.65564228318
2020-04-29,113852.5841128045,0.029616548221239825,1.0,113852.58411280451
2020-04-30,111290.32559644876,-0.022505053673766984,1.0,111290.32559644878
2020-05-01,107604.16492675699,-0.03312202251126661,1.0,107604.164926757
2020-05-04,106990.68373844645,-0.005701277350445788,1.0,106990.68373844645
2020-05-05,107772.66115429836,0.007308836512939454,1.0,107772.66115429836
2020-05-06,108602.44058332578,0.007699349910636588,1.0,108602.44058332578
2020-05-07,109031.03407082387,0.00394644434504432,1.0,109031.03407082385
2020-05-08,112512.96487647729,0.03193522684001726,1.0,112512.96487647726
2020-05-11,113531.45417153716,0.009052194973068417,1.0,113531.45417153713
2020-05-12,111431.14641735212,-0.018499787301337944,1.0,111431.1464173521
2020-05-13,108870.96828307286,-0.022975426679094135,1.0,108870.96828307281
2020-05-14,111229.95692823103,0.021667747447828622,1.0,111229.956928231
2020-05-15,112730.13927163396,0.013487214998841424,1.0,112730.13927163392
2020-05-18,116242.06339417036,0.03115337340331048,1.0,116242.06339417033
2020-05-19,115762.4619752394,-0.004125885285644393,1.0,115781.62503812692
2020-05-20,116747.27924057574,0.008507224609191288,0.8896597343995357,116888.76774868391
2020-05-21,115527.83361153516,-0.010445173857351442,0.8896597343995357,115516.41891249585
2020-05-22,116554.10103292514,0.008883291491821987,0.8896597343995357,116669.85542492126
2020-05-26,117364.47198455651,0.006952745072457356,0.8896597343995357,117581.63745915868
2020-05-27,117112.77043594173,-0.002144614501805031,0.8896597343995357,117298.1950652966
2020-05-28,116548.68428303841,-0.004816606684339808,0.8896597343995357,116663.14410303874
2020-05-29,116491.40600623,-0.0004914536544172732,0.8896597343995357,116598.69864564828
2020-06-01,118289.85798272987,0.015438494891234056,0.8896597343995357,118622.06594413612
2020-06-02,118064.0739303629,-0.0019087355096828462,0.8896597343995357,118367.56622840792
2020-06-03,119510.6973508146,0.012252867212637186,0.8896597343995357,119997.78732890383
2020-06-04,119938.8855376125,0.003582844015552533,0.8896597343995357,120481.04327225736
2020-06-05,122197.15374850506,0.018828490866578784,0.8896597343995357,123030.86781206152
2020-06-08,124957.9541160282,0.022593000596438984,0.8896597343995357,126155.24937321465
2020-06-09,122564.8653707627,-0.019151151778968978,0.8896597343995357,123439.58378215498
2020-06-10,125182.19734445526,0.02135466771635608,0.8896597343995357,126402.52702077685
2020-06-11,119482.16101028275,-0.04553392139689083,0.8896597343995357,119933.0842583514
2020-06-12,120052.66826263543,0.004774832054666112,0.8896597343995357,120576.7689312542
2020-06-15,120031.61602824037,-0.000175358321474417,0.8896597343995357,120553.00238434752
2020-06-16,120294.768659497,0.0021923609792500187,0.8896597343995357,120850.07742117297
2020-06-17,119947.50148474528,-0.002886801966714647,0.8896597343995357,120457.93846322347
2020-06-18,120063.29945862594,0.0009654054686198954,0.8896597343995357,120588.65220470753
2020-06-19,119589.63895878135,-0.003945089814959002,0.8896597343995357,120053.91623182064
2020-06-22,119050.31280179226,-0.0045098067164077715,0.8896597343995357,119445.34653172204
2020-06-23,119050.31280179226,0.0,0.8896597343995357,119445.34653172204
2020-06-24,119050.31280179226,0.0,0.8896597343995357,119445.34653172204
2020-06-25,119050.31280179226,0.0,0.8896597343995357,119445.34653172204
2020-06-26,118870.71055478169,-0.0015086247384296092,0.8896597343995357,119242.79920075885
2020-06-29,119032.29656702754,0.001359342528463925,0.8896597343995357,119424.99448497735
2020-06-30,119612.43944487747,0.004873827478605763,0.8896597343995357,120079.24104379915
2020-07-01,120205.8543361833,0.004961146968156971,0.8896597343995357,120748.8574596136
2020-07-02,120155.57707086804,-0.0004182597061758164,0.8896597343995357,120692.08925971726
2020-07-06,122315.41077026546,0.017975309611500956,0.8896597343995357,123130.63692936828
2020-07-07,121605.72199420587,-0.005802120694280655,0.8896597343995357,122327.61214471841
2020-07-08,123268.33045455875,0.013672123589974605,0.8896597343995357,124207.51989713332
2020-07-09,124020.3264121259,0.0061004797809309785,0.8896597343995357,125059.22244640456
2020-07-10,125165.97638836304,0.009237598459707952,0.8896597343995357,126357.74910325378
2020-07-13,121927.15803863003,-0.025876188107890052,0.8896597343995357,122682.57222577918
2020-07-14,123728.48603186615,0.014773804476484242,0.8896597343995357,124719.8548684056
2020-07-15,130934.88434176665,0.05824364736867871,0.8896597343995357,132884.9307574825
2020-07-16,129984.53733756568,-0.007258165071734268,0.8896597343995357,131800.80755206986
2020-07-17,130122.20889112944,0.0010591379281232882,0.8896597343995357,131980.0406905801
2020-07-20,129735.12196465733,-0.0029747952311198755,0.7893200737770617,131482.63335394592
2020-07-21,130185.29439335453,0.003469934909529293,0.7893200737770617,132060.64498019093
2020-07-22,132237.4584052858,0.015763408774347898,0.7893200737770617,134698.01098542285
2020-07-23,130489.73018666348,-0.013216589608564866,0.7893200737770617,132468.96985272635
2020-07-24,128509.68082439578,-0.015173986178339649,0.8937363153932628,130219.89226352748
2020-07-27,127632.7559044906,-0.006823804356836494,0.8937363153932628,129225.6447960475
2020-07-28,124633.17246055522,-0.023501674179785104,0.8937363153932628,125827.52954956902
2020-07-29,123927.17280492668,-0.0056646207561792394,0.8937363153932628,125030.01777421769
2020-07-30,123892.91432592078,-0.0002764404144024457,0.8937363153932628,124991.34490244226
2020-07-31,124027.3055735011,0.0010847371563702524,0.8937363153932628,125143.04821101902
2020-08-03,124972.7874340803,0.007623175043651065,0.8937363153932628,126210.46300168788
2020-08-04,125236.34258525209,0.00210890031808586,0.8937363153932628,126508.2748741448
2020-08-05,127355.04089660586,0.016917599696841146,0.8937363153932628,128902.95920754016
2020-08-06,126975.82250249904,-0.002977647303452069,0.8937363153932628,128473.4952344639
2020-08-07,127323.08924970351,0.0027349044909523723,0.8937363153932628,128866.63438863431
2020-08-10,128513.82493803056,0.009352079778647271,0.8937363153932628,130215.09816352074
2020-08-11,128078.82473342058,-0.003384851433841707,0.8937363153932628,129721.93395598522
2020-08-12,126935.8633091775,-0.008923890632366427,0.8937363153932628,128426.67009425785
2020-08-13,127456.03485972522,0.004097908479030243,0.8937363153932628,129015.52469404133
2020-08-14,126813.76476789436,-0.005039150108017254,0.8937363153932628,128310.59603735882
2020-08-17,126842.84289900454,0.00022929790912984416,0.9981523347380893,128340.07185018482
2020-08-18,127190.21298562127,0.002738586416683564,0.9981523347380893,128692.19282937115
2020-08-19,126546.902568509,-0.005057860994265306,0.9981523347380893,128040.08072210554
2020-08-20,126160.29724575633,-0.003055035839722553,0.9981523347380893,127648.18960297127
2020-08-21,125769.45812879672,-0.0030979565322223346,0.9981523347380893,127252.00905112129
2020-08-24,125347.33503011624,-0.0033563243808222287,0.9981523347380893,126824.11943385264
2020-08-25,125214.67232879969,-0.0010583607643885884,0.9981523347380893,126689.64529867753
2020-08-26,124697.27703610327,-0.004132066019689629,0.9981523347380893,126165.18629561107
2020-08-27,124491.59178779265,-0.001649476662197391,0.9981523347380893,125956.69454226462
2020-08-28,124597.53061052403,0.0008509717098963421,0.9981523347380893,126064.07853566643
2020-08-31,123882.59316741547,-0.00573797441735302,0.9981523347380893,125339.38709087344
2020-09-01,124644.10582553207,0.0061470513221133505,0.9981523347380893,126111.28093744945
2020-09-02,125625.97257653305,0.007877362066164073,0.9981523347380893,127106.54407114006
2020-09-03,123330.32104501713,-0.01827370156372221,0.9981523347380893,124779.53748876145
2020-09-04,121729.96633786915,-0.012976165906223858,0.9981523347380893,123157.38030512784
2020-09-08,121566.92479337157,-0.0013393706529504223,0.9981523347380893,122992.12158144992
2020-09-09,121795.70957737805,0.001881965710618605,0.9981523347380893,123224.0170020555
2020-09-10,121167.82270582426,-0.00515524622117236,0.9981523347380893,122587.59095174303
2020-09-11,121507.56144203736,0.0028038692833320944,0.9981523347380893,122931.94678684454
2020-09-14,122247.00769235528,0.006085598637173284,0.9981523347380893,123681.44609851761
2020-09-15,121919.11339763914,-0.002682227572729734,0.9981523347380893,123349.09023116638
2020-09-16,122713.65429482002,0.006516951075500987,0.9981523347380893,124154.43823093337
2020-09-17,122304.3054832404,-0.0033358049186290595,0.9981523347380893,123739.51660894563
2020-09-18,122285.22210545526,-0.00015603193779423208,0.9981523347380893,123720.17355289469
2020-09-21,121599.31563553914,-0.005609070810900008,0.9981523347380893,123024.93376830097
2020-09-22,120966.51304515389,-0.005203997959017381,0.9981523347380893,122383.52715935236
2020-09-23,119131.9503871519,-0.015165872040282746,0.9981523347380893,120524.03853407732
2020-09-24,118617.42011358307,-0.0043189947943999,0.9981523347380893,120002.53227004065
2020-09-25,118399.34686327151,-0.001838458888270611,0.9981523347380893,119781.50416201672
2020-09-28,118433.87338376448,0.00029161073441419383,0.9981523347380893,119816.4983920378
2020-09-29,118516.83777077828,0.0007005123166492488,0.9981523347380893,119900.58669192984
2020-09-30,118523.23163873717,5.394902597100071e-05,0.9981523347380893,119907.06718557821
2020-10-01,118279.83387763011,-0.002053586944447683,0.9981523347380893,119660.37178734131
2020-10-02,116045.29098940927,-0.018892002254015994,0.9981523347380893,117395.5631656032
2020-10-05,119247.48279326088,0.027594327840014143,0.9981523347380893,120641.01132438025
2020-10-06,120905.2828913265,0.013902181071106856,0.9981523347380893,122321.2890992883
2020-10-07,124024.13110587653,0.025795797668769938,0.9981523347380893,125482.50519263772
2020-10-08,123288.0455026418,-0.005935019231107064,0.9981523347380893,124736.38553177331
2020-10-09,125146.86148940552,0.015077017233790846,0.9981523347380893,126620.51941484115
2020-10-12,125585.03904271148,0.0035013067694313893,0.9981523347380893,127064.67735180819
2020-10-13,124580.20032632997,-0.00800126132890533,0.9981523347380893,126046.11770536743
2020-10-14,124152.09206883673,-0.003436406879840037,0.9981523347380893,125612.1701695201
2020-10-15,122830.42207564834,-0.010645571662663444,0.9981523347380893,124272.48151408738
2020-10-16,122501.93952788472,-0.0026742767973336745,0.9981523347380893,123939.52731231475
2020-10-19,120772.38649637895,-0.01411857671944916,0.9981523347380893,122186.43846602124
2020-10-20,121670.43827078496,0.0074359031932595965,0.9981523347380893,123096.68682826236
2020-10-21,120956.8036381426,-0.005865308309764727,0.9981523347380893,122373.35032437314
2020-10-22,120936.95281663461,-0.00016411496427581884,0.9981523347380893,122353.22985045564
2020-10-23,121762.72970934965,0.00682816023955124,0.9981523347380893,123190.22379433572
2020-10-26,119595.57706271898,-0.017798160831345666,0.9981523347380893,120993.60576356552
2020-10-27,118393.26677256424,-0.010053133399107406,0.9981523347380893,119774.98930909486
2020-10-28,118071.21471718275,-0.0027201889445296334,0.9981523347380893,119448.57560408134
2020-10-29,118507.17492045375,0.0036923496071015194,0.9981523347380893,119890.43791893161
2020-10-30,118450.84344116153,-0.00047534235230928257,0.9981523347380893,119833.34342463808
2020-11-02,119399.65676627628,0.008010186314849399,0.9981523347380893,120795.00766581282
2020-11-03,119555.69303755273,0.0013068401995650625,0.9981523347380893,120953.15964966394
2020-11-04,118576.8729502707,-0.008187147449135512,0.9981523347380893,119961.06523879382
2020-11-05,118947.94652416225,0.003129392474763293,0.9981523347380893,120337.16540082105
2020-11-06,119446.59969071684,0.004192196512222246,0.9981523347380893,120842.57627602217
2020-11-09,118750.38624123375,-0.00582865859125159,0.9981523347380893,120136.92234336367
2020-11-10,119930.43370794323,0.00993720950357413,0.9981523347380893,121332.95798330821
2020-11-11,119681.83161696224,-0.0020728857829896974,0.9981523347380893,121080.98305437346
2020-11-12,118972.3033179432,-0.0059284545484720175,0.9981523347380893,120361.83119774776
2020-11-13,120328.97149510344,0.011403226963965452,0.9981523347380893,121736.88511605229
2020-11-16,120573.56182796592,0.0020326803248080783,0.9981523347380893,121984.7953423443
2020-11-17,119702.39127695013,-0.007225220336932514,0.9981523347380893,121101.7968325674
2020-11-18,118512.3529129386,-0.009941642362500391,0.9981523347380893,119895.61746328157
2020-11-19,120170.98075447275,0.01399540048582626,0.9981523347380893,121576.71074383211
2020-11-20,119116.74203386511,-0.008772822806211389,0.9981523347380893,120508.16548916663
2020-11-23,123053.868023736,0.03305266684301644,0.9981523347380893,124498.65482346415
2020-11-24,123668.93416433284,0.004998348694558841,0.9981523347380893,125122.09441996069
2020-11-25,126224.44032928106,0.020664091448806543,0.9981523347380893,127712.4148664271
2020-11-27,126342.68865009579,0.0009368100227360454,0.9981523347380893,127832.2786047673
2020-11-30,122853.55853208917,-0.02761639913861358,0.9981523347380893,124295.47654972423
2020-12-01,125391.23519008617,0.020656110317994303,0.9981523347380893,126867.6902151989
2020-12-02,123451.94043445365,-0.015465951449418869,0.9981523347380893,124901.92860839664
2020-12-03,123299.18916237105,-0.0012373339094146063,0.9981523347380893,124747.09714005269
2020-12-04,124492.04800679037,0.009674506803515559,0.9981523347380893,125956.19779332815
2020-12-07,123110.6625991678,-0.011096173849973301,0.9981523347380893,124555.9787891186
2020-12-08,123399.070686561,0.0023426735045055658,0.9981523347380893,124848.31291606685
2020-12-09,121358.22343375177,-0.016538594994714884,0.9981523347380893,122779.67508271041
2020-12-10,121580.79671816074,0.0018340189738395019,0.9981523347380893,123005.27216430481
2020-12-11,121215.70317726851,-0.003002888208888499,0.9981523347380893,122635.21734545771
2020-12-14,120446.09560908598,-0.006349074814646971,0.9981523347380893,121855.15588315486
2020-12-15,120315.82046092361,-0.0010816054061659752,0.9981523347380893,121723.11271620981
2020-12-16,120154.80295882984,-0.001338290355141436,0.9981523347380893,121559.91030503814
2020-12-17,120556.62658681432,0.003344216111961673,0.9981523347380893,121967.18542373774
2020-12-18,120507.76239051693,-0.0004053215296482282,0.9981523347380893,121917.65798745136
2020-12-21,120309.11500399924,-0.0016484198409888462,0.9981523347380893,121716.31448566398
2020-12-22,120217.04809221542,-0.000765253004984201,0.9981523347380893,121622.99829316097
2020-12-23,120139.54011008862,-0.0006447336992282393,0.9981523347380893,121544.43869572101
2020-12-24,120846.75921906314,0.005886647379592658,0.9981523347380893,122261.25237901512
2020-12-28,119800.54389449843,-0.008657371793216129,0.9981523347380893,121200.83195929322
2020-12-29,119955.33824006643,0.001292100524220574,0.9981523347380893,121357.7255045572
2020-12-30,120706.76114090979,0.00626418892120939,0.9981523347380893,122119.34043361338
2020-12-31,121292.09466557995,0.00484921904239366,0.9981523347380893,122712.62004682054
2021-01-04,119898.21044360101,-0.011491962652818266,0.9981523347380893,121299.80078313814
2021-01-05,120540.60126785617,0.005357801604197743,0.9981523347380893,121950.90407129032
2021-01-06,120104.64321340888,-0.0036166905578854935,0.9981523347380893,121509.02895069966
2021-01-07,122196.12203659133,0.01741380488901001,0.9981523347380893,123628.88024870395
2021-01-08,121079.2617288762,-0.009139899770147397,0.9981523347380893,122496.8330302148
2021-01-11,121464.24132230907,0.0031795667394711735,0.9981523347380893,122887.04085965961
2021-01-12,122839.69501211034,0.011323939250165616,0.9981523347380893,124281.182151422
2021-01-13,122681.04538388959,-0.001291517601090586,0.9981523347380893,124120.37369699404
2021-01-14,123548.55923411032,0.007071294897317948,0.9981523347380893,124999.69014462532
2021-01-15,121868.05580114557,-0.01360196705961092,0.9981523347380893,123296.30118420685
2021-01-19,125987.08645462038,0.033799100399172,0.9981523347380893,127471.31928268683
2021-01-20,125639.10316837196,-0.002762055191852908,0.9981523347380893,127118.58472806649
2021-01-21,126479.38336311476,0.006688046743032805,0.9981523347380893,127970.33351127457
2021-01-22,126154.991353134,-0.002564781716633102,0.9981523347380893,127641.5099838044
2021-01-25,129876.62168824053,0.02950046046683097,0.9981523347380893,131413.9635343858
2021-01-26,127557.51507628054,-0.01785622833281597,0.9981523347380893,129063.06211651149
2021-01-27,123356.74107387877,-0.03293239132080672,0.9981523347380893,124804.83907904515
2021-01-28,121062.39570176438,-0.018599270312599336,0.9981523347380893,122479.26325502955
2021-01-29,121027.63764748599,-0.0002871085945136409,0.9981523347380893,122444.03331275882
2021-02-01,121111.19342469802,0.0006903859220603881,0.9981523347380893,122528.72342858328
2021-02-02,121635.73068377862,0.0043310386451334,0.9981523347380893,123060.3823926905
2021-02-03,121378.63651655054,-0.0021136401761457924,0.9981523347380893,122799.79554711116
2021-02-04,122128.30104100597,0.006176247698689519,0.9981523347380893,123559.64144262408
2021-02-05,122169.29300540756,0.00033564672604291523,0.9981523347380893,123601.19060068135
2021-02-08,124096.79284661237,0.0157772857138454,0.9981523347380893,125554.89168498537
2021-02-09,123559.94026708062,-0.004326079403158434,0.9981523347380893,125010.72581773152
2021-02-10,124571.54087409104,0.008187124441981775,0.9981523347380893,126036.09873249888
2021-02-11,125465.86655344933,0.0071792134309571765,0.9981523347380893,126942.61372155938
2021-02-12,124986.35366570343,-0.003821859290643159,0.9981523347380893,126456.5588472224
2021-02-16,125528.90356122126,0.004340873060181938,0.9981523347380893,127006.50683660145
2021-02-17,124406.11752568105,-0.00894444230521485,0.9981523347380893,125868.40162635322
2021-02-18,124980.50933789193,0.004617070475592344,0.9981523347380893,126450.62065318295
2021-02-19,125487.738698458,0.004058467702309887,0.9981523347380893,126964.76638224408
2021-02-22,124175.7876760714,-0.010454814438398241,0.9981523347380893,125634.91619150215
2021-02-23,122869.10224464055,-0.010522868071829783,0.9981523347380893,124310.42933484868
2021-02-24,123720.30209609745,0.006927696515289128,0.9981523347380893,125173.20838985444
2021-02-25,123363.84119662517,-0.002881183552198241,0.9981523347380893,124811.89381227209
2021-02-26,119763.17040701116,-0.02918740819585086,0.9981523347380893,121162.21473462722
2021-03-01,120336.0247898702,0.004783226603906732,0.9981523347380893,121742.83385331015
2021-03-02,120093.8958014486,-0.002012107254202533,0.9981523347380893,121497.42077294331
2021-03-03,119805.85123510046,-0.002398494648090721,0.9981523347380893,121205.4704329612
2021-03-04,119504.4622179371,-0.0025156452214668557,0.9981523347380893,120899.99605605626
2021-03-05,119147.63153829187,-0.00298591929558667,0.9981523347380893,120538.33018753445
2021-03-08,119150.69854260776,2.5741210935459335e-05,0.9981523347380893,120541.43873367034
2021-03-09,119112.10867566349,-0.0003238744498881285,0.9981523347380893,120502.32617459504
2021-03-10,119343.64801618637,0.0019438774369562317,0.9981523347380893,120737.00152904684
2021-03-11,119362.10424517906,0.00015464776969253968,0.9981523347380893,120755.70779997966
2021-03-12,119471.16189427214,0.0009136706309154086,0.9981523347380893,120866.24297571632
2021-03-15,119578.5420688865,0.0008987957672110802,0.9981523347380893,120975.07813424327
2021-03-16,119585.25321863887,5.6123361568571895e-05,0.9981523347380893,120981.88023029077
2021-03-17,119779.87894136475,0.001627506046837146,0.9981523347380893,121179.1434483187
2021-03-18,119768.13436583776,-9.805132239892878e-05,0.9981523347380893,121167.23967887515
2021-03-19,119821.82420658076,0.00044828151517339876,0.9981523347380893,121221.65725813863
2021-03-22,119883.90280843861,0.0005180909426885094,0.9981523347380893,121284.57735610106
2021-03-23,118913.97802208754,-0.008090533955179224,0.9981523347380893,120301.50397422435
2021-03-24,119070.20558958681,0.001313786403396966,0.9981523347380893,120459.84701939793
2021-03-25,119014.83746382335,-0.0004650040326150684,0.9981523347380893,120403.72901748301
2021-03-26,119201.07561084832,0.0015648313352658594,0.9981523347380893,120592.48931137027
2021-03-29,118781.9603210502,-0.003516036140197132,0.9981523347380893,120167.69688650822
2021-03-30,119024.80732297592,0.0020444771349903412,0.9981523347380893,120413.83177003116
2021-03-31,118727.58075066112,-0.0024971817136260066,0.9981523347380893,120112.5799387236
2021-04-01,118980.04903359691,0.002126450158754567,0.9981523347380893,120368.4661454579
2021-04-05,120094.21831686629,0.00936433706591222,0.9981523347380893,121497.72352418125
2021-04-06,119783.618265182,-0.0025863031213106957,0.9981523347380893,121182.91191612626
2021-04-07,118842.14777642756,-0.007859759977112857,0.9981523347380893,120228.68021437076
2021-04-08,119889.89328380862,0.00881627879489466,0.9981523347380893,121290.61187251817
2021-04-09,119982.82515572818,0.000775143503544351,0.9981523347380893,121384.80353701855
2021-04-12,121220.65292849582,0.010316708005175146,0.9981523347380893,122639.41321008571
2021-04-13,121946.39679011841,0.00598696545588373,0.9981523347380893,123375.01027765285
2021-04-14,121122.67646187762,-0.006754773818028359,0.9981523347380893,122540.09734881505
2021-04-15,123055.1038856619,0.015954299229777202,0.9981523347380893,124498.75767821459
2021-04-16,122564.1553103055,-0.003989664466193532,0.9981523347380893,124001.12995917074
2021-04-19,121066.72938530307,-0.01221748659884525,0.9981523347380893,122483.34345425275
2021-04-20,119761.38328563326,-0.010782038189166454,0.9981523347380893,121160.2787869672
2021-04-21,120275.98322459839,0.004296877047067715,0.9981523347380893,121681.85330301806
2021-04-22,118605.4080054153,-0.013889516214251385,0.9981523347380893,119988.62270522969
2021-04-23,119268.01567656623,0.005586656479615648,0.9981523347380893,120660.19876951072
2021-04-26,120415.97620572218,0.009625049286214438,0.9981523347380893,121823.70890681427
2021-04-27,120891.03574439688,0.0039451537382639845,0.9981523347380893,122305.21182363009
2021-04-28,120021.96369263619,-0.007188887467208138,0.9981523347380893,121424.34587376098
2021-04-29,119995.5601553894,-0.00021998921226118462,0.9981523347380893,121397.58438128287
2021-04-30,118626.8840283037,-0.011406056401697673,0.9981523347380893,120010.35354858027
2021-05-03,118746.98943546301,0.0010124636429853506,0.9981523347380893,120132.08458654016
2021-05-04,118658.32599890875,-0.0007466583950950234,0.9981523347380893,120042.2209190867
2021-05-05,118822.57036822046,0.0013841790529998121,0.9981523347380893,120208.68842298267
2021-05-06,118965.7727623918,0.0012051783910040914,0.9981523347380893,120353.82950882336
2021-05-07,119285.12752371123,0.0026844255612685775,0.9981523347380893,120677.50845549919
2021-05-10,119127.36067299645,-0.0013226028591319938,0.9981523347380893,120517.60458896359
2021-05-11,118619.50784878882,-0.004263108167078977,0.9981523347380893,120002.87395465132
2021-05-12,117775.26436808084,-0.007117239786428753,0.9981523347380893,119147.20373351223
2021-05-13,117775.26436808084,0.0,0.9981523347380893,119147.20373351223
2021-05-14,117775.26436808084,0.0,0.9981523347380893,119147.20373351223
2021-05-17,117694.12285178942,-0.0006889521048989433,0.9981523347380893,119064.96506718024
2021-05-18,117733.1247160097,0.0003313832779008319,0.9981523347380893,119104.494242271
2021-05-19,117908.62803814975,0.0014906877105604899,0.9981523347380893,119282.37050390002
2021-05-20,118032.13104587917,0.001047446737226565,0.9981523347380893,119407.54371188108
2021-05-21,118032.13104587917,0.0,0.9981523347380893,119407.54371188108
2021-05-24,118474.13991021934,0.0037448181306525274,0.9981523347380893,119855.5309770176
2021-05-25,118198.4304476734,-0.00232716998625071,0.9981523347380893,119576.09047012439
2021-05-26,118383.093169092,0.001562311112924153,0.9981523347380893,119763.25133573565
2021-05-27,118159.44636399396,-0.0018891785905491565,0.9981523347380893,119536.57834957528
2021-05-28,119551.41203567319,0.011780401097947202,0.9981523347380893,120947.37386627734
2021-06-01,119593.64730264708,0.00035328120558952847,0.9981523347380893,120990.1813943122
2021-06-02,120456.14641270463,0.007211914090009319,0.9981523347380893,121864.36739136183
2021-06-03,121992.5591954307,0.012754955462895623,0.9981523347380893,123421.61925011605
2021-06-04,123175.04356180703,0.009693085989630035,0.9981523347380893,124620.17013932944
2021-06-07,124365.09897224468,0.00966149778417158,0.9981523347380893,125826.41637626293
2021-06-08,125587.1003215799,0.009825918681638512,0.9981523347380893,127065.06511983329
2021-06-09,124898.00471737041,-0.005486993508449389,0.9981523347380893,126366.56934599316
2021-06-10,124629.72348720476,-0.0021480025303265426,0.9981523347380893,126094.63118459508
2021-06-11,126304.40422087583,0.013437249853507138,0.9981523347380893,127792.13266352298
2021-06-14,126138.7305201978,-0.0013117016916394109,0.9981523347380893,127624.19721844191
2021-06-15,125282.6322617643,-0.006786957938318627,0.9981523347380893,126756.413786707
2021-06-16,124938.35604479256,-0.0027479963563699084,0.9981523347380893,126407.44284198263
2021-06-17,126683.88523835594,0.013971123430962962,0.9981523347380893,128176.76594535557
2021-06-18,124554.65506956422,-0.016807427122917495,0.9981523347380893,126018.45645941613
2021-06-21,125637.06147004962,0.008690212339963255,0.9981523347380893,127115.61077872562
2021-06-22,127203.07651624267,0.012464594665534845,0.9981523347380893,128702.98828502024
2021-06-23,128274.177722085,0.008420403304518764,0.9981523347380893,129788.72543168634
2021-06-24,129007.53453705205,0.005717104003238438,0.9981523347380893,130532.11460778379
2021-06-25,128834.78523369507,-0.0013390636754426755,0.9981523347380893,130357.0002419031
2021-06-28,131468.92637650168,0.020445884533657033,0.9981523347380893,133027.19804873306
2021-06-29,130218.58214240224,-0.009510568531750918,0.9981523347380893,131759.6918379088
2021-06-30,130233.57712233473,0.00011515238213899437,0.9981523347380893,131774.89236578112
2021-07-01,130585.47764037647,0.0027020721216248766,0.9981523347380893,132131.61673599976
2021-07-02,130724.55082315329,0.0010649973127931922,0.9981523347380893,132272.59703716368
2021-07-06,130393.54627403419,-0.002532076392956162,0.9981523347380893,131937.05274323514
2021-07-07,130367.55651337739,-0.00019931784508853134,0.9981523347380893,131910.70665544382
2021-07-08,128243.82071544777,-0.016290370508798224,0.9981523347380893,129757.85462002938
2021-07-09,129367.22996209588,0.00875994835759597,0.9981523347380893,130896.63080268708
2021-07-12,130001.02368264535,0.004899182897671661,0.9981523347380893,131539.10441385148
2021-07-13,128782.55162883356,-0.00937278814654785,0.9981523347380893,130303.93407386407
2021-07-14,128544.7657423082,-0.0018464138465797975,0.9981523347380893,130062.89372384483
2021-07-15,127668.35425428378,-0.006817947685099357,0.9981523347380893,129174.49024641921
2021-07-16,127557.66513235202,-0.0008670051601924467,0.9981523347380893,129062.28798458885
2021-07-19,126416.81011170182,-0.008943837435927193,0.9981523347380893,127905.8391313726
2021-07-20,126507.40826184094,0.0007166622070202688,0.9981523347380893,127997.67409260295
2021-07-21,128287.28151268687,0.014069320329146207,0.9981523347380893,129801.84788003092
2021-07-22,128178.53155277668,-0.0008477064805479939,0.9981523347380893,129691.61033030473
2021-07-23,128685.35491609864,0.003954042515405876,0.9981523347380893,130205.36571942782
2021-07-26,128237.85022458219,-0.0034775106445348314,0.9981523347380893,129751.73702017355
2021-07-27,128086.44664319805,-0.0011806465962972412,0.9981523347380893,129598.26250396483
2021-07-28,128281.64119108561,0.0015239281985179876,0.9981523347380893,129796.12653717429
2021-07-29,129330.08674642228,0.008172997676066052,0.9981523347380893,130858.9136525589
2021-07-30,129307.84966566128,-0.00017194050758351231,0.9981523347380893,130836.37205519725
2021-08-02,128706.85334976306,-0.0046477945264125076,0.9981523347380893,130227.14583518007
2021-08-03,129119.7385996931,0.0032079507748357106,0.9981523347380893,130645.68142223175
2021-08-04,128706.33856060478,-0.003201679646904876,0.9981523347380893,130226.62152064336
2021-08-05,128514.12853449388,-0.0014933998454192965,0.9981523347380893,130031.7811043261
2021-08-06,128298.83995268689,-0.001675213334611736,0.9981523347380893,129813.54690695136
2021-08-09,127883.38576661538,-0.0032381757015474966,0.9981523347380893,129392.40971306192
2021-08-10,126603.49130868564,-0.010008293495337273,0.9981523347380893,128095.01535008919
2021-08-11,126206.31758520463,-0.0031371466882585963,0.9981523347380893,127692.41863293237
2021-08-12,126779.87924570889,0.004544635098136407,0.9981523347380893,128273.80829389772
2021-08-13,125695.58798722524,-0.00855255001767441,0.9981523347380893,127174.70936559736
2021-08-16,124703.47544611903,-0.00789297824206081,0.9981523347380893,126169.06405572944
2021-08-17,123800.2984036626,-0.007242597202887779,0.9981523347380893,125253.5808387706
2021-08-18,123216.44833456144,-0.004716063504123902,0.9981523347380893,124661.78355413112
2021-08-19,123564.30788375907,0.0028231583842857066,0.9981523347380893,125014.37498450953
2021-08-20,124723.50767029228,0.009381348112463828,0.9981523347380893,126189.34931455455
2021-08-23,126484.50580408228,0.014119215909523808,0.9981523347380893,127974.34205208295
2021-08-24,126501.11297570146,0.00013129807096601276,0.9981523347380893,127991.17593971694
2021-08-25,127551.6192693193,0.008304324514675443,0.9981523347380893,129056.02368191775
2021-08-26,127181.02354944714,-0.002905456802470452,0.9981523347380893,128680.36288460589
2021-08-27,128273.91270780939,0.008593177880325431,0.9981523347380893,129788.18301334645
2021-08-30,128434.13735091442,0.0012490820598105579,0.9981523347380893,129950.59919506076
2021-08-31,127379.15321919999,-0.00821420343122592,0.9981523347380893,128881.18261339437
2021-09-01,127399.4472680189,0.00015932001670626583,0.9981523347380893,128901.75397455085
2021-09-02,129298.70704448332,0.014907912217772878,0.9981523347380893,130826.96715703947
2021-09-03,129595.83923359006,0.0022980290824139438,0.9981523347380893,131128.16785038833
2021-09-07,128554.83521031696,-0.00803269633831949,0.9981523347380893,130072.90532473514
2021-09-08,127293.00700745978,-0.009815486137046636,0.9981523347380893,128793.81319161366
2021-09-09,126602.19050102025,-0.00542697924010116,0.9981523347380893,128093.55800398465
2021-09-10,126644.8198183122,0.00033671863909501276,0.9981523347380893,128136.76933258337
2021-09-13,126264.33733659024,-0.003004327237922544,0.9981523347380893,127751.09194358414
2021-09-14,125575.03304710655,-0.005459215991021837,0.9981523347380893,127052.38015407366
2021-09-15,126079.60985662401,0.004018130015766452,0.9981523347380893,127563.83813949792
2021-09-16,125927.72386345052,-0.0012046832421690468,0.9981523347380893,127409.87965764581
2021-09-17,125835.41634668158,-0.0007330198143582489,0.9981523347380893,127316.31281109972
2021-09-20,124020.62354259516,-0.014421955732133451,0.9981523347380893,125476.76371279306
2021-09-21,123945.099491362,-0.0006089636471408033,0.9981523347380893,125400.21148223398
2021-09-22,124631.72163075498,0.005539728010310219,0.9981523347380893,126096.18046399188
2021-09-23,125348.90360879045,0.005754409621013368,0.9981523347380893,126823.13270242495
2021-09-24,124651.06695643591,-0.005567154017816267,0.9981523347380893,126115.78184203587
2021-09-27,124435.32861023868,-0.0017307380631779168,0.9981523347380893,125897.10441534956
2021-09-28,123195.37666460944,-0.00996462949451482,0.9981523347380893,124640.26419540419
2021-09-29,122697.8611027893,-0.004038427214477336,0.9981523347380893,124135.98181542214
2021-09-30,122391.52375037438,-0.0024966804609437565,0.9981523347380893,123825.4802321343
2021-10-01,122795.16913866402,0.003297984827061118,0.9981523347380893,124234.61072333962
2021-10-04,122383.11814734936,-0.0033555961053267636,0.9981523347380893,123816.95786477128
2021-10-05,122365.63963089001,-0.00014281803506843715,0.9981523347380893,123799.24183685152
2021-10-06,122283.59883845123,-0.0006704561238453088,0.9981523347380893,123716.0862333146
2021-10-07,122427.28301796672,0.0011750077760248612,0.9981523347380893,123861.72268406903
2021-10-08,122349.91474790986,-0.0006319528470261071,0.9981523347380893,123783.30302249672
2021-10-11,122370.17771220904,0.0001656148624289422,0.9981523347380893,123803.84132510606
2021-10-12,122389.38627861888,0.00015697097747957578,0.9981523347380893,123823.31090836725
2021-10-13,122836.69662151701,0.003654813186821926,0.9981523347380893,124276.69968861049
2021-10-14,122194.70536084316,-0.005226380050352142,0.9981523347380893,123625.98011267863
2021-10-15,121759.80302110966,-0.00355909315750802,0.9981523347380893,123185.16926187326
2021-10-18,121499.17623491664,-0.0021404994072456995,0.9981523347380893,122921.0033899819
2021-10-19,121663.43349932616,0.0013519208071990363,0.9981523347380893,123087.49046449072
2021-10-20,120942.34892115078,-0.005926880061126627,0.9981523347380893,122356.61525875419
2021-10-21,121667.39186511294,0.005994946769512843,0.9981523347380893,123091.49446490909
2021-10-22,120923.79144651759,-0.0061117478331395025,0.9981523347380893,122337.79771102511
2021-10-25,128123.02790025088,0.059535318630142164,0.9981523347380893,129634.69971060507
2021-10-26,130383.65352703002,0.017644178910126485,0.9981523347380893,131926.23152899693
2021-10-27,129749.88144551794,-0.004860824684443266,0.9981523347380893,131283.77420016646
2021-10-28,133620.83965796378,0.0298340019221619,0.9981523347380893,135207.74475608784
2021-10-29,135520.54300567554,0.014217118771102877,0.9981523347380893,137133.56759802374
2021-11-01,137348.79352054198,0.013490578434222078,0.9981523347380893,138987.0032763877
2021-11-02,137214.90828578267,-0.0009747827507440299,0.9981523347380893,138851.2703540107
2021-11-03,137369.90785678808,0.00112961173783388,0.9981523347380893,139008.408717912
2021-11-04,141026.74388057677,0.02662035725903711,0.9981523347380893,142715.7120756225
2021-11-05,144166.00113854752,0.022260013750506014,0.9981523347380893,145898.44641651865
2021-11-08,146535.8463828376,0.016438308793850887,0.9981523347380893,148301.2096333849
2021-11-09,144669.64875772427,-0.012735434169723447,0.9981523347380893,146409.0332322027
2021-11-10,140934.26984997722,-0.025820059285570074,0.9981523347380893,142621.74567454707
2021-11-11,143123.30336547905,0.015532301106267576,0.9981523347380893,144841.09017840965
2021-11-12,143895.45314582688,0.005394996916582295,0.9981523347380893,145623.9538833891
2021-11-15,141420.14799087166,-0.017202108203145938,0.9981523347380893,143114.27783045545
2021-11-16,141923.46778140875,0.003559038776918655,0.9981523347380893,143624.569943796
2021-11-17,140305.1549749614,-0.011402714658437563,0.9981523347380893,141983.8284136571
2021-11-18,142605.4888812914,0.016395220166647073,0.9981523347380893,144315.9936012045
2021-11-19,145839.43626524197,0.02267758000985909,0.9981523347380893,147594.78920954457
2021-11-22,143683.76346485544,-0.014781137774462882,0.9981523347380893,145409.1319324201
2021-11-23,143252.1019984248,-0.0030042466596179596,0.9981523347380893,144971.47839629874
2021-11-24,144652.74901859774,0.00977749715804066,0.9981523347380893,146391.5604505963
2021-11-26,141645.68582983335,-0.02078815099723952,0.9981523347380893,143342.71734573392
2021-11-29,144748.36684416822,0.021904521808467248,0.9981523347380893,146488.38316137163
2021-11-30,142357.14458101633,-0.016519856598632532,0.9981523347380893,144063.93651232743
2021-12-01,141863.4313671823,-0.0034681309131839866,0.9981523347380893,143563.37905801414
2021-12-02,142104.86760464284,0.0017018919895970264,0.9981523347380893,143808.16069736425
2021-12-03,140287.3567222951,-0.012789926995353418,0.9981523347380893,141965.46012687671
2021-12-06,139048.63679341564,-0.008829875748044502,0.9981523347380893,140709.6023486517
2021-12-07,139621.35045949765,0.004118801013007323,0.9981523347380893,141290.23000689945
2021-12-08,139950.02560749397,0.0023540464758049495,0.9981523347380893,141623.44945290784
2021-12-09,139429.24035449483,-0.0037212229918394124,0.9981523347380893,141095.46147156824
2021-12-10,139668.61600340353,0.0017168253108177378,0.9981523347380893,141338.14613107912
2021-12-13,139163.02636355525,-0.0036199230314987174,0.9981523347380893,140825.5658438793
2021-12-14,139029.1875953615,-0.0009617408566849894,0.9981523347380893,140689.87743678523
2021-12-15,139349.05487391094,0.002300720331333661,0.9981523347380893,141014.16467247714
2021-12-16,136751.17695122736,-0.018642953301938436,0.9981523347380893,138380.37782911854
2021-12-17,136750.27932734584,-6.5639207029732916e-06,0.9981523347380893,138379.4678299177
2021-12-20,136440.41548418533,-0.002265910129651383,0.9981523347380893,138065.33197411784
2021-12-21,138339.67455519683,0.013920062206433714,0.9981523347380893,139990.7675441663
2021-12-22,138856.7825865702,0.0037379589986459294,0.9981523347380893,140515.0159289646
2021-12-23,139228.77600148015,0.0026789718728938983,0.9981523347380893,140892.14851914352
2021-12-27,139736.04560094737,0.003643424973166498,0.9981523347380893,141406.42870922337
2021-12-28,139165.2559177795,-0.004084770545159988,0.9981523347380893,140827.74668365935
2021-12-29,139732.377432706,0.004075165968592032,0.9981523347380893,141402.70545572828
2021-12-30,139500.06175042156,-0.0016625758936674728,0.9981523347380893,141167.17754960788
2021-12-31,139776.74008801073,0.001983356380760526,0.9981523347380893,141447.6806477852
2022-01-03,140325.41008481444,0.003925331184990055,0.9981523347380893,142003.93741598376
2022-01-04,140443.5113288655,0.0008416240792004093,0.9981523347380893,142123.67257955667
2022-01-05,138492.70386578675,-0.013890335300081547,0.9981523347380893,140145.87280140253
2022-01-06,138808.26784455572,0.0022785603137243093,0.9981523347380893,140465.79473394135
2022-01-07,138849.8169730385,0.0002993274761509124,0.9981523347380893,140507.91783515541
2022-01-10,138608.89579168576,-0.00173512062604686,0.9981523347380893,140263.66835752167
2022-01-11,138612.45354465852,2.5667565941134285e-05,0.9981523347380893,140267.27524880614
2022-01-12,139101.0821233839,0.003525141978443891,0.9981523347380893,140762.65260051194
2022-01-13,138875.97892786522,-0.0016182706279670445,0.9981523347380893,140534.4388717148
2022-01-14,139152.25912183488,0.001989402314947375,0.9981523347380893,140814.53593535046
2022-01-18,138176.05078378154,-0.007015396977483657,0.9981523347380893,139824.83743402318
2022-01-19,137582.29733043298,-0.0042970793417570485,0.9981523347380893,139222.88681036417
2022-01-20,136876.79819260517,-0.005127833678583049,0.9981523347380893,138507.6534907897
2022-01-21,136876.79819260517,0.0,0.9981523347380893,138507.6534907897
2022-01-24,136876.79819260517,0.0,0.9981523347380893,138507.6534907897
2022-01-25,136876.79819260517,0.0,0.9981523347380893,138507.6534907897
2022-01-26,136876.79819260517,0.0,0.9981523347380893,138507.6534907897
2022-01-27,136876.79819260517,0.0,0.9981523347380893,138507.6534907897
2022-01-28,136876.79819260517,0.0,0.9981523347380893,138507.6534907897
2022-01-31,136876.79819260517,0.0,0.9981523347380893,138507.6534907897
2022-02-01,136834.77640396656,-0.0003070044682040862,0.9981523347380893,138465.0523095649
2022-02-02,136834.77640396656,0.0,0.9981523347380893,138465.0523095649
2022-02-03,136834.77640396656,0.0,0.9981523347380893,138465.0523095649
2022-02-04,136834.77640396656,0.0,0.9981523347380893,138465.0523095649
2022-02-07,136834.77640396656,0.0,0.9981523347380893,138465.0523095649
2022-02-08,136834.77640396656,0.0,0.9981523347380893,138465.0523095649
2022-02-09,136834.77640396656,0.0,0.9981523347380893,138465.0523095649
2022-02-10,136834.77640396656,0.0,0.9981523347380893,138465.0523095649
2022-02-11,136834.77640396656,0.0,0.9981523347380893,138465.0523095649
2022-02-14,136834.77640396656,0.0,0.9981523347380893,138465.0523095649
2022-02-15,136834.77640396656,0.0,0.9981523347380893,138465.0523095649
2022-02-16,137550.30315060503,0.0052291293590898125,0.9981523347380893,139190.44426131528
2022-02-17,133613.21814968844,-0.02862287403762276,0.9981523347380893,135199.03892700048
2022-02-18,131486.8685681698,-0.015914215756232086,0.9981523347380893,133043.4694806954
2022-02-22,130155.48262280597,-0.010125619081677195,0.9981523347380893,131693.82830230778
2022-02-23,128643.21831958028,-0.01161890588664849,0.9981523347380893,130160.85768886082
2022-02-24,131956.45756898684,0.025755257779509932,0.9981523347380893,133519.38957413496
2022-02-25,132631.5775709136,0.005116233145117555,0.9981523347380893,134203.77040728132
2022-02-28,135385.97809618316,0.02076730576319119,0.9981523347380893,136995.98021096067
2022-03-01,134655.0020221345,-0.005399200746840638,0.9981523347380893,136254.94222214178
2022-03-02,135079.85431593106,0.0031551170577883703,0.9981523347380893,136685.6382967303
2022-03-03,134493.80485712807,-0.004338540797003687,0.9981523347380893,136091.52435492355
2022-03-04,133348.86137920886,-0.008512983026508159,0.9981523347380893,134930.83495254983
2022-03-07,132821.72856460218,-0.003953035737647936,0.9981523347380893,134396.46119604495
2022-03-08,136276.20186302773,0.026008344686956564,0.9981523347380893,137898.36102219834
2022-03-09,137014.94387163705,0.005420917214524756,0.9981523347380893,138647.28037358786
2022-03-10,136783.1322268104,-0.001691871253429289,0.9981523347380893,138412.27281024656
2022-03-11,136465.70974195655,-0.00232062594039395,0.9981523347380893,138090.47512509
2022-03-14,134364.0698048034,-0.015400498345900404,0.9981523347380893,135959.87635801244
2022-03-15,134817.5153932556,0.003374753303549971,0.9981523347380893,136419.5567353667
2022-03-16,136355.04208975245,0.011404502538204797,0.9981523347380893,137978.23382993814
2022-03-17,137246.25397966016,0.006535965786443887,0.9981523347380893,138881.7241932834
2022-03-18,138018.3393301678,0.005625547715291779,0.9981523347380893,139664.45618622744
2022-03-21,137424.16990118276,-0.0043050034645299995,0.9981523347380893,139062.0872423015
2022-03-22,138289.28170316425,0.006295193942983612,0.9981523347380893,139939.13053403122
2022-03-23,136648.57503386118,-0.01186430827535001,0.9981523347380893,138275.77622762084
2022-03-24,140858.0560959111,0.030805158861018755,0.9981523347380893,142543.268377945
2022-03-25,140687.902793397,-0.001207977074440647,0.9981523347380893,142370.7606410758
2022-03-28,141837.6624572653,0.008172413128915368,0.9981523347380893,143536.42707589117
2022-03-29,143941.54768663752,0.014833050636364753,0.9981523347380893,145669.45128159845
2022-03-30,141053.04011896113,-0.020067225996240667,0.9981523347380893,142740.85842269057
2022-03-31,140447.5178533714,-0.004292869299938884,0.9981523347380893,142126.9562880725
2022-04-01,140939.2535717602,0.003501206186514283,0.9981523347380893,142625.49319602537
2022-04-04,142770.1054274902,0.01299036151626698,0.9981523347380893,144481.67952507743
2022-04-05,139020.30754022833,-0.026264587225974467,0.9981523347380893,140679.9034410317
2022-04-06,136391.36993844536,-0.018910457387833257,0.9981523347380893,138014.65763960383
2022-04-07,135279.98348274574,-0.008148510101491202,0.9981523347380893,136887.96205137455
2022-04-08,135774.63177220445,0.0036564780444536815,0.9981523347380893,137389.41639894384
2022-04-11,134438.46937415164,-0.009841031278173817,0.9981523347380893,136034.8600882312
2022-04-12,133062.56229754444,-0.010234474425455886,0.9981523347380893,134640.03762667897
2022-04-13,133520.04019209457,0.00343806617467024,0.9981523347380893,135103.7958557694
2022-04-14,133133.22965903557,-0.0028970222934514567,0.9981523347380893,134711.67263479152
2022-04-18,133901.29018548084,0.005769112102308016,0.9981523347380893,135490.277977756
2022-04-19,133880.54124383454,-0.00015495699569123556,0.9981523347380893,135469.24394748814
2022-04-20,134246.07194948656,0.0027302750814721666,0.9981523347380893,135839.7969063737
2022-04-21,133664.03431410438,-0.0043356027251300056,0.9981523347380893,135249.7593207752
2022-04-22,133196.70966042439,-0.0034962632699071516,0.9981523347380893,134776.01523450695
2022-04-25,132328.80883020832,-0.00651593295681796,0.9981523347380893,133896.1981475835
2022-04-26,132134.96806649637,-0.0014648417485618737,0.9981523347380893,133699.69834069605
2022-04-27,132132.9064241503,-1.5602549243598496e-05,0.9981523347380893,133697.6084231007
2022-04-28,132132.9064241503,0.0,0.9981523347380893,133697.6084231007
2022-04-29,132050.41985891463,-0.0006242696650512469,0.9981523347380893,133613.99056405883
2022-05-02,132090.1856665654,0.0003011410921165414,0.9981523347380893,133654.30170860077
2022-05-03,132233.57210906624,0.0010855192744052555,0.9981523347380893,133799.6545926873
2022-05-04,134564.0238281367,0.01762375228847568,0.9981523347380893,136162.07151719797
2022-05-05,133928.30935374723,-0.004724252859749312,0.9981523347380893,135517.6167247105
2022-05-06,133612.17669848594,-0.0023604617782958526,0.9981523347380893,135197.14043724246
2022-05-09,133223.6147218864,-0.0029081329726133864,0.9981523347380893,134803.2413817323
2022-05-10,133223.6147218864,0.0,0.9981523347380893,134803.2413817323
2022-05-11,132911.88739968228,-0.0023398803797277656,0.9981523347380893,134487.23404632334
2022-05-12,132097.59709726754,-0.006126542315707639,0.9981523347380893,133661.76712946894
2022-05-13,132480.88260408532,0.002901532770013482,0.9981523347380893,134050.30902225108
2022-05-16,132569.55123857225,0.0006692938086163558,0.9981523347380893,134140.1941417356
2022-05-17,133490.53564532098,0.0069471790327728655,0.9981523347380893,135073.81510495069
2022-05-18,132616.24488364524,-0.0065494587870911225,0.9981523347380893,134187.51713773992
2022-05-19,132660.35379517655,0.0003326056439769687,0.9981523347380893,134232.23128005868
2022-05-20,131992.56535013948,-0.005033820775633635,0.9981523347380893,133555.27950520307
2022-05-23,132163.05318108873,0.0012916472264705714,0.9981523347380893,133728.10513546987
2022-05-24,131903.1956784781,-0.0019661887067224937,0.9981523347380893,133464.68373080247
2022-05-25,132484.47187892246,0.004406839405629359,0.9981523347380893,134053.92988798255
2022-05-26,133420.0174776126,0.007061549066256889,0.9981523347380893,135002.31058147355
2022-05-27,134859.9769144537,0.010792679120153359,0.9981523347380893,136462.0442993408
2022-05-31,133926.63473202556,-0.006920824130202674,0.9981523347380893,135515.86627002078
2022-06-01,133475.18699316698,-0.003370858528341958,0.9981523347380893,135058.21587173583
2022-06-02,134795.03949765168,0.009888373518834426,0.9981523347380893,136396.19409294342
2022-06-03,133884.70642702995,-0.006753461210548539,0.9981523347380893,135473.34256616235
2022-06-06,134731.46788918236,0.006324557036795797,0.9981523347380893,136331.7374746408
2022-06-07,136864.21954373753,0.015829647579505224,0.9981523347380893,138493.8156294662
2022-06-08,133907.8864718697,-0.021600481716283038,0.9981523347380893,135496.74491369462
2022-06-09,129871.47617488325,-0.030143185762508184,0.9981523347380893,131404.88096667457
2022-06-10,125333.79308822734,-0.034939797562210995,0.9981523347380893,126805.12221254937
2022-06-13,121307.06269111313,-0.03212805020813203,0.9981523347380893,122723.57955487266
2022-06-14,121027.70767248492,-0.0023028751371183542,0.9981523347380893,122440.43932641321
2022-06-15,121098.16490378881,0.0005821578600377908,0.9981523347380893,122511.85093530259
2022-06-16,120678.0349571096,-0.0034693337179221295,0.9981523347380893,122086.02966483847
2022-06-17,120678.0349571096,0.0,0.9981523347380893,122086.02966483847
2022-06-21,120678.0349571096,0.0,0.9981523347380893,122086.02966483847
2022-06-22,120678.0349571096,0.0,0.9981523347380893,122086.02966483847
2022-06-23,120678.0349571096,0.0,0.9981523347380893,122086.02966483847
2022-06-24,121608.47962448919,0.007710141018705485,0.9981523347380893,123029.07259763566
2022-06-27,121210.77304164358,-0.0032703852895265006,0.9981523347380893,122625.97533962748
2022-06-28,121219.516664026,7.213568697728157e-05,0.9981523347380893,122634.83742276303
2022-06-29,121219.516664026,0.0,0.9981523347380893,122634.83742276303
2022-06-30,121219.516664026,0.0,0.9981523347380893,122634.83742276303
2022-07-01,121211.1970946653,-6.863225980147103e-05,0.9981523347380893,122626.40513669827
2022-07-05,121211.1970946653,0.0,0.9981523347380893,122626.40513669827
2022-07-06,121211.1970946653,0.0,0.9981523347380893,122626.40513669827
2022-07-07,121211.1970946653,0.0,0.9981523347380893,122626.40513669827
2022-07-08,121211.1970946653,0.0,0.9981523347380893,122626.40513669827
2022-07-11,120443.18441396029,-0.0063361529224499336,0.9981523347380893,121847.98722568843
2022-07-12,119752.07211156806,-0.005738077299724087,0.9981523347380893,121147.51982689177
2022-07-13,119877.57892515922,0.001048055464745845,0.9981523347380893,121274.72417814772
2022-07-14,119725.79701055947,-0.0012661409744895158,0.9981523347380893,121120.88904486403
2022-07-15,119079.36765653653,-0.005399248701313253,0.9981523347380893,120465.71670280966
2022-07-18,118721.33592580479,-0.003006664695805461,0.9981523347380893,120102.84622216276
2022-07-19,121000.33842259718,0.01919623359205347,0.9981523347380893,122412.63623207751
2022-07-20,124414.38844059811,0.028215210490381004,0.9981523347380893,125872.92799092692
2022-07-21,125737.41105732632,0.010634000080785633,0.9981523347380893,127213.93845580297
2022-07-22,122933.12106688382,-0.022302749570404123,0.9981523347380893,124371.46590677163
2022-07-25,122303.48624199475,-0.005121767180599757,0.9981523347380893,123733.28506992418
2022-07-26,121264.82202472593,-0.008492515211002805,0.9981523347380893,122680.53313117387
2022-07-27,122627.38218347657,0.011236235999858346,0.9981523347380893,124061.55221501141
2022-07-28,125976.33260964896,0.0273099724265633,0.9981523347380893,127455.94148033093
2022-07-29,127453.33098868077,0.011724411629035592,0.9981523347380893,128953.05356480429
2022-08-01,127992.23378272975,0.004228236248269068,0.9981523347380893,129499.30683340057
2022-08-02,129465.50166978064,0.011510603757035831,0.9981523347380893,130992.6812972906
2022-08-03,131228.45122719152,0.013617137651909195,0.9981523347380893,132779.728535011
2022-08-04,134915.33321017295,0.028095142086211666,0.9981523347380893,136517.0992844754
2022-08-05,133485.90173300347,-0.01059502610383578,0.9981523347380893,135068.01963981526
2022-08-08,132852.93007271554,-0.004741861515487944,0.9981523347380893,134426.36022369892
2022-08-09,129098.79808503337,-0.028257803464533326,0.9981523347380893,130620.7350345833
2022-08-10,135270.59644385875,0.04780678403187144,0.9981523347380893,136876.8515135586
2022-08-11,135250.29830450282,-0.00015005581323312978,0.9981523347380893,136856.2743265383
2022-08-12,138565.6727122857,0.02451288055807943,0.9981523347380893,140217.22574591302
2022-08-15,138437.28427019072,-0.0009265530169337843,0.9981523347380893,140087.066561769
2022-08-16,135003.66975713242,-0.024802671701915635,0.9981523347380893,136606.10138171192
2022-08-17,133121.5592439972,-0.01394118038806691,0.9981523347380893,134698.12577999907
2022-08-18,133884.00504739612,0.005727440451635868,0.9981523347380893,135471.0293414122
2022-08-19,132010.7393226294,-0.01399170665759164,0.9981523347380893,133572.0497596589
2022-08-22,130899.9201071074,-0.008414612486997708,0.9981523347380893,132446.0121813203
2022-08-23,130637.56863598064,-0.0020042141424692073,0.9981523347380893,132180.07063964457
2022-08-24,131839.10542716543,0.00919748280475785,0.9981523347380893,133398.04497535437
2022-08-25,133210.09389053294,0.010398951501721987,0.9981523347380893,134787.81260084134
2022-08-26,130987.09247508078,-0.016687935204662052,0.9981523347380893,132534.31861522523
2022-08-29,130144.6854723727,-0.006431221479844207,0.9981523347380893,131680.38327186063
2022-08-30,129545.9576635215,-0.0046004783574377095,0.9981523347380893,131073.469144369
2022-08-31,129491.40019811627,-0.000421143711384131,0.9981523347380893,131018.16619577256
2022-09-01,129474.80566378353,-0.00012815163252033468,0.9981523347380893,131001.34492380486
2022-09-02,129474.80566378353,0.0,0.9981523347380893,131001.34492380486
2022-09-06,128957.2707510547,-0.003997186248518192,0.9981523347380893,130476.73885292468
2022-09-07,128951.39512284886,-4.556259737520385e-05,0.9981523347380893,130470.78298936329
2022-09-08,129467.05743099634,0.003998888943048895,0.9981523347380893,130993.48694278738
2022-09-09,129610.51377550396,0.00110805286961968,0.9981523347380893,131138.903332708
2022-09-12,129818.44185445321,0.0016042531804896232,0.9981523347380893,131349.6727668271
2022-09-13,129027.29945867042,-0.0060942219339668036,0.9981523347380893,130547.71696415395
2022-09-14,129027.29945867042,0.0,0.9981523347380893,130547.71696415395
2022-09-15,129027.29945867042,0.0,0.9981523347380893,130547.71696415395
2022-09-16,129027.29945867042,0.0,0.9981523347380893,130547.71696415395
2022-09-19,129027.29945867042,0.0,0.9981523347380893,130547.71696415395
2022-09-20,128438.16900386094,-0.004565936490038558,0.9981523347380893,129950.5409982887
2022-09-21,127412.21405134225,-0.007987928825798352,0.9981523347380893,128910.58383319256
2022-09-22,126972.1002241705,-0.003454251465988989,0.9981523347380893,128464.4699909561
2022-09-23,126775.12334761847,-0.0015513398313823368,0.9981523347380893,128264.80903512947
2022-09-26,126775.12334761847,0.0,0.9981523347380893,128264.80903512947
2022-09-27,126775.12334761847,0.0,0.9981523347380893,128264.80903512947
2022-09-28,126775.12334761847,0.0,0.9981523347380893,128264.80903512947
2022-09-29,126775.12334761847,0.0,0.9981523347380893,128264.80903512947
2022-09-30,126775.12334761847,0.0,0.9981523347380893,128264.80903512947
2022-10-03,126767.97639331648,-5.637505303301982e-05,0.9981523347380893,128257.56471463853
2022-10-04,127176.13573575117,0.0032197354098981723,0.9981523347380893,128671.28455311128
2022-10-05,127219.47788386028,0.00034080409707648585,0.9981523347380893,128715.21742730857
2022-10-06,127031.66019007062,-0.0014763281292595742,0.9981523347380893,128524.83977698573
2022-10-07,126659.7374542592,-0.002927795600363936,0.9981523347380893,128147.84876334923
2022-10-10,126659.7374542592,0.0,0.9981523347380893,128147.84876334923
2022-10-11,126659.7374542592,0.0,0.9981523347380893,128147.84876334923
2022-10-12,126416.05860903513,-0.0019238856018636286,0.9981523347380893,127900.85059226316
2022-10-13,126029.21209887763,-0.0030601057683177224,0.9981523347380893,127508.73596501758
2022-10-14,125397.40047681783,-0.005013215678632554,0.9981523347380893,126868.32390359593
2022-10-17,125833.87002899058,0.0034806905925728326,0.9981523347380893,127310.73070478084
2022-10-18,125223.13972802115,-0.0048534651348537405,0.9981523347380893,126691.68872965933
2022-10-19,125338.44013621123,0.0009207596011449048,0.9981523347380893,126808.55725235201
2022-10-20,125155.32706378598,-0.0014609490290946603,0.9981523347380893,126622.95348011084
2022-10-21,127266.15913008423,0.01686569893443246,0.9981523347380893,128762.49124129291
2022-10-24,128220.73200997621,0.007500602567225068,0.9981523347380893,129730.07528508535
2022-10-25,131004.96662685684,0.021714387160603588,0.9981523347380893,132552.29889071741
2022-10-26,130356.61028747114,-0.004949097397447644,0.9981523347380893,131895.0703148429
2022-10-27,129957.32768484465,-0.0030630023421595043,0.9981523347380893,131490.3275764515
2022-10-28,133054.63438580473,0.02383325939473968,0.9981523347380893,134629.97167281198
2022-10-31,131614.78300262862,-0.010821504939099724,0.9981523347380893,133170.3759250442
2022-11-01,132781.4651337043,0.008864369977743092,0.9981523347380893,134353.0325609018
2022-11-02,131070.85034296413,-0.012882933540593777,0.9981523347380893,132618.96739948183
2022-11-03,131772.73615717364,0.0053550107622932774,0.9981523347380893,133330.4579936453
2022-11-04,133271.14991398866,0.011371197111880171,0.9981523347380893,134849.39139298542
2022-11-07,135053.7323309147,0.013375606183907651,0.9981523347380893,136656.42253506603
2022-11-08,136651.1078846029,0.011827703878440454,0.9981523347380893,138275.746201985
2022-11-09,131889.82113603066,-0.03484265017882615,0.9981523347380893,133448.93441639107
2022-11-10,143976.22241468178,0.0916401370063673,0.9981523347380893,145700.85048938278
2022-11-11,145754.39624482495,0.012350468711574303,0.9981523347380893,147503.6552643584
2022-11-14,143257.05317819232,-0.01713391246489615,0.9981523347380893,144971.66227131
2022-11-15,145179.51016009215,0.013419632326993058,0.9981523347380893,146920.72990137717
2022-11-16,140152.82291269698,-0.03462394412167491,0.9981523347380893,141824.33833329476
2022-11-17,139915.16955153472,-0.0016956730247974505,0.9981523347380893,141583.40546523247
2022-11-18,139029.42932117195,-0.0063305518136582695,0.9981523347380893,140685.44525108638
2022-11-21,138489.93695021473,-0.003880418509889405,0.9981523347380893,140138.5163036451
2022-11-22,140842.18465007778,0.016984971989038256,0.9981523347380893,142523.17112151653
2022-11-23,142900.52927088732,0.014614546244958504,0.9981523347380893,144609.93824397193
2022-11-25,142605.3153870367,-0.002065869772189588,0.9981523347380893,144310.63994071764
2022-11-28,139701.81240531968,-0.02036041204941641,0.9981523347380893,141366.97694454886
2022-11-29,138884.34044289438,-0.005851548726179323,0.9981523347380893,140538.22994364068
2022-11-30,143137.13705809854,0.03062113843535008,0.9981523347380893,144849.6365744657
2022-12-01,143982.5820654143,0.005906538475564105,0.9981523347380893,145706.7802406407
2022-12-02,144897.4378051147,0.006353933417340363,0.9981523347380893,146634.30517634805
2022-12-05,142375.03466058857,-0.01740819701669738,0.9981523347380893,144076.94114975765
2022-12-06,139453.47442951123,-0.0205201722200955,0.9981523347380893,141114.98480056637
2022-12-07,139357.73140705156,-0.000686558888915223,0.9981523347380893,141017.92171329784
2022-12-08,142193.37953623966,0.020347978548139967,0.9981523347380893,143892.66291868547
2022-12-09,141932.01453832857,-0.001838095407560747,0.9981523347380893,143627.6848850851
2022-12-12,143535.65953602077,0.011298684112308832,0.9981523347380893,145253.49267495982
2022-12-13,144629.22045343308,0.007618740325207485,0.9981523347380893,146362.18981817726
2022-12-14,144334.30605662148,-0.0020391065919252993,0.9981523347380893,146063.1892591642
2022-12-15,141201.23708902946,-0.02170702900225907,0.9981523347380893,142886.72232614533
2022-12-16,139600.78214484378,-0.01133456743850314,0.9981523347380893,141264.16519342337
2022-12-19,137705.08511752286,-0.013579415517557814,0.9981523347380893,139342.32948744792
2022-12-20,137257.57994649993,-0.0032497359893500777,0.9981523347380893,138888.66548525525
2022-12-21,137618.29951237218,0.002628048418257478,0.9981523347380893,139254.34728044755
2022-12-22,136979.31349897312,-0.004643176203042887,0.9981523347380893,138606.56792958072
2022-12-23,136798.83533711982,-0.0013175577920724324,0.9981523347380893,138423.6077167431
2022-12-27,136798.83533711982,0.0,0.9981523347380893,138423.6077167431
2022-12-28,136514.6517064132,-0.002077383407587341,0.9981523347380893,138135.51651474778
2022-12-29,136645.58111240194,0.0009590868405122688,0.9981523347380893,138268.2457099677
2022-12-30,136645.58111240194,0.0,0.9981523347380893,138268.2457099677
2023-01-03,136638.5896738674,-5.116476125766045e-05,0.9981523347380893,138261.1581527532
2023-01-04,136638.5896738674,0.0,0.9981523347380893,138261.1581527532
2023-01-05,136846.13347749834,0.0015189252474452353,0.9981523347380893,138471.5552600388
2023-01-06,137424.54221737693,0.004226708677696589,0.9981523347380893,139057.9175855703
2023-01-09,138102.34603725452,0.004932189032185175,0.9981523347380893,139745.0471068713
2023-01-10,138073.58705440318,-0.00020824398481678053,0.9981523347380893,139715.89217284453
2023-01-11,139333.91661859764,0.009127955542270971,0.9981523347380893,140993.573352278
2023-01-12,140086.2365337267,0.005399402624907346,0.9981523347380893,141756.26361864212
2023-01-13,139659.55802180278,-0.0030458275022701153,0.9981523347380893,141323.69925815097
2023-01-17,139777.4121569601,0.0008438673072339586,0.9981523347380893,141443.17846527282
2023-01-18,137270.03461882984,-0.01793835999277671,0.9981523347380893,138901.2231288678
2023-01-19,133959.5412508566,-0.02411664990954332,0.9981523347380893,135545.19013307738
2023-01-20,138729.61431544452,0.035608311435281426,0.9981523347380893,140380.65980623054
2023-01-23,144904.7575739998,0.04451207688442205,0.9981523347380893,146668.05590221018
2023-01-24,144377.62854641778,-0.003637762047342341,0.8747602289057731,146058.124780872
2023-01-25,143662.89517639947,-0.004950444034953261,0.8747602289057731,145231.55248290367
2023-01-26,144486.45628554837,0.005732594405379876,0.8747602289057731,146183.30309722867
2023-01-27,145942.44330905032,0.01007697926111839,0.8747602289057731,147867.29153766704
2023-01-30,142792.55296392294,-0.02158309997905894,0.8747602289057731,144218.93804441066
2023-01-31,143557.22790076572,0.005355145775956416,0.8747602289057731,145101.82390428512
2023-02-01,146418.10132730458,0.01992845270400756,0.8747602289057731,148407.4781160214
2023-02-02,147486.0628106621,0.007293917034002284,0.8747602289057731,149644.92787291974
2023-02-03,145556.43845012426,-0.013083435300697,0.8747602289057731,147406.74915010345
2023-02-06,145067.18403367526,-0.0033612694955890143,0.8747602289057731,146840.33815770847
2023-02-07,147138.5202264969,0.014278461435777379,0.8747602289057731,149237.17106839534
2023-02-08,146289.5255956802,-0.005770036490171382,0.8747602289057731,148252.7825533485
2023-02-09,146233.63081302668,-0.000382083286044832,0.8747602289057731,148188.02776860693
2023-02-10,144991.00660187067,-0.008497526897522034,0.8747602289057731,146748.5113042729
2023-02-13,145614.15654701053,0.004297852396121016,0.8747602289057731,147469.51280856534
2023-02-14,147249.21450026496,0.011228701879178571,0.8747602289057731,149394.51014035428
2023-02-15,148202.09698598372,0.0064712228785237524,1.0,150361.2753123004
2023-02-16,146208.6432063699,-0.01345091479915006,1.0,148338.7786089831
2023-02-17,144951.48105070821,-0.008598412023338664,1.0,147063.30067146424
2023-02-21,140720.3874325285,-0.02918972326125835,1.0,142770.56362297697
2023-02-22,142800.70999556727,0.014783377170818346,1.0,144881.19471390577
2023-02-23,149055.85382708654,0.043803310443718546,1.0,151227.47066341582
2023-02-24,147996.8064786047,-0.007105036946152943,1.0,150152.993897079
2023-02-27,148884.77980128094,0.005999949213800093,1.0,151053.90423476152
2023-02-28,148669.22090237727,-0.0014478236068949935,1.0,150835.20482629677
2023-03-01,148013.69057601324,-0.004409321057749382,1.0,150170.12398140624
2023-03-02,147814.43723444335,-0.0013461818348997623,1.0,149967.96768835784
2023-03-03,149570.2996070104,0.011878828654484863,1.0,151749.41148018916
2023-03-06,148939.0474082525,-0.0042204381512672695,1.0,151108.9624745458
2023-03-07,149659.92151033762,0.0048400611836139085,1.0,151840.33909831505
2023-03-08,150768.18618581918,0.00740522021057588,1.0,152964.7502461866
2023-03-09,148226.78694041749,-0.016856336271562355,1.0,150386.32497834132
2023-03-10,145359.94846705135,-0.019340893319899743,1.0,147477.71911016345
2023-03-13,144287.51940244614,-0.00737774796919588,1.0,146389.6656674968
2023-03-14,146275.85476507887,0.013780369715046925,1.0,148406.969382857
2023-03-15,146276.89999640436,7.145617622050793e-06,1.0,148408.02984231265
2023-03-16,148078.89770392628,0.012319085977117394,1.0,150236.2811216347
2023-03-17,148017.03128518048,-0.00041779362019223054,1.0,150173.51336186068
2023-03-20,148306.23907814792,0.0019538818638391575,1.0,150466.93466604743
2023-03-21,149465.65452110986,0.007817711851967557,1.0,151643.24180451542
2023-03-22,149688.54052949688,0.0014912188964157913,1.0,151869.37507220806
2023-03-23,152003.5969240286,0.01546582247607331,1.0,154218.15986662701
2023-03-24,150662.66354233096,-0.008821721385763315,1.0,152857.69022765852
2023-03-27,149875.44533466463,-0.005225038434589657,1.0,152059.0029211964
2023-03-28,149034.88367570247,-0.005608401410152619,1.0,151206.19499478675
2023-03-29,151601.36153748777,0.017220651960717648,1.0,153810.06425309638
2023-03-30,152209.95737381766,0.004014448354274114,1.0,154427.52681240803
2023-03-31,152303.01201553887,0.0006113571235861759,1.0,154521.9371810026
2023-04-03,152619.0784274236,0.0020752472830443125,1.0,154842.60841130823
2023-04-04,150715.22367868322,-0.01247455277778875,1.0,152911.0161204309
2023-04-05,149566.21949239116,-0.0076236770131573595,1.0,151745.27192177504
2023-04-06,149065.0712736723,-0.0033506778497157663,1.0,151236.82240034765
2023-04-10,149799.34610196654,0.004925867757082925,1.0,151981.7949874932
2023-04-11,149445.62774437666,-0.002361281052249087,1.0,151622.92325470241
2023-04-12,148370.9447888627,-0.007191130123607281,1.0,150532.58308385612
2023-04-13,148442.37563474735,0.0004814341917571685,1.0,150605.0546163262
2023-04-14,148543.5574050367,0.0006816232215138829,1.0,150707.71051883005
2023-04-17,149590.56393904454,0.0070484816191183075,1.0,151769.97104628143
2023-04-18,150118.95180060438,0.0035322272183901937,1.0,152306.0570689454
2023-04-19,150160.3886494541,0.00027602676645899216,1.0,152348.09761739027
2023-04-20,148960.17630624326,-0.00799286918478026,1.0,151130.39920258435
2023-04-21,148486.940959012,-0.0031769252626174804,1.0,150650.2692194082
2023-04-24,148483.0320486471,-2.63249437267854e-05,1.0,150646.30335954856
2023-04-25,147007.58712261365,-0.009936791468199813,1.0,149149.36245760956
2023-04-26,147143.03396282732,0.0009213595220816106,1.0,149286.78264292228
2023-04-27,148447.41199725587,0.008864694435742448,1.0,150610.1643543469
2023-04-28,149878.35242778328,0.009639376067761107,1.0,152061.95236818577
2023-05-01,150105.9838951378,0.0015187748174918525,1.0,152292.90023214123
2023-05-02,149139.1390213686,-0.006441081485762723,1.0,151311.96925204288
2023-05-03,148426.92210160274,-0.004775519856419663,1.0,150589.3759383658
2023-05-04,146856.82813575084,-0.010578228960222646,1.0,148996.40704071271
2023-05-05,149296.21661645712,0.01661065754771296,1.0,151471.33533390565
2023-05-08,149840.8225931113,0.0036478216862874113,1.0,152023.8757557876
2023-05-09,148851.43397224604,-0.0066029310553902265,1.0,151020.0725853989
2023-05-10,149381.43064428496,0.00356057484899841,1.0,151557.79085754039
2023-05-11,148794.8139745017,-0.003926971828112635,1.0,150962.62768251184
2023-05-12,148246.5313898493,-0.0036848232139756742,1.0,150406.35708758456
2023-05-15,149735.05250188147,0.010040849509778793,1.0,151916.56468441506
2023-05-16,149582.97648356121,-0.0010156340534782649,1.0,151762.27304803414
2023-05-17,152196.716459082,0.017473512273691316,1.0,154414.09298882226
2023-05-18,155764.86601346565,0.02344432677260122,1.0,158034.22744314704
2023-05-19,154945.34378098985,-0.005261277805772568,1.0,157202.765469748
2023-05-22,155685.65255003754,0.0047778703830823055,1.0,157953.85990702454
2023-05-23,154641.57158341928,-0.006706340305075442,1.0,156894.56756998782
2023-05-24,154720.2972603939,0.0005090848222024658,1.0,156974.4402130237
2023-05-25,169982.7584565721,0.09864550072891531,1.0,172459.26246947862
2023-05-26,174897.10186514884,0.028910834564626064,1.0,177445.20367587113
2023-05-30,177067.73087054363,0.012410891788638079,1.0,179647.4568971052
2023-05-31,171502.62163504976,-0.03142926838297022,1.0,174001.26875996802
2023-06-01,175325.86094494205,0.02229259980659637,1.0,177880.20941027402
2023-06-02,175549.2427064371,0.0012740947644067635,1.0,178106.84565377524
2023-06-05,175405.5043293554,-0.0008187923506003392,1.0,177961.01313096436
2023-06-06,175137.1903577639,-0.001529678174110649,1.0,177688.7900533353
2023-06-07,175922.45772204513,0.004483727086617595,1.0,178485.49809428575
2023-06-08,177372.07088283854,0.008240068832392922,1.0,179956.2308841666
2023-06-09,178737.5810167081,0.0076985634044468565,1.0,181341.63533765366
2023-06-12,182438.86477231505,0.020707921269567553,1.0,185096.84364512042
2023-06-13,186538.14586009024,0.022469341129101705,1.0,189255.84776690262
2023-06-14,187516.03485684932,0.005242300400543964,1.0,190247.98377345633
2023-06-15,188499.9646204373,0.0052471766712596235,1.0,191246.2485556666
2023-06-16,187337.57811082166,-0.0061665078397028505,1.0,190066.9270646343
2023-06-20,188200.5623789516,0.004606573207749376,1.0,190942.4842785295
2023-06-21,186856.13149990467,-0.0071436071287601655,1.0,189578.46618665423
2023-06-22,187158.58441519723,0.0016186405705005402,1.0,189885.3255833172
2023-06-23,184103.4032685202,-0.016324023587928727,1.0,186785.6330494936
2023-06-26,183450.5290418802,-0.0035462365988301325,1.0,186123.24700143782
2023-06-27,185784.66480333745,0.012723516108936295,1.0,188491.38913290814
2023-06-28,184320.79557886667,-0.00787938674066746,1.0,187006.1925806443
2023-06-29,185479.28279266137,0.0062851682587221624,1.0,188181.55796643667
2023-06-30,188136.5793753177,0.014326649007085024,1.0,190877.56909702823
2023-07-03,188069.54643140416,-0.00035629936579106847,1.0,190809.5595402152
2023-07-05,188274.87042068836,0.0010917450123115735,1.0,191017.8749251446
2023-07-06,187699.4811872459,-0.0030561127576760327,1.0,190434.1027606417
2023-07-07,188471.1237686846,0.00411105335272044,1.0,191216.98751726813
2023-07-10,189250.79472409593,0.004136819157338101,1.0,192008.01761443805
2023-07-11,189493.76661106973,0.0012838619110056015,1.0,192254.52939486093
2023-07-12,191559.34281412407,0.010900496834251427,1.0,194350.19928390012
2023-07-13,194280.8532706281,0.014207140286260023,1.0,197111.3598297891
2023-07-14,192929.47122281897,-0.006955816927192049,1.0,195740.2892965432
2023-07-17,193984.86804276548,0.005470376367370022,1.0,196811.0623492532
2023-07-18,196227.79702545062,0.011562391465455457,1.0,199086.66889686743
2023-07-19,196498.11372221215,0.0013775657723276158,1.0,199360.92387766647
2023-07-20,194492.6006961734,-0.01020627113435768,1.0,197326.19223497497
2023-07-21,194199.91855993873,-0.0015048497227505564,1.0,197029.24596929873
2023-07-24,194772.27768463164,0.002947267583514712,1.0,197609.9438789484
2023-07-25,196014.0468620065,0.006375492406498928,1.0,198869.8045755973
2023-07-26,195769.95575613528,-0.0012452735392125547,1.0,198622.15727021094
2023-07-27,196873.36942525842,0.0056362768477999925,1.0,199741.64673669313
2023-07-28,197791.401279721,0.004663057564070927,1.0,200673.05353336866
2023-07-31,198437.15509306834,0.0032648224804985304,1.0,201328.2154297747
2023-08-01,198349.58616883805,-0.0004412929836109525,1.0,201239.37070090263
2023-08-02,202933.80153355232,0.02311179697048682,1.0,205890.37417901042
2023-08-03,202772.93501769038,-0.0007927043924977895,1.0,205727.1639750257
2023-08-04,204944.02298280687,0.01070699087591298,1.0,207929.88284263376
2023-08-07,204985.59167712554,0.00020282950297190183,1.0,207972.05715742373
2023-08-08,205092.70104677952,0.0005225214551796142,1.0,208080.7270193663
2023-08-09,205277.32251799668,0.0009001854784440599,1.0,208268.03826817323
2023-08-10,204797.40861928515,-0.0023378807401849278,1.0,207781.13243270997
2023-08-11,203762.47308396778,-0.005053460111115404,1.0,206731.11876811887
2023-08-14,205050.37139000036,0.006320586350077484,1.0,208037.7806555409
2023-08-15,205101.56098363036,0.00024964399373184065,1.0,208089.71603795086
2023-08-16,203905.70922289393,-0.005830534662931597,1.0,206876.441735592
2023-08-17,202715.55055460637,-0.005836808948721295,1.0,205668.94346919007
2023-08-18,203876.8530179231,0.005728729049841119,1.0,206847.16512029213
2023-08-21,205145.48251391278,0.0062225283410577426,1.0,208134.27746752062
2023-08-22,202438.62741376256,-0.013194807250832885,1.0,205387.98579404532
2023-08-23,204209.9170622065,0.008749761204533524,1.0,207185.08162402335
2023-08-24,199998.92136308207,-0.020620916749315876,1.0,202912.73530415416
2023-08-25,201193.53788184005,0.005973114807900748,1.0,204124.75636811106
2023-08-28,201827.80851864594,0.0031525398056193588,1.0,204768.2677878739
2023-08-29,204579.18598532456,0.013632301152516568,1.0,207559.73048083734
2023-08-30,206337.84752307346,0.00859648321151818,1.0,209344.0142193031
2023-08-31,207039.46761720622,0.0034003460952760634,1.0,210055.8563206231
2023-09-01,207559.66254667545,0.002512539929976132,1.0,210583.630047154
2023-09-05,207466.02961025268,-0.0004511133583180449,1.0,210488.63295859663
2023-09-06,205992.73961780054,-0.00710135531691547,1.0,208993.87838578582
2023-09-07,206430.90237840713,0.0021270786602456404,1.0,209438.4248046222
2023-09-08,206764.3251916691,0.001615178780988824,1.0,209776.70530429034
2023-09-11,205620.01634189917,-0.005534363090485495,1.0,208615.72484921062
2023-09-12,204695.61879745655,-0.004495659327764856,1.0,207677.85961987384
2023-09-13,203613.79699051523,-0.005285026681551841,1.0,206580.27659061522
2023-09-14,204291.5955667815,0.0033288440483127957,1.0,207267.9501148427
2023-09-15,199769.92359481822,-0.022133421394152086,1.0,202680.4012334488
2023-09-18,199186.01366094037,-0.002922912134972644,1.0,202087.98422916242
2023-09-19,198570.30378949968,-0.003091130045349333,1.0,201463.30398930758
2023-09-20,196391.1409316409,-0.010974263604737522,1.0,199252.39258464755
2023-09-21,194665.495251401,-0.008786779648276122,1.0,197501.60571661443
2023-09-22,195058.88280617213,0.0020208386404743095,1.0,197900.7245930023
2023-09-25,194960.59398804585,-0.0005038930640443029,1.0,197801.00379051053
2023-09-26,194605.9381591362,-0.0018191154512559038,1.0,197441.1809282413
2023-09-27,194605.9381591362,0.0,1.0,197441.1809282413
2023-09-28,194605.9381591362,0.0,1.0,197441.1809282413
2023-09-29,194598.2630364729,-3.943930352734437e-05,1.0,197433.39398557786
2023-10-02,194599.5739858698,6.736696291254063e-06,1.0,197434.72403439088
2023-10-03,193958.42578163987,-0.0032947050761604757,1.0,196784.23484690444
2023-10-04,194092.87534679507,0.0006931875458020542,1.0,196920.6432277105
2023-10-05,194369.94040330392,0.0014274870008175178,1.0,197201.74488611068
2023-10-06,194446.09994778867,0.00039182779151314406,1.0,197279.01401029195
2023-10-09,195346.47270658443,0.004630449050083918,1.0,198192.5044333174
2023-10-10,197018.9621255757,0.008561656608478296,1.0,199889.36059864977
2023-10-11,198690.26854495314,0.00848297240705298,1.0,201585.01652907158
2023-10-12,198116.70406780433,-0.0028867265686898236,1.0,201003.09570600733
2023-10-13,194539.02417243234,-0.018058446470760714,1.0,197373.2920617432
2023-10-16,196410.37334618188,0.009619402491146678,1.0,199271.90519908778
2023-10-17,194842.35283099726,-0.007983389514875094,1.0,197681.0399605122
2023-10-18,192534.33565641716,-0.011845562019988765,1.0,195339.39694148407
2023-10-19,190814.28385989272,-0.008933740523009437,1.0,193594.2854552877
2023-10-20,190280.73855282576,-0.002796149723564345,1.0,193052.96684752827
2023-10-23,190060.6237009953,-0.0011567899804495463,1.0,192829.64510978298
2023-10-24,190558.75658825066,0.0026209157770575864,1.0,193335.03536893564
2023-10-25,188099.08864175563,-0.012907661608066334,1.0,190839.5321554099
2023-10-26,188062.6277069994,-0.00019383897614566603,1.0,190802.54001588878
2023-10-27,188062.6277069994,0.0,1.0,190802.54001588878
2023-10-30,188062.6277069994,0.0,1.0,190802.54001588878
2023-10-31,187971.80413332483,-0.0004829432342936535,1.0,190710.39322010207
2023-11-01,189706.49234341132,0.009228449011725814,1.0,192470.35435993996
2023-11-02,190259.10036066966,0.0029129631275770507,1.0,193031.01340534215
2023-11-03,189467.12750104358,-0.004162601726407589,1.0,192227.50217569087
2023-11-06,189635.50479292436,0.000888688682314287,1.0,192398.33258130396
2023-11-07,189362.92814447134,-0.0014373713864955784,1.0,192121.78472324213
2023-11-08,189699.89660518538,0.0017794848443457578,1.0,192463.6625274258
2023-11-09,190736.33501065068,0.005463568636636662,1.0,193515.20095770285
2023-11-10,191895.3716915397,0.006076643345507948,1.0,194691.1238158571
2023-11-13,192571.51647435332,0.003523507507520618,1.0,195377.1194522699
2023-11-14,196219.58867431624,0.018943986456318784,1.0,199078.34095704826
2023-11-15,194924.74591415274,-0.006598947479767969,1.0,197764.63344071337
2023-11-16,194986.93766760125,0.00031905519823483,1.0,197827.73127503964
2023-11-17,196031.7219061495,0.005358226817887335,1.0,198887.73713007936
2023-11-20,199398.24174382744,0.01717334217616906,1.0,202303.30429445818
2023-11-21,196108.80526364964,-0.016496817882696413,1.0,198965.94352644478
2023-11-22,196476.92925492857,0.0018771415734444297,1.0,199339.43077073788
2023-11-24,195175.9730059696,-0.0066214198984705375,1.0,198019.5206972827
2023-11-27,196531.85290030285,0.006946961111303329,1.0,199395.15460684567
2023-11-28,195657.77111433446,-0.004447532413037414,1.0,198508.3381937291
2023-11-29,198264.15759551383,0.013321149813448008,1.0,201152.6975060264
2023-11-30,198540.38837124602,0.0013932461574610588,1.0,201432.9527288896
2023-12-01,202012.58984580822,0.017488640487947515,1.0,204955.74122159087
2023-12-04,202370.72768865284,0.0017728491235025068,1.0,205319.0968277724
2023-12-05,201346.38407166893,-0.005061718306215823,1.0,204279.82939674356
2023-12-06,198718.04338038003,-0.013053826138508473,1.0,201613.1960201943
2023-12-07,199926.05964420017,0.006079046689825729,1.0,202838.81205208605
2023-12-08,202380.452867273,0.012276504761014273,1.0,205328.96369396197
2023-12-11,201437.7574088569,-0.00465803611495208,1.0,204372.53396562982
2023-12-12,202679.8437579017,0.00616610492998948,1.0,205632.71645486972
2023-12-13,203514.1997323501,0.004116620375161917,1.0,206479.22828522773
2023-12-14,203643.90413511547,0.0006373236016747885,1.0,206610.8223706695
2023-12-15,204270.73156694698,0.003078056446097266,1.0,207246.78214430102
2023-12-18,205130.72137369917,0.00421004908610878,1.0,208119.30127006661
2023-12-19,206231.0055053436,0.0053638193454210725,1.0,209235.61560437453
2023-12-20,203503.49916696188,-0.013225491151043434,1.0,206468.37182171576
2023-12-21,204771.56268830123,0.006231163230755898,1.0,207754.90994852528
2023-12-22,204311.50377464844,-0.0022466933768195974,1.0,207288.14836834217
2023-12-26,205367.9311874455,0.0051706702426421725,1.0,208359.96702876274
2023-12-27,205889.70951262393,0.0025407001091235504,1.0,208889.3472197297
2023-12-28,206188.42258912427,0.0014508402445534418,1.0,209192.4122913346
2023-12-29,204882.7561265912,-0.006332394642423189,1.0,207867.72338050537
2024-01-02,200617.3132875531,-0.020818945038022618,1.0,203540.13667226775
2024-01-03,199020.08683745205,-0.00796155837164303,1.0,201919.6399931793
2024-01-04,199617.5258683377,0.003001903176605536,1.0,202525.78320189388
2024-01-05,200807.75128626503,0.005962529656400761,1.0,203733.34919042097
2024-01-08,204229.71366914365,0.017040987516464767,1.0,207205.1666506625
2024-01-09,204928.75742332256,0.0034228307997894447,1.0,207914.39487694987
2024-01-10,206589.89645851316,0.008105934257724323,1.0,209599.73529305696
2024-01-11,207400.18617687275,0.003922213681549991,1.0,210421.83024247264
2024-01-12,206654.429107326,-0.0035957396340559056,1.0,209665.2081275992
2024-01-16,207640.35910854713,0.004770911542907541,1.0,210665.50228920128
2024-01-17,207700.1823367095,0.00028810982806626306,1.0,210726.19709084532
2024-01-18,208393.35061738457,0.00333735037146643,1.0,211429.46424298416
2024-01-19,211292.06639836292,0.01390982856406242,1.0,214370.41184399565
2024-01-22,210753.66679042048,-0.00254812978603447,1.0,213824.16821233148
2024-01-23,211362.58995529157,0.0028892648661558162,1.0,214441.96286908237
2024-01-24,212488.41169833502,0.00532649483185077,1.0,215584.1868760365
2024-01-25,213948.84302814488,0.006872992828819147,1.0,217065.8954464423
2024-01-26,213690.38252784204,-0.0012080481326502968,1.0,216803.66939678616
2024-01-29,215342.03337121426,0.007729177250908714,1.0,218479.38338620134
2024-01-30,216660.15081469214,0.006121041130904947,1.0,219816.70467816302
2024-01-31,215729.62424905656,-0.004294867155480997,1.0,218872.6211330147
2024-02-01,220425.3684320815,0.02176680277162024,1.0,223636.7783093246
2024-02-02,223915.13960578543,0.015831985213531352,1.0,227177.39247671963
2024-02-05,227019.71440933112,0.013864961560935418,1.0,230327.19829092288
2024-02-06,226941.6123980307,-0.0003440318454440705,1.0,230247.95839983888
2024-02-07,229095.7358519534,0.00949197210313546,1.0,232433.46559777405
2024-02-08,227931.22074966438,-0.005083093746631406,1.0,231251.98450228613
2024-02-09,231632.1503134482,0.016237045331532363,1.0,235006.83345765655
2024-02-12,232152.59354143875,0.0022468522926817336,1.0,235534.85910020676
2024-02-13,231467.07941070065,-0.002952860100680965,1.0,234839.35761245023
2024-02-14,235832.7928385797,0.018861055485704048,1.0,239268.67576660574
2024-02-15,239464.4172173895,0.015399149266300372,1.0,242953.20981948572
2024-02-16,228228.71566937893,-0.046920129840462454,1.0,231553.81366959834
2024-02-20,224484.74223940584,-0.016404480124213472,1.0,227755.29373556958
2024-02-21,224684.7256612165,0.0008908552974054018,1.0,227958.19074550603
2024-02-22,228576.14770177763,0.017319477454950327,1.0,231906.30749079408
2024-02-23,229633.2419739505,0.004624691958462934,1.0,232978.8027261636
2024-02-26,229898.77029529685,0.0011563148221218622,1.0,233248.19956899606
2024-02-27,232438.6471503552,0.011047805309249537,1.0,235825.0802665673
2024-02-28,233219.7677087505,0.003360545107156998,1.0,236617.58108620203
2024-02-29,235315.26786921063,0.008985088104010996,1.0,238743.61089921952
2024-03-01,236716.30875748475,0.005953888589383061,1.0,240165.06375994047
2024-03-04,238854.41000624158,0.009032336048072187,1.0,242334.31532282694
2024-03-05,239327.1231549884,0.001979084869039971,1.0,242813.91549953152
2024-03-06,241647.1474407703,0.009693946324167424,1.0,245167.7405631449
2024-03-07,243929.97146870982,0.009446931412666615,1.0,247483.8233928434
2024-03-08,241962.2706641991,-0.008066662709232064,1.0,245487.45486354217
2024-03-11,239105.36074638573,-0.011807253709311905,1.0,242588.92220151506
2024-03-12,242120.4182252695,0.012609744379933785,1.0,245647.9064998798
2024-03-13,241667.7130111918,-0.001869752321576157,1.0,245188.60575641133
2024-03-14,242047.86044600038,0.0015730170574792535,1.0,245574.29161556571
2024-03-15,240576.11425020947,-0.006080393328323885,1.0,244081.10333121856
2024-03-18,241382.5069195608,0.0033519232441865388,1.0,244899.24445494116
2024-03-19,242565.06470823832,0.004899103103074509,1.0,246099.03110339097
2024-03-20,245857.49809236955,0.013573403029374598,1.0,249439.43243769588
2024-03-21,248615.54835520772,0.011218084802123718,1.0,252237.66514377558
2024-03-22,249288.59516529896,0.002707179074454391,1.0,252920.51767264205
2024-03-25,252348.57787850234,0.012274860433042933,1.0,256025.0817277267
2024-03-26,252667.0125786025,0.001261884266506419,1.0,256348.15575018994
2024-03-27,253813.6713465513,0.004538221100754525,1.0,257511.52035975497
2024-03-28,255384.50458335396,0.006188922875859815,1.0,259105.2392989069
2024-04-01,258766.4166323181,0.013242432443117735,1.0,262536.4229259805
2024-04-02,257861.80993010936,-0.003495842752632372,1.0,261618.63687459272
2024-04-03,259554.0452816663,0.006562566795042635,1.0,263335.52665391023
2024-04-04,257341.12343224406,-0.008525861529227075,1.0,261090.3644179329
2024-04-05,260575.61952657546,0.012568904849686868,1.0,264371.984365472
2024-04-08,259841.37752480962,-0.00281776937957523,1.0,263627.0450831094
2024-04-09,256774.53237561713,-0.011802758969362781,1.0,260515.51861218814
2024-04-10,255461.1006295913,-0.0051151168843508454,1.0,259182.95128429952
2024-04-11,256114.4133934962,0.0025573864760417564,1.0,259845.78225873457
2024-04-12,252749.12304871538,-0.01313979287690592,1.0,256431.4624999172
2024-04-15,248688.67238167103,-0.016065142454566472,1.0,252311.8545250232
2024-04-16,248002.0045100127,-0.002761154599773996,1.0,251615.1824873239
2024-04-17,248002.0045100127,0.0,1.0,251615.1824873239
2024-04-18,247513.92737418713,-0.001968037059982164,1.0,251119.99448333468
2024-04-19,245795.72986773014,-0.0069418215156008545,1.0,249376.7643026327
2024-04-22,245795.72986773014,0.0,1.0,249376.7643026327
2024-04-23,245795.72986773014,0.0,1.0,249376.7643026327
2024-04-24,245795.72986773014,0.0,1.0,249376.7643026327
2024-04-25,251697.0816487624,0.024009171291168974,1.0,255364.0937528121
2024-04-26,253135.99263321125,0.00571683618666996,1.0,256823.96844475437
2024-04-29,256709.26241921,0.014116008351196196,1.0,260449.29772810786
2024-04-30,254258.53028015842,-0.009546722685251141,1.0,257962.8605091292
2024-05-01,252662.24452153617,-0.006278199425063025,1.0,256343.3182265932
2024-05-02,253903.12064444003,0.004911205175326838,1.0,257602.2728577281
2024-05-03,254814.51634127388,0.003589541138843133,1.0,258526.9468136104
2024-05-06,259166.466372263,0.017078893673233786,1.0,262942.30104990583
2024-05-07,255511.57236511869,-0.014102495814001137,1.0,259234.1583500257
2024-05-08,258436.4400577964,0.011447104589447532,1.0,262201.6388738159
2024-05-09,259295.25349205357,0.0033231127702622043,1.0,263072.9644883411
2024-05-10,258386.03357659662,-0.0035065042773134714,1.0,262150.49801311723
2024-05-13,256947.66312936833,-0.005566749979936114,1.0,260691.17173356249
2024-05-14,261376.0807445325,0.01723470671509686,1.0,265184.1076216054
2024-05-15,269993.41273735976,0.032969091771063,1.0,273926.9868020096
2024-05-16,263540.32313305023,-0.02390091498486613,1.0,267379.8811783942
2024-05-17,262077.88454378335,-0.005549202383456797,1.0,265896.13610447064
2024-05-20,265915.05486233544,0.014641335819814527,1.0,269789.2107263673
2024-05-21,270742.4102602113,0.01815374988969687,1.0,274686.8965808325
2024-05-22,273494.50699736667,0.010165000505500066,1.0,277479.0890234309
2024-05-23,277942.1743831291,0.01626236458857022,1.0,281991.55513483426
2024-05-24,286666.6729477937,0.03138961758512515,1.0,290843.16221275146
2024-05-28,293106.7647160091,0.022465435908513465,1.0,297377.0806328714
2024-05-29,288965.9606349952,-0.014127289368520368,1.0,293175.948563205
2024-05-30,287772.2726892353,-0.0041308946670979285,1.0,291964.8696007639
2024-05-31,279870.70435509115,-0.0274577125179708,1.0,283948.1821459193
2024-06-03,278843.5417143302,-0.003670132760511202,1.0,282906.05462033796
2024-06-04,278571.16837914166,-0.0009767962833709953,1.0,282629.71303764166
2024-06-05,283372.23101467505,0.017234599917386628,1.0,287500.7230666112
2024-06-06,279145.8788643906,-0.014914489451387514,1.0,283212.79656516796
2024-06-07,277972.48618424305,-0.004203510669478883,1.0,282022.3085530733
2024-06-10,278859.5219403401,0.0031910919252242653,1.0,282922.26766463014
2024-06-11,277701.2603678185,-0.004153566514287443,1.0,281747.13120751205
2024-06-12,282229.8906754243,0.01630756123183441,1.0,286341.7398015722
2024-06-13,283617.86876647145,0.004917898978472834,1.0,287749.9395512365
2024-06-14,281112.9940034835,-0.00883186512148304,1.0,285208.5708964051
2024-06-17,280750.39814702683,-0.0012898580435317664,1.0,284840.69232715014
2024-06-18,285707.43714628037,0.017656391698713136,1.0,289869.95116261096
2024-06-20,281148.74807757564,-0.01595579420066262,1.0,285244.8458769042
2024-06-21,278426.3024733534,-0.0096832926443301,1.0,282482.7365589913
2024-06-24,275524.3781419392,-0.010422594078344782,1.0,279538.53366169694
2024-06-25,275974.77316059807,0.0016346830058966422,1.0,279995.490552167
2024-06-26,275713.27488662273,-0.00094754412144471,1.0,279730.1824710633
2024-06-27,275042.3949240273,-0.0024332523084761304,1.0,279049.5283588151
2024-06-28,273547.3437106828,-0.005435711879099303,1.0,277532.69552265806
2024-07-01,273680.9584287697,0.0004884518938272908,1.0,277668.2568933851
2024-07-02,274375.4910756476,0.0025377455956938633,1.0,278372.90828938026
2024-07-03,274562.17540687445,0.0006803972559463745,1.0,278562.3124523102
2024-07-05,273864.5828558215,-0.0025407452793493324,1.0,277854.55657194235
2024-07-08,275012.8165257729,0.004192705964304544,1.0,279019.5190284907
2024-07-09,274156.2721626155,-0.003114561619266043,1.0,278150.4955434985
2024-07-10,277459.0965668707,0.012047232690325371,1.0,281501.4392862403
2024-07-11,274590.30399611086,-0.010339515288043333,1.0,278590.85085113405
2024-07-12,274619.59689644683,0.00010667856770507633,1.0,278620.57052407856
2024-07-15,272237.83029964485,-0.00867296661898509,1.0,276204.10361656063
2024-07-16,272769.99863113853,0.001954791995322447,1.0,276744.0251873855
2024-07-17,266825.8780922293,-0.021791694719870414,1.0,270713.3038749539
2024-07-18,266473.727204688,-0.001319777864347671,1.0,270356.0224489153
2024-07-19,265776.30950969097,-0.002617209967800571,1.0,269648.4439721071
2024-07-22,265776.30950969097,0.0,1.0,269648.4439721071
2024-07-23,265787.59546140715,4.246409974251186e-05,1.0,269659.8943505273
2024-07-24,258994.32587019567,-0.02555901670060401,1.0,262767.6526073391
2024-07-25,256584.49326607338,-0.009304576832042444,1.0,260322.71079467866
2024-07-26,256584.49326607338,0.0,1.0,260322.71079467866
2024-07-29,256584.49326607338,0.0,1.0,260322.71079467866
2024-07-30,254109.7670254894,-0.009644878414447722,1.0,257811.92990054455
2024-07-31,257153.9704378878,0.011979875657802008,1.0,260900.48476385104
2024-08-01,254589.07243850364,-0.009974172263475412,1.0,258298.21838519216
2024-08-02,251528.06377985727,-0.012023330888979,1.0,255192.61343751324
2024-08-05,248237.30266256817,-0.013083077362569195,1.0,251853.90873355404
2024-08-06,248237.30266256817,0.0,1.0,251853.90873355404
2024-08-07,248237.30266256817,0.0,1.0,251853.90873355404
2024-08-08,248237.30266256817,0.0,1.0,251853.90873355404
2024-08-09,248562.64373574537,0.0013106050931412927,1.0,252183.98974906778
2024-08-12,248438.43375674778,-0.0004997129783091969,1.0,252057.9701364684
2024-08-13,248329.54475480557,-0.0004382937063951431,1.0,251947.49471451083
2024-08-14,248471.93965829012,0.0005734110438819773,1.0,252091.96419045853
2024-08-15,251810.98718375526,0.013438328408661215,1.0,255479.65879443436
2024-08-16,249928.73054718832,-0.007474878906667426,1.0,253569.97928182926
2024-08-19,253171.75564996677,0.012975799523641252,1.0,256860.25249820415
2024-08-20,251165.05727014737,-0.007926233219292533,1.0,254824.318232137
2024-08-21,251997.841906861,0.0033156866873320645,1.0,255669.23583170777
2024-08-22,250078.30845704948,-0.007617261462584235,1.0,253721.73641443855
2024-08-23,254222.64097766613,0.016572139127886132,1.0,257926.44833006748
2024-08-26,251962.70179006836,-0.008889606287255658,1.0,255633.58375334297
2024-08-27,254039.97485746813,0.008244367331520897,1.0,257741.12092007865
2024-08-28,251690.75943958957,-0.009247424226036083,1.0,255357.67943443664
2024-08-29,249697.523729564,-0.007919383748786424,1.0,253335.40397779574
2024-08-30,253802.76022175868,0.01644083782200778,1.0,257500.45026916752
2024-09-03,239440.55262461698,-0.05658806698789576,1.0,242928.99753992254
2024-09-04,240165.3690432422,0.0030271247317139593,1.0,243664.37391642612
2024-09-05,239952.41650910254,-0.0008866912618918921,1.0,243448.31884524008
2024-09-06,237103.95040458988,-0.011870962359758375,1.0,240558.3530156818
2024-09-09,237986.68647168114,0.0037229918168169007,1.0,241453.94979542613
2024-09-10,238077.53987352364,0.00038175833778542057,1.0,241546.12685395175
2024-09-11,239618.9259572033,0.006474302802769616,1.0,243109.96962004044
2024-09-12,241760.02619063825,0.008935438738329804,1.0,245282.26386025755
2024-09-13,244207.38046783904,0.010123072518493759,1.0,247765.27400481526
2024-09-16,245103.77354535917,0.0036706223857889686,1.0,248674.72676599846
2024-09-17,246903.35677096053,0.007342127783554142,1.0,250500.52838645483
2024-09-18,246525.2390606015,-0.0015314401363516472,1.0,250116.9018231065
2024-09-19,250009.11764272922,0.014131934707388272,1.0,253651.5375488849
2024-09-20,255138.82001130734,0.02051806116890753,1.0,258855.97531190037
2024-09-23,257710.11502990508,0.010078023479468179,1.0,261464.73190889435
2024-09-24,258715.3308456225,0.003900567952487055,1.0,262484.5928628838
2024-09-25,260776.25037397648,0.007965973727253717,1.0,264575.53823343845
2024-09-26,258504.79731818417,-0.008710352467047211,1.0,262270.99204126647
2024-09-27,258747.40172964789,0.0009384909447738288,1.0,262517.13099237403
2024-09-30,260294.66734565294,0.005979830543851206,1.0,264086.9389505664
2024-10-01,258380.30129135898,-0.0073546111175293305,1.0,262144.68221336626
2024-10-02,259769.10059595772,0.005375020067929448,1.0,263553.7151409641
2024-10-03,263591.24312312534,0.014713614969597666,1.0,267431.54302935523
2024-10-04,267550.05775324896,0.015018763837592486,1.0,271448.0342168361
2024-10-07,268514.4705155844,0.0036046068180066726,1.0,272426.4976517086
2024-10-08,269388.20830238843,0.0032539690882442684,1.0,273312.9650538859
2024-10-09,269862.1602638825,0.0017593641699493734,1.0,273793.8220917843
2024-10-10,269779.38726800075,-0.00030672323900760023,1.0,273709.84316385206
2024-10-11,269125.06382596126,-0.00242540191326579,1.0,273045.9867865628
2024-10-14,270670.6656837436,0.005743061741666056,1.0,274614.10674699215
2024-10-15,265957.64844636765,-0.017412367998838496,1.0,269832.4248626412
2024-10-16,270121.1721297863,0.015654837180808512,1.0,274056.6075399686
2024-10-17,269584.45988148416,-0.001986931435512429,1.0,273512.0758513376
2024-10-18,270362.76969757903,0.0028870722609051214,1.0,274301.72497855057
2024-10-21,273920.0424619761,0.013157406133899707,1.0,277910.8241773226
2024-10-22,272870.9077405829,-0.0038300765141668913,1.0,276846.4044566083
2024-10-23,270462.907255716,-0.008824687486128635,1.0,274403.32145562035
2024-10-24,273110.1827903872,0.009787943054861303,1.0,277089.16554009274
2024-10-25,273283.65337418474,0.0006351670304827195,1.0,277265.1634425478
2024-10-28,272804.3247843012,-0.0017539599751589252,1.0,276778.85144336364
2024-10-29,275177.93413931236,0.008700776121814968,1.0,279187.04226502543
2024-10-30,267869.2744113708,-0.02655975941821509,1.0,271771.9015897833
2024-10-31,262537.5553929833,-0.019904182852264918,1.0,266362.50396643253
2024-11-01,263786.43025042024,0.0047569379381458,1.0,267629.57386684994
2024-11-04,263519.78827197914,-0.001010825227772405,1.0,267359.04714188736
2024-11-05,268365.1094905387,0.018386935001476035,1.0,272274.9605637418
2024-11-06,273802.91996022005,0.020262732662991834,1.0,277791.99530047155
2024-11-07,275965.3676793907,0.007897825631241862,1.0,279985.9480411094
2024-11-08,284186.8230326692,0.029791619950043646,1.0,288327.18299650284
2024-11-11,285079.89473213226,0.0031425514030973822,1.0,289233.2659899796
2024-11-12,280259.8098659774,-0.016907838662856167,1.0,284342.9565926901
2024-11-13,279540.5012385872,-0.002566577875486864,1.0,283613.1682512488
2024-11-14,277197.5221137006,-0.00838153725311852,1.0,281236.05391607597
2024-11-15,292802.94830477145,0.05629713452009111,1.0,297068.8378752889
2024-11-18,296627.56699431385,0.013062090773626522,1.0,300949.1780016317
2024-11-19,306006.71998636366,0.03161928976152639,1.0,310464.9772643585
2024-11-20,306651.5332890004,0.0021071867397730593,1.0,311119.18494761386
2024-11-21,309555.7120718654,0.009470615560653428,1.0,314065.6751417965
2024-11-22,310368.7140328029,0.002626351022554374,1.0,314890.52184885443
2024-11-25,304393.448336024,-0.019252152122998467,1.0,308828.2016201299
2024-11-26,307529.7303202995,0.01030338202553338,1.0,312010.17656168056
2024-11-27,305793.72578352067,-0.005644997428283616,1.0,310248.8799173916
2024-11-29,307326.2234168175,0.005011540473468301,1.0,311803.7047359458
2024-12-02,308653.9775963348,0.004320341312744169,1.0,313150.8031629832
2024-12-03,307686.3477423639,-0.0031349988148747787,1.0,312169.0757661902
2024-12-04,311878.769004169,0.013625633027161577,1.0,316422.5770350085
2024-12-05,311275.0570868215,-0.0019357262415621301,1.0,315810.06954921916
2024-12-06,312769.9625027696,0.0048025223412975215,1.0,317326.754463836
2024-12-09,309022.98544575117,-0.011979977319546031,1.0,313525.1871424741
2024-12-10,303116.2363170758,-0.01911427112826314,1.0,307532.3817098934
2024-12-11,302349.48181791656,-0.002529572511441147,1.0,306754.456250742
2024-12-12,302370.5235137305,6.959395361771925e-05,1.0,306775.8045061424
2024-12-13,303309.98843130906,0.0031069990112175816,1.0,307728.95662740845
2024-12-16,303061.50183739763,-0.0008192496237811042,1.0,307476.8497954649
2024-12-17,297349.67364023684,-0.01884709262816686,1.0,301681.8051263528
2024-12-18,291999.4879334549,-0.017992909295253212,1.0,296253.6717706861
2024-12-19,288505.8554359813,-0.011964515835965472,1.0,292709.14002332283
2024-12-20,288505.8554359813,0.0,1.0,292709.14002332283
2024-12-23,289231.27123087284,0.0025143884646476877,1.0,293445.1245084944
2024-12-24,289543.0268626326,0.0010778766432586462,1.0,293761.42215428024
2024-12-26,289206.4474125448,-0.001162450547453564,1.0,293419.93902827625
2024-12-27,286849.52260844863,-0.008149627455345199,1.0,291028.6758372257
2024-12-30,285992.68787089153,-0.002987053036607845,1.0,290159.35774732614
2024-12-31,286286.64810479176,0.0010278592648245155,1.0,290457.60073146224
2025-01-02,286196.3552178047,-0.00031539328705953995,1.0,290365.9923540161
2025-01-03,289841.7261757822,0.012737307416802235,1.0,294064.47326201404
2025-01-06,290020.9994669578,0.0006185213341809437,1.0,294246.3584123513
2025-01-07,283591.04381567595,-0.022170655445984067,1.0,287722.7237837555
2025-01-08,281488.552939277,-0.007413812679378795,1.0,285589.6014060221
2025-01-10,280492.8185338605,-0.0035373886256446774,1.0,284579.359998406
2025-01-13,274817.2702304866,-0.020234201834613996,1.0,278821.123790233
2025-01-14,280266.95068555913,0.01983019644472117,1.0,284350.20144793123
2025-01-15,280278.6283369579,4.166617351830659e-05,1.0,284362.04923276475
2025-01-16,279118.00974829786,-0.004140945727994283,1.0,283184.52141979063
2025-01-17,282367.8618649382,0.011643290662508798,1.0,286481.7211138047
2025-01-21,290187.81682332343,0.02769421033518893,1.0,294415.6061555174
2025-01-22,293645.26612717664,0.011914522607123113,1.0,297923.4275509472
2025-01-23,297265.6722228325,0.012329182565769425,1.0,301596.5798798426
2025-01-24,293506.98043472867,-0.012644217409961689,1.0,297783.12715374096
2025-01-27,253631.68714911232,-0.13585807474341816,1.0,257326.88480755923
2025-01-28,253677.5262886774,0.0001807311226778019,1.0,257489.07863211413
2025-01-29,254337.19585456987,0.0026004257276688314,0.7004744217165014,258444.9753842438
2025-01-30,259003.01553990666,0.018345015048466085,0.7004744217165014,265213.4979963989
2025-01-31,257241.5244222118,-0.00680104482190258,0.7004744217165014,262638.48764437623
2025-02-03,257709.90411190919,0.0018207779274725944,0.7004744217165014,263321.17689951824
2025-02-04,257341.02220323661,-0.0014313842921317432,0.7004744217165014,262783.09330258117
2025-02-05,259308.67837322812,0.007646103808655713,0.7004744217165014,265651.53039072995
2025-02-06,259227.76121786342,-0.00031204954601726786,0.7004744217165014,265533.18711239286
2025-02-07,258752.7902348282,-0.0018322535395274286,0.7004744217165014,264838.62338977115
2025-02-10,260422.4282435522,0.006452637697969221,0.7004744217165014,267278.2666261015
2025-02-11,257841.08067434147,-0.009912155364731445,0.7004744217165014,263496.1103870172
2025-02-12,257485.82936500476,-0.0013777917328285927,0.7004744217165014,262977.82913181576
2025-02-13,259239.23620654942,0.006809721707283112,0.7004744217165014,265534.3904794589
2025-02-14,260981.31417519622,0.0067199625879887925,0.7004744217165014,268081.77995511424
2025-02-18,262670.5660463192,0.006472692792055534,0.7004744217165014,270558.97391252493
2025-02-19,263676.4764996426,0.003829551473788051,0.7004744217165014,272038.14215217927
2025-02-20,263473.98332903034,-0.0007679606967613273,0.7004744217165014,271739.89485760866
2025-02-21,261457.54727376555,-0.00765326439364844,0.7004744217165014,268770.9109844342
2025-02-24,260349.34305952291,-0.004238562725757844,0.7004744217165014,267144.5812716732
2025-02-25,259461.45537507403,-0.003410370366273119,0.7004744217165014,265843.9456806593
2025-02-26,260367.5493133832,0.003492210189753653,0.7004744217165014,267169.3087591788
2025-02-27,255813.71808873027,-0.01749001070472045,0.7004744217165014,260498.4098293932
2025-02-28,256117.36379620768,0.0011869797669414872,0.7004744217165014,260939.83400164236
2025-03-03,252277.1820043034,-0.014993836165516194,0.7004744217165014,255354.34936611474
2025-03-04,250069.26841530052,-0.008751935357218299,0.7004744217165014,252163.87632448628
2025-03-05,251080.16967379724,0.004042484967876403,0.7004744217165014,253619.13100314423
2025-03-06,249700.6951876052,-0.005494159447097191,0.7004744217165014,251629.87357793955
2025-03-07,250395.37042387572,0.0027820316469227002,0.7004744217165014,252629.25663876504
2025-03-10,249861.23923151128,-0.0021331512298339295,0.7004744217165014,251859.92603541416
2025-03-11,249813.636430713,-0.00019051694830574117,0.7004744217165014,251791.42448414952
2025-03-12,249692.78795271736,-0.0004837545288651768,0.7004744217165014,251617.53484857208
2025-03-13,248558.25744090497,-0.004543705571613321,0.7004744217165014,249985.38960591573
2025-03-14,250556.11438779254,0.008037781433845703,0.7004744217165014,252853.91393887176
2025-03-17,251112.87245671012,0.002222089332275745,0.7004744217165014,253656.0331417556
2025-03-18,250954.4836789153,-0.0006307473457861645,0.7004744217165014,253427.62670079697
2025-03-19,250704.3135442064,-0.0009968745369338672,0.7004744217165014,253066.9632130503
2025-03-20,250463.96869912412,-0.0009586785392103891,0.7004744217165014,252720.61242693453
2025-03-21,250463.96869912412,0.0,0.7004744217165014,252720.61242693453
2025-03-24,250402.96753924908,-0.00024355263630082558,0.7004744217165014,252632.74230706162
2025-03-25,249173.89014480138,-0.004908397877733006,0.7004744217165014,250862.4820695112
2025-03-26,244987.86754425455,-0.016799603674824137,0.7004744217165014,244846.00217389534
2025-03-27,243939.50520718435,-0.004279241856255611,0.7004744217165014,243350.22270164583
2025-03-28,243939.50520718435,0.0,0.7004744217165014,243350.22270164583
2025-03-31,243939.50520718435,0.0,0.7004744217165014,243350.22270164583
2025-04-01,244235.2326582967,0.0012122983149498445,0.7004744217165014,243771.38449682022
2025-04-02,245972.9074546829,0.007114758904655405,0.7004744217165014,246247.38444025695
2025-04-03,242383.2401991945,-0.014593750558279495,0.7004744217165014,241117.0430705555
2025-04-04,239675.97760615317,-0.011169347314676004,0.7004744217165014,237272.33452153628
2025-04-07,239675.97760615317,0.0,0.7004744217165014,237272.33452153628
2025-04-08,238240.01289634206,-0.005991275071258073,0.7004744217165014,235242.90449690443
2025-04-09,240142.94201804223,0.007987445511632663,0.7004744217165014,237925.35773632865
2025-04-10,238334.98343880347,-0.007528676729141259,0.7004744217165014,235368.14358470746
2025-04-11,239439.07855400836,0.00463253484349857,0.7004744217165014,236924.73307948708
2025-04-14,239759.83316756334,0.0013396084527723673,0.7004744217165014,237377.8350990103
2025-04-15,239715.51794114773,-0.00018483173695171828,0.7004744217165014,237315.19903948414
2025-04-16,239976.93876616156,0.0010905461075658707,0.7004744217165014,237684.66744340464
2025-04-17,240387.0587570967,0.0017089975105264443,0.7004744217165014,238264.56371421448
2025-04-21,240387.0587570967,0.0,0.7004744217165014,238264.56371421448
2025-04-22,240387.0587570967,0.0,0.7004744217165014,238264.56371421448
2025-04-23,240347.29248445106,-0.00016542601274482926,0.7004744217165014,238264.56371421448
2025-04-24,240347.29248445106,0.0,0.8107584302130849,238264.56371421448
2025-04-25,242076.42098455175,0.007194291569615041,0.8107584302130849,240378.812149
2025-04-28,242243.66286146705,0.0006908639686389328,0.8107584302130849,240583.64388919462
2025-04-29,241967.7018677306,-0.0011391876694593073,0.8107584302130849,240329.763445552
2025-04-30,240361.81417909104,-0.006636785307476245,1.0,238734.7464025673
2025-05-01,249518.32195542715,0.038094685745355905,1.0,247829.27154327036
2025-05-02,254782.53201286469,0.02109748901877384,1.0,253057.84687818523
2025-05-05,252972.33513478746,-0.007104870431171473,1.0,251259.9036645245
2025-05-06,252905.42955061054,-0.00026447786925509753,1.0,251193.45098057407
2025-05-07,254647.85326192318,0.006889625558489598,1.0,252924.07980057504
2025-05-08,255704.7890323942,0.0041505779724122505,1.0,253973.86091488795
2025-05-09,254495.3537630181,-0.004729810786699429,1.0,252772.612607993
2025-05-12,264492.82879632903,0.03928352673432478,1.0,262702.4122930842
2025-05-13,277974.91371304396,0.050973347663413326,1.0,276093.23368691694
2025-05-14,284556.5054946833,0.023676927150460658,1.0,282630.2730676572
2025-05-15,284173.5489846466,-0.0013458012824937304,1.0,282249.9088836912
2025-05-16,286043.90814361983,0.006581749658460367,1.0,284107.6071250869
2025-05-19,286544.10506433545,0.0017486718174206661,1.0,284604.4180907814
2025-05-20,285245.3894725042,-0.004532340986528549,1.0,283314.4938217214
2025-05-21,278110.8269628698,-0.025012016926296732,1.0,276228.2269067873
2025-05-22,279636.57980112813,0.005486132470714722,1.0,277743.65155174857
2025-05-23,279261.0607712581,-0.001342882358728259,1.0,277370.67450183094
2025-05-27,292535.36391775793,0.04753367014305221,1.0,290555.1206509569
2025-05-28,291721.465913551,-0.0027822209024811473,1.0,289746.73212095886
2025-05-29,289521.2661553781,-0.007542124989955101,1.0,287561.42605187156
2025-05-30,286465.69219391304,-0.01055388435551119,1.0,284526.53601621423
2025-06-02,290574.95606055483,0.014344698086429686,1.0,288607.98327294446
2025-06-03,298944.4868039937,0.02880334512274585,1.0,296920.85862033477
2025-06-04,303714.0626746234,0.01595472096381867,1.0,301658.14806795964
2025-06-05,303243.5326118279,-0.0015492534611397657,1.0,301190.80313798436
2025-06-06,308049.2882654558,0.01584784220206137,1.0,305964.02745882724
2025-06-09,310735.5644031866,0.00872028029298999,1.0,308632.1195378403
2025-06-10,305035.6189673733,-0.018343395764050863,1.0,302970.75842365983
2025-06-11,310908.7777602467,0.019254009786646042,1.0,308804.16037141654
2025-06-12,311880.1379474954,0.003124261058971234,1.0,309768.9451845133
2025-06-13,307755.76885797764,-0.013224212085644393,1.0,305672.4949558469
2025-06-16,315583.4980768743,0.025434874049457656,1.0,313447.2363654324
2025-06-17,307515.4625976666,-0.02556545424071066,1.0,305433.8153872547
2025-06-18,309221.18459143525,0.005546784475030764,1.0,307127.9909325941
2025-06-20,306990.774262666,-0.007212993287365577,1.0,304912.67879563523
2025-06-23,305379.2051775174,-0.005249568456965115,1.0,303312.01881490095
2025-06-24,311325.68170402484,0.019472434356002655,1.0,309218.24219066073
2025-06-25,314122.27173434256,0.008982843994786105,1.0,311995.9014206014
2025-06-26,315809.10037262604,0.005369974656588727,1.0,313671.3115041896
2025-06-27,317918.86882375047,0.006680518226469978,1.0,315766.7984178141
2025-06-30,318981.17068324843,0.0033414243810954147,1.0,316821.9092967878
2025-07-01,311301.15658738837,-0.024076700450404886,1.0,309193.8830905237
2025-07-02,314177.78540592454,0.009240662161589475,1.0,312051.03930659324
2025-07-03,316178.8908006884,0.006369340824585734,1.0,314038.5987306031
2025-07-07,314162.0307700095,-0.006378857315779252,1.0,312035.39131765335
2025-07-08,316582.34965838783,0.0077040464834219335,1.0,314439.32647683733
2025-07-09,318246.76043907047,0.005257433910887954,1.0,316092.4704547734
2025-07-10,315380.1036102629,-0.009007654390110864,1.0,313245.21872560045
2025-07-11,315709.4502504738,0.0010442847739624561,1.0,313572.33593803213
2025-07-14,313728.28832176555,-0.006275269641553227,1.0,311604.58497788926
2025-07-15,317555.34972719033,0.012198649429724595,1.0,315405.74007072934
2025-07-16,317843.947688331,0.0009088115233726324,1.0,315692.3844418435
2025-07-17,318350.9554572507,0.00159514684047668,1.0,316195.96015144844
2025-07-18,317951.1269156306,-0.0012559363644624177,1.0,315798.83814679814
2025-07-21,314154.8572678296,-0.011939789881003748,1.0,312028.26637466025
2025-07-22,310312.5495512017,-0.012230616932184524,1.0,308211.96817661816
2025-07-23,312442.3227898093,0.0068633164907057065,1.0,310327.3244604376
2025-07-24,313914.8897895823,0.004713084279441837,1.0,311789.92329483334
2025-07-25,314460.46375534247,0.0017379677852358277,1.0,312331.8041372809
2025-07-28,317620.50260732125,0.010049081573693108,1.0,315470.4519151152
2025-07-29,316648.6249271012,-0.0030598707332870623,1.0,314505.15311208327
2025-07-30,318861.60712064436,0.0069887629989002775,1.0,316703.1550891165
2025-07-31,317719.22091669275,-0.0035827022709553624,1.0,315568.50197616
2025-08-01,315234.1643281434,-0.00782154942146529,1.0,313100.26734209567
2025-08-04,317955.7781160635,0.008633625716681692,1.0,315803.4578621203
2025-08-05,317054.36088932236,-0.0028350396148867363,1.0,314908.14254856296
2025-08-06,314692.28848010785,-0.0074500549451171905,1.0,312562.0595839114
2025-08-07,315182.23557070113,0.0015569084738604744,1.0,313048.69010308484
2025-08-08,315882.672623469,0.002222324019942379,1.0,313744.3857265124
2025-08-11,315650.4026817827,-0.0007353044716166268,1.0,313513.6880767431
2025-08-12,316772.27273862786,0.003554153732463705,1.0,314627.9639213995
2025-08-13,314176.0363235447,-0.008195908033988175,1.0,312049.30206417874
2025-08-14,314543.99746072607,0.0011711941543577353,1.0,312414.7723826277
2025-08-15,312858.5313633813,-0.00535844305073796,1.0,310740.7156166061
2025-08-18,314101.1624033204,0.003971862408622684,1.0,311974.93498379225
2025-08-19,311410.72707702563,-0.00856550579344939,1.0,309302.7118707776
2025-08-20,308485.46798117587,-0.009393572030440112,1.0,306397.254567609
2025-08-21,308485.46798117587,0.0,1.0,306397.254567609
2025-08-22,308485.46798117587,0.0,1.0,306397.254567609
2025-08-25,308341.7657431681,-0.0004658314667079777,1.0,306254.5250851185
2025-08-26,308233.1095825728,-0.00035238872143517064,1.0,306146.60444459
2025-08-27,308255.9841618874,7.421194739776205e-05,1.0,306169.32418029505
2025-08-28,308501.8921614582,0.0007977395807559073,1.0,306413.56756860693
2025-08-29,308158.76474556344,-0.0011122376381249577,1.0,306072.762865925
2025-09-02,307470.5253112054,-0.002233392371384424,1.0,305389.1822922517
2025-09-03,307470.5253112054,0.0,1.0,305389.1822922517
2025-09-04,307470.5253112054,0.0,1.0,305389.1822922517
2025-09-05,307470.5253112054,0.0,1.0,305389.1822922517
2025-09-08,307470.5253112054,0.0,1.0,305389.1822922517
2025-09-09,307470.5253112054,0.0,1.0,305389.1822922517
2025-09-10,307470.5253112054,0.0,1.0,305389.1822922517
2025-09-11,307470.5253112054,0.0,1.0,305389.1822922517
2025-09-12,306979.9562814063,-0.0015954993712085086,1.0,304901.9340439305
2025-09-15,308249.1993591976,0.004134612217573608,1.0,306162.58530559036
2025-09-16,304471.79321027896,-0.01225439078762014,1.0,302410.74934070755
2025-09-17,300935.79971427564,-0.011613533913012453,1.0,298898.6918475797
2025-09-18,302812.2815993127,0.006235489053873389,1.0,300762.4713688124
2025-09-19,303586.269873781,0.0025560002731082054,1.0,301531.22032777173
2025-09-22,311547.22810105316,0.026223050965321848,1.0,309438.28888606257
2025-09-23,304299.29409991956,-0.02326431868873069,1.0,302239.4179189217
2025-09-24,303725.3334368188,-0.001886171523330149,1.0,301669.34253561514
2025-09-25,298632.7683709869,-0.016767007902194764,1.0,296611.25028547057
2025-09-26,298878.37499248027,0.0008224369443217139,1.0,296855.19433580677
2025-09-29,299387.3721512636,0.0017030243783815457,1.0,297360.7459686098
2025-09-30,302262.39893551904,0.009603032898805486,1.0,300216.3109949597
2025-10-01,305199.161613938,0.009715937836665578,1.0,303133.1940101398
2025-10-02,310071.7817854053,0.01596537862587888,1.0,307972.8302265837
2025-10-03,310136.01303522475,0.00020714961371082197,1.0,308036.6266793986
2025-10-06,312830.71501987247,0.008688774832291468,1.0,310713.0875687145
2025-10-07,311246.53556352376,-0.005064015073609651,1.0,309139.63180969877
2025-10-08,312661.92407320323,0.004547483579590228,1.0,310545.43920915393
2025-10-09,312156.10582862736,-0.0016177801184944496,1.0,310043.0449717122
2025-10-10,301764.88759864395,-0.03328853107774288,1.0,299722.16743373335
2025-10-13,305928.6043478494,0.013797883452707493,1.0,303857.6989681769
2025-10-14,303201.46626963693,-0.008914295817568085,1.0,301149.021553129
2025-10-15,299131.92026149586,-0.01342192060681524,1.0,297107.02329502284
2025-10-16,296587.86364043463,-0.00850479821356831,1.0,294580.18801406474
2025-10-17,292261.2554824863,-0.014587947412419089,1.0,290282.867722575
2025-10-20,293990.88157719804,0.005918082066185493,1.0,292000.7855561649
2025-10-21,292856.51451988827,-0.0038585110232812747,1.0,290874.09730628965
2025-10-22,289830.2702262802,-0.01033353927116587,1.0,287868.3383988102
2025-10-23,290432.64243942325,0.0020783619760376126,1.0,288466.6330074434
2025-10-24,291746.3201758924,0.004523175237587607,1.0,289771.41813873296
2025-10-27,293422.06757495436,0.00574385102116004,1.0,291435.8219947121
2025-10-28,295496.599542346,0.007070129334637354,1.0,293496.31094896107
2025-10-29,297621.12535889714,0.007189679406942373,1.0,295606.45533180435
2025-10-30,296291.42614864,-0.004467758156124546,1.0,294285.7571799926
2025-10-31,296163.26413647085,-0.00043255390085028544,1.0,294158.46272775973
2025-11-03,297541.9372980911,0.004655111989125604,1.0,295527.8033143065
2025-11-04,295186.1086676032,-0.00791763558401437,1.0,293187.9218627195
2025-11-05,294185.0987622259,-0.003391114540910012,1.0,292193.6880376717
2025-11-06,293038.2776721596,-0.0038982976870394204,1.0,291054.6300594269
2025-11-07,293038.2776721596,0.0,1.0,291054.6300594269
2025-11-10,294064.9822086828,0.003503653327064038,1.0,292074.384582392
2025-11-11,292406.98121696286,-0.0056382129530245795,1.0,290427.6070039929
2025-11-12,292587.13736852416,0.0006161143992235996,1.0,290606.5436346001
2025-11-13,290633.5665497202,-0.006676885513061115,1.0,288666.1970134055
2025-11-14,291565.31184741645,0.0032059108270168224,1.0,289591.63509980455
2025-11-17,290515.8551471138,-0.0035993880535826195,1.0,288549.28242800885
2025-11-18,288243.2786424502,-0.007822555858483904,1.0,286292.0895482903
2025-11-19,290704.8110870403,0.008539773958245345,1.0,288736.9592790664
2025-11-20,282149.35563241167,-0.029430044252233056,1.0,280239.41779022827
2025-11-21,282577.8882211076,0.0015188146991702567,1.0,280665.04953725496
2025-11-24,282759.3354673754,0.000642114099620672,1.0,280845.2685228336
2025-11-25,283836.3714494144,0.00380902006386008,1.0,281915.01378547726
2025-11-26,285624.59082724305,0.006300176995277518,1.0,283691.12826995185
2025-11-28,287233.63020976156,0.005633406345925351,1.0,285289.2756722305
2025-12-01,285785.5268660765,-0.005041552211792033,1.0,283850.97489346465
2025-12-02,286243.25678199145,0.0016016553425026725,1.0,284305.60632387735
2025-12-03,285944.3954431855,-0.0010440816743275683,1.0,284008.768050406
2025-12-04,286834.4854230958,0.003112807923829841,1.0,284892.8327940305
2025-12-05,287097.08004740137,0.0009154918172344928,1.0,285153.6498512422
2025-12-08,286991.5776005877,-0.00036748004123277056,1.0,285048.8615762372
2025-12-09,287248.04500510055,0.000893640874958912,1.0,285303.59289030224
2025-12-10,293219.1505600621,0.020787280048696344,1.0,291234.2785746122
2025-12-11,292714.4185062061,-0.001721347507118609,1.0,290732.96317520033
2025-12-12,283374.299704478,-0.031908639312655085,1.0,281456.06991694344
2025-12-15,283171.0423886577,-0.000717275052932842,1.0,281254.1884994955
2025-12-16,282287.0498787531,-0.003121761683143043,1.0,280376.1799506143
2025-12-17,278855.7316013355,-0.012155422216114209,1.0,276968.08910397335
2025-12-18,278966.37858429505,0.00039678934452624937,1.0,277077.9870905036
2025-12-19,280395.1280328877,0.005121582951477244,1.0,278497.06498541596
2025-12-22,281356.4000508326,0.0034282764636057728,1.0,279451.82991848874
2025-12-23,283292.3307172168,0.006880705987261981,1.0,281374.65579776024
2025-12-24,283928.8132312846,0.0022467340095526644,1.0,282006.8298063672
2025-12-26,284400.5115084408,0.001661325850617068,1.0,282475.3350427751
2025-12-29,284527.4837225855,0.00044645564619849587,1.0,282601.44775101676
2025-12-30,284163.24232474144,-0.001280162440121857,1.0,282239.67199208186
2025-12-31,283046.49316319474,-0.003929956430714143,1.0,281130.4823781339
2026-01-02,287570.81118386175,0.01598436345246812,1.0,285624.1741860337
2026-01-05,287071.3696549225,-0.0017367601631165241,1.0,285128.11349868437
2026-01-06,290705.8693082044,0.01266061348315839,1.0,288738.01033687335
2026-01-07,288208.0082341043,-0.008592399871541256,1.0,286257.0578939457
2026-01-08,285299.99699553446,-0.010089973753289128,1.0,283368.73169310205
2026-01-09,289108.0839440737,0.013347658565165954,1.0,287151.0407717857
2026-01-12,290956.6595278309,0.006394063972679387,1.0,288987.102896302
2026-01-13,291246.985204711,0.0009978313517595705,1.0,289275.4632878261
2026-01-14,287947.52403480175,-0.0113287393089756,1.0,285998.33697575517
2026-01-15,291948.9382409084,0.013896331352454938,1.0,289972.66463262134
2026-01-16,296812.6225528704,0.016659366330521452,1.0,294803.4254785736
2026-01-20,293712.383713422,-0.010445104432498353,1.0,291724.17291239166
2026-01-21,296431.6317502471,0.009258200156375684,1.0,294425.01369566773
2026-01-22,295198.0488210614,-0.004161441617758999,1.0,293199.7811903653
2026-01-23,295204.49768281524,2.1845882042903497e-05,1.0,293206.1863982002
2026-01-26,292265.6122875997,-0.00995542215069245,1.0,290287.1950354115
2026-01-27,299211.95986120246,0.023767242130310118,1.0,297186.5210871467
2026-01-28,305592.3058046907,0.021323833266718273,1.0,303523.6769119251
2026-01-29,302888.33522199286,-0.008848294054975336,1.0,300838.01016596105
2026-01-30,296430.70853878336,-0.021320156414992186,1.0,294424.09673364775
2026-02-02,299886.157292162,0.01165685151316409,1.0,297856.15471116937
2026-02-03,302412.9853499381,0.008425957638699355,1.0,300365.8780531916
2026-02-04,288999.545600404,-0.04435470829406596,1.0,287043.2371506513
2026-02-05,288473.3905827243,-0.0018206084600811412,1.0,286520.64380468574
2026-02-06,294214.66203739453,0.019902256645137006,1.0,292223.05119181646
2026-02-09,298294.8214162879,0.01386796752629138,1.0,296275.59097617836
2026-02-10,297527.62010302575,-0.002571956528174102,1.0,295513.58303582855
2026-02-11,300363.9746048382,0.009533079654353793,1.0,298330.7375618526
2026-02-12,297132.88683805725,-0.01075724134704159,1.0,295121.52181665885
2026-02-13,295779.42566654756,-0.004555070244537829,1.0,293777.22255410906
2026-02-17,295678.6733354805,-0.0003406333312062637,1.0,293677.15224015794
2026-02-18,294930.4524325043,-0.0025305203602807858,1.0,292933.9962270649
2026-02-19,298621.2583772931,0.01251415686087376,1.0,296599.818205733
2026-02-20,297461.67622296,-0.003883119911269106,1.0,295448.08554597956
2026-02-23,299125.5799151955,0.005593674161199713,1.0,297100.72586807405
2026-02-24,304127.84960940224,0.016722975332383427,1.0,302069.13397799904
2026-02-25,307460.13140376826,0.010956845282816818,1.0,305378.85874371044
2026-02-26,303005.56237017445,-0.01448828182455919,1.0,300954.4437749693
2026-02-27,298939.90684655413,-0.013417758709833194,1.0,296916.3096657447
2026-03-02,299573.2875061221,0.0021187557935951062,1.0,297545.40281706187
2026-03-03,293595.1094349869,-0.01995564464676447,1.0,291607.6924921662
2026-03-04,296048.7709303709,0.008357296891307042,1.0,294044.7445541122
2026-03-05,293637.406588464,-0.008145159104457234,1.0,291649.7033258895
2026-03-06,286265.1719602561,-0.025106592221542545,1.0,284327.3731529525
2026-03-09,289295.4634126976,0.010585609949303354,1.0,287337.1518230597
2026-03-10,289356.98921181506,0.00021267460744689437,1.0,287398.2611390286
2026-03-11,290802.03897477966,0.004994003313694817,1.0,288833.529007507
2026-03-12,289426.97281282855,-0.00472852998830009,1.0,287467.7710039685
2026-03-13,286956.2537575317,-0.008536588802643075,1.0,285013.77684889524
2026-03-16,287389.5635841591,0.0015100205029634495,1.0,285444.1534955641
2026-03-17,288849.57404636074,0.005080248718823288,1.0,286894.2807906556
2026-03-18,287404.8559816593,-0.005001627817770471,1.0,285459.3423750938
2026-03-19,286102.04007395403,-0.004533033734782865,1.0,284165.34554619854
2026-03-20,275509.08357101376,-0.03702509950716237,1.0,273644.09535086335
2026-03-23,276626.3557887436,0.004055300838899045,1.0,274753.80448029947
2026-03-24,277503.25199885055,0.0031699662442019605,1.0,275624.7647659681
2026-03-25,277865.31863910914,0.0013047293595684906,1.0,275984.3804887824
2026-03-26,274347.4606441437,-0.012660298925374125,1.0,272490.33573306026
2026-03-27,274042.03236648755,-0.0011132899751979952,1.0,272186.9749739503
2026-03-30,274042.03236648755,0.0,1.0,272186.9749739503
2026-03-31,274042.03236648755,0.0,1.0,272186.9749739503
2026-04-01,274428.575118521,0.001410523592660029,1.0,272570.9011237658
2026-04-02,274709.0931554692,0.001022189605536017,1.0,272849.52026566607
2026-04-06,274857.275797123,0.0005394165877499191,1.0,272996.699822857
2026-04-07,275769.8356088826,0.003320122449416818,1.0,273903.08229455556
2026-04-08,283120.15498437936,0.026653819331863282,1.0,281203.6455644751
2026-04-09,286112.55236708646,0.01056935484819932,1.0,284175.78667905333
2026-04-10,288879.10944193165,0.00966947116425576,1.0,286923.6162539261
2026-04-13,293006.68948024284,0.014288260740920489,1.0,291023.25569569005
2026-04-14,305259.8904738343,0.04181884384730972,1.0,303193.5117815638
2026-04-15,303417.4580366169,-0.006035619138687109,1.0,301363.55121912924
2026-04-16,301427.68560914474,-0.0065578705996277575,1.0,299387.2480467899
2026-04-17,307504.589293142,0.02016040322147794,1.0,305423.01568678184
2026-04-20,312430.44150106225,0.016018792497514367,1.0,310315.5235990335
2026-04-21,309337.27944188606,-0.009900322274344231,1.0,307243.2999086712
2026-04-22,320505.71956307377,0.03610441050408819,1.0,318336.13813320454
2026-04-23,322557.5364693737,0.0064018105795335956,1.0,320374.0657901536
2026-04-24,327125.2469221263,0.014160916848353633,1.0,324910.8562961769
2026-04-27,330888.3215267945,0.01150346737243435,1.0,328648.45773052966
2026-04-28,321455.07536421396,-0.028508851926394296,1.0,319279.06751325214
2026-04-29,326587.579880288,0.015966475285104087,1.0,324376.82885375357
2026-04-30,333106.39124581084,0.01996037745192991,1.0,330851.51279433456
2026-05-01,336265.08944365196,0.00948255056298275,1.0,333988.8289932462
2026-05-04,340246.1284158718,0.01183898982438647,1.0,337942.91934115597
2026-05-05,347210.00544139586,0.02046717491818839,1.0,344859.65618367464
2026-05-06,350538.240551112,0.009585654380797726,1.0,348165.36165773205
2026-05-07,340781.19874562003,-0.027834457633358567,1.0,338474.36764926696
2026-05-08,347665.8433765825,0.020202536572745622,1.0,345312.4084406382
2026-05-11,361616.0283891904,0.04012526763377622,1.0,359168.1612465827
2026-05-12,356235.8058384769,-0.014878274546290315,1.0,353824.35873526975
2026-05-13,361424.07214573637,0.01456413482930996,1.0,358977.50440178433
2026-05-14,370066.98946250713,0.023913507657247868,1.0,367561.9157020761
2026-05-15,362550.764694146,-0.020310443736897166,1.0,360096.57009338296
2026-05-18,350581.33921727433,-0.03301448139812713,1.0,348208.1685785056
2026-05-19,348979.1569420683,-0.004570072893164134,1.0,346616.8318661066
2026-05-20,352725.4046087023,0.01073487511248672,1.0,350337.72026807506
2026-05-21,354719.543828823,0.005653517421952969,1.0,352318.36067317793
2026-05-22,361626.82558437524,0.019472515331395046,1.0,359178.88535291835
2026-05-26,376698.4820588652,0.04167737404473448,1.0,374148.51810674276
2026-05-27,381806.6628870332,0.013560396634063832,1.0,379222.1204123174
2026-05-28,388130.6750051998,0.01656338857564088,1.0,385503.3237491851
2026-05-29,382841.2382698602,-0.013627979121384137,1.0,380249.692501907
2026-06-01,373725.91677433654,-0.02380966464510914,1.0,371196.0748420307
2026-06-02,376203.92710067634,0.006630555214708567,1.0,373657.3109117539
2026-06-03,370405.8082202848,-0.01541217000331807,1.0,367898.4409129993
2026-06-04,369020.0971525437,-0.0037410619298847703,1.0,366522.11006163567
2026-06-05,360554.4459630624,-0.022940894695992253,1.0,358113.7649309588
2026-06-08,361139.37170983705,0.0016222951993070112,1.0,358694.73117261205
2026-06-09,361935.8362454827,0.0022054215021605206,1.0,359485.8042454518
2026-06-10,361935.8362454827,0.0,1.0,359485.8042454518
2026-06-11,361935.8362454827,0.0,1.0,359485.8042454518
2026-06-12,361884.59382559353,-0.00014157874064291143,1.0,359434.90869800776
2026-06-15,363279.8377390356,0.0038554940918942293,1.0,360820.70786491345
2026-06-16,364571.0716317419,0.0035543780814883963,1.0,362103.2010802956
2026-06-17,364733.13432409486,0.0004445297637785117,1.0,362264.1667307353
2026-06-18,369781.67676970485,0.01384174337482591,1.0,367278.5343605173
2026-06-22,375230.5562933347,0.01473539622414366,1.0,372690.5290889423
2026-06-23,363282.6245926874,-0.031841574467371014,1.0,360823.47585367283
2026-06-24,364903.08704144,0.004460610937749854,1.0,362432.96899666265
2026-06-25,364299.4601866406,-0.0016542114228014215,1.0,361833.4282393485
2026-06-26,359327.029343785,-0.013649295116462956,1.0,356894.6569943081
2026-06-29,361025.03467109636,0.004725515167651961,1.0,358581.1681091887
2026-06-30,362787.1674254119,0.004880915684755571,1.0,360331.3725568708
2026-07-01,356588.09446703305,-0.01708735455658983,1.0,354174.2626361289
2026-07-02,356578.74558393087,-2.6217597410616023e-05,1.0,354164.97703789786
2026-07-06,357802.5295984817,0.0034320161526923965,1.0,355380.47695980984
2026-07-07,352074.1149965442,-0.01600998910870155,1.0,349690.83939423814
2026-07-08,354284.01539428986,0.006276804523863921,1.0,351885.78043690167
2026-07-09,358756.5642845566,0.01262419046845542,1.0,356328.0535522782
2026-07-10,358146.85150921205,-0.0016995167086640839,1.0,355722.46807150036
2026-07-13,351480.8027648644,-0.018612613000106748,1.0,349101.5434378427
2026-07-14,358067.3573688042,0.018739443383899657,1.0,355643.5120463281
2026-07-15,355639.15679872595,-0.006781407241144399,1.0,353231.7485584711
2026-07-16,349426.67053629615,-0.01746851026852969,1.0,347061.31613160676
2026-07-17,347178.0668311145,-0.006435123288472733,1.0,344827.93377364025
2026-07-20,347178.0668311145,0.0,1.0,344827.93377364025
2026-07-21,347178.0668311145,0.0,1.0,344827.93377364025
2026-07-22,347178.0668311145,0.0,1.0,344827.93377364025
2026-07-23,347360.8007304179,0.0005263405634210461,1.0,345009.43070258596
2026-07-24,345585.8100529319,-0.005109933745412687,1.0,343246.4553701532
2026-07-27,342640.11119191546,-0.008523784181315941,1.0,340320.6966635763
2026-07-28,342801.38788804034,0.00047068831364738273,1.0,340480.88163838815
2026-07-29,339207.93435368116,-0.010482610810002901,1.0,336911.75306792627
2026-07-30,339906.66136465804,0.002059878146152938,1.0,337605.750225253
2026-07-31,339732.79990441183,-0.0005114976551156003,1.0,337433.0656756592
2026-08-03,342541.0304092323,0.008265997588724483,1.0,340222.28658289014
2026-08-04,345854.02963163203,0.009671831775719397,1.0,343512.8593050704
2026-08-05,347009.462732525,0.003340811446157499,1.0,344660.4709973391
2026-08-06,346697.5364863314,-0.0008988983866243805,1.0,344350.6562560264
2026-08-07,351780.700396009,0.014661667230733366,1.0,349399.4109887369
2026-08-10,348409.0553251538,-0.009584508379964274,1.0,346050.58940616075
2026-08-11,349329.2929633461,0.002641256374159129,1.0,346964.5977312113
2026-08-12,355454.2546274371,0.017533489997741514,1.0,353048.0980351019
2026-08-13,357459.1213486762,0.005640294623398212,1.0,355039.39332425024
2026-08-14,359775.0083454334,0.0064787464032793896,1.0,357339.6035167722
2026-08-17,361659.3430178011,0.005237536317582503,1.0,359211.18266790186
2026-08-18,346951.84154222434,-0.040666726187280844,1.0,344603.239858937
2026-08-19,345230.83961197664,-0.00496034816416524,1.0,342893.8878107373
2026-08-20,342838.49612738396,-0.006929692281493649,1.0,340517.7386830039
2026-08-21,342221.7457341927,-0.0017989531518715074,1.0,339905.1632237319
2026-08-24,338551.20234542014,-0.010725628732031312,1.0,336259.46663889365
2026-08-25,342970.10677358083,0.013052396203431904,1.0,340648.45842461917
2026-08-26,342196.57429116307,-0.00225539330437452,1.0,339880.16217234277
2026-08-27,341939.0663732599,-0.0007525145990621152,1.0,339624.39738837647
2026-08-28,336466.64016579016,-0.016004097646731275,1.0,334189.0153693606
2026-08-31,336849.64861591946,0.0011383251841567965,1.0,334569.4311418241
2026-09-01,334007.48238787096,-0.00843749203755051,1.0,331746.5042305572
2026-09-02,334949.5263279874,0.0028204276544392393,1.0,332682.1712453526
2026-09-03,335190.30862293614,0.0007188614284321382,1.0,332921.3236261879
2026-09-04,341000.1789308671,0.017333049788341715,1.0,338691.86550420127
2026-09-08,344779.2190283253,0.011082223209696096,1.0,342445.3243570272
2026-09-09,339680.7170021676,-0.014787730074122596,1.0,337381.3353352901
2026-09-10,333950.99344191403,-0.016867968281570223,1.0,331690.39767206064
2026-09-11,336781.21164364036,0.00847495068829196,1.0,334501.4574361113
2026-09-14,330047.6391873213,-0.01999390768700049,1.0,327813.46617496654
2026-09-15,330487.916983508,0.001333982564670988,1.0,328250.76362330833
2026-09-16,331690.01688870374,0.00363734903281121,1.0,329444.7262208931
2026-09-17,333067.5536342813,0.00415308473405096,1.0,330812.9380840747
2026-09-18,333188.9121409367,0.00036436604325795763,1.0,330933.47508538293
2026-09-21,338794.1323599036,0.01682294942814888,1.0,336500.7522008259
2026-09-22,342094.3083693981,0.00974094795121383,1.0,339778.58851355844
2026-09-23,337612.8352602222,-0.013100110114479646,1.0,335327.45158948837
2026-09-24,337879.79114836355,0.0007907160518219047,1.0,335592.6003880767
2026-09-25,341863.10731325106,0.011789151849979751,1.0,339548.9525137813
2026-09-28,336172.2308346487,-0.01664665287614009,1.0,333896.59896682744
2026-09-29,338461.66726352036,0.006810307987627162,1.0,336170.53764181276
