timestamp,equity,daily_return,position,stop_price,drawdown
2020-01-02,100000.0,0.0,0,,0.0
2020-01-03,100000.0,0.0,0,,0.0
2020-01-06,100000.0,0.0,0,,0.0
2020-01-07,100000.0,0.0,0,,0.0
2020-01-08,100000.0,0.0,0,,0.0
2020-01-09,100000.0,0.0,0,,0.0
2020-01-10,100000.0,0.0,0,,0.0
2020-01-13,100000.0,0.0,0,,0.0
2020-01-14,100000.0,0.0,0,,0.0
2020-01-15,100000.0,0.0,0,,0.0
2020-01-16,100000.0,0.0,0,,0.0
2020-01-17,100000.0,0.0,0,,0.0
2020-01-20,100000.0,0.0,0,,0.0
2020-01-21,100000.0,0.0,0,,0.0
2020-01-22,100000.0,0.0,0,,0.0
2020-01-23,100000.0,0.0,0,,0.0
2020-01-24,100000.0,0.0,0,,0.0
2020-01-27,100000.0,0.0,0,,0.0
2020-01-28,100000.0,0.0,0,,0.0
2020-01-29,100000.0,0.0,0,,0.0
2020-01-30,100000.0,0.0,0,,0.0
2020-01-31,100000.0,0.0,0,,0.0
2020-02-03,100000.0,0.0,0,,0.0
2020-02-04,100000.0,0.0,0,,0.0
2020-02-05,100000.0,0.0,0,,0.0
2020-02-06,100000.0,0.0,0,,0.0
2020-02-07,100000.0,0.0,0,,0.0
2020-02-10,100000.0,0.0,0,,0.0
2020-02-11,100000.0,0.0,0,,0.0
2020-02-12,100000.0,0.0,0,,0.0
2020-02-13,99682.51806489014,-0.0031748193510985345,1,27.745000089917863,-0.0031748193510985345
2020-02-14,98676.30406560839,-0.010094187213717243,1,27.745000089917863,-0.01323695934391611
2020-02-17,99231.58160675665,0.00562726326655949,0,,-0.00768418393243353
2020-02-18,99231.58160675665,0.0,0,,-0.00768418393243353
2020-02-19,101338.6066599603,0.021233411975166705,1,28.771427631378174,0.0
2020-02-20,99248.81161107589,-0.020621904304414573,1,28.771427631378174,-0.020621904304414573
2020-02-21,96661.4405880816,-0.026069541599483825,1,28.771427631378174,-0.046153842311773885
2020-02-26,89560.90969452857,-0.07345773920142185,0,,-0.11622122460151396
2020-02-27,89560.90969452857,0.0,0,,-0.11622122460151396
2020-02-28,89560.90969452857,0.0,0,,-0.11622122460151396
2020-03-02,89560.90969452857,0.0,0,,-0.11622122460151396
2020-03-03,89560.90969452857,0.0,0,,-0.11622122460151396
2020-03-04,89560.90969452857,0.0,0,,-0.11622122460151396
2020-03-05,89560.90969452857,0.0,0,,-0.11622122460151396
2020-03-06,89560.90969452857,0.0,0,,-0.11622122460151396
2020-03-09,89560.90969452857,0.0,0,,-0.11622122460151396
2020-03-10,89560.90969452857,0.0,0,,-0.11622122460151396
2020-03-11,89560.90969452857,0.0,0,,-0.11622122460151396
2020-03-12,89560.90969452857,0.0,0,,-0.11622122460151396
2020-03-13,89560.90969452857,0.0,0,,-0.11622122460151396
2020-03-16,89560.90969452857,0.0,0,,-0.11622122460151396
2020-03-17,89560.90969452857,0.0,0,,-0.11622122460151396
2020-03-18,89560.90969452857,0.0,0,,-0.11622122460151396
2020-03-19,89560.90969452857,0.0,0,,-0.11622122460151396
2020-03-20,89560.90969452857,0.0,0,,-0.11622122460151396
2020-03-23,89560.90969452857,0.0,0,,-0.11622122460151396
2020-03-24,89560.90969452857,0.0,0,,-0.11622122460151396
2020-03-25,89560.90969452857,0.0,0,,-0.11622122460151396
2020-03-26,89560.90969452857,0.0,0,,-0.11622122460151396
2020-03-27,89560.90969452857,0.0,0,,-0.11622122460151396
2020-03-30,89560.90969452857,0.0,0,,-0.11622122460151396
2020-03-31,89560.90969452857,0.0,0,,-0.11622122460151396
2020-04-01,89560.90969452857,0.0,0,,-0.11622122460151396
2020-04-02,89560.90969452857,0.0,0,,-0.11622122460151396
2020-04-03,89560.90969452857,0.0,0,,-0.11622122460151396
2020-04-06,89560.90969452857,0.0,0,,-0.11622122460151396
2020-04-07,89560.90969452857,0.0,0,,-0.11622122460151396
2020-04-08,89560.90969452857,0.0,0,,-0.11622122460151396
2020-04-09,83843.8233889718,-0.06383461629695841,1,14.472143377576556,-0.17263690362047213
2020-04-13,84392.15108899152,0.006539869937418175,1,14.472143377576556,-0.16722605657913048
2020-04-14,83395.19336308175,-0.011813393935870664,1,14.472143377576556,-0.1770639432322897
2020-04-15,81650.52209658638,-0.020920525466012196,1,14.472143377576556,-0.19428019796479823
2020-04-16,78360.57966570179,-0.040292974820085536,1,14.472143377576556,-0.2267450456602469
2020-04-17,80404.32969304592,0.026081354120440103,1,14.472143377576556,-0.20657750937072705
2020-04-20,79507.07439511258,-0.011159290816287304,1,14.472143377576556,-0.21543154168384215
2020-04-22,83494.89103721143,0.05015675237000039,1,14.472143377576556,-0.1760801358027656
2020-04-23,84491.8487631212,0.011940344056086571,1,14.472143377576556,-0.1662422491496065
2020-04-24,79507.07439511258,-0.05899710375593492,1,14.472143377576556,-0.21543154168384215
2020-04-27,81999.46395604027,0.03134802254880742,1,14.472143377576556,-0.19083687196146415
2020-04-28,85987.27584429237,0.04863217021016086,1,14.61964293888637,-0.15148551299090796
2020-04-29,90722.81078082355,0.055072507996489994,1,15.582143647330149,-0.10475569211996205
2020-04-30,89975.08773254446,-0.0082418417357627,1,15.582143647330149,-0.11213415402035176
2020-05-04,86635.29171074826,-0.03711911936917367,1,15.582143647330149,-0.1450909523410827
2020-05-05,89426.76954021824,0.032221024184808655,1,15.582143647330149,-0.11754490724065292
2020-05-06,86136.82235548689,-0.03678928805822235,1,15.582143647330149,-0.15000980184662194
2020-05-07,86934.38473313731,0.009259250061012025,1,15.582143647330149,-0.14213953005251068
2020-05-08,92118.54018786503,0.059632968826334176,1,16.160357407161168,-0.09098276339078759
2020-05-11,90473.56659549935,-0.01785713917101761,1,16.160357407161168,-0.10721521069377216
2020-05-12,90423.71775843452,-0.0005509768094773548,1,16.160357407161168,-0.10770711440853409
2020-05-13,87682.09827372288,-0.030319694353154514,1,16.160357407161168,-0.13476116197316157
2020-05-14,86734.98938487795,-0.010801622081263118,1,16.160357407161168,-0.14410714491155874
2020-05-15,85488.79698133748,-0.014367816406947509,1,16.160357407161168,-0.15640445631748756
2020-05-18,92417.63321025408,0.08104964011166493,1,16.24000106539045,-0.08803134110221555
2020-05-19,93115.49791377482,0.007551207267265436,1,16.430000237056188,-0.08114487673762827
2020-05-20,96206.0497502468,0.033190520436607196,1,17.133927617754257,-0.05064759699070742
2020-05-21,95657.73155792059,-0.0056994148886651,1,17.133927617754257,-0.05605835021100858
2020-05-22,93065.64907670997,-0.027097469686923503,1,17.133927617754257,-0.08163678045239031
2020-05-25,97103.30980202691,0.043385081019408744,1,17.360356194632395,-0.041793517767072075
2020-05-26,98050.41869087184,0.009753621074048757,1,17.553927898406982,-0.03244753482867491
2020-05-27,99346.45993147715,0.013218110212169565,1,17.779999460492814,-0.01965831970798404
2020-05-28,98548.89755382674,-0.008028090565084245,1,17.779999460492814,-0.02752859150209519
2020-05-29,101390.21471266805,0.02883154687031797,1,18.241784845079696,0.0
2020-06-01,101340.36587560321,-0.000491653333668407,1,18.25678484780448,-0.000491653333668407
2020-06-02,106674.06784152545,0.05263156413377712,1,19.28392744064331,0.0
2020-06-03,107023.00019328581,0.0032710138351406126,1,19.418212958744594,0.0
2020-06-04,106823.61435271997,-0.0018630186054001685,1,19.431785583496094,-0.0018630186054001685
2020-06-05,110163.41037451617,0.031264585476096673,1,20.064285823277064,0.0
2020-06-08,112306.86282983674,0.019457027047670383,1,20.483571938105992,0.0
2020-06-09,108269.1925968263,-0.03595212377295387,1,20.483571938105992,-0.03595212377295387
2020-06-10,106674.06784152545,-0.014732951424518137,1,20.483571938105992,-0.050155394304316814
2020-06-12,101952.7281560898,-0.04425948856145301,0,,-0.09219503076526281
2020-06-15,101952.7281560898,0.0,0,,-0.09219503076526281
2020-06-16,101952.7281560898,0.0,0,,-0.09219503076526281
2020-06-17,101952.7281560898,0.0,0,,-0.09219503076526281
2020-06-18,101952.7281560898,0.0,0,,-0.09219503076526281
2020-06-19,101952.7281560898,0.0,0,,-0.09219503076526281
2020-06-22,101952.7281560898,0.0,0,,-0.09219503076526281
2020-06-23,101952.7281560898,0.0,0,,-0.09219503076526281
2020-06-24,101952.7281560898,0.0,0,,-0.09219503076526281
2020-06-25,101952.7281560898,0.0,0,,-0.09219503076526281
2020-06-26,101952.7281560898,0.0,0,,-0.09219503076526281
2020-06-29,101952.7281560898,0.0,0,,-0.09219503076526281
2020-06-30,101952.7281560898,0.0,0,,-0.09219503076526281
2020-07-01,101952.7281560898,0.0,0,,-0.09219503076526281
2020-07-02,101952.7281560898,0.0,0,,-0.09219503076526281
2020-07-03,101952.7281560898,0.0,0,,-0.09219503076526281
2020-07-06,101952.7281560898,0.0,0,,-0.09219503076526281
2020-07-07,101952.7281560898,0.0,0,,-0.09219503076526281
2020-07-08,101952.7281560898,0.0,0,,-0.09219503076526281
2020-07-09,98939.96893642112,-0.029550550281068788,1,20.974643434797013,-0.11902116715403799
2020-07-10,100593.44104795688,0.016711872151468743,1,20.974643434797013,-0.10429836153136618
2020-07-13,99029.34765026052,-0.015548661835225297,1,20.974643434797013,-0.11822532341317227
2020-07-14,102336.28334970873,0.03339349170639028,1,21.242856979370117,-0.08877978806366515
2020-07-15,104302.57243605908,0.019213997440487907,1,21.711428914751327,-0.0712716052437995
2020-07-16,101531.8919724007,-0.02656387468637844,1,21.711428914751327,-0.09594222993978452
2020-07-17,101621.27068624011,0.000880301864794486,1,21.711428914751327,-0.09514638619891869
2020-07-20,101621.27068624011,0.0,1,21.711428914751327,-0.09514638619891869
2020-07-21,104436.64050681819,0.027704532737744092,1,21.818214688982284,-0.0700778396325007
2020-07-22,103006.60665625765,-0.013692836571731593,1,21.818214688982284,-0.08281111179884437
2020-07-23,100861.56866585178,-0.020824275840520157,1,21.818214688982284,-0.1019109062046053
2020-07-24,101576.58132932041,0.007089049604586561,1,21.818214688982284,-0.09554430806935155
2020-07-27,103676.93848642986,0.020677572818678547,1,21.818214688982284,-0.0768423596381872
2020-07-28,101889.39830413501,-0.017241444513996895,1,21.818214688982284,-0.0927589308721577
2020-07-29,103542.87041567077,0.016228107526950142,1,21.818214688982284,-0.07803612524948589
2020-07-30,101978.77701797441,-0.01510575659547908,1,21.818214688982284,-0.09196308713129198
2020-07-31,99208.10507793933,-0.027169103425771945,1,21.818214688982284,-0.1166336359314406
2020-08-03,97355.71376566947,-0.01867177395248698,0,,-0.133127652998559
2020-08-04,97355.71376566947,0.0,0,,-0.133127652998559
2020-08-05,97355.71376566947,0.0,0,,-0.133127652998559
2020-08-06,96959.35221366459,-0.004071271594381254,1,21.497858251844132,-0.13665692576086053
2020-08-07,95163.81529122138,-0.018518450066440928,1,21.497858251844132,-0.15264470137136565
2020-08-10,97919.76531527634,0.028960062347449744,1,21.61428669520787,-0.1281052390926386
2020-08-11,96374.75916749623,-0.015778286874009395,1,21.61428669520787,-0.14186224475418074
2020-08-12,98045.0307026079,0.017331006059468246,1,21.61428669520787,-0.1269898541181571
2020-08-13,95372.59624642924,-0.02725721474130327,1,21.61428669520787,-0.150785679135795
2020-08-14,94662.72984844643,-0.007443085602373833,1,21.61428669520787,-0.15710645402074908
2020-08-17,94562.430900936,-0.0010595399865501731,0,,-0.15799953343711914
2020-08-18,94562.430900936,0.0,0,,-0.15799953343711914
2020-08-19,94562.430900936,0.0,0,,-0.15799953343711914
2020-08-20,94562.430900936,0.0,0,,-0.15799953343711914
2020-08-21,94504.5742819677,-0.0006118351486640305,1,20.799285411834717,-0.15851469891775383
2020-08-24,95617.64693676766,0.011777976497507447,0,,-0.14860370481860907
2020-08-25,95617.64693676766,0.0,0,,-0.14860370481860907
2020-08-26,93127.3846577864,-0.026043961117638514,1,21.246072428567068,-0.17077743682601465
2020-08-27,93406.18165989168,0.0029937166509053093,0,,-0.1682949794313343
2020-08-28,93406.18165989168,0.0,0,,-0.1682949794313343
2020-08-31,91469.48428077249,-0.020734145692530737,1,20.827143464769637,-0.18553967250101433
2020-09-01,95564.5153309029,0.044769368520329644,1,21.33607292175293,-0.14907679795402384
2020-09-02,95272.00685086126,-0.003060848255534987,1,21.33607292175293,-0.15168134475260053
2020-09-03,94336.36205354179,-0.00982077347005117,0,,-0.16001249009620366
2020-09-04,94336.36205354179,0.0,0,,-0.16001249009620366
2020-09-08,93190.32300010961,-0.012148433843375606,1,21.04285751070295,-0.17021702278953166
2020-09-09,94011.97420983133,0.008816915568806039,0,,-0.1629008963390346
2020-09-10,94011.97420983133,0.0,0,,-0.1629008963390346
2020-09-11,94011.97420983133,0.0,0,,-0.1629008963390346
2020-09-14,94011.97420983133,0.0,0,,-0.1629008963390346
2020-09-15,94011.97420983133,0.0,0,,-0.1629008963390346
2020-09-16,94011.97420983133,0.0,0,,-0.1629008963390346
2020-09-17,94011.97420983133,0.0,0,,-0.1629008963390346
2020-09-18,94011.97420983133,0.0,0,,-0.1629008963390346
2020-09-21,94011.97420983133,0.0,0,,-0.1629008963390346
2020-09-22,94011.97420983133,0.0,0,,-0.1629008963390346
2020-09-23,94011.97420983133,0.0,0,,-0.1629008963390346
2020-09-24,94011.97420983133,0.0,0,,-0.1629008963390346
2020-09-25,94011.97420983133,0.0,0,,-0.1629008963390346
2020-09-28,94011.97420983133,0.0,0,,-0.1629008963390346
2020-09-29,94011.97420983133,0.0,0,,-0.1629008963390346
2020-09-30,94011.97420983133,0.0,0,,-0.1629008963390346
2020-10-01,94011.97420983133,0.0,0,,-0.1629008963390346
2020-10-02,94011.97420983133,0.0,0,,-0.1629008963390346
2020-10-05,94011.97420983133,0.0,0,,-0.1629008963390346
2020-10-06,94011.97420983133,0.0,0,,-0.1629008963390346
2020-10-07,94011.97420983133,0.0,0,,-0.1629008963390346
2020-10-08,94011.97420983133,0.0,0,,-0.1629008963390346
2020-10-09,94011.97420983133,0.0,0,,-0.1629008963390346
2020-10-13,94011.97420983133,0.0,0,,-0.1629008963390346
2020-10-14,94011.97420983133,0.0,0,,-0.1629008963390346
2020-10-15,94011.97420983133,0.0,0,,-0.1629008963390346
2020-10-16,94011.97420983133,0.0,0,,-0.1629008963390346
2020-10-19,94011.97420983133,0.0,0,,-0.1629008963390346
2020-10-20,94011.97420983133,0.0,0,,-0.1629008963390346
2020-10-21,94011.97420983133,0.0,0,,-0.1629008963390346
2020-10-22,94011.97420983133,0.0,0,,-0.1629008963390346
2020-10-23,92212.504141848,-0.019140860333035636,1,19.3042859349932,-0.17892369336711844
2020-10-26,90777.98913834058,-0.015556621272324933,1,19.3042859349932,-0.19169686650508555
2020-10-27,89119.3258215452,-0.018271646381896267,1,19.3042859349932,-0.2064658955296833
2020-10-28,86408.67419959694,-0.030415979889436562,0,,-0.23060201289283444
2020-10-29,86408.67419959694,0.0,0,,-0.23060201289283444
2020-10-30,86408.67419959694,0.0,0,,-0.23060201289283444
2020-11-03,86408.67419959694,0.0,0,,-0.23060201289283444
2020-11-04,85028.8273932518,-0.015968845941991883,1,18.177857330867223,-0.2428884108170274
2020-11-05,85891.5183867746,0.010145864878659427,0,,-0.23520685893510984
2020-11-06,85891.5183867746,0.0,0,,-0.23520685893510984
2020-11-09,85891.5183867746,0.0,0,,-0.23520685893510984
2020-11-10,90425.17963975422,0.052783573257656036,1,20.683571679251536,-0.19483834414675838
2020-11-11,89641.5962352191,-0.008665544350111909,1,20.683571679251536,-0.20181550818456417
2020-11-12,85841.23391067564,-0.04239507643941687,1,20.683571679251536,-0.23565460072783673
2020-11-13,88662.12071595278,0.03286167587260569,1,20.683571679251536,-0.2105369299622375
2020-11-16,91247.94296179661,0.02916490407586836,1,20.683571679251536,-0.1875123152531456
2020-11-17,92815.10229806168,0.01717473605866604,1,20.90964378629412,-0.17355805371670174
2020-11-18,92266.59092576503,-0.005909721141449498,1,20.90964378629412,-0.1784420951588328
2020-11-19,93324.4262800459,0.01146498796224038,1,21.341428756713867,-0.1690229436695453
2020-11-23,98339.3436288993,0.05373638551824311,1,22.512500762939453,-0.12436924021375717
2020-11-24,102727.38977044151,0.04462147071167433,1,23.523571014404297,-0.08529730791171408
2020-11-25,102844.92952296333,0.0011441909775422587,1,23.548214435577393,-0.08425071334429302
2020-11-26,101160.23043417644,-0.01638096400669642,1,23.548214435577393,-0.09925156944815805
2020-11-27,99906.50296516437,-0.012393481743083301,1,23.548214435577393,-0.11041497867731331
2020-11-30,97555.76022436417,-0.023529426724303026,1,23.548214435577393,-0.13134640425156296
2020-12-01,100298.29466743194,0.028112480870020606,1,23.548214435577393,-0.1069263966584103
2020-12-02,101512.84221893673,0.01210935395793089,1,23.548214435577393,-0.09611185228506225
2020-12-03,104372.90894172112,0.0281744325177693,1,24.272142546517507,-0.07064531666365625
2020-12-04,107859.84687181673,0.03340845785990898,1,25.158572333199636,-0.0395970098885049
2020-12-07,105783.35608076229,-0.01925174985202971,1,25.158572333199636,-0.05808644801127283
2020-12-08,104451.26877673567,-0.012592598243996056,1,25.158572333199636,-0.06994758695204206
2020-12-09,105548.28404852381,0.010502651472171332,1,25.158572333199636,-0.06017957060694745
2020-12-10,108996.03458830697,0.0326651500861741,1,25.391428198133195,-0.029480195226770922
2020-12-11,108016.55906904065,-0.008986340860618669,1,25.391428198133195,-0.038201617004444355
2020-12-14,108212.45865657702,0.0018136069990077885,1,25.475357941218785,-0.036457292725409096
2020-12-15,109113.5743408288,0.008327282231998412,1,25.787500517708914,-0.028433600659349745
2020-12-16,110445.6616448554,0.012208263839526223,1,26.11321496963501,-0.01657246171858051
2020-12-17,110641.55375958659,0.0017736515116464346,1,26.214999743870326,-0.014828203978712873
2020-12-18,110093.04986009511,-0.004957485509317072,1,26.214999743870326,-0.019712178881676312
2020-12-21,105861.71591577683,-0.0384341604642201,1,26.214999743870326,-0.057388718299658636
2020-12-22,106880.37135255041,0.009622510158290076,1,26.214999743870326,-0.04831843166617833
2020-12-23,109505.36604309635,0.024560119480566245,1,26.214999743870326,-0.024945018640446848
2020-12-28,110406.48172734813,0.008228963719432159,1,26.355000768389022,-0.016921326574387496
2020-12-29,110759.09351210842,0.0031937598159414993,1,26.56642954690116,-0.013781609411291695
2020-12-30,111033.34546185416,0.0024761122635565957,1,26.706072330474854,-0.011339621959809976
2021-01-04,113266.54845013253,0.020112903731659637,1,27.227857657841273,0.0
2021-01-05,117693.78198198718,0.03908685832166792,1,28.236430100032262,0.0
2021-01-06,117928.85401422565,0.0019973190450659484,1,28.242858273642405,0.0
2021-01-07,121454.96438902336,0.029900319173561618,1,29.080358164651052,0.0
2021-01-08,121925.11592630547,0.003870994813980566,1,29.080358164651052,0.0
2021-01-11,120906.46048953188,-0.008354762913568181,1,29.080358164651052,-0.008354762913568181
2021-01-12,120005.33733247494,-0.00745306043538474,1,29.080358164651052,-0.01574555479603479
2021-01-13,113763.0946616057,-0.05201637535149872,0,,-0.06694290345914533
2021-01-14,113763.0946616057,0.0,0,,-0.06694290345914533
2021-01-15,113763.0946616057,0.0,0,,-0.06694290345914533
2021-01-18,113763.0946616057,0.0,0,,-0.06694290345914533
2021-01-19,113763.0946616057,0.0,0,,-0.06694290345914533
2021-01-20,113763.0946616057,0.0,0,,-0.06694290345914533
2021-01-21,113763.0946616057,0.0,0,,-0.06694290345914533
2021-01-22,113763.0946616057,0.0,0,,-0.06694290345914533
2021-01-26,112550.57068941006,-0.010658324439945632,1,24.376785346439906,-0.07688772871507144
2021-01-27,111590.90810979564,-0.008526501231723382,0,,-0.08475864663320132
2021-01-28,111590.90810979564,0.0,0,,-0.08475864663320132
2021-01-29,111590.90810979564,0.0,0,,-0.08475864663320132
2021-02-01,111590.90810979564,0.0,0,,-0.08475864663320132
2021-02-02,111590.90810979564,0.0,0,,-0.08475864663320132
2021-02-03,111590.90810979564,0.0,0,,-0.08475864663320132
2021-02-04,111590.90810979564,0.0,0,,-0.08475864663320132
2021-02-05,111590.90810979564,0.0,0,,-0.08475864663320132
2021-02-08,111590.90810979564,0.0,0,,-0.08475864663320132
2021-02-09,111590.90810979564,0.0,0,,-0.08475864663320132
2021-02-10,111590.90810979564,0.0,0,,-0.08475864663320132
2021-02-11,111590.90810979564,0.0,0,,-0.08475864663320132
2021-02-12,111590.90810979564,0.0,0,,-0.08475864663320132
2021-02-17,111590.90810979564,0.0,0,,-0.08475864663320132
2021-02-18,107352.66493561385,-0.037980183564880865,1,27.53357015337263,-0.11951968124024226
2021-02-19,100832.53781353,-0.060735587011224945,0,,-0.1729961702519467
2021-02-22,100832.53781353,0.0,0,,-0.1729961702519467
2021-02-23,100832.53781353,0.0,0,,-0.1729961702519467
2021-02-24,100832.53781353,0.0,0,,-0.1729961702519467
2021-02-25,100832.53781353,0.0,0,,-0.1729961702519467
2021-02-26,100832.53781353,0.0,0,,-0.1729961702519467
2021-03-01,100832.53781353,0.0,0,,-0.1729961702519467
2021-03-02,100832.53781353,0.0,0,,-0.1729961702519467
2021-03-03,100832.53781353,0.0,0,,-0.1729961702519467
2021-03-04,100832.53781353,0.0,0,,-0.1729961702519467
2021-03-05,100832.53781353,0.0,0,,-0.1729961702519467
2021-03-08,100832.53781353,0.0,0,,-0.1729961702519467
2021-03-09,100832.53781353,0.0,0,,-0.1729961702519467
2021-03-10,100832.53781353,0.0,0,,-0.1729961702519467
2021-03-11,100832.53781353,0.0,0,,-0.1729961702519467
2021-03-12,100832.53781353,0.0,0,,-0.1729961702519467
2021-03-15,100832.53781353,0.0,0,,-0.1729961702519467
2021-03-16,100832.53781353,0.0,0,,-0.1729961702519467
2021-03-17,100832.53781353,0.0,0,,-0.1729961702519467
2021-03-18,100832.53781353,0.0,0,,-0.1729961702519467
2021-03-19,100832.53781353,0.0,0,,-0.1729961702519467
2021-03-22,100832.53781353,0.0,0,,-0.1729961702519467
2021-03-23,99073.73629453525,-0.01744279730663234,1,20.773571831839426,-0.18742143042605064
2021-03-24,100617.27168201185,0.015579662635189617,0,,-0.17476173044750354
2021-03-25,100617.27168201185,0.0,0,,-0.17476173044750354
2021-03-26,100380.99356764821,-0.00234828584013258,1,21.374285084860666,-0.17669962579062914
2021-03-29,101964.15867048467,0.015771562390140437,1,21.84071465900966,-0.16371489257296
2021-03-30,101964.15867048467,0.0,1,21.901428971971786,-0.16371489257296
2021-03-31,103119.4406513768,0.011330275225686304,1,22.296429565974645,-0.15423955213866913
2021-04-01,102220.88527917456,-0.008713733962542047,1,22.296429565974645,-0.16160928367737315
2021-04-05,102862.7140426869,0.00627884176271265,1,22.296429565974645,-0.1563451610342561
2021-04-06,102777.13578605969,-0.000831965765473508,1,22.296429565974645,-0.1570470529781517
2021-04-07,102691.55752943248,-0.0008326585088472838,1,22.296429565974645,-0.15774894492204727
2021-04-08,101407.91632479127,-0.012499968210856194,1,22.296429565974645,-0.1682770563360818
2021-04-09,101193.97068322325,-0.00210975286074111,1,22.296429565974645,-0.1700317861958207
2021-04-12,102220.88527917456,0.010147982029146352,1,22.33642816543579,-0.16160928367737315
2021-04-13,102563.19014449166,0.0033486783486782468,1,22.489642347608292,-0.1588017828378907
2021-04-14,104189.14437564171,0.01585319478517966,1,22.892857892172678,-0.14546610364827384
2021-04-15,98797.83662600351,-0.05174538846581245,1,22.892857892172678,-0.18968429207219828
2021-04-16,98820.53150059909,0.00022971023830709036,0,,-0.18949815425782623
2021-04-19,98820.53150059909,0.0,0,,-0.18949815425782623
2021-04-20,96604.17050412897,-0.0224281428445533,1,22.619285651615687,-0.20767620542990584
2021-04-22,96158.05304593817,-0.004617993776694473,1,22.619285651615687,-0.2113351517823575
2021-04-23,96076.94710979705,-0.0008434648328660144,1,22.619285651615687,-0.21200036284674673
2021-04-26,96441.95089642126,0.0037990776934979653,1,22.619285651615687,-0.20900669100275338
2021-04-27,93684.14794656081,-0.028595470375981202,1,22.619285651615687,-0.23162551673778342
2021-04-28,94758.47084524031,0.011467499275249038,0,,-0.22281418290785426
2021-04-29,92655.17490816402,-0.02219638960311432,1,22.153929369790212,-0.2400649020980462
2021-04-30,91654.47857748244,-0.010800220620957424,0,,-0.2482723688129962
2021-05-03,91654.47857748244,0.0,0,,-0.2482723688129962
2021-05-04,91654.47857748244,0.0,0,,-0.2482723688129962
2021-05-05,91654.47857748244,0.0,0,,-0.2482723688129962
2021-05-06,91654.47857748244,0.0,0,,-0.2482723688129962
2021-05-07,91654.47857748244,0.0,0,,-0.2482723688129962
2021-05-10,91148.18741385877,-0.005523910794993592,1,22.880357129233225,-0.2524248451898051
2021-05-11,92808.77764699579,0.01821857658668624,1,23.326784474509104,-0.23880508997759176
2021-05-12,91443.4039245398,-0.014711687375619564,1,23.326784474509104,-0.25000355152575426
2021-05-13,92218.34462563372,0.008474539090139288,1,23.326784474509104,-0.2436476773056936
2021-05-14,97052.51762747946,0.05242094749662218,1,24.210712705339706,-0.20399897190878713
2021-05-17,98380.99544480252,0.01368823653212381,1,24.67964199611119,-0.19310312155646092
2021-05-18,97237.03234572812,-0.01162788701112738,1,24.67964199611119,-0.20248562728863373
2021-05-19,96498.98754976713,-0.007590161671500395,1,24.67964199611119,-0.20853889031285822
2021-05-20,95687.14390502348,-0.008412975776817988,1,24.67964199611119,-0.21519743345694964
2021-05-21,95760.94979232295,0.0007713250107321823,1,24.67964199611119,-0.21459209560888826
2021-05-24,97384.63708181023,0.016955630588549653,1,24.67964199611119,-0.20127500932070563
2021-05-25,95355.02445069271,-0.020841199309625136,1,24.67964199611119,-0.21792139604503125
2021-05-26,96277.57692638555,0.009674922543487785,1,24.67964199611119,-0.2103548461288478
2021-05-27,95613.33801772402,-0.006899206750595854,1,24.67964199611119,-0.21580277130501102
2021-05-28,99598.76443117639,0.041682745274655986,1,25.247142587389266,-0.18311527797622662
2021-05-31,99155.94318441325,-0.004446051608091306,1,25.247142587389266,-0.1867471896082057
2021-06-01,100705.83162511788,0.01563081738652916,1,25.625715255737305,-0.1740353834398899
2021-06-02,102846.15308718459,0.021253202793996673,1,26.18071528843471,-0.15648098994347215
2021-06-04,105170.98222898314,0.022604920767699932,1,26.925000054495676,-0.13741330955509568
2021-06-07,104396.04152788922,-0.007368388928865155,1,26.925000054495676,-0.14376918377515635
2021-06-08,105761.4152503452,0.01307878826125064,1,27.01535681315831,-0.13257072222699384
2021-06-09,105761.4152503452,0.0,1,27.01535681315831,-0.13257072222699384
2021-06-10,105835.22113764466,0.0006978526821408426,1,27.051429067339217,-0.13196538437893246
2021-06-11,105429.29579601444,-0.0038354466241657947,1,27.051429067339217,-0.13529468481507545
2021-06-14,106093.53470467597,0.006300325764735382,1,27.051429067339217,-0.12984675963891223
2021-06-15,107126.79601131799,0.00973915431810446,1,27.399643353053502,-0.121372202950637
2021-06-16,107532.7143144314,0.003789138835726291,1,27.511427811213903,-0.11804296024268857
2021-06-17,103805.60146801034,-0.03466026939041811,1,27.511427811213903,-0.14861182883145263
2021-06-18,104506.7433203216,0.006754373968222982,1,27.511427811213903,-0.14286123473125878
2021-06-21,106831.57950063696,0.022245800667518134,1,27.511427811213903,-0.12379349661468775
2021-06-22,107385.1095783493,0.005181333836864477,1,27.511427811213903,-0.11925357821061666
2021-06-23,108123.14733579347,0.006872812816805851,1,27.632141385759628,-0.11320037291458673
2021-06-24,109414.72220946681,0.011945405821957245,1,28.039284569876536,-0.10260719148629105
2021-06-25,107385.1095783493,-0.018549721556044063,1,28.039284569876536,-0.11925357821061666
2021-06-28,107200.59486010064,-0.001718252362670758,1,28.039284569876536,-0.12076692283077017
2021-06-29,107680.32608903034,0.004475079914955327,1,28.039284569876536,-0.1168322845465658
2021-06-30,108602.87856472317,0.008567511904914449,1,28.039284569876536,-0.10926573463038236
2021-07-01,107237.49780375038,-0.012572233618642792,1,28.039284569876536,-0.12046425390673943
2021-07-02,107680.32608903034,0.004129416429413224,1,28.039284569876536,-0.1168322845465658
2021-07-05,106462.55710265646,-0.011309113099890022,1,28.039284569876536,-0.1268201281268001
2021-07-06,103315.6393180024,-0.029558916019832626,0,,-0.15263037862970819
2021-07-07,103315.6393180024,0.0,0,,-0.15263037862970819
2021-07-08,103315.6393180024,0.0,0,,-0.15263037862970819
2021-07-12,103315.6393180024,0.0,0,,-0.15263037862970819
2021-07-13,103315.6393180024,0.0,0,,-0.15263037862970819
2021-07-14,103315.6393180024,0.0,0,,-0.15263037862970819
2021-07-15,103315.6393180024,0.0,0,,-0.15263037862970819
2021-07-16,103315.6393180024,0.0,0,,-0.15263037862970819
2021-07-19,103315.6393180024,0.0,0,,-0.15263037862970819
2021-07-20,103315.6393180024,0.0,0,,-0.15263037862970819
2021-07-21,103315.6393180024,0.0,0,,-0.15263037862970819
2021-07-22,103315.6393180024,0.0,0,,-0.15263037862970819
2021-07-23,103315.6393180024,0.0,0,,-0.15263037862970819
2021-07-26,103315.6393180024,0.0,0,,-0.15263037862970819
2021-07-27,103315.6393180024,0.0,0,,-0.15263037862970819
2021-07-28,103315.6393180024,0.0,0,,-0.15263037862970819
2021-07-29,103315.6393180024,0.0,0,,-0.15263037862970819
2021-07-30,103315.6393180024,0.0,0,,-0.15263037862970819
2021-08-02,103315.6393180024,0.0,0,,-0.15263037862970819
2021-08-03,103315.6393180024,0.0,0,,-0.15263037862970819
2021-08-04,103315.6393180024,0.0,0,,-0.15263037862970819
2021-08-05,103315.6393180024,0.0,0,,-0.15263037862970819
2021-08-06,102762.73089240617,-0.0053516430740403464,1,26.23035764694214,-0.1571651983950667
2021-08-09,102038.7989086893,-0.007044693902450105,1,26.23035764694214,-0.16310271158270573
2021-08-10,102364.57071775942,0.003192626849338298,1,26.23035764694214,-0.16043081082956634
2021-08-11,103776.24395440126,0.013790642863477753,1,26.428929124559676,-0.1488526119825372
2021-08-12,105332.70773018221,0.01499826662125936,1,26.823215007781982,-0.13608687652306284
2021-08-13,106237.62788782296,0.008591065179476498,1,27.101786409105575,-0.12866494256986727
2021-08-16,103667.65105004693,-0.024190834159905084,1,27.101786409105575,-0.14974326444187103
2021-08-17,97006.50033361572,-0.06425486300654626,0,,-0.20437639450555178
2021-08-18,97006.50033361572,0.0,0,,-0.20437639450555178
2021-08-19,97006.50033361572,0.0,0,,-0.20437639450555178
2021-08-20,97006.50033361572,0.0,0,,-0.20437639450555178
2021-08-23,97006.50033361572,0.0,0,,-0.20437639450555178
2021-08-24,97006.50033361572,0.0,0,,-0.20437639450555178
2021-08-25,97211.77522716488,0.0021160942085654,1,25.75321388244629,-0.20269278000176716
2021-08-26,96370.41914387414,-0.00865487829354683,1,25.75321388244629,-0.20959337695341795
2021-08-27,96960.94998097468,0.006127718882481092,0,,-0.2047499873645373
2021-08-30,96474.8246413365,-0.005013619810176784,1,26.39285680225917,-0.20873706858192986
2021-08-31,92690.83407203351,-0.039222570068105256,1,26.39285680225917,-0.23977243435176943
2021-09-01,89838.40745496294,-0.03077355647543145,0,,-0.26316734027742505
2021-09-02,89838.40745496294,0.0,0,,-0.26316734027742505
2021-09-03,89838.40745496294,0.0,0,,-0.26316734027742505
2021-09-06,89838.40745496294,0.0,0,,-0.26316734027742505
2021-09-08,89838.40745496294,0.0,0,,-0.26316734027742505
2021-09-09,89838.40745496294,0.0,0,,-0.26316734027742505
2021-09-10,89838.40745496294,0.0,0,,-0.26316734027742505
2021-09-13,89838.40745496294,0.0,0,,-0.26316734027742505
2021-09-14,89838.40745496294,0.0,0,,-0.26316734027742505
2021-09-15,89838.40745496294,0.0,0,,-0.26316734027742505
2021-09-16,89838.40745496294,0.0,0,,-0.26316734027742505
2021-09-17,89838.40745496294,0.0,0,,-0.26316734027742505
2021-09-20,89838.40745496294,0.0,0,,-0.26316734027742505
2021-09-21,89838.40745496294,0.0,0,,-0.26316734027742505
2021-09-22,89838.40745496294,0.0,0,,-0.26316734027742505
2021-09-23,89838.40745496294,0.0,0,,-0.26316734027742505
2021-09-24,89838.40745496294,0.0,0,,-0.26316734027742505
2021-09-27,89838.40745496294,0.0,0,,-0.26316734027742505
2021-09-28,89838.40745496294,0.0,0,,-0.26316734027742505
2021-09-29,89838.40745496294,0.0,0,,-0.26316734027742505
2021-09-30,88726.32688667552,-0.01237867633444989,1,25.285358224596298,-0.27228835328478274
2021-10-01,91235.29910360338,0.02827765224782053,1,25.848214421953475,-0.251710376402281
2021-10-04,93809.4408828983,0.028214318411690975,1,26.53821543284825,-0.23059789469793057
2021-10-05,95862.23237816831,0.021882568278309034,1,27.152143137795584,-0.21376140059518345
2021-10-06,93320.67538005691,-0.026512599749244026,1,27.152143137795584,-0.23460662988860947
2021-10-07,93190.34247023433,-0.0013966134438245792,1,27.152143137795584,-0.2356755885591213
2021-10-08,94884.7138023086,0.018181833945029924,1,27.152143137795584,-0.22177876903017057
2021-10-11,95536.39078124455,0.0068680923704287355,1,27.164642606462753,-0.216433873731241
2021-10-13,96546.49413828779,0.010572969616950756,1,27.54428482055664,-0.2081492528853296
2021-10-14,96709.41804420543,0.0016875175776376317,1,27.662143298557826,-0.20681299083070814
2021-10-15,96448.74600964875,-0.0026954151914918567,1,27.662143298557826,-0.20895095914491701
2021-10-18,95959.98672171889,-0.005067554614768821,1,27.662143298557826,-0.21295964336241058
2021-10-19,91267.88388478692,-0.04889645150263444,1,27.662143298557826,-0.2514431239913566
2021-10-20,92864.5008733106,0.01749374391696401,1,27.662143298557826,-0.23834806169517875
2021-10-21,89999.22399336161,-0.03085438303122856,0,,-0.2618483623361134
2021-10-22,89999.22399336161,0.0,0,,-0.2618483623361134
2021-10-25,89999.22399336161,0.0,0,,-0.2618483623361134
2021-10-26,89999.22399336161,0.0,0,,-0.2618483623361134
2021-10-27,89999.22399336161,0.0,0,,-0.2618483623361134
2021-10-28,89999.22399336161,0.0,0,,-0.2618483623361134
2021-10-29,89999.22399336161,0.0,0,,-0.2618483623361134
2021-11-01,89999.22399336161,0.0,0,,-0.2618483623361134
2021-11-03,89999.22399336161,0.0,0,,-0.2618483623361134
2021-11-04,89999.22399336161,0.0,0,,-0.2618483623361134
2021-11-05,89999.22399336161,0.0,0,,-0.2618483623361134
2021-11-08,89999.22399336161,0.0,0,,-0.2618483623361134
2021-11-09,89999.22399336161,0.0,0,,-0.2618483623361134
2021-11-10,89999.22399336161,0.0,0,,-0.2618483623361134
2021-11-11,89999.22399336161,0.0,0,,-0.2618483623361134
2021-11-12,89999.22399336161,0.0,0,,-0.2618483623361134
2021-11-16,89999.22399336161,0.0,0,,-0.2618483623361134
2021-11-17,89999.22399336161,0.0,0,,-0.2618483623361134
2021-11-18,89999.22399336161,0.0,0,,-0.2618483623361134
2021-11-19,89999.22399336161,0.0,0,,-0.2618483623361134
2021-11-22,89999.22399336161,0.0,0,,-0.2618483623361134
2021-11-23,89999.22399336161,0.0,0,,-0.2618483623361134
2021-11-24,91772.99555030251,0.019708742789512623,1,25.962858063834055,-0.24730032156973825
2021-11-25,93831.73647501739,0.022432970748856418,0,,-0.23041503170083855
2021-11-26,93955.21126363758,0.0013159171220611388,1,25.977499348776682,-0.22940232166417285
2021-11-29,96747.00874207725,0.02971413124287392,0,,-0.20650468111464815
2021-11-30,97030.71914121255,0.002932497891399155,1,26.812143189566477,-0.20417775776518188
2021-12-01,97591.20943974516,0.005776421152943412,1,26.89821481704712,-0.19958075333115388
2021-12-02,88550.39655448505,-0.09263962335503273,0,,-0.27373129086867487
2021-12-03,88550.39655448505,0.0,0,,-0.27373129086867487
2021-12-06,88550.39655448505,0.0,0,,-0.27373129086867487
2021-12-07,88550.39655448505,0.0,0,,-0.27373129086867487
2021-12-08,88550.39655448505,0.0,0,,-0.27373129086867487
2021-12-09,88550.39655448505,0.0,0,,-0.27373129086867487
2021-12-10,88550.39655448505,0.0,0,,-0.27373129086867487
2021-12-13,88550.39655448505,0.0,0,,-0.27373129086867487
2021-12-14,88550.39655448505,0.0,0,,-0.27373129086867487
2021-12-15,88550.39655448505,0.0,0,,-0.27373129086867487
2021-12-16,88550.39655448505,0.0,0,,-0.27373129086867487
2021-12-17,88550.39655448505,0.0,0,,-0.27373129086867487
2021-12-20,88550.39655448505,0.0,0,,-0.27373129086867487
2021-12-21,88550.39655448505,0.0,0,,-0.27373129086867487
2021-12-22,88550.39655448505,0.0,0,,-0.27373129086867487
2021-12-23,88550.39655448505,0.0,0,,-0.27373129086867487
2021-12-27,88550.39655448505,0.0,0,,-0.27373129086867487
2021-12-28,87716.76864344715,-0.009414163498691619,1,27.17607225690569,-0.2805685032404208
2021-12-29,87341.73245400362,-0.004275535855270629,0,,-0.28364445840022734
2021-12-30,87341.73245400362,0.0,0,,-0.28364445840022734
2022-01-03,87341.73245400362,0.0,0,,-0.28364445840022734
2022-01-04,87330.54970489847,-0.0001280344320058191,1,27.591072491237096,-0.2837361765751103
2022-01-05,83950.97395602128,-0.0386986657051539,1,27.591072491237096,-0.3114546308345255
2022-01-06,84482.03406348456,0.006325836168874943,0,,-0.3070990056343471
2022-01-07,84482.03406348456,0.0,0,,-0.3070990056343471
2022-01-10,84482.03406348456,0.0,0,,-0.3070990056343471
2022-01-11,84482.03406348456,0.0,0,,-0.3070990056343471
2022-01-12,84482.03406348456,0.0,0,,-0.3070990056343471
2022-01-13,86612.21467703237,0.02521459902287715,1,28.519999708448136,-0.2896277848988643
2022-01-14,89840.17958738757,0.03726916489079435,1,29.455357892172678,-0.2631528056804213
2022-01-17,89983.00757873201,0.0015898008218639958,1,29.51785741533552,-0.2619813654053038
2022-01-18,90382.93031332735,0.004444425068204305,1,29.581071036202566,-0.25870129688490917
2022-01-19,89954.44089075539,-0.004740822421739677,1,29.581071036202566,-0.2622156623978438
2022-01-20,90611.45836860163,0.007303891518197991,1,29.581071036202566,-0.256826965632172
2022-01-21,90754.29180848469,0.001576328672495464,1,29.63071550641741,-0.2556554806694725
2022-01-24,91268.48129498649,0.0056657319037525244,1,29.682144505637034,-0.25143822417891826
2022-01-25,94239.35146209078,0.03255088859758959,1,30.665002618517196,-0.2270718732057524
2022-01-26,96753.15462156927,0.026674665312077295,1,31.46107142312186,-0.20645427411322503
2022-01-27,96781.7267580845,0.0002953096116296017,1,31.46107142312186,-0.2062199324331031
2022-01-28,92953.8777458363,-0.03955136099003764,1,31.46107142312186,-0.23761501443213795
2022-01-31,92411.11612281928,-0.005839042288274365,1,31.46107142312186,-0.24206661260281415
2022-02-01,94267.91270152877,0.02009278381879631,1,31.46107142312186,-0.2268376209007945
2022-02-02,92896.74436988308,-0.014545440673828125,1,31.46107142312186,-0.23808360841721776
2022-02-03,91611.2706536286,-0.013837661642222443,1,31.46107142312186,-0.24862674964360343
2022-02-04,93210.9724890872,0.017461845295289935,1,31.46107142312186,-0.23550638618686082
2022-02-07,91839.8041574415,-0.014710374701929374,1,31.46107142312186,-0.24675237370328418
2022-02-08,89736.99636696352,-0.022896475115224746,0,,-0.2639990892343891
2022-02-09,89736.99636696352,0.0,0,,-0.2639990892343891
2022-02-10,89736.99636696352,0.0,0,,-0.2639990892343891
2022-02-11,89736.99636696352,0.0,0,,-0.2639990892343891
2022-02-14,89736.99636696352,0.0,0,,-0.2639990892343891
2022-02-15,89736.99636696352,0.0,0,,-0.2639990892343891
2022-02-16,89736.99636696352,0.0,0,,-0.2639990892343891
2022-02-17,89736.99636696352,0.0,0,,-0.2639990892343891
2022-02-18,89736.99636696352,0.0,0,,-0.2639990892343891
2022-02-21,89736.99636696352,0.0,0,,-0.2639990892343891
2022-02-22,89736.99636696352,0.0,0,,-0.2639990892343891
2022-02-23,89736.99636696352,0.0,0,,-0.2639990892343891
2022-02-24,89736.99636696352,0.0,0,,-0.2639990892343891
2022-02-25,89736.99636696352,0.0,0,,-0.2639990892343891
2022-03-02,88103.28601905805,-0.018205538563210832,1,32.32964086532593,-0.2773983821978907
2022-03-03,87010.58034300891,-0.0124025530195635,1,32.32964086532593,-0.28636048707470374
2022-03-04,86985.16294711462,-0.00029211845035514994,1,32.32964086532593,-0.28656895434333174
2022-03-07,82032.74372263053,-0.056934068485852696,0,,-0.32718748635668193
2022-03-08,82032.74372263053,0.0,0,,-0.32718748635668193
2022-03-09,82032.74372263053,0.0,0,,-0.32718748635668193
2022-03-10,84673.71505423778,0.03219411190898236,1,30.287500994546072,-0.3055268849986852
2022-03-11,81633.50391551288,-0.03590501653054312,1,30.287500994546072,-0.33046195367282516
2022-03-14,80075.70649099858,-0.019082819550739205,1,30.287500994546072,-0.3432386273932412
2022-03-15,78124.1622062778,-0.024371240295459007,0,,-0.3592447166218159
2022-03-16,78124.1622062778,0.0,0,,-0.3592447166218159
2022-03-17,78124.1622062778,0.0,0,,-0.3592447166218159
2022-03-18,78124.1622062778,0.0,0,,-0.3592447166218159
2022-03-21,78124.1622062778,0.0,0,,-0.3592447166218159
2022-03-22,78124.1622062778,0.0,0,,-0.3592447166218159
2022-03-23,78124.1622062778,0.0,0,,-0.3592447166218159
2022-03-24,78124.1622062778,0.0,0,,-0.3592447166218159
2022-03-25,78124.1622062778,0.0,0,,-0.3592447166218159
2022-03-28,78124.1622062778,0.0,0,,-0.3592447166218159
2022-03-29,78124.1622062778,0.0,0,,-0.3592447166218159
2022-03-30,78124.1622062778,0.0,0,,-0.3592447166218159
2022-03-31,78124.1622062778,0.0,0,,-0.3592447166218159
2022-04-01,78124.1622062778,0.0,0,,-0.3592447166218159
2022-04-04,78124.1622062778,0.0,0,,-0.3592447166218159
2022-04-05,77362.26578687954,-0.00975237875046353,1,30.06178671973092,-0.3654936048316806
2022-04-06,77747.04474961232,0.004973729231157575,0,,-0.36233774182667544
2022-04-07,77747.04474961232,0.0,0,,-0.36233774182667544
2022-04-08,77949.59610858743,0.002605261198382891,1,31.940356731414795,-0.3606764650877833
2022-04-11,77357.17387255111,-0.007600068064638199,1,31.940356731414795,-0.3655353674684412
2022-04-12,77129.31248021148,-0.0029455754512831556,1,31.940356731414795,-0.3674042309147336
2022-04-13,78769.87973696338,0.02127034721297183,1,32.34857068743025,-0.35394869926083294
2022-04-14,71894.54901163546,-0.08728375298130131,0,,-0.4103384814077988
2022-04-18,71894.54901163546,0.0,0,,-0.4103384814077988
2022-04-19,71894.54901163546,0.0,0,,-0.4103384814077988
2022-04-20,71894.54901163546,0.0,0,,-0.4103384814077988
2022-04-22,70654.00075041478,-0.017255108742944003,1,28.394641263144358,-0.42051315503263664
2022-04-25,69185.99935844324,-0.020777328620883884,0,,-0.4325533436420027
2022-04-26,69185.99935844324,0.0,0,,-0.4325533436420027
2022-04-27,69185.99935844324,0.0,0,,-0.4325533436420027
2022-04-28,69185.99935844324,0.0,0,,-0.4325533436420027
2022-04-29,69185.99935844324,0.0,0,,-0.4325533436420027
2022-05-02,69185.99935844324,0.0,0,,-0.4325533436420027
2022-05-03,69185.99935844324,0.0,0,,-0.4325533436420027
2022-05-04,69185.99935844324,0.0,0,,-0.4325533436420027
2022-05-05,69185.99935844324,0.0,0,,-0.4325533436420027
2022-05-06,69185.99935844324,0.0,0,,-0.4325533436420027
2022-05-09,67941.56401170527,-0.017986808867076154,1,30.075001307896205,-0.4427598981921754
2022-05-10,68261.5416580714,0.004709600831546812,0,,-0.44013551974533005
2022-05-11,68261.5416580714,0.0,0,,-0.44013551974533005
2022-05-12,68261.5416580714,0.0,0,,-0.44013551974533005
2022-05-13,68261.5416580714,0.0,0,,-0.44013551974533005
2022-05-16,68261.5416580714,0.0,0,,-0.44013551974533005
2022-05-17,66523.47914196803,-0.025461811642190746,1,32.47321435383388,-0.4543906836867274
2022-05-18,65432.92762434497,-0.016393482897905876,1,32.47321435383388,-0.46333512068264726
2022-05-19,66542.94995979413,0.01696427740207307,1,32.47321435383388,-0.45423098879795754
2022-05-20,67828.24679955046,0.019315296970346507,1,32.47321435383388,-0.44368929826937786
2022-05-23,70496.19456819363,0.03933387481660322,1,33.46607160568237,-0.4218074427683689
2022-05-24,60668.012597775734,-0.13941436173424548,0,,-0.502415789094308
2022-05-25,60668.012597775734,0.0,0,,-0.502415789094308
2022-05-26,60668.012597775734,0.0,0,,-0.502415789094308
2022-05-27,60668.012597775734,0.0,0,,-0.502415789094308
2022-05-30,60668.012597775734,0.0,0,,-0.502415789094308
2022-05-31,60668.012597775734,0.0,0,,-0.502415789094308
2022-06-01,60668.012597775734,0.0,0,,-0.502415789094308
2022-06-02,60668.012597775734,0.0,0,,-0.502415789094308
2022-06-03,60668.012597775734,0.0,0,,-0.502415789094308
2022-06-06,60668.012597775734,0.0,0,,-0.502415789094308
2022-06-07,60668.012597775734,0.0,0,,-0.502415789094308
2022-06-08,60668.012597775734,0.0,0,,-0.502415789094308
2022-06-09,60668.012597775734,0.0,0,,-0.502415789094308
2022-06-10,60668.012597775734,0.0,0,,-0.502415789094308
2022-06-13,60668.012597775734,0.0,0,,-0.502415789094308
2022-06-14,60668.012597775734,0.0,0,,-0.502415789094308
2022-06-15,60668.012597775734,0.0,0,,-0.502415789094308
2022-06-17,60668.012597775734,0.0,0,,-0.502415789094308
2022-06-20,60668.012597775734,0.0,0,,-0.502415789094308
2022-06-21,60668.012597775734,0.0,0,,-0.502415789094308
2022-06-22,60668.012597775734,0.0,0,,-0.502415789094308
2022-06-23,60668.012597775734,0.0,0,,-0.502415789094308
2022-06-24,60668.012597775734,0.0,0,,-0.502415789094308
2022-06-27,60668.012597775734,0.0,0,,-0.502415789094308
2022-06-28,60668.012597775734,0.0,0,,-0.502415789094308
2022-06-29,60668.012597775734,0.0,0,,-0.502415789094308
2022-06-30,60668.012597775734,0.0,0,,-0.502415789094308
2022-07-01,60668.012597775734,0.0,0,,-0.502415789094308
2022-07-04,60668.012597775734,0.0,0,,-0.502415789094308
2022-07-05,60668.012597775734,0.0,0,,-0.502415789094308
2022-07-06,60668.012597775734,0.0,0,,-0.502415789094308
2022-07-07,60668.012597775734,0.0,0,,-0.502415789094308
2022-07-08,60668.012597775734,0.0,0,,-0.502415789094308
2022-07-11,60668.012597775734,0.0,0,,-0.502415789094308
2022-07-12,60668.012597775734,0.0,0,,-0.502415789094308
2022-07-13,60668.012597775734,0.0,0,,-0.502415789094308
2022-07-14,60668.012597775734,0.0,0,,-0.502415789094308
2022-07-15,60668.012597775734,0.0,0,,-0.502415789094308
2022-07-18,61025.23638783159,0.005888173598568747,1,26.3160719871521,-0.49948592688058846
2022-07-19,62262.81093248156,0.02027971734160694,1,26.921071801866805,-0.4893356429522304
2022-07-20,62241.47294914915,-0.00034270831998806095,1,26.962857450757706,-0.489510651876112
2022-07-21,61921.41133877151,-0.00514225636400234,1,26.962857450757706,-0.49213571897525754
2022-07-22,62582.8725428592,0.01068226950559703,1,27.21035759789603,-0.48671057585308497
2022-07-25,65506.11114253119,0.046709882127415,1,28.61071559361049,-0.46273488735393375
2022-07-26,66167.57234661888,0.010097702222750637,1,29.0171434538705,-0.4573097442317612
2022-07-27,66893.04750070377,0.010964209934807512,1,29.42857245036534,-0.4513595743379438
2022-07-28,68898.77316610345,0.029984067707164552,1,30.24714401790074,-0.4349091026680052
2022-07-29,72867.54853023797,0.057602990325625436,1,31.782144682747976,-0.4023581771758913
2022-08-01,71864.68366263605,-0.01376284625776536,1,31.782144682747976,-0.4105834297006302
2022-08-02,72184.74934281787,0.004453726975051531,1,31.782144682747976,-0.4079583292219455
2022-08-03,72227.41716987432,0.0005910919888882926,1,31.782144682747976,-0.40760837813326056
2022-08-04,72995.56829062401,0.010635173606486026,1,31.782144682747976,-0.4013081903916801
2022-08-05,74403.842632129,0.01929260055758597,1,32.35571357182094,-0.3897578684518085
2022-08-08,78159.24630254788,0.050473248928641024,1,33.926429748535156,-0.3589569654394321
2022-08-09,79439.49274405847,0.016379974245847695,1,34.44785703931536,-0.3484566970428501
2022-08-10,79183.44508367803,-0.0032231784410480246,1,34.44785703931536,-0.35055673737035076
2022-08-11,77348.41921513338,-0.02317436260326211,1,34.44785703931536,-0.3656071710287758
2022-08-12,61998.972968923095,-0.1984455067338614,0,,-0.49149957744229833
2022-08-15,61998.972968923095,0.0,0,,-0.49149957744229833
2022-08-16,61998.972968923095,0.0,0,,-0.49149957744229833
2022-08-17,61998.972968923095,0.0,0,,-0.49149957744229833
2022-08-18,61998.972968923095,0.0,0,,-0.49149957744229833
2022-08-19,61998.972968923095,0.0,0,,-0.49149957744229833
2022-08-22,61998.972968923095,0.0,0,,-0.49149957744229833
2022-08-23,61998.972968923095,0.0,0,,-0.49149957744229833
2022-08-24,61998.972968923095,0.0,0,,-0.49149957744229833
2022-08-25,61998.972968923095,0.0,0,,-0.49149957744229833
2022-08-26,61998.972968923095,0.0,0,,-0.49149957744229833
2022-08-29,61998.972968923095,0.0,0,,-0.49149957744229833
2022-08-30,59047.508510844345,-0.047605054031430005,1,29.578570706503733,-0.5157067675331627
2022-08-31,58304.442854144945,-0.012584200001646728,0,,-0.5218012104299694
2022-09-01,58304.442854144945,0.0,0,,-0.5218012104299694
2022-09-02,58304.442854144945,0.0,0,,-0.5218012104299694
2022-09-05,58304.442854144945,0.0,0,,-0.5218012104299694
2022-09-06,58304.442854144945,0.0,0,,-0.5218012104299694
2022-09-08,58304.442854144945,0.0,0,,-0.5218012104299694
2022-09-09,58304.442854144945,0.0,0,,-0.5218012104299694
2022-09-12,58304.442854144945,0.0,0,,-0.5218012104299694
2022-09-13,58304.442854144945,0.0,0,,-0.5218012104299694
2022-09-14,58304.442854144945,0.0,0,,-0.5218012104299694
2022-09-15,58304.442854144945,0.0,0,,-0.5218012104299694
2022-09-16,58304.442854144945,0.0,0,,-0.5218012104299694
2022-09-19,58304.442854144945,0.0,0,,-0.5218012104299694
2022-09-20,58304.442854144945,0.0,0,,-0.5218012104299694
2022-09-21,58304.442854144945,0.0,0,,-0.5218012104299694
2022-09-22,58304.442854144945,0.0,0,,-0.5218012104299694
2022-09-23,58304.442854144945,0.0,0,,-0.5218012104299694
2022-09-26,58304.442854144945,0.0,0,,-0.5218012104299694
2022-09-27,58304.442854144945,0.0,0,,-0.5218012104299694
2022-09-28,58304.442854144945,0.0,0,,-0.5218012104299694
2022-09-29,58304.442854144945,0.0,0,,-0.5218012104299694
2022-09-30,58304.442854144945,0.0,0,,-0.5218012104299694
2022-10-03,58304.442854144945,0.0,0,,-0.5218012104299694
2022-10-04,58304.442854144945,0.0,0,,-0.5218012104299694
2022-10-05,58304.442854144945,0.0,0,,-0.5218012104299694
2022-10-06,59381.45925275622,0.018472286945705907,1,30.318928582327707,-0.5129677851719425
2022-10-07,59328.53675428548,-0.0008912293354981227,1,30.36035864693778,-0.5134018425691298
2022-10-10,58658.15594488023,-0.011299466430154781,1,30.36035864693778,-0.5189001421139952
2022-10-11,58217.117178377375,-0.007518796992481147,1,30.36035864693778,-0.5225174342785515
2022-10-13,59875.42051772982,0.028484806869969237,1,30.43821314402989,-0.5089164356101987
2022-10-14,58958.05907583777,-0.01532116908674419,1,30.43821314402989,-0.5164404099359359
2022-10-17,58905.13657736703,-0.0008976295912771493,1,30.43821314402989,-0.5168744673331231
2022-10-18,60351.74319311901,0.024558242282521014,1,30.770712988717214,-0.505009753449018
2022-10-19,62486.36920786065,0.035369749104198434,1,31.92714044025966,-0.4875020726194844
2022-10-20,64338.737410946655,0.029644356466353772,1,32.91821459361485,-0.472309401371949
2022-10-21,66543.93124346095,0.034274745219652125,1,34.07714312417166,-0.4542229405491669
2022-10-24,60422.311010891666,-0.09199366671278275,1,34.07714312417166,-0.5044309734557695
2022-10-25,59961.76230206823,-0.007622163090392542,0,,-0.5082082813986366
2022-10-26,59961.76230206823,0.0,0,,-0.5082082813986366
2022-10-27,59961.76230206823,0.0,0,,-0.5082082813986366
2022-10-28,59961.76230206823,0.0,0,,-0.5082082813986366
2022-10-31,59961.76230206823,0.0,0,,-0.5082082813986366
2022-11-01,59961.76230206823,0.0,0,,-0.5082082813986366
2022-11-03,59961.76230206823,0.0,0,,-0.5082082813986366
2022-11-04,59961.76230206823,0.0,0,,-0.5082082813986366
2022-11-07,59961.76230206823,0.0,0,,-0.5082082813986366
2022-11-08,59961.76230206823,0.0,0,,-0.5082082813986366
2022-11-09,59961.76230206823,0.0,0,,-0.5082082813986366
2022-11-10,59961.76230206823,0.0,0,,-0.5082082813986366
2022-11-11,59961.76230206823,0.0,0,,-0.5082082813986366
2022-11-14,59961.76230206823,0.0,0,,-0.5082082813986366
2022-11-16,59961.76230206823,0.0,0,,-0.5082082813986366
2022-11-17,59961.76230206823,0.0,0,,-0.5082082813986366
2022-11-18,59961.76230206823,0.0,0,,-0.5082082813986366
2022-11-21,59961.76230206823,0.0,0,,-0.5082082813986366
2022-11-22,59961.76230206823,0.0,0,,-0.5082082813986366
2022-11-23,59961.76230206823,0.0,0,,-0.5082082813986366
2022-11-24,59961.76230206823,0.0,0,,-0.5082082813986366
2022-11-25,59961.76230206823,0.0,0,,-0.5082082813986366
2022-11-28,59961.76230206823,0.0,0,,-0.5082082813986366
2022-11-29,59961.76230206823,0.0,0,,-0.5082082813986366
2022-11-30,59961.76230206823,0.0,0,,-0.5082082813986366
2022-12-01,59961.76230206823,0.0,0,,-0.5082082813986366
2022-12-02,59961.76230206823,0.0,0,,-0.5082082813986366
2022-12-05,59961.76230206823,0.0,0,,-0.5082082813986366
2022-12-06,59961.76230206823,0.0,0,,-0.5082082813986366
2022-12-07,59961.76230206823,0.0,0,,-0.5082082813986366
2022-12-08,59961.76230206823,0.0,0,,-0.5082082813986366
2022-12-09,59961.76230206823,0.0,0,,-0.5082082813986366
2022-12-12,59961.76230206823,0.0,0,,-0.5082082813986366
2022-12-13,59961.76230206823,0.0,0,,-0.5082082813986366
2022-12-14,59961.76230206823,0.0,0,,-0.5082082813986366
2022-12-15,59961.76230206823,0.0,0,,-0.5082082813986366
2022-12-16,59961.76230206823,0.0,0,,-0.5082082813986366
2022-12-19,59961.76230206823,0.0,0,,-0.5082082813986366
2022-12-20,59961.76230206823,0.0,0,,-0.5082082813986366
2022-12-21,59961.76230206823,0.0,0,,-0.5082082813986366
2022-12-22,60097.41399875879,0.0022623033660551517,1,21.234642233167374,-0.5070956993382467
2022-12-23,60357.454662150325,0.004326985906530023,0,,-0.5049629093760153
2022-12-26,59835.203453472765,-0.008652638047791261,1,22.328929219927108,-0.5092462861414162
2022-12-27,60243.06187104831,0.006816362175365409,1,22.41357163020543,-0.5059011310888506
2022-12-28,60128.74105657625,-0.001897659430338594,0,,-0.5068387624669594
2022-12-29,60128.74105657625,0.0,0,,-0.5068387624669594
2023-01-02,60128.74105657625,0.0,0,,-0.5068387624669594
2023-01-03,60128.74105657625,0.0,0,,-0.5068387624669594
2023-01-04,60128.74105657625,0.0,0,,-0.5068387624669594
2023-01-05,60128.74105657625,0.0,0,,-0.5068387624669594
2023-01-06,60128.74105657625,0.0,0,,-0.5068387624669594
2023-01-09,60128.74105657625,0.0,0,,-0.5068387624669594
2023-01-10,60128.74105657625,0.0,0,,-0.5068387624669594
2023-01-11,60361.87529064864,0.003877251210914867,1,21.976428644997732,-0.5049266524615581
2023-01-12,61231.99735198922,0.014415093254655398,1,22.40678439821516,-0.4977901239888971
2023-01-13,61082.834247446495,-0.002436031992967158,1,22.493213449205673,-0.49901352331404425
2023-01-16,59765.21813066812,-0.021570972156280566,1,22.493213449205673,-0.5098202886533101
2023-01-17,63444.60632145276,0.06156403851384229,1,23.2503570829119,-0.4796428460252584
2023-01-18,62325.8711828583,-0.017633258419576303,1,23.2503570829119,-0.4888184381917703
2023-01-19,64364.450998244116,0.032708404659195445,1,23.441784245627268,-0.4720985048138271
2023-01-20,65557.77006001475,0.01854003325225584,1,24.014642919812882,-0.46231119353915995
2023-01-23,66601.92127543305,0.015927192374945554,1,24.345357281821116,-0.45374732048080324
2023-01-24,66129.56591226987,-0.007092218274150852,1,24.345357281821116,-0.45762146371679313
2023-01-25,66974.83140769467,0.012781960440299223,1,24.588214465550013,-0.4506888027223538
2023-01-26,65259.43910911969,-0.02561249147658029,1,24.588214465550013,-0.46475803108061764
2023-01-27,63693.21465689704,-0.02399996802920379,1,24.588214465550013,-0.47760382122257095
2023-01-30,64016.40217370789,0.005074127888689439,1,24.588214465550013,-0.4749531162028915
2023-01-31,64811.945053681906,0.012427172614532855,1,24.588214465550013,-0.46842826794722237
2023-02-01,63916.95694280633,-0.013808999407968425,1,24.588214465550013,-0.47576874168043193
2023-02-02,61036.42533674142,-0.045066782648029546,0,,-0.4993941578564228
2023-02-03,61036.42533674142,0.0,0,,-0.4993941578564228
2023-02-06,61036.42533674142,0.0,0,,-0.4993941578564228
2023-02-07,61036.42533674142,0.0,0,,-0.4993941578564228
2023-02-08,61036.42533674142,0.0,0,,-0.4993941578564228
2023-02-09,61036.42533674142,0.0,0,,-0.4993941578564228
2023-02-10,61036.42533674142,0.0,0,,-0.4993941578564228
2023-02-13,61036.42533674142,0.0,0,,-0.4993941578564228
2023-02-14,61036.42533674142,0.0,0,,-0.4993941578564228
2023-02-15,61036.42533674142,0.0,0,,-0.4993941578564228
2023-02-16,61036.42533674142,0.0,0,,-0.4993941578564228
2023-02-17,61036.42533674142,0.0,0,,-0.4993941578564228
2023-02-22,61036.42533674142,0.0,0,,-0.4993941578564228
2023-02-23,61036.42533674142,0.0,0,,-0.4993941578564228
2023-02-24,61036.42533674142,0.0,0,,-0.4993941578564228
2023-02-27,61036.42533674142,0.0,0,,-0.4993941578564228
2023-02-28,61036.42533674142,0.0,0,,-0.4993941578564228
2023-03-01,61036.42533674142,0.0,0,,-0.4993941578564228
2023-03-02,61036.42533674142,0.0,0,,-0.4993941578564228
2023-03-03,61036.42533674142,0.0,0,,-0.4993941578564228
2023-03-06,61036.42533674142,0.0,0,,-0.4993941578564228
2023-03-07,59475.884933713955,-0.02556736234826784,1,23.537856919424875,-0.5121933288161675
2023-03-08,60234.14249303413,0.012748991631906792,1,23.537856919424875,-0.5059742856472564
2023-03-09,59978.17180555397,-0.004249594613383367,0,,-0.5080736946618427
2023-03-10,59978.17180555397,0.0,0,,-0.5080736946618427
2023-03-13,59978.17180555397,0.0,0,,-0.5080736946618427
2023-03-14,59978.17180555397,0.0,0,,-0.5080736946618427
2023-03-15,59978.17180555397,0.0,0,,-0.5080736946618427
2023-03-16,59978.17180555397,0.0,0,,-0.5080736946618427
2023-03-17,59978.17180555397,0.0,0,,-0.5080736946618427
2023-03-20,59978.17180555397,0.0,0,,-0.5080736946618427
2023-03-21,59978.17180555397,0.0,0,,-0.5080736946618427
2023-03-22,59978.17180555397,0.0,0,,-0.5080736946618427
2023-03-23,59978.17180555397,0.0,0,,-0.5080736946618427
2023-03-24,59978.17180555397,0.0,0,,-0.5080736946618427
2023-03-27,59978.17180555397,0.0,0,,-0.5080736946618427
2023-03-28,59978.17180555397,0.0,0,,-0.5080736946618427
2023-03-29,59978.17180555397,0.0,0,,-0.5080736946618427
2023-03-30,59978.17180555397,0.0,0,,-0.5080736946618427
2023-03-31,59978.17180555397,0.0,0,,-0.5080736946618427
2023-04-03,59978.17180555397,0.0,0,,-0.5080736946618427
2023-04-04,59978.17180555397,0.0,0,,-0.5080736946618427
2023-04-05,59978.17180555397,0.0,0,,-0.5080736946618427
2023-04-06,59978.17180555397,0.0,0,,-0.5080736946618427
2023-04-10,59978.17180555397,0.0,0,,-0.5080736946618427
2023-04-11,59978.17180555397,0.0,0,,-0.5080736946618427
2023-04-12,59588.66901233489,-0.006494075786134812,1,24.044285229274205,-0.511268301369902
2023-04-13,60003.60048037957,0.006963261219323336,1,24.16571487699236,-0.507865134886177
2023-04-14,60625.99328568201,0.01037259098320198,1,24.430356161934988,-0.5027604212217781
2023-04-17,61571.113008777305,0.015589348262579295,1,24.836784499032156,-0.4950087802582661
2023-04-18,63138.62993393963,0.025458642024854594,1,25.407856123788015,-0.48215238956916673
2023-04-19,61110.081463989,-0.032128484132028956,1,25.407856123788015,-0.49879004830370277
2023-04-20,61525.01293203369,0.00678990206041874,1,25.407856123788015,-0.4953868818199778
2023-04-24,62700.65062590543,0.01910828844799206,1,25.407856123788015,-0.4857445888031533
2023-04-25,62447.080418374884,-0.004044139973019334,1,25.407856123788015,-0.4878243096679159
2023-04-26,61663.32195579372,-0.012550762298737417,1,25.407856123788015,-0.49425250501246565
2023-04-27,60164.961740893705,-0.024299051160010188,1,25.407856123788015,-0.5065416892672148
2023-04-28,54320.431403622555,-0.097141761054236,0,,-0.554477098578646
2023-05-02,54320.431403622555,0.0,0,,-0.554477098578646
2023-05-03,54320.431403622555,0.0,0,,-0.554477098578646
2023-05-04,54320.431403622555,0.0,0,,-0.554477098578646
2023-05-05,54320.431403622555,0.0,0,,-0.554477098578646
2023-05-08,54320.431403622555,0.0,0,,-0.554477098578646
2023-05-09,54639.03386433988,0.005865241723689296,1,22.136429446084158,-0.5518639990683704
2023-05-10,54505.71492041449,-0.0024399945331463613,1,22.185358660561697,-0.5529574484607496
2023-05-11,56505.51603182658,0.03668975105329886,1,22.97642959867205,-0.536555568534543
2023-05-12,56753.557287440395,0.004389682159067654,0,,-0.5345211947820199
2023-05-15,55798.73862193111,-0.016823943927838814,1,23.495714323861257,-0.5423523841006046
2023-05-16,56692.11810119976,0.016010746861534253,0,,-0.5350251039706546
2023-05-17,56692.11810119976,0.0,0,,-0.5350251039706546
2023-05-18,56692.11810119976,0.0,0,,-0.5350251039706546
2023-05-19,56692.11810119976,0.0,0,,-0.5350251039706546
2023-05-22,56692.11810119976,0.0,0,,-0.5350251039706546
2023-05-23,56692.11810119976,0.0,0,,-0.5350251039706546
2023-05-24,56692.11810119976,0.0,0,,-0.5350251039706546
2023-05-25,56692.11810119976,0.0,0,,-0.5350251039706546
2023-05-26,56692.11810119976,0.0,0,,-0.5350251039706546
2023-05-29,56480.238983501535,-0.003737364642471208,1,24.64285727909633,-0.5367628847067115
2023-05-30,55845.389377188,-0.011240207508664724,1,24.64285727909633,-0.5419697660083234
2023-05-31,55274.02997863043,-0.010231093469481034,1,24.64285727909633,-0.5466559161441404
2023-06-01,57051.5983820591,0.032159196717082006,1,25.158213683537074,-0.5320767345708944
2023-06-02,57517.1555672723,0.008160282944142727,1,25.415714740753174,-0.5282583483288458
2023-06-05,58130.839080167374,0.010669573396711263,1,25.882499762943812,-0.5232250661520546
2023-06-06,59358.21014220723,0.02111394023312152,1,26.499999523162842,-0.5131584686941386
2023-06-07,61093.4625037978,0.029233569500046297,1,27.228929655892507,-0.49892635295319976
2023-06-09,64077.24394834726,0.048839619204165796,1,28.463929925646102,-0.47445410683819145
2023-06-12,65198.80472454335,0.017503261799152625,1,28.915357521602086,-0.4652553394827108
2023-06-13,61097.660210907954,-0.06290214262304661,0,,-0.498891924385482
2023-06-14,61097.660210907954,0.0,0,,-0.498891924385482
2023-06-15,61097.660210907954,0.0,0,,-0.498891924385482
2023-06-16,61097.660210907954,0.0,0,,-0.498891924385482
2023-06-19,61097.660210907954,0.0,0,,-0.498891924385482
2023-06-20,61097.660210907954,0.0,0,,-0.498891924385482
2023-06-21,61097.660210907954,0.0,0,,-0.498891924385482
2023-06-22,61097.660210907954,0.0,0,,-0.498891924385482
2023-06-23,61097.660210907954,0.0,0,,-0.498891924385482
2023-06-26,61097.660210907954,0.0,0,,-0.498891924385482
2023-06-27,61097.660210907954,0.0,0,,-0.498891924385482
2023-06-28,61097.660210907954,0.0,0,,-0.498891924385482
2023-06-29,61097.660210907954,0.0,0,,-0.498891924385482
2023-06-30,61097.660210907954,0.0,0,,-0.498891924385482
2023-07-03,61097.660210907954,0.0,0,,-0.498891924385482
2023-07-04,61097.660210907954,0.0,0,,-0.498891924385482
2023-07-05,61097.660210907954,0.0,0,,-0.498891924385482
2023-07-06,61097.660210907954,0.0,0,,-0.498891924385482
2023-07-07,61097.660210907954,0.0,0,,-0.498891924385482
2023-07-10,61097.660210907954,0.0,0,,-0.498891924385482
2023-07-11,61097.660210907954,0.0,0,,-0.498891924385482
2023-07-12,60943.471999112386,-0.0025236352957431762,1,27.08392892565046,-0.5001565384120847
2023-07-13,60643.44421393124,-0.00492305041605634,0,,-0.5026172929736181
2023-07-14,59628.92976289553,-0.01672916939639535,1,27.566071442195348,-0.5109380925343001
2023-07-17,58227.774287823675,-0.023497914194390512,0,,-0.5224300272716742
2023-07-18,58227.774287823675,0.0,0,,-0.5224300272716742
2023-07-19,58227.774287823675,0.0,0,,-0.5224300272716742
2023-07-20,58227.774287823675,0.0,0,,-0.5224300272716742
2023-07-21,58227.774287823675,0.0,0,,-0.5224300272716742
2023-07-24,58227.774287823675,0.0,0,,-0.5224300272716742
2023-07-25,58227.774287823675,0.0,0,,-0.5224300272716742
2023-07-26,58234.48860397613,0.00011531122792485249,1,29.269643102373397,-0.5223749580916988
2023-07-27,55210.051113785405,-0.05193550355972776,1,29.269643102373397,-0.5471806551559425
2023-07-28,55202.26631808687,-0.0001410032329528521,0,,-0.5472445041475091
2023-07-31,56593.08338120982,0.02519492687326963,1,29.095714773450577,-0.5358373625380346
2023-08-01,55665.327517780424,-0.0163934496585042,1,29.095714773450577,-0.543446589368626
2023-08-02,55537.98909000398,-0.002287571697764057,1,29.095714773450577,-0.544490988029304
2023-08-03,56247.44802745096,0.01277430006148128,1,29.095714773450577,-0.5386721792296815
2023-08-04,54573.84982729219,-0.029754206792492854,1,29.095714773450577,-0.5523986226080115
2023-08-07,54919.48518105105,0.006333351135253906,1,29.095714773450577,-0.5495638059163648
2023-08-08,54974.05681026271,0.0009936660737395187,1,29.095714773450577,-0.5491162227519195
2023-08-09,55410.647192515615,0.00794175303015665,1,29.095714773450577,-0.5455354151477111
2023-08-10,55719.89914699208,0.005581092626512962,1,29.095714773450577,-0.5429990062041807
2023-08-11,55592.560719215646,-0.0022853312681078153,1,29.095714773450577,-0.5440434048648586
2023-08-14,55738.09084663328,0.002617798596338705,1,29.095714773450577,-0.5428498023301225
2023-08-15,56138.301299315724,0.007180196641173975,1,29.095714773450577,-0.5395673740163012
2023-08-16,57375.309117221586,0.02203500621278942,1,29.295358112880162,-0.5294217382421795
2023-08-17,57193.39559052156,-0.0031705890477794485,1,29.295358112880162,-0.5309137485250319
2023-08-18,57338.92571793919,0.00254452679221151,1,29.389643601008824,-0.5297201459902958
2023-08-21,56938.71526525675,-0.006979734057996678,1,29.389643601008824,-0.5330025743041171
2023-08-22,55683.51921742162,-0.022044685096733074,1,29.389643601008824,-0.5432973854945677
2023-08-23,56671.67000045625,0.017745839288215715,0,,-0.5351928142950465
2023-08-24,56446.503272982496,-0.003973179676405203,1,29.93999855858939,-0.5370395767587366
2023-08-25,56060.72531426539,-0.0068343995880741915,1,29.93999855858939,-0.5402036332846313
2023-08-28,56692.00472279525,0.011260635765788507,1,30.108572823660715,-0.5350260338726166
2023-08-29,56814.752103086365,0.0021651621051559378,1,30.187500953674316,-0.5340192898612737
2023-08-30,57200.52671718821,0.0067900430754652685,1,30.468212332044327,-0.5308552607670958
2023-08-31,56008.12120534935,-0.020846058249329946,1,30.468212332044327,-0.5406350793285115
2023-09-01,57218.06587964724,0.02160302199500186,1,30.468212332044327,-0.5307114088435131
2023-09-04,56621.86145142018,-0.010419863360658144,1,30.468212332044327,-0.5356013318400794
2023-09-05,58515.68295393344,0.03344682520086528,1,31.314640726361954,-0.5200686707626199
2023-09-06,58778.7168769747,0.004495101308965799,1,31.518213885171072,-0.5179113308163512
2023-09-08,58568.29375208001,-0.003579920353401156,1,31.518213885171072,-0.519637169855306
2023-09-11,58515.68295393344,-0.000898281216271557,1,31.518213885171072,-0.5200686707626199
2023-09-12,58796.2493502032,0.004794721382481937,1,31.785355499812535,-0.5177675337562024
2023-09-13,57919.47852570638,-0.014912019630275886,1,31.785355499812535,-0.5249585937591863
2023-09-14,59392.45377843027,0.02543143153594074,1,32.280712604522705,-0.5128776107596361
2023-09-15,59427.5254141178,0.0005905065956421929,1,32.352498940059114,-0.5125899617759047
2023-09-18,59848.37835313771,0.007081784679527248,1,32.52464328493391,-0.5091382288345616
2023-09-19,59988.658206657325,0.0023439207106312754,1,32.59749862125942,-0.5079876877630698
2023-09-20,60128.94474940748,0.002338551101891184,1,32.64178603036063,-0.5068370918281441
2023-09-21,59199.56312676408,-0.015456476519198459,1,32.64178603036063,-0.514459652738442
2023-09-22,59673.020174700025,0.007997644288727734,1,32.64178603036063,-0.5105764737532186
2023-09-25,60058.8014780324,0.006464920029235266,1,32.72321374075754,-0.5074123897956069
2023-09-26,58673.50196991209,-0.023065720161382308,1,32.72321374075754,-0.5187742777675455
2023-09-27,60532.25852596835,0.031679659363258006,1,32.993213517325266,-0.5035292108103836
2023-09-28,60409.511145677236,-0.0020278010977973215,1,32.993213517325266,-0.5045359548217265
2023-09-29,60742.681650863036,0.005515199492052814,1,33.11321176801409,-0.501803371771429
2023-10-02,59830.83919067868,-0.01501156082349886,1,33.11321176801409,-0.5092820807581442
2023-10-03,59567.81195686795,-0.004396181590775816,1,33.11321176801409,-0.511439365840979
2023-10-04,57978.29787320852,-0.02668411062018472,0,,-0.5244761718475459
2023-10-05,57978.29787320852,0.0,0,,-0.5244761718475459
2023-10-06,57978.29787320852,0.0,0,,-0.5244761718475459
2023-10-09,59247.62824613023,0.021893198308401196,1,32.90714250292097,-0.5140654343774342
2023-10-10,59688.38027939347,0.007439150668314243,1,33.167141505650115,-0.5104504939288261
2023-10-11,59535.81102427984,-0.002556096419428111,1,33.167141505650115,-0.5117018296684275
2023-10-13,61502.255608679334,0.033029609416046046,1,34.07464122772217,-0.4955735318238057
2023-10-16,62180.34262401035,0.011025400753518433,1,34.39607157026018,-0.49001202786148124
2023-10-17,63858.597963543194,0.026990126922922464,1,35.341427258082796,-0.47624738776429876
2023-10-18,65299.53125444234,0.022564436690604817,1,36.21285792759487,-0.46442920510396746
2023-10-19,64994.39274421509,-0.004672905063257904,1,36.21285792759487,-0.46693187658317015
2023-10-20,64163.73647377045,-0.012780429747434985,1,36.21285792759487,-0.47374471628509596
2023-10-23,61296.355036976456,-0.04468850466596741,0,,-0.4972622779868795
2023-10-24,61296.355036976456,0.0,0,,-0.4972622779868795
2023-10-25,61296.355036976456,0.0,0,,-0.4972622779868795
2023-10-26,61296.355036976456,0.0,0,,-0.4972622779868795
2023-10-27,61296.355036976456,0.0,0,,-0.4972622779868795
2023-10-30,61296.355036976456,0.0,0,,-0.4972622779868795
2023-10-31,61296.355036976456,0.0,0,,-0.4972622779868795
2023-11-01,61296.355036976456,0.0,0,,-0.4972622779868795
2023-11-03,61296.355036976456,0.0,0,,-0.4972622779868795
2023-11-06,61296.355036976456,0.0,0,,-0.4972622779868795
2023-11-07,61296.355036976456,0.0,0,,-0.4972622779868795
2023-11-08,61296.355036976456,0.0,0,,-0.4972622779868795
2023-11-09,61296.355036976456,0.0,0,,-0.4972622779868795
2023-11-10,61296.355036976456,0.0,0,,-0.4972622779868795
2023-11-13,61296.355036976456,0.0,0,,-0.4972622779868795
2023-11-14,61296.355036976456,0.0,0,,-0.4972622779868795
2023-11-16,61296.355036976456,0.0,0,,-0.4972622779868795
2023-11-17,61296.355036976456,0.0,0,,-0.4972622779868795
2023-11-20,61296.355036976456,0.0,0,,-0.4972622779868795
2023-11-21,61296.355036976456,0.0,0,,-0.4972622779868795
2023-11-22,61296.355036976456,0.0,0,,-0.4972622779868795
2023-11-23,61296.355036976456,0.0,0,,-0.4972622779868795
2023-11-24,61296.355036976456,0.0,0,,-0.4972622779868795
2023-11-27,61296.355036976456,0.0,0,,-0.4972622779868795
2023-11-28,61296.355036976456,0.0,0,,-0.4972622779868795
2023-11-29,60062.2872963031,-0.02013280789581895,1,33.51249967302595,-0.5073837999661512
2023-11-30,61221.5939730482,0.019301740392035693,1,33.559998512268066,-0.49787544996018684
2023-12-01,60812.42423274247,-0.006683421873756812,1,33.559998512268066,-0.5012313601612732
2023-12-04,59516.731978250384,-0.021306373999056327,1,33.559998512268066,-0.5118583113406777
2023-12-05,59444.477070039145,-0.0012140268090936601,0,,-0.5124509284373464
2023-12-06,59444.477070039145,0.0,0,,-0.5124509284373464
2023-12-07,59444.477070039145,0.0,0,,-0.5124509284373464
2023-12-08,59444.477070039145,0.0,0,,-0.5124509284373464
2023-12-11,59444.477070039145,0.0,0,,-0.5124509284373464
2023-12-12,59444.477070039145,0.0,0,,-0.5124509284373464
2023-12-13,59444.477070039145,0.0,0,,-0.5124509284373464
2023-12-14,59444.477070039145,0.0,0,,-0.5124509284373464
2023-12-15,59444.477070039145,0.0,0,,-0.5124509284373464
2023-12-18,59444.477070039145,0.0,0,,-0.5124509284373464
2023-12-19,59444.477070039145,0.0,0,,-0.5124509284373464
2023-12-20,59444.477070039145,0.0,0,,-0.5124509284373464
2023-12-21,58902.22730566474,-0.009121953646518133,1,34.719999177115305,-0.5168983284685438
2023-12-22,59468.75422842545,0.009618089988699507,1,34.834645543779644,-0.5122518131180631
2023-12-26,60423.75075716941,0.0160587949274289,1,35.39964580535889,-0.5044191650087009
2023-12-27,60472.30791426405,0.0008036104426847324,1,35.60821601322719,-0.5040209110745075
2023-12-28,60278.07311127243,-0.003211962792407319,1,35.63464559827532,-0.5056139774539483
2024-01-02,61152.132812041236,0.01450045855240445,1,36.258572169712615,-0.4984451534251312
2024-01-03,63062.12586952915,0.031233465942365646,1,37.26000036512102,-0.4827798572064066
2024-01-04,62527.97861764893,-0.008470175156881421,1,37.26000036512102,-0.4871608024105356
2024-01-05,62673.656263545905,0.002329799381294295,1,37.26000036512102,-0.48596598996528817
2024-01-08,62204.24982958753,-0.007489692830182082,1,37.26000036512102,-0.48981594680471496
2024-01-09,61670.096403094256,-0.008587088952227817,1,37.26000036512102,-0.49419694265151104
2024-01-10,61103.575654946595,-0.009186312024627163,1,37.26000036512102,-0.49884340735932464
2024-01-11,61621.539245999615,0.008476813107926251,1,37.26000036512102,-0.4945951965857044
2024-01-12,61783.40055272379,0.00262670015557398,1,37.26000036512102,-0.4932676497099483
2024-01-15,62447.047964286845,0.010741516420688546,1,37.26000036512102,-0.48782457584841366
2024-01-16,61670.096403094256,-0.01244176604852365,1,37.26000036512102,-0.49419694265151104
2024-01-17,61314.00029337847,-0.005774210362640475,1,37.26000036512102,-0.4971175559067079
2024-01-18,61071.20215867915,-0.003959913454310016,1,37.26000036512102,-0.49910892686300923
2024-01-19,60219.97807514411,-0.0139382238018394,0,,-0.5060904587407361
2024-01-22,60219.97807514411,0.0,0,,-0.5060904587407361
2024-01-23,60219.97807514411,0.0,0,,-0.5060904587407361
2024-01-24,60219.97807514411,0.0,0,,-0.5060904587407361
2024-01-25,60219.97807514411,0.0,0,,-0.5060904587407361
2024-01-26,60219.97807514411,0.0,0,,-0.5060904587407361
2024-01-29,60219.97807514411,0.0,0,,-0.5060904587407361
2024-01-30,60219.97807514411,0.0,0,,-0.5060904587407361
2024-01-31,60219.97807514411,0.0,0,,-0.5060904587407361
2024-02-01,60219.97807514411,0.0,0,,-0.5060904587407361
2024-02-02,60219.97807514411,0.0,0,,-0.5060904587407361
2024-02-05,60219.97807514411,0.0,0,,-0.5060904587407361
2024-02-06,60219.97807514411,0.0,0,,-0.5060904587407361
2024-02-07,60219.97807514411,0.0,0,,-0.5060904587407361
2024-02-08,60219.97807514411,0.0,0,,-0.5060904587407361
2024-02-09,60219.97807514411,0.0,0,,-0.5060904587407361
2024-02-14,60219.97807514411,0.0,0,,-0.5060904587407361
2024-02-15,60219.97807514411,0.0,0,,-0.5060904587407361
2024-02-16,60219.97807514411,0.0,0,,-0.5060904587407361
2024-02-19,60219.97807514411,0.0,0,,-0.5060904587407361
2024-02-20,60219.97807514411,0.0,0,,-0.5060904587407361
2024-02-21,60219.97807514411,0.0,0,,-0.5060904587407361
2024-02-22,60219.97807514411,0.0,0,,-0.5060904587407361
2024-02-23,60219.97807514411,0.0,0,,-0.5060904587407361
2024-02-26,60219.97807514411,0.0,0,,-0.5060904587407361
2024-02-27,60219.97807514411,0.0,0,,-0.5060904587407361
2024-02-28,60219.97807514411,0.0,0,,-0.5060904587407361
2024-02-29,60219.97807514411,0.0,0,,-0.5060904587407361
2024-03-01,60219.97807514411,0.0,0,,-0.5060904587407361
2024-03-04,60219.97807514411,0.0,0,,-0.5060904587407361
2024-03-05,60219.97807514411,0.0,0,,-0.5060904587407361
2024-03-06,60219.97807514411,0.0,0,,-0.5060904587407361
2024-03-07,60219.97807514411,0.0,0,,-0.5060904587407361
2024-03-08,60219.97807514411,0.0,0,,-0.5060904587407361
2024-03-11,60219.97807514411,0.0,0,,-0.5060904587407361
2024-03-12,60219.97807514411,0.0,0,,-0.5060904587407361
2024-03-13,60219.97807514411,0.0,0,,-0.5060904587407361
2024-03-14,60219.97807514411,0.0,0,,-0.5060904587407361
2024-03-15,60219.97807514411,0.0,0,,-0.5060904587407361
2024-03-18,60219.97807514411,0.0,0,,-0.5060904587407361
2024-03-19,60219.97807514411,0.0,0,,-0.5060904587407361
2024-03-20,60219.97807514411,0.0,0,,-0.5060904587407361
2024-03-21,60219.97807514411,0.0,0,,-0.5060904587407361
2024-03-22,60219.97807514411,0.0,0,,-0.5060904587407361
2024-03-25,60219.97807514411,0.0,0,,-0.5060904587407361
2024-03-26,60219.97807514411,0.0,0,,-0.5060904587407361
2024-03-27,60219.97807514411,0.0,0,,-0.5060904587407361
2024-03-28,60219.97807514411,0.0,0,,-0.5060904587407361
2024-04-01,60219.97807514411,0.0,0,,-0.5060904587407361
2024-04-02,60219.97807514411,0.0,0,,-0.5060904587407361
2024-04-03,60219.97807514411,0.0,0,,-0.5060904587407361
2024-04-04,60219.97807514411,0.0,0,,-0.5060904587407361
2024-04-05,60219.97807514411,0.0,0,,-0.5060904587407361
2024-04-08,60219.97807514411,0.0,0,,-0.5060904587407361
2024-04-09,59867.00237040306,-0.005861438612624448,1,36.34107262747629,-0.5089854791970168
2024-04-10,61196.350658215924,0.022205025058513073,1,37.043571199689595,-0.49808248945849276
2024-04-11,60748.080952496945,-0.007325105188421888,1,37.043571199689595,-0.5017590880191201
2024-04-12,60191.60902768424,-0.009160321051916887,1,37.043571199689595,-0.5063231347340649
2024-04-15,60763.54178184102,0.009501868506185396,1,37.043571199689595,-0.501632282075762
2024-04-16,61041.777744247374,0.004578995138323272,1,37.043571199689595,-0.49935025871828964
2024-04-17,61490.04155338766,0.007343557571642512,1,37.21392890385219,-0.4956737085199595
2024-04-18,61598.243772481386,0.001759670612676123,1,37.30357156481062,-0.4947862603656422
2024-04-19,62649.3560978879,0.017063998273861403,1,37.85321480887277,-0.4861652939845904
2024-04-22,64148.7381290134,0.02393292005719516,1,38.810716084071565,-0.4738677290429113
2024-04-23,64025.075080575596,-0.0019277549651732784,1,38.810716084071565,-0.4748819831405867
2024-04-24,63731.38418540387,-0.004587123010822203,1,38.810716084071565,-0.47729076407911986
2024-04-25,65261.681978638815,0.024011682984682814,1,39.77893080030169,-0.4647396356130219
2024-04-26,64380.603396544924,-0.013500702945141385,1,39.77893080030169,-0.4719660267909186
2024-04-29,65153.47975954509,0.0120048014809635,1,39.78571619306292,-0.4656270837673392
2024-04-30,64952.530254123005,-0.0030842482422075435,1,39.78571619306292,-0.46727522249491316
2024-05-02,65199.85045441991,0.003807706941196587,1,39.905000005449565,-0.4652467626618596
2024-05-03,61590.73764565736,-0.055354617895720715,0,,-0.494847823783212
2024-05-06,61590.73764565736,0.0,0,,-0.494847823783212
2024-05-07,61590.73764565736,0.0,0,,-0.494847823783212
2024-05-08,61590.73764565736,0.0,0,,-0.494847823783212
2024-05-09,61590.73764565736,0.0,0,,-0.494847823783212
2024-05-10,61590.73764565736,0.0,0,,-0.494847823783212
2024-05-13,61590.73764565736,0.0,0,,-0.494847823783212
2024-05-14,61590.73764565736,0.0,0,,-0.494847823783212
2024-05-15,61590.73764565736,0.0,0,,-0.494847823783212
2024-05-16,61590.73764565736,0.0,0,,-0.494847823783212
2024-05-17,61590.73764565736,0.0,0,,-0.494847823783212
2024-05-20,61590.73764565736,0.0,0,,-0.494847823783212
2024-05-21,61590.73764565736,0.0,0,,-0.494847823783212
2024-05-22,61590.73764565736,0.0,0,,-0.494847823783212
2024-05-23,61590.73764565736,0.0,0,,-0.494847823783212
2024-05-24,61590.73764565736,0.0,0,,-0.494847823783212
2024-05-27,61590.73764565736,0.0,0,,-0.494847823783212
2024-05-28,61590.73764565736,0.0,0,,-0.494847823783212
2024-05-29,61590.73764565736,0.0,0,,-0.494847823783212
2024-05-31,61590.73764565736,0.0,0,,-0.494847823783212
2024-06-03,61590.73764565736,0.0,0,,-0.494847823783212
2024-06-04,61590.73764565736,0.0,0,,-0.494847823783212
2024-06-05,61590.73764565736,0.0,0,,-0.494847823783212
2024-06-06,61590.73764565736,0.0,0,,-0.494847823783212
2024-06-07,61590.73764565736,0.0,0,,-0.494847823783212
2024-06-10,61590.73764565736,0.0,0,,-0.494847823783212
2024-06-11,61590.73764565736,0.0,0,,-0.494847823783212
2024-06-12,61590.73764565736,0.0,0,,-0.494847823783212
2024-06-13,61590.73764565736,0.0,0,,-0.494847823783212
2024-06-14,61590.73764565736,0.0,0,,-0.494847823783212
2024-06-17,61590.73764565736,0.0,0,,-0.494847823783212
2024-06-18,61590.73764565736,0.0,0,,-0.494847823783212
2024-06-19,61590.73764565736,0.0,0,,-0.494847823783212
2024-06-20,61590.73764565736,0.0,0,,-0.494847823783212
2024-06-21,61590.73764565736,0.0,0,,-0.494847823783212
2024-06-24,61590.73764565736,0.0,0,,-0.494847823783212
2024-06-25,61465.291584871644,-0.0020367682801175624,1,34.601785114833284,-0.49587670171236276
2024-06-26,61564.88656263024,0.001620344997812051,1,34.66142899649484,-0.495059848047702
2024-06-27,62168.63936252404,0.009806771905274125,0,,-0.4901080151516912
2024-06-28,62168.63936252404,0.0,0,,-0.4901080151516912
2024-07-01,62168.63936252404,0.0,0,,-0.4901080151516912
2024-07-02,61563.95292733701,-0.009726550900702735,1,36.613931792122976,-0.49506750549617873
2024-07-03,60492.861326917824,-0.017398031631974398,1,36.613931792122976,-0.5038523370075678
2024-07-04,60497.89926159692,8.32814743523258e-05,0,,-0.5038110170986975
2024-07-05,60497.89926159692,0.0,0,,-0.5038110170986975
2024-07-08,61954.53865460193,0.024077520224403237,1,36.69357027326311,-0.49186401682776526
2024-07-09,61938.42415356031,-0.000260102026285125,1,36.705000332423616,-0.4919961840266167
2024-07-10,61358.203744441744,-0.009367697306603362,1,36.705000332423616,-0.4967550100052548
2024-07-11,61777.25455023905,0.006829580727993001,1,36.708572251456125,-0.4933180577201277
2024-07-12,61487.144345679764,-0.0046960682644671126,1,36.708572251456125,-0.4956974707094468
2024-07-15,62051.244105530444,0.00917427156283801,1,36.876785687037874,-0.49107086235590924
2024-07-16,61890.07450220918,-0.0025973629641843354,1,36.876785687037874,-0.49239273604942024
2024-07-17,62212.4137088517,0.005208253653516293,1,37.073212896074565,-0.48974898866239824
2024-07-18,62099.59375688157,-0.0018134636681694793,1,37.073212896074565,-0.4906743103331057
2024-07-19,62357.468811131344,0.004152604528450565,1,37.24892657143729,-0.4885592821677387
2024-07-22,61116.443191233586,-0.01990179594454966,1,37.24892657143729,-0.49873787097177036
2024-07-23,60326.70352744263,-0.012921885217041407,1,37.24892657143729,-0.505215122666723
2024-07-24,60810.218485632686,0.00801494081257248,1,37.24892657143729,-0.5012494511599409
2024-07-25,60729.63368397205,-0.001325185201886292,1,37.24892657143729,-0.5019103880066964
2024-07-26,60622.44276515211,-0.0017650512989711986,0,,-0.5027895417233492
2024-07-29,60622.44276515211,0.0,0,,-0.5027895417233492
2024-07-30,60622.44276515211,0.0,0,,-0.5027895417233492
2024-07-31,60622.44276515211,0.0,0,,-0.5027895417233492
2024-08-01,60622.44276515211,0.0,0,,-0.5027895417233492
2024-08-02,60622.44276515211,0.0,0,,-0.5027895417233492
2024-08-05,60622.44276515211,0.0,0,,-0.5027895417233492
2024-08-06,60622.44276515211,0.0,0,,-0.5027895417233492
2024-08-07,60622.44276515211,0.0,0,,-0.5027895417233492
2024-08-08,60622.44276515211,0.0,0,,-0.5027895417233492
2024-08-09,60622.44276515211,0.0,0,,-0.5027895417233492
2024-08-12,60622.44276515211,0.0,0,,-0.5027895417233492
2024-08-13,60622.44276515211,0.0,0,,-0.5027895417233492
2024-08-14,60622.44276515211,0.0,0,,-0.5027895417233492
2024-08-15,60622.44276515211,0.0,0,,-0.5027895417233492
2024-08-16,60622.44276515211,0.0,0,,-0.5027895417233492
2024-08-19,60622.44276515211,0.0,0,,-0.5027895417233492
2024-08-20,60201.47412593262,-0.006944105516339949,1,36.169641630990164,-0.50624222360945
2024-08-21,59839.85722439576,-0.00600677818586981,1,36.169641630990164,-0.5092081170497764
2024-08-22,58361.93789032534,-0.024697908762187026,1,36.169641630990164,-0.5213296501961029
2024-08-23,58666.86802134219,0.005224811615917924,0,,-0.5188286877922521
2024-08-26,58666.86802134219,0.0,0,,-0.5188286877922521
2024-08-27,58265.5845852704,-0.006840035093160446,1,36.76964092254639,-0.522119916453575
2024-08-28,59101.357750040275,0.014344199422675397,1,37.09106799534389,-0.5152651092350604
2024-08-29,58698.398941756335,-0.006818097309848392,1,37.09106799534389,-0.5185700788897746
2024-08-30,58758.09295832727,0.001016961580675435,1,37.10213960920061,-0.5180804831562178
2024-09-02,58205.88487542178,-0.009397991920825688,1,37.10213960920061,-0.5226095588820039
2024-09-03,57504.427517894765,-0.012051313351362114,1,37.10213960920061,-0.5283627406788618
2024-09-04,57519.355291995766,0.00025959347384785225,1,37.10213960920061,-0.5282403067243187
2024-09-05,57161.162726181756,-0.006227339718876457,1,37.10213960920061,-0.5311781146000192
2024-09-06,56041.818786269796,-0.01958224582088952,1,37.10213960920061,-0.5403587000061345
2024-09-09,56653.726579023896,0.010918771124966087,1,37.10213960920061,-0.5353399818519197
2024-09-10,55290.34672884282,-0.024065139797632806,0,,-0.5465220901470238
2024-09-11,55290.34672884282,0.0,0,,-0.5465220901470238
2024-09-12,55290.34672884282,0.0,0,,-0.5465220901470238
2024-09-13,55290.34672884282,0.0,0,,-0.5465220901470238
2024-09-16,55290.34672884282,0.0,0,,-0.5465220901470238
2024-09-17,55290.34672884282,0.0,0,,-0.5465220901470238
2024-09-18,55290.34672884282,0.0,0,,-0.5465220901470238
2024-09-19,55290.34672884282,0.0,0,,-0.5465220901470238
2024-09-20,55290.34672884282,0.0,0,,-0.5465220901470238
2024-09-23,55290.34672884282,0.0,0,,-0.5465220901470238
2024-09-24,55290.34672884282,0.0,0,,-0.5465220901470238
2024-09-25,55290.34672884282,0.0,0,,-0.5465220901470238
2024-09-26,55290.34672884282,0.0,0,,-0.5465220901470238
2024-09-27,55290.34672884282,0.0,0,,-0.5465220901470238
2024-09-30,55290.34672884282,0.0,0,,-0.5465220901470238
2024-10-01,55290.34672884282,0.0,0,,-0.5465220901470238
2024-10-02,55290.34672884282,0.0,0,,-0.5465220901470238
2024-10-03,55290.34672884282,0.0,0,,-0.5465220901470238
2024-10-04,55290.34672884282,0.0,0,,-0.5465220901470238
2024-10-07,55686.462259037435,0.007164280089203556,1,36.51999882289341,-0.5432732473865705
2024-10-08,54568.95893288887,-0.020067773760708008,1,36.51999882289341,-0.5524387365284796
2024-10-09,54017.468098902595,-0.010106310341462033,1,36.51999882289341,-0.5569619295539396
2024-10-10,54197.28487588104,0.003328863482627842,0,,-0.5554871162998178
2024-10-11,54144.89653509583,-0.0009666229757668843,1,35.81106948852539,-0.555916792666227
2024-10-14,54274.430003686226,0.002392348621562679,1,35.92428343636649,-0.5548543908173028
2024-10-15,53828.263437690795,-0.008220566590291689,1,35.92428343636649,-0.5585137399399651
2024-10-16,53554.80084270285,-0.005080278974715524,1,35.92428343636649,-0.5607566133045739
2024-10-17,53151.81026945929,-0.007524826288257347,1,35.92428343636649,-0.5640618434877229
2024-10-18,53007.88663339653,-0.0027077842755143244,1,35.92428343636649,-0.5652422699730235
2024-10-21,52173.11417129511,-0.015748080429516476,1,35.92428343636649,-0.5720888696728423
2024-10-22,52023.000624733824,-0.002877220364274735,0,,-0.5733200642911195
2024-10-23,52023.000624733824,0.0,0,,-0.5733200642911195
2024-10-24,52023.000624733824,0.0,0,,-0.5733200642911195
2024-10-25,52023.000624733824,0.0,0,,-0.5733200642911195
2024-10-28,52823.27316828702,0.015383052379579931,1,34.69178485870361,-0.566756424490794
2024-10-29,52706.17816806819,-0.002216731247338344,1,34.69178485870361,-0.5677168090623339
2024-10-30,52787.88023016811,0.001550142031535584,0,,-0.5670467087185351
2024-10-31,52787.88023016811,0.0,0,,-0.5670467087185351
2024-11-01,52787.88023016811,0.0,0,,-0.5670467087185351
2024-11-04,52787.88023016811,0.0,0,,-0.5670467087185351
2024-11-05,52787.88023016811,0.0,0,,-0.5670467087185351
2024-11-06,52787.88023016811,0.0,0,,-0.5670467087185351
2024-11-07,52787.88023016811,0.0,0,,-0.5670467087185351
2024-11-08,52787.88023016811,0.0,0,,-0.5670467087185351
2024-11-11,52787.88023016811,0.0,0,,-0.5670467087185351
2024-11-12,52787.88023016811,0.0,0,,-0.5670467087185351
2024-11-13,52787.88023016811,0.0,0,,-0.5670467087185351
2024-11-14,52787.88023016811,0.0,0,,-0.5670467087185351
2024-11-18,54125.72065852266,0.025343704322303484,1,36.57321630205427,-0.5560740685189295
2024-11-19,53558.95703495465,-0.010471243923821372,1,36.57321630205427,-0.5607225252315775
2024-11-21,53714.817301688774,0.0029100691156551672,1,36.57321630205427,-0.5594441974190508
2024-11-22,55854.33944079397,0.039831134993694395,1,37.509284428187776,-0.5418963597741937
2024-11-25,55514.285590699954,-0.006088226152141218,1,37.509284428187776,-0.5446853983370075
2024-11-26,55443.44148901857,-0.001276141824173127,1,37.509284428187776,-0.5452664443433464
2024-11-27,55245.07584228732,-0.003577801835597527,1,37.509284428187776,-0.5468933908934825
2024-11-28,54678.3122187193,-0.010259079473182497,1,37.509284428187776,-0.5515418476061306
2024-11-29,55117.55429723744,0.008033204769765323,1,37.509284428187776,-0.5479392914372799
2024-12-02,55471.780210702826,0.006426734966415992,1,37.509284428187776,-0.5450340170746171
2024-12-03,55967.69432753097,0.008939935133584598,1,37.59464318411691,-0.5409666506992766
2024-12-04,55613.46841406558,-0.006329113924050667,1,37.59464318411691,-0.5438719250619395
2024-12-05,56166.05997426222,0.009936290182125829,1,37.72035653250558,-0.5393397041491406
2024-12-06,55301.74788059732,-0.01538851210252179,1,37.72035653250558,-0.5464285806869927
2024-12-09,56732.82359783024,0.025877585647433365,1,38.065000670296804,-0.5346912474364924
2024-12-10,56945.35590287438,0.003746196497300014,1,38.261426653180806,-0.532948109417476
2024-12-11,57512.11952644239,0.009952762865064635,1,38.620357513427734,-0.528299652704828
2024-12-12,54639.24368570355,-0.0499525293867491,0,,-0.5518622781648299
2024-12-13,54639.24368570355,0.0,0,,-0.5518622781648299
2024-12-16,54639.24368570355,0.0,0,,-0.5518622781648299
2024-12-17,54639.24368570355,0.0,0,,-0.5518622781648299
2024-12-18,54639.24368570355,0.0,0,,-0.5518622781648299
2024-12-19,54639.24368570355,0.0,0,,-0.5518622781648299
2024-12-20,54639.24368570355,0.0,0,,-0.5518622781648299
2024-12-23,54639.24368570355,0.0,0,,-0.5518622781648299
2024-12-26,54639.24368570355,0.0,0,,-0.5518622781648299
2024-12-27,54639.24368570355,0.0,0,,-0.5518622781648299
2024-12-30,54639.24368570355,0.0,0,,-0.5518622781648299
2025-01-02,54639.24368570355,0.0,0,,-0.5518622781648299
2025-01-03,54639.24368570355,0.0,0,,-0.5518622781648299
2025-01-06,54639.24368570355,0.0,0,,-0.5518622781648299
2025-01-07,54639.24368570355,0.0,0,,-0.5518622781648299
2025-01-08,54639.24368570355,0.0,0,,-0.5518622781648299
2025-01-09,54639.24368570355,0.0,0,,-0.5518622781648299
2025-01-10,54639.24368570355,0.0,0,,-0.5518622781648299
2025-01-13,54639.24368570355,0.0,0,,-0.5518622781648299
2025-01-14,54639.24368570355,0.0,0,,-0.5518622781648299
2025-01-15,54639.24368570355,0.0,0,,-0.5518622781648299
2025-01-16,54639.24368570355,0.0,0,,-0.5518622781648299
2025-01-17,54639.24368570355,0.0,0,,-0.5518622781648299
2025-01-20,54639.24368570355,0.0,0,,-0.5518622781648299
2025-01-21,54639.24368570355,0.0,0,,-0.5518622781648299
2025-01-22,54639.24368570355,0.0,0,,-0.5518622781648299
2025-01-23,54639.24368570355,0.0,0,,-0.5518622781648299
2025-01-24,54639.24368570355,0.0,0,,-0.5518622781648299
2025-01-27,54639.24368570355,0.0,0,,-0.5518622781648299
2025-01-28,54163.5432850778,-0.008706203976066695,1,35.97500160762242,-0.5557638565804968
2025-01-29,53828.03049749097,-0.006194439418797604,1,35.97500160762242,-0.5585156504585491
2025-01-30,54542.816916569944,0.013279074349790587,1,35.97500160762242,-0.5526531469567193
2025-01-31,54980.44204973949,0.008023515430802597,1,36.129284041268484,-0.5490638525784055
2025-02-03,54703.28076383005,-0.005041088714032083,1,36.129284041268484,-0.5513370617019215
2025-02-04,54163.5432850778,-0.009866638183593679,1,36.129284041268484,-0.5557638565804968
2025-02-05,53769.67899581356,-0.007271760032227181,1,36.129284041268484,-0.5589942352130854
2025-02-06,53667.56665023085,-0.0018990692801171827,1,36.129284041268484,-0.5598317357133469
2025-02-07,53689.02447731984,0.0003998285822950365,0,,-0.5596557438602658
2025-02-10,53689.02447731984,0.0,0,,-0.5596557438602658
2025-02-11,53689.02447731984,0.0,0,,-0.5596557438602658
2025-02-12,53067.40193673781,-0.011578205166395295,1,35.135716574532644,-0.5647541400016953
2025-02-13,52870.96182885821,-0.003701709537500597,0,,-0.5663652937528088
2025-02-14,52870.96182885821,0.0,0,,-0.5663652937528088
2025-02-17,52833.848790551136,-0.0007019550434359534,1,36.13428347451346,-0.5666696858218678
2025-02-18,53801.60792053225,0.018317028801320134,1,36.78857217516218,-0.5587323619765818
2025-02-19,53913.808698478046,0.0020854539907342318,1,36.854284150259836,-0.5578121186198841
2025-02-20,53997.96329464939,0.0015609098708271318,1,37.06785706111363,-0.5571219031910777
2025-02-21,53843.68254347659,-0.00285715871043013,1,37.06785706111363,-0.5583872762030341
2025-02-24,53464.99488612955,-0.007033093567500148,1,37.06785706111363,-0.5614931798100967
2025-02-25,53226.564889068075,-0.004459553350174006,1,37.06785706111363,-0.5634487243691487
2025-02-26,53226.564889068075,0.0,1,37.06785706111363,-0.5634487243691487
2025-02-27,50920.02413983549,-0.04333439052547816,0,,-0.5823664078317317
2025-02-28,50920.02413983549,0.0,0,,-0.5823664078317317
2025-03-05,50920.02413983549,0.0,0,,-0.5823664078317317
2025-03-06,50920.02413983549,0.0,0,,-0.5823664078317317
2025-03-07,50920.02413983549,0.0,0,,-0.5823664078317317
2025-03-10,50920.02413983549,0.0,0,,-0.5823664078317317
2025-03-11,50920.02413983549,0.0,0,,-0.5823664078317317
2025-03-12,50920.02413983549,0.0,0,,-0.5823664078317317
2025-03-13,50920.02413983549,0.0,0,,-0.5823664078317317
2025-03-14,50920.02413983549,0.0,0,,-0.5823664078317317
2025-03-17,50920.02413983549,0.0,0,,-0.5823664078317317
2025-03-18,50920.02413983549,0.0,0,,-0.5823664078317317
2025-03-19,50920.02413983549,0.0,0,,-0.5823664078317317
2025-03-20,50920.02413983549,0.0,0,,-0.5823664078317317
2025-03-21,50920.02413983549,0.0,0,,-0.5823664078317317
2025-03-24,50920.02413983549,0.0,0,,-0.5823664078317317
2025-03-25,50920.02413983549,0.0,0,,-0.5823664078317317
2025-03-26,50920.02413983549,0.0,0,,-0.5823664078317317
2025-03-27,50920.02413983549,0.0,0,,-0.5823664078317317
2025-03-28,50920.02413983549,0.0,0,,-0.5823664078317317
2025-03-31,50920.02413983549,0.0,0,,-0.5823664078317317
2025-04-01,50843.75850208236,-0.0014977533699452872,1,35.61071300506592,-0.5829919199518041
2025-04-02,50707.450234715485,-0.0026809242940073474,1,35.61071300506592,-0.5841098870444026
2025-04-03,48468.2749425394,-0.04415870413147094,0,,-0.6024750554936129
2025-04-04,48468.2749425394,0.0,0,,-0.6024750554936129
2025-04-07,48468.2749425394,0.0,0,,-0.6024750554936129
2025-04-08,48468.2749425394,0.0,0,,-0.6024750554936129
2025-04-09,48468.2749425394,0.0,0,,-0.6024750554936129
2025-04-10,48468.2749425394,0.0,0,,-0.6024750554936129
2025-04-11,48468.2749425394,0.0,0,,-0.6024750554936129
2025-04-14,48468.2749425394,0.0,0,,-0.6024750554936129
2025-04-15,48468.2749425394,0.0,0,,-0.6024750554936129
2025-04-16,48468.2749425394,0.0,0,,-0.6024750554936129
2025-04-17,48468.2749425394,0.0,0,,-0.6024750554936129
2025-04-22,48468.2749425394,0.0,0,,-0.6024750554936129
2025-04-23,48468.2749425394,0.0,0,,-0.6024750554936129
2025-04-24,48468.2749425394,0.0,0,,-0.6024750554936129
2025-04-25,48468.2749425394,0.0,0,,-0.6024750554936129
2025-04-28,48468.2749425394,0.0,0,,-0.6024750554936129
2025-04-29,48468.2749425394,0.0,0,,-0.6024750554936129
2025-04-30,48468.2749425394,0.0,0,,-0.6024750554936129
2025-05-02,48468.2749425394,0.0,0,,-0.6024750554936129
2025-05-05,48468.2749425394,0.0,0,,-0.6024750554936129
2025-05-06,48468.2749425394,0.0,0,,-0.6024750554936129
2025-05-07,48468.2749425394,0.0,0,,-0.6024750554936129
2025-05-08,48468.2749425394,0.0,0,,-0.6024750554936129
2025-05-09,48468.2749425394,0.0,0,,-0.6024750554936129
2025-05-12,48468.2749425394,0.0,0,,-0.6024750554936129
2025-05-13,48468.2749425394,0.0,0,,-0.6024750554936129
2025-05-14,48259.568335645294,-0.004306045699821848,1,30.104642936161586,-0.6041868160714765
2025-05-15,48199.07523386563,-0.0012534944647438762,1,30.114644050598145,-0.6046829657066036
2025-05-16,48425.929413602316,0.004706608552881297,1,30.27000059400286,-0.6028223631718985
2025-05-19,48365.433427215256,-0.0012492478124760398,1,30.27000059400286,-0.6033185364658705
2025-05-20,48562.04249836581,0.004065074108069888,1,30.418929985591344,-0.6017059969193066
2025-05-21,48017.59015931184,-0.011211479399209634,1,30.418929985591344,-0.6061714619296745
2025-05-22,47382.39672528468,-0.01322834885965185,1,30.418929985591344,-0.6113811632221555
2025-05-23,47488.26181685464,0.0022342705073310487,1,30.418929985591344,-0.6105128836165494
2025-05-26,47337.024735494386,-0.0031847255632038163,1,30.418929985591344,-0.6117532931926344
2025-05-27,47684.87088800519,0.007348289303235056,1,30.418929985591344,-0.6089003440699856
2025-05-28,47533.63380664494,-0.003171594649285181,1,30.418929985591344,-0.6101407536460706
2025-05-29,47246.28364052119,-0.006045196697829103,1,30.418929985591344,-0.6124975294747474
2025-05-30,46732.079294660754,-0.010883487678582715,1,30.418929985591344,-0.6167149078381293
2025-06-02,47004.30546418774,0.005825252666600056,1,30.418929985591344,-0.6144821753329455
2025-06-03,45121.682057693826,-0.04005214815753999,0,,-0.6299229923638827
2025-06-04,45121.682057693826,0.0,0,,-0.6299229923638827
2025-06-05,45121.682057693826,0.0,0,,-0.6299229923638827
2025-06-06,45121.682057693826,0.0,0,,-0.6299229923638827
2025-06-09,45121.682057693826,0.0,0,,-0.6299229923638827
2025-06-10,45121.682057693826,0.0,0,,-0.6299229923638827
2025-06-11,45121.682057693826,0.0,0,,-0.6299229923638827
2025-06-12,45121.682057693826,0.0,0,,-0.6299229923638827
2025-06-13,45121.682057693826,0.0,0,,-0.6299229923638827
2025-06-16,44610.90081160262,-0.011320084331920555,1,30.46392740522112,-0.6341122952996285
2025-06-17,45621.95135791944,0.022663755448171896,1,30.681069782802037,-0.6258199058388063
2025-06-18,45580.403000088925,-0.00091070979197172,1,30.681069782802037,-0.6261606753145198
2025-06-20,45455.75264323552,-0.0027347357339767564,1,30.681069782802037,-0.6271830270745029
2025-06-23,44320.0517400653,-0.02498475632080932,1,30.681069782802037,-0.6364977682953082
2025-06-24,43447.50188377238,-0.0196874737739563,1,30.681069782802037,-0.6436542089487689
2025-06-25,43225.899194725585,-0.005100470209762675,1,30.681069782802037,-0.6454717400404
2025-06-26,43354.67151560526,0.0029790547629691133,0,,-0.6444155809389602
2025-06-27,43041.499700735774,-0.00722348489612612,1,29.222142355782644,-0.6469841396193454
2025-06-30,42976.93745118467,-0.0015000000000000568,0,,-0.6475136634099165
2025-07-01,42967.146027244096,-0.00022782972732049434,1,29.556071213313512,-0.647593970275866
2025-07-02,43731.248250274075,0.017783406478649733,1,30.178570406777517,-0.6413269906037546
2025-07-03,43881.34073431393,0.003432156410923426,1,30.418928418840682,-0.6400959687351301
2025-07-04,43826.76070283793,-0.001243809568318932,1,30.57178395135062,-0.6405436208128938
2025-07-07,43744.89586066222,-0.0018679190718835503,1,30.601072447640554,-0.6412150562390877
2025-07-08,44372.55060752135,0.014348068146244009,1,31.118214334760392,-0.6360671854161598
2025-07-09,44099.65565517964,-0.00615008487466695,1,31.118214334760392,-0.6383054031145269
2025-07-10,43990.50079726593,-0.002475186173044097,1,31.118214334760392,-0.6392006645796026
2025-07-11,44522.6430915612,0.012096754632271445,1,31.39785725729806,-0.6348361635475355
2025-07-14,43935.92076578993,-0.01317806592399895,1,31.39785725729806,-0.6396483166573663
2025-07-15,43924.51504607003,-0.0002595989687048661,0,,-0.6397418635827332
2025-07-16,43924.51504607003,0.0,0,,-0.6397418635827332
2025-07-17,43924.51504607003,0.0,0,,-0.6397418635827332
2025-07-18,43924.51504607003,0.0,0,,-0.6397418635827332
2025-07-21,43924.51504607003,0.0,0,,-0.6397418635827332
2025-07-22,43924.51504607003,0.0,0,,-0.6397418635827332
2025-07-23,43924.51504607003,0.0,0,,-0.6397418635827332
2025-07-24,43872.46316934877,-0.0011850301970703914,1,30.504285063062394,-0.640168780353128
2025-07-25,43927.40540428267,0.0012523170792080318,1,30.560355186462402,-0.6397181575711319
2025-07-28,43982.35025913144,0.0012508103846127216,1,30.566427775791713,-0.6392675133012344
2025-07-29,44559.255515554316,0.013116744626513022,1,30.979283264705114,-0.6345358773947197
2025-07-30,45012.542708312074,0.010172683262168247,1,31.33607074192592,-0.63081812663177
2025-07-31,44833.974549968436,-0.0039670755660435875,1,31.33607074192592,-0.6322826990210353
2025-08-01,44243.33045991849,-0.013174029203939064,1,31.33607074192592,-0.6371270174829258
2025-08-04,44174.652011272396,-0.0015522893039960906,1,31.33607074192592,-0.6376903013323962
2025-08-05,44380.692597040426,0.004664226573091179,1,31.33607074192592,-0.6360004068081822
2025-08-06,44711.86115057698,0.007461996065348364,0,,-0.6332842432759964
2025-08-07,44494.435303122045,-0.004862822567879843,1,31.202498504093715,-0.6350675169337909
2025-08-08,42614.66635965378,-0.0422472817255054,0,,-0.6504849223566773
2025-08-11,42614.66635965378,0.0,0,,-0.6504849223566773
2025-08-12,42614.66635965378,0.0,0,,-0.6504849223566773
2025-08-13,42614.66635965378,0.0,0,,-0.6504849223566773
2025-08-14,42614.66635965378,0.0,0,,-0.6504849223566773
2025-08-15,42614.66635965378,0.0,0,,-0.6504849223566773
2025-08-18,42614.66635965378,0.0,0,,-0.6504849223566773
2025-08-19,42614.66635965378,0.0,0,,-0.6504849223566773
2025-08-20,42614.66635965378,0.0,0,,-0.6504849223566773
2025-08-21,42614.66635965378,0.0,0,,-0.6504849223566773
2025-08-22,42614.66635965378,0.0,0,,-0.6504849223566773
2025-08-25,42614.66635965378,0.0,0,,-0.6504849223566773
2025-08-26,42614.66635965378,0.0,0,,-0.6504849223566773
2025-08-27,42614.66635965378,0.0,0,,-0.6504849223566773
2025-08-28,42614.66635965378,0.0,0,,-0.6504849223566773
2025-08-29,42614.66635965378,0.0,0,,-0.6504849223566773
2025-09-01,42614.66635965378,0.0,0,,-0.6504849223566773
2025-09-02,42614.66635965378,0.0,0,,-0.6504849223566773
2025-09-03,42614.66635965378,0.0,0,,-0.6504849223566773
2025-09-04,42614.66635965378,0.0,0,,-0.6504849223566773
2025-09-05,42614.66635965378,0.0,0,,-0.6504849223566773
2025-09-08,42385.21776623618,-0.005384263518130705,1,29.67464256286621,-0.6523668036382688
2025-09-09,42528.35797142961,0.0033771256286301288,0,,-0.6511928026614731
2025-09-10,43219.04123921617,0.016240534568735532,1,30.306428500584193,-0.6455279873152729
2025-09-11,43054.4483740338,-0.003808341426903783,1,30.306428500584193,-0.6468779377658582
2025-09-12,42766.4141301082,-0.006689999635422383,1,30.306428500584193,-0.6492403242334641
2025-09-15,43136.746114682406,0.008659411645959958,1,30.306428500584193,-0.6462029518121983
2025-09-16,43246.47381943237,0.00254371770319084,1,30.355000359671457,-0.6453029919973863
2025-09-17,43507.075483141765,0.0060259632911918715,1,30.569998536791122,-0.6431656008476669
2025-09-18,43081.88095425,-0.009772997246310422,1,30.569998536791122,-0.6466529424479716
2025-09-19,42601.821264925835,-0.011142960304680205,1,30.569998536791122,-0.6505902746840493
2025-09-22,43027.01840993244,0.00998072693565022,1,30.569998536791122,-0.6471029116270103
2025-09-23,43753.963472857904,0.01689508336365808,1,30.601785251072474,-0.6411406859001564
2025-09-24,44741.5128156076,0.022570511660327863,1,31.261069910866873,-0.6330410475668486
2025-09-25,44384.89973725634,-0.007970519008174026,1,31.261069910866873,-0.6359659008724367
2025-09-26,44234.02316218207,-0.003399277140816004,1,31.261069910866873,-0.6372033536640785
2025-09-29,43630.519477999835,-0.013643427412639353,1,31.261069910866873,-0.6421531433739116
2025-09-30,42813.29259460808,-0.01873062464460984,0,,-0.6488558385256284
2025-10-01,42813.29259460808,0.0,0,,-0.6488558385256284
2025-10-02,42813.29259460808,0.0,0,,-0.6488558385256284
2025-10-03,42813.29259460808,0.0,0,,-0.6488558385256284
2025-10-06,42813.29259460808,0.0,0,,-0.6488558385256284
2025-10-07,42813.29259460808,0.0,0,,-0.6488558385256284
2025-10-08,42813.29259460808,0.0,0,,-0.6488558385256284
2025-10-09,42813.29259460808,0.0,0,,-0.6488558385256284
2025-10-10,42813.29259460808,0.0,0,,-0.6488558385256284
2025-10-13,42813.29259460808,0.0,0,,-0.6488558385256284
2025-10-14,42813.29259460808,0.0,0,,-0.6488558385256284
2025-10-15,42813.29259460808,0.0,0,,-0.6488558385256284
2025-10-16,42813.29259460808,0.0,0,,-0.6488558385256284
2025-10-17,42813.29259460808,0.0,0,,-0.6488558385256284
2025-10-20,42813.29259460808,0.0,0,,-0.6488558385256284
2025-10-21,42813.29259460808,0.0,0,,-0.6488558385256284
2025-10-22,42813.29259460808,0.0,0,,-0.6488558385256284
2025-10-23,42813.29259460808,0.0,0,,-0.6488558385256284
2025-10-24,42813.29259460808,0.0,0,,-0.6488558385256284
2025-10-27,42813.29259460808,0.0,0,,-0.6488558385256284
2025-10-28,42813.29259460808,0.0,0,,-0.6488558385256284
2025-10-29,42813.29259460808,0.0,0,,-0.6488558385256284
2025-10-30,42813.29259460808,0.0,0,,-0.6488558385256284
2025-10-31,42813.29259460808,0.0,0,,-0.6488558385256284
2025-11-03,42813.29259460808,0.0,0,,-0.6488558385256284
2025-11-04,42813.29259460808,0.0,0,,-0.6488558385256284
2025-11-05,42813.29259460808,0.0,0,,-0.6488558385256284
2025-11-06,42790.566660510536,-0.0005308149109840565,1,29.658213887895858,-0.6490422310824441
2025-11-07,44405.044760734134,0.03772976677388873,1,30.665713991437638,-0.6358006763137003
2025-11-10,44653.42641183657,0.005593545788339593,1,30.827857426234655,-0.6337635107205788
2025-11-11,45812.539029019776,0.025957977031656254,1,31.567858014787948,-0.624256752343709
2025-11-12,44639.62450683952,-0.025602477990518624,1,31.567858014787948,-0.6338767105719152
2025-11-13,44832.814329607085,0.004327765408016937,1,31.567858014787948,-0.6322922148648591
2025-11-14,45122.59116793178,0.006463498726497097,1,31.567858014787948,-0.629915536063915
2025-11-17,45370.972819034214,0.00550459636012568,1,31.567858014787948,-0.6278783704707933
2025-11-18,45522.76219069508,0.003345517237778761,1,31.567858014787948,-0.6266334311446531
2025-11-19,45288.17718070526,-0.005153136556326432,1,31.567858014787948,-0.6285574400595317
2025-11-21,44943.203250161256,-0.007617306591243711,1,31.567858014787948,-0.6313868319196347
2025-11-24,44901.808062939,-0.0009210555596547154,1,31.567858014787948,-0.6317263451274571
2025-11-25,44543.032227397955,-0.007990231374160994,1,31.567858014787948,-0.6346689368388967
2025-11-26,44474.038494066044,-0.0015489231397559644,1,31.567858014787948,-0.6352348065762985
2025-11-27,44708.62350405587,0.00527465051371756,1,31.567858014787948,-0.6333107976614198
2025-11-28,43495.01170451565,-0.0271449153300396,0,,-0.6432645450113403
2025-12-01,43495.01170451565,0.0,0,,-0.6432645450113403
2025-12-02,43495.01170451565,0.0,0,,-0.6432645450113403
2025-12-03,43495.01170451565,0.0,0,,-0.6432645450113403
2025-12-04,43495.01170451565,0.0,0,,-0.6432645450113403
2025-12-05,43495.01170451565,0.0,0,,-0.6432645450113403
2025-12-08,43495.01170451565,0.0,0,,-0.6432645450113403
2025-12-09,43495.01170451565,0.0,0,,-0.6432645450113403
2025-12-10,43495.01170451565,0.0,0,,-0.6432645450113403
2025-12-11,43495.01170451565,0.0,0,,-0.6432645450113403
2025-12-12,43495.01170451565,0.0,0,,-0.6432645450113403
2025-12-15,43495.01170451565,0.0,0,,-0.6432645450113403
2025-12-16,43495.01170451565,0.0,0,,-0.6432645450113403
2025-12-17,43495.01170451565,0.0,0,,-0.6432645450113403
2025-12-18,43495.01170451565,0.0,0,,-0.6432645450113403
2025-12-19,43495.01170451565,0.0,0,,-0.6432645450113403
2025-12-22,43495.01170451565,0.0,0,,-0.6432645450113403
2025-12-23,43495.01170451565,0.0,0,,-0.6432645450113403
2025-12-26,43495.01170451565,0.0,0,,-0.6432645450113403
2025-12-29,43495.01170451565,0.0,0,,-0.6432645450113403
2025-12-30,43495.01170451565,0.0,0,,-0.6432645450113403
2026-01-02,43495.01170451565,0.0,0,,-0.6432645450113403
2026-01-05,43495.01170451565,0.0,0,,-0.6432645450113403
2026-01-06,43495.01170451565,0.0,0,,-0.6432645450113403
2026-01-07,43495.01170451565,0.0,0,,-0.6432645450113403
2026-01-08,43495.01170451565,0.0,0,,-0.6432645450113403
2026-01-09,43495.01170451565,0.0,0,,-0.6432645450113403
2026-01-12,43495.01170451565,0.0,0,,-0.6432645450113403
2026-01-13,43495.01170451565,0.0,0,,-0.6432645450113403
2026-01-14,43495.01170451565,0.0,0,,-0.6432645450113403
2026-01-15,43829.69868712566,0.007694836016684192,1,30.1685733795166,-0.6405195241838655
2026-01-16,44174.380170492004,0.007864107983648783,1,30.506073338644846,-0.6376925309040339
2026-01-19,44353.61075505863,0.004057342375261008,1,30.637856347220286,-0.6362225254567972
2026-01-20,44519.06165385835,0.0037302689901261843,1,30.725716182163783,-0.6348655376242024
2026-01-21,46090.80837650136,0.035305028099279046,1,31.696072919028147,-0.6219744551700097
2026-01-22,46297.61937028998,0.0044870333386051175,1,31.797859396253312,-0.620278241947513
2026-01-23,48310.55797088814,0.04347823123471217,1,33.10428762435913,-0.6037686115460557
2026-01-26,48751.7498488433,0.0091324111433575,1,33.45107296534947,-0.6001500635987909
2026-01-27,49813.36944874228,0.021776030669474977,1,34.08000183105469,-0.5914429191205305
2026-01-28,51481.626565974104,0.033490148040446144,1,35.154286929539275,-0.5777602819989045
2026-01-29,51977.96874352916,0.009641151817901372,1,35.4000015939985,-0.5736894047741081
2026-01-30,52060.68893350698,0.0015914471453468693,1,35.4000015939985,-0.5730109539943047
2026-02-02,51343.756076396385,-0.013771098150972882,1,35.4000015939985,-0.5788910620562394
2026-02-03,51812.52310415149,0.00912997146250083,1,35.4000015939985,-0.5750463494702088
2026-02-04,51729.79765475164,-0.001596630398283505,1,35.4000015939985,-0.5757248433865063
2026-02-05,51012.85953821899,-0.013859287084738714,1,35.4000015939985,-0.5816049945849351
2026-02-06,50530.30756527493,-0.009459418219488924,1,35.4000015939985,-0.5855627679221016
2026-02-09,51454.05141617415,0.018280986113253572,1,35.4000015939985,-0.5779864466376703
2026-02-10,51495.41151116305,0.00080382581838645,1,35.4000015939985,-0.5776472212477687
2026-02-11,52501.88607088418,0.01954493672708968,1,35.50857366834368,-0.5693923629105457
2026-02-12,51164.52023240771,-0.025472719907068786,1,35.50857366834368,-0.5803611106399702
2026-02-13,50861.198844030274,-0.005928354003900349,1,35.50857366834368,-0.5828488785299
2026-02-18,51274.81557218548,0.008132264625212438,1,35.50857366834368,-0.579456495221401
2026-02-19,52129.629437717886,0.016671222626417626,1,35.50857366834368,-0.5724455208291431
2026-02-20,52350.22537669547,0.0042316805501396715,1,35.78785678318569,-0.5706362468555106
2026-02-23,53205.03398280583,0.016328651881809986,1,36.32928385053362,-0.5636253155997468
2026-02-24,54556.18476647125,0.025395168135820878,1,37.32178333827427,-0.5525435071191866
2026-02-25,54556.18476647125,0.0,1,37.36464009966169,-0.5525435071191866
2026-02-26,54611.33506607116,0.0010108899629983625,1,37.38321263449533,-0.552091177841655
2026-02-27,54225.293487715906,-0.007068891062417815,1,37.38321263449533,-0.5552573965113882
2026-03-02,56706.99911606918,0.04576656885988961,1,38.61571366446359,-0.5349030535239001
2026-03-03,56458.828027291645,-0.004376374921014059,1,38.61571366446359,-0.5369384921362983
2026-03-04,55838.400305347815,-0.010989029415274465,1,38.61571366446359,-0.5420270886672938
2026-03-05,56100.3563393143,0.004691324116271156,1,38.61571366446359,-0.5398785893037599
2026-03-06,58127.08514452346,0.036126843704000766,1,39.333213806152344,-0.5232558550146724
2026-03-09,59505.81107798884,0.023719165171234735,1,40.06892817361014,-0.5119478818953462
2026-03-10,59188.704744422444,-0.005328997753694886,1,40.06892817361014,-0.5145487105364119
2026-03-11,61766.92076736453,0.043559257362952186,1,41.44285651615688,-0.49340281288149057
2026-03-12,62042.667005942014,0.00446430282021093,1,41.44285651615688,-0.4911412096303265
2026-03-13,61587.68492337586,-0.007333374023437367,1,41.44285651615688,-0.49487286146522125
2026-03-16,63228.37215022977,0.026639858746032807,1,42.27607209341867,-0.481416345845867
2026-03-17,63945.31026676241,0.011338867222917104,1,42.70321600777762,-0.4755361946474381
2026-03-18,64800.11887287277,0.013367807624113937,1,43.333928789411274,-0.46852526339167433
2026-03-19,64496.797484495335,-0.0046808770362366525,1,43.333928789411274,-0.4710130312816042
2026-03-20,62966.410856841234,-0.023728102593341904,1,43.333928789411274,-0.4835648883458953
2026-03-23,63462.7530343963,0.007882649984346957,1,43.333928789411274,-0.4794940111210988
2026-03-24,65172.37550603907,0.02693899003587452,1,43.333928789411274,-0.46547210547307705
2026-03-25,65489.48183960546,0.00486565559570562,1,43.40892655508859,-0.46287127683201135
2026-03-26,66206.41995613811,0.010947378058182577,1,44.18964113507952,-0.45699112563358235
2026-03-27,68122.84816214745,0.028946259400205898,1,45.702855246407644,-0.4412730498995583
2026-03-30,68481.31459070275,0.0052620587398528595,1,45.9360682623727,-0.43833299586859087
2026-03-31,67102.58865723737,-0.02013287773030803,1,45.9360682623727,-0.44964096898791694
2026-04-01,65310.24599561679,-0.026710484610004248,1,45.9360682623727,-0.464341325415742
2026-04-02,66385.65580012678,0.01646617292763186,1,45.9360682623727,-0.4555210770498517
2026-04-06,67474.84529040367,0.016407000535721306,1,45.9360682623727,-0.44658781106931966
2026-04-07,66881.99271825979,-0.008786275382956621,1,45.9360682623727,-0.45145024296154945
2026-04-08,61536.60670237013,-0.07992264881232058,0,,-0.49529179254941724
2026-04-09,61536.60670237013,0.0,0,,-0.49529179254941724
2026-04-10,61536.60670237013,0.0,0,,-0.49529179254941724
2026-04-13,61536.60670237013,0.0,0,,-0.49529179254941724
2026-04-14,61536.60670237013,0.0,0,,-0.49529179254941724
2026-04-15,61536.60670237013,0.0,0,,-0.49529179254941724
2026-04-16,61536.60670237013,0.0,0,,-0.49529179254941724
2026-04-17,61536.60670237013,0.0,0,,-0.49529179254941724
2026-04-20,61536.60670237013,0.0,0,,-0.49529179254941724
2026-04-22,61483.13144070013,-0.0008689991947175013,1,42.986069679260254,-0.4957303835752591
2026-04-23,61612.110968788205,0.0020978034961098846,1,43.2146429334368,-0.4946725250109414
2026-04-24,60825.35306768166,-0.012769533274149758,1,43.2146429334368,-0.5011253210171562
2026-04-27,60811.3866733577,-0.00022961468564619558,0,,-0.5012398699697478
2026-04-28,60811.3866733577,0.0,0,,-0.5012398699697478
2026-04-29,60811.3866733577,0.0,0,,-0.5012398699697478
2026-04-30,60811.3866733577,0.0,0,,-0.5012398699697478
2026-05-04,60794.236852221315,-0.0002820166102855959,1,45.67571367536272,-0.5013805286109645
2026-05-05,59956.375087231616,-0.013781927504516123,1,45.67571367536272,-0.5082524660179883
2026-05-06,58243.688588297795,-0.02856554447199322,1,45.67571367536272,-0.5222995020689445
2026-05-07,57085.962605857814,-0.01987727787337612,0,,-0.5317948876065701
2026-05-08,57085.962605857814,0.0,0,,-0.5317948876065701
2026-05-11,57085.962605857814,0.0,0,,-0.5317948876065701
2026-05-12,57085.962605857814,0.0,0,,-0.5317948876065701
2026-05-13,57085.962605857814,0.0,0,,-0.5317948876065701
2026-05-14,57085.962605857814,0.0,0,,-0.5317948876065701
2026-05-15,57085.962605857814,0.0,0,,-0.5317948876065701
2026-05-18,57085.962605857814,0.0,0,,-0.5317948876065701
2026-05-19,57085.962605857814,0.0,0,,-0.5317948876065701
2026-05-20,57085.962605857814,0.0,0,,-0.5317948876065701
2026-05-21,57085.962605857814,0.0,0,,-0.5317948876065701
2026-05-22,57085.962605857814,0.0,0,,-0.5317948876065701
2026-05-25,57085.962605857814,0.0,0,,-0.5317948876065701
2026-05-26,57085.962605857814,0.0,0,,-0.5317948876065701
2026-05-27,57085.962605857814,0.0,0,,-0.5317948876065701
2026-05-28,57085.962605857814,0.0,0,,-0.5317948876065701
2026-05-29,57085.962605857814,0.0,0,,-0.5317948876065701
2026-06-01,57085.962605857814,0.0,0,,-0.5317948876065701
2026-06-02,57085.962605857814,0.0,0,,-0.5317948876065701
2026-06-03,57085.962605857814,0.0,0,,-0.5317948876065701
2026-06-05,57085.962605857814,0.0,0,,-0.5317948876065701
2026-06-08,57085.962605857814,0.0,0,,-0.5317948876065701
2026-06-09,57085.962605857814,0.0,0,,-0.5317948876065701
2026-06-10,57085.962605857814,0.0,0,,-0.5317948876065701
2026-06-11,57085.962605857814,0.0,0,,-0.5317948876065701
2026-06-12,57085.962605857814,0.0,0,,-0.5317948876065701
2026-06-15,57085.962605857814,0.0,0,,-0.5317948876065701
2026-06-16,57085.962605857814,0.0,0,,-0.5317948876065701
2026-06-17,57085.962605857814,0.0,0,,-0.5317948876065701
2026-06-18,57085.962605857814,0.0,0,,-0.5317948876065701
2026-06-19,57085.962605857814,0.0,0,,-0.5317948876065701
2026-06-22,57085.962605857814,0.0,0,,-0.5317948876065701
2026-06-23,57085.962605857814,0.0,0,,-0.5317948876065701
2026-06-24,57085.962605857814,0.0,0,,-0.5317948876065701
2026-06-25,57085.962605857814,0.0,0,,-0.5317948876065701
2026-06-26,57085.962605857814,0.0,0,,-0.5317948876065701
2026-06-29,57085.962605857814,0.0,0,,-0.5317948876065701
2026-06-30,57085.962605857814,0.0,0,,-0.5317948876065701
2026-07-01,57085.962605857814,0.0,0,,-0.5317948876065701
2026-07-02,57085.962605857814,0.0,0,,-0.5317948876065701
2026-07-03,57085.962605857814,0.0,0,,-0.5317948876065701
2026-07-06,57085.962605857814,0.0,0,,-0.5317948876065701
2026-07-07,57085.962605857814,0.0,0,,-0.5317948876065701
2026-07-08,57085.962605857814,0.0,0,,-0.5317948876065701
2026-07-09,57085.962605857814,0.0,0,,-0.5317948876065701
2026-07-10,57085.962605857814,0.0,0,,-0.5317948876065701
2026-07-13,57085.962605857814,0.0,0,,-0.5317948876065701
2026-07-14,56253.36722734495,-0.014584940684304604,1,39.223215784345356,-0.5386236313989166
2026-07-15,56156.522206353155,-0.0017215862047937902,1,39.223215784345356,-0.539417930590318
2026-07-16,55188.06671877742,-0.017245645733135695,1,39.223215784345356,-0.5473609657903918
2026-07-17,56585.41106907239,0.025319682920139863,1,39.223215784345356,-0.5359002889669262
2026-07-20,56931.287651945306,0.006112469209611504,1,39.223215784345356,-0.533063493773047
2026-07-21,57636.87355883662,0.01239364040393709,1,39.379643304007395,-0.5272764506233993
2026-07-22,58909.70212819102,0.022083581061264068,1,40.251430238996235,-0.5168370218011726
2026-07-23,59421.597993098745,0.008689500140296236,1,40.528571946280344,-0.512638577034328
2026-07-24,58397.80098562547,-0.017229375211218256,1,40.528571946280344,-0.5210355098540769
2026-07-27,56737.5923323039,-0.028429300852102712,1,40.528571946280344,-0.5346521354419094
2026-07-28,57014.2946541338,0.004876878105952942,1,40.528571946280344,-0.532382690629594
2026-07-29,58107.2659226501,0.01917012698563747,1,40.528571946280344,-0.5234184074282813
2026-07-30,59269.41145220942,0.020000003633044994,1,40.528571946280344,-0.5138867738454045
2026-07-31,60071.842380092516,0.013538702481129317,1,41.01285471235003,-0.5073054315043555
2026-08-03,59559.94651518479,-0.008521394460799248,1,41.01285471235003,-0.5115038762712001
2026-08-04,58799.01908839594,-0.012775824548379222,1,41.01285471235003,-0.5177448170405226
2026-08-05,58010.420901658305,-0.013411757525275791,1,41.01285471235003,-0.5242127066196827
2026-08-06,58287.123223488205,0.004769872680272069,1,41.01285471235003,-0.5219432618073674
2026-08-07,56656.43185083357,-0.027976871776672407,0,,-0.5353177938737568
2026-08-10,56656.43185083357,0.0,0,,-0.5353177938737568
2026-08-11,56656.43185083357,0.0,0,,-0.5353177938737568
2026-08-12,56656.43185083357,0.0,0,,-0.5353177938737568
2026-08-13,56656.43185083357,0.0,0,,-0.5353177938737568
2026-08-14,56656.43185083357,0.0,0,,-0.5353177938737568
2026-08-17,56656.43185083357,0.0,0,,-0.5353177938737568
2026-08-18,56656.43185083357,0.0,0,,-0.5353177938737568
2026-08-19,56656.43185083357,0.0,0,,-0.5353177938737568
2026-08-20,56656.43185083357,0.0,0,,-0.5353177938737568
2026-08-21,56656.43185083357,0.0,0,,-0.5353177938737568
2026-08-24,56656.43185083357,0.0,0,,-0.5353177938737568
2026-08-25,56656.43185083357,0.0,0,,-0.5353177938737568
2026-08-26,56656.43185083357,0.0,0,,-0.5353177938737568
2026-08-27,56656.43185083357,0.0,0,,-0.5353177938737568
2026-08-28,56656.43185083357,0.0,0,,-0.5353177938737568
2026-08-31,57078.717399424866,0.00745344411563198,1,41.903928892953054,-0.5318543110188664
2026-09-01,59424.242477612985,0.04109281331209025,1,43.55749906812395,-0.5126168876187048
2026-09-02,61018.82281062603,0.026833835258628147,0,,-0.49953852947322763
