timestamp,equity,daily_return,position,stop_price,drawdown
2020-01-02,100000.0,0.0,0,,0.0
2020-01-03,100000.0,0.0,0,,0.0
2020-01-06,100000.0,0.0,0,,0.0
2020-01-07,100000.0,0.0,0,,0.0
2020-01-08,100000.0,0.0,0,,0.0
2020-01-09,100000.0,0.0,0,,0.0
2020-01-10,100000.0,0.0,0,,0.0
2020-01-13,100000.0,0.0,0,,0.0
2020-01-14,100000.0,0.0,0,,0.0
2020-01-15,100000.0,0.0,0,,0.0
2020-01-16,100000.0,0.0,0,,0.0
2020-01-17,100000.0,0.0,0,,0.0
2020-01-20,100000.0,0.0,0,,0.0
2020-01-21,100000.0,0.0,0,,0.0
2020-01-22,100000.0,0.0,0,,0.0
2020-01-23,100000.0,0.0,0,,0.0
2020-01-24,100000.0,0.0,0,,0.0
2020-01-27,100000.0,0.0,0,,0.0
2020-01-28,100000.0,0.0,0,,0.0
2020-01-29,100000.0,0.0,0,,0.0
2020-01-30,100000.0,0.0,0,,0.0
2020-01-31,100000.0,0.0,0,,0.0
2020-02-03,100000.0,0.0,0,,0.0
2020-02-04,100000.0,0.0,0,,0.0
2020-02-05,100000.0,0.0,0,,0.0
2020-02-06,100000.0,0.0,0,,0.0
2020-02-07,100000.0,0.0,0,,0.0
2020-02-10,100000.0,0.0,0,,0.0
2020-02-11,100000.0,0.0,0,,0.0
2020-02-12,100000.0,0.0,0,,0.0
2020-02-13,100000.0,0.0,0,,0.0
2020-02-14,100000.0,0.0,0,,0.0
2020-02-17,100000.0,0.0,0,,0.0
2020-02-18,100000.0,0.0,0,,0.0
2020-02-19,100000.0,0.0,0,,0.0
2020-02-20,100000.0,0.0,0,,0.0
2020-02-21,100000.0,0.0,0,,0.0
2020-02-26,100000.0,0.0,0,,0.0
2020-02-27,100000.0,0.0,0,,0.0
2020-02-28,100000.0,0.0,0,,0.0
2020-03-02,100000.0,0.0,0,,0.0
2020-03-03,100000.0,0.0,0,,0.0
2020-03-04,100000.0,0.0,0,,0.0
2020-03-05,100000.0,0.0,0,,0.0
2020-03-06,100000.0,0.0,0,,0.0
2020-03-09,100000.0,0.0,0,,0.0
2020-03-10,100000.0,0.0,0,,0.0
2020-03-11,100000.0,0.0,0,,0.0
2020-03-12,100000.0,0.0,0,,0.0
2020-03-13,100000.0,0.0,0,,0.0
2020-03-16,100000.0,0.0,0,,0.0
2020-03-17,100000.0,0.0,0,,0.0
2020-03-18,100000.0,0.0,0,,0.0
2020-03-19,100000.0,0.0,0,,0.0
2020-03-20,100000.0,0.0,0,,0.0
2020-03-23,100000.0,0.0,0,,0.0
2020-03-24,100000.0,0.0,0,,0.0
2020-03-25,100000.0,0.0,0,,0.0
2020-03-26,100000.0,0.0,0,,0.0
2020-03-27,100000.0,0.0,0,,0.0
2020-03-30,100000.0,0.0,0,,0.0
2020-03-31,100000.0,0.0,0,,0.0
2020-04-01,100000.0,0.0,0,,0.0
2020-04-02,100000.0,0.0,0,,0.0
2020-04-03,100000.0,0.0,0,,0.0
2020-04-06,100000.0,0.0,0,,0.0
2020-04-07,94685.55475632651,-0.053144452436734824,1,4.157857273306165,-0.053144452436734824
2020-04-08,96372.68004026786,0.01781819083473901,1,4.157857273306165,-0.03627319959732134
2020-04-09,85044.84471167343,-0.11754197687416468,1,4.157857273306165,-0.14955155288326571
2020-04-13,80775.3844743926,-0.05020245791212308,1,4.157857273306165,-0.19224615525607402
2020-04-14,81567.30008893582,0.009803922564977308,1,4.157857273306165,-0.18432699911064176
2020-04-15,80913.10714452696,-0.008020284399453792,1,4.157857273306165,-0.19086892855473037
2020-04-16,77469.99934608533,-0.0425531526343631,1,4.157857273306165,-0.22530000653914672
2020-04-17,75782.87406214398,-0.021777788798014286,1,4.157857273306165,-0.2421712593785602
2020-04-20,70477.89987687528,-0.07000228284979637,0,,-0.29522100123124717
2020-04-22,70477.89987687528,0.0,0,,-0.29522100123124717
2020-04-23,70477.89987687528,0.0,0,,-0.29522100123124717
2020-04-24,70477.89987687528,0.0,0,,-0.29522100123124717
2020-04-27,70477.89987687528,0.0,0,,-0.29522100123124717
2020-04-28,70477.89987687528,0.0,0,,-0.29522100123124717
2020-04-29,65246.08286296815,-0.07423344088071726,1,3.427856947694506,-0.34753917137031853
2020-04-30,62030.79637976694,-0.04927937957523132,1,3.427856947694506,-0.3796920362023306
2020-05-04,59846.82629217746,-0.03520783570500552,1,3.427856947694506,-0.4015317370782254
2020-05-05,64245.09717548368,0.07349213242876873,1,3.427856947694506,-0.3575490282451632
2020-05-06,63062.11277537867,-0.01841361367815697,1,3.427856947694506,-0.36937887224621324
2020-05-07,66026.54987828607,0.04700821099138319,0,,-0.33973450121713933
2020-05-08,66026.54987828607,0.0,0,,-0.33973450121713933
2020-05-11,66026.54987828607,0.0,0,,-0.33973450121713933
2020-05-12,66026.54987828607,0.0,0,,-0.33973450121713933
2020-05-13,66026.54987828607,0.0,0,,-0.33973450121713933
2020-05-14,66026.54987828607,0.0,0,,-0.33973450121713933
2020-05-15,66026.54987828607,0.0,0,,-0.33973450121713933
2020-05-18,66026.54987828607,0.0,0,,-0.33973450121713933
2020-05-19,71344.5647147508,0.08054358203280354,1,4.454642840794155,-0.286554352852492
2020-05-20,69389.19202266692,-0.02740745142817591,1,4.454642840794155,-0.3061080797733309
2020-05-21,72665.75907429308,0.04722013552998039,1,4.586785657065255,-0.2733424092570692
2020-05-22,71080.32584284234,-0.0218181610107423,1,4.586785657065255,-0.2891967415715766
2020-05-25,76576.49815850919,0.07732339786706666,1,4.851357110909054,-0.23423501841490812
2020-05-26,76100.87070905462,-0.006211141288676392,1,4.851357110909054,-0.23899129290945376
2020-05-27,78611.13684220912,0.03298603695024238,1,4.93642840215138,-0.21388863157790883
2020-05-28,77237.09848825615,-0.01747892740326329,1,4.93642840215138,-0.2276290151174385
2020-05-29,81861.28189662992,0.05986997827315954,1,5.148142993450165,-0.18138718103370077
2020-06-01,82680.42050956063,0.010006422987183017,1,5.246214245046888,-0.17319579490439374
2020-06-02,88757.92086340673,0.0735059197375918,1,5.674785733222961,-0.11242079136593264
2020-06-03,85824.86497525673,-0.033045567760243144,1,5.674785733222961,-0.14175135024743268
2020-06-04,89629.9097706998,0.044334993087843166,1,5.674785733222961,-0.103700902293002
2020-06-05,98481.92142956049,0.09876180486521502,1,6.321499994822911,-0.015180785704395072
2020-06-08,98719.73830426359,0.002414827729302571,1,6.363071543829782,-0.012802616957364066
2020-06-09,93012.171111099,-0.05781586632222757,1,6.363071543829782,-0.06987828888901004
2020-06-10,86987.52105161524,-0.06477270649114908,1,6.363071543829782,-0.13012478948384754
2020-06-12,81738.48997378498,-0.060342345825853405,0,,-0.18261510026215022
2020-06-15,81738.48997378498,0.0,0,,-0.18261510026215022
2020-06-16,81738.48997378498,0.0,0,,-0.18261510026215022
2020-06-17,81738.48997378498,0.0,0,,-0.18261510026215022
2020-06-18,81738.48997378498,0.0,0,,-0.18261510026215022
2020-06-19,81738.48997378498,0.0,0,,-0.18261510026215022
2020-06-22,81738.48997378498,0.0,0,,-0.18261510026215022
2020-06-23,81738.48997378498,0.0,0,,-0.18261510026215022
2020-06-24,81738.48997378498,0.0,0,,-0.18261510026215022
2020-06-25,81738.48997378498,0.0,0,,-0.18261510026215022
2020-06-26,81738.48997378498,0.0,0,,-0.18261510026215022
2020-06-29,81738.48997378498,0.0,0,,-0.18261510026215022
2020-06-30,81738.48997378498,0.0,0,,-0.18261510026215022
2020-07-01,81738.48997378498,0.0,0,,-0.18261510026215022
2020-07-02,81738.48997378498,0.0,0,,-0.18261510026215022
2020-07-03,81738.48997378498,0.0,0,,-0.18261510026215022
2020-07-06,81738.48997378498,0.0,0,,-0.18261510026215022
2020-07-07,81738.48997378498,0.0,0,,-0.18261510026215022
2020-07-08,81738.48997378498,0.0,0,,-0.18261510026215022
2020-07-09,80517.30458884935,-0.014940151027102222,1,6.513357077326093,-0.19482695411150652
2020-07-10,79374.59075555844,-0.014192152098558508,1,6.513357077326093,-0.20625409244441562
2020-07-13,84912.35497264905,0.06976746795639777,1,6.8176430974687845,-0.1508764502735096
2020-07-14,87615.3082604427,0.031832273273592504,1,7.080428685460772,-0.12384691739557296
2020-07-15,88186.66517708816,0.006521199639531572,1,7.172071610178266,-0.11813334822911847
2020-07-16,87175.80374599344,-0.011462746993151418,1,7.172071610178266,-0.1282419625400656
2020-07-17,86055.06356663287,-0.012856092300864819,1,7.172071610178266,-0.13944936433367128
2020-07-20,88164.69152315782,0.024514861404889343,1,7.172071610178266,-0.11835308476842188
2020-07-21,90428.13505719513,0.02567290255241006,1,7.348928110940116,-0.09571864942804864
2020-07-22,89263.44756997388,-0.012879702611190535,1,7.348928110940116,-0.10736552430026114
2020-07-23,86802.22543264228,-0.02757256418314158,1,7.348928110940116,-0.13197774567357712
2020-07-24,84582.72396715856,-0.02556963781079602,1,7.348928110940116,-0.15417276032841443
2020-07-27,88208.6388310185,0.04286826781870734,1,7.348928110940116,-0.11791361168981496
2020-07-28,86516.54697431956,-0.01918283604784432,1,7.348928110940116,-0.13483453025680447
2020-07-29,86516.54697431956,0.0,1,7.348928110940116,-0.13483453025680447
2020-07-30,87153.8300920631,0.007366025806978982,1,7.348928110940116,-0.128461699079369
2020-07-31,87000.00403593658,-0.0017649947909808006,1,7.348928110940116,-0.12999995964063416
2020-08-03,86824.19908657261,-0.0020207464506708517,1,7.348928110940116,-0.13175800913427393
2020-08-04,84143.2194527093,-0.030878253552216517,1,7.348928110940116,-0.15856780547290705
2020-08-05,95570.34730700424,0.135805688546506,1,7.736214212008885,-0.04429652692995767
2020-08-06,92691.58906984662,-0.030121876902990286,1,7.736214212008885,-0.07308410930153375
2020-08-07,96449.35633590276,0.040540542068218555,1,7.769428406442914,-0.035506436640972416
2020-08-10,99789.59274143996,0.03463202381469732,1,8.063071063586644,-0.002104072585600414
2020-08-11,96251.58297191554,-0.035454696951129794,1,8.063071063586644,-0.03748417028084461
2020-08-12,97570.09651526333,0.01369861671503636,1,8.063071063586644,-0.02429903484736673
2020-08-13,95768.12067099144,-0.018468525794580914,1,8.063071063586644,-0.04231879329008559
2020-08-14,94691.33827810572,-0.011243641259130244,1,8.063071063586644,-0.05308661721894281
2020-08-17,92449.85791938457,-0.02367144027617385,1,8.063071063586644,-0.0755014208061543
2020-08-18,96800.96623463067,0.047064521386720015,1,8.063071063586644,-0.0319903376536933
2020-08-19,102646.37732466725,0.06038587544537721,1,8.146642565727234,0.0
2020-08-20,100844.41195900954,-0.01755508000012662,1,8.146642565727234,-0.01755508000012662
2020-08-21,98383.18458237084,-0.024406185021328852,1,8.146642565727234,-0.04153281249090812
2020-08-24,97306.39171087094,-0.010944887340969989,1,8.146642565727234,-0.052023127878211395
2020-08-25,97350.33901873161,0.00045163844931428443,1,8.146642565727234,-0.05159498507370053
2020-08-26,96317.50393370655,-0.010609465723856681,1,8.146642565727234,-0.061657055571894825
2020-08-27,94647.39097024505,-0.017339662005890544,1,8.146642565727234,-0.0779276050738903
2020-08-28,94471.580781574,-0.0018575281037205293,1,8.146642565727234,-0.07964038046113042
2020-08-31,92054.31119141016,-0.02558726730478622,1,8.146642565727234,-0.10318986806280284
2020-09-01,96691.0874863648,0.05037000695506055,1,8.146642565727234,-0.05801753547975741
2020-09-02,95328.61615654218,-0.014090971207814329,1,8.146642565727234,-0.07129098326557815
2020-09-03,94000.7420828675,-0.013929438265359306,0,,-0.08422737818066273
2020-09-04,95529.82956891367,0.01626675973151559,1,7.754643474306379,-0.06933072497282744
2020-09-08,89717.79662207386,-0.0608399802770202,1,7.754643474306379,-0.12595262530990936
2020-09-09,91532.09672172644,0.020222298896785285,0,,-0.10827737804897575
2020-09-10,91532.09672172644,0.0,0,,-0.10827737804897575
2020-09-11,91532.09672172644,0.0,0,,-0.10827737804897575
2020-09-14,91532.09672172644,0.0,0,,-0.10827737804897575
2020-09-15,91532.09672172644,0.0,0,,-0.10827737804897575
2020-09-16,91532.09672172644,0.0,0,,-0.10827737804897575
2020-09-17,91532.09672172644,0.0,0,,-0.10827737804897575
2020-09-18,91532.09672172644,0.0,0,,-0.10827737804897575
2020-09-21,91532.09672172644,0.0,0,,-0.10827737804897575
2020-09-22,91532.09672172644,0.0,0,,-0.10827737804897575
2020-09-23,91532.09672172644,0.0,0,,-0.10827737804897575
2020-09-24,91532.09672172644,0.0,0,,-0.10827737804897575
2020-09-25,91532.09672172644,0.0,0,,-0.10827737804897575
2020-09-28,91532.09672172644,0.0,0,,-0.10827737804897575
2020-09-29,91532.09672172644,0.0,0,,-0.10827737804897575
2020-09-30,91532.09672172644,0.0,0,,-0.10827737804897575
2020-10-01,91532.09672172644,0.0,0,,-0.10827737804897575
2020-10-02,91532.09672172644,0.0,0,,-0.10827737804897575
2020-10-05,91532.09672172644,0.0,0,,-0.10827737804897575
2020-10-06,91532.09672172644,0.0,0,,-0.10827737804897575
2020-10-07,91532.09672172644,0.0,0,,-0.10827737804897575
2020-10-08,91532.09672172644,0.0,0,,-0.10827737804897575
2020-10-09,91532.09672172644,0.0,0,,-0.10827737804897575
2020-10-13,91532.09672172644,0.0,0,,-0.10827737804897575
2020-10-14,91532.09672172644,0.0,0,,-0.10827737804897575
2020-10-15,91532.09672172644,0.0,0,,-0.10827737804897575
2020-10-16,91532.09672172644,0.0,0,,-0.10827737804897575
2020-10-19,91532.09672172644,0.0,0,,-0.10827737804897575
2020-10-20,91532.09672172644,0.0,0,,-0.10827737804897575
2020-10-21,91532.09672172644,0.0,0,,-0.10827737804897575
2020-10-22,91532.09672172644,0.0,0,,-0.10827737804897575
2020-10-23,87768.22176516171,-0.041120820907310396,1,6.6921429463795254,-0.1449457442852211
2020-10-26,86912.2952212267,-0.009752123567288273,0,,-0.15328433904368732
2020-10-27,86912.2952212267,0.0,0,,-0.15328433904368732
2020-10-28,86912.2952212267,0.0,0,,-0.15328433904368732
2020-10-29,86912.2952212267,0.0,0,,-0.15328433904368732
2020-10-30,86912.2952212267,0.0,0,,-0.15328433904368732
2020-11-03,86912.2952212267,0.0,0,,-0.15328433904368732
2020-11-04,86912.2952212267,0.0,0,,-0.15328433904368732
2020-11-05,86912.2952212267,0.0,0,,-0.15328433904368732
2020-11-06,86912.2952212267,0.0,0,,-0.15328433904368732
2020-11-09,86912.2952212267,0.0,0,,-0.15328433904368732
2020-11-10,86912.2952212267,0.0,0,,-0.15328433904368732
2020-11-11,86912.2952212267,0.0,0,,-0.15328433904368732
2020-11-12,86912.2952212267,0.0,0,,-0.15328433904368732
2020-11-13,86912.2952212267,0.0,0,,-0.15328433904368732
2020-11-16,86912.2952212267,0.0,0,,-0.15328433904368732
2020-11-17,86912.2952212267,0.0,0,,-0.15328433904368732
2020-11-18,86912.2952212267,0.0,0,,-0.15328433904368732
2020-11-19,86912.2952212267,0.0,0,,-0.15328433904368732
2020-11-23,91690.97140682963,0.05498274062880615,1,7.92628584589277,-0.10672959147097827
2020-11-24,89305.55099256671,-0.026015870239599614,1,7.92628584589277,-0.12996879850814336
2020-11-25,94628.39778017093,0.05960264203562504,1,8.096786311694554,-0.07811264024579945
2020-11-26,99517.52492846454,0.051666595472232624,1,8.502428667885917,-0.030481858958414598
2020-11-27,102021.24106298159,0.025158545053414194,1,8.717500771795,-0.006090193126917498
2020-11-30,98906.38991023181,-0.03053139836660934,1,8.717500771795,-0.03643564938103927
2020-12-01,105372.65545478056,0.06537763182356149,1,9.017857091767448,0.0
2020-12-02,100325.8163469587,-0.047895149705016626,1,9.017857091767448,-0.047895149705016626
2020-12-03,101725.52056331899,0.013951585617002715,1,9.017857091767448,-0.03461177736976262
2020-12-04,109966.08090438426,0.08100779721187013,1,9.262786064829145,0.0
2020-12-07,109453.50998555272,-0.004661172923651091,1,9.262786064829145,-0.004661172923651091
2020-12-08,106456.94515257071,-0.02737751245599651,1,9.262786064829145,-0.031911074059870814
2020-12-09,107344.08785058581,0.008333347314669615,1,9.262786064829145,-0.023843652808526294
2020-12-10,113869.50125526161,0.06078968609578794,1,9.730571678706578,0.0
2020-12-11,109808.36894485602,-0.03566479404614009,1,9.730571678706578,-0.03566479404614009
2020-12-14,109414.08434579225,-0.0035906607379058153,1,9.730571678706578,-0.03912739460833892
2020-12-15,109492.93562531318,0.0007206684586578138,1,9.730571678706578,-0.03843492402884474
2020-12-16,110695.50224238477,0.010983052104720059,1,9.730571678706578,-0.027874004697374333
2020-12-17,114835.49523279765,0.037399830223885155,1,10.006428275789533,0.0
2020-12-18,111878.36544006247,-0.025751008316204027,1,10.006428275789533,-0.025751008316204027
2020-12-21,111582.64494039986,-0.0026432322147309506,1,10.006428275789533,-0.028326174636191803
2020-12-22,117654.63528637117,0.054416978099188995,1,10.279928411756243,0.0
2020-12-23,130370.32535678604,0.10807640548512953,1,11.429214239120483,0.0
2020-12-28,131178.60737479385,0.006199892619702885,1,11.58835690362113,0.0
2020-12-29,133702.03632919112,0.01923658899036429,1,11.878643035888672,0.0
2020-12-30,138374.31305831578,0.034945441800309895,1,12.370857340948922,0.0
2021-01-04,147462.58105714933,0.06567886624306807,1,13.179643188204084,0.0
2021-01-05,145471.4452419502,-0.01350265132296491,1,13.179643188204084,-0.01350265132296491
2021-01-06,143815.44616568778,-0.011383671025665065,1,13.179643188204084,-0.024732612607995086
2021-01-07,145944.58112053492,0.014804633379881693,1,13.179643188204084,-0.010294136490301309
2021-01-08,146772.5853589093,0.005673415429453543,1,13.179643188204084,-0.004679123973644672
2021-01-11,153475.42354299358,0.04566818910829662,1,13.329642806734357,0.0
2021-01-12,150814.00484943466,-0.017341008951921033,1,13.329642806734357,-0.017341008951921033
2021-01-13,156688.84819563088,0.03895422943022697,1,13.404214279992239,0.0
2021-01-14,153771.14404265617,-0.018621007088723163,1,13.404214279992239,-0.018621007088723163
2021-01-15,146437.43921948623,-0.04769233440271192,1,13.404214279992239,-0.06542526219444444
2021-01-18,143598.58634603248,-0.019386113883067657,1,13.404214279992239,-0.08354303449378098
2021-01-19,144899.7264629916,0.009060953523760462,1,13.404214279992239,-0.0752390605228026
2021-01-20,139596.5924952676,-0.03659864719674577,1,13.404214279992239,-0.10908405988805958
2021-01-21,146437.43921948623,0.049004396181450804,1,13.404214279992239,-0.06542526219444444
2021-01-22,141942.58726977004,-0.030694691013949837,1,13.404214279992239,-0.0941117450008292
2021-01-26,139182.59507632357,-0.019444426415878513,1,13.404214279992239,-0.11172622251616915
2021-01-27,134845.464486622,-0.031161443622481855,1,13.404214279992239,-0.13940611575456063
2021-01-28,141508.8770309458,0.04941517736389933,1,13.404214279992239,-0.09687971632628523
2021-01-29,138965.73525666827,-0.017971605934809176,1,13.404214279992239,-0.11311023817620225
2021-02-01,144840.58800335086,0.042275548974945565,1,13.404214279992239,-0.07561648661484255
2021-02-02,153435.9979032331,0.0593439312721058,1,13.404214279992239,-0.0207599349274461
2021-02-03,151563.14840780172,-0.012206063251288146,1,13.404214279992239,-0.03271260109991725
2021-02-04,149591.71601199647,-0.013007333355868567,1,13.404214279992239,-0.04529443074834161
2021-02-05,154756.85084007247,0.034528214300729054,1,13.497857161930629,-0.01233015225912093
2021-02-08,159862.8472085077,0.032993669364026035,1,14.007286276136126,0.0
2021-02-09,153258.57312382464,-0.041312125988030024,1,14.007286276136126,-0.041312125988030024
2021-02-10,154583.7747021492,0.008646834896824274,0,,-0.03302251022386116
2021-02-11,149368.77287720804,-0.03373576453925642,1,13.835929155349731,-0.0656442351337102
2021-02-12,148276.82202998846,-0.007310435951142558,0,,-0.07247478310834599
2021-02-17,160311.3601899593,0.08116263887512298,1,15.114500897271292,0.0
2021-02-18,162703.77681576472,0.014923562640667187,1,15.333784988948278,0.0
2021-02-19,163587.14252735735,0.005429288298530954,1,15.482999835695539,0.0
2021-02-22,169660.23791761405,0.03712452761524987,1,16.080142327717372,0.0
2021-02-23,163329.497119939,-0.03731422798516415,1,16.080142327717372,-0.03731422798516415
2021-02-24,160771.43626012717,-0.015661964953785135,1,16.080142327717372,-0.05239177880796808
2021-02-25,154422.2846973035,-0.0394917885323286,1,16.080142327717372,-0.08981452229077991
2021-02-26,153870.18990294664,-0.003575227470821729,1,16.080142327717372,-0.09306864241422885
2021-03-01,162372.523449306,0.0552565350814358,1,16.080142327717372,-0.042954758037336505
2021-03-02,157661.28060595845,-0.029015025099480174,1,16.080142327717372,-0.07072344975422129
2021-03-03,164930.58430911787,0.04610709538334601,1,16.080142327717372,-0.02787720721453235
2021-03-04,171132.50240308372,0.03760320209829637,1,16.080142327717372,0.0
2021-03-05,184143.6481300411,0.07602965856428057,1,16.967713526317052,0.0
2021-03-08,174831.57438190654,-0.050569616941435025,1,16.967713526317052,-0.050569616941435025
2021-03-09,181696.01675956688,0.03926317315352579,1,16.967713526317052,-0.013291967414188144
2021-03-10,173727.36724241576,-0.04385704023273007,1,16.967713526317052,-0.05656606129726205
2021-03-11,170874.85699566538,-0.016419463968334047,1,16.967713526317052,-0.07205674086029501
2021-03-12,172089.4760737167,0.007108237568749676,1,16.967713526317052,-0.06546069972401014
2021-03-15,167102.17705780218,-0.028980848391787495,1,16.967713526317052,-0.09254444150147578
2021-03-16,167470.25195455816,0.00220269360481562,1,16.967713526317052,-0.09054559494611669
2021-03-17,177592.06590446792,0.06043947406645245,1,16.967713526317052,-0.035578649017241726
2021-03-18,162317.3087046372,-0.08601035818822822,1,16.967713526317052,-0.1185288748596438
2021-03-19,165179.3406867186,0.017632327722296948,0,,-0.10298648710342706
2021-03-22,160328.37996942873,-0.02936784162669759,1,15.537855965750559,-0.12932983788718133
2021-03-23,156923.2584650869,-0.021238420203529285,0,,-0.1478214966488084
2021-03-24,156923.2584650869,0.0,0,,-0.1478214966488084
2021-03-25,159325.53078012273,0.015308580375740233,1,15.026999473571777,-0.1347758535357786
2021-03-26,164849.63115835586,0.034671783933089007,1,15.686643191746303,-0.10477698887587983
2021-03-29,168217.53117945432,0.020430133797892713,1,16.161784172058105,-0.0864874629796617
2021-03-30,164421.95645893633,-0.022563490819924592,1,16.161784172058105,-0.10709949472260616
2021-03-31,164439.7663248265,0.00010831805115163462,1,16.161784172058105,-0.10700277748000231
2021-04-01,162123.209198093,-0.014087572480232402,1,16.161784172058105,-0.119582940576899
2021-04-05,163694.9069462923,0.009694464820757753,0,,-0.11104776836672658
2021-04-06,163694.9069462923,0.0,0,,-0.11104776836672658
2021-04-07,163694.9069462923,0.0,0,,-0.11104776836672658
2021-04-08,163694.9069462923,0.0,0,,-0.11104776836672658
2021-04-09,165021.5349471902,0.008104271694495457,1,16.932287216186523,-0.10384345795814254
2021-04-12,169247.92379786324,0.025611135249866468,1,17.460572038378036,-0.08089187155485589
2021-04-13,175517.66268993833,0.03704470194602316,1,18.146429538726807,-0.04684378488043839
2021-04-14,177788.04237183422,0.012935334524746045,1,18.48428671700614,-0.034514390383525995
2021-04-15,170452.9746781371,-0.0412573736447146,1,18.48428671700614,-0.07434779092806798
2021-04-16,171396.0529067106,0.0055327765933934625,1,18.48428671700614,-0.06922636405209182
2021-04-19,167658.6663482318,-0.021805557917445206,1,18.48428671700614,-0.08952240247878496
2021-04-20,161166.7791730226,-0.03872085658683089,0,,-0.12477687495792622
2021-04-22,161166.7791730226,0.0,0,,-0.12477687495792622
2021-04-23,161166.7791730226,0.0,0,,-0.12477687495792622
2021-04-26,161166.7791730226,0.0,0,,-0.12477687495792622
2021-04-27,161166.7791730226,0.0,0,,-0.12477687495792622
2021-04-28,161166.7791730226,0.0,0,,-0.12477687495792622
2021-04-29,161166.7791730226,0.0,0,,-0.12477687495792622
2021-04-30,160802.48079384086,-0.0022603813332439104,1,16.662142753601074,-0.12675521297219472
2021-05-03,162893.08640795626,0.01300107811642337,0,,-0.1154020892812867
2021-05-04,166279.8324011496,0.020791219982850606,1,17.42307083947318,-0.0970102195231638
2021-05-05,169317.06263913814,0.018265776397111466,1,17.763927732195175,-0.08051641010409727
2021-05-06,167571.5358646179,-0.010309219563065741,1,17.763927732195175,-0.08999556831696998
2021-05-07,167658.7980536185,0.000520745892494956,1,17.763927732195175,-0.08952168724701881
2021-05-10,161287.59286548485,-0.038001019106054246,1,17.763927732195175,-0.12412079100559281
2021-05-11,161394.25314611773,0.000661304932003226,0,,-0.1235415677648457
2021-05-12,161394.25314611773,0.0,0,,-0.1235415677648457
2021-05-13,161394.25314611773,0.0,0,,-0.1235415677648457
2021-05-14,161394.25314611773,0.0,0,,-0.1235415677648457
2021-05-17,161394.25314611773,0.0,0,,-0.1235415677648457
2021-05-18,161394.25314611773,0.0,0,,-0.1235415677648457
2021-05-19,161394.25314611773,0.0,0,,-0.1235415677648457
2021-05-20,161394.25314611773,0.0,0,,-0.1235415677648457
2021-05-21,161394.25314611773,0.0,0,,-0.1235415677648457
2021-05-24,161394.25314611773,0.0,0,,-0.1235415677648457
2021-05-25,157554.6202146681,-0.023790394370321377,1,17.228214468274796,-0.14439285951691372
2021-05-26,157721.9683049412,0.0010621592057731277,1,17.228214468274796,-0.14348406851612439
2021-05-27,161738.22671634192,0.025464166181565995,1,17.251428263528005,-0.12167360449966014
2021-05-28,164499.40636907893,0.017071905070281224,1,17.652857031141007,-0.10667889965495603
2021-05-31,165085.10872584253,0.003560513497838924,1,17.72999940599714,-0.10349821781927315
2021-06-01,164499.40636907893,-0.0035478812188703968,1,17.72999940599714,-0.10667889965495603
2021-06-02,169687.08545319908,0.03153615686904554,1,18.188929080963135,-0.0785069853000463
2021-06-04,171527.86656862634,0.010848092007184285,1,18.448214326586044,-0.0685105442926035
2021-06-07,164834.10254962515,-0.03902435302734375,1,18.448214326586044,-0.10486131765337714
2021-06-08,161654.55267120537,-0.019289393573532765,1,18.448214326586044,-0.12212800000005475
2021-06-09,158977.0470636049,-0.016563131463710357,1,18.448214326586044,-0.13666830934436425
2021-06-10,163328.0016555518,0.027368445145456333,1,18.448214326586044,-0.11304026332632133
2021-06-11,164750.4285044886,0.008709020097708686,1,18.448214326586044,-0.10531571315377186
2021-06-14,162156.58098283238,-0.015744101822384948,1,18.448214326586044,-0.1194017136647667
2021-06-15,168013.63646885264,0.03611975197380568,1,18.448214326586044,-0.08759472197377971
2021-06-16,167762.614333443,-0.001494058105552476,1,18.448214326586044,-0.08895790847496365
2021-06-17,160148.45177713202,-0.04538652778250796,1,18.448214326586044,-0.13030694567299883
2021-06-18,158977.0470636049,-0.007314492900357794,1,18.448214326586044,-0.13666830934436425
2021-06-21,162491.27716337857,0.022105267173365473,1,18.448214326586044,-0.11758413166318815
2021-06-22,161738.22671634192,-0.004634405367369365,1,18.448214326586044,-0.12167360449966014
2021-06-23,163076.97952014217,0.008277281326622754,1,18.448214326586044,-0.11440344982750528
2021-06-24,162742.29929878825,-0.002052283665902599,1,18.448214326586044,-0.11622094516200399
2021-06-25,159646.423465505,-0.019023178648836292,1,18.448214326586044,-0.13303323200828687
2021-06-28,159741.14796658212,0.0005933393246206897,0,,-0.13251882653169822
2021-06-29,159741.14796658212,0.0,0,,-0.13251882653169822
2021-06-30,159741.14796658212,0.0,0,,-0.13251882653169822
2021-07-01,159741.14796658212,0.0,0,,-0.13251882653169822
2021-07-02,165092.99784293902,0.03350326415255567,1,19.34750005177089,-0.1034553756296206
2021-07-05,166879.04269343318,0.010818416733781255,1,19.611428601401194,-0.09375618226275051
2021-07-06,157172.25788242815,-0.05816658973072475,1,19.611428601401194,-0.14646929460507885
2021-07-07,152062.69711542843,-0.032509304350783697,0,,-0.17421698407950148
2021-07-08,152062.69711542843,0.0,0,,-0.17421698407950148
2021-07-12,152062.69711542843,0.0,0,,-0.17421698407950148
2021-07-13,152062.69711542843,0.0,0,,-0.17421698407950148
2021-07-14,148759.80951058754,-0.021720564395446118,1,17.601785932268417,-0.19215345725346833
2021-07-15,148843.71472411975,0.000564031466618875,0,,-0.19169780638315992
2021-07-16,148843.71472411975,0.0,0,,-0.19169780638315992
2021-07-19,148843.71472411975,0.0,0,,-0.19169780638315992
2021-07-20,148843.71472411975,0.0,0,,-0.19169780638315992
2021-07-21,148843.71472411975,0.0,0,,-0.19169780638315992
2021-07-22,148843.71472411975,0.0,0,,-0.19169780638315992
2021-07-23,148843.71472411975,0.0,0,,-0.19169780638315992
2021-07-26,148843.71472411975,0.0,0,,-0.19169780638315992
2021-07-27,148843.71472411975,0.0,0,,-0.19169780638315992
2021-07-28,148843.71472411975,0.0,0,,-0.19169780638315992
2021-07-29,148843.71472411975,0.0,0,,-0.19169780638315992
2021-07-30,148843.71472411975,0.0,0,,-0.19169780638315992
2021-08-02,148843.71472411975,0.0,0,,-0.19169780638315992
2021-08-03,148843.71472411975,0.0,0,,-0.19169780638315992
2021-08-04,148843.71472411975,0.0,0,,-0.19169780638315992
2021-08-05,148843.71472411975,0.0,0,,-0.19169780638315992
2021-08-06,148843.71472411975,0.0,0,,-0.19169780638315992
2021-08-09,148843.71472411975,0.0,0,,-0.19169780638315992
2021-08-10,148843.71472411975,0.0,0,,-0.19169780638315992
2021-08-11,148843.71472411975,0.0,0,,-0.19169780638315992
2021-08-12,148843.71472411975,0.0,0,,-0.19169780638315992
2021-08-13,148843.71472411975,0.0,0,,-0.19169780638315992
2021-08-16,148843.71472411975,0.0,0,,-0.19169780638315992
2021-08-17,148843.71472411975,0.0,0,,-0.19169780638315992
2021-08-18,148843.71472411975,0.0,0,,-0.19169780638315992
2021-08-19,148843.71472411975,0.0,0,,-0.19169780638315992
2021-08-20,148843.71472411975,0.0,0,,-0.19169780638315992
2021-08-23,148843.71472411975,0.0,0,,-0.19169780638315992
2021-08-24,148843.71472411975,0.0,0,,-0.19169780638315992
2021-08-25,147066.16698008668,-0.011942376924196862,1,16.850358486175537,-0.2013508558479874
2021-08-26,140381.33649092563,-0.04545457753084836,1,16.850358486175537,-0.2376531152907908
2021-08-27,142343.96002685206,0.013980658576030036,0,,-0.22699500377917115
2021-08-30,139741.40355284637,-0.018283575035531796,1,17.249642031533376,-0.24112829863041563
2021-08-31,138800.1462521034,-0.006735708078007163,1,17.249642031533376,-0.2462398368795018
2021-09-01,134890.2763640927,-0.0281690617307363,1,17.249642031533376,-0.26747255344461296
2021-09-02,135903.95400735506,0.007514831095210228,1,17.249642031533376,-0.26196773341114366
2021-09-03,131414.8456703947,-0.033031477043835134,1,17.249642031533376,-0.286346029282583
2021-09-06,134166.23866050606,0.020936698407820753,1,17.249642031533376,-0.2714044713301287
2021-09-08,132211.3037165007,-0.01457099016506025,1,17.249642031533376,-0.28202082961268427
2021-09-09,132735.95219737597,0.003968257373819339,0,,-0.2791717034755461
2021-09-10,126763.12645586059,-0.04499779933498271,1,17.56821414402553,-0.31160739051753095
2021-09-13,129550.58832598563,0.02198953235107881,1,17.56821414402553,-0.29646995896107253
2021-09-14,130280.62912285748,0.005635179324966488,1,17.56821414402553,-0.2925054410193171
2021-09-15,139970.38235089814,0.07437600887621598,1,18.35785743168422,-0.23988481942069528
2021-09-16,138643.0147332326,-0.009483203484705216,1,18.35785743168422,-0.24709314634994228
2021-09-17,133200.83028649224,-0.03925321774928092,1,18.35785743168422,-0.27664716302119396
2021-09-20,121654.90615492023,-0.08668057178576671,0,,-0.3393478005333733
2021-09-21,121654.90615492023,0.0,0,,-0.3393478005333733
2021-09-22,121654.90615492023,0.0,0,,-0.3393478005333733
2021-09-23,121654.90615492023,0.0,0,,-0.3393478005333733
2021-09-24,121654.90615492023,0.0,0,,-0.3393478005333733
2021-09-27,121654.90615492023,0.0,0,,-0.3393478005333733
2021-09-28,121654.90615492023,0.0,0,,-0.3393478005333733
2021-09-29,121654.90615492023,0.0,0,,-0.3393478005333733
2021-09-30,121654.90615492023,0.0,0,,-0.3393478005333733
2021-10-01,121654.90615492023,0.0,0,,-0.3393478005333733
2021-10-04,121654.90615492023,0.0,0,,-0.3393478005333733
2021-10-05,121654.90615492023,0.0,0,,-0.3393478005333733
2021-10-06,121654.90615492023,0.0,0,,-0.3393478005333733
2021-10-07,121654.90615492023,0.0,0,,-0.3393478005333733
2021-10-08,121654.90615492023,0.0,0,,-0.3393478005333733
2021-10-11,121654.90615492023,0.0,0,,-0.3393478005333733
2021-10-13,121654.90615492023,0.0,0,,-0.3393478005333733
2021-10-14,121654.90615492023,0.0,0,,-0.3393478005333733
2021-10-15,121654.90615492023,0.0,0,,-0.3393478005333733
2021-10-18,121654.90615492023,0.0,0,,-0.3393478005333733
2021-10-19,121654.90615492023,0.0,0,,-0.3393478005333733
2021-10-20,121654.90615492023,0.0,0,,-0.3393478005333733
2021-10-21,121654.90615492023,0.0,0,,-0.3393478005333733
2021-10-22,121654.90615492023,0.0,0,,-0.3393478005333733
2021-10-25,121654.90615492023,0.0,0,,-0.3393478005333733
2021-10-26,121654.90615492023,0.0,0,,-0.3393478005333733
2021-10-27,121654.90615492023,0.0,0,,-0.3393478005333733
2021-10-28,121654.90615492023,0.0,0,,-0.3393478005333733
2021-10-29,121654.90615492023,0.0,0,,-0.3393478005333733
2021-11-01,121654.90615492023,0.0,0,,-0.3393478005333733
2021-11-03,121654.90615492023,0.0,0,,-0.3393478005333733
2021-11-04,121654.90615492023,0.0,0,,-0.3393478005333733
2021-11-05,121654.90615492023,0.0,0,,-0.3393478005333733
2021-11-08,122621.16725657634,0.007942639817794417,1,23.151071071624756,-0.3341004780681762
2021-11-09,117055.50812346519,-0.04538905686214356,1,23.151071071624756,-0.364325029333614
2021-11-10,117056.3514273637,7.2043076999595e-06,0,,-0.36432044973552813
2021-11-11,117056.3514273637,0.0,0,,-0.36432044973552813
2021-11-12,117056.3514273637,0.0,0,,-0.36432044973552813
2021-11-16,117056.3514273637,0.0,0,,-0.36432044973552813
2021-11-17,117056.3514273637,0.0,0,,-0.36432044973552813
2021-11-18,117056.3514273637,0.0,0,,-0.36432044973552813
2021-11-19,117056.3514273637,0.0,0,,-0.36432044973552813
2021-11-22,117056.3514273637,0.0,0,,-0.36432044973552813
2021-11-23,117056.3514273637,0.0,0,,-0.36432044973552813
2021-11-24,117056.3514273637,0.0,0,,-0.36432044973552813
2021-11-25,117056.3514273637,0.0,0,,-0.36432044973552813
2021-11-26,117056.3514273637,0.0,0,,-0.36432044973552813
2021-11-29,117056.3514273637,0.0,0,,-0.36432044973552813
2021-11-30,117056.3514273637,0.0,0,,-0.36432044973552813
2021-12-01,117056.3514273637,0.0,0,,-0.36432044973552813
2021-12-02,117056.3514273637,0.0,0,,-0.36432044973552813
2021-12-03,117056.3514273637,0.0,0,,-0.36432044973552813
2021-12-06,117056.3514273637,0.0,0,,-0.36432044973552813
2021-12-07,117056.3514273637,0.0,0,,-0.36432044973552813
2021-12-08,117056.3514273637,0.0,0,,-0.36432044973552813
2021-12-09,117056.3514273637,0.0,0,,-0.36432044973552813
2021-12-10,117056.3514273637,0.0,0,,-0.36432044973552813
2021-12-13,117056.3514273637,0.0,0,,-0.36432044973552813
2021-12-14,117056.3514273637,0.0,0,,-0.36432044973552813
2021-12-15,117056.3514273637,0.0,0,,-0.36432044973552813
2021-12-16,117056.3514273637,0.0,0,,-0.36432044973552813
2021-12-17,117056.3514273637,0.0,0,,-0.36432044973552813
2021-12-20,117056.3514273637,0.0,0,,-0.36432044973552813
2021-12-21,117056.3514273637,0.0,0,,-0.36432044973552813
2021-12-22,117056.3514273637,0.0,0,,-0.36432044973552813
2021-12-23,117056.3514273637,0.0,0,,-0.36432044973552813
2021-12-27,117056.3514273637,0.0,0,,-0.36432044973552813
2021-12-28,112666.5695158436,-0.037501441468078434,1,18.212499618530273,-0.3881593491822256
2021-12-29,112778.11866108963,0.0009900820245560826,0,,-0.38755357675195823
2021-12-30,112778.11866108963,0.0,0,,-0.38755357675195823
2022-01-03,110592.49208401084,-0.019379881514487995,1,18.147499561309814,-0.39942271586847733
2022-01-04,111623.9308873327,0.009326481245565343,0,,-0.3938214430915121
2022-01-05,111623.9308873327,0.0,0,,-0.3938214430915121
2022-01-06,111623.9308873327,0.0,0,,-0.3938214430915121
2022-01-07,111623.9308873327,0.0,0,,-0.3938214430915121
2022-01-10,111623.9308873327,0.0,0,,-0.3938214430915121
2022-01-11,111623.9308873327,0.0,0,,-0.3938214430915121
2022-01-12,112033.70153631984,0.003670992821429575,1,18.69928571156093,-0.39159616596059654
2022-01-13,115495.41613398473,0.03089886837794653,1,19.23071425301688,-0.3727971759719749
2022-01-14,120111.0322628419,0.03996363044835172,1,20.071427822113037,-0.3477318740963564
2022-01-17,119691.43079658215,-0.003493446508240128,1,20.071427822113037,-0.3500105379032309
2022-01-18,125460.95846071966,0.04820334777301594,1,21.177142483847483,-0.31867886981298477
2022-01-19,125828.10849318592,0.0029264086371634246,1,21.177142483847483,-0.31668504577292356
2022-01-20,126929.56859467279,0.008753688779693514,1,21.37678623199463,-0.3107035193251091
2022-01-21,123782.5525956807,-0.024793403411316528,1,21.37678623199463,-0.3277935250404824
2022-01-24,121527.19096300154,-0.018220351619714914,1,21.37678623199463,-0.3400413633752939
2022-01-25,125251.15272554575,0.030643033324763813,1,21.37678623199463,-0.31981822888023725
2022-01-26,123730.10116188721,-0.012144012494571643,1,21.37678623199463,-0.3280783648072956
2022-01-27,124884.00269307948,0.009325956419307557,1,21.37678623199463,-0.3218120529202986
2022-01-28,125041.35699445991,0.0012600036673002801,1,21.37678623199463,-0.32095753361985924
2022-01-31,125460.95846071966,0.0033557014762590764,1,21.37678623199463,-0.31867886981298477
2022-02-01,124516.85266061322,-0.007525096346223337,1,21.37678623199463,-0.3238058769603599
2022-02-02,120792.89089806902,-0.029907291125437774,1,21.37678623199463,-0.3440290114554164
2022-02-03,119271.8293303224,-0.012592310329174627,1,21.37678623199463,-0.35228920171010525
2022-02-04,128031.01869207158,0.07343887832466,1,21.636785098484584,-0.30472204720492524
2022-02-07,126772.21429329236,-0.00983202673569894,1,21.636785098484584,-0.31155803862554843
2022-02-08,125198.71129584034,-0.012412049487529275,1,21.636785098484584,-0.3201030143194199
2022-02-09,128503.0715921248,0.02639292579039698,1,21.769642693655832,-0.30215854363123773
2022-02-10,129814.3274246975,0.010204081632652962,1,22.030356884002686,-0.2950377124438014
2022-02-11,135321.5979198676,0.0424242115984057,1,22.991070406777517,-0.265130243187621
2022-02-14,138993.11825270642,0.027131813319356102,1,23.719642571040563,-0.2451918941317469
2022-02-15,135059.35075498832,-0.028301886792452824,1,23.719642571040563,-0.2665543876940559
2022-02-16,132384.38765604942,-0.019805834131333522,1,23.719642571040563,-0.28108088983574175
2022-02-17,130548.62748963003,-0.013866893210919384,1,23.719642571040563,-0.29105006436367875
2022-02-18,127873.66439069115,-0.02049016638762724,1,23.719642571040563,-0.3055765665053646
2022-02-21,132541.74195742985,0.03650538669538994,1,23.719642571040563,-0.2802263705353024
2022-02-22,128712.87732729872,-0.02888799085921856,1,23.719642571040563,-0.30101918456398524
2022-02-23,130548.62748963003,0.014262365976507985,1,23.719642571040563,-0.29105006436367875
2022-02-24,130391.28319233768,-0.00120525432030949,1,23.719642571040563,-0.2919045293364876
2022-02-25,135426.50078745457,0.0386162132302168,1,23.719642571040563,-0.2645605636539947
2022-03-02,147647.40474686865,0.09024012204667531,1,24.85892881665911,-0.19819441916019298
2022-03-03,149273.35917811413,0.011012414569921303,1,25.038570880889893,-0.18936460369950858
2022-03-04,147909.661915836,-0.009135570270452198,1,25.038570880889893,-0.19677022032612757
2022-03-07,144500.38874787654,-0.02304969887565178,1,25.038570880889893,-0.21528442487556643
2022-03-08,146545.95464946984,0.014156127324767231,1,25.038570880889893,-0.20417589128037694
2022-03-09,137104.90665249355,-0.06442380493926825,1,25.038570880889893,-0.25544590842649695
2022-03-10,135426.50078745457,-0.012241763668554007,1,25.038570880889893,-0.2645605636539947
2022-03-11,131130.89659476647,-0.0317190813298045,0,,-0.28788802694859916
2022-03-14,131130.89659476647,0.0,0,,-0.28788802694859916
2022-03-15,131130.89659476647,0.0,0,,-0.28788802694859916
2022-03-16,131130.89659476647,0.0,0,,-0.28788802694859916
2022-03-17,131130.89659476647,0.0,0,,-0.28788802694859916
2022-03-18,131130.89659476647,0.0,0,,-0.28788802694859916
2022-03-21,129303.99019921181,-0.013931929415539224,1,21.798213618142263,-0.2978091206931117
2022-03-22,131230.9476737928,0.014902536817404055,1,22.342141832624165,-0.2873446952613955
2022-03-23,135084.8720470201,0.02936749632264468,1,23.206071308680944,-0.2664157932201713
2022-03-24,129007.53737790672,-0.0449890100721122,1,23.206071308680944,-0.2994190204877315
2022-03-25,124659.51868646077,-0.033703601974116704,1,23.206071308680944,-0.32303112297184977
2022-03-28,123671.3394740887,-0.007927025732046178,1,23.206071308680944,-0.3283974726798463
2022-03-29,124708.92906068916,0.008389895274141912,1,23.206071308680944,-0.32276279780978123
2022-03-30,126643.27774013545,0.015510907631200554,0,,-0.312258234122196
2022-03-31,126643.27774013545,0.0,0,,-0.312258234122196
2022-04-01,126643.27774013545,0.0,0,,-0.312258234122196
2022-04-04,126643.27774013545,0.0,0,,-0.312258234122196
2022-04-05,126643.27774013545,0.0,0,,-0.312258234122196
2022-04-06,126643.27774013545,0.0,0,,-0.312258234122196
2022-04-07,126643.27774013545,0.0,0,,-0.312258234122196
2022-04-08,126643.27774013545,0.0,0,,-0.312258234122196
2022-04-11,126643.27774013545,0.0,0,,-0.312258234122196
2022-04-12,126643.27774013545,0.0,0,,-0.312258234122196
2022-04-13,127818.96131241541,0.009283426592072264,1,21.78642851965768,-0.3058736339243673
2022-04-14,130759.73985076939,0.023007373148386856,1,22.382142407553538,-0.2899036096079314
2022-04-18,131035.5176756975,0.0021090423187049012,0,,-0.28840598627023495
2022-04-19,131035.5176756975,0.0,0,,-0.28840598627023495
2022-04-20,131035.5176756975,0.0,0,,-0.28840598627023495
2022-04-22,131035.5176756975,0.0,0,,-0.28840598627023495
2022-04-25,131035.5176756975,0.0,0,,-0.28840598627023495
2022-04-26,131035.5176756975,0.0,0,,-0.28840598627023495
2022-04-27,131921.8582762118,0.006764124843677388,1,22.988214833395823,-0.28359267552335343
2022-04-28,135478.95683508986,0.02696367838778002,1,23.528215340205602,-0.26427569883151514
2022-04-29,137644.1459796958,0.015981737645363703,1,23.72321537562779,-0.252517546070922
2022-05-02,129653.56254548527,-0.0580524756598747,1,23.72321537562779,-0.2959107530338232
2022-05-03,133159.10781130302,0.027037785904170164,1,23.72321537562779,-0.27687373871692345
2022-05-04,140891.9247802121,0.05807200946304847,1,24.047857216426305,-0.23488034362871368
2022-05-05,136870.85641657672,-0.0285400910656034,1,24.047857216426305,-0.2567169282976334
2022-05-06,136613.0997840605,-0.0018832104895414314,1,24.047857216426305,-0.2581166867749619
2022-05-09,124859.214451516,-0.08603776176020783,1,24.047857216426305,-0.32194666653209136
2022-05-10,125116.98091681745,0.0020644568879739644,1,24.047857216426305,-0.32054685465739974
2022-05-11,131406.33517839416,0.05026779111428614,1,24.047857216426305,-0.28639224587537326
2022-05-12,134757.22056503105,0.025500181418862455,1,24.047857216426305,-0.2681951186832884
2022-05-13,139654.6752451209,0.03634279973685284,1,24.047857216426305,-0.24159928043514367
2022-05-16,139500.01536594002,-0.0011074450526586954,1,24.047857216426305,-0.24243916755995853
2022-05-17,136716.20637018108,-0.019955617843169238,1,24.047857216426305,-0.25755676202508526
2022-05-18,129808.22242466615,-0.050527908350605166,1,24.047857216426305,-0.2950708659090082
2022-05-19,128210.10967093814,-0.01231133686200403,1,24.047857216426305,-0.3037494859426433
2022-05-20,130282.67797552611,0.01616540466198324,0,,-0.2924943146367922
2022-05-23,132209.36333593968,0.014788499824784918,1,22.81642852510725,-0.2820313669327642
2022-05-24,137362.34807916323,0.03897594401184734,1,23.859643118722097,-0.25404786168807303
2022-05-25,138776.88610888273,0.010297858543480087,1,24.278927734919957,-0.24636615208753032
2022-05-26,141353.37848049452,0.018565716841277835,1,24.742499351501465,-0.2323743994651848
2022-05-27,145091.8155581809,0.026447454725691433,1,25.723570619310653,-0.2120726561487586
2022-05-30,142767.92614603165,-0.016016681597160076,1,25.723570619310653,-0.22469263753692004
2022-05-31,141403.89907238702,-0.009554156248297807,1,25.723570619310653,-0.23210004521834793
2022-06-01,142212.20927103178,0.005716321854964956,1,25.723570619310653,-0.2277104819244029
2022-06-02,144990.78401021357,0.019538229195823265,1,25.80357231412615,-0.21262131231471004
2022-06-03,140494.54768995725,-0.031010497328848086,1,25.80357231412615,-0.23703831700596667
2022-06-06,136705.59002037832,-0.02696871680700652,1,25.80357231412615,-0.25761441456922984
2022-06-07,137968.57591023797,0.009238728933260054,1,25.80357231412615,-0.25075571538147545
2022-06-08,140444.02709806475,0.017942137704148653,1,25.80357231412615,-0.23731267125280342
2022-06-09,137513.90021902308,-0.020863307180701285,1,25.80357231412615,-0.2532248512752847
2022-06-10,136907.67238794835,-0.004408484015864356,1,25.80357231412615,-0.2565169975818824
2022-06-13,130162.6536764123,-0.04926691538822625,0,,-0.29314611175460026
2022-06-14,130162.6536764123,0.0,0,,-0.29314611175460026
2022-06-15,130162.6536764123,0.0,0,,-0.29314611175460026
2022-06-17,119778.23903632582,-0.07978029293949707,1,22.121428762163436,-0.34953912202424076
2022-06-20,118871.837541984,-0.007567330273297146,0,,-0.35446137431774216
2022-06-21,118871.837541984,0.0,0,,-0.35446137431774216
2022-06-22,118871.837541984,0.0,0,,-0.35446137431774216
2022-06-23,118871.837541984,0.0,0,,-0.35446137431774216
2022-06-24,118871.837541984,0.0,0,,-0.35446137431774216
2022-06-27,118871.837541984,0.0,0,,-0.35446137431774216
2022-06-28,118871.837541984,0.0,0,,-0.35446137431774216
2022-06-29,118871.837541984,0.0,0,,-0.35446137431774216
2022-06-30,118871.837541984,0.0,0,,-0.35446137431774216
2022-07-01,118871.837541984,0.0,0,,-0.35446137431774216
2022-07-04,118871.837541984,0.0,0,,-0.35446137431774216
2022-07-05,118871.837541984,0.0,0,,-0.35446137431774216
2022-07-06,118871.837541984,0.0,0,,-0.35446137431774216
2022-07-07,118871.837541984,0.0,0,,-0.35446137431774216
2022-07-08,118871.837541984,0.0,0,,-0.35446137431774216
2022-07-11,118871.837541984,0.0,0,,-0.35446137431774216
2022-07-12,118871.837541984,0.0,0,,-0.35446137431774216
2022-07-13,118871.837541984,0.0,0,,-0.35446137431774216
2022-07-14,118871.837541984,0.0,0,,-0.35446137431774216
2022-07-15,118871.837541984,0.0,0,,-0.35446137431774216
2022-07-18,118871.837541984,0.0,0,,-0.35446137431774216
2022-07-19,118871.837541984,0.0,0,,-0.35446137431774216
2022-07-20,118871.837541984,0.0,0,,-0.35446137431774216
2022-07-21,124128.4944665603,0.04422121364717446,1,20.206070559365408,-0.3259148728339436
2022-07-22,123204.59545655189,-0.0074430856023739445,1,20.206070559365408,-0.3309321461387277
2022-07-25,128313.21412164914,0.04146451393445627,1,21.092142718178884,-0.3031895727892002
2022-07-26,129019.72025124943,0.005506105777464798,1,21.322142124176025,-0.2993528608701371
2022-07-27,128747.98951660233,-0.002106117840884547,1,21.322142124176025,-0.3008285063100232
2022-07-28,129291.46135175959,0.004221206383088205,1,21.33464343207223,-0.29787715913798585
2022-07-29,131628.37262096856,0.018074753311442704,1,21.798570496695383,-0.2851864619950757
2022-08-01,127008.88793678959,-0.035094900834799825,1,21.798570496695383,-0.3102727722267309
2022-08-02,127117.57401113058,0.0008557359733365466,1,21.798570496695383,-0.3096825478261356
2022-08-03,129128.41669145349,0.015818762244053097,1,21.798570496695383,-0.29876258017727664
2022-08-04,126900.19149658552,-0.01725588566761571,1,21.798570496695383,-0.3108630529195914
2022-08-05,130813.17005116421,0.03083508786260558,1,21.798570496695383,-0.2896134546069993
2022-08-08,133965.2942560406,0.024096382678009398,1,22.21428578240531,-0.27249570855990035
2022-08-09,136139.17123080653,0.016227165303060787,1,22.571428298950195,-0.2606903761640158
2022-08-10,134780.49682584492,-0.00998004022411858,1,22.571428298950195,-0.2680687159479769
2022-08-11,137823.9349563803,0.022580701230593636,1,22.93500096457345,-0.25154119430147326
2022-08-12,140595.63198640553,0.020110418635938876,1,23.534286907741002,-0.23648937438712114
2022-08-15,137660.8902960742,-0.020873633475434583,1,23.534286907741002,-0.25242661534076405
2022-08-16,132171.8444561258,-0.03987367674393827,1,23.534286907741002,-0.2822351148230382
2022-08-17,132280.54089632985,0.0008223872538914989,1,23.534286907741002,-0.2816448341301778
2022-08-18,133910.94603593854,0.012325358881670079,1,23.534286907741002,-0.27279084890633065
2022-08-19,130269.69821600696,-0.02719156221145924,1,23.534286907741002,-0.29256480177903665
2022-08-22,127709.88044271835,-0.01965013973582741,0,,-0.3064660022781214
2022-08-23,127709.88044271835,0.0,0,,-0.3064660022781214
2022-08-24,133102.98581065136,0.04222935100430214,1,23.35321365083967,-0.27717851165490737
2022-08-25,135203.53257100616,0.015781364689616995,1,23.92035620553153,-0.2657714021418417
2022-08-26,136074.4916988528,0.006441837068045686,1,24.186784676143102,-0.26104162114373974
2022-08-29,139507.09417073152,0.02522590699420313,1,24.6853563444955,-0.2424007258061246
2022-08-30,137662.71760791627,-0.013220665040575397,1,24.6853563444955,-0.2524166920452249
2022-08-31,139916.9567149009,0.016375087940694533,1,24.6853563444955,-0.24017494963447006
2022-09-01,139353.40182410166,-0.004027781221310867,1,24.6853563444955,-0.24323535870381396
2022-09-02,142171.2055937794,0.020220559618878253,1,24.96250023160662,-0.22793315415702553
2022-09-05,151341.89345592321,0.06450453749648077,1,26.598929609571183,-0.17813133934955772
2022-09-06,147140.7901633198,-0.027759024264004895,1,26.598929609571183,-0.20094561144237855
2022-09-08,141146.544347409,-0.04073816519034201,1,26.598929609571183,-0.23349762111950667
2022-09-09,143708.1876914411,0.018148820829272383,1,26.598929609571183,-0.21958650677999347
2022-09-12,141402.71454494854,-0.016042740386112753,1,26.598929609571183,-0.2321064778455415
2022-09-13,138482.44269625502,-0.020652162570508725,1,26.598929609571183,-0.24796513970191592
2022-09-14,145552.5740261502,0.051054351672599196,1,26.598929609571183,-0.20957048747420348
2022-09-15,141915.04516813374,-0.02499116819028513,1,26.598929609571183,-0.22932424436430077
2022-09-16,143554.49534481124,0.011552335235035516,1,26.598929609571183,-0.22042113967768284
2022-09-19,143861.8898099648,0.002141308528271546,1,26.598929609571183,-0.2187518208156144
2022-09-20,145142.71148198083,0.00890313392732378,1,26.598929609571183,-0.2117962636458579
2022-09-21,146167.37272835118,0.007059681026405196,1,26.598929609571183,-0.20623179668337688
2022-09-22,151393.11772353726,0.03575178849864136,1,26.633927822113037,-0.17785316376145444
2022-09-23,144066.8259679964,-0.04839250202191869,1,26.633927822113037,-0.21763890619644233
2022-09-26,144066.8259679964,0.0,1,26.633927822113037,-0.21763890619644233
2022-09-27,139250.93374508587,-0.03342818300154926,1,26.633927822113037,-0.24379181601339994
2022-09-28,139400.14790637273,0.001071548730581684,0,,-0.24298150209379366
2022-09-29,136730.9086047948,-0.019148037801012374,1,25.221785068511963,-0.2574769209077673
2022-09-30,135422.77935708012,-0.009567180245219298,0,,-0.2645807730416778
2022-10-03,136923.21270996047,0.011079623088550372,1,26.272143636431014,-0.2564326051949066
2022-10-04,143499.68743640595,0.04803038576356067,1,27.567500386919296,-0.22071877638121218
2022-10-05,148089.02468104943,0.03198151387387038,1,28.41607107434954,-0.19579618311640123
2022-10-06,149555.72762480206,0.009904197471160225,1,28.747500828334264,-0.18783118970692525
2022-10-07,151448.22833941565,0.012654150694658695,1,29.10999870300293,-0.17755388319197496
2022-10-10,148846.02857657417,-0.017182107650738576,1,29.10999870300293,-0.1916852409079024
2022-10-11,149035.28406255448,0.001271484955226443,1,29.10999870300293,-0.19065748085262935
2022-10-13,150265.41764883173,0.008253975520058354,1,29.10999870300293,-0.18397718751224468
2022-10-14,146906.20496626725,-0.022355194795484534,1,29.10999870300293,-0.20221953644296764
2022-10-17,148325.5940385248,0.009661872843175656,1,29.10999870300293,-0.19451148304730992
2022-10-18,152489.11546391086,0.02807014832723098,1,29.138928209032333,-0.17190130090056654
2022-10-19,158166.65370454462,0.03723241638172814,1,30.263928958347865,-0.14106918533052903
2022-10-20,157125.7665800494,-0.00658095180062146,1,30.263928958347865,-0.14672176762193734
2022-10-21,160153.78216214833,0.019271285976869112,1,30.6660692351205,-0.13027799878794233
2022-10-24,158450.53693351508,-0.010635060912322358,1,30.6660692351205,-0.13952754524761946
2022-10-25,159869.9169815744,0.00895787464989728,1,30.94535732269287,-0.1318195408582583
2022-10-26,157693.53303799036,-0.01361346765342275,1,30.94535732269287,-0.14363848745611818
2022-10-27,159018.2853430595,0.008400802997736045,1,30.94535732269287,-0.13644436309439367
2022-10-28,160958.1089533664,0.012198745610430883,1,31.25571346282959,-0.12591006755932854
2022-10-31,167439.95593682173,0.04027039722076564,1,32.450712476457866,-0.09071011877327062
2022-11-01,175672.38909300015,0.04916647947091368,1,33.93178578785488,-0.046003536494827135
2022-11-03,173827.1932256834,-0.010503619133567454,1,33.93178578785488,-0.05602395200225574
2022-11-04,178132.6562655547,0.02476863924438688,1,34.34642941611154,-0.03264294981405769
2022-11-07,172313.16738623742,-0.03266941054672068,1,34.34642941611154,-0.06424593443184679
2022-11-08,177091.76914105946,0.027732075425848768,1,34.34642941611154,-0.03829553210546621
2022-11-09,176098.2049122576,-0.005610448377250332,1,34.34642941611154,-0.043691125376759454
2022-11-10,173070.18933015867,-0.017195039458850148,1,34.34642941611154,-0.060134894210754575
2022-11-11,178369.21659883182,0.030617793215470535,1,34.34642941611154,-0.03135829875126306
2022-11-14,182154.23607645548,0.021220138484638218,1,34.64821434020996,-0.010803587708769213
2022-11-16,171603.48638640603,-0.05792206603211236,1,34.64821434020996,-0.06809988762023056
2022-11-17,163684.46846837414,-0.04614718549598895,0,,-0.11110445496995269
2022-11-18,163684.46846837414,0.0,0,,-0.11110445496995269
2022-11-21,163684.46846837414,0.0,0,,-0.11110445496995269
2022-11-22,163684.46846837414,0.0,0,,-0.11110445496995269
2022-11-23,163684.46846837414,0.0,0,,-0.11110445496995269
2022-11-24,163684.46846837414,0.0,0,,-0.11110445496995269
2022-11-25,163684.46846837414,0.0,0,,-0.11110445496995269
2022-11-28,163684.46846837414,0.0,0,,-0.11110445496995269
2022-11-29,163684.46846837414,0.0,0,,-0.11110445496995269
2022-11-30,163684.46846837414,0.0,0,,-0.11110445496995269
2022-12-01,163684.46846837414,0.0,0,,-0.11110445496995269
2022-12-02,163684.46846837414,0.0,0,,-0.11110445496995269
2022-12-05,163684.46846837414,0.0,0,,-0.11110445496995269
2022-12-06,163684.46846837414,0.0,0,,-0.11110445496995269
2022-12-07,163684.46846837414,0.0,0,,-0.11110445496995269
2022-12-08,163684.46846837414,0.0,0,,-0.11110445496995269
2022-12-09,163684.46846837414,0.0,0,,-0.11110445496995269
2022-12-12,163684.46846837414,0.0,0,,-0.11110445496995269
2022-12-13,163684.46846837414,0.0,0,,-0.11110445496995269
2022-12-14,163684.46846837414,0.0,0,,-0.11110445496995269
2022-12-15,163684.46846837414,0.0,0,,-0.11110445496995269
2022-12-16,163684.46846837414,0.0,0,,-0.11110445496995269
2022-12-19,165100.46857296588,0.008650790865141422,1,32.108571325029644,-0.10341480550894189
2022-12-20,165469.6228559299,0.002235937221467532,1,32.29214491162981,-0.10141009730036266
2022-12-21,164408.33069577595,-0.0064138186927396035,1,32.29214491162981,-0.10717349001540477
2022-12-22,162701.018540435,-0.010384584212464132,1,32.29214491162981,-0.11644512209546021
2022-12-23,165636.08525420714,0.018039633310855452,0,,-0.10050611608804472
2022-12-26,166515.63866446467,0.005310155748414758,1,32.33107008252825,-0.09572966346972578
2022-12-27,167173.44690064015,0.003950429169604863,1,32.790716307503835,-0.09215740755508828
2022-12-28,175019.97123602324,0.046936427290673155,1,34.32321507590158,-0.0495465197234215
2022-12-29,174832.02602568737,-0.0010738500812710328,1,34.32321507590158,-0.05056716427046093
2023-01-02,172717.6872180135,-0.012093544047606097,1,34.32321507590158,-0.06204917208959959
2023-01-03,161026.5031715212,-0.06768955881012384,0,,-0.12553864981644502
2023-01-04,161026.5031715212,0.0,0,,-0.12553864981644502
2023-01-05,161026.5031715212,0.0,0,,-0.12553864981644502
2023-01-06,165344.28355478426,0.026814097668530046,1,32.03178582872663,-0.10209075776526844
2023-01-09,169245.2337019143,0.02359289394989883,1,32.7224976675851,-0.08090648023659042
2023-01-10,170185.22752146435,0.005554034219986681,1,32.88499791281564,-0.07580180337645648
2023-01-11,183392.0967603599,0.07760291202260716,1,35.477141925266814,-0.004081332032427554
2023-01-12,186823.05896216037,0.018708342738911643,1,36.32499926430838,0.0
2023-01-13,183533.08955818063,-0.017610082086527146,1,36.32499926430838,-0.017610082086527146
2023-01-16,183627.09073302473,0.000512175624953537,1,36.32499926430838,-0.017106925916371862
2023-01-17,182076.11617032439,-0.008446327589839653,1,36.32499926430838,-0.02540876280586668
2023-01-18,183157.10278769513,0.005937003930595264,1,36.32499926430838,-0.019622610799921447
2023-01-19,190442.02351364898,0.03977416444721826,1,36.68607234954834,0.0
2023-01-20,193167.98586856417,0.014313869935958845,1,37.13214111328125,0.0
2023-01-23,195329.97703219656,0.011192285066861318,1,37.71714414869036,0.0
2023-01-24,192838.99072105528,-0.012752708769994348,1,37.71714414869036,-0.012752708769994348
2023-01-25,197021.9443927176,0.02169143105355187,1,37.939640862601145,0.0
2023-01-26,198995.9332066618,0.010019131726816788,1,38.447142464774,0.0
2023-01-27,196410.9636495673,-0.012990062236146072,1,38.447142464774,-0.012990062236146072
2023-01-30,195047.97350766428,-0.006939480956545951,1,38.447142464774,-0.019839398903179983
2023-01-31,197867.93703742357,0.014457794557134918,1,38.447142464774,-0.005668438299524348
2023-02-01,193167.98586856417,-0.023752969982046568,1,38.447142464774,-0.02928676603679725
2023-02-02,188233.04072704,-0.025547427640944642,1,38.447142464774,-0.05408599214157961
2023-02-03,188797.02984721368,0.002996228069181095,1,38.447142464774,-0.05125181804020251
2023-02-06,193637.99174278465,0.025641091385222525,1,38.447142464774,-0.026924879205007746
2023-02-07,195658.97217970545,0.01043690041779266,1,38.447142464774,-0.01676899107023888
2023-02-08,199982.91864918845,0.022099402962781678,1,38.52499907357352,0.0
2023-02-09,197209.9467424058,-0.01386604378770484,1,38.52499907357352,-0.01386604378770484
2023-02-10,200922.9124687385,0.01882747694862763,1,39.03035817827497,0.0
2023-02-13,197585.95144178215,-0.01660816571865864,1,39.03035817827497,-0.01660816571865864
2023-02-14,192040.00762821682,-0.02806851283249978,1,39.03035817827497,-0.04421051203855997
2023-02-15,192228.009977905,0.0009789749126241087,1,39.03035817827497,-0.04327481810809575
2023-02-16,189173.03454659006,-0.015892457252541292,1,39.03035817827497,-0.05847953216374269
2023-02-17,186261.24385447166,-0.015392207980896355,0,,-0.07297161102294913
2023-02-22,186261.24385447166,0.0,0,,-0.07297161102294913
2023-02-23,186261.24385447166,0.0,0,,-0.07297161102294913
2023-02-24,186261.24385447166,0.0,0,,-0.07297161102294913
2023-02-27,186261.24385447166,0.0,0,,-0.07297161102294913
2023-02-28,186261.24385447166,0.0,0,,-0.07297161102294913
2023-03-01,186261.24385447166,0.0,0,,-0.07297161102294913
2023-03-02,186261.24385447166,0.0,0,,-0.07297161102294913
2023-03-03,186261.24385447166,0.0,0,,-0.07297161102294913
2023-03-06,186261.24385447166,0.0,0,,-0.07297161102294913
2023-03-07,186261.24385447166,0.0,0,,-0.07297161102294913
2023-03-08,186261.24385447166,0.0,0,,-0.07297161102294913
2023-03-09,186261.24385447166,0.0,0,,-0.07297161102294913
2023-03-10,186261.24385447166,0.0,0,,-0.07297161102294913
2023-03-13,186261.24385447166,0.0,0,,-0.07297161102294913
2023-03-14,186261.24385447166,0.0,0,,-0.07297161102294913
2023-03-15,186261.24385447166,0.0,0,,-0.07297161102294913
2023-03-16,186261.24385447166,0.0,0,,-0.07297161102294913
2023-03-17,186261.24385447166,0.0,0,,-0.07297161102294913
2023-03-20,186261.24385447166,0.0,0,,-0.07297161102294913
2023-03-21,186261.24385447166,0.0,0,,-0.07297161102294913
2023-03-22,186261.24385447166,0.0,0,,-0.07297161102294913
2023-03-23,186261.24385447166,0.0,0,,-0.07297161102294913
2023-03-24,186261.24385447166,0.0,0,,-0.07297161102294913
2023-03-27,186261.24385447166,0.0,0,,-0.07297161102294913
2023-03-28,186261.24385447166,0.0,0,,-0.07297161102294913
2023-03-29,186261.24385447166,0.0,0,,-0.07297161102294913
2023-03-30,186261.24385447166,0.0,0,,-0.07297161102294913
2023-03-31,186261.24385447166,0.0,0,,-0.07297161102294913
2023-04-03,186261.24385447166,0.0,0,,-0.07297161102294913
2023-04-04,186261.24385447166,0.0,0,,-0.07297161102294913
2023-04-05,185982.27044879843,-0.0014977533699452872,1,30.007143633706228,-0.07436007091657448
2023-04-06,187588.0477694159,0.008634034398776302,0,,-0.06636806392798722
2023-04-10,187360.73241200618,-0.0012117795355977012,1,31.35214110783168,-0.06749942000189979
2023-04-11,191706.7363785671,0.023195916831729946,1,32.14249985558646,-0.04586921410272382
2023-04-12,195462.54000143023,0.0195914013968006,1,32.794285910470144,-0.027176454891165602
2023-04-13,195891.76359026658,0.0021959378448330735,1,33.15999828066145,-0.025040194852116282
2023-04-14,196803.89697620398,0.0046563131048493744,1,33.430000509534565,-0.020500476734704898
2023-04-17,193960.2267392782,-0.014449257766829704,1,33.430000509534565,-0.034653517828851954
2023-04-18,189399.60074455757,-0.02351320201770568,1,33.430000509534565,-0.05735190468122364
2023-04-19,184034.17284546254,-0.028328612510283735,1,33.430000509534565,-0.08405581730706635
2023-04-20,182424.54856923068,-0.008746333636544201,1,33.430000509534565,-0.0920669707213505
2023-04-24,187950.93275570395,0.030294081744025814,1,33.430000509534565,-0.06456197331428215
2023-04-25,185912.08489063568,-0.010847766675988413,1,33.430000509534565,-0.07470938676761585
2023-04-26,179097.20801451654,-0.036656449095969545,0,,-0.10862725503054715
2023-04-27,179097.20801451654,0.0,0,,-0.10862725503054715
2023-04-28,179097.20801451654,0.0,0,,-0.10862725503054715
2023-05-02,179097.20801451654,0.0,0,,-0.10862725503054715
2023-05-03,179097.20801451654,0.0,0,,-0.10862725503054715
2023-05-04,179097.20801451654,0.0,0,,-0.10862725503054715
2023-05-05,179097.20801451654,0.0,0,,-0.10862725503054715
2023-05-08,179097.20801451654,0.0,0,,-0.10862725503054715
2023-05-09,179097.20801451654,0.0,0,,-0.10862725503054715
2023-05-10,179097.20801451654,0.0,0,,-0.10862725503054715
2023-05-11,179097.20801451654,0.0,0,,-0.10862725503054715
2023-05-12,179097.20801451654,0.0,0,,-0.10862725503054715
2023-05-15,179097.20801451654,0.0,0,,-0.10862725503054715
2023-05-16,179097.20801451654,0.0,0,,-0.10862725503054715
2023-05-17,179097.20801451654,0.0,0,,-0.10862725503054715
2023-05-18,178534.26576230285,-0.003143221820454345,1,33.26356942313058,-0.11142903729269349
2023-05-19,181579.43054299575,0.017056472423882862,1,33.8932135445731,-0.0962731511706133
2023-05-22,177748.4210173536,-0.021098257187974867,1,33.8932135445731,-0.1153402126548938
2023-05-23,177601.0809826808,-0.0008289245768231535,1,33.8932135445731,-0.1160735288947512
2023-05-24,176569.66326793804,-0.0058074968296130125,1,33.8932135445731,-0.12120692907330599
2023-05-25,174997.9737780395,-0.008901243060726372,1,33.8932135445731,-0.12902927979770673
2023-05-26,173622.73142236588,-0.007858618737025647,1,33.8932135445731,-0.1358739066188892
2023-05-29,172493.08077250235,-0.006506352253585201,1,33.8932135445731,-0.1414962153739412
2023-05-30,166217.98069166573,-0.0363788509819285,0,,-0.17272759662227422
2023-05-31,166217.98069166573,0.0,0,,-0.17272759662227422
2023-06-01,166217.98069166573,0.0,0,,-0.17272759662227422
2023-06-02,166217.98069166573,0.0,0,,-0.17272759662227422
2023-06-05,166217.98069166573,0.0,0,,-0.17272759662227422
2023-06-06,166217.98069166573,0.0,0,,-0.17272759662227422
2023-06-07,166217.98069166573,0.0,0,,-0.17272759662227422
2023-06-09,163643.45954903387,-0.015488824565902948,1,32.259286880493164,-0.18554107374640472
2023-06-12,163018.890078994,-0.003816647923241434,0,,-0.18864957671585592
2023-06-13,163018.890078994,0.0,0,,-0.18864957671585592
2023-06-14,163018.890078994,0.0,0,,-0.18864957671585592
2023-06-15,163694.34514648042,0.004143415938846706,1,32.82856845855713,-0.1852878144400304
2023-06-16,163265.16659057242,-0.002621828845241758,0,,-0.18742385034870146
2023-06-19,163265.16659057242,0.0,0,,-0.18742385034870146
2023-06-20,163265.16659057242,0.0,0,,-0.18742385034870146
2023-06-21,163265.16659057242,0.0,0,,-0.18742385034870146
2023-06-22,164264.41715967024,0.00612041496643112,1,35.19999776567732,-0.1824505471210106
2023-06-23,163878.41656166434,-0.0023498734825248,1,35.19999776567732,-0.18437168490098355
2023-06-26,158860.42514839783,-0.03062020929021081,1,35.19999776567732,-0.2093463946123375
2023-06-27,150742.40395124035,-0.051101595564622904,0,,-0.2497500553865688
2023-06-28,150742.40395124035,0.0,0,,-0.2497500553865688
2023-06-29,150742.40395124035,0.0,0,,-0.2497500553865688
2023-06-30,150742.40395124035,0.0,0,,-0.2497500553865688
2023-07-03,150742.40395124035,0.0,0,,-0.2497500553865688
2023-07-04,150742.40395124035,0.0,0,,-0.2497500553865688
2023-07-05,150742.40395124035,0.0,0,,-0.2497500553865688
2023-07-06,150742.40395124035,0.0,0,,-0.2497500553865688
2023-07-07,150742.40395124035,0.0,0,,-0.2497500553865688
2023-07-10,150742.40395124035,0.0,0,,-0.2497500553865688
2023-07-11,150742.40395124035,0.0,0,,-0.2497500553865688
2023-07-12,150742.40395124035,0.0,0,,-0.2497500553865688
2023-07-13,150742.40395124035,0.0,0,,-0.2497500553865688
2023-07-14,150742.40395124035,0.0,0,,-0.2497500553865688
2023-07-17,150742.40395124035,0.0,0,,-0.2497500553865688
2023-07-18,150742.40395124035,0.0,0,,-0.2497500553865688
2023-07-19,150742.40395124035,0.0,0,,-0.2497500553865688
2023-07-20,150742.40395124035,0.0,0,,-0.2497500553865688
2023-07-21,150742.40395124035,0.0,0,,-0.2497500553865688
2023-07-24,150742.40395124035,0.0,0,,-0.2497500553865688
2023-07-25,150742.40395124035,0.0,0,,-0.2497500553865688
2023-07-26,150742.40395124035,0.0,0,,-0.2497500553865688
2023-07-27,150742.40395124035,0.0,0,,-0.2497500553865688
2023-07-28,150742.40395124035,0.0,0,,-0.2497500553865688
2023-07-31,150742.40395124035,0.0,0,,-0.2497500553865688
2023-08-01,150742.40395124035,0.0,0,,-0.2497500553865688
2023-08-02,150742.40395124035,0.0,0,,-0.2497500553865688
2023-08-03,150742.40395124035,0.0,0,,-0.2497500553865688
2023-08-04,150742.40395124035,0.0,0,,-0.2497500553865688
2023-08-07,150742.40395124035,0.0,0,,-0.2497500553865688
2023-08-08,150742.40395124035,0.0,0,,-0.2497500553865688
2023-08-09,150742.40395124035,0.0,0,,-0.2497500553865688
2023-08-10,150742.40395124035,0.0,0,,-0.2497500553865688
2023-08-11,150742.40395124035,0.0,0,,-0.2497500553865688
2023-08-14,150742.40395124035,0.0,0,,-0.2497500553865688
2023-08-15,150742.40395124035,0.0,0,,-0.2497500553865688
2023-08-16,150742.40395124035,0.0,0,,-0.2497500553865688
2023-08-17,150742.40395124035,0.0,0,,-0.2497500553865688
2023-08-18,150742.40395124035,0.0,0,,-0.2497500553865688
2023-08-21,150742.40395124035,0.0,0,,-0.2497500553865688
2023-08-22,150742.40395124035,0.0,0,,-0.2497500553865688
2023-08-23,154078.74680220828,0.022132742768564917,1,42.04106889452253,-0.23314496635030957
2023-08-24,154784.46075217045,0.004580216055807496,1,42.44214316776821,-0.2296326046127104
2023-08-25,155893.41784049544,0.007164524674738271,1,42.77571269444057,-0.22411328839984423
2023-08-28,156901.56414422972,0.006466894611071972,1,43.20606967381069,-0.21909571080579493
2023-08-29,154078.74680220828,-0.01799100829502631,1,43.20606967381069,-0.23314496635030957
2023-08-30,153944.3366958459,-0.0008723468301239379,1,43.20606967381069,-0.23381392990807837
2023-08-31,155994.22862508614,0.01331579954961426,1,43.20606967381069,-0.2236115497810276
2023-09-01,157672.8586823389,0.010760847193181489,0,,-0.2152569523056702
2023-09-04,157672.8586823389,0.0,0,,-0.2152569523056702
2023-09-05,157672.8586823389,0.0,0,,-0.2152569523056702
2023-09-06,157672.8586823389,0.0,0,,-0.2152569523056702
2023-09-08,157672.8586823389,0.0,0,,-0.2152569523056702
2023-09-11,158199.34832181208,0.0033391266187028368,1,44.636783599853516,-0.21263659590627204
2023-09-12,159749.92716302804,0.009801423695259048,0,,-0.2049193135806079
2023-09-13,159749.92716302804,0.0,0,,-0.2049193135806079
2023-09-14,160981.56117836654,0.007709762609666715,1,46.33571229662214,-0.1987894302327835
2023-09-15,161471.86533704924,0.0030457162615005196,1,46.51964282989502,-0.1963491701715574
2023-09-18,157418.72003626995,-0.025101247776626145,1,46.51964282989502,-0.21652180877697236
2023-09-19,159216.48116985205,0.011420249975148344,1,46.51964282989502,-0.20757429198312827
2023-09-20,159216.48116985205,0.0,1,46.51964282989502,-0.20757429198312827
2023-09-21,151828.8633730798,-0.04639983086230337,0,,-0.2443427108060522
2023-09-22,151828.8633730798,0.0,0,,-0.2443427108060522
2023-09-25,151828.8633730798,0.0,0,,-0.2443427108060522
2023-09-26,151828.8633730798,0.0,0,,-0.2443427108060522
2023-09-27,151828.8633730798,0.0,0,,-0.2443427108060522
2023-09-28,151828.8633730798,0.0,0,,-0.2443427108060522
2023-09-29,151828.8633730798,0.0,0,,-0.2443427108060522
2023-10-02,151828.8633730798,0.0,0,,-0.2443427108060522
2023-10-03,151828.8633730798,0.0,0,,-0.2443427108060522
2023-10-04,151828.8633730798,0.0,0,,-0.2443427108060522
2023-10-05,151828.8633730798,0.0,0,,-0.2443427108060522
2023-10-06,151828.8633730798,0.0,0,,-0.2443427108060522
2023-10-09,151828.8633730798,0.0,0,,-0.2443427108060522
2023-10-10,151758.72170571343,-0.00046197847898010735,1,44.07321439470564,-0.24469180821114422
2023-10-11,149714.298893814,-0.01347153421510705,1,44.07321439470564,-0.2548669683597784
2023-10-13,153886.48906807436,0.027867680008437423,0,,-0.23410183947031193
2023-10-16,152370.94282720372,-0.009848468504601526,1,46.062857900347026,-0.2416447633820208
2023-10-17,153594.81050921627,0.008032159277248097,1,46.062857900347026,-0.23555353333277007
2023-10-18,153594.81050921627,0.0,1,46.062857900347026,-0.23555353333277007
2023-10-19,153074.6626592774,-0.003386493646591382,1,46.062857900347026,-0.23814232643529776
2023-10-20,152064.98174253418,-0.006596002886451902,1,46.062857900347026,-0.2431675418491961
2023-10-23,149433.6743963742,-0.017303834952711927,1,46.062857900347026,-0.25626364579189287
2023-10-24,149464.26583617428,0.00020471583746872746,1,46.062857900347026,-0.25611139118128523
2023-10-25,147965.04018095948,-0.010030662826511882,1,46.062857900347026,-0.2635730869968288
2023-10-26,146863.5616014816,-0.007444181261538341,1,46.062857900347026,-0.26905518242309956
2023-10-27,146001.70476619425,-0.005868418455123869,0,,-0.27334467248024497
2023-10-30,141687.65748257868,-0.029547924050092766,1,44.162498474121094,-0.294815828908394
2023-10-31,142054.93788804804,0.0025921834829862878,0,,-0.29298786214762695
2023-11-01,139720.3565079596,-0.016434355713338844,1,45.596426010131836,-0.304607151114741
2023-11-03,140098.21787053067,0.0027044116692440667,1,45.596426010131836,-0.30272652257950683
2023-11-06,139545.95639727914,-0.003941959302879217,1,45.596426010131836,-0.30547514625047545
2023-11-07,136087.10402733283,-0.024786475074198178,1,45.596426010131836,-0.3226899692263492
2023-11-08,132331.86633373136,-0.027594368477759867,0,,-0.34137991178920024
2023-11-09,132331.86633373136,0.0,0,,-0.34137991178920024
2023-11-10,132331.86633373136,0.0,0,,-0.34137991178920024
2023-11-13,132331.86633373136,0.0,0,,-0.34137991178920024
2023-11-14,132331.86633373136,0.0,0,,-0.34137991178920024
2023-11-16,132331.86633373136,0.0,0,,-0.34137991178920024
2023-11-17,132331.86633373136,0.0,0,,-0.34137991178920024
2023-11-20,132331.86633373136,0.0,0,,-0.34137991178920024
2023-11-21,132331.86633373136,0.0,0,,-0.34137991178920024
2023-11-22,132331.86633373136,0.0,0,,-0.34137991178920024
2023-11-23,132331.86633373136,0.0,0,,-0.34137991178920024
2023-11-24,132331.86633373136,0.0,0,,-0.34137991178920024
2023-11-27,132331.86633373136,0.0,0,,-0.34137991178920024
2023-11-28,132331.86633373136,0.0,0,,-0.34137991178920024
2023-11-29,132331.86633373136,0.0,0,,-0.34137991178920024
2023-11-30,132331.86633373136,0.0,0,,-0.34137991178920024
2023-12-01,132331.86633373136,0.0,0,,-0.34137991178920024
2023-12-04,132331.86633373136,0.0,0,,-0.34137991178920024
2023-12-05,132331.86633373136,0.0,0,,-0.34137991178920024
2023-12-06,132331.86633373136,0.0,0,,-0.34137991178920024
2023-12-07,132331.86633373136,0.0,0,,-0.34137991178920024
2023-12-08,132331.86633373136,0.0,0,,-0.34137991178920024
2023-12-11,132331.86633373136,0.0,0,,-0.34137991178920024
2023-12-12,132331.86633373136,0.0,0,,-0.34137991178920024
2023-12-13,132331.86633373136,0.0,0,,-0.34137991178920024
2023-12-14,132331.86633373136,0.0,0,,-0.34137991178920024
2023-12-15,127795.52663880955,-0.03428002506578043,1,43.87714222499302,-0.36395742492189287
2023-12-18,127300.34146665517,-0.003874823987806142,0,,-0.3664219779490716
2023-12-19,127300.34146665517,0.0,0,,-0.3664219779490716
2023-12-20,127300.34146665517,0.0,0,,-0.3664219779490716
2023-12-21,127300.34146665517,0.0,0,,-0.3664219779490716
2023-12-22,127300.34146665517,0.0,0,,-0.3664219779490716
2023-12-26,127300.34146665517,0.0,0,,-0.3664219779490716
2023-12-27,127300.34146665517,0.0,0,,-0.3664219779490716
2023-12-28,127300.34146665517,0.0,0,,-0.3664219779490716
2024-01-02,123753.18654326702,-0.02786445725534281,1,43.25142983027867,-0.38407628566243424
2024-01-03,123540.31380413209,-0.0017201394572615714,0,,-0.3851357603461294
2024-01-04,122799.73797009232,-0.005994608652313493,1,43.224643979753765,-0.3888216308371567
2024-01-05,121900.30964500266,-0.007324350523522316,1,43.224643979753765,-0.39329811544530013
2024-01-08,121027.32084746589,-0.007161497785190929,1,43.224643979753765,-0.39764300964780974
2024-01-09,122429.38275589711,0.011584672771516535,1,43.224643979753765,-0.39066490102294416
2024-01-10,117323.74852266833,-0.04170268703721658,1,43.224643979753765,-0.41607581195637566
2024-01-11,118019.4422142248,0.005929691987484054,0,,-0.4126133213772353
2024-01-12,116228.3965156363,-0.015175852935632839,1,43.334285736083984,-0.42152741522836423
2024-01-15,118725.48548454975,0.021484327787121504,1,43.6289268221174,-0.40909932060126697
2024-01-16,115723.93108476276,-0.02528146663319042,1,43.6289268221174,-0.4240381564110156
2024-01-17,114568.11844341226,-0.009987671785051333,0,,-0.42979067426549544
2024-01-18,114568.11844341226,0.0,0,,-0.42979067426549544
2024-01-19,114568.11844341226,0.0,0,,-0.42979067426549544
2024-01-22,114568.11844341226,0.0,0,,-0.42979067426549544
2024-01-23,114568.11844341226,0.0,0,,-0.42979067426549544
2024-01-24,114568.11844341226,0.0,0,,-0.42979067426549544
2024-01-25,114568.11844341226,0.0,0,,-0.42979067426549544
2024-01-26,114568.11844341226,0.0,0,,-0.42979067426549544
2024-01-29,114568.11844341226,0.0,0,,-0.42979067426549544
2024-01-30,114568.11844341226,0.0,0,,-0.42979067426549544
2024-01-31,114568.11844341226,0.0,0,,-0.42979067426549544
2024-02-01,114568.11844341226,0.0,0,,-0.42979067426549544
2024-02-02,114568.11844341226,0.0,0,,-0.42979067426549544
2024-02-05,114568.11844341226,0.0,0,,-0.42979067426549544
2024-02-06,114568.11844341226,0.0,0,,-0.42979067426549544
2024-02-07,114568.11844341226,0.0,0,,-0.42979067426549544
2024-02-08,114568.11844341226,0.0,0,,-0.42979067426549544
2024-02-09,114568.11844341226,0.0,0,,-0.42979067426549544
2024-02-14,114568.11844341226,0.0,0,,-0.42979067426549544
2024-02-15,114568.11844341226,0.0,0,,-0.42979067426549544
2024-02-16,114568.11844341226,0.0,0,,-0.42979067426549544
2024-02-19,115301.0441816043,0.006397292267255494,1,42.37749767303467,-0.42614287855525723
2024-02-20,115878.93016403736,0.00501197527337971,1,42.61285482134138,-0.42326672085212336
2024-02-21,118089.97926807159,0.019080682751422495,1,43.40714168548584,-0.41226225612051515
2024-02-22,117964.353547478,-0.001063813554479709,1,43.40714168548584,-0.41288749949893344
2024-02-23,115074.91405068457,-0.02449417480705718,1,43.40714168548584,-0.427268335717615
2024-02-26,115225.67066617376,0.0013100736744655617,1,43.40714168548584,-0.42651801504170583
2024-02-27,114069.89870130763,-0.010030507595955584,1,43.40714168548584,-0.4322703304479737
2024-02-28,112895.27645665164,-0.010297390091769443,0,,-0.4381164643220222
2024-02-29,112895.27645665164,0.0,0,,-0.4381164643220222
2024-03-01,112895.27645665164,0.0,0,,-0.4381164643220222
2024-03-04,112242.71491569775,-0.005780237769331786,1,40.805357115609304,-0.4413642847569137
2024-03-05,112777.08052542052,0.0047608043882769735,1,40.99857139587402,-0.4387047293923363
2024-03-06,111046.74546896348,-0.015342967280191466,1,40.99857139587402,-0.4473166643637958
2024-03-07,110308.80646110982,-0.006645300632064921,1,40.99857139587402,-0.45098941128343084
2024-03-08,110016.30557382386,-0.0026516549010897617,0,,-0.4524451979017513
2024-03-11,110863.87056358154,0.007703994288273508,1,41.66964503696987,-0.4482268388338697
2024-03-12,117283.60073072497,0.05790642284549907,1,44.030357769557405,-0.41627562884858604
2024-03-13,120789.75858935533,0.029894698293585487,1,45.36107022421701,-0.39882536488640163
2024-03-14,119999.6382432139,-0.0065412859117267574,1,45.36107022421701,-0.40275782005755767
2024-03-15,118024.33737786036,-0.016460890168268905,1,45.36107022421701,-0.4125889579854478
2024-03-18,117925.56997984831,-0.0008368392503305122,1,45.36107022421701,-0.4130805266014831
2024-03-19,121505.80809647647,0.03036015104476464,1,45.47071361541748,-0.3952615627379904
2024-03-20,117160.14619269865,-0.03576505495381199,1,45.47071361541748,-0.41689006617934854
2024-03-21,116295.94558855944,-0.007376233576201097,1,45.47071361541748,-0.42119122125181285
2024-03-22,115283.60330637965,-0.008704880269526538,1,45.47071361541748,-0.42622968236976677
2024-03-25,117703.34804380994,0.02098949606042,1,45.47071361541748,-0.414186532548281
2024-03-26,116765.08601962794,-0.007971413216154022,1,45.47071361541748,-0.4188562937649266
2024-03-27,116246.57130853091,-0.004440665688456469,1,45.47071361541748,-0.42143695868126707
2024-03-28,120345.3241362561,0.035259128777627824,1,45.47071361541748,-0.4010373299014339
2024-04-01,119481.12353211688,-0.007181006909423138,1,45.47071361541748,-0.40533848497389824
2024-04-02,121110.74792340575,0.013639178667840701,1,45.47071361541748,-0.3972277903235685
2024-04-03,121950.2519685532,0.00693170556322853,1,45.89714200156076,-0.39304955084439475
2024-04-04,123579.87635984206,0.013363026028917702,1,46.473213059561594,-0.384938856194065
2024-04-05,124567.5315020076,0.00799203860092601,1,46.85000079018729,-0.3800232637908382
2024-04-08,122616.9177766683,-0.015659086294953606,1,46.85000079018729,-0.3897315330040012
2024-04-09,123061.36164874503,0.0036246537601460904,1,46.85000079018729,-0.38751952111040555
2024-04-10,123925.55283390675,0.007022441273064839,1,46.98107051849365,-0.3832184129165046
2024-04-11,122962.59425073299,-0.007770460257412681,1,46.98107051849365,-0.3880110897264408
2024-04-12,125579.87378418738,0.021285168464464155,1,47.472500392368865,-0.37498480267288437
2024-04-15,123703.33089786839,-0.014943022554265939,1,47.472500392368865,-0.3843244188633025
2024-04-16,122962.59425073299,-0.005988008906138265,1,47.472500392368865,-0.3880110897264408
2024-04-17,120320.62757726433,-0.021485937976238767,1,47.472500392368865,-0.4011602454947245
2024-04-18,120386.69475318602,0.0005490926805487018,0,,-0.4008314269687041
2024-04-19,119011.38965088782,-0.011424062311186534,1,46.138214928763254,-0.4076763660819184
2024-04-22,117060.38509329103,-0.01639342724524051,1,46.138214928763254,-0.41738658048019095
2024-04-23,119938.12030441764,0.024583339691161887,1,46.138214928763254,-0.403063996879506
2024-04-24,118109.05178733497,-0.015250101572713226,1,46.138214928763254,-0.4121673315595029
2024-04-25,120450.25725645114,0.019822405088237405,1,46.138214928763254,-0.40051507428157584
2024-04-26,120108.83262176214,-0.0028345695764026013,1,46.138214928763254,-0.4022143560135293
2024-04-29,120864.85095794746,0.006294444127736387,1,46.288570812770296,-0.3984516276770935
2024-04-30,117060.38509329103,-0.031477024416139976,1,46.288570812770296,-0.41738658048019095
2024-05-02,117006.54765210443,-0.00045991170406356474,0,,-0.41765453121077256
2024-05-03,117006.54765210443,0.0,0,,-0.41765453121077256
2024-05-06,117006.54765210443,0.0,0,,-0.41765453121077256
2024-05-07,117006.54765210443,0.0,0,,-0.41765453121077256
2024-05-08,117006.54765210443,0.0,0,,-0.41765453121077256
2024-05-09,117006.54765210443,0.0,0,,-0.41765453121077256
2024-05-10,117006.54765210443,0.0,0,,-0.41765453121077256
2024-05-13,117006.54765210443,0.0,0,,-0.41765453121077256
2024-05-14,117006.54765210443,0.0,0,,-0.41765453121077256
2024-05-15,117006.54765210443,0.0,0,,-0.41765453121077256
2024-05-16,117006.54765210443,0.0,0,,-0.41765453121077256
2024-05-17,117006.54765210443,0.0,0,,-0.41765453121077256
2024-05-20,117006.54765210443,0.0,0,,-0.41765453121077256
2024-05-21,117006.54765210443,0.0,0,,-0.41765453121077256
2024-05-22,117006.54765210443,0.0,0,,-0.41765453121077256
2024-05-23,117006.54765210443,0.0,0,,-0.41765453121077256
2024-05-24,117006.54765210443,0.0,0,,-0.41765453121077256
2024-05-27,117006.54765210443,0.0,0,,-0.41765453121077256
2024-05-28,117006.54765210443,0.0,0,,-0.41765453121077256
2024-05-29,117006.54765210443,0.0,0,,-0.41765453121077256
2024-05-31,117006.54765210443,0.0,0,,-0.41765453121077256
2024-06-03,117006.54765210443,0.0,0,,-0.41765453121077256
2024-06-04,117006.54765210443,0.0,0,,-0.41765453121077256
2024-06-05,117006.54765210443,0.0,0,,-0.41765453121077256
2024-06-06,117006.54765210443,0.0,0,,-0.41765453121077256
2024-06-07,117006.54765210443,0.0,0,,-0.41765453121077256
2024-06-10,117006.54765210443,0.0,0,,-0.41765453121077256
2024-06-11,117006.54765210443,0.0,0,,-0.41765453121077256
2024-06-12,117006.54765210443,0.0,0,,-0.41765453121077256
2024-06-13,117006.54765210443,0.0,0,,-0.41765453121077256
2024-06-14,117006.54765210443,0.0,0,,-0.41765453121077256
2024-06-17,117006.54765210443,0.0,0,,-0.41765453121077256
2024-06-18,117006.54765210443,0.0,0,,-0.41765453121077256
2024-06-19,117006.54765210443,0.0,0,,-0.41765453121077256
2024-06-20,117006.54765210443,0.0,0,,-0.41765453121077256
2024-06-21,117006.54765210443,0.0,0,,-0.41765453121077256
2024-06-24,117006.54765210443,0.0,0,,-0.41765453121077256
2024-06-25,117006.54765210443,0.0,0,,-0.41765453121077256
2024-06-26,117006.54765210443,0.0,0,,-0.41765453121077256
2024-06-27,117006.54765210443,0.0,0,,-0.41765453121077256
2024-06-28,118017.94918275239,0.00864397378559656,1,41.07785538264683,-0.41262075224439754
2024-07-01,121631.84488610711,0.030621576873518963,1,42.45356927599226,-0.3946342734553395
2024-07-02,123357.89307039377,0.014190758891332145,1,43.05607264382498,-0.3860436743888681
2024-07-03,124301.81682992779,0.007651912139869044,1,43.45071465628488,-0.3813457345275748
2024-07-04,125137.87093694176,0.006726000700037149,1,43.61607360839844,-0.37718466550492646
2024-07-05,125542.40528188604,0.003232709186399063,1,43.812500272478374,-0.37517128465167393
2024-07-08,122306.07908234494,-0.025778749357831976,1,43.812500272478374,-0.3912785874962146
2024-07-09,122467.89899312108,0.0013230733254656624,1,43.812500272478374,-0.39047320443269107
2024-07-10,122629.71890389721,0.001321325115451133,1,43.812500272478374,-0.38966782136916756
2024-07-11,122333.05421147299,-0.0024191908378808913,1,43.812500272478374,-0.39114433138377525
2024-07-12,122953.3484374521,0.005070536577193918,1,43.812500272478374,-0.3880571064458248
2024-07-15,125461.50047049666,0.020399216978791657,1,43.812500272478374,-0.3755739505815836
2024-07-16,122575.7789336385,-0.02300085305879751,1,43.812500272478374,-0.38993628239034206
2024-07-17,124517.56642296526,0.01584152681891604,1,43.812500272478374,-0.38027194164658107
2024-07-18,122629.71890389721,-0.015161294693596505,1,43.812500272478374,-0.38966782136916756
2024-07-19,122144.26945956617,-0.003958660662930158,1,43.812500272478374,-0.3920839193560339
2024-07-22,120526.10121579694,-0.013248007875677703,1,43.812500272478374,-0.40013759638015634
2024-07-23,117982.30431009983,-0.02110577609361597,0,,-0.41279815795793506
2024-07-24,117982.30431009983,0.0,0,,-0.41279815795793506
2024-07-25,117982.30431009983,0.0,0,,-0.41279815795793506
2024-07-26,117982.30431009983,0.0,0,,-0.41279815795793506
2024-07-29,117982.30431009983,0.0,0,,-0.41279815795793506
2024-07-30,117982.30431009983,0.0,0,,-0.41279815795793506
2024-07-31,117982.30431009983,0.0,0,,-0.41279815795793506
2024-08-01,117982.30431009983,0.0,0,,-0.41279815795793506
2024-08-02,117982.30431009983,0.0,0,,-0.41279815795793506
2024-08-05,117982.30431009983,0.0,0,,-0.41279815795793506
2024-08-06,117982.30431009983,0.0,0,,-0.41279815795793506
2024-08-07,117982.30431009983,0.0,0,,-0.41279815795793506
2024-08-08,117982.30431009983,0.0,0,,-0.41279815795793506
2024-08-09,117144.32530414987,-0.007102582127464285,1,44.13571466718401,-0.41696880726643715
2024-08-12,119030.18634921279,0.01609861203405738,1,44.241071292332244,-0.40758281429086574
2024-08-13,120328.25856134015,0.010905403510997225,1,45.044287954057964,-0.40112226583385824
2024-08-14,121479.3672151874,0.00956640333376435,1,45.46964250292097,-0.39539315988121404
2024-08-15,119813.92347889398,-0.013709683993852861,1,45.46964250292097,-0.4036821285997645
2024-08-16,120499.7004745277,0.0057236836564702465,1,45.46964250292097,-0.4002689937451699
2024-08-19,117291.27017666287,-0.02662604375969424,1,45.46964250292097,-0.41623745776175647
2024-08-20,117144.32530414987,-0.0012528201995909427,1,45.46964250292097,-0.41696880726643715
2024-08-21,114744.11983375721,-0.020489302099447326,1,45.46964250292097,-0.4289147095077561
2024-08-22,114768.61687443175,0.00021349277601356853,1,45.46964250292097,-0.42879278692374845
2024-08-23,115233.95787552885,0.004054601456130014,1,45.46964250292097,-0.42647676932585754
2024-08-26,116430.59427012685,0.010384407657771932,0,,-0.4205210702973349
2024-08-27,117461.83404006672,0.008857120213157321,1,44.30071490151541,-0.41538855575596656
2024-08-28,116526.86083460634,-0.00795980424706677,1,44.30071490151541,-0.4200419484127441
2024-08-29,116081.82564026126,-0.0038191640207037025,0,,-0.4222569033368836
2024-08-30,116081.82564026126,0.0,0,,-0.4222569033368836
2024-09-02,115685.06338299406,-0.0034179532849247796,1,43.86606992994036,-0.424231602251966
2024-09-03,109716.29886649988,-0.05159494529327113,1,43.86606992994036,-0.45393834123537014
2024-09-04,108478.63853356558,-0.01128055125556382,0,,-0.46009821776576265
2024-09-05,108478.63853356558,0.0,0,,-0.46009821776576265
2024-09-06,108478.63853356558,0.0,0,,-0.46009821776576265
2024-09-09,108478.63853356558,0.0,0,,-0.46009821776576265
2024-09-10,108478.63853356558,0.0,0,,-0.46009821776576265
2024-09-11,108478.63853356558,0.0,0,,-0.46009821776576265
2024-09-12,108478.63853356558,0.0,0,,-0.46009821776576265
2024-09-13,108478.63853356558,0.0,0,,-0.46009821776576265
2024-09-16,108478.63853356558,0.0,0,,-0.46009821776576265
2024-09-17,108478.63853356558,0.0,0,,-0.46009821776576265
2024-09-18,108478.63853356558,0.0,0,,-0.46009821776576265
2024-09-19,108478.63853356558,0.0,0,,-0.46009821776576265
2024-09-20,108478.63853356558,0.0,0,,-0.46009821776576265
2024-09-23,108478.63853356558,0.0,0,,-0.46009821776576265
2024-09-24,108478.63853356558,0.0,0,,-0.46009821776576265
2024-09-25,108478.63853356558,0.0,0,,-0.46009821776576265
2024-09-26,108478.63853356558,0.0,0,,-0.46009821776576265
2024-09-27,108478.63853356558,0.0,0,,-0.46009821776576265
2024-09-30,108478.63853356558,0.0,0,,-0.46009821776576265
2024-10-01,108478.63853356558,0.0,0,,-0.46009821776576265
2024-10-02,108478.63853356558,0.0,0,,-0.46009821776576265
2024-10-03,109543.96028337564,0.00982056711082735,1,41.00821386064802,-0.4547960760800761
2024-10-04,110035.08055533996,0.004483316749676058,1,41.24035685403006,-0.45235175419597673
2024-10-07,111803.10042013542,0.01606778361839134,1,41.97285420554025,-0.44355226068340603
2024-10-08,108316.16428713487,-0.03118818816202129,1,41.97285420554025,-0.4609068574795434
2024-10-09,107309.37194491105,-0.009294940869166268,1,41.97285420554025,-0.4659176963622441
2024-10-10,110206.97124542645,0.027002294841525387,1,41.97285420554025,-0.4514962485297763
2024-10-11,108684.49746560307,-0.01381467762536448,1,41.97285420554025,-0.45907365103264053
2024-10-14,106646.36098286022,-0.018752780113722167,1,41.97285420554025,-0.4692175239125439
2024-10-15,106327.13140098241,-0.0029933471609885354,1,41.97285420554025,-0.47080634013044287
2024-10-16,106707.06358992185,0.0035732384005229267,0,,-0.4689154050236837
2024-10-17,106707.06358992185,0.0,0,,-0.4689154050236837
2024-10-18,106707.06358992185,0.0,0,,-0.4689154050236837
2024-10-21,106707.06358992185,0.0,0,,-0.4689154050236837
2024-10-22,106707.06358992185,0.0,0,,-0.4689154050236837
2024-10-23,106707.06358992185,0.0,0,,-0.4689154050236837
2024-10-24,106707.06358992185,0.0,0,,-0.4689154050236837
2024-10-25,106707.06358992185,0.0,0,,-0.4689154050236837
2024-10-28,106707.06358992185,0.0,0,,-0.4689154050236837
2024-10-29,106707.06358992185,0.0,0,,-0.4689154050236837
2024-10-30,106707.06358992185,0.0,0,,-0.4689154050236837
2024-10-31,106707.06358992185,0.0,0,,-0.4689154050236837
2024-11-01,106707.06358992185,0.0,0,,-0.4689154050236837
2024-11-04,106707.06358992185,0.0,0,,-0.4689154050236837
2024-11-05,106707.06358992185,0.0,0,,-0.4689154050236837
2024-11-06,106707.06358992185,0.0,0,,-0.4689154050236837
2024-11-07,106707.06358992185,0.0,0,,-0.4689154050236837
2024-11-08,106707.06358992185,0.0,0,,-0.4689154050236837
2024-11-11,106707.06358992185,0.0,0,,-0.4689154050236837
2024-11-12,106707.06358992185,0.0,0,,-0.4689154050236837
2024-11-13,106707.06358992185,0.0,0,,-0.4689154050236837
2024-11-14,106707.06358992185,0.0,0,,-0.4689154050236837
2024-11-18,106707.06358992185,0.0,0,,-0.4689154050236837
2024-11-19,106707.06358992185,0.0,0,,-0.4689154050236837
2024-11-21,106707.06358992185,0.0,0,,-0.4689154050236837
2024-11-22,106707.06358992185,0.0,0,,-0.4689154050236837
2024-11-25,106707.06358992185,0.0,0,,-0.4689154050236837
2024-11-26,106707.06358992185,0.0,0,,-0.4689154050236837
2024-11-27,106707.06358992185,0.0,0,,-0.4689154050236837
2024-11-28,106707.06358992185,0.0,0,,-0.4689154050236837
2024-11-29,106707.06358992185,0.0,0,,-0.4689154050236837
2024-12-02,106707.06358992185,0.0,0,,-0.4689154050236837
2024-12-03,106707.06358992185,0.0,0,,-0.4689154050236837
2024-12-04,104623.9133228239,-0.01952214030650823,1,37.97392559051514,-0.47928331300143645
2024-12-05,104651.12896906989,0.0002601283528940179,0,,-0.479147859827323
2024-12-06,102658.43292973137,-0.019041323863094428,1,37.73856939588274,-0.4890655741131369
2024-12-09,103408.13290626342,0.0073028581786867,0,,-0.48533429246227633
2024-12-10,103408.13290626342,0.0,0,,-0.48533429246227633
2024-12-11,107423.2953997347,0.03882830470511367,1,39.05785778590611,-0.46535069554872865
2024-12-12,105018.4810176615,-0.02238633969591619,1,39.05785778590611,-0.47731953649636016
2024-12-13,106169.7209070407,0.010962259958659848,1,39.05785778590611,-0.4715897773801204
2024-12-16,105274.3175259485,-0.008433698171592563,1,39.05785778590611,-0.47604622970848043
2024-12-17,105709.22495128901,0.00413118256723255,1,39.05785778590611,-0.4738816810266163
2024-12-18,102127.59190859036,-0.033881934564831795,1,39.05785778590611,-0.4917075874834318
2024-12-19,101513.60380703138,-0.006011970811066747,1,39.05785778590611,-0.49476342663096806
2024-12-20,103023.00504884748,0.014868955344008228,1,39.05785778590611,-0.4872510865833841
2024-12-23,101667.86696102416,-0.013153742576046845,0,,-0.49399565379661403
2024-12-26,101667.86696102416,0.0,0,,-0.49399565379661403
2024-12-27,100833.43188510192,-0.008207461225109958,1,37.25321538107736,-0.4981486648478155
2024-12-30,101439.8010404644,0.006013572522786115,1,37.35000215257917,-0.4951307454482208
2025-01-02,103006.24103811056,0.015442064964434454,1,37.87714385986328,-0.48733452162088653
2025-01-03,102627.25911127016,-0.0036792132498085772,1,37.87714385986328,-0.48922072724165844
2025-01-06,103536.80802535849,0.00886264450561014,1,38.27642890385219,-0.48469387212636716
2025-01-07,105179.0501911192,0.015861433214731546,1,38.93178735460554,-0.47652037839395767
2025-01-08,104597.95163776515,-0.0055248507406955305,1,38.93178735460554,-0.4794125251691268
2025-01-09,106012.796937093,0.013526510578597328,1,39.18142877306257,-0.47237079318374164
2025-01-10,107705.57066895979,0.0159676358022256,1,39.706787654331755,-0.4639458021706825
2025-01-13,107452.91283842927,-0.0023458195241087276,1,39.80499907902309,-0.465203288573931
2025-01-14,106619.16609245547,-0.007759182361370298,1,39.80499907902309,-0.4693528737841469
2025-01-15,108640.3805471458,0.018957327549697922,1,40.282142639160156,-0.45929322239916714
2025-01-16,106038.06753910142,-0.023953459983648284,1,40.282142639160156,-0.47224502055931605
2025-01-17,107907.68729547344,0.01763159023699301,1,40.282142639160156,-0.46293986101628526
2025-01-20,107857.15572936734,-0.00046828513679231243,1,40.282142639160156,-0.46319135829693503
2025-01-21,107932.95789748187,0.0007028014748018396,1,40.282142639160156,-0.46281408839185967
2025-01-22,107250.79621191563,-0.006320235253945206,1,40.282142639160156,-0.4662092297283281
2025-01-23,104800.0682642788,-0.022850440595279742,1,40.282142639160156,-0.4784065840147296
2025-01-24,103966.32151830499,-0.007955593539035855,1,40.282142639160156,-0.4825561692249456
2025-01-27,106366.50826192496,0.023086194726985365,1,40.282142639160156,-0.47061036018739544
2025-01-28,104547.42007165904,-0.01710207677200848,1,40.282142639160156,-0.47966402244977646
2025-01-29,102121.95308811989,-0.02319968280304463,1,40.282142639160156,-0.49173565207995384
2025-01-30,104749.5366981727,0.02572986053043369,1,40.282142639160156,-0.47865808129537923
2025-01-31,103562.07862736694,-0.011336165373478702,1,40.282142639160156,-0.4845680995019416
2025-02-03,104168.43814481865,0.005855034250842772,1,40.282142639160156,-0.48155022807054837
2025-02-04,104168.43814481865,0.0,1,40.282142639160156,-0.48155022807054837
2025-02-05,104390.59894155155,0.002132707379408405,0,,-0.4804445264161018
2025-02-06,104390.59894155155,0.0,0,,-0.4804445264161018
2025-02-07,104390.59894155155,0.0,0,,-0.4804445264161018
2025-02-10,104390.59894155155,0.0,0,,-0.4804445264161018
2025-02-11,104390.59894155155,0.0,0,,-0.4804445264161018
2025-02-12,104390.59894155155,0.0,0,,-0.4804445264161018
2025-02-13,104390.59894155155,0.0,0,,-0.4804445264161018
2025-02-14,104390.59894155155,0.0,0,,-0.4804445264161018
2025-02-17,104390.59894155155,0.0,0,,-0.4804445264161018
2025-02-18,104390.59894155155,0.0,0,,-0.4804445264161018
2025-02-19,104390.59894155155,0.0,0,,-0.4804445264161018
2025-02-20,104390.59894155155,0.0,0,,-0.4804445264161018
2025-02-21,104390.59894155155,0.0,0,,-0.4804445264161018
2025-02-24,104390.59894155155,0.0,0,,-0.4804445264161018
2025-02-25,104390.59894155155,0.0,0,,-0.4804445264161018
2025-02-26,104390.59894155155,0.0,0,,-0.4804445264161018
2025-02-27,104390.59894155155,0.0,0,,-0.4804445264161018
2025-02-28,104390.59894155155,0.0,0,,-0.4804445264161018
2025-03-05,104390.59894155155,0.0,0,,-0.4804445264161018
2025-03-06,104390.59894155155,0.0,0,,-0.4804445264161018
2025-03-07,104390.59894155155,0.0,0,,-0.4804445264161018
2025-03-10,104390.59894155155,0.0,0,,-0.4804445264161018
2025-03-11,104390.59894155155,0.0,0,,-0.4804445264161018
2025-03-12,104390.59894155155,0.0,0,,-0.4804445264161018
2025-03-13,104390.59894155155,0.0,0,,-0.4804445264161018
2025-03-14,104390.59894155155,0.0,0,,-0.4804445264161018
2025-03-17,104390.59894155155,0.0,0,,-0.4804445264161018
2025-03-18,103296.38211913692,-0.010481947929308122,1,36.60642801012312,-0.4858904798365953
2025-03-19,102306.40143749453,-0.00958388533395682,1,36.60642801012312,-0.49081764652693693
2025-03-20,102332.44911471769,0.0002546045687970011,1,36.60642801012312,-0.4906880063733918
2025-03-21,101759.31077319283,-0.005600748799458044,1,36.60642801012312,-0.49354053491024563
2025-03-24,102905.59739431091,0.011264685387590623,1,36.60642801012312,-0.48783542837444216
2025-03-25,101837.46374293067,-0.010379742972458472,1,36.60642801012312,-0.4931515649875148
2025-03-26,105823.42420865502,0.03914041374583088,1,37.71285697392055,-0.47331330753469925
2025-03-27,105927.6347936844,0.0009847591476901396,1,37.860000474112375,-0.4727946479963273
2025-03-28,104572.92700250754,-0.01278899310661874,1,37.860000474112375,-0.47953707360887476
2025-03-31,103687.15690589453,-0.008470357692022645,1,37.860000474112375,-0.4839455807608445
2025-04-01,104364.51577051716,0.006532717115943276,1,37.860000474112375,-0.48057434322352266
2025-04-02,103114.01856436969,-0.011982015121855594,1,37.860000474112375,-0.4867981092976982
2025-04-03,96872.31171539836,-0.0605320880310265,0,,-0.5178632913233792
2025-04-04,96872.31171539836,0.0,0,,-0.5178632913233792
2025-04-07,96872.31171539836,0.0,0,,-0.5178632913233792
2025-04-08,96872.31171539836,0.0,0,,-0.5178632913233792
2025-04-09,96872.31171539836,0.0,0,,-0.5178632913233792
2025-04-10,96872.31171539836,0.0,0,,-0.5178632913233792
2025-04-11,96872.31171539836,0.0,0,,-0.5178632913233792
2025-04-14,96872.31171539836,0.0,0,,-0.5178632913233792
2025-04-15,96872.31171539836,0.0,0,,-0.5178632913233792
2025-04-16,96872.31171539836,0.0,0,,-0.5178632913233792
2025-04-17,96872.31171539836,0.0,0,,-0.5178632913233792
2025-04-22,96872.31171539836,0.0,0,,-0.5178632913233792
2025-04-23,96872.31171539836,0.0,0,,-0.5178632913233792
2025-04-24,96872.31171539836,0.0,0,,-0.5178632913233792
2025-04-25,96872.31171539836,0.0,0,,-0.5178632913233792
2025-04-28,96872.31171539836,0.0,0,,-0.5178632913233792
2025-04-29,96872.31171539836,0.0,0,,-0.5178632913233792
2025-04-30,96872.31171539836,0.0,0,,-0.5178632913233792
2025-05-02,96872.31171539836,0.0,0,,-0.5178632913233792
2025-05-05,96872.31171539836,0.0,0,,-0.5178632913233792
2025-05-06,96872.31171539836,0.0,0,,-0.5178632913233792
2025-05-07,92979.92273771904,-0.04018061413786422,1,33.118214062282014,-0.5372358403764144
2025-05-08,95400.05589274698,0.026028556313761886,1,33.118214062282014,-0.5251907573876611
2025-05-09,95426.07445349633,0.00027273108496506104,1,33.118214062282014,-0.5250612621477722
2025-05-12,100344.4162997192,0.05154085897790672,1,34.322501455034526,-0.5005825116369855
2025-05-13,102192.04184866672,0.018412838671848286,1,35.028928347996306,-0.49138681799385764
2025-05-14,102009.88214254285,-0.0017825234022981196,1,35.10535717010498,-0.4922934328935008
2025-05-15,101489.4215849206,-0.0051020601797675535,1,35.10535717010498,-0.4948837823525414
2025-05-16,102608.40830937262,0.01102564885066104,1,35.540713446480886,-0.4893145483079865
2025-05-19,102504.31421245629,-0.0010144792091744126,1,35.66678401402065,-0.4898326280811558
2025-05-20,103415.1226700351,0.00888556217927583,1,36.198929241725374,-0.4852995041761332
2025-05-21,103441.14123078444,0.0002515933847737628,1,36.21249907357352,-0.4851700089362442
2025-05-22,101437.37453646242,-0.019371080698457166,1,36.21249907357352,-0.4951428222391261
2025-05-23,100968.96102729834,-0.004617760576952845,1,36.21249907357352,-0.49747413181158195
2025-05-26,101619.53424258629,0.006443299095769239,1,36.258926255362375,-0.4942362073394829
2025-05-27,102556.36126091446,0.00921896587413773,1,36.74392768314907,-0.4895735881945711
2025-05-28,102009.88214254285,-0.005328573592634722,1,36.74392768314907,-0.4922934328935008
2025-05-29,104091.71444607241,0.020408143405366674,1,37.485713958740234,-0.48193208446414504
2025-05-30,101359.3089272549,-0.02624998092651365,1,37.485713958740234,-0.49553135736559994
2025-06-02,103415.1226700351,0.0202824364583587,1,37.485713958740234,-0.4852995041761332
2025-06-03,106563.89464955851,0.0304478871003242,1,38.303572927202495,-0.46962796158880715
2025-06-04,106433.78199189281,-0.001220982567253004,1,38.303572927202495,-0.4702755366018657
2025-06-05,106824.1199648899,0.0036674255644399967,1,38.303572927202495,-0.46833281156269013
2025-06-06,110623.46515970129,0.035566360818700016,1,39.592141832624165,-0.44942334450326493
2025-06-09,109686.64806833258,-0.008468520580297123,1,39.592141832624165,-0.45408591424137024
2025-06-10,110779.6063050758,0.009964369009273888,1,39.664643151419504,-0.4486462248435109
2025-06-11,112705.3073901903,0.01738317321521543,1,40.38678795950754,-0.43906194666710274
2025-06-12,112471.10063560825,-0.00207804547989221,1,40.38678795950754,-0.4402276014533306
2025-06-13,114448.83884222146,0.01758441231068608,1,40.67821489061628,-0.4303843327971443
2025-06-16,112367.00653869192,-0.018190069244822582,1,40.67821489061628,-0.44074568122650004
2025-06-17,114578.95149988717,0.019685003893323616,1,40.68178517477853,-0.4297367577840857
2025-06-18,113720.20001772599,-0.007494845003552242,1,40.68178517477853,-0.43401079239571716
2025-06-20,113355.88060547825,-0.003203647304445112,1,40.68178517477853,-0.4358240221950036
2025-06-23,112549.16624481579,-0.007116652055045414,1,40.68178517477853,-0.43983906632685676
2025-06-24,108151.29488317463,-0.039075112756277064,1,40.68178517477853,-0.4617274179717963
2025-06-25,106772.07291643173,-0.012752708769994348,1,40.68178517477853,-0.46859185144927484
2025-06-26,108905.95226841947,0.01998536971046616,1,40.68178517477853,-0.45797146313333437
2025-06-27,108957.99931687764,0.00047790820771576037,1,40.68178517477853,-0.45771242324674966
2025-06-30,110337.22128362053,0.01265829012454378,1,40.68178517477853,-0.4508479897692711
2025-07-01,108775.83961075377,-0.014150996868529497,1,40.68178517477853,-0.4586190381463928
2025-07-02,109712.66662908193,0.008612454950295279,1,40.68178517477853,-0.4539564190014812
2025-07-03,110805.6347927846,0.009962096422264644,1,40.68178517477853,-0.44851668019681523
2025-07-04,110805.6347927846,0.0,1,40.68178517477853,-0.44851668019681523
2025-07-07,108671.74551383742,-0.01925794913713308,1,40.68178517477853,-0.45913711791956224
2025-07-08,108638.6652963149,-0.00030440495241990106,0,,-0.4593017592594477
2025-07-09,107142.02738215702,-0.013776291434322796,1,40.057141167776926,-0.46675057580191515
2025-07-10,105204.05672861202,-0.01808786618002467,1,40.057141167776926,-0.4763959200273853
2025-07-11,105046.2506435191,-0.0014999999999999458,0,,-0.4771813261473442
2025-07-14,105046.2506435191,0.0,0,,-0.4771813261473442
2025-07-15,105046.2506435191,0.0,0,,-0.4771813261473442
2025-07-16,105046.2506435191,0.0,0,,-0.4771813261473442
2025-07-17,105046.2506435191,0.0,0,,-0.4771813261473442
2025-07-18,105046.2506435191,0.0,0,,-0.4771813261473442
2025-07-21,105046.2506435191,0.0,0,,-0.4771813261473442
2025-07-22,105046.2506435191,0.0,0,,-0.4771813261473442
2025-07-23,105310.46157776495,0.0025151867165869035,1,39.99321365356445,-0.4758663395636864
2025-07-24,104888.91726761765,-0.004002872115758449,1,39.99321365356445,-0.4779643795779773
2025-07-25,103897.06555149259,-0.009456210836788603,1,39.99321365356445,-0.48290085846900177
2025-07-28,102855.6103716087,-0.010023913325711176,1,39.99321365356445,-0.4880842154445081
2025-07-29,102726.09148533287,-0.0012592301558260743,0,,-0.48872883523766375
2025-07-30,104829.80872591223,0.02047889888694665,1,40.246785163879395,-0.4782585647506844
2025-07-31,103529.24531380921,-0.012406427407527398,1,40.246785163879395,-0.4847315119926042
2025-08-01,104231.52719336023,0.006783415424524097,0,,-0.4812362317832837
2025-08-04,104231.52719336023,0.0,0,,-0.4812362317832837
2025-08-05,104231.52719336023,0.0,0,,-0.4812362317832837
2025-08-06,104231.52719336023,0.0,0,,-0.4812362317832837
2025-08-07,104231.52719336023,0.0,0,,-0.4812362317832837
2025-08-08,104231.52719336023,0.0,0,,-0.4812362317832837
2025-08-11,104231.52719336023,0.0,0,,-0.4812362317832837
2025-08-12,104231.52719336023,0.0,0,,-0.4812362317832837
2025-08-13,104231.52719336023,0.0,0,,-0.4812362317832837
2025-08-14,104231.52719336023,0.0,0,,-0.4812362317832837
2025-08-15,104231.52719336023,0.0,0,,-0.4812362317832837
2025-08-18,104231.52719336023,0.0,0,,-0.4812362317832837
2025-08-19,104231.52719336023,0.0,0,,-0.4812362317832837
2025-08-20,104231.52719336023,0.0,0,,-0.4812362317832837
2025-08-21,104231.52719336023,0.0,0,,-0.4812362317832837
2025-08-22,104231.52719336023,0.0,0,,-0.4812362317832837
2025-08-25,104231.52719336023,0.0,0,,-0.4812362317832837
2025-08-26,104231.52719336023,0.0,0,,-0.4812362317832837
2025-08-27,104231.52719336023,0.0,0,,-0.4812362317832837
2025-08-28,104231.52719336023,0.0,0,,-0.4812362317832837
2025-08-29,104231.52719336023,0.0,0,,-0.4812362317832837
2025-09-01,104231.52719336023,0.0,0,,-0.4812362317832837
2025-09-02,104231.52719336023,0.0,0,,-0.4812362317832837
2025-09-03,104231.52719336023,0.0,0,,-0.4812362317832837
2025-09-04,104231.52719336023,0.0,0,,-0.4812362317832837
2025-09-05,104231.52719336023,0.0,0,,-0.4812362317832837
2025-09-08,104231.52719336023,0.0,0,,-0.4812362317832837
2025-09-09,104231.52719336023,0.0,0,,-0.4812362317832837
2025-09-10,104231.52719336023,0.0,0,,-0.4812362317832837
2025-09-11,104231.52719336023,0.0,0,,-0.4812362317832837
2025-09-12,104231.52719336023,0.0,0,,-0.4812362317832837
2025-09-15,104231.52719336023,0.0,0,,-0.4812362317832837
2025-09-16,102555.87122213135,-0.016076287245800125,1,36.968571935381206,-0.4895760271338493
2025-09-17,101942.72324484342,-0.005978672600419621,1,36.968571935381206,-0.4926276849550215
2025-09-18,103675.53009296875,0.01699784734966836,1,36.968571935381206,-0.48400344779443916
2025-09-19,101462.86653749252,-0.021342196692817228,1,36.968571935381206,-0.4950159477044258
2025-09-22,101782.76761923578,0.003152888269966736,1,36.968571935381206,-0.4934237894094229
2025-09-23,102849.11811767601,0.010476729247817396,1,36.968571935381206,-0.4881165276076801
2025-09-24,103728.84863483797,0.008553602921080872,1,36.968571935381206,-0.4837380796429721
2025-09-25,104368.66096779652,0.00616812334638861,1,37.158930506025044,-0.48055371243916656
2025-09-26,104608.58932147197,0.002298854382633886,1,37.25428826468332,-0.4793595810644644
2025-09-29,103728.84863483797,-0.008409832235959924,1,37.25428826468332,-0.4837380796429721
2025-09-30,101649.47634929875,-0.02004622930752209,1,37.25428826468332,-0.4940871844811908
2025-10-01,102342.59705465448,0.00681873365460306,1,37.25428826468332,-0.4906374997397177
2025-10-02,102102.66870097903,-0.0023443645225000864,1,37.25428826468332,-0.49183163111441985
2025-10-03,101942.72324484342,-0.0015665159213813507,1,37.25428826468332,-0.4926276849550215
2025-10-06,101062.98255820942,-0.008629754617414553,1,37.25428826468332,-0.4970061835335292
2025-10-07,99165.97087881969,-0.018770588709838498,0,,-0.5064476735860134
2025-10-08,99165.97087881969,0.0,0,,-0.5064476735860134
2025-10-09,99165.97087881969,0.0,0,,-0.5064476735860134
2025-10-10,99165.97087881969,0.0,0,,-0.5064476735860134
2025-10-13,99165.97087881969,0.0,0,,-0.5064476735860134
2025-10-14,99165.97087881969,0.0,0,,-0.5064476735860134
2025-10-15,99165.97087881969,0.0,0,,-0.5064476735860134
2025-10-16,99165.97087881969,0.0,0,,-0.5064476735860134
2025-10-17,99165.97087881969,0.0,0,,-0.5064476735860134
2025-10-20,99165.97087881969,0.0,0,,-0.5064476735860134
2025-10-21,99165.97087881969,0.0,0,,-0.5064476735860134
2025-10-22,99165.97087881969,0.0,0,,-0.5064476735860134
2025-10-23,99165.97087881969,0.0,0,,-0.5064476735860134
2025-10-24,99165.97087881969,0.0,0,,-0.5064476735860134
2025-10-27,99165.97087881969,0.0,0,,-0.5064476735860134
2025-10-28,99165.97087881969,0.0,0,,-0.5064476735860134
2025-10-29,99165.97087881969,0.0,0,,-0.5064476735860134
2025-10-30,99165.97087881969,0.0,0,,-0.5064476735860134
2025-10-31,99165.97087881969,0.0,0,,-0.5064476735860134
2025-11-03,99165.97087881969,0.0,0,,-0.5064476735860134
2025-11-04,99165.97087881969,0.0,0,,-0.5064476735860134
2025-11-05,99165.97087881969,0.0,0,,-0.5064476735860134
2025-11-06,100084.38657868945,0.009261399769806777,1,36.2171437399728,-0.5018766881837753
2025-11-07,101099.28129029088,0.010140389987837839,1,36.633929116385325,-0.4968255235399255
2025-11-10,102088.15738771425,0.009781237658692765,1,37.1121450151716,-0.4919038544018811
2025-11-11,104872.61567281863,0.02727503714783941,1,38.17321559361049,-0.4780455131560184
2025-11-12,104117.94681091711,-0.007196052630707106,1,38.17321559361049,-0.4818015251141814
2025-11-13,103649.54226685326,-0.00449878775380097,1,38.17321559361049,-0.48413279006703613
2025-11-14,103545.44795618135,-0.001004291079297892,1,38.17321559361049,-0.484650870904074
2025-11-17,103701.57949520936,0.0015078551699740927,1,38.17321559361049,-0.48387379905542516
2025-11-18,104196.02250741096,0.004767940995772824,1,38.17321559361049,-0.48141293978294897
2025-11-19,102556.57185875796,-0.01573429205070087,1,38.17321559361049,-0.4895725400421185
2025-11-21,100969.16836544093,-0.015478320545885826,1,38.17321559361049,-0.4974730998827689
2025-11-24,100292.57520003326,-0.006700987800145608,1,38.17321559361049,-0.5008405265096995
2025-11-25,99189.08327959575,-0.011002727951063052,0,,-0.5063326424007091
2025-11-26,99189.08327959575,0.0,0,,-0.5063326424007091
2025-11-27,99189.08327959575,0.0,0,,-0.5063326424007091
2025-11-28,99189.08327959575,0.0,0,,-0.5063326424007091
2025-12-01,99189.08327959575,0.0,0,,-0.5063326424007091
2025-12-02,99189.08327959575,0.0,0,,-0.5063326424007091
2025-12-03,99189.08327959575,0.0,0,,-0.5063326424007091
2025-12-04,99189.08327959575,0.0,0,,-0.5063326424007091
2025-12-05,99189.08327959575,0.0,0,,-0.5063326424007091
2025-12-08,99189.08327959575,0.0,0,,-0.5063326424007091
2025-12-09,99189.08327959575,0.0,0,,-0.5063326424007091
2025-12-10,99189.08327959575,0.0,0,,-0.5063326424007091
2025-12-11,99189.08327959575,0.0,0,,-0.5063326424007091
2025-12-12,99189.08327959575,0.0,0,,-0.5063326424007091
2025-12-15,99189.08327959575,0.0,0,,-0.5063326424007091
2025-12-16,99189.08327959575,0.0,0,,-0.5063326424007091
2025-12-17,99189.08327959575,0.0,0,,-0.5063326424007091
2025-12-18,99189.08327959575,0.0,0,,-0.5063326424007091
2025-12-19,99189.08327959575,0.0,0,,-0.5063326424007091
2025-12-22,99189.08327959575,0.0,0,,-0.5063326424007091
2025-12-23,101347.28450465124,0.02175845520188857,1,37.99678325653076,-0.49559120331575024
2025-12-26,101798.60916981635,0.004453248721670411,1,38.210712569100515,-0.4933449454867167
2025-12-29,103152.5831653117,0.013300515660648271,1,38.809642383030486,-0.4866061719996162
2025-12-30,103854.63950454621,0.00680599862544784,1,39.08964116232736,-0.4831120143119322
2026-01-02,104707.14058710252,0.008208598928495459,1,39.39214147840227,-0.4788690881464609
2026-01-05,103177.6620715988,-0.014607203548180125,1,39.39214147840227,-0.4864813534511543
2026-01-06,102350.23033052933,-0.008019485268965232,1,39.39214147840227,-0.4905995086724917
2026-01-07,102977.06908050308,0.006124448845395314,1,39.39214147840227,-0.48747971142153723
2026-01-08,104882.66423671141,0.018505043629845508,1,39.39214147840227,-0.4779955011202117
2026-01-09,107013.91216070205,0.02032030688294295,1,39.93892778669085,-0.4673882095086975
2026-01-12,108418.03440397134,0.013120931801472002,1,40.45250088827951,-0.46039984652900123
2026-01-13,107314.79208254538,-0.010175819248993467,1,40.45250088827951,-0.46589072015745125
2026-01-14,110499.13408018804,0.029672908420614652,1,41.064640862601145,-0.45004214441008294
2026-01-15,109771.99883466643,-0.006580461028716678,1,41.064640862601145,-0.4536611206462289
2026-01-16,110749.86575425744,0.008908163556936133,1,41.278925623212544,-0.44879424455143235
2026-01-19,112655.46091046577,0.01720629766212678,1,41.95857048034668,-0.43931003425010684
2026-01-20,113858.99016263933,0.010683274849233149,1,42.377856390816824,-0.4333200292407936
2026-01-21,117544.80507322104,0.03237175128039338,1,43.64428629193987,-0.41497560617179596
2026-01-22,115965.16874514314,-0.013438589030743797,1,43.64428629193987,-0.4228375085734132
2026-01-23,121656.86574268078,0.04908109097867386,1,45.01642785753523,-0.3945097438222268
2026-01-26,121606.71749490684,-0.00041221058480989115,1,45.01642785753523,-0.3947593333148226
2026-01-27,122885.46433634117,0.010515429309962965,1,45.51178400857108,-0.3883949678687797
2026-01-28,126621.42749469682,0.030401994072547067,1,46.90714236668178,-0.3698009553071864
2026-01-29,129153.85183607864,0.019999966763033727,1,47.92964063371931,-0.35719699535923444
2026-01-30,127850.03565315748,-0.010095062318202896,1,47.92964063371931,-0.3636861317494111
2026-02-02,127574.225072801,-0.0021572976413141154,1,47.92964063371931,-0.3650588501565235
2026-02-03,129128.78249459181,0.012185513342555687,1,47.92964063371931,-0.3573217663033682
2026-02-04,125994.58874472308,-0.024271844660194164,1,47.92964063371931,-0.37292075255814083
2026-02-05,123236.5020707587,-0.0218905168979322,1,47.92964063371931,-0.3866478414206095
2026-02-06,126947.38632282724,0.030111892091337245,1,47.92964063371931,-0.3681786474074782
2026-02-09,128000.470831679,0.008295440649512598,1,47.92964063371931,-0.3629374108759521
2026-02-10,129053.56490533105,0.008227267187453258,1,47.92964063371931,-0.35769612674009776
2026-02-11,134394.22416845118,0.04138327575094758,1,49.51249722072056,-0.3311154884370815
2026-02-12,130959.15049673912,-0.025559682292644492,1,49.51249722072056,-0.3482119640431004
2026-02-13,131786.5822378086,0.006318243039382443,1,49.51249722072056,-0.344093808821763
2026-02-18,134845.54883361628,0.02321151777263486,1,49.797855377197266,-0.32886923060804807
2026-02-19,137729.01090941564,0.021383442766488514,1,50.83357197897775,-0.3145181442119259
2026-02-20,137954.67324199819,0.0016384517037659752,1,51.032500811985564,-0.3133950152974092
2026-02-23,134018.12665734708,-0.028535072369354708,1,51.032500811985564,-0.3329873382250573
2026-02-24,137102.1721594419,0.023012152005228437,1,51.032500811985564,-0.3176379414628805
2026-02-25,134469.4513225122,-0.01920261944404489,1,51.032500811985564,-0.3307410803960238
2026-02-26,131234.96107709562,-0.02405371787870958,1,51.032500811985564,-0.3468392456359879
2026-02-27,136625.77815278992,0.04107759876979267,1,51.032500811985564,-0.3200089702360478
2026-03-02,143621.29133324875,0.051202000640286904,1,52.644285338265554,-0.28519206909468464
2026-03-03,138205.40491606758,-0.0377094953464423,1,52.644285338265554,-0.3121471154387587
2026-03-04,139208.35074194567,0.007256921872825339,1,52.644285338265554,-0.3071554207955002
2026-03-05,142818.93849846636,0.02593657447471487,1,52.644285338265554,-0.28918540576756024
2026-03-06,148911.8119133952,0.04266152289735925,1,53.79178605760847,-0.258860972679936
2026-03-09,149689.09540669076,0.005219757138860137,1,53.79178605760847,-0.2549924069511942
2026-03-10,147683.21331973482,-0.013400322057569802,1,53.79178605760847,-0.26497574863338313
2026-03-11,148811.51541784735,0.007640015901263952,1,53.79178605760847,-0.2593601516651275
2026-03-12,149187.6224937517,0.0025274057242699044,1,53.79178605760847,-0.2574882542728235
2026-03-13,144925.11708097017,-0.0285714413939403,1,53.79178605760847,-0.27870288510017993
2026-03-16,149939.82708076015,0.034602076581302654,1,53.79178605760847,-0.2537445070925437
2026-03-17,157186.08150008862,0.04832774960735087,1,55.22035544259207,-0.21767965848820192
2026-03-18,165560.64758232987,0.05327803837540501,1,58.17999826158796,-0.17599916531127646
2026-03-19,165034.105327904,-0.00318035875139977,1,58.17999826158796,-0.17861978357703945
2026-03-20,170224.3294125026,0.03144940298422694,1,59.73464189256941,-0.1527878661474823
2026-03-23,165385.13349752125,-0.02842834471243283,1,59.73464189256941,-0.17687270473319738
2026-03-24,169572.41175624175,0.025318347363932014,1,59.73464189256941,-0.15603248194689867
2026-03-25,168694.84133219862,-0.005175195746491057,1,59.73464189256941,-0.16040017905650372
2026-03-26,172405.73514906742,0.021997672172803462,1,60.806431906563894,-0.14193093743904428
2026-03-27,177570.88032737892,0.029959242213407622,1,63.05214255196707,-0.11622383855794904
2026-03-30,180780.29166650842,0.018073973239375984,1,64.42321246010917,-0.10025049186644686
2026-03-31,166011.972247495,-0.08169208757698565,1,64.42321246010917,-0.17375290748224292
2026-04-01,161289.566075345,-0.028446178358207175,0,,-0.1972564796439532
2026-04-02,161289.566075345,0.0,0,,-0.1972564796439532
2026-04-06,161289.566075345,0.0,0,,-0.1972564796439532
2026-04-07,161289.566075345,0.0,0,,-0.1972564796439532
2026-04-08,161289.566075345,0.0,0,,-0.1972564796439532
2026-04-09,161289.566075345,0.0,0,,-0.1972564796439532
2026-04-10,161289.566075345,0.0,0,,-0.1972564796439532
2026-04-13,161289.566075345,0.0,0,,-0.1972564796439532
2026-04-14,161289.566075345,0.0,0,,-0.1972564796439532
2026-04-15,161289.566075345,0.0,0,,-0.1972564796439532
2026-04-16,161289.566075345,0.0,0,,-0.1972564796439532
2026-04-17,161289.566075345,0.0,0,,-0.1972564796439532
2026-04-20,161289.566075345,0.0,0,,-0.1972564796439532
2026-04-22,161289.566075345,0.0,0,,-0.1972564796439532
2026-04-23,161289.566075345,0.0,0,,-0.1972564796439532
2026-04-24,161289.566075345,0.0,0,,-0.1972564796439532
2026-04-27,161289.566075345,0.0,0,,-0.1972564796439532
2026-04-28,161289.566075345,0.0,0,,-0.1972564796439532
2026-04-29,161289.566075345,0.0,0,,-0.1972564796439532
2026-04-30,161289.566075345,0.0,0,,-0.1972564796439532
2026-05-04,167642.84271396848,0.03939049991402177,1,63.331431933811736,-0.16563601107438686
2026-05-05,166065.8061640488,-0.00940712126082488,1,63.331431933811736,-0.17348497429387566
2026-05-06,158993.0776142963,-0.0425899148844987,1,63.331431933811736,-0.20868617888945873
2026-05-07,155318.95542865383,-0.0231086927857046,0,,-0.22697240687858422
2026-05-08,155318.95542865383,0.0,0,,-0.22697240687858422
2026-05-11,155318.95542865383,0.0,0,,-0.22697240687858422
2026-05-12,155318.95542865383,0.0,0,,-0.22697240687858422
2026-05-13,155318.95542865383,0.0,0,,-0.22697240687858422
2026-05-14,155318.95542865383,0.0,0,,-0.22697240687858422
2026-05-15,157257.77358727527,0.01248281739515078,1,62.7696465083531,-0.21732284459223672
2026-05-18,157303.4803812921,0.00029064886888696684,1,62.8842864717756,-0.2170953603623138
2026-05-19,158446.34205724995,0.007265329878192395,1,63.4289300101144,-0.21140729989217866
2026-05-20,156869.18736404882,-0.009953872539583575,1,63.4289300101144,-0.21925685111469795
2026-05-21,155429.1879302686,-0.009179619388467786,1,63.4289300101144,-0.2264237760616188
2026-05-22,156343.48075877194,0.005882375380572125,1,63.4289300101144,-0.2218733103269278
2026-05-25,146994.86318132034,-0.05979537830474635,1,63.4289300101144,-0.2684016901049491
2026-05-26,148000.58703654254,0.0068418979647038025,1,63.4289300101144,-0.2633961691174974
2026-05-27,144149.73712838552,-0.026019152932185374,0,,-0.2825619768436628
2026-05-28,144149.73712838552,0.0,0,,-0.2825619768436628
2026-05-29,144149.73712838552,0.0,0,,-0.2825619768436628
2026-06-01,144149.73712838552,0.0,0,,-0.2825619768436628
2026-06-02,144149.73712838552,0.0,0,,-0.2825619768436628
2026-06-03,144149.73712838552,0.0,0,,-0.2825619768436628
2026-06-05,144149.73712838552,0.0,0,,-0.2825619768436628
2026-06-08,144149.73712838552,0.0,0,,-0.2825619768436628
2026-06-09,144149.73712838552,0.0,0,,-0.2825619768436628
2026-06-10,144149.73712838552,0.0,0,,-0.2825619768436628
2026-06-11,144149.73712838552,0.0,0,,-0.2825619768436628
2026-06-12,144149.73712838552,0.0,0,,-0.2825619768436628
2026-06-15,144149.73712838552,0.0,0,,-0.2825619768436628
2026-06-16,144149.73712838552,0.0,0,,-0.2825619768436628
2026-06-17,144149.73712838552,0.0,0,,-0.2825619768436628
2026-06-18,144149.73712838552,0.0,0,,-0.2825619768436628
2026-06-19,144149.73712838552,0.0,0,,-0.2825619768436628
2026-06-22,144149.73712838552,0.0,0,,-0.2825619768436628
2026-06-23,144149.73712838552,0.0,0,,-0.2825619768436628
2026-06-24,144149.73712838552,0.0,0,,-0.2825619768436628
2026-06-25,144149.73712838552,0.0,0,,-0.2825619768436628
2026-06-26,144149.73712838552,0.0,0,,-0.2825619768436628
2026-06-29,144149.73712838552,0.0,0,,-0.2825619768436628
2026-06-30,144149.73712838552,0.0,0,,-0.2825619768436628
2026-07-01,144149.73712838552,0.0,0,,-0.2825619768436628
2026-07-02,144149.73712838552,0.0,0,,-0.2825619768436628
2026-07-03,144149.73712838552,0.0,0,,-0.2825619768436628
2026-07-06,144149.73712838552,0.0,0,,-0.2825619768436628
2026-07-07,144149.73712838552,0.0,0,,-0.2825619768436628
2026-07-08,144149.73712838552,0.0,0,,-0.2825619768436628
2026-07-09,144149.73712838552,0.0,0,,-0.2825619768436628
2026-07-10,144149.73712838552,0.0,0,,-0.2825619768436628
2026-07-13,144149.73712838552,0.0,0,,-0.2825619768436628
2026-07-14,143286.71370828574,-0.005986992673674751,1,54.122859954833984,-0.2868572730321155
2026-07-15,143112.4905662827,-0.001215905770284631,1,54.122859954833984,-0.2877243873888723
2026-07-16,141345.36470056683,-0.012347810164741957,1,54.122859954833984,-0.2965194314383698
2026-07-17,142152.2698734464,0.005708748741700687,0,,-0.29250343762778275
2026-07-20,141546.78906601068,-0.0042593819147226375,1,54.32142734527588,-0.29551693569027937
2026-07-21,142749.04536476228,0.008493702377034618,1,54.63535703931536,-0.2895332662123712
2026-07-22,146650.23138609607,0.02732898150993024,1,56.107500076293945,-0.27011693398126857
2026-07-23,148539.4859357633,0.012882724642235832,1,56.759644099644255,-0.26071405142071846
2026-07-24,144319.33242951188,-0.028410987689000522,1,56.759644099644255,-0.28171789540445547
2026-07-27,139055.19749941386,-0.036475604768121506,0,,-0.30791766956369704
2026-07-28,139055.19749941386,0.0,0,,-0.30791766956369704
2026-07-29,139055.19749941386,0.0,0,,-0.30791766956369704
2026-07-30,139055.19749941386,0.0,0,,-0.30791766956369704
2026-07-31,139055.19749941386,0.0,0,,-0.30791766956369704
2026-08-03,139055.19749941386,0.0,0,,-0.30791766956369704
2026-08-04,139055.19749941386,0.0,0,,-0.30791766956369704
2026-08-05,139055.19749941386,0.0,0,,-0.30791766956369704
2026-08-06,139055.19749941386,0.0,0,,-0.30791766956369704
2026-08-07,139055.19749941386,0.0,0,,-0.30791766956369704
2026-08-10,139055.19749941386,0.0,0,,-0.30791766956369704
2026-08-11,139055.19749941386,0.0,0,,-0.30791766956369704
2026-08-12,139055.19749941386,0.0,0,,-0.30791766956369704
2026-08-13,139055.19749941386,0.0,0,,-0.30791766956369704
2026-08-14,139055.19749941386,0.0,0,,-0.30791766956369704
2026-08-17,139055.19749941386,0.0,0,,-0.30791766956369704
2026-08-18,139055.19749941386,0.0,0,,-0.30791766956369704
2026-08-19,139055.19749941386,0.0,0,,-0.30791766956369704
2026-08-20,139055.19749941386,0.0,0,,-0.30791766956369704
2026-08-21,139055.19749941386,0.0,0,,-0.30791766956369704
2026-08-24,139055.19749941386,0.0,0,,-0.30791766956369704
2026-08-25,139055.19749941386,0.0,0,,-0.30791766956369704
2026-08-26,139055.19749941386,0.0,0,,-0.30791766956369704
2026-08-27,139055.19749941386,0.0,0,,-0.30791766956369704
2026-08-28,139055.19749941386,0.0,0,,-0.30791766956369704
2026-08-31,139055.19749941386,0.0,0,,-0.30791766956369704
2026-09-01,139698.35396071835,0.004625188219284038,1,59.641786984034944,-0.30471665852218843
2026-09-02,140404.34907487393,0.005053711043396358,0,,-0.30120289742107254
