timestamp,equity,daily_return,position,stop_price,drawdown
2020-01-02,100000.0,0.0,0,,0.0
2020-01-03,100000.0,0.0,0,,0.0
2020-01-06,100000.0,0.0,0,,0.0
2020-01-07,100000.0,0.0,0,,0.0
2020-01-08,100000.0,0.0,0,,0.0
2020-01-09,100000.0,0.0,0,,0.0
2020-01-10,100000.0,0.0,0,,0.0
2020-01-13,100000.0,0.0,0,,0.0
2020-01-14,100000.0,0.0,0,,0.0
2020-01-15,100000.0,0.0,0,,0.0
2020-01-16,100000.0,0.0,0,,0.0
2020-01-17,100000.0,0.0,0,,0.0
2020-01-20,100000.0,0.0,0,,0.0
2020-01-21,100000.0,0.0,0,,0.0
2020-01-22,100000.0,0.0,0,,0.0
2020-01-23,100000.0,0.0,0,,0.0
2020-01-24,100000.0,0.0,0,,0.0
2020-01-27,100000.0,0.0,0,,0.0
2020-01-28,100000.0,0.0,0,,0.0
2020-01-29,100000.0,0.0,0,,0.0
2020-01-30,100000.0,0.0,0,,0.0
2020-01-31,100000.0,0.0,0,,0.0
2020-02-03,100000.0,0.0,0,,0.0
2020-02-04,100000.0,0.0,0,,0.0
2020-02-05,100000.0,0.0,0,,0.0
2020-02-06,100000.0,0.0,0,,0.0
2020-02-07,100000.0,0.0,0,,0.0
2020-02-10,100000.0,0.0,0,,0.0
2020-02-11,100000.0,0.0,0,,0.0
2020-02-12,100000.0,0.0,0,,0.0
2020-02-13,100000.0,0.0,0,,0.0
2020-02-14,100000.0,0.0,0,,0.0
2020-02-17,100000.0,0.0,0,,0.0
2020-02-18,100000.0,0.0,0,,0.0
2020-02-19,100000.0,0.0,0,,0.0
2020-02-20,100000.0,0.0,0,,0.0
2020-02-21,100000.0,0.0,0,,0.0
2020-02-26,100000.0,0.0,0,,0.0
2020-02-27,100000.0,0.0,0,,0.0
2020-02-28,100000.0,0.0,0,,0.0
2020-03-02,100000.0,0.0,0,,0.0
2020-03-03,100000.0,0.0,0,,0.0
2020-03-04,98214.62589982933,-0.01785374100170667,1,21.699862003326416,-0.01785374100170667
2020-03-05,97672.0462018559,-0.0055244286989070135,1,21.699862003326416,-0.023279537981441
2020-03-06,96838.51554905981,-0.008533973487905189,1,21.699862003326416,-0.031614844509401885
2020-03-09,90278.45011427758,-0.06774231717191903,0,,-0.09721549885722414
2020-03-10,90278.45011427758,0.0,0,,-0.09721549885722414
2020-03-11,90278.45011427758,0.0,0,,-0.09721549885722414
2020-03-12,90278.45011427758,0.0,0,,-0.09721549885722414
2020-03-13,90278.45011427758,0.0,0,,-0.09721549885722414
2020-03-16,90278.45011427758,0.0,0,,-0.09721549885722414
2020-03-17,90278.45011427758,0.0,0,,-0.09721549885722414
2020-03-18,90278.45011427758,0.0,0,,-0.09721549885722414
2020-03-19,90278.45011427758,0.0,0,,-0.09721549885722414
2020-03-20,90278.45011427758,0.0,0,,-0.09721549885722414
2020-03-23,90278.45011427758,0.0,0,,-0.09721549885722414
2020-03-24,90278.45011427758,0.0,0,,-0.09721549885722414
2020-03-25,90278.45011427758,0.0,0,,-0.09721549885722414
2020-03-26,90278.45011427758,0.0,0,,-0.09721549885722414
2020-03-27,90278.45011427758,0.0,0,,-0.09721549885722414
2020-03-30,90278.45011427758,0.0,0,,-0.09721549885722414
2020-03-31,90278.45011427758,0.0,0,,-0.09721549885722414
2020-04-01,90278.45011427758,0.0,0,,-0.09721549885722414
2020-04-02,90278.45011427758,0.0,0,,-0.09721549885722414
2020-04-03,90278.45011427758,0.0,0,,-0.09721549885722414
2020-04-06,90278.45011427758,0.0,0,,-0.09721549885722414
2020-04-07,90278.45011427758,0.0,0,,-0.09721549885722414
2020-04-08,90278.45011427758,0.0,0,,-0.09721549885722414
2020-04-09,90278.45011427758,0.0,0,,-0.09721549885722414
2020-04-13,90771.85497852006,0.0054653670241116,1,15.871714932577952,-0.09228145021479939
2020-04-14,91272.3273175609,0.005513518911332893,0,,-0.08727672682439092
2020-04-15,94090.62765279989,0.03087792782398724,1,16.692454951150076,-0.05909372347200115
2020-04-16,94317.16353480326,0.0024076349329851254,0,,-0.05682836465196739
2020-04-17,92110.48356093072,-0.023396377617508235,1,17.490975856781006,-0.07889516439069277
2020-04-20,90485.32490686887,-0.017643579658191744,0,,-0.09514675093131131
2020-04-22,90485.32490686887,0.0,0,,-0.09514675093131131
2020-04-23,90485.32490686887,0.0,0,,-0.09514675093131131
2020-04-24,90485.32490686887,0.0,0,,-0.09514675093131131
2020-04-27,90485.32490686887,0.0,0,,-0.09514675093131131
2020-04-28,90485.32490686887,0.0,0,,-0.09514675093131131
2020-04-29,87590.90451876553,-0.031987732718895545,1,18.519041470118932,-0.12409095481234467
2020-04-30,84525.46577243817,-0.034997226745964505,1,18.519041470118932,-0.15474534227561831
2020-05-04,84347.98875060931,-0.002099687002100281,1,18.519041470118932,-0.15652011249390696
2020-05-05,83984.9798110788,-0.004303705931908097,1,18.519041470118932,-0.16015020188921203
2020-05-06,83053.51497387429,-0.011090850284179443,0,,-0.16946485026125713
2020-05-07,82945.12034349328,-0.0013051179160220583,1,16.916545186723983,-0.17054879656506716
2020-05-08,83737.053164083,0.009547672211579927,1,17.130197388785227,-0.16262946835917003
2020-05-11,83993.02989640272,0.003056911159963205,1,17.325534956795828,-0.16006970103597284
2020-05-12,86608.81413152527,0.031142872668706856,1,18.039012840815953,-0.1339118586847473
2020-05-13,84472.9933505189,-0.024660547571554225,1,18.039012840815953,-0.155270066494811
2020-05-14,84424.99619584823,-0.0005681952629700282,1,18.039012840815953,-0.15575003804151766
2020-05-15,82257.17731172807,-0.025677453145408258,1,18.039012840815953,-0.1774282268827193
2020-05-18,84736.97365491233,0.03014686893262386,1,18.039012840815953,-0.1526302634508767
2020-05-19,82409.16425522325,-0.02747099995769242,1,18.039012840815953,-0.17590835744776745
2020-05-20,82932.51995338326,0.006350697800297622,0,,-0.17067480046616734
2020-05-21,82932.51995338326,0.0,0,,-0.17067480046616734
2020-05-22,82932.51995338326,0.0,0,,-0.17067480046616734
2020-05-25,82932.51995338326,0.0,0,,-0.17067480046616734
2020-05-26,83659.39365253998,0.008764640210683128,1,18.62866190501622,-0.16340606347460018
2020-05-27,85844.61424624418,0.02612044503669253,1,19.26531090055193,-0.14155385753755823
2020-05-28,83935.42012894516,-0.022240115283441275,1,19.26531090055193,-0.1606457987105484
2020-05-29,83912.42115458683,-0.0002740079733084544,1,19.26531090055193,-0.16087578845413164
2020-06-01,84150.11342145444,0.0028326231515800604,1,19.26531090055193,-0.15849886578545558
2020-06-02,86925.7211775066,0.03298400493117448,1,19.597135748182023,-0.13074278822493401
2020-06-03,85852.27798542328,-0.01234897079417141,1,19.597135748182023,-0.14147722014576725
2020-06-04,85721.9323648103,-0.0015182546540595254,1,19.597135748182023,-0.14278067635189695
2020-06-05,85108.53847128298,-0.007155623731355809,1,19.597135748182023,-0.1489146152871702
2020-06-08,84840.1757340569,-0.0031531823016398564,1,19.597135748182023,-0.151598242659431
2020-06-09,84686.83113908558,-0.0018074525853412071,1,19.597135748182023,-0.15313168860914417
2020-06-10,85568.587769839,0.010411968648410763,1,19.597135748182023,-0.14431412230161
2020-06-12,83038.33601983356,-0.029569866886330676,1,19.597135748182023,-0.16961663980166442
2020-06-15,83398.70241131402,0.004339759305802993,1,19.597135748182023,-0.16601297588685981
2020-06-16,83575.0537374647,0.0021145571939589214,1,19.597135748182023,-0.164249462625353
2020-06-17,85384.5727045092,0.021651424511538675,1,19.597135748182023,-0.1461542729549079
2020-06-18,83651.72991336088,-0.020294565356029692,1,19.597135748182023,-0.16348270086639127
2020-06-19,87585.12077657161,0.04702103432032545,1,19.806747709001815,-0.12414879223428388
2020-06-22,82716.30383789066,-0.05558954415443729,1,19.806747709001815,-0.1728369616210934
2020-06-23,83766.74029879461,0.012699267401534486,1,19.806747709001815,-0.16233259701205394
2020-06-24,82808.30749214505,-0.011441686798732476,1,19.806747709001815,-0.1719169250785495
2020-06-25,82722.37173913009,-0.0010377672919242853,0,,-0.17277628260869915
2020-06-26,82722.37173913009,0.0,0,,-0.17277628260869915
2020-06-29,82722.37173913009,0.0,0,,-0.17277628260869915
2020-06-30,83268.4119783482,0.006600877462025423,1,19.23925188609532,-0.167315880216518
2020-07-01,87295.58632447176,0.04836377025144567,1,20.131435666765487,-0.12704413675528237
2020-07-02,86211.64143348075,-0.012416949546132372,1,20.131435666765487,-0.13788358566519254
2020-07-03,86279.38608537239,0.0007857947113083519,1,20.131435666765487,-0.1372061391462761
2020-07-06,86339.60693824549,0.0006979749811097946,1,20.131435666765487,-0.13660393061754517
2020-07-07,84864.22650357934,-0.017088106918548007,1,20.131435666765487,-0.15135773496420657
2020-07-08,84676.04014594152,-0.002217499238385101,1,20.131435666765487,-0.1532395985405849
2020-07-09,84683.57156014124,8.894386401081533e-05,1,20.131435666765487,-0.15316428439858765
2020-07-10,83253.35676512992,-0.016888928615812926,1,20.131435666765487,-0.16746643234870073
2020-07-13,82447.92189590521,-0.009674503233508824,1,20.131435666765487,-0.17552078104094793
2020-07-14,82914.62589049053,0.005660591363049194,1,20.131435666765487,-0.17085374109509477
2020-07-15,84585.71648181305,0.020154352424258892,1,20.131435666765487,-0.15414283518186944
2020-07-16,84307.19884486558,-0.003292726579993688,1,20.131435666765487,-0.15692801155134428
2020-07-17,84743.79241301434,0.005178603655805691,1,20.131435666765487,-0.1525620758698566
2020-07-20,84616.67672439481,-0.0015000000000000568,0,,-0.15383323275605187
2020-07-21,85349.85145992109,0.008664660016302728,1,20.738122054508754,-0.1465014854007891
2020-07-22,85954.70028768915,0.007086700415080305,1,20.932314259665354,-0.14045299712310855
2020-07-23,83367.68009945539,-0.030097483669596192,1,20.932314259665354,-0.16632319900544612
2020-07-24,83185.50222464613,-0.0021852338291281637,1,20.932314259665354,-0.16814497775353865
2020-07-27,85743.36481120976,0.03074889876430631,1,20.932314259665354,-0.14256635188790245
2020-07-28,85626.77126622539,-0.0013597967054487237,1,20.932314259665354,-0.14373228733774612
2020-07-29,87885.8624329954,0.026383000706007964,1,21.147786821637833,-0.12114137567004601
2020-07-30,91289.07429781587,0.03872308663313273,1,21.929946695055282,-0.08710925702184136
2020-07-31,90436.44114839593,-0.009339925461817722,1,21.929946695055282,-0.0956355885160407
2020-08-03,86326.3620254885,-0.04544715681771749,1,21.929946695055282,-0.136736379745115
2020-08-04,84637.11936603075,-0.019568097390215478,0,,-0.15362880633969256
2020-08-05,84637.11936603075,0.0,0,,-0.15362880633969256
2020-08-06,84637.11936603075,0.0,0,,-0.15362880633969256
2020-08-07,84637.11936603075,0.0,0,,-0.15362880633969256
2020-08-10,84637.11936603075,0.0,0,,-0.15362880633969256
2020-08-11,84637.11936603075,0.0,0,,-0.15362880633969256
2020-08-12,84637.11936603075,0.0,0,,-0.15362880633969256
2020-08-13,84637.11936603075,0.0,0,,-0.15362880633969256
2020-08-14,84637.11936603075,0.0,0,,-0.15362880633969256
2020-08-17,82932.53981287433,-0.02013985785343919,1,19.362004143851145,-0.17067460187125671
2020-08-18,84691.17017754131,0.021205552954667528,0,,-0.15308829822458692
2020-08-19,84691.17017754131,0.0,0,,-0.15308829822458692
2020-08-20,84691.17017754131,0.0,0,,-0.15308829822458692
2020-08-21,84691.17017754131,0.0,0,,-0.15308829822458692
2020-08-24,84691.17017754131,0.0,0,,-0.15308829822458692
2020-08-25,84691.17017754131,0.0,0,,-0.15308829822458692
2020-08-26,84691.17017754131,0.0,0,,-0.15308829822458692
2020-08-27,84691.17017754131,0.0,0,,-0.15308829822458692
2020-08-28,84691.17017754131,0.0,0,,-0.15308829822458692
2020-08-31,84691.17017754131,0.0,0,,-0.15308829822458692
2020-09-01,84691.17017754131,0.0,0,,-0.15308829822458692
2020-09-02,84691.17017754131,0.0,0,,-0.15308829822458692
2020-09-03,84691.17017754131,0.0,0,,-0.15308829822458692
2020-09-04,84691.17017754131,0.0,0,,-0.15308829822458692
2020-09-08,84691.17017754131,0.0,0,,-0.15308829822458692
2020-09-09,84691.17017754131,0.0,0,,-0.15308829822458692
2020-09-10,84691.17017754131,0.0,0,,-0.15308829822458692
2020-09-11,85134.48602152283,0.005234498980852154,1,20.080800465175084,-0.14865513978477174
2020-09-14,85472.08733058101,0.003965505928735347,1,20.159582546779088,-0.14527912669418996
2020-09-15,85509.59521398025,0.00043883195755101134,1,20.174059050423757,-0.1449040478601975
2020-09-16,85757.16849534077,0.002895269013272417,1,20.174059050423757,-0.14242831504659237
2020-09-17,85524.5998852632,-0.002711943667895178,1,20.174059050423757,-0.14475400114736792
2020-09-18,86627.41666090299,0.012894731774475199,1,20.27553197315761,-0.1337258333909701
2020-09-21,85749.66236489118,-0.010132523049229625,1,20.27553197315761,-0.14250337635108823
2020-09-22,86687.43534603478,0.010936171120453864,1,20.407103879111155,-0.1331256465396522
2020-09-23,85637.13871469341,-0.01211590384637451,1,20.407103879111155,-0.14362861285306583
2020-09-24,87775.24745039162,0.02496707348924243,1,20.605403900146484,-0.12224752549608386
2020-09-25,86462.3728664068,-0.0149572302228691,1,20.605403900146484,-0.135376271335932
2020-09-28,81868.8961624372,-0.05312688689526246,0,,-0.181311038375628
2020-09-29,81868.8961624372,0.0,0,,-0.181311038375628
2020-09-30,81868.8961624372,0.0,0,,-0.181311038375628
2020-10-01,81868.8961624372,0.0,0,,-0.181311038375628
2020-10-02,81868.8961624372,0.0,0,,-0.181311038375628
2020-10-05,81868.8961624372,0.0,0,,-0.181311038375628
2020-10-06,81868.8961624372,0.0,0,,-0.181311038375628
2020-10-07,81868.8961624372,0.0,0,,-0.181311038375628
2020-10-08,81868.8961624372,0.0,0,,-0.181311038375628
2020-10-09,81868.8961624372,0.0,0,,-0.181311038375628
2020-10-13,81868.8961624372,0.0,0,,-0.181311038375628
2020-10-14,81868.8961624372,0.0,0,,-0.181311038375628
2020-10-15,81868.8961624372,0.0,0,,-0.181311038375628
2020-10-16,81868.8961624372,0.0,0,,-0.181311038375628
2020-10-19,81868.8961624372,0.0,0,,-0.181311038375628
2020-10-20,81868.8961624372,0.0,0,,-0.181311038375628
2020-10-21,81868.8961624372,0.0,0,,-0.181311038375628
2020-10-22,81868.8961624372,0.0,0,,-0.181311038375628
2020-10-23,81868.8961624372,0.0,0,,-0.181311038375628
2020-10-26,81868.8961624372,0.0,0,,-0.181311038375628
2020-10-27,81868.8961624372,0.0,0,,-0.181311038375628
2020-10-28,81868.8961624372,0.0,0,,-0.181311038375628
2020-10-29,81868.8961624372,0.0,0,,-0.181311038375628
2020-10-30,81868.8961624372,0.0,0,,-0.181311038375628
2020-11-03,81868.8961624372,0.0,0,,-0.181311038375628
2020-11-04,81868.8961624372,0.0,0,,-0.181311038375628
2020-11-05,81868.8961624372,0.0,0,,-0.181311038375628
2020-11-06,81424.56655744552,-0.005427331084446041,1,21.591856820242747,-0.1857543344255448
2020-11-09,80974.17619714032,-0.0055313817358481066,1,21.591856820242747,-0.19025823802859687
2020-11-10,80659.98095786342,-0.0038801906241313633,0,,-0.1934001904213658
2020-11-11,82083.15624432634,0.017644131198176094,1,22.124474661690847,-0.17916843755673661
2020-11-12,79814.44447443595,-0.02763918779070107,1,22.124474661690847,-0.20185555525564047
2020-11-13,80858.8373040891,0.013085260901460893,0,,-0.19141162695910896
2020-11-16,80027.1687483926,-0.010285437973450051,1,23.018676825932094,-0.19972831251607392
2020-11-17,78369.19084257889,-0.020717687902047977,1,23.018676825932094,-0.21630809157421116
2020-11-18,77184.91491946591,-0.015111498669060475,1,23.018676825932094,-0.22815085080534092
2020-11-19,77837.75983552379,0.008458193116349877,0,,-0.2216224016447621
2020-11-23,77837.75983552379,0.0,0,,-0.2216224016447621
2020-11-24,75861.53797920435,-0.02538898679118362,1,22.3833749634879,-0.24138462020795648
2020-11-25,75654.91528425447,-0.002723681861110161,1,22.3833749634879,-0.24345084715745524
2020-11-26,74828.40658712102,-0.010924719088350687,1,22.3833749634879,-0.2517159341287898
2020-11-27,75010.90330823496,0.0024388695341450717,0,,-0.24989096691765034
2020-11-30,75306.40233050485,0.0039394142616255845,1,22.30964422225952,-0.2469359766949515
2020-12-01,72771.91407521434,-0.03365568101590011,1,22.30964422225952,-0.2722808592478566
2020-12-02,70878.32886344433,-0.02602082459742472,1,22.30964422225952,-0.2912167113655567
2020-12-03,70820.06334285058,-0.0008220498638731311,1,22.30964422225952,-0.2917993665714942
2020-12-04,71353.78082228695,0.007536246852146489,0,,-0.2864621917771305
2020-12-07,71353.78082228695,0.0,0,,-0.2864621917771305
2020-12-08,71353.78082228695,0.0,0,,-0.2864621917771305
2020-12-09,71353.78082228695,0.0,0,,-0.2864621917771305
2020-12-10,71353.78082228695,0.0,0,,-0.2864621917771305
2020-12-11,71353.78082228695,0.0,0,,-0.2864621917771305
2020-12-14,71353.78082228695,0.0,0,,-0.2864621917771305
2020-12-15,71353.78082228695,0.0,0,,-0.2864621917771305
2020-12-16,71353.78082228695,0.0,0,,-0.2864621917771305
2020-12-17,71353.78082228695,0.0,0,,-0.2864621917771305
2020-12-18,71353.78082228695,0.0,0,,-0.2864621917771305
2020-12-21,71353.78082228695,0.0,0,,-0.2864621917771305
2020-12-22,71353.78082228695,0.0,0,,-0.2864621917771305
2020-12-23,71353.78082228695,0.0,0,,-0.2864621917771305
2020-12-28,71353.78082228695,0.0,0,,-0.2864621917771305
2020-12-29,71353.78082228695,0.0,0,,-0.2864621917771305
2020-12-30,71353.78082228695,0.0,0,,-0.2864621917771305
2021-01-04,71353.78082228695,0.0,0,,-0.2864621917771305
2021-01-05,71218.37966311096,-0.0018976031489238432,1,21.991824422563827,-0.28781620336889047
2021-01-06,69563.46663183517,-0.023237162079566165,1,21.991824422563827,-0.3043653336816483
2021-01-07,68678.94275608814,-0.012715350723223273,1,21.991824422563827,-0.31321057243911854
2021-01-08,68746.86385469361,0.0009889654074421994,0,,-0.3125313614530639
2021-01-11,68671.77152342259,-0.0010923019183790572,1,21.628554616655624,-0.31328228476577413
2021-01-12,69898.04832435148,0.017857072472793556,1,22.046701090676443,-0.3010195167564852
2021-01-13,69898.04832435148,0.0,1,22.056801523481095,-0.3010195167564852
2021-01-14,72155.52678893901,0.03229673100616548,1,22.790077413831437,-0.27844473211060994
2021-01-15,72573.5731351704,0.005793684348729178,1,22.84731081553868,-0.274264268648296
2021-01-18,75137.62079999015,0.03533032141113046,1,23.665764331817627,-0.24862379200009843
2021-01-19,74691.69529903066,-0.005934783351026041,1,23.665764331817627,-0.2530830470096934
2021-01-20,73047.36651288279,-0.02201488103282101,1,23.665764331817627,-0.26952633487117217
2021-01-21,70984.9801025283,-0.028233549117623102,1,23.665764331817627,-0.29015019897471706
2021-01-22,70154.96837870147,-0.011692779551786714,0,,-0.29845031621298534
2021-01-26,72112.64206888624,0.027904989987553197,1,22.320081847054617,-0.27887357931113754
2021-01-27,69938.39087404628,-0.030150763201312047,1,22.320081847054617,-0.30061609125953725
2021-01-28,70663.14127232626,0.0103626976432043,1,22.320081847054617,-0.2933685872767374
2021-01-29,69464.51865055182,-0.016962487092883505,1,22.320081847054617,-0.3053548134944818
2021-02-01,70278.81366607323,0.011722459628890514,0,,-0.29721186333926775
2021-02-02,70278.81366607323,0.0,0,,-0.29721186333926775
2021-02-03,70063.38816512167,-0.0030652979143208636,1,21.930551597050258,-0.29936611834878335
2021-02-04,68521.11477824058,-0.022012543601892975,1,21.930551597050258,-0.31478885221759423
2021-02-05,69540.11753397243,0.014871368614327363,1,21.930551597050258,-0.30459882466027577
2021-02-08,69843.06339556722,0.00435641860177749,1,22.007648876735143,-0.3015693660443277
2021-02-09,70531.58178313765,0.009858078298640605,1,22.250054155077255,-0.29468418216862347
2021-02-10,70090.93224402877,-0.006247549366803384,1,22.250054155077255,-0.2990906775597123
2021-02-11,71550.5845388695,0.020825123138023205,1,22.743616308484757,-0.284494154611305
2021-02-12,71275.17718384133,-0.003849127953365117,1,22.743616308484757,-0.2872482281615868
2021-02-17,68748.32731166435,-0.03545203213819337,0,,-0.3125167268833564
2021-02-18,68748.32731166435,0.0,0,,-0.3125167268833564
2021-02-19,68748.32731166435,0.0,0,,-0.3125167268833564
2021-02-22,68748.32731166435,0.0,0,,-0.3125167268833564
2021-02-23,68748.32731166435,0.0,0,,-0.3125167268833564
2021-02-24,68748.32731166435,0.0,0,,-0.3125167268833564
2021-02-25,68748.32731166435,0.0,0,,-0.3125167268833564
2021-02-26,68748.32731166435,0.0,0,,-0.3125167268833564
2021-03-01,68748.32731166435,0.0,0,,-0.3125167268833564
2021-03-02,68748.32731166435,0.0,0,,-0.3125167268833564
2021-03-03,68748.32731166435,0.0,0,,-0.3125167268833564
2021-03-04,68748.32731166435,0.0,0,,-0.3125167268833564
2021-03-05,68748.32731166435,0.0,0,,-0.3125167268833564
2021-03-08,68748.32731166435,0.0,0,,-0.3125167268833564
2021-03-09,68748.32731166435,0.0,0,,-0.3125167268833564
2021-03-10,68748.32731166435,0.0,0,,-0.3125167268833564
2021-03-11,68748.32731166435,0.0,0,,-0.3125167268833564
2021-03-12,68748.32731166435,0.0,0,,-0.3125167268833564
2021-03-15,68748.32731166435,0.0,0,,-0.3125167268833564
2021-03-16,68748.32731166435,0.0,0,,-0.3125167268833564
2021-03-17,68748.32731166435,0.0,0,,-0.3125167268833564
2021-03-18,69131.24914145708,0.005569907585631695,1,21.70127691541399,-0.30868750858542915
2021-03-19,69833.08945605898,0.010152287472280142,1,22.008659499032156,-0.30166910543941017
2021-03-22,70372.96283995536,0.0077309107774199415,1,22.26789617538452,-0.29627037160044634
2021-03-23,70076.03165955626,-0.0042193929090976745,1,22.26789617538452,-0.2992396834044374
2021-03-24,67646.58777775422,-0.03466868520187871,1,22.26789617538452,-0.3235341222224578
2021-03-25,67565.60704325512,-0.0011971148458389536,1,22.26789617538452,-0.32434392956744884
2021-03-26,67079.71717455325,-0.007191378720105335,1,22.26789617538452,-0.32920282825446745
2021-03-29,68618.36205345063,0.022937557635992256,1,22.26789617538452,-0.3138163794654937
2021-03-30,69482.16929875803,0.012588572788061247,1,22.26789617538452,-0.30517830701241966
2021-03-31,67646.58777775422,-0.026418022631262694,1,22.26789617538452,-0.3235341222224578
2021-04-01,66107.9374371495,-0.022745424287471616,1,22.26789617538452,-0.3389206256285049
2021-04-05,66809.77775175139,0.010616581636193612,1,22.26789617538452,-0.33190222248248613
2021-04-06,66296.89066374494,-0.007676826735035891,1,22.26789617538452,-0.33703109336255055
2021-04-07,65460.08609944944,-0.012622078590981523,1,22.26789617538452,-0.34539913900550556
2021-04-08,66512.84657135229,0.016082479181335874,1,22.26789617538452,-0.3348715342864771
2021-04-09,65190.14667664759,-0.01988638229888051,1,22.26789617538452,-0.348098533233524
2021-04-12,66404.86861754861,0.01863352059823109,1,22.26789617538452,-0.33595131382451393
2021-04-13,67133.70615145509,0.010975664120414619,1,22.26789617538452,-0.32866293848544914
2021-04-14,67383.3993692929,0.0037193420734811244,0,,-0.32616600630707093
2021-04-15,67383.3993692929,0.0,0,,-0.32616600630707093
2021-04-16,67383.3993692929,0.0,0,,-0.32616600630707093
2021-04-19,67383.3993692929,0.0,0,,-0.32616600630707093
2021-04-20,67383.3993692929,0.0,0,,-0.32616600630707093
2021-04-22,67383.3993692929,0.0,0,,-0.32616600630707093
2021-04-23,67383.3993692929,0.0,0,,-0.32616600630707093
2021-04-26,67383.3993692929,0.0,0,,-0.32616600630707093
2021-04-27,67383.3993692929,0.0,0,,-0.32616600630707093
2021-04-28,67383.3993692929,0.0,0,,-0.32616600630707093
2021-04-29,66467.72096757761,-0.013589079955686811,1,22.690086228506907,-0.33532279032422385
2021-04-30,65711.95262300629,-0.011370456720488087,0,,-0.34288047376993713
2021-05-03,67354.1480114899,0.024990817087798156,1,23.466117313929967,-0.326458519885101
2021-05-04,66572.13293381677,-0.0116104961722584,1,23.466117313929967,-0.33427867066183226
2021-05-05,67152.3381628069,0.008715436976714397,1,23.466117313929967,-0.328476618371931
2021-05-06,66597.35725087565,-0.008264506152946383,1,23.466117313929967,-0.33402642749124356
2021-05-07,68085.70935097463,0.02234851594023901,1,23.667111464909144,-0.3191429064902537
2021-05-10,69094.75859438967,0.014820279512892887,1,24.064385277884348,-0.3090524140561033
2021-05-11,67682.08965360862,-0.020445384997636484,1,24.064385277884348,-0.32317910346391376
2021-05-12,64299.7722383974,-0.04997359615404373,0,,-0.357002277616026
2021-05-13,64299.7722383974,0.0,0,,-0.357002277616026
2021-05-14,64299.7722383974,0.0,0,,-0.357002277616026
2021-05-17,64299.7722383974,0.0,0,,-0.357002277616026
2021-05-18,64299.7722383974,0.0,0,,-0.357002277616026
2021-05-19,64299.7722383974,0.0,0,,-0.357002277616026
2021-05-20,64299.7722383974,0.0,0,,-0.357002277616026
2021-05-21,64299.7722383974,0.0,0,,-0.357002277616026
2021-05-24,64299.7722383974,0.0,0,,-0.357002277616026
2021-05-25,64299.7722383974,0.0,0,,-0.357002277616026
2021-05-26,64299.7722383974,0.0,0,,-0.357002277616026
2021-05-27,64299.7722383974,0.0,0,,-0.357002277616026
2021-05-28,64299.7722383974,0.0,0,,-0.357002277616026
2021-05-31,64299.7722383974,0.0,0,,-0.357002277616026
2021-06-01,64299.7722383974,0.0,0,,-0.357002277616026
2021-06-02,64299.7722383974,0.0,0,,-0.357002277616026
2021-06-04,64299.7722383974,0.0,0,,-0.357002277616026
2021-06-07,64299.7722383974,0.0,0,,-0.357002277616026
2021-06-08,64299.7722383974,0.0,0,,-0.357002277616026
2021-06-09,64299.7722383974,0.0,0,,-0.357002277616026
2021-06-10,64299.7722383974,0.0,0,,-0.357002277616026
2021-06-11,64299.7722383974,0.0,0,,-0.357002277616026
2021-06-14,64299.7722383974,0.0,0,,-0.357002277616026
2021-06-15,64299.7722383974,0.0,0,,-0.357002277616026
2021-06-16,64299.7722383974,0.0,0,,-0.357002277616026
2021-06-17,64299.7722383974,0.0,0,,-0.357002277616026
2021-06-18,64299.7722383974,0.0,0,,-0.357002277616026
2021-06-21,64299.7722383974,0.0,0,,-0.357002277616026
2021-06-22,64299.7722383974,0.0,0,,-0.357002277616026
2021-06-23,64299.7722383974,0.0,0,,-0.357002277616026
2021-06-24,64299.7722383974,0.0,0,,-0.357002277616026
2021-06-25,64299.7722383974,0.0,0,,-0.357002277616026
2021-06-28,64299.7722383974,0.0,0,,-0.357002277616026
2021-06-29,64299.7722383974,0.0,0,,-0.357002277616026
2021-06-30,64299.7722383974,0.0,0,,-0.357002277616026
2021-07-01,64299.7722383974,0.0,0,,-0.357002277616026
2021-07-02,64299.7722383974,0.0,0,,-0.357002277616026
2021-07-05,64299.7722383974,0.0,0,,-0.357002277616026
2021-07-06,64299.7722383974,0.0,0,,-0.357002277616026
2021-07-07,64299.7722383974,0.0,0,,-0.357002277616026
2021-07-08,64299.7722383974,0.0,0,,-0.357002277616026
2021-07-12,64299.7722383974,0.0,0,,-0.357002277616026
2021-07-13,64299.7722383974,0.0,0,,-0.357002277616026
2021-07-14,64299.7722383974,0.0,0,,-0.357002277616026
2021-07-15,64299.7722383974,0.0,0,,-0.357002277616026
2021-07-16,64299.7722383974,0.0,0,,-0.357002277616026
2021-07-19,63867.19438164936,-0.006727517714125386,1,23.612233570643834,-0.3613280561835064
2021-07-20,63170.636536471466,-0.010906347960354945,1,23.612233570643834,-0.3682936346352853
2021-07-21,63987.29592444866,0.012927832182056509,1,23.612233570643834,-0.3601270407555134
2021-07-22,64467.67779638176,0.007507456988029126,1,23.726028238024032,-0.3553232220361824
2021-07-23,63771.119951203866,-0.010804760912560551,1,23.726028238024032,-0.3622888004879613
2021-07-26,62762.3117023357,-0.015819202322933656,1,23.726028238024032,-0.37237688297664306
2021-07-27,62618.19276688823,-0.0022962655698691714,1,23.726028238024032,-0.37381807233111775
2021-07-28,63338.7728645671,0.011507519873040994,1,23.726028238024032,-0.36661227135432894
2021-07-29,62450.06129864541,-0.01403108279066223,1,23.726028238024032,-0.3754993870135459
2021-07-30,60624.598521652864,-0.029230760371281472,1,23.726028238024032,-0.3937540147834714
2021-08-02,61104.98039358596,0.007923877166155835,1,23.726028238024032,-0.3889501960641404
2021-08-03,61897.61752906217,0.012971727187713888,1,23.726028238024032,-0.38102382470937834
2021-08-04,61080.963000937794,-0.013193634274226151,1,23.726028238024032,-0.38919036999062206
2021-08-05,62161.8282876033,0.01769561633546779,1,23.726028238024032,-0.37838171712396707
2021-08-06,61852.73868845001,-0.004972337649453151,0,,-0.38147261311549996
2021-08-09,63964.10390818002,0.034135355434540715,1,23.663071155548096,-0.36035896091819986
2021-08-10,62670.44637091329,-0.02022474260131535,1,23.663071155548096,-0.3732955362908671
2021-08-11,62552.5170575091,-0.001881737249902815,0,,-0.37447482942490895
2021-08-12,62552.5170575091,0.0,0,,-0.37447482942490895
2021-08-13,62552.5170575091,0.0,0,,-0.37447482942490895
2021-08-16,62552.5170575091,0.0,0,,-0.37447482942490895
2021-08-17,62552.5170575091,0.0,0,,-0.37447482942490895
2021-08-18,62552.5170575091,0.0,0,,-0.37447482942490895
2021-08-19,62552.5170575091,0.0,0,,-0.37447482942490895
2021-08-20,62552.5170575091,0.0,0,,-0.37447482942490895
2021-08-23,62294.27637893112,-0.004128381889741739,1,23.07928024019514,-0.37705723621068876
2021-08-24,60648.76629415499,-0.02641510874557107,1,23.07928024019514,-0.39351233705845
2021-08-25,60534.322950525566,-0.0018869855171391725,0,,-0.39465677049474435
2021-08-26,60534.322950525566,0.0,0,,-0.39465677049474435
2021-08-27,60534.322950525566,0.0,0,,-0.39465677049474435
2021-08-30,60560.66069068767,0.00043508771352129827,1,22.580329418182373,-0.39439339309312327
2021-08-31,59811.84382973061,-0.012364740615721237,1,22.580329418182373,-0.40188156170269385
2021-09-01,59838.95378550508,0.0004532539717658768,0,,-0.4016104621449492
2021-09-02,58507.42537911559,-0.022251866420699762,1,22.849667957850865,-0.41492574620884404
2021-09-03,58787.087574847195,0.004779943638255402,0,,-0.41212912425152803
2021-09-06,59471.992947603634,0.011650609019955738,1,22.965484142303467,-0.40528007052396364
2021-09-08,59223.884604519815,-0.004171851837930007,0,,-0.40776115395480184
2021-09-09,59223.884604519815,0.0,0,,-0.40776115395480184
2021-09-10,58246.10205708717,-0.016509936049652896,1,22.646990707942418,-0.4175389794291283
2021-09-13,59570.02237182499,0.022729766765168913,0,,-0.40429977628175007
2021-09-14,59457.93450622057,-0.001881615301481565,1,22.706918920789445,-0.40542065493779433
2021-09-15,59046.30216789072,-0.006923085064227785,1,22.706918920789445,-0.4095369783210928
2021-09-16,59686.61965273783,0.01084432828708648,1,22.76752029146467,-0.40313380347262173
2021-09-17,60166.856609621645,0.008045973447279753,1,22.931816577911377,-0.39833143390378356
2021-09-20,59343.59193296194,-0.01368302622158346,1,22.931816577911377,-0.4065640806703805
2021-09-21,58820.72929138661,-0.00881076834995076,0,,-0.4117927070861339
2021-09-22,58820.72929138661,0.0,0,,-0.4117927070861339
2021-09-23,58820.72929138661,0.0,0,,-0.4117927070861339
2021-09-24,58820.72929138661,0.0,0,,-0.4117927070861339
2021-09-27,58820.72929138661,0.0,0,,-0.4117927070861339
2021-09-28,58820.72929138661,0.0,0,,-0.4117927070861339
2021-09-29,58820.72929138661,0.0,0,,-0.4117927070861339
2021-09-30,58820.72929138661,0.0,0,,-0.4117927070861339
2021-10-01,58820.72929138661,0.0,0,,-0.4117927070861339
2021-10-04,58820.72929138661,0.0,0,,-0.4117927070861339
2021-10-05,58820.72929138661,0.0,0,,-0.4117927070861339
2021-10-06,58820.72929138661,0.0,0,,-0.4117927070861339
2021-10-07,58820.72929138661,0.0,0,,-0.4117927070861339
2021-10-08,58820.72929138661,0.0,0,,-0.4117927070861339
2021-10-11,58820.72929138661,0.0,0,,-0.4117927070861339
2021-10-13,58820.72929138661,0.0,0,,-0.4117927070861339
2021-10-14,58820.72929138661,0.0,0,,-0.4117927070861339
2021-10-15,58820.72929138661,0.0,0,,-0.4117927070861339
2021-10-18,58820.72929138661,0.0,0,,-0.4117927070861339
2021-10-19,58820.72929138661,0.0,0,,-0.4117927070861339
2021-10-20,58820.72929138661,0.0,0,,-0.4117927070861339
2021-10-21,58820.72929138661,0.0,0,,-0.4117927070861339
2021-10-22,58820.72929138661,0.0,0,,-0.4117927070861339
2021-10-25,58820.72929138661,0.0,0,,-0.4117927070861339
2021-10-26,58820.72929138661,0.0,0,,-0.4117927070861339
2021-10-27,58820.72929138661,0.0,0,,-0.4117927070861339
2021-10-28,58820.72929138661,0.0,0,,-0.4117927070861339
2021-10-29,58820.72929138661,0.0,0,,-0.4117927070861339
2021-11-01,58820.72929138661,0.0,0,,-0.4117927070861339
2021-11-03,59709.00435885954,0.01510139500434593,1,20.40238986696516,-0.4029099564114046
2021-11-04,60785.52163414472,0.01802939584815655,1,20.832995891571045,-0.39214478365855276
2021-11-05,60610.273457838906,-0.0028830578663221473,1,20.832995891571045,-0.39389726542161096
2021-11-08,60585.240174973245,-0.0004130204573828955,1,20.832995891571045,-0.3941475982502676
2021-11-09,61035.87472446293,0.007438025304318696,1,20.89864764894758,-0.38964125275537076
2021-11-10,58707.59706300214,-0.03814605216966971,1,20.89864764894758,-0.41292402936997863
2021-11-11,57305.62684880177,-0.023880558638703087,1,20.89864764894758,-0.4269437315119823
2021-11-12,57280.58850052072,-0.0004369265228895136,1,20.89864764894758,-0.4271941149947929
2021-11-16,57505.90830797325,0.00393361544200066,1,20.89864764894758,-0.4249409169202675
2021-11-17,57944.6002998181,0.007628642077878833,0,,-0.42055399700181906
2021-11-18,57141.38516818363,-0.01386177706772429,1,20.11150550842285,-0.42858614831816366
2021-11-19,57684.88086000941,0.009511419616904826,1,20.134734903063094,-0.42315119139990587
2021-11-22,57660.17832801329,-0.00042823234836997237,1,20.182543550218856,-0.4233982167198671
2021-11-23,58277.78661431633,0.010711175445723198,1,20.482181685311453,-0.4172221338568367
2021-11-24,57931.92617392618,-0.005934687305114372,1,20.482181685311453,-0.42068073826073826
2021-11-25,58055.44883088456,0.002132203520862408,1,20.482181685311453,-0.4194455116911544
2021-11-26,55980.27619156594,-0.0357446661959947,1,20.482181685311453,-0.4401972380843405
2021-11-29,56192.311479620745,0.0037876784910673145,0,,-0.4380768852037925
2021-11-30,56192.311479620745,0.0,0,,-0.4380768852037925
2021-12-01,56192.311479620745,0.0,0,,-0.4380768852037925
2021-12-02,56192.311479620745,0.0,0,,-0.4380768852037925
2021-12-03,56192.311479620745,0.0,0,,-0.4380768852037925
2021-12-06,56192.311479620745,0.0,0,,-0.4380768852037925
2021-12-07,56192.311479620745,0.0,0,,-0.4380768852037925
2021-12-08,56192.311479620745,0.0,0,,-0.4380768852037925
2021-12-09,56192.311479620745,0.0,0,,-0.4380768852037925
2021-12-10,56603.22093646723,0.007312556576276608,1,20.969013214111328,-0.43396779063532764
2021-12-13,56485.341502553725,-0.002082556998758367,1,20.969013214111328,-0.4351465849744628
2021-12-14,56909.69410882092,0.0075126146886801415,1,21.089878695351736,-0.4309030589117908
2021-12-15,56556.070116889074,-0.006213774251811244,1,21.089878695351736,-0.4344392988311092
2021-12-16,56721.09560044451,0.0029179093104305664,1,21.125566414424352,-0.43278904399555485
2021-12-17,57169.016461596446,0.007896900728208589,1,21.272692135402135,-0.42830983538403555
2021-12-20,56933.267133641886,-0.004123725446858573,1,21.272692135402135,-0.43066732866358115
2021-12-21,57027.564002861975,0.0016562701205735664,1,21.35921594074794,-0.42972435997138025
2021-12-22,56768.24165008645,-0.004547315974473554,1,21.35921594074794,-0.4323175834991355
2021-12-23,56815.392469664606,0.0008305844642642057,1,21.4174610546657,-0.43184607530335395
2021-12-27,56744.668625265476,-0.001244800771848742,1,21.4174610546657,-0.4325533137473453
2021-12-28,55895.97295260354,-0.014956394904103054,1,21.4174610546657,-0.44104027047396466
2021-12-29,56060.99843615898,0.0029523680300793664,1,21.4174610546657,-0.4393900156384102
2021-12-30,57286.89112557373,0.02186712194950946,1,21.622832706996373,-0.42713108874426264
2022-01-03,54811.52795198704,-0.04320994079013052,1,21.622832706996373,-0.4518847204801296
2022-01-04,55047.2772799416,0.004301090240744099,1,21.622832706996373,-0.449527227200584
2022-01-05,53993.707249943815,-0.019139366778122002,0,,-0.4600629275005619
2022-01-06,53993.707249943815,0.0,0,,-0.4600629275005619
2022-01-07,53993.707249943815,0.0,0,,-0.4600629275005619
2022-01-10,53993.707249943815,0.0,0,,-0.4600629275005619
2022-01-11,53993.707249943815,0.0,0,,-0.4600629275005619
2022-01-12,53993.707249943815,0.0,0,,-0.4600629275005619
2022-01-13,53993.707249943815,0.0,0,,-0.4600629275005619
2022-01-14,53993.707249943815,0.0,0,,-0.4600629275005619
2022-01-17,53993.707249943815,0.0,0,,-0.4600629275005619
2022-01-18,53993.707249943815,0.0,0,,-0.4600629275005619
2022-01-19,53993.707249943815,0.0,0,,-0.4600629275005619
2022-01-20,53993.707249943815,0.0,0,,-0.4600629275005619
2022-01-21,53993.707249943815,0.0,0,,-0.4600629275005619
2022-01-24,53993.707249943815,0.0,0,,-0.4600629275005619
2022-01-25,53993.707249943815,0.0,0,,-0.4600629275005619
2022-01-26,53993.707249943815,0.0,0,,-0.4600629275005619
2022-01-27,53993.707249943815,0.0,0,,-0.4600629275005619
2022-01-28,53993.707249943815,0.0,0,,-0.4600629275005619
2022-01-31,53993.707249943815,0.0,0,,-0.4600629275005619
2022-02-01,53993.707249943815,0.0,0,,-0.4600629275005619
2022-02-02,53993.707249943815,0.0,0,,-0.4600629275005619
2022-02-03,53115.86571658339,-0.016258219301311994,1,19.97818422317505,-0.4688413428341661
2022-02-04,51521.92116384139,-0.030008821869665026,1,19.97818422317505,-0.4847807883615861
2022-02-07,51592.24154959102,0.0013648634243665914,1,19.97818422317505,-0.4840775845040898
2022-02-08,51334.39855426734,-0.004997708717033311,1,19.97818422317505,-0.48665601445732665
2022-02-09,52740.820497435285,0.027397261539573003,1,19.97818422317505,-0.4725917950256472
2022-02-10,52506.416049786436,-0.004444459631799735,1,19.97818422317505,-0.4749358395021357
2022-02-11,52272.01160213759,-0.0044643010375453596,1,19.97818422317505,-0.4772798839786241
2022-02-14,53912.83799295438,0.03139015202448592,1,20.05393491472517,-0.46087162007045623
2022-02-15,54967.65326464905,0.01956519654618294,1,20.44784198488508,-0.4503234673535095
2022-02-16,55084.85548847348,0.002132203520862408,1,20.51349299294608,-0.4491514451152653
2022-02-17,55225.50100269787,0.0025532519415218946,1,20.64749036516462,-0.44774498997302126
2022-02-18,55553.659641046026,0.005942157742165666,1,20.927599906921387,-0.44446340358953973
2022-02-21,54639.48988357575,-0.016455617206446616,1,20.927599906921387,-0.45360510116424246
2022-02-22,55670.86660759559,0.01887603135053917,1,20.96295322690691,-0.4432913339240441
2022-02-23,52047.32444908975,-0.06508866089775323,0,,-0.4795267555091025
2022-02-24,52047.32444908975,0.0,0,,-0.4795267555091025
2022-02-25,52047.32444908975,0.0,0,,-0.4795267555091025
2022-03-02,52047.32444908975,0.0,0,,-0.4795267555091025
2022-03-03,52047.32444908975,0.0,0,,-0.4795267555091025
2022-03-04,51795.19599133213,-0.004844215537039509,1,20.550864355904714,-0.4820480400866787
2022-03-07,49901.04771583864,-0.036569960577241045,1,20.550864355904714,-0.5009895228416136
2022-03-08,48921.31174787692,-0.01963357510128494,1,20.550864355904714,-0.5107868825212307
2022-03-09,50162.311521654265,0.025367262843911886,1,20.550864355904714,-0.4983768847834573
2022-03-10,48681.82249553794,-0.029513971370263126,1,20.550864355904714,-0.5131817750446206
2022-03-11,47898.03548322023,-0.016100198639637076,1,20.550864355904714,-0.5210196451677978
2022-03-14,47847.930321641834,-0.0010460796789034665,0,,-0.5215206967835817
2022-03-15,47847.930321641834,0.0,0,,-0.5215206967835817
2022-03-16,47754.948401604495,-0.0019432798746423785,1,18.87995515550886,-0.522450515983955
2022-03-17,47640.74058218816,-0.002391538955416328,0,,-0.5235925941781183
2022-03-18,47640.74058218816,0.0,0,,-0.5235925941781183
2022-03-21,47640.74058218816,0.0,0,,-0.5235925941781183
2022-03-22,47640.74058218816,0.0,0,,-0.5235925941781183
2022-03-23,47640.74058218816,0.0,0,,-0.5235925941781183
2022-03-24,47640.74058218816,0.0,0,,-0.5235925941781183
2022-03-25,47640.74058218816,0.0,0,,-0.5235925941781183
2022-03-28,47589.49441694023,-0.0010756794420423432,1,20.672067437853133,-0.5241050558305977
2022-03-29,47951.38806255195,0.007604486033012003,1,20.866999558040074,-0.5204861193744805
2022-03-30,48353.497537175135,0.008385773402401542,1,21.14475577218192,-0.5164650246282487
2022-03-31,48132.33895331543,-0.004573786698463089,1,21.14475577218192,-0.5186766104668457
2022-04-01,48534.44842793861,0.008354247546814353,1,21.25989839008876,-0.5146555157206139
2022-04-04,48353.497537175135,-0.0037282980774395735,1,21.269324030194962,-0.5164650246282487
2022-04-05,47488.96704828444,-0.017879378595644035,1,21.269324030194962,-0.5251103295171556
2022-04-06,47509.07089483255,0.0004233372043589423,1,21.269324030194962,-0.5249092910516745
2022-04-07,46865.69898980155,-0.013542085604140386,1,21.269324030194962,-0.5313430101019845
2022-04-08,46041.37619400708,-0.017589043022143924,1,21.269324030194962,-0.5395862380599292
2022-04-11,45619.16287283579,-0.009170301934333769,1,21.269324030194962,-0.5438083712716422
2022-04-12,45599.05902628768,-0.0004406886335058813,1,21.269324030194962,-0.5440094097371232
2022-04-13,45294.77368155983,-0.006673061927712776,0,,-0.5470522631844017
2022-04-14,45294.77368155983,0.0,0,,-0.5470522631844017
2022-04-18,45294.77368155983,0.0,0,,-0.5470522631844017
2022-04-19,45294.77368155983,0.0,0,,-0.5470522631844017
2022-04-20,45226.93328163737,-0.0014977533699451762,1,20.01521689551217,-0.5477306671836263
2022-04-22,44615.97823854326,-0.013508655103576572,0,,-0.5538402176145674
2022-04-25,44615.97823854326,0.0,0,,-0.5538402176145674
2022-04-26,44615.97823854326,0.0,0,,-0.5538402176145674
2022-04-27,44615.97823854326,0.0,0,,-0.5538402176145674
2022-04-28,44615.97823854326,0.0,0,,-0.5538402176145674
2022-04-29,44615.97823854326,0.0,0,,-0.5538402176145674
2022-05-02,44615.97823854326,0.0,0,,-0.5538402176145674
2022-05-03,44615.97823854326,0.0,0,,-0.5538402176145674
2022-05-04,44615.97823854326,0.0,0,,-0.5538402176145674
2022-05-05,44615.97823854326,0.0,0,,-0.5538402176145674
2022-05-06,44615.97823854326,0.0,0,,-0.5538402176145674
2022-05-09,44615.97823854326,0.0,0,,-0.5538402176145674
2022-05-10,44615.97823854326,0.0,0,,-0.5538402176145674
2022-05-11,44615.97823854326,0.0,0,,-0.5538402176145674
2022-05-12,44615.97823854326,0.0,0,,-0.5538402176145674
2022-05-13,44615.97823854326,0.0,0,,-0.5538402176145674
2022-05-16,44615.97823854326,0.0,0,,-0.5538402176145674
2022-05-17,44615.97823854326,0.0,0,,-0.5538402176145674
2022-05-18,44615.97823854326,0.0,0,,-0.5538402176145674
2022-05-19,44615.97823854326,0.0,0,,-0.5538402176145674
2022-05-20,44615.97823854326,0.0,0,,-0.5538402176145674
2022-05-23,44615.97823854326,0.0,0,,-0.5538402176145674
2022-05-24,44615.97823854326,0.0,0,,-0.5538402176145674
2022-05-25,44615.97823854326,0.0,0,,-0.5538402176145674
2022-05-26,44615.97823854326,0.0,0,,-0.5538402176145674
2022-05-27,44615.97823854326,0.0,0,,-0.5538402176145674
2022-05-30,44615.97823854326,0.0,0,,-0.5538402176145674
2022-05-31,44615.97823854326,0.0,0,,-0.5538402176145674
2022-06-01,45407.93640343944,0.017750550277344512,1,18.29481772014073,-0.5459206359656057
2022-06-02,45386.464249651945,-0.00047287226613246247,1,18.29481772014073,-0.5461353575034806
2022-06-03,45708.50746089807,0.007095578308869754,1,18.398175171443395,-0.5429149253910193
2022-06-06,46932.26818847193,0.026773150022908476,1,18.92372281210763,-0.5306773181152807
2022-06-07,45880.262971438984,-0.022415392599570705,1,18.92372281210763,-0.5411973702856101
2022-06-08,45021.48541873444,-0.01871779926891759,1,18.92372281210763,-0.5497851458126556
2022-06-09,44334.463376570806,-0.01525987061008316,1,18.92372281210763,-0.5566553662342919
2022-06-10,44656.50658781693,0.007263947428679529,1,18.92372281210763,-0.5534349341218306
2022-06-13,43033.78674664667,-0.036337814243915134,0,,-0.5696621325335334
2022-06-14,43033.78674664667,0.0,0,,-0.5696621325335334
2022-06-15,43033.78674664667,0.0,0,,-0.5696621325335334
2022-06-17,43033.78674664667,0.0,0,,-0.5696621325335334
2022-06-20,43033.78674664667,0.0,0,,-0.5696621325335334
2022-06-21,43033.78674664667,0.0,0,,-0.5696621325335334
2022-06-22,43033.78674664667,0.0,0,,-0.5696621325335334
2022-06-23,43033.78674664667,0.0,0,,-0.5696621325335334
2022-06-24,43033.78674664667,0.0,0,,-0.5696621325335334
2022-06-27,43033.78674664667,0.0,0,,-0.5696621325335334
2022-06-28,43033.78674664667,0.0,0,,-0.5696621325335334
2022-06-29,43033.78674664667,0.0,0,,-0.5696621325335334
2022-06-30,43033.78674664667,0.0,0,,-0.5696621325335334
2022-07-01,43033.78674664667,0.0,0,,-0.5696621325335334
2022-07-04,43033.78674664667,0.0,0,,-0.5696621325335334
2022-07-05,43033.78674664667,0.0,0,,-0.5696621325335334
2022-07-06,43033.78674664667,0.0,0,,-0.5696621325335334
2022-07-07,43033.78674664667,0.0,0,,-0.5696621325335334
2022-07-08,43033.78674664667,0.0,0,,-0.5696621325335334
2022-07-11,43033.78674664667,0.0,0,,-0.5696621325335334
2022-07-12,43033.78674664667,0.0,0,,-0.5696621325335334
2022-07-13,43033.78674664667,0.0,0,,-0.5696621325335334
2022-07-14,45020.68740145688,0.04617071387437299,1,17.92414038521903,-0.5497931259854312
2022-07-15,45500.7942187083,0.010664137865560086,1,18.0978650365557,-0.544992057812917
2022-07-18,44933.398062707434,-0.012470027518059812,1,18.0978650365557,-0.5506660193729256
2022-07-19,44060.47818241961,-0.019426972317330815,1,18.0978650365557,-0.559395218175804
2022-07-20,42794.74965456093,-0.028727071971808793,1,18.0978650365557,-0.5720525034543906
2022-07-21,42641.98779241745,-0.0035696402800945437,1,18.0978650365557,-0.5735801220758254
2022-07-22,42839.508842637515,0.004632078860432154,0,,-0.5716049115736248
2022-07-25,42987.63114330741,0.003457609684881957,1,17.49353633608137,-0.5701236885669259
2022-07-26,41883.750918547084,-0.02567901964824093,1,17.49353633608137,-0.5811624908145292
2022-07-27,43072.54269395754,0.02838312589821168,1,17.531243051801408,-0.5692745730604246
2022-07-28,43879.226048661985,0.0187284823288969,1,17.913031101226807,-0.5612077395133801
2022-07-29,44537.30882074502,0.014997592969238305,1,18.139612334115164,-0.5546269117925497
2022-08-01,46278.040708535635,0.0390848017961023,1,18.730809347970144,-0.5372195929146437
2022-08-02,45959.61272942702,-0.0068807575738590865,1,18.730809347970144,-0.5404038727057299
2022-08-03,46702.60705216019,0.01616624420025725,1,19.008563654763357,-0.5329739294783982
2022-08-04,47233.32035067455,0.011363676077475349,1,19.254335744040354,-0.5276667964932545
2022-08-05,47127.17769097168,-0.002247198776516912,1,19.254335744040354,-0.5287282230902832
2022-08-08,47105.950877105875,-0.00045041555437486114,1,19.254335744040354,-0.5289404912289413
2022-08-09,47148.408800024416,0.0009013282213388152,1,19.33783115659441,-0.5285159119997558
2022-08-10,47551.748329783164,0.008554679575072832,1,19.538824830736434,-0.5244825167021683
2022-08-11,47127.17769097168,-0.008928602075090497,1,19.538824830736434,-0.5287282230902832
2022-08-12,47509.29040686463,0.008108117961117767,1,19.60077244894845,-0.5249070959313538
2022-08-15,47339.46301037742,-0.003574614460305159,1,19.60077244894845,-0.5266053698962259
2022-08-16,47827.71838597325,0.010313918759255802,1,19.83981078011649,-0.5217228161402676
2022-08-17,49759.50877930381,0.04039060315904841,1,20.58823537826538,-0.5024049122069618
2022-08-18,49525.99235084533,-0.0046929005970334225,1,20.58823537826538,-0.5047400764915467
2022-08-19,48400.88531221921,-0.022717506206756832,1,20.58823537826538,-0.5159911468778079
2022-08-22,48146.14636508186,-0.0052631051166543985,1,20.58823537826538,-0.5185385363491815
2022-08-23,48464.574344190485,0.006613779152625288,1,20.58823537826538,-0.5153542565580951
2022-08-24,47870.17630889179,-0.01226458796640495,1,20.58823537826538,-0.5212982369110821
2022-08-25,48018.77259632625,0.003104151663775312,1,20.58823537826538,-0.5198122740367375
2022-08-26,47105.950877105875,-0.019009684543461414,1,20.58823537826538,-0.5289404912289413
2022-08-29,46957.350294484466,-0.0031546031839818633,1,20.58823537826538,-0.5304264970551553
2022-08-30,47021.0350312688,0.0013562250933016884,1,20.58823537826538,-0.529789649687312
2022-08-31,46293.41104735511,-0.015474435716479329,0,,-0.5370658895264488
2022-09-01,46293.41104735511,0.0,0,,-0.5370658895264488
2022-09-02,46293.41104735511,0.0,0,,-0.5370658895264488
2022-09-05,47055.06820865766,0.01645282004653814,1,19.941147123064315,-0.5294493179134234
2022-09-06,46847.32304278942,-0.004414937089178839,1,19.97481598172869,-0.5315267695721058
2022-09-08,47117.39638216988,0.00576496845153307,1,20.117565904344833,-0.5288260361783013
2022-09-09,47262.81757793658,0.0030863589020748705,1,20.198702335357666,-0.5273718242206342
2022-09-12,48239.23625081893,0.020659341167551748,1,20.579479694366455,-0.5176076374918106
2022-09-13,47761.413542159564,-0.009905271015795969,1,20.579479694366455,-0.5223858645784043
2022-09-14,47158.947096707794,-0.012614083226828443,1,20.579479694366455,-0.5284105290329221
2022-09-15,47013.52169753042,-0.0030837287117363443,1,20.579479694366455,-0.5298647830246959
2022-09-16,46673.33318561274,-0.007235971687174159,0,,-0.5332666681438726
2022-09-19,46673.33318561274,0.0,0,,-0.5332666681438726
2022-09-20,46664.19219477796,-0.00019585039702274543,1,20.337748800005233,-0.5333580780522204
2022-09-21,46380.63981547891,-0.006076444613366316,1,20.337748800005233,-0.5361936018452109
2022-09-22,46724.95224807546,0.007423624037235399,1,20.367377758026123,-0.5327504775192453
2022-09-23,47494.58505375448,0.01647155895618324,1,20.696979522705078,-0.5250541494624552
2022-09-26,46400.8918006004,-0.023027746256046533,1,20.696979522705078,-0.5359910819939959
2022-09-27,46360.38783035743,-0.0008729136159070228,1,20.696979522705078,-0.5363961216964257
2022-09-28,46076.83545105839,-0.006116264176577291,1,20.696979522705078,-0.5392316454894162
2022-09-29,44400.69983072725,-0.03637696911958033,0,,-0.5559930016927275
2022-09-30,44400.69983072725,0.0,0,,-0.5559930016927275
2022-10-03,44400.69983072725,0.0,0,,-0.5559930016927275
2022-10-04,44400.69983072725,0.0,0,,-0.5559930016927275
2022-10-05,44400.69983072725,0.0,0,,-0.5559930016927275
2022-10-06,44400.69983072725,0.0,0,,-0.5559930016927275
2022-10-07,44400.69983072725,0.0,0,,-0.5559930016927275
2022-10-10,44400.69983072725,0.0,0,,-0.5559930016927275
2022-10-11,44400.69983072725,0.0,0,,-0.5559930016927275
2022-10-13,44400.69983072725,0.0,0,,-0.5559930016927275
2022-10-14,44400.69983072725,0.0,0,,-0.5559930016927275
2022-10-17,44400.69983072725,0.0,0,,-0.5559930016927275
2022-10-18,44718.71155805065,0.007162313399018183,1,20.22328097479684,-0.5528128844194935
2022-10-19,44949.416261170416,0.005159019459231917,1,20.319568634033203,-0.5505058373882958
2022-10-20,45295.48109573484,0.007698983954623095,1,20.58857270649501,-0.5470451890426515
2022-10-21,46237.53178337786,0.020797895614618644,1,21.070687294006348,-0.5376246821662214
2022-10-24,46756.62125533972,0.011226582647053673,1,21.43968071256365,-0.5324337874466027
2022-10-25,46083.72735131722,-0.014391414220197851,1,21.43968071256365,-0.5391627264868278
2022-10-26,45103.22069323105,-0.021276635255896736,1,21.43968071256365,-0.5489677930676895
2022-10-27,46641.26890377983,0.03410062933221103,1,21.43968071256365,-0.5335873109622017
2022-10-28,47756.352008705064,0.02390764940863055,1,21.746390342712402,-0.5224364799129493
2022-10-31,50582.51574146129,0.059178802690814214,1,22.886366503579275,-0.49417484258538713
2022-11-01,50178.77862105931,-0.007981752478772974,1,22.886366503579275,-0.49821221378940683
2022-11-03,50255.67889211844,0.0015325257643248325,1,22.886366503579275,-0.4974432110788156
2022-11-04,50909.34870086175,0.013006884458699908,1,22.886366503579275,-0.49090651299138244
2022-11-07,50178.77862105931,-0.014350411043268285,1,22.886366503579275,-0.49821221378940683
2022-11-08,49832.71767643728,-0.006896559743620356,1,22.886366503579275,-0.5016728232356272
2022-11-09,49544.332907595184,-0.005787056823081005,1,22.886366503579275,-0.5045566709240481
2022-11-10,46605.589381452366,-0.059315432334589135,0,,-0.5339441061854764
2022-11-11,46605.589381452366,0.0,0,,-0.5339441061854764
2022-11-14,46605.589381452366,0.0,0,,-0.5339441061854764
2022-11-16,46605.589381452366,0.0,0,,-0.5339441061854764
2022-11-17,46605.589381452366,0.0,0,,-0.5339441061854764
2022-11-18,46605.589381452366,0.0,0,,-0.5339441061854764
2022-11-21,46605.589381452366,0.0,0,,-0.5339441061854764
2022-11-22,46605.589381452366,0.0,0,,-0.5339441061854764
2022-11-23,46605.589381452366,0.0,0,,-0.5339441061854764
2022-11-24,46605.589381452366,0.0,0,,-0.5339441061854764
2022-11-25,46605.589381452366,0.0,0,,-0.5339441061854764
2022-11-28,46605.589381452366,0.0,0,,-0.5339441061854764
2022-11-29,46605.589381452366,0.0,0,,-0.5339441061854764
2022-11-30,46605.589381452366,0.0,0,,-0.5339441061854764
2022-12-01,46605.589381452366,0.0,0,,-0.5339441061854764
2022-12-02,46605.589381452366,0.0,0,,-0.5339441061854764
2022-12-05,46605.589381452366,0.0,0,,-0.5339441061854764
2022-12-06,46605.589381452366,0.0,0,,-0.5339441061854764
2022-12-07,46605.589381452366,0.0,0,,-0.5339441061854764
2022-12-08,46605.589381452366,0.0,0,,-0.5339441061854764
2022-12-09,46605.589381452366,0.0,0,,-0.5339441061854764
2022-12-12,46605.589381452366,0.0,0,,-0.5339441061854764
2022-12-13,46605.589381452366,0.0,0,,-0.5339441061854764
2022-12-14,46605.589381452366,0.0,0,,-0.5339441061854764
2022-12-15,46605.589381452366,0.0,0,,-0.5339441061854764
2022-12-16,46605.589381452366,0.0,0,,-0.5339441061854764
2022-12-19,46605.589381452366,0.0,0,,-0.5339441061854764
2022-12-20,46605.589381452366,0.0,0,,-0.5339441061854764
2022-12-21,46890.4195366453,0.0061115020531483655,1,20.38219118118286,-0.531095804633547
2022-12-22,46437.272096866334,-0.009663966419085401,1,20.38219118118286,-0.5356272790313367
2022-12-23,47048.034130943306,0.01315240983154542,1,20.572074685777938,-0.5295196586905669
2022-12-26,46791.90991692066,-0.005443887693794114,1,20.572074685777938,-0.5320809008307934
2022-12-27,46575.186361742235,-0.004631645845686094,1,20.572074685777938,-0.5342481363825777
2022-12-28,46870.71522091614,0.006345199713825744,1,20.626951422010148,-0.5312928477908385
2022-12-29,46732.80095604024,-0.002942439948395714,1,20.626951422010148,-0.5326719904395976
2023-01-02,45826.518035403446,-0.01939286544132679,1,20.626951422010148,-0.5417348196459655
2023-01-03,45443.02191353722,-0.008368432477674936,0,,-0.5455697808646278
2023-01-04,45443.02191353722,0.0,0,,-0.5455697808646278
2023-01-05,45443.02191353722,0.0,0,,-0.5455697808646278
2023-01-06,45443.02191353722,0.0,0,,-0.5455697808646278
2023-01-09,44380.800647110875,-0.02337479379006513,1,21.143744809286936,-0.5561919935288913
2023-01-10,45037.32363492872,0.014792950515654546,1,21.143744809286936,-0.5496267636507128
2023-01-11,45525.02490776649,0.010828824483245736,1,21.32521370479039,-0.5447497509223351
2023-01-12,45112.35255636753,-0.009064736422111475,1,21.32521370479039,-0.5488764744363247
2023-01-13,44981.04719974764,-0.002910629776086804,1,21.32521370479039,-0.5501895280025235
2023-01-16,45168.62519626703,0.00417015628129791,1,21.32521370479039,-0.5483137480373297
2023-01-17,44981.04719974764,-0.004152838296590189,1,21.32521370479039,-0.5501895280025235
2023-01-18,45018.56355810784,0.0008340481312851811,1,21.32521370479039,-0.5498143644189216
2023-01-19,45506.264830945605,0.0108333370567959,1,21.32521370479039,-0.544937351690544
2023-01-20,45131.112633188415,-0.008243968147042424,1,21.32521370479039,-0.5486888736681159
2023-01-23,45525.02490776649,0.008728175566591334,1,21.343731335231237,-0.5447497509223351
2023-01-24,46350.36202000127,0.018129306110362453,1,21.74336086000715,-0.5364963797999873
2023-01-25,46725.51801304003,0.008093917214214486,1,21.997549397604807,-0.5327448198695997
2023-01-26,46838.06329283904,0.002408647021689525,1,22.160161903926305,-0.5316193670716096
2023-01-27,47175.70292751762,0.0072086591746460815,1,22.38876301901681,-0.5282429707248238
2023-01-30,47325.76456567681,0.00318090942682403,1,22.578646183013916,-0.5267423543432319
2023-01-31,46575.45637488084,-0.015854116625093617,1,22.578646183013916,-0.5342454362511916
2023-02-01,46087.75510204307,-0.010471207601538413,1,22.578646183013916,-0.5391224489795693
2023-02-02,45299.930552886915,-0.017094010055639042,1,22.578646183013916,-0.5470006944711309
2023-02-03,44860.06379499368,-0.009710097841754917,0,,-0.5513993620500632
2023-02-06,44860.06379499368,0.0,0,,-0.5513993620500632
2023-02-07,44860.06379499368,0.0,0,,-0.5513993620500632
2023-02-08,44860.06379499368,0.0,0,,-0.5513993620500632
2023-02-09,44860.06379499368,0.0,0,,-0.5513993620500632
2023-02-10,44860.06379499368,0.0,0,,-0.5513993620500632
2023-02-13,44860.06379499368,0.0,0,,-0.5513993620500632
2023-02-14,44860.06379499368,0.0,0,,-0.5513993620500632
2023-02-15,44860.06379499368,0.0,0,,-0.5513993620500632
2023-02-16,44860.06379499368,0.0,0,,-0.5513993620500632
2023-02-17,44860.06379499368,0.0,0,,-0.5513993620500632
2023-02-22,44860.06379499368,0.0,0,,-0.5513993620500632
2023-02-23,44860.06379499368,0.0,0,,-0.5513993620500632
2023-02-24,44860.06379499368,0.0,0,,-0.5513993620500632
2023-02-27,44860.06379499368,0.0,0,,-0.5513993620500632
2023-02-28,44860.06379499368,0.0,0,,-0.5513993620500632
2023-03-01,44860.06379499368,0.0,0,,-0.5513993620500632
2023-03-02,44860.06379499368,0.0,0,,-0.5513993620500632
2023-03-03,44860.06379499368,0.0,0,,-0.5513993620500632
2023-03-06,44860.06379499368,0.0,0,,-0.5513993620500632
2023-03-07,44860.06379499368,0.0,0,,-0.5513993620500632
2023-03-08,44860.06379499368,0.0,0,,-0.5513993620500632
2023-03-09,44496.23340241061,-0.008110340507890057,1,21.253501415252686,-0.5550376659758939
2023-03-10,44477.69474157446,-0.00041663438494876637,1,21.253501415252686,-0.5552230525842554
2023-03-13,44811.41689535155,0.007503135126856186,1,21.35383061000279,-0.5518858310464845
2023-03-14,45237.839855802646,0.009515944596149017,1,21.602632318224227,-0.5476216014419735
2023-03-15,45423.23771790403,0.00409829166671849,1,21.693532398768834,-0.5457676228209598
2023-03-16,45274.91717747495,-0.0032653009314352888,1,21.693532398768834,-0.5472508282252505
2023-03-17,44069.81044195951,-0.02661753594802818,1,21.693532398768834,-0.5593018955804049
2023-03-20,43754.630700265196,-0.0071518288491259074,1,21.693532398768834,-0.562453692997348
2023-03-21,43977.1096352855,0.005084694613111118,1,21.693532398768834,-0.5602289036471451
2023-03-22,44077.75662891567,0.002288622296118481,0,,-0.5592224337108433
2023-03-23,43881.415405880085,-0.004454428674502409,1,20.872722966330393,-0.5611858459411991
2023-03-24,44681.969370832165,0.01824357663825049,1,21.262590340205602,-0.5531803062916784
2023-03-27,44309.6221059544,-0.00833327783266491,1,21.262590340205602,-0.5569037789404561
2023-03-28,45575.611093729945,0.028571423713528388,1,21.78073113305228,-0.5442438890627006
2023-03-29,45408.05162266565,-0.003676516168257149,1,21.78073113305228,-0.5459194837733435
2023-03-30,46394.781103509136,0.021730275701830726,1,22.139962196350098,-0.5360521889649086
2023-03-31,45519.75542543847,-0.018860433377591357,1,22.139962196350098,-0.5448024457456153
2023-04-03,44458.56176528651,-0.023312815506889017,1,22.139962196350098,-0.5554143823471349
2023-04-04,45612.843183384175,0.02596308500017508,1,22.139962196350098,-0.5438715681661582
2023-04-05,45929.342313780595,0.006938816094492317,1,22.139962196350098,-0.540706576862194
2023-04-06,46543.72076284126,0.013376600188684362,1,22.15140880857195,-0.5345627923715874
2023-04-10,46543.72076284126,0.0,1,22.180025850023544,-0.5345627923715874
2023-04-11,47288.41905950185,0.015999973454101868,1,22.530165672302246,-0.5271158094049815
2023-04-12,48703.34770660952,0.029921250810421407,1,23.12540340423584,-0.5129665229339048
2023-04-13,47828.325795443925,-0.017966360678874804,1,23.12540340423584,-0.5217167420455607
2023-04-14,48405.468387945286,0.012066962054447128,1,23.12540340423584,-0.5159453161205472
2023-04-17,47995.88526650822,-0.008461505178598006,1,23.12540340423584,-0.5200411473349178
2023-04-18,47809.70598371174,-0.0038790675859540213,1,23.12540340423584,-0.5219029401628825
2023-04-19,46916.068027719026,-0.01869155933101052,1,23.12540340423584,-0.5308393197228097
2023-04-20,47828.325795443925,0.019444463401875778,1,23.12540340423584,-0.5217167420455607
2023-04-24,48498.556145890994,0.014013251337995136,1,23.12540340423584,-0.5150144385410901
2023-04-25,48386.85234311817,-0.0023032397590725395,1,23.12540340423584,-0.5161314765688183
2023-04-26,48945.37512388735,0.01154286244553826,1,23.342221123831614,-0.5105462487611265
2023-04-27,48815.05150938235,-0.0026626338888022794,1,23.342221123831614,-0.5118494849061765
2023-04-28,48926.755312155175,0.0022883065636294386,1,23.347943237849645,-0.5107324468784482
2023-05-02,49522.51771638871,0.01217661789408564,1,23.59741939817156,-0.5047748228361129
2023-05-03,48740.583563168824,-0.015789466878440184,1,23.59741939817156,-0.5125941643683117
2023-05-04,49131.55063977877,0.008021386861387203,1,23.59741939817156,-0.5086844936022124
2023-05-05,49485.28185982942,0.007199675472165046,1,23.640849045344762,-0.5051471814017059
2023-05-08,49932.10083782578,0.009029330766711752,1,23.883926732199534,-0.5006789916217422
2023-05-09,50509.243430327144,0.01155854816475399,1,24.16437557765416,-0.49490756569672856
2023-05-10,51328.413440106335,0.01621821975831339,1,24.538756098066056,-0.48671586559893665
2023-05-11,51905.556032607696,0.011244115175599756,1,24.841088703700475,-0.4809444396739231
2023-05-12,52035.8796471127,0.0025107835165687487,1,24.930644239698136,-0.47964120352887296
2023-05-15,52389.610867163356,0.006797833003872045,1,25.106387002127512,-0.4761038913283664
2023-05-16,52352.37501060405,-0.0007107488668643969,1,25.106387002127512,-0.4764762498939594
2023-05-17,52277.90706439053,-0.0014224368273347832,1,25.106387002127512,-0.4772209293560947
2023-05-18,53059.83745070536,0.014957186127434907,1,25.439018385750906,-0.4694016254929464
2023-05-19,53339.100724542484,0.005263176203594178,1,25.50130374091012,-0.4666089927545751
2023-05-22,54059.22749946952,0.0135009170598126,1,25.861625807625906,-0.4594077250053048
2023-05-23,54388.38343088154,0.006088801979555747,1,26.096434593200684,-0.4561161656911846
2023-05-24,54833.71448137755,0.008187981006310796,1,26.262603896004812,-0.4516628551862245
2023-05-25,54582.00611808481,-0.004590394170327916,1,26.262603896004812,-0.45417993881915186
2023-05-26,55608.201463285586,0.01880098256155449,1,26.558539526803152,-0.4439179853671441
2023-05-29,55569.47767922595,-0.0006963682162099971,1,26.566337176731654,-0.44430522320774046
2023-05-30,55104.784736700116,-0.008362377368530738,1,26.566337176731654,-0.4489521526329988
2023-05-31,54853.07637340738,-0.004567813203434912,1,26.566337176731654,-0.4514692362659263
2023-06-01,55414.578776082315,0.01023647969810404,1,26.566337176731654,-0.4458542122391769
2023-06-02,53420.27376177023,-0.03598881482742322,1,26.566337176731654,-0.4657972623822977
2023-06-05,53439.63565380005,0.0003624446425745109,1,26.566337176731654,-0.46560364346199956
2023-06-06,54794.99069731791,0.025362355617435606,1,26.566337176731654,-0.45205009302682087
2023-06-07,54853.07637340738,0.0010600544931256284,1,26.566337176731654,-0.4514692362659263
2023-06-09,55492.030111106666,0.011648457660782263,1,26.566337176731654,-0.4450796988889334
2023-06-12,55898.63361063797,0.00732724138434282,1,26.566337176731654,-0.4410136638936203
2023-06-13,55375.85499202267,-0.009352261134980666,1,26.566337176731654,-0.4462414500797732
2023-06-14,55395.21688405249,0.00034964502187118107,1,26.566337176731654,-0.4460478311594751
2023-06-15,55646.92524734523,0.004543864569022116,1,26.579832008906774,-0.44353074752654775
2023-06-16,55182.232304819394,-0.00835073888557758,1,26.579832008906774,-0.4481776769518061
2023-06-19,55356.493099992855,0.0031579149283209595,1,26.579832008906774,-0.44643506900007146
2023-06-20,55569.47767922595,0.0038475085271094667,1,26.615896906171525,-0.44430522320774046
2023-06-21,55782.46225845905,0.003832761942851981,1,26.73074299948556,-0.4421753774154096
2023-06-22,55375.85499202267,-0.007289159531044476,1,26.73074299948556,-0.4462414500797732
2023-06-23,56285.87898504452,0.016433588125238652,1,27.174720696040563,-0.43714121014955487
2023-06-26,55763.10036642922,-0.009287917823122216,1,27.174720696040563,-0.4423689963357078
2023-06-27,55956.719286727435,0.003472169212721532,1,27.174720696040563,-0.4404328071327257
2023-06-28,55356.493099992855,-0.010726615040795417,1,27.174720696040563,-0.44643506900007146
2023-06-29,55608.201463285586,0.0045470431596534855,1,27.174720696040563,-0.4439179853671441
2023-06-30,57312.0743302453,0.030640675693938135,1,27.57177870614188,-0.426879256697547
2023-07-03,55705.0109234347,-0.028040573048365602,1,27.57177870614188,-0.44294989076565305
2023-07-04,55066.06095264047,-0.011470242267296982,1,27.57177870614188,-0.4493393904735953
2023-07-05,55414.578776082315,0.006329085781922705,1,27.57177870614188,-0.4458542122391769
2023-07-06,54371.01568269631,-0.018831923230939074,0,,-0.4562898431730369
2023-07-07,54371.01568269631,0.0,0,,-0.4562898431730369
2023-07-10,54371.01568269631,0.0,0,,-0.4562898431730369
2023-07-11,54371.01568269631,0.0,0,,-0.4562898431730369
2023-07-12,54371.01568269631,0.0,0,,-0.4562898431730369
2023-07-13,54371.01568269631,0.0,0,,-0.4562898431730369
2023-07-14,53741.20270485706,-0.011583616195709356,1,26.319327354431152,-0.4625879729514294
2023-07-17,53415.13436584911,-0.006067380754366303,0,,-0.46584865634150885
2023-07-18,52754.58930608056,-0.012366252890882334,1,26.17436879021781,-0.47245410693919443
2023-07-19,52357.56973858239,-0.007525782547460946,0,,-0.4764243026141761
2023-07-20,52357.56973858239,0.0,0,,-0.4764243026141761
2023-07-21,52357.56973858239,0.0,0,,-0.4764243026141761
2023-07-24,52357.56973858239,0.0,0,,-0.4764243026141761
2023-07-25,52357.56973858239,0.0,0,,-0.4764243026141761
2023-07-26,52357.56973858239,0.0,0,,-0.4764243026141761
2023-07-27,52042.09877718541,-0.006025317121709395,1,26.703781400408065,-0.4795790122281459
2023-07-28,52601.293405802986,0.010745043757972361,0,,-0.47398706594197015
2023-07-31,52601.293405802986,0.0,0,,-0.47398706594197015
2023-08-01,52870.33908559872,0.00511481110778278,1,26.928920609610422,-0.4712966091440127
2023-08-02,52321.13320030742,-0.01038778821528119,1,26.928920609610422,-0.47678866799692576
2023-08-03,52260.93066597188,-0.0011506351382922775,0,,-0.47739069334028117
2023-08-04,51608.20067436667,-0.012489827167012413,1,26.24229724066598,-0.48391799325633333
2023-08-07,51401.26951324699,-0.004009656574259557,0,,-0.48598730486753006
2023-08-08,51401.26951324699,0.0,0,,-0.48598730486753006
2023-08-09,51401.26951324699,0.0,0,,-0.48598730486753006
2023-08-10,51401.26951324699,0.0,0,,-0.48598730486753006
2023-08-11,51401.26951324699,0.0,0,,-0.48598730486753006
2023-08-14,51401.26951324699,0.0,0,,-0.48598730486753006
2023-08-15,51401.26951324699,0.0,0,,-0.48598730486753006
2023-08-16,51401.26951324699,0.0,0,,-0.48598730486753006
2023-08-17,51401.26951324699,0.0,0,,-0.48598730486753006
2023-08-18,51401.26951324699,0.0,0,,-0.48598730486753006
2023-08-21,51401.26951324699,0.0,0,,-0.48598730486753006
2023-08-22,51401.26951324699,0.0,0,,-0.48598730486753006
2023-08-23,51401.26951324699,0.0,0,,-0.48598730486753006
2023-08-24,51401.26951324699,0.0,0,,-0.48598730486753006
2023-08-25,51401.26951324699,0.0,0,,-0.48598730486753006
2023-08-28,51401.26951324699,0.0,0,,-0.48598730486753006
2023-08-29,51401.26951324699,0.0,0,,-0.48598730486753006
2023-08-30,51401.26951324699,0.0,0,,-0.48598730486753006
2023-08-31,51401.26951324699,0.0,0,,-0.48598730486753006
2023-09-01,51401.26951324699,0.0,0,,-0.48598730486753006
2023-09-04,51401.26951324699,0.0,0,,-0.48598730486753006
2023-09-05,51401.26951324699,0.0,0,,-0.48598730486753006
2023-09-06,51401.26951324699,0.0,0,,-0.48598730486753006
2023-09-08,51401.26951324699,0.0,0,,-0.48598730486753006
2023-09-11,51401.26951324699,0.0,0,,-0.48598730486753006
2023-09-12,51401.26951324699,0.0,0,,-0.48598730486753006
2023-09-13,51472.189425659664,0.001379730755373565,1,25.82703004564558,-0.48527810574340335
2023-09-14,51379.747965006165,-0.0017959496513550999,1,25.82703004564558,-0.4862025203499384
2023-09-15,51009.974928504176,-0.007196863572663581,1,25.82703004564558,-0.48990025071495824
2023-09-18,50843.58029932788,-0.0032620017831711534,1,25.82703004564558,-0.49156419700672127
2023-09-19,49919.151305016894,-0.018181823326930524,1,25.82703004564558,-0.500808486949831
2023-09-20,50251.94416031349,0.0066666368837715595,1,25.82703004564558,-0.4974805583968651
2023-09-21,49660.308021299104,-0.011773398002810631,1,25.82703004564558,-0.503396919787009
2023-09-22,49585.817559267154,-0.0015000000000000568,0,,-0.5041418244073285
2023-09-25,48790.3336499655,-0.01604256919533209,1,25.55427074432373,-0.512096663500345
2023-09-26,48519.8778694604,-0.005543224656863854,1,25.55427074432373,-0.5148012213053961
2023-09-27,48447.098052656205,-0.0015000000000000568,0,,-0.5155290194734379
2023-09-28,48447.098052656205,0.0,0,,-0.5155290194734379
2023-09-29,48447.098052656205,0.0,0,,-0.5155290194734379
2023-10-02,47988.94457980609,-0.009456778450427583,1,25.744046347481863,-0.5201105542019391
2023-10-03,47794.45461574667,-0.0040528076989896356,0,,-0.5220554538425333
2023-10-04,47794.45461574667,0.0,0,,-0.5220554538425333
2023-10-05,47722.87031028124,-0.0014977533699451762,1,25.757351807185582,-0.5227712968971876
2023-10-06,48275.98021981224,0.011590038611148712,1,25.932772636413574,-0.5172401978018776
2023-10-09,47947.57047543369,-0.006802756627275586,1,25.932772636413574,-0.520524295245663
2023-10-10,48587.102232054945,0.013338147277950574,1,26.093486036573136,-0.5141289776794505
2023-10-11,48448.82727671054,-0.0028459189577513255,1,26.093486036573136,-0.5155117272328946
2023-10-13,47964.85484485175,-0.009989352871115575,1,26.093486036573136,-0.5203514515514825
2023-10-16,48203.56624948252,0.004976798228680579,0,,-0.5179643375051748
2023-10-17,48009.87101502836,-0.004018276022393796,1,25.778710229056223,-0.5199012898497164
2023-10-18,45649.29778854161,-0.049168497573089165,1,25.778710229056223,-0.5435070221145839
2023-10-19,45615.48553711298,-0.0007406959814640901,0,,-0.5438451446288701
2023-10-20,45615.48553711298,0.0,0,,-0.5438451446288701
2023-10-23,45615.48553711298,0.0,0,,-0.5438451446288701
2023-10-24,45615.48553711298,0.0,0,,-0.5438451446288701
2023-10-25,45615.48553711298,0.0,0,,-0.5438451446288701
2023-10-26,45615.48553711298,0.0,0,,-0.5438451446288701
2023-10-27,45615.48553711298,0.0,0,,-0.5438451446288701
2023-10-30,45615.48553711298,0.0,0,,-0.5438451446288701
2023-10-31,45615.48553711298,0.0,0,,-0.5438451446288701
2023-11-01,45615.48553711298,0.0,0,,-0.5438451446288701
2023-11-03,45615.48553711298,0.0,0,,-0.5438451446288701
2023-11-06,45615.48553711298,0.0,0,,-0.5438451446288701
2023-11-07,45615.48553711298,0.0,0,,-0.5438451446288701
2023-11-08,45615.48553711298,0.0,0,,-0.5438451446288701
2023-11-09,45615.48553711298,0.0,0,,-0.5438451446288701
2023-11-10,45615.48553711298,0.0,0,,-0.5438451446288701
2023-11-13,45615.48553711298,0.0,0,,-0.5438451446288701
2023-11-14,45615.48553711298,0.0,0,,-0.5438451446288701
2023-11-16,45615.48553711298,0.0,0,,-0.5438451446288701
2023-11-17,44729.4416290243,-0.019424191097731303,1,25.420167718614852,-0.552705583709757
2023-11-20,46773.749531283764,0.04570385472759719,1,26.018907478877477,-0.5322625046871623
2023-11-21,46217.69689097845,-0.011888134816590012,1,26.018907478877477,-0.5378230310902155
2023-11-22,46446.66217597385,0.004954060898696433,1,26.018907478877477,-0.5355333782402616
2023-11-23,46364.88795083187,-0.0017606049888397868,1,26.018907478877477,-0.5363511204916813
2023-11-24,46315.82532479828,-0.0010581849369639684,1,26.018907478877477,-0.5368417467520172
2023-11-27,47591.47269218755,0.027542365021967274,1,26.654411997113908,-0.5240852730781245
2023-11-28,48360.13322705775,0.01615122397749169,1,27.04166759763445,-0.5163986677294226
2023-11-29,46332.17953347615,-0.04193441081024463,1,27.04166759763445,-0.5366782046652385
2023-11-30,45042.021428935666,-0.027845832368155965,0,,-0.5495797857106433
2023-12-01,45042.021428935666,0.0,0,,-0.5495797857106433
2023-12-04,45042.021428935666,0.0,0,,-0.5495797857106433
2023-12-05,45042.021428935666,0.0,0,,-0.5495797857106433
2023-12-06,45042.021428935666,0.0,0,,-0.5495797857106433
2023-12-07,45042.021428935666,0.0,0,,-0.5495797857106433
2023-12-08,45042.021428935666,0.0,0,,-0.5495797857106433
2023-12-11,45042.021428935666,0.0,0,,-0.5495797857106433
2023-12-12,45042.021428935666,0.0,0,,-0.5495797857106433
2023-12-13,45042.021428935666,0.0,0,,-0.5495797857106433
2023-12-14,45042.021428935666,0.0,0,,-0.5495797857106433
2023-12-15,45042.021428935666,0.0,0,,-0.5495797857106433
2023-12-18,45042.021428935666,0.0,0,,-0.5495797857106433
2023-12-19,45042.021428935666,0.0,0,,-0.5495797857106433
2023-12-20,45042.021428935666,0.0,0,,-0.5495797857106433
2023-12-21,45042.021428935666,0.0,0,,-0.5495797857106433
2023-12-22,45042.021428935666,0.0,0,,-0.5495797857106433
2023-12-26,45042.021428935666,0.0,0,,-0.5495797857106433
2023-12-27,45042.021428935666,0.0,0,,-0.5495797857106433
2023-12-28,45042.021428935666,0.0,0,,-0.5495797857106433
2024-01-02,45284.62336002423,0.005386124409876292,1,26.909314359937394,-0.5471537663997577
2024-01-03,45269.120473113166,-0.0003423432891956901,1,26.909314359937394,-0.5473087952688683
2024-01-04,45377.64068149058,0.002397223697815587,1,26.938374859946116,-0.5462235931850943
2024-01-05,45734.21311269664,0.007857888287072345,1,27.326680455889022,-0.5426578688730336
2024-01-08,45222.61181237999,-0.011186402159275799,1,27.326680455889022,-0.5477738818762001
2024-01-09,44990.06247646239,-0.005142324306309454,1,27.326680455889022,-0.550099375235376
2024-01-10,44478.461176145734,-0.011371428981329257,1,27.326680455889022,-0.5552153882385427
2024-01-11,43672.29899226724,-0.018124776859655523,1,27.326680455889022,-0.5632770100773276
2024-01-12,43467.47083895095,-0.004690116115768528,0,,-0.5653252916104905
2024-01-15,43467.47083895095,0.0,0,,-0.5653252916104905
2024-01-16,43467.47083895095,0.0,0,,-0.5653252916104905
2024-01-17,43467.47083895095,0.0,0,,-0.5653252916104905
2024-01-18,43467.47083895095,0.0,0,,-0.5653252916104905
2024-01-19,43467.47083895095,0.0,0,,-0.5653252916104905
2024-01-22,43467.47083895095,0.0,0,,-0.5653252916104905
2024-01-23,43467.47083895095,0.0,0,,-0.5653252916104905
2024-01-24,43467.47083895095,0.0,0,,-0.5653252916104905
2024-01-25,43467.47083895095,0.0,0,,-0.5653252916104905
2024-01-26,43467.47083895095,0.0,0,,-0.5653252916104905
2024-01-29,43467.47083895095,0.0,0,,-0.5653252916104905
2024-01-30,43467.47083895095,0.0,0,,-0.5653252916104905
2024-01-31,43467.47083895095,0.0,0,,-0.5653252916104905
2024-02-01,43467.47083895095,0.0,0,,-0.5653252916104905
2024-02-02,43467.47083895095,0.0,0,,-0.5653252916104905
2024-02-05,43467.47083895095,0.0,0,,-0.5653252916104905
2024-02-06,43467.47083895095,0.0,0,,-0.5653252916104905
2024-02-07,43467.47083895095,0.0,0,,-0.5653252916104905
2024-02-08,43467.47083895095,0.0,0,,-0.5653252916104905
2024-02-09,43467.47083895095,0.0,0,,-0.5653252916104905
2024-02-14,43467.47083895095,0.0,0,,-0.5653252916104905
2024-02-15,43467.47083895095,0.0,0,,-0.5653252916104905
2024-02-16,43467.47083895095,0.0,0,,-0.5653252916104905
2024-02-19,43467.47083895095,0.0,0,,-0.5653252916104905
2024-02-20,43467.47083895095,0.0,0,,-0.5653252916104905
2024-02-21,43467.47083895095,0.0,0,,-0.5653252916104905
2024-02-22,43467.47083895095,0.0,0,,-0.5653252916104905
2024-02-23,43467.47083895095,0.0,0,,-0.5653252916104905
2024-02-26,44014.59753616343,0.012587037769913323,1,24.641105038779124,-0.5598540246383658
2024-02-27,44031.14734479784,0.00037600726942499385,1,24.641105038779124,-0.5596885265520215
2024-02-28,44130.42688151939,0.002254756977920769,1,24.7167363848005,-0.5586957311848062
2024-02-29,44080.787113158614,-0.0011248422430638616,1,24.727591242109025,-0.5591921288684139
2024-03-01,44130.42688151939,0.001126108937967496,1,24.769257272992814,-0.5586957311848062
2024-03-04,42757.037422605565,-0.03112114602020677,1,24.769257272992814,-0.5724296257739443
2024-03-05,41962.79147129073,-0.01857579475080562,1,24.769257272992814,-0.5803720852870927
2024-03-06,43021.789292224676,0.025236591365912053,1,24.769257272992814,-0.5697821070777532
2024-03-07,43021.789292224676,0.0,1,24.769257272992814,-0.5697821070777532
2024-03-08,42955.59971522948,-0.001538512881126386,1,24.769257272992814,-0.5704440028477051
2024-03-11,43617.47617009642,0.01540838585085047,1,24.769257272992814,-0.5638252382990357
2024-03-12,43964.957767802654,0.007966568179028632,1,24.769257272992814,-0.5603504223219735
2024-03-13,44841.93988556627,0.019947298082152898,1,24.854691096714564,-0.5515806011443373
2024-03-14,44593.737824581585,-0.005535042899974529,1,24.854691096714564,-0.5540626217541842
2024-03-15,44676.47399103036,0.0018553314991049952,1,24.854691096714564,-0.5532352600896964
2024-03-18,44792.3001172055,0.002592552988814445,1,24.854691096714564,-0.552076998827945
2024-03-19,45934.03410458822,0.025489514590570472,1,25.471989699772426,-0.5406596589541177
2024-03-20,46662.0936980887,0.015850112181367226,1,25.854341506958008,-0.5333790630191131
2024-03-21,46182.23616557291,-0.010283669130248252,1,25.854341506958008,-0.5381776383442709
2024-03-22,44990.86240982942,-0.02579722972859455,1,25.854341506958008,-0.5500913759017059
2024-03-25,44792.3001172055,-0.004413391564161984,1,25.854341506958008,-0.552076998827945
2024-03-26,44974.31582037582,0.00406354892903571,1,25.854341506958008,-0.5502568417962418
2024-03-27,45255.61106026769,0.00625457518943362,1,25.854341506958008,-0.547443889397323
2024-03-28,45288.70423917488,0.0007312502943139787,1,25.854341506958008,-0.5471129576082512
2024-04-01,44345.5357635969,-0.020825689129832403,1,25.854341506958008,-0.556544642364031
2024-04-02,43570.93105982002,-0.017467478753808385,0,,-0.5642906894017998
2024-04-03,43570.93105982002,0.0,0,,-0.5642906894017998
2024-04-04,43570.93105982002,0.0,0,,-0.5642906894017998
2024-04-05,43570.93105982002,0.0,0,,-0.5642906894017998
2024-04-08,43570.93105982002,0.0,0,,-0.5642906894017998
2024-04-09,43570.93105982002,0.0,0,,-0.5642906894017998
2024-04-10,43570.93105982002,0.0,0,,-0.5642906894017998
2024-04-11,43570.93105982002,0.0,0,,-0.5642906894017998
2024-04-12,43570.93105982002,0.0,0,,-0.5642906894017998
2024-04-15,43570.93105982002,0.0,0,,-0.5642906894017998
2024-04-16,43570.93105982002,0.0,0,,-0.5642906894017998
2024-04-17,43570.93105982002,0.0,0,,-0.5642906894017998
2024-04-18,43570.93105982002,0.0,0,,-0.5642906894017998
2024-04-19,43570.93105982002,0.0,0,,-0.5642906894017998
2024-04-22,43570.93105982002,0.0,0,,-0.5642906894017998
2024-04-23,43570.93105982002,0.0,0,,-0.5642906894017998
2024-04-24,43570.93105982002,0.0,0,,-0.5642906894017998
2024-04-25,43570.93105982002,0.0,0,,-0.5642906894017998
2024-04-26,43570.93105982002,0.0,0,,-0.5642906894017998
2024-04-29,43570.93105982002,0.0,0,,-0.5642906894017998
2024-04-30,43570.93105982002,0.0,0,,-0.5642906894017998
2024-05-02,43570.93105982002,0.0,0,,-0.5642906894017998
2024-05-03,43570.93105982002,0.0,0,,-0.5642906894017998
2024-05-06,43570.93105982002,0.0,0,,-0.5642906894017998
2024-05-07,42963.69797396313,-0.01393665618536355,1,24.46498625619071,-0.5703630202603687
2024-05-08,42899.25242700218,-0.0015000000000000568,0,,-0.5710074757299781
2024-05-09,42899.25242700218,0.0,0,,-0.5710074757299781
2024-05-10,42899.25242700218,0.0,0,,-0.5710074757299781
2024-05-13,42899.25242700218,0.0,0,,-0.5710074757299781
2024-05-14,43657.50935726387,0.017675294728082935,1,24.776259899139404,-0.5634249064273613
2024-05-15,43641.38196746673,-0.0003694070054515164,1,24.776259899139404,-0.5635861803253327
2024-05-16,44592.91365362074,0.021803427005665066,1,25.322129113333567,-0.5540708634637926
2024-05-17,44512.27356701053,-0.0018083610153080132,1,25.344886984143937,-0.5548772643298947
2024-05-20,44834.82763820241,0.00724640745897398,1,25.549719946725027,-0.5516517236179759
2024-05-21,44657.42321280932,-0.003956844148586214,1,25.549719946725027,-0.5534257678719068
2024-05-22,43867.16856225125,-0.017695930344932997,1,25.549719946725027,-0.5613283143774874
2024-05-23,42996.27696270745,-0.01985292482025436,1,25.549719946725027,-0.5700372303729255
2024-05-24,41966.72653108478,-0.023945106515051218,0,,-0.5803327346891523
2024-05-27,41966.72653108478,0.0,0,,-0.5803327346891523
2024-05-28,41966.72653108478,0.0,0,,-0.5803327346891523
2024-05-29,41966.72653108478,0.0,0,,-0.5803327346891523
2024-05-31,41966.72653108478,0.0,0,,-0.5803327346891523
2024-06-03,41966.72653108478,0.0,0,,-0.5803327346891523
2024-06-04,41966.72653108478,0.0,0,,-0.5803327346891523
2024-06-05,41966.72653108478,0.0,0,,-0.5803327346891523
2024-06-06,41966.72653108478,0.0,0,,-0.5803327346891523
2024-06-07,41966.72653108478,0.0,0,,-0.5803327346891523
2024-06-10,41966.72653108478,0.0,0,,-0.5803327346891523
2024-06-11,41966.72653108478,0.0,0,,-0.5803327346891523
2024-06-12,41966.72653108478,0.0,0,,-0.5803327346891523
2024-06-13,41966.72653108478,0.0,0,,-0.5803327346891523
2024-06-14,41966.72653108478,0.0,0,,-0.5803327346891523
2024-06-17,41966.72653108478,0.0,0,,-0.5803327346891523
2024-06-18,41966.72653108478,0.0,0,,-0.5803327346891523
2024-06-19,41966.72653108478,0.0,0,,-0.5803327346891523
2024-06-20,41966.72653108478,0.0,0,,-0.5803327346891523
2024-06-21,41966.72653108478,0.0,0,,-0.5803327346891523
2024-06-24,41966.72653108478,0.0,0,,-0.5803327346891523
2024-06-25,42207.98750101409,0.005748863203581145,1,24.060225214276993,-0.5779201249898591
2024-06-26,42272.01077429239,0.0015168520715838074,1,24.167717593056814,-0.5772798922570761
2024-06-27,42480.0895264193,0.004922376492519698,1,24.36869818823678,-0.5751991047358069
2024-06-28,41103.56735312878,-0.03240393767142202,1,24.36869818823678,-0.5889643264687121
2024-07-01,40975.52080657218,-0.003115217359518363,1,24.36869818823678,-0.5902447919342781
2024-07-02,40527.34855170677,-0.01093756091548026,1,24.36869818823678,-0.5947265144829323
2024-07-03,41039.54407985048,0.012638268883794046,1,24.36869818823678,-0.5896045592014952
2024-07-04,40239.240707981975,-0.019500786127432557,1,24.36869818823678,-0.5976075929201803
2024-07-05,40479.331096748036,0.005966573537219633,1,24.36869818823678,-0.5952066890325196
2024-07-08,40578.43330532535,0.0024482175444167087,0,,-0.5942156669467464
2024-07-09,40776.65822465612,0.004884982075065825,1,23.13095133645194,-0.5922334177534387
2024-07-10,40695.72126988642,-0.0019848844484456896,1,23.16421515601022,-0.5930427873011359
2024-07-11,41132.78712423855,0.010739847844287942,1,23.567226069314138,-0.5886721287576144
2024-07-12,41699.355255520066,0.0137741245097307,1,23.95062964303153,-0.5830064474447993
2024-07-15,41893.607096265216,0.004658389549546671,1,24.05076973778861,-0.5810639290373478
2024-07-16,41424.1664600052,-0.011205543489757441,1,24.05076973778861,-0.585758335399948
2024-07-17,41456.54124191309,0.0007815433519740012,1,24.05076973778861,-0.5854345875808691
2024-07-18,41537.478196682794,0.0019523325474117836,1,24.05076973778861,-0.5846252180331721
2024-07-19,41715.54264647401,0.004286838236738033,1,24.05076973778861,-0.5828445735352599
2024-07-22,41588.31689303425,-0.0030498405478733837,0,,-0.5841168310696575
2024-07-23,41588.31689303425,0.0,0,,-0.5841168310696575
2024-07-24,41588.31689303425,0.0,0,,-0.5841168310696575
2024-07-25,41588.31689303425,0.0,0,,-0.5841168310696575
2024-07-26,41588.31689303425,0.0,0,,-0.5841168310696575
2024-07-29,41801.64184792335,0.0051294442965261755,1,25.414915902273997,-0.5819835815207666
2024-07-30,42184.44088597495,0.009157512028935333,1,25.6092438016619,-0.5781555911402505
2024-07-31,42260.99950201148,0.0018148543498173186,1,25.639004911695206,-0.5773900049798852
2024-08-01,42368.1845433971,0.002536263757333179,1,25.690126146589005,-0.576318154566029
2024-08-02,43485.958211137295,0.02638238290798789,1,26.344538348061697,-0.565140417888627
2024-08-05,46043.05471290559,0.05880280915859859,1,27.692927156175887,-0.539569452870944
2024-08-06,44971.21621478732,-0.02327904837768824,1,27.692927156175887,-0.5502878378521268
2024-08-07,45170.27159541677,0.00442628412980306,1,27.692927156175887,-0.5482972840458322
2024-08-08,44251.55330830603,-0.020339002947327045,1,27.692927156175887,-0.5574844669169396
2024-08-09,44925.2810451654,0.01522495113709188,1,27.692927156175887,-0.550747189548346
2024-08-12,44251.55330830603,-0.014996628205442786,1,27.692927156175887,-0.5574844669169396
2024-08-13,45935.86967151998,0.038062310524539233,1,27.692927156175887,-0.5406413032848003
2024-08-14,45935.86967151998,0.0,1,27.692927156175887,-0.5406413032848003
2024-08-15,44864.03415233617,-0.023333301989236888,1,27.692927156175887,-0.5513596584766383
2024-08-16,44940.592768372706,0.0017064585805319776,1,27.692927156175887,-0.550594072316273
2024-08-19,44511.858560699184,-0.009540021198279458,1,27.692927156175887,-0.5548814143930081
2024-08-20,43302.21455371515,-0.027175769471285638,1,27.692927156175887,-0.5669778544628485
2024-08-21,43145.52572368353,-0.0036184946115689343,0,,-0.5685447427631647
2024-08-22,43145.52572368353,0.0,0,,-0.5685447427631647
2024-08-23,43145.52572368353,0.0,0,,-0.5685447427631647
2024-08-26,43145.52572368353,0.0,0,,-0.5685447427631647
2024-08-27,43145.52572368353,0.0,0,,-0.5685447427631647
2024-08-28,43145.52572368353,0.0,0,,-0.5685447427631647
2024-08-29,43145.52572368353,0.0,0,,-0.5685447427631647
2024-08-30,43145.52572368353,0.0,0,,-0.5685447427631647
2024-09-02,43145.52572368353,0.0,0,,-0.5685447427631647
2024-09-03,43145.52572368353,0.0,0,,-0.5685447427631647
2024-09-04,43145.52572368353,0.0,0,,-0.5685447427631647
2024-09-05,43145.52572368353,0.0,0,,-0.5685447427631647
2024-09-06,43145.52572368353,0.0,0,,-0.5685447427631647
2024-09-09,43145.52572368353,0.0,0,,-0.5685447427631647
2024-09-10,43145.52572368353,0.0,0,,-0.5685447427631647
2024-09-11,43145.52572368353,0.0,0,,-0.5685447427631647
2024-09-12,43145.52572368353,0.0,0,,-0.5685447427631647
2024-09-13,43145.52572368353,0.0,0,,-0.5685447427631647
2024-09-16,43145.52572368353,0.0,0,,-0.5685447427631647
2024-09-17,43145.52572368353,0.0,0,,-0.5685447427631647
2024-09-18,43145.52572368353,0.0,0,,-0.5685447427631647
2024-09-19,43145.52572368353,0.0,0,,-0.5685447427631647
2024-09-20,43145.52572368353,0.0,0,,-0.5685447427631647
2024-09-23,43145.52572368353,0.0,0,,-0.5685447427631647
2024-09-24,43145.52572368353,0.0,0,,-0.5685447427631647
2024-09-25,43145.52572368353,0.0,0,,-0.5685447427631647
2024-09-26,43145.52572368353,0.0,0,,-0.5685447427631647
2024-09-27,43145.52572368353,0.0,0,,-0.5685447427631647
2024-09-30,43145.52572368353,0.0,0,,-0.5685447427631647
2024-10-01,43145.52572368353,0.0,0,,-0.5685447427631647
2024-10-02,43145.52572368353,0.0,0,,-0.5685447427631647
2024-10-03,43145.52572368353,0.0,0,,-0.5685447427631647
2024-10-04,43145.52572368353,0.0,0,,-0.5685447427631647
2024-10-07,43145.52572368353,0.0,0,,-0.5685447427631647
2024-10-08,43145.52572368353,0.0,0,,-0.5685447427631647
2024-10-09,43145.52572368353,0.0,0,,-0.5685447427631647
2024-10-10,43145.52572368353,0.0,0,,-0.5685447427631647
2024-10-11,43145.52572368353,0.0,0,,-0.5685447427631647
2024-10-14,43145.52572368353,0.0,0,,-0.5685447427631647
2024-10-15,43145.52572368353,0.0,0,,-0.5685447427631647
2024-10-16,43145.52572368353,0.0,0,,-0.5685447427631647
2024-10-17,43145.52572368353,0.0,0,,-0.5685447427631647
2024-10-18,43145.52572368353,0.0,0,,-0.5685447427631647
2024-10-21,43145.52572368353,0.0,0,,-0.5685447427631647
2024-10-22,43145.52572368353,0.0,0,,-0.5685447427631647
2024-10-23,43145.52572368353,0.0,0,,-0.5685447427631647
2024-10-24,43145.52572368353,0.0,0,,-0.5685447427631647
2024-10-25,43145.52572368353,0.0,0,,-0.5685447427631647
2024-10-28,43145.52572368353,0.0,0,,-0.5685447427631647
2024-10-29,43145.52572368353,0.0,0,,-0.5685447427631647
2024-10-30,43145.52572368353,0.0,0,,-0.5685447427631647
2024-10-31,43145.52572368353,0.0,0,,-0.5685447427631647
2024-11-01,43145.52572368353,0.0,0,,-0.5685447427631647
2024-11-04,43145.52572368353,0.0,0,,-0.5685447427631647
2024-11-05,44664.38079169426,0.03520307245154264,1,23.842785630907333,-0.5533561920830574
2024-11-06,43907.067144653665,-0.016955650870266292,1,23.842785630907333,-0.5609293285534633
2024-11-07,44096.396393546376,0.004312044989681407,1,23.842785630907333,-0.5590360360645362
2024-11-08,43803.79512319843,-0.006635491656428516,1,23.842785630907333,-0.5619620487680157
2024-11-11,43821.00991721618,0.0003929977749490554,1,23.842785630907333,-0.5617899008278382
2024-11-12,43407.92852845576,-0.009426560217137503,1,23.842785630907333,-0.5659207147154424
2024-11-13,44251.299402933844,0.019428959249350397,1,23.842785630907333,-0.5574870059706616
2024-11-14,43769.37223222344,-0.010890689702062306,1,23.842785630907333,-0.5623062776777656
2024-11-18,44216.87651195885,0.010224142063567365,1,23.842785630907333,-0.5578312348804115
2024-11-19,44371.78286987657,0.0035033310839092113,1,23.842785630907333,-0.5562821713012343
2024-11-21,43666.10355929846,-0.015903785354930755,1,23.842785630907333,-0.5633389644070154
2024-11-22,44784.86425863699,0.02562080442600645,1,23.842785630907333,-0.5521513574136301
2024-11-25,43511.197201380746,-0.028439676626029087,1,23.842785630907333,-0.5648880279861925
2024-11-26,44268.51419695159,0.017405105910227814,1,23.842785630907333,-0.5573148580304841
2024-11-27,42874.363672752625,-0.03149304984568402,1,23.842785630907333,-0.5712563632724738
2024-11-28,41795.46944701862,-0.025164087191331452,0,,-0.5820453055298138
2024-11-29,41795.46944701862,0.0,0,,-0.5820453055298138
2024-12-02,41795.46944701862,0.0,0,,-0.5820453055298138
2024-12-03,41795.46944701862,0.0,0,,-0.5820453055298138
2024-12-04,41795.46944701862,0.0,0,,-0.5820453055298138
2024-12-05,41795.46944701862,0.0,0,,-0.5820453055298138
2024-12-06,41795.46944701862,0.0,0,,-0.5820453055298138
2024-12-09,41795.46944701862,0.0,0,,-0.5820453055298138
2024-12-10,41795.46944701862,0.0,0,,-0.5820453055298138
2024-12-11,41795.46944701862,0.0,0,,-0.5820453055298138
2024-12-12,41795.46944701862,0.0,0,,-0.5820453055298138
2024-12-13,41795.46944701862,0.0,0,,-0.5820453055298138
2024-12-16,41795.46944701862,0.0,0,,-0.5820453055298138
2024-12-17,41795.46944701862,0.0,0,,-0.5820453055298138
2024-12-18,41795.46944701862,0.0,0,,-0.5820453055298138
2024-12-19,41795.46944701862,0.0,0,,-0.5820453055298138
2024-12-20,41795.46944701862,0.0,0,,-0.5820453055298138
2024-12-23,41795.46944701862,0.0,0,,-0.5820453055298138
2024-12-26,41795.46944701862,0.0,0,,-0.5820453055298138
2024-12-27,41795.46944701862,0.0,0,,-0.5820453055298138
2024-12-30,41795.46944701862,0.0,0,,-0.5820453055298138
2025-01-02,41795.46944701862,0.0,0,,-0.5820453055298138
2025-01-03,41795.46944701862,0.0,0,,-0.5820453055298138
2025-01-06,41795.46944701862,0.0,0,,-0.5820453055298138
2025-01-07,41795.46944701862,0.0,0,,-0.5820453055298138
2025-01-08,41795.46944701862,0.0,0,,-0.5820453055298138
2025-01-09,41795.46944701862,0.0,0,,-0.5820453055298138
2025-01-10,41795.46944701862,0.0,0,,-0.5820453055298138
2025-01-13,41795.46944701862,0.0,0,,-0.5820453055298138
2025-01-14,41795.46944701862,0.0,0,,-0.5820453055298138
2025-01-15,41795.46944701862,0.0,0,,-0.5820453055298138
2025-01-16,41795.46944701862,0.0,0,,-0.5820453055298138
2025-01-17,41795.46944701862,0.0,0,,-0.5820453055298138
2025-01-20,41795.46944701862,0.0,0,,-0.5820453055298138
2025-01-21,41795.46944701862,0.0,0,,-0.5820453055298138
2025-01-22,41795.46944701862,0.0,0,,-0.5820453055298138
2025-01-23,41795.46944701862,0.0,0,,-0.5820453055298138
2025-01-24,41795.46944701862,0.0,0,,-0.5820453055298138
2025-01-27,41795.46944701862,0.0,0,,-0.5820453055298138
2025-01-28,41795.46944701862,0.0,0,,-0.5820453055298138
2025-01-29,41795.46944701862,0.0,0,,-0.5820453055298138
2025-01-30,41795.46944701862,0.0,0,,-0.5820453055298138
2025-01-31,39879.75557161353,-0.045835443428468126,1,20.030111857822963,-0.6012024442838646
2025-02-03,38575.14259539734,-0.032713665305030615,0,,-0.6142485740460266
2025-02-04,38575.14259539734,0.0,0,,-0.6142485740460266
2025-02-05,38575.14259539734,0.0,0,,-0.6142485740460266
2025-02-06,38575.14259539734,0.0,0,,-0.6142485740460266
2025-02-07,38575.14259539734,0.0,0,,-0.6142485740460266
2025-02-10,38575.14259539734,0.0,0,,-0.6142485740460266
2025-02-11,38575.14259539734,0.0,0,,-0.6142485740460266
2025-02-12,38575.14259539734,0.0,0,,-0.6142485740460266
2025-02-13,38575.14259539734,0.0,0,,-0.6142485740460266
2025-02-14,38575.14259539734,0.0,0,,-0.6142485740460266
2025-02-17,38575.14259539734,0.0,0,,-0.6142485740460266
2025-02-18,38575.14259539734,0.0,0,,-0.6142485740460266
2025-02-19,38575.14259539734,0.0,0,,-0.6142485740460266
2025-02-20,38575.14259539734,0.0,0,,-0.6142485740460266
2025-02-21,38575.14259539734,0.0,0,,-0.6142485740460266
2025-02-24,38575.14259539734,0.0,0,,-0.6142485740460266
2025-02-25,38575.14259539734,0.0,0,,-0.6142485740460266
2025-02-26,38575.14259539734,0.0,0,,-0.6142485740460266
2025-02-27,38575.14259539734,0.0,0,,-0.6142485740460266
2025-02-28,38575.14259539734,0.0,0,,-0.6142485740460266
2025-03-05,38575.14259539734,0.0,0,,-0.6142485740460266
2025-03-06,38575.14259539734,0.0,0,,-0.6142485740460266
2025-03-07,38575.14259539734,0.0,0,,-0.6142485740460266
2025-03-10,38575.14259539734,0.0,0,,-0.6142485740460266
2025-03-11,38575.14259539734,0.0,0,,-0.6142485740460266
2025-03-12,38575.14259539734,0.0,0,,-0.6142485740460266
2025-03-13,38575.14259539734,0.0,0,,-0.6142485740460266
2025-03-14,38575.14259539734,0.0,0,,-0.6142485740460266
2025-03-17,38575.14259539734,0.0,0,,-0.6142485740460266
2025-03-18,37880.87742903528,-0.01799773428303264,1,17.811973299298966,-0.6211912257096472
2025-03-19,38035.90215610422,0.004092427039456892,0,,-0.6196409784389578
2025-03-20,37690.77861853296,-0.009073625653857942,1,17.696428639548166,-0.6230922138146704
2025-03-21,38036.56403538417,0.009174270989487754,1,17.84663881574358,-0.6196343596461582
2025-03-24,37806.039178359286,-0.0060606120155973775,1,17.902311393192836,-0.6219396082164071
2025-03-25,36845.51956365096,-0.02540651270493688,1,17.902311393192836,-0.6315448043634904
2025-03-26,36826.30947034657,-0.0005213685010251323,1,17.902311393192836,-0.6317369052965343
2025-03-27,36883.939750259735,0.0015649214038016002,1,17.902311393192836,-0.6311606024974026
2025-03-28,37152.888531265635,0.007291758495078016,1,17.902311393192836,-0.6284711146873436
2025-03-31,36595.78461332168,-0.014994901876206224,1,17.902311393192836,-0.6340421538667832
2025-04-01,36518.94424010413,-0.0020997055816526222,1,17.902311393192836,-0.6348105575989587
2025-04-02,37421.8335748993,0.0247238619183201,1,17.902311393192836,-0.625781664251007
2025-04-03,38267.08889240906,0.022587223467230633,1,18.198879991258895,-0.6173291110759094
2025-04-04,37517.88404142123,-0.01957830795789761,1,18.198879991258895,-0.6248211595857877
2025-04-07,37268.14909109196,-0.0066564241750295405,1,18.198879991258895,-0.6273185090890804
2025-04-08,37229.728904483185,-0.0010309121205581695,1,18.198879991258895,-0.6277027109551682
2025-04-09,40687.59802248427,0.09287924515573609,1,19.09803921835763,-0.5931240197751573
2025-04-10,39554.18383066422,-0.027856502888023105,1,19.09803921835763,-0.6044581616933578
2025-04-11,41071.8073633165,0.038368217611299826,1,19.09803921835763,-0.589281926366835
2025-04-14,41187.06792314282,0.0028063181833402062,1,19.09803921835763,-0.5881293207685718
2025-04-15,43799.681723634145,0.06343286697092876,1,20.257352897099086,-0.5620031827636586
2025-04-16,40994.96325272671,-0.06403513360221569,1,20.257352897099086,-0.5900503674727329
2025-04-17,39633.92068665389,-0.03320023871425948,0,,-0.6036607931334611
2025-04-22,39633.92068665389,0.0,0,,-0.6036607931334611
2025-04-23,39633.92068665389,0.0,0,,-0.6036607931334611
2025-04-24,39633.92068665389,0.0,0,,-0.6036607931334611
2025-04-25,39633.92068665389,0.0,0,,-0.6036607931334611
2025-04-28,39633.92068665389,0.0,0,,-0.6036607931334611
2025-04-29,39633.92068665389,0.0,0,,-0.6036607931334611
2025-04-30,39633.92068665389,0.0,0,,-0.6036607931334611
2025-05-02,39633.92068665389,0.0,0,,-0.6036607931334611
2025-05-05,39633.92068665389,0.0,0,,-0.6036607931334611
2025-05-06,39633.92068665389,0.0,0,,-0.6036607931334611
2025-05-07,39633.92068665389,0.0,0,,-0.6036607931334611
2025-05-08,39633.92068665389,0.0,0,,-0.6036607931334611
2025-05-09,39633.92068665389,0.0,0,,-0.6036607931334611
2025-05-12,39633.92068665389,0.0,0,,-0.6036607931334611
2025-05-13,39633.92068665389,0.0,0,,-0.6036607931334611
2025-05-14,39633.92068665389,0.0,0,,-0.6036607931334611
2025-05-15,39633.92068665389,0.0,0,,-0.6036607931334611
2025-05-16,39633.92068665389,0.0,0,,-0.6036607931334611
2025-05-19,39633.92068665389,0.0,0,,-0.6036607931334611
2025-05-20,39633.92068665389,0.0,0,,-0.6036607931334611
2025-05-21,39633.92068665389,0.0,0,,-0.6036607931334611
2025-05-22,39633.92068665389,0.0,0,,-0.6036607931334611
2025-05-23,39633.92068665389,0.0,0,,-0.6036607931334611
2025-05-26,39633.92068665389,0.0,0,,-0.6036607931334611
2025-05-27,39633.92068665389,0.0,0,,-0.6036607931334611
2025-05-28,39633.92068665389,0.0,0,,-0.6036607931334611
2025-05-29,39633.92068665389,0.0,0,,-0.6036607931334611
2025-05-30,39633.92068665389,0.0,0,,-0.6036607931334611
2025-06-02,39633.92068665389,0.0,0,,-0.6036607931334611
2025-06-03,39633.92068665389,0.0,0,,-0.6036607931334611
2025-06-04,39633.92068665389,0.0,0,,-0.6036607931334611
2025-06-05,39633.92068665389,0.0,0,,-0.6036607931334611
2025-06-06,39633.92068665389,0.0,0,,-0.6036607931334611
2025-06-09,39633.92068665389,0.0,0,,-0.6036607931334611
2025-06-10,39633.92068665389,0.0,0,,-0.6036607931334611
2025-06-11,39633.92068665389,0.0,0,,-0.6036607931334611
2025-06-12,39633.92068665389,0.0,0,,-0.6036607931334611
2025-06-13,39633.92068665389,0.0,0,,-0.6036607931334611
2025-06-16,39633.92068665389,0.0,0,,-0.6036607931334611
2025-06-17,39633.92068665389,0.0,0,,-0.6036607931334611
2025-06-18,39633.92068665389,0.0,0,,-0.6036607931334611
2025-06-20,38907.57124843588,-0.018326459397255523,1,12.437674624579293,-0.6109242875156412
2025-06-23,38793.71186479122,-0.0029264068660990183,0,,-0.6120628813520879
2025-06-24,38793.71186479122,0.0,0,,-0.6120628813520879
2025-06-25,40376.72736029691,0.040805981676180325,1,13.573179040636335,-0.596232726397031
2025-06-26,39699.44051361272,-0.01677418877068715,1,13.573179040636335,-0.6030055948638728
2025-06-27,39048.202771191834,-0.016404204542821654,1,13.573179040636335,-0.6095179722880817
2025-06-30,39386.84619453393,0.008672445831282571,1,13.573179040636335,-0.6061315380546607
2025-07-01,39569.18992437707,0.004629559039648123,1,13.573179040636335,-0.6043081007562293
2025-07-02,39386.84619453393,-0.004608224989989029,1,13.573179040636335,-0.6061315380546607
2025-07-03,39647.33977112655,0.0066137201060989526,1,13.573179040636335,-0.6035266022887344
2025-07-04,39855.737673152114,0.0052562896584889,1,13.669467653547015,-0.6014426232684789
2025-07-07,38449.06323729757,-0.03529415130615232,1,13.669467653547015,-0.6155093676270244
2025-07-08,39145.690650676515,0.01811818948824695,0,,-0.6085430934932348
2025-07-09,39145.690650676515,0.0,0,,-0.6085430934932348
2025-07-10,39145.690650676515,0.0,0,,-0.6085430934932348
2025-07-11,39145.690650676515,0.0,0,,-0.6085430934932348
2025-07-14,39145.690650676515,0.0,0,,-0.6085430934932348
2025-07-15,39145.690650676515,0.0,0,,-0.6085430934932348
2025-07-16,39145.690650676515,0.0,0,,-0.6085430934932348
2025-07-17,39145.690650676515,0.0,0,,-0.6085430934932348
2025-07-18,39145.690650676515,0.0,0,,-0.6085430934932348
2025-07-21,39145.690650676515,0.0,0,,-0.6085430934932348
2025-07-22,39145.690650676515,0.0,0,,-0.6085430934932348
2025-07-23,39145.690650676515,0.0,0,,-0.6085430934932348
2025-07-24,39145.690650676515,0.0,0,,-0.6085430934932348
2025-07-25,39145.690650676515,0.0,0,,-0.6085430934932348
2025-07-28,39145.690650676515,0.0,0,,-0.6085430934932348
2025-07-29,39145.690650676515,0.0,0,,-0.6085430934932348
2025-07-30,39145.690650676515,0.0,0,,-0.6085430934932348
2025-07-31,39145.690650676515,0.0,0,,-0.6085430934932348
2025-08-01,39145.690650676515,0.0,0,,-0.6085430934932348
2025-08-04,39145.690650676515,0.0,0,,-0.6085430934932348
2025-08-05,39061.01977758647,-0.002162967920163128,1,13.467436517987933,-0.6093898022241353
2025-08-06,46352.40794071468,0.18666661046345912,1,15.758052008492607,-0.5364759205928532
2025-08-07,45831.59721452851,-0.01123589365308253,1,15.758052008492607,-0.5416840278547148
2025-08-08,45961.798629524324,0.002840865754391464,1,15.758052008492607,-0.5403820137047568
2025-08-11,45258.700856141106,-0.01529743818449203,1,15.758052008492607,-0.547412991438589
2025-08-12,45805.556931529354,0.012082893787130233,1,15.758052008492607,-0.5419444306847064
2025-08-13,45623.269884332294,-0.00397958368827489,1,15.758052008492607,-0.543767301156677
2025-08-14,45779.51664853019,0.003424716478981571,1,15.758052008492607,-0.5422048335146981
2025-08-15,45493.06846933648,-0.00625712546056123,1,15.758052008492607,-0.5450693153066352
2025-08-18,45440.98790333816,-0.001144802224836261,1,15.758052008492607,-0.5455901209666184
2025-08-19,45180.58000714362,-0.005730682984896318,1,15.758052008492607,-0.5481941999285638
2025-08-20,46612.81583690922,0.03170025328446746,1,15.758052008492607,-0.5338718416309078
2025-08-21,47550.28122348782,0.020111751880826922,1,16.04971844809396,-0.5244971877651218
2025-08-22,48617.94802506224,0.02245342770017178,1,16.514704091208323,-0.5138205197493777
2025-08-25,47159.67191229747,-0.029994604297430172,1,16.514704091208323,-0.5284032808770254
2025-08-26,47133.63162929831,-0.0005521726921168257,1,16.514704091208323,-0.5286636837070169
2025-08-27,48487.746610066424,0.028729273216587803,1,16.915615149906703,-0.5151225338993357
2025-08-28,49086.683251452996,0.012352329882499236,1,17.13760437284197,-0.50913316748547
2025-08-29,45701.39073332978,-0.06896559909704236,1,17.13760437284197,-0.5429860926667022
2025-09-01,45451.757439648194,-0.0054622690836305665,0,,-0.545482425603518
2025-09-02,45451.757439648194,0.0,0,,-0.545482425603518
2025-09-03,45451.757439648194,0.0,0,,-0.545482425603518
2025-09-04,45451.757439648194,0.0,0,,-0.545482425603518
2025-09-05,45451.757439648194,0.0,0,,-0.545482425603518
2025-09-08,45451.757439648194,0.0,0,,-0.545482425603518
2025-09-09,45451.757439648194,0.0,0,,-0.545482425603518
2025-09-10,45451.757439648194,0.0,0,,-0.545482425603518
2025-09-11,45451.757439648194,0.0,0,,-0.545482425603518
2025-09-12,45451.757439648194,0.0,0,,-0.545482425603518
2025-09-15,43891.12871885767,-0.034335937897731705,1,15.914565699441093,-0.5610887128114233
2025-09-16,44153.66587832434,0.005981554066388783,0,,-0.5584633412167566
2025-09-17,46732.7855727693,0.058412357006829785,1,16.40230996268136,-0.532672144272307
2025-09-18,45699.87864770003,-0.022102404391471486,1,16.40230996268136,-0.5430012135229997
2025-09-19,45757.10235203915,0.0012521631573740866,0,,-0.5424289764796084
2025-09-22,45757.10235203915,0.0,0,,-0.5424289764796084
2025-09-23,45757.10235203915,0.0,0,,-0.5424289764796084
2025-09-24,45563.938704167966,-0.004221500880563944,1,16.282913821084158,-0.5443606129583203
2025-09-25,45221.82214213835,-0.0075084940362787345,0,,-0.5477817785786165
2025-09-26,45221.82214213835,0.0,0,,-0.5477817785786165
2025-09-29,45404.94812419094,0.004049504716483909,1,16.167717729296005,-0.5459505187580906
2025-09-30,46207.68504711375,0.017679503139771846,1,16.397408894130162,-0.5379231495288626
2025-10-01,45756.146138018885,-0.009771943966343954,1,16.397408894130162,-0.5424385386198112
2025-10-02,45204.26145326337,-0.012061432863922028,1,16.397408894130162,-0.5479573854673663
2025-10-03,47236.19874517461,0.04495012697004386,1,16.832633631569998,-0.5276380125482538
2025-10-06,46960.25640279685,-0.0058417558928988145,1,16.832633631569998,-0.5303974359720316
2025-10-07,46358.201270407866,-0.012820524811979594,1,16.832633631569998,-0.5364179872959214
2025-10-08,47687.73765426948,0.028679636988208745,1,17.063374996185303,-0.5231226234573052
2025-10-09,47386.710088074986,-0.0063124732059404165,1,17.063374996185303,-0.5261328991192502
2025-10-10,46834.82540331946,-0.011646402202849071,1,17.063374996185303,-0.5316517459668053
2025-10-13,46784.654955686005,-0.0010712209814259799,1,17.063374996185303,-0.53215345044314
2025-10-14,47010.42685043031,0.004825768084816495,1,17.063374996185303,-0.5298957314956969
2025-10-15,49142.700157214735,0.045357454710388545,1,17.603990282331193,-0.5085729984278526
2025-10-16,48992.18881431436,-0.0030627405986823897,1,17.603990282331193,-0.5100781118568565
2025-10-17,49117.614933398,0.002560124830491173,1,17.603990282331193,-0.50882385066602
2025-10-20,48841.67747141398,-0.005617892121964396,1,17.603990282331193,-0.5115832252858602
2025-10-21,49117.614933398,0.0056496311402391974,1,17.65195975984846,-0.50882385066602
2025-10-22,48791.50214338678,-0.006639426414605354,1,17.65195975984846,-0.5120849785661322
2025-10-23,48640.990800486405,-0.0030847860034737273,1,17.65195975984846,-0.5135900919951359
2025-10-24,49117.614933398,0.009798816287821754,1,17.806022099086217,-0.50882385066602
2025-10-27,49669.499618153524,0.011235982966678382,1,18.03396327154977,-0.5033050038184648
2025-10-28,48741.331695753324,-0.018686878859978884,1,18.03396327154977,-0.5125866830424668
2025-10-29,49418.64249959249,0.013896025821924285,1,18.075979913984025,-0.5058135750040751
2025-10-30,49820.01584144764,0.008121901403067788,1,18.20483262198312,-0.5017998415855236
2025-10-31,50171.213855275586,0.007049335651470701,1,18.319327899387904,-0.49828786144724413
2025-11-03,49744.75528960371,-0.008500064736365442,1,18.319327899387904,-0.5025524471039629
2025-11-04,48866.76269523071,-0.017649953030455245,1,18.319327899387904,-0.5113323730476929
2025-11-05,46803.93680587452,-0.04221327085285975,0,,-0.5319606319412549
2025-11-06,46803.93680587452,0.0,0,,-0.5319606319412549
2025-11-07,46803.93680587452,0.0,0,,-0.5319606319412549
2025-11-10,46803.93680587452,0.0,0,,-0.5319606319412549
2025-11-11,46803.93680587452,0.0,0,,-0.5319606319412549
2025-11-12,46803.93680587452,0.0,0,,-0.5319606319412549
2025-11-13,46803.93680587452,0.0,0,,-0.5319606319412549
2025-11-14,46803.93680587452,0.0,0,,-0.5319606319412549
2025-11-17,46803.93680587452,0.0,0,,-0.5319606319412549
2025-11-18,46803.93680587452,0.0,0,,-0.5319606319412549
2025-11-19,46803.93680587452,0.0,0,,-0.5319606319412549
2025-11-21,46803.93680587452,0.0,0,,-0.5319606319412549
2025-11-24,46803.93680587452,0.0,0,,-0.5319606319412549
2025-11-25,46803.93680587452,0.0,0,,-0.5319606319412549
2025-11-26,46803.93680587452,0.0,0,,-0.5319606319412549
2025-11-27,46803.93680587452,0.0,0,,-0.5319606319412549
2025-11-28,46803.93680587452,0.0,0,,-0.5319606319412549
2025-12-01,46803.93680587452,0.0,0,,-0.5319606319412549
2025-12-02,46803.93680587452,0.0,0,,-0.5319606319412549
2025-12-03,46803.93680587452,0.0,0,,-0.5319606319412549
2025-12-04,46803.93680587452,0.0,0,,-0.5319606319412549
2025-12-05,46803.93680587452,0.0,0,,-0.5319606319412549
2025-12-08,46803.93680587452,0.0,0,,-0.5319606319412549
2025-12-09,46803.93680587452,0.0,0,,-0.5319606319412549
2025-12-10,46803.93680587452,0.0,0,,-0.5319606319412549
2025-12-11,46803.93680587452,0.0,0,,-0.5319606319412549
2025-12-12,46803.93680587452,0.0,0,,-0.5319606319412549
2025-12-15,46803.93680587452,0.0,0,,-0.5319606319412549
2025-12-16,46803.93680587452,0.0,0,,-0.5319606319412549
2025-12-17,46803.93680587452,0.0,0,,-0.5319606319412549
2025-12-18,46803.93680587452,0.0,0,,-0.5319606319412549
2025-12-19,46803.93680587452,0.0,0,,-0.5319606319412549
2025-12-22,47384.33072350037,0.012400536306018672,1,20.878151757376536,-0.5261566927649963
2025-12-23,47544.10793592654,0.003371941947613699,1,20.919671194893972,-0.5245589206407346
2025-12-26,47772.188215994924,0.0047972354508314385,1,21.10166025161743,-0.5222781178400507
2025-12-29,47452.087945977226,-0.006700556997104923,0,,-0.5254791205402277
2025-12-30,47300.33554940738,-0.0031980130514512872,1,21.677206380026682,-0.5269966445059262
2026-01-02,47914.16106313478,0.012977191527240528,0,,-0.5208583893686523
2026-01-05,48994.00859887558,0.02253712705765465,1,22.5050767489842,-0.5100599140112442
2026-01-06,49802.15642361039,0.01649482963011417,1,22.992226191929408,-0.5019784357638961
2026-01-07,48852.583211241086,-0.019066909558942746,1,22.992226191929408,-0.5114741678875891
2026-01-08,49095.02563188513,0.004962734920192613,1,22.992226191929408,-0.5090497436811487
2026-01-09,48408.09901747234,-0.0139917762659576,1,22.992226191929408,-0.5159190098252766
2026-01-12,47923.21032263146,-0.010016685320897833,1,22.992226191929408,-0.5207678967736854
2026-01-13,47801.989112309435,-0.0025294885193610783,1,22.992226191929408,-0.5219801088769056
2026-01-14,49095.02563188513,0.02704984758139961,1,22.992226191929408,-0.5090497436811487
2026-01-15,50004.194343182295,0.018518550496624986,1,23.05714225769043,-0.49995805656817704
2026-01-16,50711.32513490755,0.014141429554332285,1,23.375000068119594,-0.4928867486509245
2026-01-19,49701.13939060084,-0.019920318422350647,1,23.375000068119594,-0.5029886060939917
2026-01-20,50428.47050608577,0.014634093391075798,1,23.375000068119594,-0.49571529493914235
2026-01-21,51802.32373491135,0.027243602969472924,1,23.74357032775879,-0.4819767626508865
2026-01-22,49802.15642361039,-0.038611536454164486,1,23.74357032775879,-0.5019784357638961
2026-01-23,50004.194343182295,0.004056810670072242,1,23.74357032775879,-0.49995805656817704
2026-01-26,49458.693116404,-0.010909109404592776,1,23.74357032775879,-0.5054130688359599
2026-01-27,50347.65765038869,0.017973878361331908,1,23.74357032775879,-0.4965234234961131
2026-01-28,50085.01105243217,-0.0052166597258669345,1,23.74357032775879,-0.4991498894756783
2026-01-29,49458.693116404,-0.012505097290934075,1,23.74357032775879,-0.5054130688359599
2026-01-30,49499.10147102894,0.0008170121788264595,1,23.74357032775879,-0.5050089852897106
2026-02-02,50913.36305447945,0.028571459711814295,1,23.74357032775879,-0.49086636945520545
2026-02-03,53964.12061115927,0.05992056650069211,1,24.511784553527832,-0.4603587938884073
2026-02-04,51701.3067019018,-0.04193182217426039,1,24.511784553527832,-0.48298693298098205
2026-02-05,53075.15993072737,0.026572891798400944,1,24.511784553527832,-0.46924840069272633
2026-02-06,53842.89940083725,0.014465137196230993,1,24.511784553527832,-0.4615710059916275
2026-02-09,53822.69522352477,-0.0003752431153839497,1,24.511784553527832,-0.46177304776475225
2026-02-10,53943.92028739959,0.0022523038538180273,1,24.511784553527832,-0.46056079712600406
2026-02-11,54550.0301925625,0.011235926160607423,1,24.73749964577811,-0.45449969807437496
2026-02-12,53438.82741524623,-0.020370342113353646,1,24.73749964577811,-0.4656117258475376
2026-02-13,52428.64167093952,-0.01890359113715334,1,24.73749964577811,-0.47571358329060476
2026-02-18,52368.029139002116,-0.0011560957904999114,1,24.73749964577811,-0.47631970860997885
2026-02-19,53358.010705996356,0.018904312101692744,1,24.73749964577811,-0.4664198929400365
2026-02-20,53519.64027094332,0.0030291527515435845,1,24.73749964577811,-0.46480359729056686
2026-02-23,52529.65870394908,-0.018497537763379146,1,24.73749964577811,-0.4747034129605092
2026-02-24,52428.64167093952,-0.0019230475792518797,1,24.73749964577811,-0.47571358329060476
2026-02-25,51398.25174932034,-0.01965318743304978,1,24.73749964577811,-0.48601748250679655
2026-02-26,51822.52791222381,0.008254680820132698,1,24.73749964577811,-0.48177472087776185
2026-02-27,50670.91678028261,-0.022222210655022168,1,24.73749964577811,-0.49329083219717385
2026-03-02,49903.97057543895,-0.015135826497263971,0,,-0.5009602942456105
2026-03-03,49903.97057543895,0.0,0,,-0.5009602942456105
2026-03-04,49903.97057543895,0.0,0,,-0.5009602942456105
2026-03-05,49903.97057543895,0.0,0,,-0.5009602942456105
2026-03-06,49903.97057543895,0.0,0,,-0.5009602942456105
2026-03-09,49903.97057543895,0.0,0,,-0.5009602942456105
2026-03-10,49903.97057543895,0.0,0,,-0.5009602942456105
2026-03-11,49903.97057543895,0.0,0,,-0.5009602942456105
2026-03-12,49903.97057543895,0.0,0,,-0.5009602942456105
2026-03-13,49903.97057543895,0.0,0,,-0.5009602942456105
2026-03-16,49903.97057543895,0.0,0,,-0.5009602942456105
2026-03-17,49903.97057543895,0.0,0,,-0.5009602942456105
2026-03-18,49903.97057543895,0.0,0,,-0.5009602942456105
2026-03-19,49903.97057543895,0.0,0,,-0.5009602942456105
2026-03-20,49903.97057543895,0.0,0,,-0.5009602942456105
2026-03-23,49903.97057543895,0.0,0,,-0.5009602942456105
2026-03-24,49903.97057543895,0.0,0,,-0.5009602942456105
2026-03-25,49903.97057543895,0.0,0,,-0.5009602942456105
2026-03-26,49903.97057543895,0.0,0,,-0.5009602942456105
2026-03-27,49903.97057543895,0.0,0,,-0.5009602942456105
2026-03-30,49903.97057543895,0.0,0,,-0.5009602942456105
2026-03-31,49903.97057543895,0.0,0,,-0.5009602942456105
2026-04-01,49903.97057543895,0.0,0,,-0.5009602942456105
2026-04-02,49903.97057543895,0.0,0,,-0.5009602942456105
2026-04-06,49903.97057543895,0.0,0,,-0.5009602942456105
2026-04-07,49903.97057543895,0.0,0,,-0.5009602942456105
2026-04-08,49903.97057543895,0.0,0,,-0.5009602942456105
2026-04-09,49903.97057543895,0.0,0,,-0.5009602942456105
2026-04-10,49903.97057543895,0.0,0,,-0.5009602942456105
2026-04-13,50356.18557651463,0.009061703825592016,1,21.725713866097585,-0.49643814423485366
2026-04-14,50988.538598155195,0.012557603686635943,1,22.07035752705165,-0.490114614018448
2026-04-15,50714.517749331215,-0.0053741655744158345,1,22.07035752705165,-0.4928548225066879
2026-04-16,49007.172229617805,-0.033665813961839874,1,22.07035752705165,-0.5099282777038219
2026-04-17,48775.30905297857,-0.004731209047379115,1,22.07035752705165,-0.5122469094702142
2026-04-20,49239.03540625703,0.009507399589714138,1,22.07035752705165,-0.5076096459374297
2026-04-22,47868.93920289093,-0.02782540705888814,1,22.07035752705165,-0.5213106079710907
2026-04-23,47944.46631895425,0.0015777896339670416,0,,-0.5205553368104575
2026-04-24,47944.46631895425,0.0,0,,-0.5205553368104575
2026-04-27,47944.46631895425,0.0,0,,-0.5205553368104575
2026-04-28,47944.46631895425,0.0,0,,-0.5205553368104575
2026-04-29,47944.46631895425,0.0,0,,-0.5205553368104575
2026-04-30,47944.46631895425,0.0,0,,-0.5205553368104575
2026-05-04,47944.46631895425,0.0,0,,-0.5205553368104575
2026-05-05,47944.46631895425,0.0,0,,-0.5205553368104575
2026-05-06,46546.42866781036,-0.029159520555372076,1,20.4228561265128,-0.5345357133218964
2026-05-07,45707.6932417199,-0.018019329304000853,0,,-0.542923067582801
2026-05-08,45707.6932417199,0.0,0,,-0.542923067582801
2026-05-11,45707.6932417199,0.0,0,,-0.542923067582801
2026-05-12,45707.6932417199,0.0,0,,-0.542923067582801
2026-05-13,45707.6932417199,0.0,0,,-0.542923067582801
2026-05-14,45707.6932417199,0.0,0,,-0.542923067582801
2026-05-15,45707.6932417199,0.0,0,,-0.542923067582801
2026-05-18,45707.6932417199,0.0,0,,-0.542923067582801
2026-05-19,45707.6932417199,0.0,0,,-0.542923067582801
2026-05-20,45707.6932417199,0.0,0,,-0.542923067582801
2026-05-21,45707.6932417199,0.0,0,,-0.542923067582801
2026-05-22,45707.6932417199,0.0,0,,-0.542923067582801
2026-05-25,45707.6932417199,0.0,0,,-0.542923067582801
2026-05-26,45707.6932417199,0.0,0,,-0.542923067582801
2026-05-27,45707.6932417199,0.0,0,,-0.542923067582801
2026-05-28,45707.6932417199,0.0,0,,-0.542923067582801
2026-05-29,45707.6932417199,0.0,0,,-0.542923067582801
2026-06-01,45707.6932417199,0.0,0,,-0.542923067582801
2026-06-02,45707.6932417199,0.0,0,,-0.542923067582801
2026-06-03,45707.6932417199,0.0,0,,-0.542923067582801
2026-06-05,45707.6932417199,0.0,0,,-0.542923067582801
2026-06-08,45707.6932417199,0.0,0,,-0.542923067582801
2026-06-09,45707.6932417199,0.0,0,,-0.542923067582801
2026-06-10,45707.6932417199,0.0,0,,-0.542923067582801
2026-06-11,45707.6932417199,0.0,0,,-0.542923067582801
2026-06-12,45707.6932417199,0.0,0,,-0.542923067582801
2026-06-15,45707.6932417199,0.0,0,,-0.542923067582801
2026-06-16,45707.6932417199,0.0,0,,-0.542923067582801
2026-06-17,45707.6932417199,0.0,0,,-0.542923067582801
2026-06-18,45707.6932417199,0.0,0,,-0.542923067582801
2026-06-19,45707.6932417199,0.0,0,,-0.542923067582801
2026-06-22,45707.6932417199,0.0,0,,-0.542923067582801
2026-06-23,45707.6932417199,0.0,0,,-0.542923067582801
2026-06-24,45707.6932417199,0.0,0,,-0.542923067582801
2026-06-25,45707.6932417199,0.0,0,,-0.542923067582801
2026-06-26,45707.6932417199,0.0,0,,-0.542923067582801
2026-06-29,45707.6932417199,0.0,0,,-0.542923067582801
2026-06-30,45707.6932417199,0.0,0,,-0.542923067582801
2026-07-01,45707.6932417199,0.0,0,,-0.542923067582801
2026-07-02,45707.6932417199,0.0,0,,-0.542923067582801
2026-07-03,45707.6932417199,0.0,0,,-0.542923067582801
2026-07-06,45707.6932417199,0.0,0,,-0.542923067582801
2026-07-07,45707.6932417199,0.0,0,,-0.542923067582801
2026-07-08,45707.6932417199,0.0,0,,-0.542923067582801
2026-07-09,45707.6932417199,0.0,0,,-0.542923067582801
2026-07-10,45957.53639726748,0.0054661072967807645,1,17.339642592838832,-0.5404246360273252
2026-07-13,44561.916733844395,-0.030367590885617357,1,17.339642592838832,-0.554380832661556
2026-07-14,45541.29854413596,0.021978000096834593,1,17.339642592838832,-0.5445870145586404
2026-07-15,45712.68977717938,0.0037634243757305175,1,17.339642592838832,-0.5428731022282062
2026-07-16,45345.42218207765,-0.008034259127868593,1,17.339642592838832,-0.5465457781792236
2026-07-17,45418.87289906149,0.0016198044576343218,1,17.339642592838832,-0.5458112710093851
2026-07-20,45761.66003520917,0.00754724004070928,1,17.357857159205846,-0.5423833996479084
2026-07-21,44390.520830740126,-0.029962619437627125,1,17.357857159205846,-0.5560947916925987
2026-07-22,44782.2782249176,0.008825248878499004,1,17.357857159205846,-0.552177217750824
2026-07-23,44537.4316048295,-0.005467489145111526,1,17.357857159205846,-0.554625683951705
2026-07-24,44023.253235638396,-0.011544859024500864,1,17.357857159205846,-0.559767467643616
2026-07-27,44488.46134679971,0.010567326968573765,1,17.357857159205846,-0.5551153865320029
2026-07-28,44561.916733844395,0.0016511109807120228,1,17.357857159205846,-0.554380832661556
2026-07-29,43484.59440749325,-0.024175852506203577,1,17.357857159205846,-0.5651540559250675
2026-07-30,44684.337708858024,0.02759007684703252,1,17.357857159205846,-0.5531566229114198
2026-07-31,45247.481666018066,0.012602714643086488,1,17.357857159205846,-0.5475251833398194
2026-08-03,46153.4127593258,0.020021690930660307,1,17.571428980146134,-0.5384658724067419
2026-08-04,47524.547293733995,0.02970819387849355,1,18.070714473724365,-0.5247545270626601
2026-08-05,50315.78662058018,0.058732581072144185,1,19.008928298950195,-0.4968421337941983
2026-08-06,49262.95409330477,-0.020924497021473143,1,19.008928298950195,-0.5073704590669523
2026-08-07,49507.796043332026,0.004970102880219596,1,19.008928298950195,-0.5049220395666798
2026-08-10,47451.09190668931,-0.04154303566336448,1,19.008928298950195,-0.5254890809331069
2026-08-11,46472.72709788317,-0.02061838346586531,0,,-0.5352727290211683
2026-08-12,46472.72709788317,0.0,0,,-0.5352727290211683
2026-08-13,46472.72709788317,0.0,0,,-0.5352727290211683
2026-08-14,46472.72709788317,0.0,0,,-0.5352727290211683
2026-08-17,46472.72709788317,0.0,0,,-0.5352727290211683
2026-08-18,46472.72709788317,0.0,0,,-0.5352727290211683
2026-08-19,46472.72709788317,0.0,0,,-0.5352727290211683
2026-08-20,46472.72709788317,0.0,0,,-0.5352727290211683
2026-08-21,46472.72709788317,0.0,0,,-0.5352727290211683
2026-08-24,46734.75335399206,0.0056382801800505256,1,16.416428634098597,-0.5326524664600794
2026-08-25,49974.554617188085,0.06932317024669343,1,17.700714792524064,-0.5002544538281192
2026-08-26,49260.2662303262,-0.014293041575526466,1,17.700714792524064,-0.507397337696738
2026-08-27,49489.85875232853,0.004660805545159352,1,17.700714792524064,-0.5051014124767147
2026-08-28,49387.82033460058,-0.00206180458583638,1,17.700714792524064,-0.5061217966539941
2026-08-31,50000.06543804296,0.012396682001644121,1,17.83928632736206,-0.4999993456195704
2026-09-01,50153.125497480665,0.003061197182379072,1,17.893928868430002,-0.49846874502519334
2026-09-02,51504.3248594046,0.026941478691927312,0,,-0.48495675140595396
