timestamp,equity,daily_return,position,stop_price,drawdown
2020-01-02,100000.0,0.0,0,,0.0
2020-01-03,100000.0,0.0,0,,0.0
2020-01-06,100000.0,0.0,0,,0.0
2020-01-07,100000.0,0.0,0,,0.0
2020-01-08,100000.0,0.0,0,,0.0
2020-01-09,100000.0,0.0,0,,0.0
2020-01-10,100000.0,0.0,0,,0.0
2020-01-13,100000.0,0.0,0,,0.0
2020-01-14,100000.0,0.0,0,,0.0
2020-01-15,100000.0,0.0,0,,0.0
2020-01-16,100000.0,0.0,0,,0.0
2020-01-17,100000.0,0.0,0,,0.0
2020-01-20,100000.0,0.0,0,,0.0
2020-01-21,100000.0,0.0,0,,0.0
2020-01-22,100000.0,0.0,0,,0.0
2020-01-23,100000.0,0.0,0,,0.0
2020-01-24,100000.0,0.0,0,,0.0
2020-01-27,100000.0,0.0,0,,0.0
2020-01-28,100000.0,0.0,0,,0.0
2020-01-29,100000.0,0.0,0,,0.0
2020-01-30,100000.0,0.0,0,,0.0
2020-01-31,100000.0,0.0,0,,0.0
2020-02-03,100000.0,0.0,0,,0.0
2020-02-04,100000.0,0.0,0,,0.0
2020-02-05,100000.0,0.0,0,,0.0
2020-02-06,100000.0,0.0,0,,0.0
2020-02-07,100000.0,0.0,0,,0.0
2020-02-10,100000.0,0.0,0,,0.0
2020-02-11,100000.0,0.0,0,,0.0
2020-02-12,100000.0,0.0,0,,0.0
2020-02-13,100000.0,0.0,0,,0.0
2020-02-14,100000.0,0.0,0,,0.0
2020-02-17,100000.0,0.0,0,,0.0
2020-02-18,100000.0,0.0,0,,0.0
2020-02-19,100000.0,0.0,0,,0.0
2020-02-20,100000.0,0.0,0,,0.0
2020-02-21,100000.0,0.0,0,,0.0
2020-02-26,100000.0,0.0,0,,0.0
2020-02-27,100000.0,0.0,0,,0.0
2020-02-28,100000.0,0.0,0,,0.0
2020-03-02,100000.0,0.0,0,,0.0
2020-03-03,100000.0,0.0,0,,0.0
2020-03-04,100000.0,0.0,0,,0.0
2020-03-05,100000.0,0.0,0,,0.0
2020-03-06,100000.0,0.0,0,,0.0
2020-03-09,100000.0,0.0,0,,0.0
2020-03-10,100000.0,0.0,0,,0.0
2020-03-11,100000.0,0.0,0,,0.0
2020-03-12,100000.0,0.0,0,,0.0
2020-03-13,100000.0,0.0,0,,0.0
2020-03-16,100000.0,0.0,0,,0.0
2020-03-17,100000.0,0.0,0,,0.0
2020-03-18,100000.0,0.0,0,,0.0
2020-03-19,100000.0,0.0,0,,0.0
2020-03-20,100000.0,0.0,0,,0.0
2020-03-23,100000.0,0.0,0,,0.0
2020-03-24,100000.0,0.0,0,,0.0
2020-03-25,100000.0,0.0,0,,0.0
2020-03-26,100000.0,0.0,0,,0.0
2020-03-27,100000.0,0.0,0,,0.0
2020-03-30,100000.0,0.0,0,,0.0
2020-03-31,100000.0,0.0,0,,0.0
2020-04-01,100000.0,0.0,0,,0.0
2020-04-02,100000.0,0.0,0,,0.0
2020-04-03,100000.0,0.0,0,,0.0
2020-04-06,100000.0,0.0,0,,0.0
2020-04-07,100000.0,0.0,0,,0.0
2020-04-08,100000.0,0.0,0,,0.0
2020-04-09,100000.0,0.0,0,,0.0
2020-04-13,100000.0,0.0,0,,0.0
2020-04-14,100000.0,0.0,0,,0.0
2020-04-15,100753.39092654736,0.007533909265473593,1,21.269833905356272,0.0
2020-04-16,98880.15458317203,-0.018592290801815126,1,21.269833905356272,-0.018592290801815126
2020-04-17,107142.46499788565,0.08355883391913443,1,23.920919963291713,0.0
2020-04-20,113732.24410784514,0.0615048301351806,1,25.73416634968349,0.0
2020-04-22,122094.90704186937,0.07352939352972276,1,28.270436150687082,0.0
2020-04-23,117010.40931131538,-0.04164381507584414,1,28.270436150687082,-0.04164381507584414
2020-04-24,110320.28409229884,-0.05717547061319084,1,28.270436150687082,-0.09643828096394491
2020-04-27,113561.64574168337,0.029381375112057073,0,,-0.06989039516005147
2020-04-28,113561.64574168337,0.0,0,,-0.06989039516005147
2020-04-29,114596.16782375175,0.009109784164466728,1,28.84451913833618,-0.06141729741066204
2020-04-30,108382.93074821802,-0.054218541453233016,1,28.84451913833618,-0.11230588257828955
2020-05-04,105910.31524981528,-0.022813698442486485,1,28.84451913833618,-0.13255746848231764
2020-05-05,106607.71494823316,0.006584813733892636,1,28.84451913833618,-0.12684552098741741
2020-05-06,103025.59716834541,-0.03360092448869356,1,28.84451913833618,-0.15618431870368366
2020-05-07,94371.44899874025,-0.08399998065979808,1,28.84451913833618,-0.22706481961300862
2020-05-08,93991.04474520001,-0.004030925217067716,1,28.84451913833618,-0.2301804635227893
2020-05-11,91730.46420323142,-0.024051020478565777,0,,-0.24869540895940268
2020-05-12,91730.46420323142,0.0,0,,-0.24869540895940268
2020-05-13,91730.46420323142,0.0,0,,-0.24869540895940268
2020-05-14,91730.46420323142,0.0,0,,-0.24869540895940268
2020-05-15,91730.46420323142,0.0,0,,-0.24869540895940268
2020-05-18,98659.0711483305,0.075532234631982,1,27.884038857051305,-0.19194769430883907
2020-05-19,103251.97568077233,0.04655329184618573,1,29.282098702022008,-0.15433019949501525
2020-05-20,103929.13989035095,0.006558365640113584,1,29.470143931252615,-0.14878398773250168
2020-05-21,106843.86516270794,0.028045313137702532,1,30.414624554770334,-0.12491136812063319
2020-05-22,105243.12630616785,-0.014982038080542992,0,,-0.1380219793273001
2020-05-25,103229.06335110679,-0.01913723989158067,1,31.486716883523123,-0.15451785949018348
2020-05-26,103735.36666612807,0.004904658616335933,1,31.486716883523123,-0.15037105822477392
2020-05-27,109979.7418767405,0.06019523920621905,1,33.29143469674246,-0.09922744083808732
2020-05-28,104972.99339825603,-0.04552427922676683,1,33.29143469674246,-0.14023446234118364
2020-05-29,108235.8226100302,0.031082558533844562,1,33.29143469674246,-0.11351074969152108
2020-06-01,105788.6953109801,-0.02260921790992443,1,33.29143469674246,-0.13355357832655113
2020-06-02,107588.87768854095,0.017016774545417945,1,33.29143469674246,-0.11880945491325001
2020-06-03,115380.27822898411,0.07241827136628842,1,34.814973149980815,-0.05499515889375017
2020-06-04,112511.24767140801,-0.024865866174132556,1,34.814973149980815,-0.0784935228066056
2020-06-05,114873.98569440177,0.021000016192995963,1,35.07837840488979,-0.05914187186359354
2020-06-08,121512.14877877333,0.05778647832443995,1,37.50018732888358,-0.0047729940356660006
2020-06-09,120668.30992040451,-0.006944481410703474,1,37.50018732888358,-0.011684329478015343
2020-06-10,115605.29833106948,-0.04195808818963909,1,37.50018732888358,-0.05315216554097901
2020-06-12,113326.94958413209,-0.019707995912200182,1,37.50018732888358,-0.07181263879197297
2020-06-15,114480.18704020369,0.010176197809113718,1,37.50018732888358,-0.062367220600400675
2020-06-16,112989.41404078456,-0.013022104854664485,1,37.50018732888358,-0.07457717296891275
2020-06-17,114845.84874875702,0.01643016492945404,1,37.50018732888358,-0.05937232329131037
2020-06-18,115914.7077092112,0.009306901138346424,1,37.50018732888358,-0.05061799449618998
2020-06-19,117855.53169324002,0.016743552413535312,1,37.50018732888358,-0.03472196712656961
2020-06-22,115999.09698526756,-0.015751782553613758,1,37.50018732888358,-0.04992681680417188
2020-06-23,117461.7438194809,0.012609122589972266,1,37.50018732888358,-0.03794722756781044
2020-06-24,115267.7735681609,-0.018678168567731745,1,37.50018732888358,-0.0559166114223526
2020-06-25,116589.77879590627,0.011468992475712536,1,37.50018732888358,-0.045088926142310415
2020-06-26,113214.43414286993,-0.02895060517221648,1,37.50018732888358,-0.0727341796161417
2020-06-29,115914.7077092112,0.023850965530894053,1,37.50018732888358,-0.05061799449618998
2020-06-30,115070.87963128134,-0.0072797326120748185,1,37.50018732888358,-0.05752924164297313
2020-07-01,119121.28459057378,0.035199217840960806,1,37.66192586081369,-0.02435500811082858
2020-07-02,119233.78925139699,0.0009444547312420504,1,37.84747791290283,-0.023433555582226262
2020-07-03,120105.75427497161,0.007313069802186156,1,38.5274908883231,-0.016291857007726285
2020-07-06,121652.77960480234,0.012880526325899089,1,39.26864147186279,-0.0036211783749129367
2020-07-07,123790.49752571073,0.017572289986738543,1,40.211702483040945,0.0
2020-07-08,124943.73498178233,0.009316041853956403,1,40.625112124851775,0.0
2020-07-09,121877.81048732666,-0.024538441202375694,1,40.625112124851775,-0.024538441202375694
2020-07-10,122468.49229796536,0.004846508222266843,1,40.625112124851775,-0.01981085873715771
2020-07-13,118418.08733867292,-0.033073036854555427,1,40.625112124851775,-0.05222869033057875
2020-07-14,123481.088147569,0.04275529965634406,1,40.625112124851775,-0.011706443979977
2020-07-15,125843.82617056275,0.01913441206616273,1,40.627245494297576,0.0
2020-07-16,125421.91213159781,-0.003352679680869719,1,40.6539066859654,-0.003352679680869719
2020-07-17,129247.28620836594,0.030500045899112038,1,41.87956033434187,0.0
2020-07-20,129978.62040591156,0.005658410470348985,1,42.16500554765974,0.0
2020-07-21,131891.3074442956,0.01471539728926885,1,42.98400483812605,0.0
2020-07-22,130484.9129404939,-0.010663284268341178,1,42.98400483812605,-0.010663284268341178
2020-07-23,129050.39227148637,-0.010993766533466731,1,42.98400483812605,-0.021539821144081817
2020-07-24,125731.31072930059,-0.02571926736342922,1,42.98400483812605,-0.046705100088546
2020-07-27,127728.38704374101,0.01588368325166134,1,42.98400483812605,-0.031563265852928346
2020-07-28,126265.74020952769,-0.011451227625010496,1,42.98400483812605,-0.042653055336068224
2020-07-29,126772.04352454898,0.004009823362862486,1,42.98400483812605,-0.038814263190989684
2020-07-30,140526.5468431076,0.10849792222443022,1,44.912778445652556,0.0
2020-07-31,143226.82040944888,0.01921539827884655,1,45.5732410975865,0.0
2020-08-03,141454.76419709384,-0.012372376956279352,1,45.5732410975865,-0.012372376956279352
2020-08-04,140357.77907143385,-0.00775502424316743,1,45.5732410975865,-0.020031453116205244
2020-08-05,143479.96667674006,0.022244492795210125,1,45.5732410975865,0.0
2020-08-06,145223.88594345035,0.012154444324895541,1,45.913777351379395,0.0
2020-08-07,142917.41103130716,-0.015882200763043364,1,45.913777351379395,-0.015882200763043364
2020-08-10,143198.68346380413,0.001968076740736402,1,45.913777351379395,-0.013945381412220459
2020-08-11,142861.1479204566,-0.002357113453720028,1,45.913777351379395,-0.01626962401979659
2020-08-12,141904.80440126456,-0.006694216959004962,1,45.913777351379395,-0.02285492858577165
2020-08-13,137882.52560717793,-0.028344909187942746,1,45.913777351379395,-0.05055201689845379
2020-08-14,139457.6878826534,0.011423944176675915,1,45.913777351379395,-0.039705576140844245
2020-08-17,134225.91930208355,-0.037515096227410005,1,45.913777351379395,-0.07573111385856568
2020-08-18,139513.940213065,0.03939642163359269,1,45.913777351379395,-0.0393182271173268
2020-08-19,137854.3994419721,-0.011895160932007598,1,45.913777351379395,-0.05074569141021257
2020-08-20,140470.28373225706,0.018975704082524025,1,45.913777351379395,-0.03273292255135174
2020-08-21,137741.8947811489,-0.019423246530266725,1,45.913777351379395,-0.05152038945724746
2020-08-24,137938.7887180285,0.0014294411819470998,1,45.913777351379395,-0.05016459364170056
2020-08-25,138304.4504265818,0.002650898358262266,1,45.913777351379395,-0.04764667652236598
2020-08-26,136194.85867087924,-0.015253245641740465,1,45.913777351379395,-0.062173155703098226
2020-08-27,138135.68265490804,0.01425034691448146,1,45.913777351379395,-0.04880879782615399
2020-08-28,137928.47913092567,-0.0015000000000000568,0,,-0.0502355846294148
2020-08-31,137928.47913092567,0.0,0,,-0.0502355846294148
2020-09-01,137928.47913092567,0.0,0,,-0.0502355846294148
2020-09-02,139664.32973474392,0.012585150033957326,1,46.200283186776296,-0.03828265696506228
2020-09-03,138679.43464024685,-0.007051872846614571,1,46.200283186776296,-0.045064565382528676
2020-09-04,139454.8332401418,0.005591301997346809,0,,-0.03972523297961461
2020-09-08,139454.8332401418,0.0,0,,-0.03972523297961461
2020-09-09,141306.1946134193,0.01327570604949524,1,49.430075781685964,-0.02697690744590453
2020-09-10,133709.08790679558,-0.0537634371048461,1,49.430075781685964,-0.07928997328399956
2020-09-11,130155.18764421657,-0.02657934713500054,1,49.430075781685964,-0.10376184469475969
2020-09-14,136052.60335005113,0.045310646564125756,1,49.430075781685964,-0.06315271440243986
2020-09-15,136026.84208136942,-0.00018934785551605327,1,49.430075781685964,-0.06333010442691378
2020-09-16,135666.30276244055,-0.0026505012791019356,1,49.430075781685964,-0.06581274918322655
2020-09-17,136361.6398720524,0.00512534870821546,1,49.430075781685964,-0.06102471376402152
2020-09-18,135717.81542958604,-0.004721448371187376,1,49.430075781685964,-0.06545803709980558
2020-09-21,130850.5148836105,-0.03586338706211212,1,49.430075781685964,-0.09897387724108131
2020-09-22,133245.53312379363,0.018303468215722818,1,49.430075781685964,-0.08248197424162751
2020-09-23,151864.87993708326,0.13973711821161805,1,52.2027314049857,0.0
2020-09-24,149341.0948343633,-0.016618622447570175,1,52.2027314049857,-0.016618622447570175
2020-09-25,151942.1440026925,0.01741683473804767,1,52.440542221069336,0.0
2020-09-28,145890.21003585734,-0.03983051579638053,1,52.440542221069336,-0.03983051579638053
2020-09-29,146250.7493547862,0.0024713057774079505,1,52.440542221069336,-0.03745764340277735
2020-09-30,145941.71283278492,-0.0021130594090263966,1,52.440542221069336,-0.03949155258597159
2020-10-01,147100.5948551808,0.007940718249097811,1,52.440542221069336,-0.03186442562917846
2020-10-02,146018.97689839418,-0.007352913547708395,1,52.440542221069336,-0.0389830428099881
2020-10-05,147435.38277564588,0.009700149304821437,1,52.440542221069336,-0.029661034840779754
2020-10-06,147589.9010366465,0.0010480405591359876,1,52.440542221069336,-0.028644080249182746
2020-10-07,146508.2830798599,-0.007328536364544669,1,52.440542221069336,-0.035762697429992385
2020-10-08,154414.41643826704,0.05396372950529771,1,53.48668398175921,0.0
2020-10-09,154903.73248995063,0.003168849534714413,1,53.801989146641326,0.0
2020-10-13,152895.00496716017,-0.012967586322820024,1,53.801989146641326,-0.012967586322820024
2020-10-14,158869.6748683861,0.039076946316913386,1,56.32652609688895,0.0
2020-10-15,160646.62006456667,0.011184923728538188,1,56.798230852399556,0.0
2020-10-16,160363.34481124705,-0.0017633439981853405,1,56.798230852399556,-0.0017633439981853405
2020-10-19,158843.9234699223,-0.009474866860086695,1,56.798230852399556,-0.011221503408660793
2020-10-20,166028.9880606896,0.04523348727361176,1,58.874886240277974,0.0
2020-10-21,161960.02034796317,-0.024507574010142474,1,58.874886240277974,-0.024507574010142474
2020-10-22,164818.59337114825,0.017649868264054236,1,58.874886240277974,-0.00729026119883891
2020-10-23,161110.1748475686,-0.022500001047993545,1,58.874886240277974,-0.029626231362218536
2020-10-26,161960.02034796317,0.005274933760072376,1,58.874886240277974,-0.024507574010142474
2020-10-27,166286.5020453275,0.026713269657963057,1,58.874886240277974,0.0
2020-10-28,161084.4234491048,-0.03128382960875975,1,58.874886240277974,-0.03128382960875975
2020-10-29,161110.1748475686,0.0001598627472005898,1,58.874886240277974,-0.031128967980503464
2020-10-30,156268.62570005684,-0.030051169344782136,1,58.874886240277974,-0.060244675436975204
2020-11-03,164226.28159582734,0.05092292749182081,1,58.874886240277974,-0.012389583184199582
2020-11-04,170741.7604754466,0.039673789215141086,1,59.81474276951381,0.0
2020-11-05,174810.7183179551,0.023831064123844836,1,61.51352800641741,0.0
2020-11-06,175119.75483995638,0.001767835090290104,1,61.65251650129046,0.0
2020-11-09,170226.71276573496,-0.027941119942140213,1,61.65251650129046,-0.027941119942140213
2020-11-10,170793.26327237417,0.003328211521178126,1,61.65251650129046,-0.024705902378268196
2020-11-11,170535.74928773622,-0.0015077525875670794,1,61.65251650129046,-0.02617640457759618
2020-11-12,168552.76329319167,-0.011627978314381227,1,61.65251650129046,-0.03750000422720068
2020-11-13,172544.45707009092,0.0236821615908831,1,61.65251650129046,-0.014705923796084819
2020-11-16,172080.91215730688,-0.0026865245088443235,1,61.65251650129046,-0.017352940480225842
2020-11-17,169969.17904066126,-0.012271745251531407,1,61.65251650129046,-0.029411734866818917
2020-11-18,166080.49085761717,-0.022878784288966947,1,61.65251650129046,-0.05161761441820356
2020-11-19,168630.02735880093,0.015351210054945552,1,61.65251650129046,-0.037058797204727045
2020-11-23,168320.99083679967,-0.001832630444539407,1,61.65251650129046,-0.03882351256927108
2020-11-24,168939.06388080222,0.003671990290277094,1,61.65251650129046,-0.03529408184018279
2020-11-25,169325.344727977,0.002286509930274905,1,61.65251650129046,-0.03308827217851551
2020-11-26,168527.02176494576,-0.004714728112993116,1,61.65251650129046,-0.03764699808445815
2020-11-27,171102.29979437546,0.015281098558910022,1,61.65251650129046,-0.02294118701372394
2020-11-30,173111.02731716592,0.011739921235450756,1,61.65251650129046,-0.01147059350686197
2020-12-01,168552.76329319167,-0.0263314480574528,1,61.65251650129046,-0.03750000422720068
2020-12-02,168861.79981519296,0.0018334705166698217,1,61.65251650129046,-0.03573528886265642
2020-12-03,175351.52729634842,0.03843218234235324,1,62.173985072544646,0.0
2020-12-04,172595.9796074543,-0.015714420805911677,1,62.173985072544646,-0.015714420805911677
2020-12-07,172285.6403844858,-0.0017980675081442632,0,,-0.01748423272459554
2020-12-08,172285.6403844858,0.0,0,,-0.01748423272459554
2020-12-09,172285.6403844858,0.0,0,,-0.01748423272459554
2020-12-10,172285.6403844858,0.0,0,,-0.01748423272459554
2020-12-11,172285.6403844858,0.0,0,,-0.01748423272459554
2020-12-14,172285.6403844858,0.0,0,,-0.01748423272459554
2020-12-15,172285.6403844858,0.0,0,,-0.01748423272459554
2020-12-16,172285.6403844858,0.0,0,,-0.01748423272459554
2020-12-17,172285.6403844858,0.0,0,,-0.01748423272459554
2020-12-18,171129.75477888703,-0.006709123308357046,1,60.73113768441336,-0.02407605215965125
2020-12-21,168641.43245418783,-0.014540559167599443,1,60.73113768441336,-0.03826653206630104
2020-12-22,166435.28411924266,-0.013081888020279209,1,60.73113768441336,-0.05084782159916457
2020-12-23,167261.4281220347,0.00496375517465486,0,,-0.04613646256209247
2020-12-28,165325.43861373677,-0.011574632179305766,1,61.38377462114607,-0.05717708215718764
2020-12-29,166217.75462924098,0.005397330398675182,1,61.48117664882115,-0.052088355362147065
2020-12-30,170902.3899611433,0.02818372406937919,1,63.1810302734375,-0.025372675127522393
2021-01-04,168002.3676606536,-0.016968880898324712,1,63.1810302734375,-0.041911010123536374
2021-01-05,167010.9117544031,-0.00590144008120852,1,63.1810302734375,-0.0475651148897579
2021-01-06,157104.6574912089,-0.05931501216975432,0,,-0.10405880169097048
2021-01-07,157104.6574912089,0.0,0,,-0.10405880169097048
2021-01-08,157104.6574912089,0.0,0,,-0.10405880169097048
2021-01-11,155241.55335686702,-0.011859000007343079,1,63.37298665727888,-0.11468376836829619
2021-01-12,158497.1364727111,0.020971080522237395,1,63.87561920710972,-0.09611773038710392
2021-01-13,158430.23659758488,-0.0004220888567141312,1,63.87561920710972,-0.09649924902088902
2021-01-14,164852.18020582927,0.04053483568642413,1,66.63227871486119,-0.05987599453739001
2021-01-15,157672.08359270546,-0.043554756777611114,1,66.63227871486119,-0.10082286693610754
2021-01-18,157627.48937344018,-0.00028282888288877484,1,66.63227871486119,-0.10107718020017109
2021-01-19,153413.08781225127,-0.026736463150817902,1,66.63227871486119,-0.12511119704717855
2021-01-20,155130.07635493216,0.011191930018266572,1,66.63227871486119,-0.11531950279076564
2021-01-21,149055.205276316,-0.03915985359742269,0,,-0.14996346154197437
2021-01-22,149055.205276316,0.0,0,,-0.14996346154197437
2021-01-26,149055.205276316,0.0,0,,-0.14996346154197437
2021-01-27,149055.205276316,0.0,0,,-0.14996346154197437
2021-01-28,149055.205276316,0.0,0,,-0.14996346154197437
2021-01-29,143269.81321050116,-0.03881375397182529,1,58.29617963518415,-0.18295657061274617
2021-02-01,145092.7924513653,0.012724098677965756,0,,-0.17256042939303917
2021-02-02,145092.7924513653,0.0,0,,-0.17256042939303917
2021-02-03,145092.7924513653,0.0,0,,-0.17256042939303917
2021-02-04,147481.84124122016,0.016465661384631902,1,62.093293462480815,-0.15893608960717975
2021-02-05,145934.97822895637,-0.010488498104208932,1,62.207400049482075,-0.16775758683685338
2021-02-08,146761.3936184283,0.005662901379101637,1,62.42495141710554,-0.16304468012760498
2021-02-09,145716.07576161294,-0.007122566984701151,0,,-0.16900595045659816
2021-02-10,145716.07576161294,0.0,0,,-0.16900595045659816
2021-02-11,145716.07576161294,0.0,0,,-0.16900595045659816
2021-02-12,145716.07576161294,0.0,0,,-0.16900595045659816
2021-02-17,145716.07576161294,0.0,0,,-0.16900595045659816
2021-02-18,145716.07576161294,0.0,0,,-0.16900595045659816
2021-02-19,145716.07576161294,0.0,0,,-0.16900595045659816
2021-02-22,145716.07576161294,0.0,0,,-0.16900595045659816
2021-02-23,145716.07576161294,0.0,0,,-0.16900595045659816
2021-02-24,145716.07576161294,0.0,0,,-0.16900595045659816
2021-02-25,145716.07576161294,0.0,0,,-0.16900595045659816
2021-02-26,145716.07576161294,0.0,0,,-0.16900595045659816
2021-03-01,145716.07576161294,0.0,0,,-0.16900595045659816
2021-03-02,145716.07576161294,0.0,0,,-0.16900595045659816
2021-03-03,145716.07576161294,0.0,0,,-0.16900595045659816
2021-03-04,145716.07576161294,0.0,0,,-0.16900595045659816
2021-03-05,145716.07576161294,0.0,0,,-0.16900595045659816
2021-03-08,145716.07576161294,0.0,0,,-0.16900595045659816
2021-03-09,145716.07576161294,0.0,0,,-0.16900595045659816
2021-03-10,145716.07576161294,0.0,0,,-0.16900595045659816
2021-03-11,145716.07576161294,0.0,0,,-0.16900595045659816
2021-03-12,145716.07576161294,0.0,0,,-0.16900595045659816
2021-03-15,145716.07576161294,0.0,0,,-0.16900595045659816
2021-03-16,145716.07576161294,0.0,0,,-0.16900595045659816
2021-03-17,145716.07576161294,0.0,0,,-0.16900595045659816
2021-03-18,145716.07576161294,0.0,0,,-0.16900595045659816
2021-03-19,145716.07576161294,0.0,0,,-0.16900595045659816
2021-03-22,145716.07576161294,0.0,0,,-0.16900595045659816
2021-03-23,145716.07576161294,0.0,0,,-0.16900595045659816
2021-03-24,145716.07576161294,0.0,0,,-0.16900595045659816
2021-03-25,145716.07576161294,0.0,0,,-0.16900595045659816
2021-03-26,145716.07576161294,0.0,0,,-0.16900595045659816
2021-03-29,145716.07576161294,0.0,0,,-0.16900595045659816
2021-03-30,145716.07576161294,0.0,0,,-0.16900595045659816
2021-03-31,144722.48566212112,-0.006818671819829314,1,53.787769726344514,-0.1746722261646656
2021-04-01,145473.6009892006,0.005190038877808556,1,54.095961570739746,-0.17038874293152506
2021-04-05,147771.46510524396,0.01579574644759041,0,,-0.15728441386480463
2021-04-06,149007.71733568131,0.00836597396903982,1,56.59348392486572,-0.1502342772078934
2021-04-07,149103.2999375248,0.0006414607481581847,1,56.91767270224435,-0.14968918585159208
2021-04-08,151970.66809619055,0.019230749150871862,1,58.193804604666575,-0.13333707188443034
2021-04-09,150513.0906559101,-0.009591176103521892,1,58.193804604666575,-0.1416493886503808
2021-04-12,150489.19729496256,-0.00015874606549781678,1,58.193804604666575,-0.1417856484327502
2021-04-13,151014.87870996865,0.003493150501532316,1,58.30755506243025,-0.13878777654015084
2021-04-14,152090.14405898162,0.007120260984866844,1,58.961618423461914,-0.13265572074575938
2021-04-15,151970.66809619055,-0.0007855601921498145,1,59.103805405753,-0.13333707188443034
2021-04-16,153356.5654536283,0.009119505591437926,1,59.68286527906145,-0.12543353446558847
2021-04-19,149198.87338131503,-0.02711127534719393,1,59.68286527906145,-0.14914414672211407
2021-04-20,147621.81997824355,-0.01057014283908786,1,59.68286527906145,-0.15813781462673526
2021-04-22,145447.39591927003,-0.01472969280079317,1,59.68286527906145,-0.17053818599788795
2021-04-23,147430.6639326098,0.013635637824967128,1,59.68286527906145,-0.1592279451125148
2021-04-26,147956.3453476159,0.0035656179046061887,1,59.68286527906145,-0.15623007321991556
2021-04-27,145853.6105295383,-0.01421185967480687,1,59.68286527906145,-0.16822161301713623
2021-04-28,150823.7226643349,0.03407603086925337,1,59.68286527906145,-0.1398779070259304
2021-04-29,151421.09332023692,0.0039607208027314655,1,59.68286527906145,-0.13647120355939912
2021-04-30,153643.30410110555,0.014675701595740831,1,59.68286527906145,-0.1237983126235076
2021-05-03,153189.30276894214,-0.0029549047699771736,1,59.68286527906145,-0.12638740516899838
2021-05-04,149915.7200000081,-0.02136952587264951,1,59.68286527906145,-0.14505609211691195
2021-05-05,147191.72116508096,-0.018170201463375446,1,59.68286527906145,-0.1605905951630332
2021-05-06,147686.69578778217,0.003362788469237765,0,,-0.15776783889547763
2021-05-07,147686.69578778217,0.0,0,,-0.15776783889547763
2021-05-10,147686.69578778217,0.0,0,,-0.15776783889547763
2021-05-11,147686.69578778217,0.0,0,,-0.15776783889547763
2021-05-12,147686.69578778217,0.0,0,,-0.15776783889547763
2021-05-13,147686.69578778217,0.0,0,,-0.15776783889547763
2021-05-14,147686.69578778217,0.0,0,,-0.15776783889547763
2021-05-17,147686.69578778217,0.0,0,,-0.15776783889547763
2021-05-18,147686.69578778217,0.0,0,,-0.15776783889547763
2021-05-19,147686.69578778217,0.0,0,,-0.15776783889547763
2021-05-20,147686.69578778217,0.0,0,,-0.15776783889547763
2021-05-21,148338.34772858175,0.0044123943414373645,1,57.09149646759033,-0.1540515784736436
2021-05-24,151570.2749570706,0.021787536924722684,1,58.661247389657156,-0.1356204460032271
2021-05-25,149093.25129684008,-0.016342410548058184,1,58.661247389657156,-0.14974649154398978
2021-05-26,149565.06489681164,0.0031645536995648094,1,58.661247389657156,-0.14705581865823736
2021-05-27,145649.01111289577,-0.0261829444370425,1,58.661247389657156,-0.16938840876620742
2021-05-28,145454.09153601146,-0.0013382828719188389,0,,-0.1705000020319729
2021-05-31,145454.09153601146,0.0,0,,-0.1705000020319729
2021-06-01,145454.09153601146,0.0,0,,-0.1705000020319729
2021-06-02,146116.60267006813,0.004554778260690284,1,59.25630474090576,-0.16672181347398563
2021-06-04,150450.65379451803,0.029661592490185518,1,61.1281988961356,-0.14200545547429022
2021-06-07,151240.71429620835,0.00525129324309459,1,61.417905398777556,-0.13749987452001033
2021-06-08,150608.6658948561,-0.004179088972790512,1,61.417905398777556,-0.14110433928343424
2021-06-09,147945.02345880255,-0.017685851077872905,1,61.417905398777556,-0.1562946400302987
2021-06-10,147628.99925812642,-0.002136092132657197,1,61.417905398777556,-0.15809687241201065
2021-06-11,144559.044936381,-0.020795062874995662,1,61.417905398777556,-0.17560430088485834
2021-06-14,145732.8540540697,0.008119928560715639,1,61.417905398777556,-0.16891026670228215
2021-06-15,145371.6860108857,-0.002478288410175611,1,61.417905398777556,-0.17096994675612975
2021-06-16,144739.62895797298,-0.0043478690400921005,1,61.417905398777556,-0.1745744608579347
2021-06-17,141263.3540989752,-0.024017436579218843,1,61.417905398777556,-0.1943990663951467
2021-06-18,141782.53424249726,0.003675264167650294,1,61.417905398777556,-0.19143827015044312
2021-06-21,142708.03492327168,0.006527607125370594,1,61.417905398777556,-0.18616029684137525
2021-06-22,142211.42670100354,-0.003479889710030326,1,61.417905398777556,-0.18899236925001106
2021-06-23,141998.10956095203,-0.0015000000000000568,0,,-0.19020888069613606
2021-06-24,141216.18758596468,-0.005506566090245801,1,60.22104276929583,-0.1946680490138769
2021-06-25,139245.7352820773,-0.013953444980858709,1,60.22104276929583,-0.20590520408328938
2021-06-28,140668.84485174372,0.01022013038161318,1,60.22104276929583,-0.19778945173366014
2021-06-29,141281.87408445432,0.004357960238862368,1,60.22104276929583,-0.19429345006111942
2021-06-30,140121.49372629917,-0.008213228807125716,1,60.22104276929583,-0.20091090230716735
2021-07-01,139364.7813869533,-0.0054004016030827495,0,,-0.2052263043513537
2021-07-02,139364.7813869533,0.0,0,,-0.2052263043513537
2021-07-05,139364.7813869533,0.0,0,,-0.2052263043513537
2021-07-06,139364.7813869533,0.0,0,,-0.2052263043513537
2021-07-07,139364.7813869533,0.0,0,,-0.2052263043513537
2021-07-08,141050.7962075456,0.01209785430589494,1,60.58362552097866,-0.19561124797523854
2021-07-12,142342.65769843396,0.00915883869941081,1,61.12393501826695,-0.18824398114382346
2021-07-13,142471.85375013278,0.0009076411371531368,1,61.13922486986433,-0.18750719798777782
2021-07-14,147660.87089911936,0.0364213492869061,1,63.44195229666574,-0.1579151138525937
2021-07-15,147940.76817055017,0.0018955412474983557,1,63.55534267425537,-0.15631890721700636
2021-07-16,145766.1220075531,-0.014699438091940298,1,63.55534267425537,-0.16872054520971047
2021-07-19,144797.21763721184,-0.0066469791265424405,1,63.55534267425537,-0.17424604239402508
2021-07-20,145335.49050769032,0.0037174255090115516,1,63.55534267425537,-0.17117636356785337
2021-07-21,143849.8514436037,-0.0102221354116393,1,63.55534267425537,-0.17964871101183
2021-07-22,147057.98349844146,0.02230194902978755,1,63.55534267425537,-0.16135327837829527
2021-07-23,147101.05985190772,0.00029292087679633205,1,63.55534267425537,-0.16110762124527556
2021-07-26,146455.11260211357,-0.004391180120962068,1,63.55534267425537,-0.1647913487824899
2021-07-27,143849.8514436037,-0.017788803082537608,1,63.55534267425537,-0.17964871101183
2021-07-28,142407.25572428337,-0.010028482510361814,1,63.55534267425537,-0.18787558956580064
2021-07-29,144452.72233993158,0.014363499986324246,1,63.55534267425537,-0.17621064060763547
2021-07-30,137280.3838267718,-0.04965180577408268,0,,-0.21711326987894108
2021-08-02,137280.3838267718,0.0,0,,-0.21711326987894108
2021-08-03,137280.3838267718,0.0,0,,-0.21711326987894108
2021-08-04,137280.3838267718,0.0,0,,-0.21711326987894108
2021-08-05,137280.3838267718,0.0,0,,-0.21711326987894108
2021-08-06,137280.3838267718,0.0,0,,-0.21711326987894108
2021-08-09,137280.3838267718,0.0,0,,-0.21711326987894108
2021-08-10,137280.3838267718,0.0,0,,-0.21711326987894108
2021-08-11,137280.3838267718,0.0,0,,-0.21711326987894108
2021-08-12,137280.3838267718,0.0,0,,-0.21711326987894108
2021-08-13,137280.3838267718,0.0,0,,-0.21711326987894108
2021-08-16,137280.3838267718,0.0,0,,-0.21711326987894108
2021-08-17,137280.3838267718,0.0,0,,-0.21711326987894108
2021-08-18,137280.3838267718,0.0,0,,-0.21711326987894108
2021-08-19,137280.3838267718,0.0,0,,-0.21711326987894108
2021-08-20,137280.3838267718,0.0,0,,-0.21711326987894108
2021-08-23,137280.3838267718,0.0,0,,-0.21711326987894108
2021-08-24,137280.3838267718,0.0,0,,-0.21711326987894108
2021-08-25,137280.3838267718,0.0,0,,-0.21711326987894108
2021-08-26,137280.3838267718,0.0,0,,-0.21711326987894108
2021-08-27,137280.3838267718,0.0,0,,-0.21711326987894108
2021-08-30,137280.3838267718,0.0,0,,-0.21711326987894108
2021-08-31,137280.3838267718,0.0,0,,-0.21711326987894108
2021-09-01,137280.3838267718,0.0,0,,-0.21711326987894108
2021-09-02,137280.3838267718,0.0,0,,-0.21711326987894108
2021-09-03,137280.3838267718,0.0,0,,-0.21711326987894108
2021-09-06,137280.3838267718,0.0,0,,-0.21711326987894108
2021-09-08,137280.3838267718,0.0,0,,-0.21711326987894108
2021-09-09,137533.2152515568,0.0018417156023109449,1,53.53538349696568,-0.21567141517323507
2021-09-10,131275.4511287427,-0.04550002056861879,1,53.53538349696568,-0.2513583819154085
2021-09-13,133779.30049348908,0.01907324898309315,0,,-0.23707935393457535
2021-09-14,131716.7345660121,-0.015417676126788793,1,52.085425921848845,-0.2488418173660526
2021-09-15,130354.14039346136,-0.010344882729140692,1,52.085425921848845,-0.2566124606764352
2021-09-16,129968.07929781468,-0.002961632783442081,1,52.085425921848845,-0.2588141015836981
2021-09-17,129309.49066376661,-0.005067310662789315,1,52.085425921848845,-0.2625699207898522
2021-09-20,127437.52600195812,-0.014476622343800094,0,,-0.2732454175515361
2021-09-21,127437.52600195812,0.0,0,,-0.2732454175515361
2021-09-22,127755.72682828392,0.00249691622482473,1,50.73642349243164,-0.2714307722431548
2021-09-23,128596.80919297064,0.00658351985909178,1,51.22661536080496,-0.2666342222634944
2021-09-24,125830.0971387851,-0.02151462444168306,1,51.22661536080496,-0.2824123115498781
2021-09-27,125298.8854383304,-0.004221658510434101,1,51.22661536080496,-0.2854417217218064
2021-09-28,123829.10679007153,-0.011730181342931911,0,,-0.29382361990610284
2021-09-29,123829.10679007153,0.0,0,,-0.29382361990610284
2021-09-30,123829.10679007153,0.0,0,,-0.29382361990610284
2021-10-01,123829.10679007153,0.0,0,,-0.29382361990610284
2021-10-04,119112.44091603474,-0.03809012272076695,1,49.98816244942801,-0.3207219648863864
2021-10-05,118530.6047716029,-0.004884763841268236,0,,-0.32404007767047704
2021-10-06,118530.6047716029,0.0,0,,-0.32404007767047704
2021-10-07,118530.6047716029,0.0,0,,-0.32404007767047704
2021-10-08,118530.6047716029,0.0,0,,-0.32404007767047704
2021-10-11,118530.6047716029,0.0,0,,-0.32404007767047704
2021-10-13,118530.6047716029,0.0,0,,-0.32404007767047704
2021-10-14,118530.6047716029,0.0,0,,-0.32404007767047704
2021-10-15,118530.6047716029,0.0,0,,-0.32404007767047704
2021-10-18,118530.6047716029,0.0,0,,-0.32404007767047704
2021-10-19,118530.6047716029,0.0,0,,-0.32404007767047704
2021-10-20,118530.6047716029,0.0,0,,-0.32404007767047704
2021-10-21,118530.6047716029,0.0,0,,-0.32404007767047704
2021-10-22,118530.6047716029,0.0,0,,-0.32404007767047704
2021-10-25,118530.6047716029,0.0,0,,-0.32404007767047704
2021-10-26,118530.6047716029,0.0,0,,-0.32404007767047704
2021-10-27,118530.6047716029,0.0,0,,-0.32404007767047704
2021-10-28,118530.6047716029,0.0,0,,-0.32404007767047704
2021-10-29,118530.6047716029,0.0,0,,-0.32404007767047704
2021-11-01,118530.6047716029,0.0,0,,-0.32404007767047704
2021-11-03,118530.6047716029,0.0,0,,-0.32404007767047704
2021-11-04,118530.6047716029,0.0,0,,-0.32404007767047704
2021-11-05,118530.6047716029,0.0,0,,-0.32404007767047704
2021-11-08,118530.6047716029,0.0,0,,-0.32404007767047704
2021-11-09,118530.6047716029,0.0,0,,-0.32404007767047704
2021-11-10,118530.6047716029,0.0,0,,-0.32404007767047704
2021-11-11,118530.6047716029,0.0,0,,-0.32404007767047704
2021-11-12,118530.6047716029,0.0,0,,-0.32404007767047704
2021-11-16,118530.6047716029,0.0,0,,-0.32404007767047704
2021-11-17,118530.6047716029,0.0,0,,-0.32404007767047704
2021-11-18,118530.6047716029,0.0,0,,-0.32404007767047704
2021-11-19,118530.6047716029,0.0,0,,-0.32404007767047704
2021-11-22,115722.03503306056,-0.02369489081705256,1,47.916843959263396,-0.34005687422677844
2021-11-23,117278.73671529807,0.013452076623028386,1,47.916843959263396,-0.3311792687320362
2021-11-24,115919.36010135908,-0.011590989569055243,1,47.916843959263396,-0.338931562851731
2021-11-25,118638.10492598912,0.023453759771040694,1,48.09955528804234,-0.3234270225346382
2021-11-26,114801.16510675558,-0.03234154677055201,1,48.09955528804234,-0.34530843912902587
2021-11-29,114559.99189066804,-0.0021007906658723208,1,48.09955528804234,-0.346683809049129
2021-11-30,112060.49620823104,-0.02181822502940145,1,48.09955528804234,-0.36093800871864645
2021-12-01,110525.72700313598,-0.013695898706740928,1,48.09955528804234,-0.369690537018564
2021-12-02,117783.0156246156,0.06566153255226914,1,48.09955528804234,-0.32830345169700526
2021-12-03,120282.5113070526,0.02122118939799522,1,49.029107911246165,-0.3140492520274877
2021-12-06,120085.17783550614,-0.0016405832352694993,1,49.029107911246165,-0.31517461132483193
2021-12-07,118155.75009056609,-0.016067159825361665,1,49.029107911246165,-0.3261778102971413
2021-12-08,122716.22636455814,0.03859715900831295,1,49.853084972926546,-0.30017018809785057
2021-12-09,121115.66813128366,-0.013042759549333205,1,49.853084972926546,-0.3092979000599454
2021-12-10,124316.77619458466,0.026430173013050284,1,50.55655656542097,-0.29104252405805264
2021-12-13,125478.81933697719,0.009347436266957665,1,50.91700186048235,-0.2844155892357021
2021-12-14,126048.87887122619,0.004543073781385187,1,51.27531487601144,-0.2811646364607907
2021-12-15,129995.43905993227,0.031309760340970216,1,52.61543042319162,-0.2586580735037639
2021-12-16,130960.15713402627,0.007421168627687269,1,52.99116161891392,-0.2531564500564607
2021-12-17,124448.32904119966,-0.049723734571899825,1,52.99116161891392,-0.29029230050058874
2021-12-20,122781.99858624167,-0.013389737474147512,1,52.99116161891392,-0.299795100280267
2021-12-21,122562.74104080068,-0.0017857466726849403,1,52.99116161891392,-0.30104548885013915
2021-12-22,121992.68990979962,-0.004651096460149273,1,52.99116161891392,-0.30429639370275363
2021-12-23,120041.32968771712,-0.015995714362272984,1,52.99116161891392,-0.3154246698698877
2021-12-27,120699.08551754415,0.005479411395543199,1,52.99116161891392,-0.311673600004865
2021-12-28,116557.06661200481,-0.0343169037924258,0,,-0.33529483085128486
2021-12-29,116557.06661200481,0.0,0,,-0.33529483085128486
2021-12-30,116557.06661200481,0.0,0,,-0.33529483085128486
2022-01-03,116557.06661200481,0.0,0,,-0.33529483085128486
2022-01-04,116557.06661200481,0.0,0,,-0.33529483085128486
2022-01-05,116557.06661200481,0.0,0,,-0.33529483085128486
2022-01-06,116557.06661200481,0.0,0,,-0.33529483085128486
2022-01-07,116557.06661200481,0.0,0,,-0.33529483085128486
2022-01-10,116557.06661200481,0.0,0,,-0.33529483085128486
2022-01-11,116557.06661200481,0.0,0,,-0.33529483085128486
2022-01-12,116557.06661200481,0.0,0,,-0.33529483085128486
2022-01-13,116557.06661200481,0.0,0,,-0.33529483085128486
2022-01-14,116557.06661200481,0.0,0,,-0.33529483085128486
2022-01-17,116557.06661200481,0.0,0,,-0.33529483085128486
2022-01-18,116557.06661200481,0.0,0,,-0.33529483085128486
2022-01-19,116557.06661200481,0.0,0,,-0.33529483085128486
2022-01-20,116557.06661200481,0.0,0,,-0.33529483085128486
2022-01-21,116557.06661200481,0.0,0,,-0.33529483085128486
2022-01-24,116557.06661200481,0.0,0,,-0.33529483085128486
2022-01-25,116557.06661200481,0.0,0,,-0.33529483085128486
2022-01-26,118179.27966699198,0.013917758074567743,1,51.7541310446603,-0.32604362511615836
2022-01-27,117954.67936132447,-0.0019005049472327062,1,51.7541310446603,-0.3273244825408441
2022-01-28,117280.88626984388,-0.005712304888020547,1,51.7541310446603,-0.3311670101872778
2022-01-31,119649.3743961789,0.02019500535565122,1,52.543626512799946,-0.3176599243759737
2022-02-01,119792.2997291886,0.0011945347289192831,1,52.543626512799946,-0.3168448454587074
2022-02-02,119363.52373015949,-0.0035793285544933884,1,52.543626512799946,-0.31929008221050625
2022-02-03,117403.39481606962,-0.016421506778913963,1,52.543626512799946,-0.33046836473996044
2022-02-04,116831.69348403081,-0.004869546855390872,1,52.543626512799946,-0.3337286804090257
2022-02-07,113728.16190586331,-0.026564123874415202,1,52.543626512799946,-0.3514275942766104
2022-02-08,114565.29711713757,0.007360843587423727,1,52.543626512799946,-0.3466535542429614
2022-02-09,115851.6251142249,0.011227902597521489,1,52.543626512799946,-0.3393178439875646
2022-02-10,116157.90039255022,0.0026436856455258617,1,52.543626512799946,-0.33757120805545937
2022-02-11,117097.12736326625,0.008085777786460913,1,52.543626512799946,-0.33221495604444207
2022-02-14,119690.20796974681,0.022144698720371947,1,53.02208954947336,-0.3174270574360758
2022-02-15,123712.54973184639,0.033606272646098834,1,55.21746471949986,-0.2944883250274226
2022-02-16,122609.98064133669,-0.008912346345617994,1,55.21746471949986,-0.30077608942565526
2022-02-17,121323.6448187274,-0.010491281508086314,1,55.21746471949986,-0.3081118443086758
2022-02-18,119322.6823310696,-0.01649276602798644,1,55.21746471949986,-0.31952299377802784
2022-02-21,118526.38069336327,-0.0066735143909766315,1,55.21746471949986,-0.32406416687177886
2022-02-22,125733.92900628815,0.0608096549541266,1,55.667843273707796,-0.2829607420881216
2022-02-23,119159.34021127594,-0.05228969496915514,1,55.667843273707796,-0.32045450616524307
2022-02-24,114026.47565843376,-0.04307563757688937,0,,-0.3497263615746774
2022-02-25,114026.47565843376,0.0,0,,-0.3497263615746774
2022-03-02,114026.47565843376,0.0,0,,-0.3497263615746774
2022-03-03,114026.47565843376,0.0,0,,-0.3497263615746774
2022-03-04,114026.47565843376,0.0,0,,-0.3497263615746774
2022-03-07,114026.47565843376,0.0,0,,-0.3497263615746774
2022-03-08,114026.47565843376,0.0,0,,-0.3497263615746774
2022-03-09,114026.47565843376,0.0,0,,-0.3497263615746774
2022-03-10,113979.89899341056,-0.00040847237235253075,1,47.88272040230887,-0.3499919803904433
2022-03-11,114656.39638929008,0.0059352342110658984,0,,-0.3461340305549895
2022-03-14,114656.39638929008,0.0,0,,-0.3461340305549895
2022-03-15,114656.39638929008,0.0,0,,-0.3461340305549895
2022-03-16,114656.39638929008,0.0,0,,-0.3461340305549895
2022-03-17,114656.39638929008,0.0,0,,-0.3461340305549895
2022-03-18,114656.39638929008,0.0,0,,-0.3461340305549895
2022-03-21,114656.39638929008,0.0,0,,-0.3461340305549895
2022-03-22,114656.39638929008,0.0,0,,-0.3461340305549895
2022-03-23,114656.39638929008,0.0,0,,-0.3461340305549895
2022-03-24,114656.39638929008,0.0,0,,-0.3461340305549895
2022-03-25,114656.39638929008,0.0,0,,-0.3461340305549895
2022-03-28,114522.07437357414,-0.0011715178563599382,1,55.28216035025461,-0.3469000462138604
2022-03-29,116242.80419656448,0.0150253113419625,1,56.50710609980992,-0.3370870160708024
2022-03-30,115214.10966898772,-0.008849532964098628,1,56.50710609980992,-0.3429534863744128
2022-03-31,114278.92761231566,-0.00811690564080092,1,56.50710609980992,-0.34828667092712884
2022-04-01,116579.47059718079,0.020130946561465635,1,57.09505312783377,-0.3351670647261681
2022-04-04,116018.35992948693,-0.0048131173080435685,1,57.09505312783377,-0.33836698363389195
2022-04-05,113904.85622333747,-0.018216976239226246,1,57.09505312783377,-0.350419936572121
2022-04-06,110482.09907153774,-0.03004926449394396,1,57.09505312783377,-0.36993933970805815
2022-04-07,108836.17922527119,-0.014897615632744388,1,57.09505312783377,-0.37932574125040064
2022-04-08,107130.20149622978,-0.015674730050108998,0,,-0.38905464270535217
2022-04-11,107130.20149622978,0.0,0,,-0.38905464270535217
2022-04-12,107130.20149622978,0.0,0,,-0.38905464270535217
2022-04-13,107130.20149622978,0.0,0,,-0.38905464270535217
2022-04-14,107130.20149622978,0.0,0,,-0.38905464270535217
2022-04-18,107130.20149622978,0.0,0,,-0.38905464270535217
2022-04-19,107130.20149622978,0.0,0,,-0.38905464270535217
2022-04-20,107130.20149622978,0.0,0,,-0.38905464270535217
2022-04-22,107130.20149622978,0.0,0,,-0.38905464270535217
2022-04-25,107130.20149622978,0.0,0,,-0.38905464270535217
2022-04-26,107130.20149622978,0.0,0,,-0.38905464270535217
2022-04-27,107130.20149622978,0.0,0,,-0.38905464270535217
2022-04-28,107130.20149622978,0.0,0,,-0.38905464270535217
2022-04-29,107130.20149622978,0.0,0,,-0.38905464270535217
2022-05-02,107130.20149622978,0.0,0,,-0.38905464270535217
2022-05-03,107130.20149622978,0.0,0,,-0.38905464270535217
2022-05-04,107130.20149622978,0.0,0,,-0.38905464270535217
2022-05-05,107130.20149622978,0.0,0,,-0.38905464270535217
2022-05-06,107130.20149622978,0.0,0,,-0.38905464270535217
2022-05-09,107130.20149622978,0.0,0,,-0.38905464270535217
2022-05-10,107130.20149622978,0.0,0,,-0.38905464270535217
2022-05-11,107130.20149622978,0.0,0,,-0.38905464270535217
2022-05-12,107130.20149622978,0.0,0,,-0.38905464270535217
2022-05-13,107130.20149622978,0.0,0,,-0.38905464270535217
2022-05-16,107130.20149622978,0.0,0,,-0.38905464270535217
2022-05-17,107130.20149622978,0.0,0,,-0.38905464270535217
2022-05-18,107130.20149622978,0.0,0,,-0.38905464270535217
2022-05-19,107130.20149622978,0.0,0,,-0.38905464270535217
2022-05-20,107130.20149622978,0.0,0,,-0.38905464270535217
2022-05-23,107130.20149622978,0.0,0,,-0.38905464270535217
2022-05-24,106526.45259383849,-0.005635655435713316,1,50.300974300929475,-0.39249772022911356
2022-05-25,109668.08751823886,0.029491594321447323,1,51.93399797167097,-0.3745815094447562
2022-05-26,111518.37022422429,0.016871660187178117,1,52.91793360028948,-0.36402966119733027
2022-05-27,112597.70795855483,0.009678564456782945,1,53.5890599659511,-0.35787438128062654
2022-05-30,109860.82191440086,-0.024306765153349064,1,53.5890599659511,-0.37348237789378724
2022-05-31,110863.0614580625,0.009122811264260733,1,53.5890599659511,-0.36776677587357887
2022-06-01,110612.50157214708,-0.0022600844918051477,1,53.5890599659511,-0.36919567637863104
2022-06-02,108492.37889232388,-0.019167116281520458,1,53.5890599659511,-0.38128637620036765
2022-06-03,105370.02405584589,-0.028779485419679562,1,53.5890599659511,-0.3990926359154663
2022-06-06,103617.38620398959,-0.016633173120729317,0,,-0.40908763213180543
2022-06-07,103617.38620398959,0.0,0,,-0.40908763213180543
2022-06-08,103617.38620398959,0.0,0,,-0.40908763213180543
2022-06-09,103617.38620398959,0.0,0,,-0.40908763213180543
2022-06-10,103617.38620398959,0.0,0,,-0.40908763213180543
2022-06-13,103617.38620398959,0.0,0,,-0.40908763213180543
2022-06-14,103617.38620398959,0.0,0,,-0.40908763213180543
2022-06-15,103617.38620398959,0.0,0,,-0.40908763213180543
2022-06-17,103617.38620398959,0.0,0,,-0.40908763213180543
2022-06-20,103617.38620398959,0.0,0,,-0.40908763213180543
2022-06-21,103617.38620398959,0.0,0,,-0.40908763213180543
2022-06-22,103617.38620398959,0.0,0,,-0.40908763213180543
2022-06-23,103617.38620398959,0.0,0,,-0.40908763213180543
2022-06-24,103617.38620398959,0.0,0,,-0.40908763213180543
2022-06-27,103617.38620398959,0.0,0,,-0.40908763213180543
2022-06-28,103617.38620398959,0.0,0,,-0.40908763213180543
2022-06-29,103617.38620398959,0.0,0,,-0.40908763213180543
2022-06-30,103617.38620398959,0.0,0,,-0.40908763213180543
2022-07-01,103617.38620398959,0.0,0,,-0.40908763213180543
2022-07-04,103617.38620398959,0.0,0,,-0.40908763213180543
2022-07-05,103617.38620398959,0.0,0,,-0.40908763213180543
2022-07-06,103617.38620398959,0.0,0,,-0.40908763213180543
2022-07-07,103617.38620398959,0.0,0,,-0.40908763213180543
2022-07-08,103001.13017000775,-0.005947419217549377,1,50.85159655979702,-0.4126020357043524
2022-07-11,99663.04268466779,-0.03240826076209358,1,50.85159655979702,-0.4316385821023687
2022-07-12,99478.61475947559,-0.0018505146965633879,1,50.85159655979702,-0.4326903432591478
2022-07-13,101728.59727761924,0.02261775079582451,1,50.85159655979702,-0.4198590748189185
2022-07-14,100511.3955901366,-0.011965186978454723,1,50.85159655979702,-0.42680056946256384
2022-07-15,100326.97473331499,-0.001834825352277858,1,50.85159655979702,-0.42785229030962524
2022-07-18,100142.54680812279,-0.0018382685781409558,1,50.85159655979702,-0.4289040514664043
2022-07-19,100308.5262860993,0.0016574321631197542,1,50.85159655979702,-0.4279574986730774
2022-07-20,99515.50458553637,-0.00790582545596441,1,50.85159655979702,-0.4324799668419613
2022-07-21,101083.11367618771,0.015752410613603773,1,50.85159655979702,-0.4235401582482099
2022-07-22,102208.10140107424,0.011129333911204409,1,50.85159655979702,-0.4171245441829542
2022-07-25,103738.82773403537,0.014976565575310019,1,51.51276888166155,-0.40839507169667144
2022-07-26,101341.30711676032,-0.02311112116498737,1,51.51276888166155,-0.42206772487649336
2022-07-27,106044.13438871433,0.04640582804537585,1,52.96485819135393,-0.39524829909523906
2022-07-28,106117.89990409474,0.0006956114622052034,1,53.024219376700266,-0.3948276268803016
2022-07-29,106247.00369275163,0.0012166070830046394,1,53.122332027980256,-0.3940913698847255
2022-08-01,105417.09216612791,-0.007811152293985435,1,53.122332027980256,-0.39882421447079597
2022-08-02,105915.03766842802,0.004723574631667837,1,53.18311582292829,-0.3959845157810973
2022-08-03,109216.23532770721,0.031168356561546373,1,54.71056406838553,-0.3771583458002674
2022-08-04,114601.43602715353,0.04930769389081968,1,57.279183523995535,-0.34644746017253525
2022-08-05,114619.87740599863,0.00016091751974856017,1,57.303354672023225,-0.34634229211880085
2022-08-08,116925.1840606776,0.02011262537398517,1,58.46040507725307,-0.3331955195173685
2022-08-09,113974.39380456711,-0.025236567124659715,1,58.46040507725307,-0.35002337554809226
2022-08-10,117755.0955873013,0.0331715015674221,1,58.47995621817453,-0.328462674931298
2022-08-11,116021.50701867347,-0.01472198345202469,1,58.47995621817453,-0.3383490363183763
2022-08-12,117091.1635386541,0.009219467557928462,1,58.47995621817453,-0.3322489667240415
2022-08-15,118437.46194642303,0.011497865142697128,1,58.47995621817453,-0.3245712553945379
2022-08-16,116187.48649664997,-0.018997160297059335,1,58.47995621817453,-0.3374024835250494
2022-08-17,117478.46076788359,0.011111130037836148,1,58.47995621817453,-0.33004027635674893
2022-08-18,118031.73040671903,0.004709541095610614,1,58.47995621817453,-0.32688507350584706
2022-08-19,115726.42375204006,-0.01953124508753057,1,58.47995621817453,-0.34003184610727943
2022-08-22,114306.35276052014,-0.012270931265988327,1,58.47995621817453,-0.34813026996143825
2022-08-23,116685.43199895008,0.020813184752856984,1,58.47995621817453,-0.3345627848353506
2022-08-24,117773.5369661464,0.00932511409998571,1,58.47995621817453,-0.3283575068775636
2022-08-25,117386.2468052875,-0.00328843109271848,1,58.47995621817453,-0.33056615693513836
2022-08-26,113513.3310599572,-0.032992925923889915,1,58.47995621817453,-0.3526527381303223
2022-08-29,113144.48227794339,-0.0032493873500988313,1,58.47995621817453,-0.35475622013416275
2022-08-30,114767.41550513005,0.014343900776353058,1,58.47995621817453,-0.34550090737920813
2022-08-31,112167.03265218827,-0.02265784971715723,1,58.47995621817453,-0.36033044945982584
2022-09-01,115449.78893262235,0.029266676694687854,1,58.47995621817453,-0.34160944753273037
2022-09-02,115855.52047232637,0.0035143549715870304,1,58.47995621817453,-0.3392956294214211
2022-09-05,117109.60491749921,0.010824554928933194,1,58.97583443777902,-0.3321437986703071
2022-09-06,113882.17984197101,-0.027559012583142417,1,58.97583443777902,-0.3505492561264818
2022-09-08,113969.1627226198,0.0007637971170686431,0,,-0.35005320752063307
2022-09-09,113969.1627226198,0.0,0,,-0.35005320752063307
2022-09-12,115416.78372022074,0.012701865689091596,1,59.905383927481516,-0.3417976706575043
2022-09-13,112838.14209374666,-0.022341998653548578,1,59.905383927481516,-0.3565032262134369
2022-09-14,112597.85377851015,-0.0021294954948556377,0,,-0.3578735496941695
2022-09-15,110148.80410885157,-0.021750411641735856,1,58.56171580723354,-0.371840064314368
2022-09-16,109048.07680491217,-0.009993093550535903,0,,-0.3781173253163731
2022-09-19,109048.07680491217,0.0,0,,-0.3781173253163731
2022-09-20,110293.25696798853,0.011418634785315795,1,59.37502752031599,-0.3710162741748454
2022-09-21,108592.73870002863,-0.0154181526115732,1,59.37502752031599,-0.38071404124981356
2022-09-22,110556.59814624242,0.01808462950399159,0,,-0.36951448412879206
2022-09-23,111200.0511024103,0.0058201226064926725,1,59.64234120505197,-0.3658449811248039
2022-09-26,107550.76386084431,-0.03281731622771611,1,59.64234120505197,-0.3866562469166245
2022-09-27,105347.41613939896,-0.020486583659193425,1,59.64234120505197,-0.3992215650260107
2022-09-28,105687.84527727128,0.0032314901527517037,0,,-0.39728015542940665
2022-09-29,105687.84527727128,0.0,0,,-0.39728015542940665
2022-09-30,105687.84527727128,0.0,0,,-0.39728015542940665
2022-10-03,105687.84527727128,0.0,0,,-0.39728015542940665
2022-10-04,103743.85319188556,-0.01839371481446772,1,60.88411358424595,-0.4083664123634585
2022-10-05,104312.74516034356,0.005483620966012959,1,60.88411358424595,-0.40512211801809717
2022-10-06,105355.71982264223,0.009998535276734222,1,60.88411358424595,-0.3991742105297522
2022-10-07,102147.79819599676,-0.030448480937207312,1,60.88411358424595,-0.4174684431270196
2022-10-10,103253.970970095,0.010829139674413346,1,60.88411358424595,-0.41116012753288855
2022-10-11,103965.09501085599,0.0068871350329660075,1,60.88411358424595,-0.4071047078184131
2022-10-13,104170.52519495855,0.001975953410912723,1,60.88411358424595,-0.40593317434351295
2022-10-14,102084.5879772792,-0.020024255553818704,1,60.88411358424595,-0.4178289202765042
2022-10-17,104771.01621931636,0.02631570832842156,1,60.88411358424595,-0.4025086759452585
2022-10-18,106793.75532519612,0.019306285066908124,1,61.27544225965227,-0.39097333811805335
2022-10-19,109322.16407389838,0.02367562355123698,1,62.689001492091585,-0.3765542521386699
2022-10-20,106667.33488776101,-0.024284455111433623,1,62.689001492091585,-0.3916942924170226
2022-10-21,107694.49791519181,0.009629593056877273,1,62.689001492091585,-0.3858365559988226
2022-10-24,107062.39572801624,-0.005869400938879332,1,62.689001492091585,-0.38944132749366844
2022-10-25,103965.09501085599,-0.028929865580709646,1,62.689001492091585,-0.4071047078184131
2022-10-26,100156.67025293475,-0.036631763357918956,1,62.689001492091585,-0.42882350785763323
2022-10-27,105134.4780036718,0.04970021205942787,1,62.689001492091585,-0.4004359150747976
2022-10-28,105893.00062828248,0.0072147847120540565,1,62.689001492091585,-0.3961101892809825
2022-10-31,111471.31151029529,0.05267874976547726,1,63.85103784288679,-0.364298029056194
2022-11-01,111534.52172901285,0.0005670536917627977,1,63.85103784288679,-0.3639375519067094
2022-11-03,114378.98157130288,0.025502954584778692,1,65.2583533695766,-0.34771608017990296
2022-11-04,116243.68907692978,0.016302886072337097,1,66.52056721278599,-0.33708196974825855
2022-11-07,112640.70661002907,-0.030995080210472814,1,66.52056721278599,-0.35762916726887994
2022-11-08,112719.71635669652,0.000701431560980792,1,66.52056721278599,-0.3571785880929488
2022-11-09,110997.22881645463,-0.015281155736687202,1,66.52056721278599,-0.36700164219917764
2022-11-10,105401.68143683053,-0.05041159530997763,0,,-0.3989120992445131
2022-11-11,105401.68143683053,0.0,0,,-0.3989120992445131
2022-11-14,105401.68143683053,0.0,0,,-0.3989120992445131
2022-11-16,99636.28890721974,-0.05469924626454947,1,55.61518900735038,-0.4317911543545786
2022-11-17,97631.41536905432,-0.02012192104055921,0,,-0.443224607881203
2022-11-18,97631.41536905432,0.0,0,,-0.443224607881203
2022-11-21,97631.41536905432,0.0,0,,-0.443224607881203
2022-11-22,97631.41536905432,0.0,0,,-0.443224607881203
2022-11-23,97631.41536905432,0.0,0,,-0.443224607881203
2022-11-24,97631.41536905432,0.0,0,,-0.443224607881203
2022-11-25,97631.41536905432,0.0,0,,-0.443224607881203
2022-11-28,97631.41536905432,0.0,0,,-0.443224607881203
2022-11-29,97631.41536905432,0.0,0,,-0.443224607881203
2022-11-30,97631.41536905432,0.0,0,,-0.443224607881203
2022-12-01,97631.41536905432,0.0,0,,-0.443224607881203
2022-12-02,97631.41536905432,0.0,0,,-0.443224607881203
2022-12-05,97631.41536905432,0.0,0,,-0.443224607881203
2022-12-06,97631.41536905432,0.0,0,,-0.443224607881203
2022-12-07,97631.41536905432,0.0,0,,-0.443224607881203
2022-12-08,97631.41536905432,0.0,0,,-0.443224607881203
2022-12-09,97631.41536905432,0.0,0,,-0.443224607881203
2022-12-12,97631.41536905432,0.0,0,,-0.443224607881203
2022-12-13,97631.41536905432,0.0,0,,-0.443224607881203
2022-12-14,97631.41536905432,0.0,0,,-0.443224607881203
2022-12-15,97631.41536905432,0.0,0,,-0.443224607881203
2022-12-16,97631.41536905432,0.0,0,,-0.443224607881203
2022-12-19,97631.41536905432,0.0,0,,-0.443224607881203
2022-12-20,97631.41536905432,0.0,0,,-0.443224607881203
2022-12-21,97631.41536905432,0.0,0,,-0.443224607881203
2022-12-22,97631.41536905432,0.0,0,,-0.443224607881203
2022-12-23,97631.41536905432,0.0,0,,-0.443224607881203
2022-12-26,97631.41536905432,0.0,0,,-0.443224607881203
2022-12-27,97631.41536905432,0.0,0,,-0.443224607881203
2022-12-28,97631.41536905432,0.0,0,,-0.443224607881203
2022-12-29,97631.41536905432,0.0,0,,-0.443224607881203
2023-01-02,97631.41536905432,0.0,0,,-0.443224607881203
2023-01-03,97631.41536905432,0.0,0,,-0.443224607881203
2023-01-04,97631.41536905432,0.0,0,,-0.443224607881203
2023-01-05,97631.41536905432,0.0,0,,-0.443224607881203
2023-01-06,97631.41536905432,0.0,0,,-0.443224607881203
2023-01-09,97631.41536905432,0.0,0,,-0.443224607881203
2023-01-10,97631.41536905432,0.0,0,,-0.443224607881203
2023-01-11,100480.23225864906,0.029179305440016456,1,49.031465666634695,-0.42697828865308374
2023-01-12,99585.37160657335,-0.008905837814668138,1,49.031465666634695,-0.432081527078623
2023-01-13,98087.84927108522,-0.01503757340389622,1,49.031465666634695,-0.44062164280260685
2023-01-16,98160.89726585857,0.0007447201189156871,1,49.031465666634695,-0.44020506248591595
2023-01-17,101521.19588984137,0.03423255815278248,1,50.17270156315395,-0.42104184973383185
2023-01-18,105831.13941458744,0.04245363233725796,1,52.466204507010325,-0.396462973283773
2023-01-19,103931.84262349103,-0.017946483441475758,1,52.466204507010325,-0.4072943405400533
2023-01-20,100808.95871948398,-0.030047421706167254,1,52.466204507010325,-0.42510361743747827
2023-01-23,102872.6222357828,0.02047103295691466,1,52.466204507010325,-0.4133348946432299
2023-01-24,106342.49634671057,0.03372981105677342,1,52.88055624280657,-0.39354679148594396
2023-01-25,108095.69015869038,0.016486295434177567,1,53.614916120256694,-0.38354862472337636
2023-01-26,108278.31364040871,0.0016894612676068288,1,53.803578649248394,-0.3825071540014836
2023-01-27,107456.50098310635,-0.007589817662210674,1,53.803578649248394,-0.3871938121103319
2023-01-30,106835.58254317801,-0.005778323640241667,1,53.803578649248394,-0.39073480459270116
2023-01-31,108132.217650862,0.012136734567436358,1,54.37882532392229,-0.3833403146348655
2023-02-01,106890.36679186556,-0.011484559236601855,1,54.37882532392229,-0.3904223793202657
2023-02-02,109848.89096024008,0.02767811784325991,1,55.08435426439558,-0.37355041810047807
2023-02-03,105794.6189119857,-0.03690771943907767,1,55.08435426439558,-0.39667124351195315
2023-02-06,105575.46793809575,-0.0020714756208183305,1,55.08435426439558,-0.39792102432235676
2023-02-07,104625.81604776261,-0.008995005268553236,1,55.08435426439558,-0.4033367278806623
2023-02-08,106926.89428403717,0.02199340777637615,1,55.08435426439558,-0.39021406923175483
2023-02-09,103493.54067571113,-0.032109355006662677,1,55.08435426439558,-0.40979390216086065
2023-02-10,103749.2191417727,0.0024704775234496434,1,55.08435426439558,-0.40833581126194607
2023-02-13,103365.70843225023,-0.0036965165877383965,1,55.08435426439558,-0.4105229077499871
2023-02-14,100778.22498550275,-0.025032319576694273,0,,-0.42527888670632985
2023-02-15,100778.22498550275,0.0,0,,-0.42527888670632985
2023-02-16,100778.22498550275,0.0,0,,-0.42527888670632985
2023-02-17,100837.03450392866,0.0005835538226077741,1,52.45445878165109,-0.424943506003734
2023-02-22,97079.02689057811,-0.03726812903451793,1,52.45445878165109,-0.44637478562412425
2023-02-23,96531.99081073575,-0.005634956358379517,0,,-0.44949443954603086
2023-02-24,96531.99081073575,0.0,0,,-0.44949443954603086
2023-02-27,96531.99081073575,0.0,0,,-0.44949443954603086
2023-02-28,96531.99081073575,0.0,0,,-0.44949443954603086
2023-03-01,96531.99081073575,0.0,0,,-0.44949443954603086
2023-03-02,96531.99081073575,0.0,0,,-0.44949443954603086
2023-03-03,96531.99081073575,0.0,0,,-0.44949443954603086
2023-03-06,96531.99081073575,0.0,0,,-0.44949443954603086
2023-03-07,96531.99081073575,0.0,0,,-0.44949443954603086
2023-03-08,96531.99081073575,0.0,0,,-0.44949443954603086
2023-03-09,96531.99081073575,0.0,0,,-0.44949443954603086
2023-03-10,96531.99081073575,0.0,0,,-0.44949443954603086
2023-03-13,96531.99081073575,0.0,0,,-0.44949443954603086
2023-03-14,96531.99081073575,0.0,0,,-0.44949443954603086
2023-03-15,96531.99081073575,0.0,0,,-0.44949443954603086
2023-03-16,96531.99081073575,0.0,0,,-0.44949443954603086
2023-03-17,94076.63481382588,-0.025435671390264147,1,49.19592039925711,-0.4634969180802513
2023-03-20,93883.0840679431,-0.0020573731858692934,0,,-0.4646007051351292
2023-03-21,93883.0840679431,0.0,0,,-0.4646007051351292
2023-03-22,93883.0840679431,0.0,0,,-0.4646007051351292
2023-03-23,93883.0840679431,0.0,0,,-0.4646007051351292
2023-03-24,93883.0840679431,0.0,0,,-0.4646007051351292
2023-03-27,93883.0840679431,0.0,0,,-0.4646007051351292
2023-03-28,93883.0840679431,0.0,0,,-0.4646007051351292
2023-03-29,93883.0840679431,0.0,0,,-0.4646007051351292
2023-03-30,93883.0840679431,0.0,0,,-0.4646007051351292
2023-03-31,91098.23174140738,-0.029662982998303833,1,48.30133792332241,-0.4804822453160096
2023-04-03,88880.48595581467,-0.02434455360108445,1,48.30133792332241,-0.49312967314162914
2023-04-04,89377.41973341684,0.0055910335351812,0,,-0.4902957441461756
2023-04-05,89377.41973341684,0.0,0,,-0.4902957441461756
2023-04-06,89377.41973341684,0.0,0,,-0.4902957441461756
2023-04-10,89377.41973341684,0.0,0,,-0.4902957441461756
2023-04-11,89377.41973341684,0.0,0,,-0.4902957441461756
2023-04-12,89915.97203935446,0.006025596929783106,1,51.47934641156878,-0.48722447174700545
2023-04-13,90619.65879800885,0.007826048506114125,1,52.145114762442454,-0.48321146559014916
2023-04-14,89806.50620025743,-0.008973247179885568,1,52.145114762442454,-0.48784873684913954
2023-04-17,90510.19893771126,0.007835654310887952,1,52.1673218863351,-0.48383569659620473
2023-04-18,88930.80340267895,-0.017449917838753604,1,52.1673218863351,-0.49284272128189854
2023-04-19,85772.01831141379,-0.03551958343344963,1,52.1673218863351,-0.5108567365572074
2023-04-20,88383.49214359214,0.030446687434785957,1,52.1673218863351,-0.49596394450433356
2023-04-24,88352.21106487919,-0.0003539244484946913,1,52.1673218863351,-0.49614233518729633
2023-04-25,87883.09054497589,-0.005309663609423532,1,52.1673218863351,-0.4988176498944814
2023-04-26,88508.59254324621,0.007117432880335617,1,52.1673218863351,-0.49525051815679655
2023-04-27,90134.89773874907,0.018374545891781446,1,52.68645232064383,-0.48597597563881567
2023-04-28,90713.4840977494,0.006419115941944442,1,53.071647371564595,-0.4826763958294964
2023-05-02,87617.24920631127,-0.034132024827772556,1,53.071647371564595,-0.5003336979310369
2023-05-03,88586.77730363028,0.011065493451364539,1,53.071647371564595,-0.4948046437376252
2023-05-04,90072.34753892204,0.016769661122223445,1,53.36099215916225,-0.4863326888125842
2023-05-05,91245.16079627917,0.013020791501524354,1,54.128889492579866,-0.4796443338524643
2023-05-08,90979.32543641402,-0.002913418723198724,1,54.128889492579866,-0.48116034779294103
2023-05-09,92152.1446725706,0.012891052231160716,1,54.563262939453125,-0.4744719587367425
2023-05-10,93903.55026772754,0.019005586916939654,1,55.77515452248709,-0.46448398987122475
2023-05-11,96702.67469938699,0.029808504829464955,1,57.54328373500279,-0.44852105829704536
2023-05-12,96217.90766132776,-0.0050129641146554604,1,57.54328373500279,-0.4512856024417905
2023-05-15,95795.69082309556,-0.004388131570251308,1,57.54328373500279,-0.453693433412767
2023-05-16,95592.40566305742,-0.0021220699834353374,1,57.54328373500279,-0.45485273417947547
2023-05-17,97343.81125821435,0.018321597652121602,1,57.73320729391916,-0.4448647653139576
2023-05-18,98422.80519463039,0.01108436091077114,1,58.3521603175572,-0.43871144601841183
2023-05-19,99001.39155363072,0.005878580252373089,1,58.740918023245676,-0.43541186620909256
2023-05-22,99001.39155363072,0.0,1,58.88879680633545,-0.43541186620909256
2023-05-23,98516.63049437094,-0.004896507530373184,1,58.88879680633545,-0.43817637625775907
2023-05-24,98016.22889575468,-0.005079361688530848,1,58.88879680633545,-0.441030081647907
2023-05-25,99986.56019030622,0.020102092446824038,1,59.13965824672154,-0.42979361667419946
2023-05-26,100455.68071020952,0.004691835772832054,1,59.34989193507603,-0.4271183019670143
2023-05-29,100440.05212845193,-0.00015557688372713763,1,59.58579117911203,-0.4272074291163386
2023-05-30,98845.01605406315,-0.0158804783608526,1,59.58579117911203,-0.4363036491435137
2023-05-31,97015.42569852214,-0.018509687474179914,1,59.58579117911203,-0.44673749242820293
2023-06-01,102472.92764403106,0.05625396071000344,1,60.4142633165632,-0.41561428506494114
2023-06-02,103442.46172014951,0.009461367976978385,1,60.73710468837193,-0.41008519677545097
2023-06-05,103974.13243987985,0.005139772496604911,1,61.343579973493306,-0.4070531688944973
2023-06-06,106022.66045241435,0.019702285217133353,1,62.504519190107075,-0.39537076130946136
2023-06-07,105631.71871409567,-0.0036873413348662565,1,62.504519190107075,-0.39760023569355374
2023-06-09,106616.88137197171,0.009326390499642567,1,62.55226475851877,-0.39198202025473927
2023-06-12,105131.31711547941,-0.013933668265059929,1,62.55226475851877,-0.4004539410837016
2023-06-13,102926.41958217676,-0.02097279472757596,1,62.55226475851877,-0.41302809750708036
2023-06-14,104896.75685552775,0.019143163449670597,1,62.55226475851877,-0.4017915984372943
2023-06-15,104208.7046574304,-0.006559327654381164,1,62.55226475851877,-0.40571544334874765
2023-06-16,101769.23490657721,-0.023409462375264645,1,62.55226475851877,-0.41962732531787594
2023-06-19,105741.17857439326,0.03902892334271968,1,62.55226475851877,-0.39697600468749805
2023-06-20,104881.11631617128,-0.008133654928168754,1,62.55226475851877,-0.4018807937787756
2023-06-21,105365.87737543105,0.004622005145315411,1,62.55226475851877,-0.3991162837301091
2023-06-22,106100.83923399897,0.006975330883917552,1,62.75394494192941,-0.39492492098636856
2023-06-23,105553.52797491215,-0.005158406503079083,1,62.75394494192941,-0.3980461442088036
2023-06-26,105553.52797491215,0.0,1,62.75394494192941,-0.3980461442088036
2023-06-27,104099.23283953391,-0.013777797514488488,1,62.75394494192941,-0.40633974254696037
2023-06-28,103755.21271928468,-0.0033047325217038237,1,62.75394494192941,-0.40830163090660854
2023-06-29,106804.53197145282,0.029389552315007395,1,63.66972623552595,-0.39091188073343375
2023-06-30,107117.28297058798,0.002928255883549502,1,63.928068433489116,-0.3891283148645912
2023-07-03,108102.45758606293,0.009197158368416058,1,64.69561740330288,-0.3835100312336196
2023-07-04,107820.97570804183,-0.0026038434676380895,1,64.69561740330288,-0.3851152746116564
2023-07-05,109275.27084342008,0.013488053932253274,1,65.27109391348702,-0.3768216762734996
2023-07-06,108290.10818554403,-0.0090154217900561,1,65.27109391348702,-0.3824398917123142
2023-07-07,109681.84116349634,0.01285189387351715,1,65.91533987862724,-0.37450307474008304
2023-07-10,109040.71058346842,-0.005845366682641906,1,65.91533987862724,-0.3781593336270923
2023-07-11,108634.12830579326,-0.0037287199936570925,1,65.91533987862724,-0.380478003352666
2023-07-12,109775.67244203633,0.010508153874349224,1,65.93423107692173,-0.37396797088335176
2023-07-13,109650.57204238226,-0.0011396003947971023,1,65.93423107692173,-0.3746813972308888
2023-07-14,107086.01384947392,-0.023388461593406795,1,65.93423107692173,-0.38930663735539695
2023-07-17,108493.38736678271,0.013142458727496198,1,65.93423107692173,-0.38128062504168436
2023-07-18,108274.46764618755,-0.002017816255059479,1,65.93423107692173,-0.3825290870537955
2023-07-19,108618.48776643678,0.0031772968062369067,1,65.93423107692173,-0.38056719869414735
2023-07-20,109431.6403641882,0.007486318530782299,1,65.93423107692173,-0.37592992743515696
2023-07-21,109978.96358087391,0.0050015079264480455,1,66.03542900085449,-0.3728086360205649
2023-07-24,108759.22870544733,-0.011090619839580929,1,66.03542900085449,-0.379764577005129
2023-07-25,106585.61225085765,-0.019985581733725666,1,66.03542900085449,-0.3921603427455449
2023-07-26,106413.59023313413,-0.0016139328197378733,1,66.03542900085449,-0.3931413551175261
2023-07-27,103342.50404204465,-0.028859905810538433,0,,-0.4106552384491453
2023-07-28,103342.50404204465,0.0,0,,-0.4106552384491453
2023-07-31,103342.50404204465,0.0,0,,-0.4106552384491453
2023-08-01,103342.50404204465,0.0,0,,-0.4106552384491453
2023-08-02,103342.50404204465,0.0,0,,-0.4106552384491453
2023-08-03,103342.50404204465,0.0,0,,-0.4106552384491453
2023-08-04,103342.50404204465,0.0,0,,-0.4106552384491453
2023-08-07,103342.50404204465,0.0,0,,-0.4106552384491453
2023-08-08,103342.50404204465,0.0,0,,-0.4106552384491453
2023-08-09,103342.50404204465,0.0,0,,-0.4106552384491453
2023-08-10,103342.50404204465,0.0,0,,-0.4106552384491453
2023-08-11,103342.50404204465,0.0,0,,-0.4106552384491453
2023-08-14,103342.50404204465,0.0,0,,-0.4106552384491453
2023-08-15,103342.50404204465,0.0,0,,-0.4106552384491453
2023-08-16,103342.50404204465,0.0,0,,-0.4106552384491453
2023-08-17,103342.50404204465,0.0,0,,-0.4106552384491453
2023-08-18,103342.50404204465,0.0,0,,-0.4106552384491453
2023-08-21,103342.50404204465,0.0,0,,-0.4106552384491453
2023-08-22,103342.50404204465,0.0,0,,-0.4106552384491453
2023-08-23,103342.50404204465,0.0,0,,-0.4106552384491453
2023-08-24,103342.50404204465,0.0,0,,-0.4106552384491453
2023-08-25,103342.50404204465,0.0,0,,-0.4106552384491453
2023-08-28,103342.50404204465,0.0,0,,-0.4106552384491453
2023-08-29,103342.50404204465,0.0,0,,-0.4106552384491453
2023-08-30,103342.50404204465,0.0,0,,-0.4106552384491453
2023-08-31,103342.50404204465,0.0,0,,-0.4106552384491453
2023-09-01,103342.50404204465,0.0,0,,-0.4106552384491453
2023-09-04,103342.50404204465,0.0,0,,-0.4106552384491453
2023-09-05,103342.50404204465,0.0,0,,-0.4106552384491453
2023-09-06,103342.50404204465,0.0,0,,-0.4106552384491453
2023-09-08,103342.50404204465,0.0,0,,-0.4106552384491453
2023-09-11,103342.50404204465,0.0,0,,-0.4106552384491453
2023-09-12,103342.50404204465,0.0,0,,-0.4106552384491453
2023-09-13,103342.50404204465,0.0,0,,-0.4106552384491453
2023-09-14,103342.50404204465,0.0,0,,-0.4106552384491453
2023-09-15,103342.50404204465,0.0,0,,-0.4106552384491453
2023-09-18,103342.50404204465,0.0,0,,-0.4106552384491453
2023-09-19,103342.50404204465,0.0,0,,-0.4106552384491453
2023-09-20,103342.50404204465,0.0,0,,-0.4106552384491453
2023-09-21,103342.50404204465,0.0,0,,-0.4106552384491453
2023-09-22,103342.50404204465,0.0,0,,-0.4106552384491453
2023-09-25,103342.50404204465,0.0,0,,-0.4106552384491453
2023-09-26,103342.50404204465,0.0,0,,-0.4106552384491453
2023-09-27,103342.50404204465,0.0,0,,-0.4106552384491453
2023-09-28,103342.50404204465,0.0,0,,-0.4106552384491453
2023-09-29,103342.50404204465,0.0,0,,-0.4106552384491453
2023-10-02,103342.50404204465,0.0,0,,-0.4106552384491453
2023-10-03,103342.50404204465,0.0,0,,-0.4106552384491453
2023-10-04,103342.50404204465,0.0,0,,-0.4106552384491453
2023-10-05,103342.50404204465,0.0,0,,-0.4106552384491453
2023-10-06,103342.50404204465,0.0,0,,-0.4106552384491453
2023-10-09,103342.50404204465,0.0,0,,-0.4106552384491453
2023-10-10,103342.50404204465,0.0,0,,-0.4106552384491453
2023-10-11,103342.50404204465,0.0,0,,-0.4106552384491453
2023-10-13,103342.50404204465,0.0,0,,-0.4106552384491453
2023-10-16,103342.50404204465,0.0,0,,-0.4106552384491453
2023-10-17,103342.50404204465,0.0,0,,-0.4106552384491453
2023-10-18,103342.50404204465,0.0,0,,-0.4106552384491453
2023-10-19,103342.50404204465,0.0,0,,-0.4106552384491453
2023-10-20,103342.50404204465,0.0,0,,-0.4106552384491453
2023-10-23,103342.50404204465,0.0,0,,-0.4106552384491453
2023-10-24,103342.50404204465,0.0,0,,-0.4106552384491453
2023-10-25,103342.50404204465,0.0,0,,-0.4106552384491453
2023-10-26,103342.50404204465,0.0,0,,-0.4106552384491453
2023-10-27,103342.50404204465,0.0,0,,-0.4106552384491453
2023-10-30,103342.50404204465,0.0,0,,-0.4106552384491453
2023-10-31,103342.50404204465,0.0,0,,-0.4106552384491453
2023-11-01,103342.50404204465,0.0,0,,-0.4106552384491453
2023-11-03,103342.50404204465,0.0,0,,-0.4106552384491453
2023-11-06,103342.50404204465,0.0,0,,-0.4106552384491453
2023-11-07,103342.50404204465,0.0,0,,-0.4106552384491453
2023-11-08,103243.52931071597,-0.0009577349827754045,1,51.456644194466726,-0.41121967454419805
2023-11-09,102778.46983981763,-0.004504490247507209,1,51.456644194466726,-0.41387182977813775
2023-11-10,103775.91846676316,0.009704840211185006,0,,-0.4081835495428603
2023-11-13,101240.50826173695,-0.024431585308861803,1,52.39672974177769,-0.4226425636393917
2023-11-14,108014.28792713689,0.06690779986887962,1,54.25192192622593,-0.3840128478345668
2023-11-16,111492.71570078,0.032203404201391894,1,55.97511168888637,-0.36417596459051904
2023-11-17,111309.63981889373,-0.0016420434351747115,1,55.97511168888637,-0.36522001527378956
2023-11-20,111456.09632974397,0.0013157576566462659,1,56.15135220118931,-0.3643847986486002
2023-11-21,109918.26451477772,-0.013797646477915038,1,56.15135220118931,-0.3731547924928357
2023-11-22,110211.18452757616,0.0026648893529341855,1,56.15135220118931,-0.371484319373412
2023-11-23,111163.17631694554,0.008637887283855283,1,56.15135220118931,-0.3660552717680239
2023-11-24,109478.88799112904,-0.015151495140929505,1,56.15135220118931,-0.37566048223744863
2023-11-27,108014.28792713689,-0.013377922363541295,1,56.15135220118931,-0.3840128478345668
2023-11-28,108124.13205804906,0.0010169407494151628,1,56.15135220118931,-0.3833864253984135
2023-11-29,108435.3617563655,0.002878448061431449,1,56.15135220118931,-0.3816115352499493
2023-11-30,109918.26451477772,0.013675453601049714,1,56.15135220118931,-0.3731547924928357
2023-12-01,111199.79568798156,0.011658946571445838,1,56.45389338902065,-0.36584643770994274
2023-12-04,111035.02250051536,-0.0014817759911046613,1,56.458528654915945,-0.3667861112332177
2023-12-05,111309.63981889373,0.002473249540495992,1,57.30942249298096,-0.36522001527378956
2023-12-06,111803.93840799849,0.004440752749797827,1,57.80033343178885,-0.3624011143111
2023-12-07,112572.85431548161,0.006877359764172031,1,58.22524438585554,-0.3580161173889823
2023-12-08,111822.24809351651,-0.006667737320238509,1,58.22524438585554,-0.3622966972820594
2023-12-11,111913.78253891066,0.0008185709637817951,1,58.22524438585554,-0.3617746918749467
2023-12-12,110797.02455317302,-0.009978735061960453,1,58.22524438585554,-0.3681433731345647
2023-12-13,115190.83173624743,0.03965636442669784,1,59.39330523354666,-0.3430862364741649
2023-12-14,119566.32923380384,0.037984772152483304,1,61.48111302512033,-0.3181335168428058
2023-12-15,117241.27182583646,-0.019445753857851522,1,61.48111302512033,-0.33139292463819936
2023-12-18,117845.41454585339,0.005152986747827049,1,61.48111302512033,-0.3279476012393566
2023-12-19,117808.80915701325,-0.0003106220889561584,1,61.48111302512033,-0.32815635555934763
2023-12-20,115721.74969638821,-0.017715648562778075,1,61.48111302512033,-0.3400585014533942
2023-12-21,118138.34154974976,0.020882780114384714,1,61.48111302512033,-0.32627708825088797
2023-12-22,118120.0248731338,-0.00015504430124613222,1,61.48111302512033,-0.32638154514897355
2023-12-26,117534.18484753695,-0.0049597011702806615,1,61.48111302512033,-0.32972249138782084
2023-12-27,116558.08775245312,-0.008304793165920143,1,61.48111302512033,-0.3352890074606133
2023-12-28,116558.08775245312,0.0,1,61.48111302512033,-0.3352890074606133
2024-01-02,112505.84838553639,-0.034765836031240616,0,,-0.3583982408354007
2024-01-03,112505.84838553639,0.0,0,,-0.3583982408354007
2024-01-04,112505.84838553639,0.0,0,,-0.3583982408354007
2024-01-05,112505.84838553639,0.0,0,,-0.3583982408354007
2024-01-08,112505.84838553639,0.0,0,,-0.3583982408354007
2024-01-09,112013.23985382794,-0.00437851488413632,1,58.352011816842214,-0.3612075036875909
2024-01-10,113435.68903141994,0.012698937906342467,1,59.17211546216692,-0.35309551744188217
2024-01-11,109852.55868903005,-0.03158732822963173,1,59.17211546216692,-0.37352950166566556
2024-01-12,109076.50525810404,-0.007064500273706531,0,,-0.3779552026726175
2024-01-15,109216.61776421996,0.0012845342430469753,1,56.94250447409494,-0.37715616482974124
2024-01-16,107502.02767225026,-0.015698985438930224,0,,-0.3869341811288066
2024-01-17,107502.02767225026,0.0,0,,-0.3869341811288066
2024-01-18,107502.02767225026,0.0,0,,-0.3869341811288066
2024-01-19,107502.02767225026,0.0,0,,-0.3869341811288066
2024-01-22,107502.02767225026,0.0,0,,-0.3869341811288066
2024-01-23,107502.02767225026,0.0,0,,-0.3869341811288066
2024-01-24,107502.02767225026,0.0,0,,-0.3869341811288066
2024-01-25,107502.02767225026,0.0,0,,-0.3869341811288066
2024-01-26,107502.02767225026,0.0,0,,-0.3869341811288066
2024-01-29,107502.02767225026,0.0,0,,-0.3869341811288066
2024-01-30,107502.02767225026,0.0,0,,-0.3869341811288066
2024-01-31,107502.02767225026,0.0,0,,-0.3869341811288066
2024-02-01,107502.02767225026,0.0,0,,-0.3869341811288066
2024-02-02,107502.02767225026,0.0,0,,-0.3869341811288066
2024-02-05,107502.02767225026,0.0,0,,-0.3869341811288066
2024-02-06,107502.02767225026,0.0,0,,-0.3869341811288066
2024-02-07,107502.02767225026,0.0,0,,-0.3869341811288066
2024-02-08,107502.02767225026,0.0,0,,-0.3869341811288066
2024-02-09,107502.02767225026,0.0,0,,-0.3869341811288066
2024-02-14,107502.02767225026,0.0,0,,-0.3869341811288066
2024-02-15,107502.02767225026,0.0,0,,-0.3869341811288066
2024-02-16,107502.02767225026,0.0,0,,-0.3869341811288066
2024-02-19,107502.02767225026,0.0,0,,-0.3869341811288066
2024-02-20,107502.02767225026,0.0,0,,-0.3869341811288066
2024-02-21,107502.02767225026,0.0,0,,-0.3869341811288066
2024-02-22,107502.02767225026,0.0,0,,-0.3869341811288066
2024-02-23,107502.02767225026,0.0,0,,-0.3869341811288066
2024-02-26,107502.02767225026,0.0,0,,-0.3869341811288066
2024-02-27,107502.02767225026,0.0,0,,-0.3869341811288066
2024-02-28,107502.02767225026,0.0,0,,-0.3869341811288066
2024-02-29,107502.02767225026,0.0,0,,-0.3869341811288066
2024-03-01,107502.02767225026,0.0,0,,-0.3869341811288066
2024-03-04,107502.02767225026,0.0,0,,-0.3869341811288066
2024-03-05,107502.02767225026,0.0,0,,-0.3869341811288066
2024-03-06,107502.02767225026,0.0,0,,-0.3869341811288066
2024-03-07,107502.02767225026,0.0,0,,-0.3869341811288066
2024-03-08,107523.08753103283,0.0001959019679775853,1,49.18500123705183,-0.38681408032839004
2024-03-11,106816.40807194596,-0.006572350881227318,0,,-0.3908441533478999
2024-03-12,106816.40807194596,0.0,0,,-0.3908441533478999
2024-03-13,108245.3444082021,0.01337749847657932,1,50.3375004359654,-0.38269517193731195
2024-03-14,107093.37196857086,-0.010642235432196112,1,50.3375004359654,-0.3892646752509864
2024-03-15,104868.882608595,-0.020771494249230416,1,50.3375004359654,-0.40195056053681244
2024-03-18,104332.62036013626,-0.005113645107293063,1,50.3375004359654,-0.4050087731268428
2024-03-19,104830.57244088166,0.0047727362643299465,0,,-0.40216903692138706
2024-03-20,104830.57244088166,0.0,0,,-0.40216903692138706
2024-03-21,102428.25325043658,-0.022916207882007433,1,51.06714153289795,-0.4158690555495972
2024-03-22,100563.49329101256,-0.01820552338098247,1,51.06714153289795,-0.4265034651163444
2024-03-25,99747.66650679948,-0.008112554143800854,0,,-0.4311559868068702
2024-03-26,102702.38549681219,0.029621935965903567,1,49.9121424811227,-0.4143057258734758
2024-03-27,101882.80698824879,-0.007980131178051741,0,,-0.41897964301123924
2024-03-28,103355.77920370655,0.01445751505087256,1,50.96749809810093,-0.41057953245521084
2024-04-01,99518.68877858193,-0.03712506890942213,1,50.96749809810093,-0.4324618079294349
2024-04-02,99121.74267109095,-0.003988658937962297,1,50.96749809810093,-0.43472552421187216
2024-04-03,98006.52823874474,-0.011250956675032953,1,50.96749809810093,-0.4410854028484663
2024-04-04,100955.23263880824,0.03008681618514686,1,50.96749809810093,-0.4242694421007728
2024-04-05,100520.48900728559,-0.004306301121389633,1,50.96749809810093,-0.4267487112478725
2024-04-08,101881.43060893271,0.013538947284154945,1,50.96749809810093,-0.41898749226888354
2024-04-09,104565.50186716362,0.02634504877079702,1,51.38785334995815,-0.4036806894162642
2024-04-10,101295.46803922002,-0.03127258770390384,1,51.38785334995815,-0.4223291373560255
2024-04-11,101143.5248371612,-0.0014999999999999458,0,,-0.4231956436499915
2024-04-12,101143.5248371612,0.0,0,,-0.4231956436499915
2024-04-15,101143.5248371612,0.0,0,,-0.4231956436499915
2024-04-16,101143.5248371612,0.0,0,,-0.4231956436499915
2024-04-17,101143.5248371612,0.0,0,,-0.4231956436499915
2024-04-18,101143.5248371612,0.0,0,,-0.4231956436499915
2024-04-19,101143.5248371612,0.0,0,,-0.4231956436499915
2024-04-22,101143.5248371612,0.0,0,,-0.4231956436499915
2024-04-23,101143.5248371612,0.0,0,,-0.4231956436499915
2024-04-24,101143.5248371612,0.0,0,,-0.4231956436499915
2024-04-25,101143.5248371612,0.0,0,,-0.4231956436499915
2024-04-26,101143.5248371612,0.0,0,,-0.4231956436499915
2024-04-29,101143.5248371612,0.0,0,,-0.4231956436499915
2024-04-30,101143.5248371612,0.0,0,,-0.4231956436499915
2024-05-02,101143.5248371612,0.0,0,,-0.4231956436499915
2024-05-03,101143.5248371612,0.0,0,,-0.4231956436499915
2024-05-06,101143.5248371612,0.0,0,,-0.4231956436499915
2024-05-07,101143.5248371612,0.0,0,,-0.4231956436499915
2024-05-08,101143.5248371612,0.0,0,,-0.4231956436499915
2024-05-09,101143.5248371612,0.0,0,,-0.4231956436499915
2024-05-10,101143.5248371612,0.0,0,,-0.4231956436499915
2024-05-13,101143.5248371612,0.0,0,,-0.4231956436499915
2024-05-14,101143.5248371612,0.0,0,,-0.4231956436499915
2024-05-15,101143.5248371612,0.0,0,,-0.4231956436499915
2024-05-16,101143.5248371612,0.0,0,,-0.4231956436499915
2024-05-17,101143.5248371612,0.0,0,,-0.4231956436499915
2024-05-20,101143.5248371612,0.0,0,,-0.4231956436499915
2024-05-21,101143.5248371612,0.0,0,,-0.4231956436499915
2024-05-22,101143.5248371612,0.0,0,,-0.4231956436499915
2024-05-23,101143.5248371612,0.0,0,,-0.4231956436499915
2024-05-24,101143.5248371612,0.0,0,,-0.4231956436499915
2024-05-27,101143.5248371612,0.0,0,,-0.4231956436499915
2024-05-28,101143.5248371612,0.0,0,,-0.4231956436499915
2024-05-29,101143.5248371612,0.0,0,,-0.4231956436499915
2024-05-31,101143.5248371612,0.0,0,,-0.4231956436499915
2024-06-03,101143.5248371612,0.0,0,,-0.4231956436499915
2024-06-04,101143.5248371612,0.0,0,,-0.4231956436499915
2024-06-05,101143.5248371612,0.0,0,,-0.4231956436499915
2024-06-06,101143.5248371612,0.0,0,,-0.4231956436499915
2024-06-07,101143.5248371612,0.0,0,,-0.4231956436499915
2024-06-10,101143.5248371612,0.0,0,,-0.4231956436499915
2024-06-11,101143.5248371612,0.0,0,,-0.4231956436499915
2024-06-12,101143.5248371612,0.0,0,,-0.4231956436499915
2024-06-13,101143.5248371612,0.0,0,,-0.4231956436499915
2024-06-14,101143.5248371612,0.0,0,,-0.4231956436499915
2024-06-17,101143.5248371612,0.0,0,,-0.4231956436499915
2024-06-18,101143.5248371612,0.0,0,,-0.4231956436499915
2024-06-19,101143.5248371612,0.0,0,,-0.4231956436499915
2024-06-20,101143.5248371612,0.0,0,,-0.4231956436499915
2024-06-21,101143.5248371612,0.0,0,,-0.4231956436499915
2024-06-24,101143.5248371612,0.0,0,,-0.4231956436499915
2024-06-25,101143.5248371612,0.0,0,,-0.4231956436499915
2024-06-26,101143.5248371612,0.0,0,,-0.4231956436499915
2024-06-27,101143.5248371612,0.0,0,,-0.4231956436499915
2024-06-28,101143.5248371612,0.0,0,,-0.4231956436499915
2024-07-01,101143.5248371612,0.0,0,,-0.4231956436499915
2024-07-02,101143.5248371612,0.0,0,,-0.4231956436499915
2024-07-03,101143.5248371612,0.0,0,,-0.4231956436499915
2024-07-04,101143.5248371612,0.0,0,,-0.4231956436499915
2024-07-05,101143.5248371612,0.0,0,,-0.4231956436499915
2024-07-08,100692.08081864615,-0.0044634000964655085,1,40.14697333744594,-0.4257701522697659
2024-07-09,102491.79899513256,0.017873482818652198,1,40.76085131508963,-0.4155066649524023
2024-07-10,104406.89094336955,0.018685318893933545,1,41.58309704916818,-0.40458522059565916
2024-07-11,107521.78914140881,0.02983422042256567,1,43.17492689405169,-0.38682148482405676
2024-07-12,107752.52788312694,0.0021459719333229987,1,43.3334139415196,-0.38550562094037255
2024-07-15,107152.6159564428,-0.005567497472865224,1,43.3334139415196,-0.3889268168428769
2024-07-16,105814.36646160965,-0.012489191074692374,1,43.3334139415196,-0.3965586265879466
2024-07-17,104130.0132550908,-0.015918001145241,1,43.3334139415196,-0.40616420706100553
2024-07-18,99834.70857592778,-0.041249439473715066,0,,-0.4306596006591682
2024-07-19,99834.70857592778,0.0,0,,-0.4306596006591682
2024-07-22,99834.70857592778,0.0,0,,-0.4306596006591682
2024-07-23,99834.70857592778,0.0,0,,-0.4306596006591682
2024-07-24,99834.70857592778,0.0,0,,-0.4306596006591682
2024-07-25,99834.70857592778,0.0,0,,-0.4306596006591682
2024-07-26,99834.70857592778,0.0,0,,-0.4306596006591682
2024-07-29,99834.70857592778,0.0,0,,-0.4306596006591682
2024-07-30,99834.70857592778,0.0,0,,-0.4306596006591682
2024-07-31,99834.70857592778,0.0,0,,-0.4306596006591682
2024-08-01,99834.70857592778,0.0,0,,-0.4306596006591682
2024-08-02,99834.70857592778,0.0,0,,-0.4306596006591682
2024-08-05,99834.70857592778,0.0,0,,-0.4306596006591682
2024-08-06,99834.70857592778,0.0,0,,-0.4306596006591682
2024-08-07,99834.70857592778,0.0,0,,-0.4306596006591682
2024-08-08,99834.70857592778,0.0,0,,-0.4306596006591682
2024-08-09,99834.70857592778,0.0,0,,-0.4306596006591682
2024-08-12,99834.70857592778,0.0,0,,-0.4306596006591682
2024-08-13,99834.70857592778,0.0,0,,-0.4306596006591682
2024-08-14,99834.70857592778,0.0,0,,-0.4306596006591682
2024-08-15,99834.70857592778,0.0,0,,-0.4306596006591682
2024-08-16,99834.70857592778,0.0,0,,-0.4306596006591682
2024-08-19,99834.70857592778,0.0,0,,-0.4306596006591682
2024-08-20,97997.53902045953,-0.01840211266877212,1,37.52607236589704,-0.44113666683472186
2024-08-21,98055.48950096079,0.0005913462835955841,0,,-0.4408061850796168
2024-08-22,94811.53390238906,-0.03308285558596846,1,37.26536015101841,-0.4593059133031946
2024-08-23,95459.36139353282,0.006832792008309108,0,,-0.45561146306867273
2024-08-26,95459.36139353282,0.0,0,,-0.45561146306867273
2024-08-27,95459.36139353282,0.0,0,,-0.45561146306867273
2024-08-28,95428.65410505325,-0.000321679173538314,1,37.32321671077183,-0.4557865815233165
2024-08-29,95509.70890550128,0.0008493759155272507,0,,-0.45532433975275555
2024-08-30,95509.70890550128,0.0,0,,-0.45532433975275555
2024-09-02,95509.70890550128,0.0,0,,-0.45532433975275555
2024-09-03,95509.70890550128,0.0,0,,-0.45532433975275555
2024-09-04,95509.70890550128,0.0,0,,-0.45532433975275555
2024-09-05,95509.70890550128,0.0,0,,-0.45532433975275555
2024-09-06,95509.70890550128,0.0,0,,-0.45532433975275555
2024-09-09,95509.70890550128,0.0,0,,-0.45532433975275555
2024-09-10,95509.70890550128,0.0,0,,-0.45532433975275555
2024-09-11,95509.70890550128,0.0,0,,-0.45532433975275555
2024-09-12,96163.2742843686,0.006842920854402079,1,39.59821455819266,-0.4515971673183645
2024-09-13,100601.58098783072,0.04615386421158463,1,41.34821483067104,-0.42628625744552795
2024-09-16,99668.39926515048,-0.00927601448721882,1,41.34821483067104,-0.4316080344329798
2024-09-17,99223.45107151027,-0.004464285540058732,0,,-0.4341454984659462
2024-09-18,101197.22281873599,0.01989219006102938,1,41.72535651070731,-0.42288941317454176
2024-09-19,100045.71871046316,-0.011378811356665408,1,41.72535651070731,-0.4294562456739631
2024-09-20,97087.92081290785,-0.029564462484549803,1,41.72535651070731,-0.4463240650945295
2024-09-23,96433.1397449453,-0.006744207337845087,1,41.72535651070731,-0.4500581703975072
2024-09-24,97268.55363705494,0.008663141056271861,1,41.72535651070731,-0.4452939467549166
2024-09-25,94068.64108462086,-0.03289770879470599,0,,-0.46354250496123406
2024-09-26,94068.64108462086,0.0,0,,-0.46354250496123406
2024-09-27,93341.11926863478,-0.007733946271548997,1,38.158572741917204,-0.4676914384048336
2024-09-30,92506.30864929716,-0.008943653406758956,1,38.158572741917204,-0.4724522216851912
2024-10-01,92570.30756488269,0.0006918329843661475,0,,-0.47208724673132396
2024-10-02,92965.56510410277,0.004269809073963016,1,38.386429241725374,-0.4698331600671566
2024-10-03,91515.57782726236,-0.01559703611995178,0,,-0.47810219141918986
2024-10-04,91515.57782726236,0.0,0,,-0.47810219141918986
2024-10-07,91515.57782726236,0.0,0,,-0.47810219141918986
2024-10-08,91515.57782726236,0.0,0,,-0.47810219141918986
2024-10-09,89185.42483644733,-0.025461818043844286,1,39.09285613468715,-0.4913906584587555
2024-10-10,89094.58483126228,-0.0010185521384422636,0,,-0.4919087035912141
2024-10-11,89094.58483126228,0.0,0,,-0.4919087035912141
2024-10-14,89094.58483126228,0.0,0,,-0.4919087035912141
2024-10-15,89094.58483126228,0.0,0,,-0.4919087035912141
2024-10-16,89094.58483126228,0.0,0,,-0.4919087035912141
2024-10-17,89094.58483126228,0.0,0,,-0.4919087035912141
2024-10-18,89094.58483126228,0.0,0,,-0.4919087035912141
2024-10-21,89094.58483126228,0.0,0,,-0.4919087035912141
2024-10-22,89094.58483126228,0.0,0,,-0.4919087035912141
2024-10-23,89094.58483126228,0.0,0,,-0.4919087035912141
2024-10-24,91506.49424910982,0.027071335731744917,1,40.45357050214495,-0.4781539935237542
2024-10-25,88624.56782653971,-0.03149422831918991,1,40.45357050214495,-0.49458913079917455
2024-10-28,89150.46721877597,0.005934013616467837,1,40.45357050214495,-0.4915900158194261
2024-10-29,88666.64074086916,-0.005427077310985906,1,40.45357050214495,-0.4943491961092512
2024-10-30,89676.36661101223,0.01138788908326882,1,40.45357050214495,-0.4885909008396776
2024-10-31,88393.1708100217,-0.014309185903535027,1,40.45357050214495,-0.49590874871232205
2024-11-01,85742.6333793817,-0.02998577159695559,1,40.45357050214495,-0.5110243138374579
2024-11-04,86685.24942436292,0.010993551373801091,0,,-0.5056487345110904
2024-11-05,86822.05839391105,0.0015782266355188757,1,39.538928849356516,-0.5048685361765932
2024-11-06,85360.6224645335,-0.016832541826490965,0,,-0.5132028572510126
2024-11-07,85010.39054557776,-0.0041029681935750295,1,39.24214131491525,-0.5152001704444348
2024-11-08,82685.4974105522,-0.02734834083345472,1,39.24214131491525,-0.5284586414191211
2024-11-11,82763.3278595373,0.0009412829507289278,0,,-0.5280147875777254
2024-11-12,84063.22993332599,0.0157062567130557,1,41.624283518110005,-0.520601666666655
2024-11-13,83545.46481587962,-0.006159234160488802,1,41.624283518110005,-0.5235543932578031
2024-11-14,82713.33726711177,-0.009960176181935454,1,41.624283518110005,-0.5282998754420645
2024-11-18,80161.48180223056,-0.03085180152555489,1,41.624283518110005,-0.5428526740645054
2024-11-19,81160.03486075198,0.012456768962741949,1,41.624283518110005,-0.5371580954433917
2024-11-21,80512.82846394402,-0.007974447003606944,1,41.624283518110005,-0.5408490036823269
2024-11-22,81733.27985079667,0.015158471142262764,1,41.624283518110005,-0.5338889765547044
2024-11-25,80494.3328217377,-0.01515841565786491,1,41.624283518110005,-0.5409544811908009
2024-11-26,81511.38152246545,0.012635034853697213,1,41.624283518110005,-0.5351544250612132
2024-11-27,76854.88735110634,-0.05712692000043862,0,,-0.5617096210332991
2024-11-28,76854.88735110634,0.0,0,,-0.5617096210332991
2024-11-29,76854.88735110634,0.0,0,,-0.5617096210332991
2024-12-02,76854.88735110634,0.0,0,,-0.5617096210332991
2024-12-03,76854.88735110634,0.0,0,,-0.5617096210332991
2024-12-04,76854.88735110634,0.0,0,,-0.5617096210332991
2024-12-05,76854.88735110634,0.0,0,,-0.5617096210332991
2024-12-06,76854.88735110634,0.0,0,,-0.5617096210332991
2024-12-09,76854.88735110634,0.0,0,,-0.5617096210332991
2024-12-10,76854.88735110634,0.0,0,,-0.5617096210332991
2024-12-11,76854.88735110634,0.0,0,,-0.5617096210332991
2024-12-12,76854.88735110634,0.0,0,,-0.5617096210332991
2024-12-13,76854.88735110634,0.0,0,,-0.5617096210332991
2024-12-16,76854.88735110634,0.0,0,,-0.5617096210332991
2024-12-17,76854.88735110634,0.0,0,,-0.5617096210332991
2024-12-18,76854.88735110634,0.0,0,,-0.5617096210332991
2024-12-19,76854.88735110634,0.0,0,,-0.5617096210332991
2024-12-20,76854.88735110634,0.0,0,,-0.5617096210332991
2024-12-23,76854.88735110634,0.0,0,,-0.5617096210332991
2024-12-26,76854.88735110634,0.0,0,,-0.5617096210332991
2024-12-27,76854.88735110634,0.0,0,,-0.5617096210332991
2024-12-30,76854.88735110634,0.0,0,,-0.5617096210332991
2025-01-02,76854.88735110634,0.0,0,,-0.5617096210332991
2025-01-03,76854.88735110634,0.0,0,,-0.5617096210332991
2025-01-06,76854.88735110634,0.0,0,,-0.5617096210332991
2025-01-07,76854.88735110634,0.0,0,,-0.5617096210332991
2025-01-08,76854.88735110634,0.0,0,,-0.5617096210332991
2025-01-09,76854.88735110634,0.0,0,,-0.5617096210332991
2025-01-10,76854.88735110634,0.0,0,,-0.5617096210332991
2025-01-13,76854.88735110634,0.0,0,,-0.5617096210332991
2025-01-14,76854.88735110634,0.0,0,,-0.5617096210332991
2025-01-15,76854.88735110634,0.0,0,,-0.5617096210332991
2025-01-16,76854.88735110634,0.0,0,,-0.5617096210332991
2025-01-17,76854.88735110634,0.0,0,,-0.5617096210332991
2025-01-20,76854.88735110634,0.0,0,,-0.5617096210332991
2025-01-21,76854.88735110634,0.0,0,,-0.5617096210332991
2025-01-22,75381.77191616499,-0.019167491954174998,1,28.133571011679514,-0.5701105483457356
2025-01-23,75589.19934068515,0.0027516920768440034,0,,-0.5689276249476998
2025-01-24,75589.19934068515,0.0,0,,-0.5689276249476998
2025-01-27,75589.19934068515,0.0,0,,-0.5689276249476998
2025-01-28,75589.19934068515,0.0,0,,-0.5689276249476998
2025-01-29,75589.19934068515,0.0,0,,-0.5689276249476998
2025-01-30,75589.19934068515,0.0,0,,-0.5689276249476998
2025-01-31,75589.19934068515,0.0,0,,-0.5689276249476998
2025-02-03,75589.19934068515,0.0,0,,-0.5689276249476998
2025-02-04,75589.19934068515,0.0,0,,-0.5689276249476998
2025-02-05,75589.19934068515,0.0,0,,-0.5689276249476998
2025-02-06,76531.9258746746,0.012471709479823012,1,28.995356695992605,-0.5635514155212702
2025-02-07,71852.17765491703,-0.061147660486434496,1,28.995356695992605,-0.5902392253847606
2025-02-10,72548.13823887573,0.009686005444416335,1,28.995356695992605,-0.586270280290929
2025-02-11,74468.0388175961,0.026463815961738302,1,28.995356695992605,-0.5753214131306466
2025-02-12,73628.08260049301,-0.011279419069441299,1,28.995356695992605,-0.5801115408817641
2025-02-13,72966.49890267715,-0.00898548046409986,0,,-0.583884440428272
2025-02-14,72966.49890267715,0.0,0,,-0.583884440428272
2025-02-17,74322.14273999604,0.01857898977895389,1,28.857500280652726,-0.5761534337001253
2025-02-18,73246.33440923449,-0.014474936958223661,1,28.857500280652726,-0.5822885860272755
2025-02-19,69698.4668326159,-0.04843747615814198,1,28.857500280652726,-0.6025214726825632
2025-02-20,69776.7601202651,0.001123314345453652,0,,-0.6020749793508178
2025-02-21,66969.6456245571,-0.040229934592402095,1,27.05214180265154,-0.6180834769042145
2025-02-24,67257.96570082747,0.004305235208899472,0,,-0.6164392364421221
2025-02-25,67257.96570082747,0.0,0,,-0.6164392364421221
2025-02-26,67257.96570082747,0.0,0,,-0.6164392364421221
2025-02-27,67257.96570082747,0.0,0,,-0.6164392364421221
2025-02-28,67257.96570082747,0.0,0,,-0.6164392364421221
2025-03-05,67257.96570082747,0.0,0,,-0.6164392364421221
2025-03-06,67257.96570082747,0.0,0,,-0.6164392364421221
2025-03-07,67257.96570082747,0.0,0,,-0.6164392364421221
2025-03-10,67257.96570082747,0.0,0,,-0.6164392364421221
2025-03-11,67257.96570082747,0.0,0,,-0.6164392364421221
2025-03-12,67737.51882397615,0.007130056910757521,1,27.203572341373988,-0.6137044263692208
2025-03-13,69768.52808325538,0.02998352013094907,1,28.17071499143328,-0.6021219252607658
2025-03-14,73317.211269854,0.050863667101647136,1,29.573213372911727,-0.5818843873201851
2025-03-17,74477.78920571948,0.015829542828542875,1,30.1753568649292,-0.5752658083219875
2025-03-18,73406.48846044553,-0.014384164147446032,1,30.1753568649292,-0.5813752546541169
2025-03-19,74991.12028070858,0.021587081108189965,1,30.44107048852103,-0.5723383683224399
2025-03-20,73964.45813073039,-0.013690449564363938,1,30.44107048852103,-0.5781932483215351
2025-03-21,74678.65862757969,0.009655995797156702,1,30.44107048852103,-0.5741202841001156
2025-03-24,72625.33432762334,-0.027495463063901826,1,30.44107048852103,-0.585830044098306
2025-03-25,74187.65110720924,0.021512008089877632,1,30.44107048852103,-0.5769204166563644
2025-03-26,77714.01499615997,0.04753303058287628,1,31.714643682752335,-0.5568101618823008
2025-03-27,77557.78416959553,-0.0020103301389351458,1,31.796429770333425,-0.5577011197711386
2025-03-28,76955.1759040149,-0.007769797345717144,1,31.796429770333425,-0.5611376924367545
2025-03-31,74968.80524003145,-0.02581204760627187,1,31.796429770333425,-0.5724656272121753
2025-04-01,78338.93830241774,0.044953805140631076,1,31.842856679643905,-0.5532463303269495
2025-04-02,81351.97963032089,0.03846160534205456,1,33.130359581538606,-0.53606346699887
2025-04-03,83115.165831767,0.021673550040925527,1,33.91500323159354,-0.5260083153350565
2025-04-04,80570.81698355718,-0.03061232956401505,1,33.91500323159354,-0.5405183049966226
2025-04-07,79923.57863662227,-0.008033161027360403,1,33.91500323159354,-0.5442093954417092
2025-04-08,79678.0706194663,-0.003071784589028348,1,33.91500323159354,-0.5456094859966152
2025-04-09,82512.55756618637,0.03557424175413648,1,33.91500323159354,-0.5294448880006725
2025-04-10,83472.26608019165,0.011631060075134148,1,33.91500323159354,-0.5239718332243468
2025-04-11,86083.56005043288,0.03128337222488442,1,34.284286090305876,-0.5090800668935747
2025-04-14,87623.55327540015,0.017889516001255545,1,35.01535606384277,-0.5002977468949319
2025-04-15,87936.02344247053,0.0035660522244320703,1,35.33750220707485,-0.4985157825636929
2025-04-16,86485.2988941533,-0.016497500017911615,1,35.33750220707485,-0.5067890184498307
2025-04-17,89833.11691586245,0.038709677419354716,1,36.03214304787772,-0.4876969804543404
2025-04-22,87378.05377218567,-0.027329154636548947,1,36.03214304787772,-0.5016977888962746
2025-04-23,90078.62493301844,0.0309067442480897,1,36.21535791669573,-0.4862968898994342
2025-04-24,92846.1497298241,0.030723435208558803,1,37.42321218763079,-0.4705141656798243
2025-04-25,95546.72940459836,0.029086609220013493,1,38.581429209027974,-0.4551132181294205
2025-04-28,96104.69907488322,0.005839756878774027,1,38.88142967224121,-0.4519312117968388
2025-04-29,96372.52213271633,0.0027867842094218,1,39.340714590890066,-0.4504038623521973
2025-04-30,95881.50609840437,-0.005094979600469229,1,39.340714590890066,-0.4532040434620096
2025-05-02,96193.96775153326,0.0032588312996273405,1,39.49464089529855,-0.4514221276843339
2025-05-05,96104.69907488322,-0.0009280070126707063,1,39.590358461652485,-0.4519312117968388
2025-05-06,93738.90460785647,-0.024616844855664732,1,39.590358461652485,-0.46542293612626817
2025-05-07,93939.77402971667,0.002142860775901978,1,39.590358461652485,-0.4642774119043963
2025-05-08,97979.47750759801,0.043003121091215624,1,40.225001198904856,-0.44123966857722163
2025-05-09,91507.02592671703,-0.06605925797449841,1,40.225001198904856,-0.4781509614565952
2025-05-12,92622.96526728675,0.012195121951219523,1,40.225001198904856,-0.4717869487914317
2025-05-13,93158.61989689448,0.005783172975103668,1,40.225001198904856,-0.4687322013485853
2025-05-14,89642.65664070718,-0.0377416846672769,0,,-0.48878314307916537
2025-05-15,89642.65664070718,0.0,0,,-0.48878314307916537
2025-05-16,89642.65664070718,0.0,0,,-0.48878314307916537
2025-05-19,89642.65664070718,0.0,0,,-0.48878314307916537
2025-05-20,89642.65664070718,0.0,0,,-0.48878314307916537
2025-05-21,89642.65664070718,0.0,0,,-0.48878314307916537
2025-05-22,89642.65664070718,0.0,0,,-0.48878314307916537
2025-05-23,89642.65664070718,0.0,0,,-0.48878314307916537
2025-05-26,89642.65664070718,0.0,0,,-0.48878314307916537
2025-05-27,89642.65664070718,0.0,0,,-0.48878314307916537
2025-05-28,89642.65664070718,0.0,0,,-0.48878314307916537
2025-05-29,90529.55635684289,0.00989372414173828,1,39.164998871939524,-0.48372530452018414
2025-05-30,89529.23068962648,-0.011049713568388686,1,39.164998871939524,-0.4894299920278432
2025-06-02,90102.43900409352,0.006402471126488285,0,,-0.48616108229375055
2025-06-03,91044.3069956046,0.010453301840900098,1,38.91821411677769,-0.48078976898936576
2025-06-04,92268.93283216761,0.013450877676757234,1,39.5375018801008,-0.4738059356835208
2025-06-05,93324.64142737682,0.0114416473974992,1,40.16250133514404,-0.4677854087369546
2025-06-06,92480.07132944251,-0.009049808121593839,1,40.16250133514404,-0.47260184866739774
2025-06-09,92184.47421149071,-0.003196333152672315,1,40.16250133514404,-0.47428758886316014
2025-06-10,92881.24575044912,0.007558447828859505,1,40.16250133514404,-0.47031401903059833
2025-06-11,92902.35637840966,0.00022728622759071726,1,40.212499482291086,-0.4701936287021762
2025-06-12,93873.60635294195,0.010454524647105723,1,40.920712743486675,-0.46465475493524944
2025-06-13,92944.5856887481,-0.00989650552787913,1,40.920712743486675,-0.46995280211235657
2025-06-16,94992.66294086752,0.022035465938575527,1,41.57392937796457,-0.45827296513746596
2025-06-17,94169.20347089374,-0.008668663920774367,1,41.57392937796457,-0.46296901473948693
2025-06-18,94760.40576121472,0.006278085281922419,1,41.78714261736189,-0.4595974884149866
2025-06-20,91339.90411355639,-0.03609631702377458,1,41.78714261736189,-0.47910402879360325
2025-06-23,89545.20272346771,-0.019648601643564856,1,41.78714261736189,-0.48933890622957565
2025-06-24,91867.75841116099,0.025937243057741144,1,41.78714261736189,-0.4760937653203202
2025-06-25,91107.65498832097,-0.008273886682182097,1,41.78714261736189,-0.4804285061381486
2025-06-26,88097.74612387213,-0.033036838285813386,0,,-0.497593505558781
2025-06-27,88097.74612387213,0.0,0,,-0.497593505558781
2025-06-30,88097.74612387213,0.0,0,,-0.497593505558781
2025-07-01,88097.74612387213,0.0,0,,-0.497593505558781
2025-07-02,88097.74612387213,0.0,0,,-0.497593505558781
2025-07-03,88097.74612387213,0.0,0,,-0.497593505558781
2025-07-04,88097.74612387213,0.0,0,,-0.497593505558781
2025-07-07,88097.74612387213,0.0,0,,-0.497593505558781
2025-07-08,88097.74612387213,0.0,0,,-0.497593505558781
2025-07-09,88097.74612387213,0.0,0,,-0.497593505558781
2025-07-10,88097.74612387213,0.0,0,,-0.497593505558781
2025-07-11,88097.74612387213,0.0,0,,-0.497593505558781
2025-07-14,88097.74612387213,0.0,0,,-0.497593505558781
2025-07-15,88097.74612387213,0.0,0,,-0.497593505558781
2025-07-16,88097.74612387213,0.0,0,,-0.497593505558781
2025-07-17,88097.74612387213,0.0,0,,-0.497593505558781
2025-07-18,88097.74612387213,0.0,0,,-0.497593505558781
2025-07-21,88097.74612387213,0.0,0,,-0.497593505558781
2025-07-22,88097.74612387213,0.0,0,,-0.497593505558781
2025-07-23,88097.74612387213,0.0,0,,-0.497593505558781
2025-07-24,88097.74612387213,0.0,0,,-0.497593505558781
2025-07-25,88097.74612387213,0.0,0,,-0.497593505558781
2025-07-28,88097.74612387213,0.0,0,,-0.497593505558781
2025-07-29,88097.74612387213,0.0,0,,-0.497593505558781
2025-07-30,88097.74612387213,0.0,0,,-0.497593505558781
2025-07-31,88097.74612387213,0.0,0,,-0.497593505558781
2025-08-01,88097.74612387213,0.0,0,,-0.497593505558781
2025-08-04,88097.74612387213,0.0,0,,-0.497593505558781
2025-08-05,88097.74612387213,0.0,0,,-0.497593505558781
2025-08-06,88097.74612387213,0.0,0,,-0.497593505558781
2025-08-07,88097.74612387213,0.0,0,,-0.497593505558781
2025-08-08,88097.74612387213,0.0,0,,-0.497593505558781
2025-08-11,88097.74612387213,0.0,0,,-0.497593505558781
2025-08-12,88097.74612387213,0.0,0,,-0.497593505558781
2025-08-13,88097.74612387213,0.0,0,,-0.497593505558781
2025-08-14,88097.74612387213,0.0,0,,-0.497593505558781
2025-08-15,88097.74612387213,0.0,0,,-0.497593505558781
2025-08-18,88097.74612387213,0.0,0,,-0.497593505558781
2025-08-19,88097.74612387213,0.0,0,,-0.497593505558781
2025-08-20,88097.74612387213,0.0,0,,-0.497593505558781
2025-08-21,88097.74612387213,0.0,0,,-0.497593505558781
2025-08-22,88097.74612387213,0.0,0,,-0.497593505558781
2025-08-25,88097.74612387213,0.0,0,,-0.497593505558781
2025-08-26,88097.74612387213,0.0,0,,-0.497593505558781
2025-08-27,88097.74612387213,0.0,0,,-0.497593505558781
2025-08-28,88097.74612387213,0.0,0,,-0.497593505558781
2025-08-29,88434.6159408657,0.0038238187900960785,1,33.01500020708357,-0.4956723941650705
2025-09-01,88952.78525738932,0.005859349430206162,1,33.38928467886789,-0.4927173624951843
2025-09-02,88829.41295526989,-0.0013869414179943362,1,33.38928467886789,-0.4934209337957691
2025-09-03,89717.70859085511,0.010000016954210045,1,33.708214487348286,-0.48835513454507895
2025-09-04,91296.89664847183,0.01760174309420215,1,34.30357101985386,-0.47934929306787377
2025-09-05,94011.12494591264,0.02972968848975932,1,35.194640568324495,-0.4638705097388087
2025-09-08,92308.5645861765,-0.018110200901389928,1,35.194640568324495,-0.47357992251659864
2025-09-09,91938.43826711488,-0.004009663899779081,1,35.194640568324495,-0.4756906900974027
2025-09-10,92135.84148066862,0.002147123850203103,1,35.194640568324495,-0.47456493307322745
2025-09-11,95466.94070140991,0.03615421715598277,1,36.00607027326311,-0.4555682395621886
2025-09-12,93443.60482600059,-0.021194099868955374,1,36.00607027326311,-0.46710698066473877
2025-09-15,94479.95287175111,0.011090625706063895,1,36.00607027326311,-0.46119686364591705
2025-09-16,96478.60863911458,0.02115428412709397,1,36.39821325029646,-0.4497988690109135
2025-09-17,98946.09233231652,0.025575448568415204,1,37.205356461661204,-0.43572722828301813
2025-09-18,98452.60312383877,-0.004987455258165574,1,37.205356461661204,-0.43854151348535775
2025-09-19,97835.73220053829,-0.006265663920785758,1,37.205356461661204,-0.44205942366733153
2025-09-22,96552.63955054888,-0.013114765138767526,1,37.205356461661204,-0.44937668328732305
2025-09-23,100155.16348357493,0.03731150126807248,1,37.527501923697336,-0.4288321007075677
2025-09-24,100056.46187679806,-0.0009854869518839404,1,37.55714443751744,-0.4293949792196554
2025-09-25,99316.21865137813,-0.007398255060541703,1,37.55714443751744,-0.43361646070221405
2025-09-26,98896.75094163138,-0.004223556992430155,1,37.55714443751744,-0.43600861386001255
2025-09-29,98847.40013824296,-0.0004990133944597908,1,37.55714443751744,-0.4362900531160564
2025-09-30,97342.23357935724,-0.015227173975043029,1,37.55714443751744,-0.44487376254872046
2025-10-01,98649.99692468921,0.013434696300304472,1,37.55714443751744,-0.4374158101402318
2025-10-02,95689.01461030623,-0.03001502693044622,1,37.55714443751744,-0.45430178974951596
2025-10-03,96231.8640348757,0.0056730589898978945,1,37.55714443751744,-0.4512060116120832
2025-10-06,94307.22976624324,-0.019999968699919934,1,37.55714443751744,-0.46218187420254575
2025-10-07,92532.63400061007,-0.01881717626561419,0,,-0.4723020926745187
2025-10-08,92532.63400061007,0.0,0,,-0.4723020926745187
2025-10-09,92532.63400061007,0.0,0,,-0.4723020926745187
2025-10-10,92532.63400061007,0.0,0,,-0.4723020926745187
2025-10-13,92532.63400061007,0.0,0,,-0.4723020926745187
2025-10-14,92532.63400061007,0.0,0,,-0.4723020926745187
2025-10-15,92532.63400061007,0.0,0,,-0.4723020926745187
2025-10-16,92532.63400061007,0.0,0,,-0.4723020926745187
2025-10-17,92532.63400061007,0.0,0,,-0.4723020926745187
2025-10-20,92532.63400061007,0.0,0,,-0.4723020926745187
2025-10-21,92532.63400061007,0.0,0,,-0.4723020926745187
2025-10-22,92532.63400061007,0.0,0,,-0.4723020926745187
2025-10-23,92532.63400061007,0.0,0,,-0.4723020926745187
2025-10-24,92532.63400061007,0.0,0,,-0.4723020926745187
2025-10-27,92532.63400061007,0.0,0,,-0.4723020926745187
2025-10-28,92532.63400061007,0.0,0,,-0.4723020926745187
2025-10-29,92532.63400061007,0.0,0,,-0.4723020926745187
2025-10-30,92532.63400061007,0.0,0,,-0.4723020926745187
2025-10-31,91788.93845064593,-0.008037116396786392,1,36.942856788635254,-0.4765432621780342
2025-11-03,92277.67942066492,0.0053246173043146605,1,36.942856788635254,-0.4737560553737672
2025-11-04,95186.81169902174,0.03152584998475083,1,38.22678565979004,-0.4571657677200971
2025-11-05,96746.10233879674,0.01638137271269713,1,38.764641353062224,-0.44827339783990905
2025-11-06,95768.6381546931,-0.010103396007424159,1,38.764641353062224,-0.4538477101893631
2025-11-07,95163.53366913326,-0.006318399188076751,1,38.764641353062224,-0.4572985183738688
2025-11-10,97909.75525013947,0.028857919363884932,1,39.24678380148752,-0.44163728277844105
2025-11-11,100655.97683114567,0.028048498068350414,1,40.169640813555034,-0.4259760471830132
2025-11-12,100213.79192090362,-0.00439303183142159,1,40.169640813555034,-0.42849775267973667
2025-11-13,97839.9389164084,-0.02368788725576665,1,40.169640813555034,-0.4420354334806763
2025-11-14,102517.8197137006,0.04781156702569955,1,40.576782771519255,-0.4153582732105723
2025-11-17,100469.7881039066,-0.01997732311820033,1,40.576782771519255,-0.42703784989502735
2025-11-18,100074.15037547432,-0.003937877603793827,1,40.576782771519255,-0.4292941047137472
2025-11-19,99492.32391980295,-0.005813953488372214,1,40.576782771519255,-0.4326121622444813
2025-11-21,97839.9389164084,-0.01660816571865864,1,40.576782771519255,-0.4420354334806763
2025-11-24,100004.33404174323,0.02212179555001592,1,40.576782771519255,-0.42969225541598255
2025-11-25,101261.07243873834,0.012566839317889267,1,40.576782771519255,-0.4225252896280475
2025-11-26,104170.20471709516,0.02872902891796647,1,40.96892629350935,-0.40593500197437726
2025-11-27,104030.572049633,-0.0013404280796160961,1,40.96892629350935,-0.4067313033788479
2025-11-28,105310.58847651657,0.012304233281278831,1,41.455356461661204,-0.399431586937141
2025-12-01,105659.68790110626,0.003314950848152698,1,41.653572354997905,-0.3974407321668846
2025-12-02,110663.39009309968,0.047356776187685856,1,43.92142786298479,-0.36890546778029587
2025-12-03,109895.3837881564,-0.006940021485851489,1,43.92142786298479,-0.37328527739350403
2025-12-04,115434.36525401141,0.05040231240770243,1,45.773213386535645,-0.34169740615418487
2025-12-05,106368.4736384517,-0.07853719813515125,0,,-0.3933986473999377
2025-12-08,106368.4736384517,0.0,0,,-0.3933986473999377
2025-12-09,106368.4736384517,0.0,0,,-0.3933986473999377
2025-12-10,106368.4736384517,0.0,0,,-0.3933986473999377
2025-12-11,106368.4736384517,0.0,0,,-0.3933986473999377
2025-12-12,106368.4736384517,0.0,0,,-0.3933986473999377
2025-12-15,106368.4736384517,0.0,0,,-0.3933986473999377
2025-12-16,106368.4736384517,0.0,0,,-0.3933986473999377
2025-12-17,106368.4736384517,0.0,0,,-0.3933986473999377
2025-12-18,106368.4736384517,0.0,0,,-0.3933986473999377
2025-12-19,106368.4736384517,0.0,0,,-0.3933986473999377
2025-12-22,106368.4736384517,0.0,0,,-0.3933986473999377
2025-12-23,106368.4736384517,0.0,0,,-0.3933986473999377
2025-12-26,106368.4736384517,0.0,0,,-0.3933986473999377
2025-12-29,106368.4736384517,0.0,0,,-0.3933986473999377
2025-12-30,106368.4736384517,0.0,0,,-0.3933986473999377
2026-01-02,106368.4736384517,0.0,0,,-0.3933986473999377
2026-01-05,106368.4736384517,0.0,0,,-0.3933986473999377
2026-01-06,106368.4736384517,0.0,0,,-0.3933986473999377
2026-01-07,106368.4736384517,0.0,0,,-0.3933986473999377
2026-01-08,106368.4736384517,0.0,0,,-0.3933986473999377
2026-01-09,106368.4736384517,0.0,0,,-0.3933986473999377
2026-01-12,106368.4736384517,0.0,0,,-0.3933986473999377
2026-01-13,106368.4736384517,0.0,0,,-0.3933986473999377
2026-01-14,106368.4736384517,0.0,0,,-0.3933986473999377
2026-01-15,106368.4736384517,0.0,0,,-0.3933986473999377
2026-01-16,106368.4736384517,0.0,0,,-0.3933986473999377
2026-01-19,106368.4736384517,0.0,0,,-0.3933986473999377
2026-01-20,106368.4736384517,0.0,0,,-0.3933986473999377
2026-01-21,106368.4736384517,0.0,0,,-0.3933986473999377
2026-01-22,106368.4736384517,0.0,0,,-0.3933986473999377
2026-01-23,107774.60475994366,0.013219434982882472,1,41.05535738808768,-0.3853797202587126
2026-01-26,110038.47024527215,0.02100555590411135,1,42.02214200156076,-0.3724692796128065
2026-01-27,114879.30121284492,0.04399216889132229,1,43.82321521214077,-0.3448628421770399
2026-01-28,117962.01322473165,0.02683435553089919,1,45.11571461813791,-0.3272826587625157
2026-01-29,115914.90150193934,-0.017353991058904006,1,45.11571461813791,-0.33895698948752073
2026-01-30,116541.0739341514,0.005402001158596237,1,45.11571461813791,-0.3353860343788503
2026-02-02,119382.9525153119,0.024385210168616167,1,45.471786635262625,-0.31917928314618116
2026-02-03,121983.9976657462,0.021787408466888758,1,46.473216601780486,-0.30434596409536696
2026-02-04,120563.05837516594,-0.011648571269764707,1,46.473216601780486,-0.3124493397117015
2026-02-05,120587.13804335597,0.00019972675307466936,1,46.473216601780486,-0.31231201745074777
2026-02-06,122826.92386049444,0.018574002613223728,1,46.632143701825825,-0.29953889906579545
2026-02-09,121815.41242679654,-0.008235258214614016,1,46.632143701825825,-0.3053073771012814
2026-02-10,121598.65866426035,-0.0017793623829532867,1,46.632143701825825,-0.3065434870221825
2026-02-11,123043.67762303063,0.01188351067884752,1,46.806071281433105,-0.2983027891448943
2026-02-12,124271.94281926473,0.00998235114523438,1,47.29464054107666,-0.291298201188507
2026-02-13,123886.60381777889,-0.0031007723283626998,1,47.29464054107666,-0.29349572411532254
2026-02-18,123549.43333987959,-0.0027216056256997856,1,47.29464054107666,-0.29541855012715124
2026-02-19,126270.89520567698,0.022027311596895416,1,48.228212765284944,-0.27989851498540963
2026-02-20,127234.24730299483,0.007629248971021241,1,48.87821388244629,-0.27440468147183117
2026-02-23,123549.43333987959,-0.028960865814219416,1,48.87821388244629,-0.29541855012715124
2026-02-24,125355.71163194568,0.014619883258364164,1,48.87821388244629,-0.28511765158400115
2026-02-25,122321.1681436455,-0.024207460903016953,1,48.87821388244629,-0.3024231380835384
2026-02-26,121502.32161708728,-0.00669423403148528,1,48.87821388244629,-0.30709288085215625
2026-02-27,122248.91076466245,0.0061446492350001325,1,48.87821388244629,-0.3028352096525583
2026-03-02,124585.033628974,0.019109559747397142,1,48.87821388244629,-0.2895126974376322
2026-03-03,117540.30027438684,-0.05654558295956347,0,,-0.3296876161463891
2026-03-04,117540.30027438684,0.0,0,,-0.3296876161463891
2026-03-05,117540.30027438684,0.0,0,,-0.3296876161463891
2026-03-06,117540.30027438684,0.0,0,,-0.3296876161463891
2026-03-09,117540.30027438684,0.0,0,,-0.3296876161463891
2026-03-10,117540.30027438684,0.0,0,,-0.3296876161463891
2026-03-11,117540.30027438684,0.0,0,,-0.3296876161463891
2026-03-12,117540.30027438684,0.0,0,,-0.3296876161463891
2026-03-13,117540.30027438684,0.0,0,,-0.3296876161463891
2026-03-16,117540.30027438684,0.0,0,,-0.3296876161463891
2026-03-17,117540.30027438684,0.0,0,,-0.3296876161463891
2026-03-18,117540.30027438684,0.0,0,,-0.3296876161463891
2026-03-19,117540.30027438684,0.0,0,,-0.3296876161463891
2026-03-20,117540.30027438684,0.0,0,,-0.3296876161463891
2026-03-23,117540.30027438684,0.0,0,,-0.3296876161463891
2026-03-24,117540.30027438684,0.0,0,,-0.3296876161463891
2026-03-25,117540.30027438684,0.0,0,,-0.3296876161463891
2026-03-26,117540.30027438684,0.0,0,,-0.3296876161463891
2026-03-27,117540.30027438684,0.0,0,,-0.3296876161463891
2026-03-30,117540.30027438684,0.0,0,,-0.3296876161463891
2026-03-31,117540.30027438684,0.0,0,,-0.3296876161463891
2026-04-01,117540.30027438684,0.0,0,,-0.3296876161463891
2026-04-02,117540.30027438684,0.0,0,,-0.3296876161463891
2026-04-06,116205.64557828249,-0.011354868866156775,1,42.4528568812779,-0.33729892536440775
2026-04-07,116230.30202106723,0.00021217938820461413,1,42.4528568812779,-0.33715831385582895
2026-04-08,121678.20982046683,0.04687166517395913,1,43.763571330479216,-0.3060898202795369
2026-04-09,123354.49059007865,0.013776343127377855,1,44.59178624834333,-0.29653027554412736
2026-04-10,120790.76595376909,-0.020783391217017888,1,44.59178624834333,-0.31115076203682157
2026-04-13,120322.39698131311,-0.003877522994060967,1,44.59178624834333,-0.3138217907964652
2026-04-14,125696.35425971379,0.044662983893474895,1,45.850715500967844,-0.28317502449075427
2026-04-15,128038.20852567127,0.018631043674653736,1,46.90428488595145,-0.2698198270649589
2026-04-16,125178.67240168834,-0.022333459339284656,1,46.90428488595145,-0.2861272762675555
2026-04-17,126066.11626838609,0.007089417467617931,1,46.90428488595145,-0.28106633451027074
2026-04-20,128136.81548945495,0.01642550181097424,1,46.90428488595145,-0.26925748828579876
2026-04-22,124488.44246255794,-0.02847248086321652,1,46.90428488595145,-0.29006354046652016
2026-04-23,121752.16034146576,-0.02198021010597162,1,46.90428488595145,-0.3056680930089557
2026-04-24,121505.65233568424,-0.0020246704870793275,1,46.90428488595145,-0.307073886329278
2026-04-27,119114.48518415727,-0.019679472564131273,1,46.90428488595145,-0.3207103067722311
2026-04-28,115451.14471716405,-0.030754785711658017,0,,-0.341601715723589
2026-04-29,115451.14471716405,0.0,0,,-0.341601715723589
2026-04-30,115451.14471716405,0.0,0,,-0.341601715723589
2026-05-04,115451.14471716405,0.0,0,,-0.341601715723589
2026-05-05,115451.14471716405,0.0,0,,-0.341601715723589
2026-05-06,115451.14471716405,0.0,0,,-0.341601715723589
2026-05-07,112915.16689434888,-0.021965809252284973,1,43.100359371730256,-0.3560639668480363
2026-05-08,118705.39049275934,0.05127941407400294,0,,-0.3230433043668659
2026-05-11,113668.52748151319,-0.04243162833918135,1,44.3496424811227,-0.35176767927769137
2026-05-12,112484.21365147019,-0.010419012687884255,0,,-0.35852162005199373
2026-05-13,112484.21365147019,0.0,0,,-0.35852162005199373
2026-05-14,112484.21365147019,0.0,0,,-0.35852162005199373
2026-05-15,112484.21365147019,0.0,0,,-0.35852162005199373
2026-05-18,112484.21365147019,0.0,0,,-0.35852162005199373
2026-05-19,112484.21365147019,0.0,0,,-0.35852162005199373
2026-05-20,112484.21365147019,0.0,0,,-0.35852162005199373
2026-05-21,112484.21365147019,0.0,0,,-0.35852162005199373
2026-05-22,112484.21365147019,0.0,0,,-0.35852162005199373
2026-05-25,112484.21365147019,0.0,0,,-0.35852162005199373
2026-05-26,112484.21365147019,0.0,0,,-0.35852162005199373
2026-05-27,112484.21365147019,0.0,0,,-0.35852162005199373
2026-05-28,112484.21365147019,0.0,0,,-0.35852162005199373
2026-05-29,112484.21365147019,0.0,0,,-0.35852162005199373
2026-06-01,112484.21365147019,0.0,0,,-0.35852162005199373
2026-06-02,112484.21365147019,0.0,0,,-0.35852162005199373
2026-06-03,112484.21365147019,0.0,0,,-0.35852162005199373
2026-06-05,112484.21365147019,0.0,0,,-0.35852162005199373
2026-06-08,112484.21365147019,0.0,0,,-0.35852162005199373
2026-06-09,112484.21365147019,0.0,0,,-0.35852162005199373
2026-06-10,112484.21365147019,0.0,0,,-0.35852162005199373
2026-06-11,112484.21365147019,0.0,0,,-0.35852162005199373
2026-06-12,112484.21365147019,0.0,0,,-0.35852162005199373
2026-06-15,112484.21365147019,0.0,0,,-0.35852162005199373
2026-06-16,112484.21365147019,0.0,0,,-0.35852162005199373
2026-06-17,112484.21365147019,0.0,0,,-0.35852162005199373
2026-06-18,112484.21365147019,0.0,0,,-0.35852162005199373
2026-06-19,112484.21365147019,0.0,0,,-0.35852162005199373
2026-06-22,112484.21365147019,0.0,0,,-0.35852162005199373
2026-06-23,112484.21365147019,0.0,0,,-0.35852162005199373
2026-06-24,112484.21365147019,0.0,0,,-0.35852162005199373
2026-06-25,112484.21365147019,0.0,0,,-0.35852162005199373
2026-06-26,112484.21365147019,0.0,0,,-0.35852162005199373
2026-06-29,111340.68830770004,-0.01016609626052356,1,39.161069188799175,-0.3650429510115899
2026-06-30,109469.64010029123,-0.016804712058524296,1,39.161069188799175,-0.37571322138937047
2026-07-01,108257.41253375637,-0.01107364165465663,1,39.161069188799175,-0.3826263494654445
2026-07-02,109226.4889252976,0.00895159388036415,0,,-0.37709987127342137
2026-07-03,108201.46471453116,-0.009384392200572078,1,38.50499875204904,-0.3829454103831784
2026-07-06,105251.69949261172,-0.027261786424997436,1,38.50499875204904,-0.39976742081787664
2026-07-07,102040.89733052424,-0.030505941258581415,1,38.50499875204904,-0.41807808061989327
2026-07-08,101340.47471074665,-0.00686413622480031,0,,-0.4220724719467157
2026-07-09,101340.47471074665,0.0,0,,-0.4220724719467157
2026-07-10,101340.47471074665,0.0,0,,-0.4220724719467157
2026-07-13,99896.49706583982,-0.014248775220644383,1,37.4217860358102,-0.4303072313877696
2026-07-14,100069.21876542643,0.0017290065683961409,0,,-0.4293222288488713
2026-07-15,100069.21876542643,0.0,0,,-0.4293222288488713
2026-07-16,100069.21876542643,0.0,0,,-0.4293222288488713
2026-07-17,100069.21876542643,0.0,0,,-0.4293222288488713
2026-07-20,100069.21876542643,0.0,0,,-0.4293222288488713
2026-07-21,100069.21876542643,0.0,0,,-0.4293222288488713
2026-07-22,100069.21876542643,0.0,0,,-0.4293222288488713
2026-07-23,100069.21876542643,0.0,0,,-0.4293222288488713
2026-07-24,100069.21876542643,0.0,0,,-0.4293222288488713
2026-07-27,100069.21876542643,0.0,0,,-0.4293222288488713
2026-07-28,100069.21876542643,0.0,0,,-0.4293222288488713
2026-07-29,100069.21876542643,0.0,0,,-0.4293222288488713
2026-07-30,100069.21876542643,0.0,0,,-0.4293222288488713
2026-07-31,100069.21876542643,0.0,0,,-0.4293222288488713
2026-08-03,100069.21876542643,0.0,0,,-0.4293222288488713
2026-08-04,100069.21876542643,0.0,0,,-0.4293222288488713
2026-08-05,100069.21876542643,0.0,0,,-0.4293222288488713
2026-08-06,98525.11407405356,-0.01543036620474092,1,35.93749986376081,-0.4381279958426385
2026-08-07,100053.04476063364,0.015508032656847748,0,,-0.4294144664531977
2026-08-10,100053.04476063364,0.0,0,,-0.4294144664531977
2026-08-11,100053.04476063364,0.0,0,,-0.4294144664531977
2026-08-12,100053.04476063364,0.0,0,,-0.4294144664531977
2026-08-13,100053.04476063364,0.0,0,,-0.4294144664531977
2026-08-14,100053.04476063364,0.0,0,,-0.4294144664531977
2026-08-17,100053.04476063364,0.0,0,,-0.4294144664531977
2026-08-18,100053.04476063364,0.0,0,,-0.4294144664531977
2026-08-19,100053.04476063364,0.0,0,,-0.4294144664531977
2026-08-20,100053.04476063364,0.0,0,,-0.4294144664531977
2026-08-21,100053.04476063364,0.0,0,,-0.4294144664531977
2026-08-24,100053.04476063364,0.0,0,,-0.4294144664531977
2026-08-25,100053.04476063364,0.0,0,,-0.4294144664531977
2026-08-26,100053.04476063364,0.0,0,,-0.4294144664531977
2026-08-27,100053.04476063364,0.0,0,,-0.4294144664531977
2026-08-28,100053.04476063364,0.0,0,,-0.4294144664531977
2026-08-31,100053.04476063364,0.0,0,,-0.4294144664531977
2026-09-01,100053.04476063364,0.0,0,,-0.4294144664531977
2026-09-02,100053.04476063364,0.0,0,,-0.4294144664531977
