timestamp,equity,daily_return,position,stop_price,drawdown
2020-01-02,100000.0,0.0,0,,0.0
2020-01-03,100000.0,0.0,0,,0.0
2020-01-06,100000.0,0.0,0,,0.0
2020-01-07,100000.0,0.0,0,,0.0
2020-01-08,100000.0,0.0,0,,0.0
2020-01-09,100000.0,0.0,0,,0.0
2020-01-10,100000.0,0.0,0,,0.0
2020-01-13,100000.0,0.0,0,,0.0
2020-01-14,100000.0,0.0,0,,0.0
2020-01-15,100000.0,0.0,0,,0.0
2020-01-16,100000.0,0.0,0,,0.0
2020-01-17,100000.0,0.0,0,,0.0
2020-01-20,100000.0,0.0,0,,0.0
2020-01-21,100000.0,0.0,0,,0.0
2020-01-22,100000.0,0.0,0,,0.0
2020-01-23,100000.0,0.0,0,,0.0
2020-01-24,100000.0,0.0,0,,0.0
2020-01-27,100000.0,0.0,0,,0.0
2020-01-28,100000.0,0.0,0,,0.0
2020-01-29,100000.0,0.0,0,,0.0
2020-01-30,100000.0,0.0,0,,0.0
2020-01-31,100000.0,0.0,0,,0.0
2020-02-03,100000.0,0.0,0,,0.0
2020-02-04,100000.0,0.0,0,,0.0
2020-02-05,99927.90067514784,-0.0007209932485215953,1,24.102855886731827,-0.0007209932485215953
2020-02-06,101520.2218861051,0.01593470092135396,1,24.489998749324254,0.0
2020-02-07,100549.29395710227,-0.009563886986891146,1,24.489998749324254,-0.009563886986891146
2020-02-10,100704.64598138699,0.0015450334673756672,1,24.489998749324254,-0.008033630044988471
2020-02-11,104743.70231409075,0.04010794430924558,1,25.180713517325266,0.0
2020-02-12,108743.92804831557,0.03819060856021217,1,25.957143102373397,0.0
2020-02-13,107617.64809502802,-0.01035717555454807,1,25.957143102373397,-0.01035717555454807
2020-02-14,111850.89445808769,0.03933598659693471,1,26.61964225769043,0.0
2020-02-17,114724.8476466172,0.02569450340521362,1,27.28642967769078,0.0
2020-02-18,111112.99456551195,-0.03148274462939982,1,27.28642967769078,-0.03148274462939982
2020-02-19,115540.42355133529,0.03984618543615026,1,27.348214149475098,0.0
2020-02-20,114957.86827545204,-0.005042003984210952,1,27.348214149475098,-0.005042003984210952
2020-02-21,115268.56491642926,0.0027027000903734333,1,27.348214149475098,-0.002352930918461116
2020-02-26,108743.92804831557,-0.056603783285096854,1,27.348214149475098,-0.05882352941176461
2020-02-27,106053.26083474519,-0.0247431489910398,0,,-0.08211119905039033
2020-02-28,106053.26083474519,0.0,0,,-0.08211119905039033
2020-03-02,106053.26083474519,0.0,0,,-0.08211119905039033
2020-03-03,106053.26083474519,0.0,0,,-0.08211119905039033
2020-03-04,106053.26083474519,0.0,0,,-0.08211119905039033
2020-03-05,106053.26083474519,0.0,0,,-0.08211119905039033
2020-03-06,106053.26083474519,0.0,0,,-0.08211119905039033
2020-03-09,106053.26083474519,0.0,0,,-0.08211119905039033
2020-03-10,106053.26083474519,0.0,0,,-0.08211119905039033
2020-03-11,106053.26083474519,0.0,0,,-0.08211119905039033
2020-03-12,106053.26083474519,0.0,0,,-0.08211119905039033
2020-03-13,106053.26083474519,0.0,0,,-0.08211119905039033
2020-03-16,106053.26083474519,0.0,0,,-0.08211119905039033
2020-03-17,106053.26083474519,0.0,0,,-0.08211119905039033
2020-03-18,106053.26083474519,0.0,0,,-0.08211119905039033
2020-03-19,106053.26083474519,0.0,0,,-0.08211119905039033
2020-03-20,106053.26083474519,0.0,0,,-0.08211119905039033
2020-03-23,106053.26083474519,0.0,0,,-0.08211119905039033
2020-03-24,106053.26083474519,0.0,0,,-0.08211119905039033
2020-03-25,106053.26083474519,0.0,0,,-0.08211119905039033
2020-03-26,106053.26083474519,0.0,0,,-0.08211119905039033
2020-03-27,106053.26083474519,0.0,0,,-0.08211119905039033
2020-03-30,106053.26083474519,0.0,0,,-0.08211119905039033
2020-03-31,106053.26083474519,0.0,0,,-0.08211119905039033
2020-04-01,106053.26083474519,0.0,0,,-0.08211119905039033
2020-04-02,106053.26083474519,0.0,0,,-0.08211119905039033
2020-04-03,106053.26083474519,0.0,0,,-0.08211119905039033
2020-04-06,106053.26083474519,0.0,0,,-0.08211119905039033
2020-04-07,106053.26083474519,0.0,0,,-0.08211119905039033
2020-04-08,106053.26083474519,0.0,0,,-0.08211119905039033
2020-04-09,106053.26083474519,0.0,0,,-0.08211119905039033
2020-04-13,102528.74044706581,-0.03323349381186291,1,13.323928219931467,-0.11261585083672743
2020-04-14,104710.19339817305,0.02127650199929554,1,13.587499618530273,-0.09373542021291192
2020-04-15,105956.74813140032,0.011904807858458488,1,14.023214782987322,-0.08294651452162005
2020-04-16,100160.28883153941,-0.054705900304457655,1,14.023214782987322,-0.13311475107205573
2020-04-17,102653.38640996696,0.02489107816592573,1,14.023214782987322,-0.11153704258010222
2020-04-20,108325.18785889975,0.05525196632365659,1,14.299642358507429,-0.06244771717692177
2020-04-22,116490.0987742871,0.07537407575071686,1,15.563215119498118,0.0
2020-04-23,119668.80264479233,0.027287330888647876,1,16.037501096725464,0.0
2020-04-24,111566.22065486906,-0.06770839024748843,1,16.037501096725464,-0.06770839024748843
2020-04-27,107701.9223803131,-0.03463681257528828,1,16.037501096725464,-0.09999999999999998
2020-04-28,114682.59559991024,0.06481475042708373,1,16.037501096725464,-0.041666724615624595
2020-04-29,121040.00334092074,0.05543480863643335,1,16.11642915861947,0.0
2020-04-30,119045.5252781787,-0.016477842099230644,1,16.11642915861947,-0.016477842099230644
2020-05-04,119980.43538408566,0.007853383012274673,1,16.11642915861947,-0.00875386589217697
2020-05-05,120541.38382523523,0.004675332601968396,1,16.11642915861947,-0.0041194605248076055
2020-05-06,121476.2939311422,0.007755926439855898,1,16.11642915861947,0.0
2020-05-07,121850.25559589958,0.0030784744303227196,1,16.11642915861947,0.0
2020-05-08,121538.62285660625,-0.00255750583180403,1,16.11642915861947,-0.00255750583180403
2020-05-11,119357.15801747203,-0.01794873751126802,1,16.11642915861947,-0.020460339342213474
2020-05-12,121413.96500567814,0.01723237233836472,1,16.11642915861947,-0.0035805471895630214
2020-05-13,119107.85420364277,-0.018993785450689527,1,16.11642915861947,-0.022506324495137897
2020-05-14,118671.56361342131,-0.003662987576583454,1,16.11642915861947,-0.02608687168470114
2020-05-15,117487.33780565811,-0.00997901916604782,1,16.11642915861947,-0.035805569458225106
2020-05-18,118733.8806508584,0.01061001864951816,1,16.11642915861947,-0.025575448568415315
2020-05-19,119731.11968222942,0.00839894245774242,1,16.11642915861947,-0.017391312831529837
2020-05-20,131822.65779763678,0.1009891008076993,1,17.867856911250524,0.0
2020-05-21,124654.99780164743,-0.05437350540293728,1,17.867856911250524,-0.05437350540293728
2020-05-22,124654.99780164743,0.0,1,17.867856911250524,-0.05437350540293728
2020-05-25,121351.63608021407,-0.026500034332275324,1,17.867856911250524,-0.07943263997526862
2020-05-26,123470.77199388423,0.01746277167840904,1,17.867856911250524,-0.06335698235256093
2020-05-27,123346.1260309831,-0.0010095179684088684,1,17.867856911250524,-0.06430254030886062
2020-05-28,121912.58452136365,-0.011622104039646586,1,17.867856911250524,-0.0751773135350241
2020-05-29,121102.33226638481,-0.006646174044787401,1,17.867856911250524,-0.08132384606983822
2020-06-01,123907.06258410569,0.023160002497321086,1,17.867856911250524,-0.060047304050586336
2020-06-02,124281.03613689005,0.0030181778583486807,1,17.867856911250524,-0.05721035963577681
2020-06-03,122161.90022321988,-0.017051160656047615,1,17.867856911250524,-0.07328601725848449
2020-06-04,123034.4814036628,0.0071428258634524955,1,17.867856911250524,-0.0666666606545353
2020-06-05,127272.75323100312,0.034447837541046855,1,17.867856911250524,-0.034515345409120046
2020-06-08,129329.56021920922,0.016160623039818578,1,18.035713808877126,-0.01891251185554732
2020-06-09,123533.1009193483,-0.04481929181570021,1,18.035713808877126,-0.06288415828342586
2020-06-10,121538.62285660625,-0.016145292621159046,1,18.035713808877126,-0.07801416776786385
2020-06-12,117798.97054495143,-0.030769250331780906,1,18.035713808877126,-0.10638298064216967
2020-06-15,113888.22925594666,-0.03319843349150875,0,,-0.13604966582620093
2020-06-16,112072.1220153606,-0.015946399838253966,1,17.08750036784581,-0.1498265632953295
2020-06-17,115363.1723289411,0.029365468007551687,1,17.396070889064244,-0.12486082243890817
2020-06-18,115186.87306793044,-0.0015282109311970382,1,17.396070889064244,-0.1261982196963759
2020-06-19,116657.14403115993,0.012764223249314144,0,,-0.11504481869693217
2020-06-22,116657.14403115993,0.0,0,,-0.11504481869693217
2020-06-23,116657.14403115993,0.0,0,,-0.11504481869693217
2020-06-24,116657.14403115993,0.0,0,,-0.11504481869693217
2020-06-25,116657.14403115993,0.0,0,,-0.11504481869693217
2020-06-26,116657.14403115993,0.0,0,,-0.11504481869693217
2020-06-29,116657.14403115993,0.0,0,,-0.11504481869693217
2020-06-30,122915.02403804261,0.053643349996731926,1,19.015355723244802,-0.06757285817487035
2020-07-01,124885.37428472759,0.016030182332105625,1,19.31428418840681,-0.05262588108000932
2020-07-02,121060.5793478361,-0.03062644411963955,1,19.31428418840681,-0.08164058159350518
2020-07-03,121466.2377421485,0.0033508710803940023,1,19.31428418840681,-0.07856327757695947
2020-07-06,121698.04885510543,0.0019084407096647826,1,19.31428418840681,-0.07680477022450738
2020-07-07,122741.17675668716,0.0085714431036088,1,19.31428418840681,-0.06889165483896376
2020-07-08,122915.02403804261,0.0014163729397842495,1,19.31428418840681,-0.06757285817487035
2020-07-09,118800.4762633172,-0.03347473432907544,1,19.31428418840681,-0.09878560902868572
2020-07-10,118163.00675604788,-0.005365883431783569,1,19.31428418840681,-0.10362142039768363
2020-07-13,117699.39558349625,-0.003923488283509635,1,19.31428418840681,-0.10713835125234228
2020-07-14,118568.66515036028,0.0073855057840748195,1,19.31428418840681,-0.10054411638113792
2020-07-15,123204.78792923878,0.03910074194559998,1,19.31428418840681,-0.0653747239843051
2020-07-16,120307.21533745056,-0.023518344055365792,1,19.31428418840681,-0.08735556278848344
2020-07-17,122915.02403804261,0.021676245213368084,1,19.31428418840681,-0.06757285817487035
2020-07-20,125464.89101375767,0.020744957710994383,1,19.57678488322667,-0.04822969654912457
2020-07-21,126276.21885574471,0.006466572723504482,1,19.75071484701974,-0.04207500466578751
2020-07-22,124827.4325598506,-0.011473152340340298,1,19.75071484701974,-0.05306542406787673
2020-07-23,122335.51836237476,-0.0199628731150987,1,19.75071484701974,-0.07196895885550947
2020-07-24,121466.2377421485,-0.007105709215628808,1,19.75071484701974,-0.07856327757695947
2020-07-27,123610.44632355116,0.01765271256655243,1,19.75071484701974,-0.062297419967759504
2020-07-28,125522.84379199691,0.01547116384840197,1,19.752856595175608,-0.04779006971101141
2020-07-29,122045.75447117859,-0.027700848831788694,1,19.752856595175608,-0.07416709304607472
2020-07-30,120358.20687394969,-0.013827171658211346,0,,-0.08696874357734741
2020-07-31,119674.86866472653,-0.005677537302784974,1,19.530356679643905,-0.09215251259429569
2020-08-03,118165.65476689508,-0.012610950942921528,1,19.530356679643905,-0.10360133272162364
2020-08-04,115650.30893196187,-0.021286606839315714,1,19.530356679643905,-0.12268261872326502
2020-08-05,116481.46685322041,0.0071868197234779,0,,-0.11637749686375543
2020-08-06,117119.9713561119,0.005481597374594083,1,19.615357739584788,-0.11153383407043138
2020-08-07,122864.86277592968,0.04905133900989456,1,20.453928674970353,-0.06795337896659892
2020-08-10,125737.31365447835,0.02337894507551108,1,20.90178666796003,-0.0461631122056434
2020-08-11,128121.97932321506,0.018965457424115817,1,21.3024993624006,-0.02807315932062837
2020-08-12,132295.15974942362,0.032571932218443456,1,22.106428146362305,0.0
2020-08-13,135655.3855005047,0.025399461004057766,1,22.630000250680105,0.0
2020-08-14,133324.90785113422,-0.01717939645943356,1,22.630000250680105,-0.01717939645943356
2020-08-17,133866.8810803124,0.004065056094269437,1,22.630000250680105,-0.013184175575437385
2020-08-18,132945.52969189335,-0.006882593969349982,1,22.630000250680105,-0.019976028217481012
2020-08-19,133108.1144245511,0.0012229424564673685,1,22.630000250680105,-0.018777515294032376
2020-08-20,132728.73626531026,-0.002850150502701987,1,22.630000250680105,-0.021574147052079606
2020-08-21,132782.93462195602,0.0004083392803306829,1,22.630000250680105,-0.021174617343429958
2020-08-24,132782.93462195602,0.0,1,22.630000250680105,-0.021174617343429958
2020-08-25,132186.7630361321,-0.004489820830675839,1,22.630000250680105,-0.025569367936075782
2020-08-26,130506.65532923132,-0.012710105522755977,1,22.630000250680105,-0.03795448409421398
2020-08-27,130615.05204252286,0.0008305837968038965,1,22.630000250680105,-0.03715542467691468
2020-08-28,131373.80836100457,0.0058091032129643505,1,22.630000250680105,-0.031562161160820223
2020-08-31,130994.43020176372,-0.0028877762163851406,1,22.630000250680105,-0.03435879291886745
2020-09-01,131969.97994682853,0.0074472612580720465,1,22.630000250680105,-0.027167410568174177
2020-09-02,131319.6100043588,-0.0049281658050699395,1,22.630000250680105,-0.03196169086946976
2020-09-03,128176.17767986083,-0.023937265153267218,1,22.630000250680105,-0.05513388055364776
2020-09-04,122464.10314347893,-0.04456424461843966,0,,-0.09724112543233077
2020-09-08,122464.10314347893,0.0,0,,-0.09724112543233077
2020-09-09,122464.10314347893,0.0,0,,-0.09724112543233077
2020-09-10,122464.10314347893,0.0,0,,-0.09724112543233077
2020-09-11,122464.10314347893,0.0,0,,-0.09724112543233077
2020-09-14,122464.10314347893,0.0,0,,-0.09724112543233077
2020-09-15,122464.10314347893,0.0,0,,-0.09724112543233077
2020-09-16,122464.10314347893,0.0,0,,-0.09724112543233077
2020-09-17,122464.10314347893,0.0,0,,-0.09724112543233077
2020-09-18,122464.10314347893,0.0,0,,-0.09724112543233077
2020-09-21,122464.10314347893,0.0,0,,-0.09724112543233077
2020-09-22,122464.10314347893,0.0,0,,-0.09724112543233077
2020-09-23,122464.10314347893,0.0,0,,-0.09724112543233077
2020-09-24,122464.10314347893,0.0,0,,-0.09724112543233077
2020-09-25,122464.10314347893,0.0,0,,-0.09724112543233077
2020-09-28,122464.10314347893,0.0,0,,-0.09724112543233077
2020-09-29,122464.10314347893,0.0,0,,-0.09724112543233077
2020-09-30,122464.10314347893,0.0,0,,-0.09724112543233077
2020-10-01,122464.10314347893,0.0,0,,-0.09724112543233077
2020-10-02,122464.10314347893,0.0,0,,-0.09724112543233077
2020-10-05,122464.10314347893,0.0,0,,-0.09724112543233077
2020-10-06,122464.10314347893,0.0,0,,-0.09724112543233077
2020-10-07,122464.10314347893,0.0,0,,-0.09724112543233077
2020-10-08,122464.10314347893,0.0,0,,-0.09724112543233077
2020-10-09,122464.10314347893,0.0,0,,-0.09724112543233077
2020-10-13,122464.10314347893,0.0,0,,-0.09724112543233077
2020-10-14,122464.10314347893,0.0,0,,-0.09724112543233077
2020-10-15,122464.10314347893,0.0,0,,-0.09724112543233077
2020-10-16,122464.10314347893,0.0,0,,-0.09724112543233077
2020-10-19,122464.10314347893,0.0,0,,-0.09724112543233077
2020-10-20,122464.10314347893,0.0,0,,-0.09724112543233077
2020-10-21,122464.10314347893,0.0,0,,-0.09724112543233077
2020-10-22,122464.10314347893,0.0,0,,-0.09724112543233077
2020-10-23,121032.92127208992,-0.011686541889848634,1,21.802143505641393,-0.1077912548363984
2020-10-26,119421.22149970569,-0.013316209800150358,1,21.802143505641393,-0.11967209367252585
2020-10-27,119993.11560708859,0.004788881743135631,1,21.802143505641393,-0.11545630743394142
2020-10-28,113179.50494369333,-0.05678334651886263,0,,-0.16568365843999422
2020-10-29,113179.50494369333,0.0,0,,-0.16568365843999422
2020-10-30,113179.50494369333,0.0,0,,-0.16568365843999422
2020-11-03,113179.50494369333,0.0,0,,-0.16568365843999422
2020-11-04,113179.50494369333,0.0,0,,-0.16568365843999422
2020-11-05,113179.50494369333,0.0,0,,-0.16568365843999422
2020-11-06,115222.84661613715,0.01805399019425269,1,20.539997918265207,-0.1506209193905651
2020-11-09,114759.69011503166,-0.004019658554769823,1,20.539997918265207,-0.1540351332781793
2020-11-10,118053.24854684278,0.028699610712696666,1,20.76142760685512,-0.12975627092664466
2020-11-11,118053.24854684278,0.0,1,20.76142760685512,-0.12975627092664466
2020-11-12,119597.09700682829,0.013077560160260404,1,21.06856952394758,-0.1183756062055985
2020-11-13,120677.79878125746,0.009036187344643176,1,21.22321346827916,-0.11040908301566477
2020-11-16,123045.03439530848,0.019616165010947206,1,21.704641274043492,-0.09295872079586032
2020-11-17,125772.51047786865,0.022166486408525587,1,22.06142779758998,-0.0728528026084101
2020-11-18,125309.35397676316,-0.0036824938879389535,1,22.103570461273193,-0.0762670164960243
2020-11-19,126029.8152826832,0.005749461497133179,1,22.32214171545846,-0.07095604927373622
2020-11-23,132256.69167779628,0.049407962561448526,1,23.473214149475098,-0.02505388053831281
2020-11-24,133800.5401377818,0.011673121718080104,1,23.76249919618879,-0.01367321581726666
2020-11-25,133388.84656074905,-0.0030769201425404624,1,23.76249919618879,-0.016708064566645642
2020-11-26,132565.45940668354,-0.006172833601125083,1,23.76249919618879,-0.02277776206540405
2020-11-27,139204.01956328025,0.05007760080422585,1,24.698212827954972,0.0
2020-11-30,134675.39021592002,-0.03253231739692386,1,24.698212827954972,-0.03253231739692386
2020-12-01,133337.38363667633,-0.009935048839275873,1,24.698212827954972,-0.042144156074006345
2020-12-02,130712.83340226162,-0.019683528826140773,1,24.698212827954972,-0.06099813918921104
2020-12-03,129940.90917226886,-0.005905496881222105,1,24.698212827954972,-0.06654341174969092
2020-12-04,126910.66405742457,-0.02332017787275098,0,,-0.08831178542417939
2020-12-07,126910.66405742457,0.0,0,,-0.08831178542417939
2020-12-08,126910.66405742457,0.0,0,,-0.08831178542417939
2020-12-09,126910.66405742457,0.0,0,,-0.08831178542417939
2020-12-10,126910.66405742457,0.0,0,,-0.08831178542417939
2020-12-11,126910.66405742457,0.0,0,,-0.08831178542417939
2020-12-14,126910.66405742457,0.0,0,,-0.08831178542417939
2020-12-15,126910.66405742457,0.0,0,,-0.08831178542417939
2020-12-16,126910.66405742457,0.0,0,,-0.08831178542417939
2020-12-17,126910.66405742457,0.0,0,,-0.08831178542417939
2020-12-18,126910.66405742457,0.0,0,,-0.08831178542417939
2020-12-21,126910.66405742457,0.0,0,,-0.08831178542417939
2020-12-22,126910.66405742457,0.0,0,,-0.08831178542417939
2020-12-23,126910.66405742457,0.0,0,,-0.08831178542417939
2020-12-28,126910.66405742457,0.0,0,,-0.08831178542417939
2020-12-29,126910.66405742457,0.0,0,,-0.08831178542417939
2020-12-30,126910.66405742457,0.0,0,,-0.08831178542417939
2021-01-04,124977.77765518469,-0.015230291454193967,1,25.80856909070696,-0.10219706264752293
2021-01-05,125207.09117930513,0.0018348343875431716,1,25.80856909070696,-0.10054974294483143
2021-01-06,131949.01726054863,0.05384620006536678,1,26.666427544185094,-0.05211776445459315
2021-01-07,137957.12081955626,0.045533522596412634,1,27.747855799538748,-0.008957347263648274
2021-01-08,142589.32573834082,0.03357713535384188,1,28.58642762047904,0.0
2021-01-11,143093.82598870606,0.0035381347639655836,1,28.58642762047904,0.0
2021-01-12,146074.9455410228,0.020833320597298588,1,28.97321387699672,0.0
2021-01-13,143781.77530881757,-0.015698586939135617,1,28.97321387699672,-0.015698586939135617
2021-01-14,144882.49597054606,0.007655494998335843,1,28.97321387699672,-0.008163272394593246
2021-01-15,142543.4612839667,-0.016144356645090396,1,28.97321387699672,-0.024175838258754356
2021-01-18,145157.67394904062,0.018339758565747433,1,28.97321387699672,-0.006279458729796961
2021-01-19,147129.81049612735,0.01358616801602297,1,29.055001735687256,0.0
2021-01-20,143369.0039672006,-0.025561145740928715,1,29.055001735687256,-0.025561145740928715
2021-01-21,140433.748869258,-0.0204734288215751,1,29.055001735687256,-0.04551125026457903
2021-01-22,139011.9770269106,-0.010124146466182093,1,29.055001735687256,-0.05517463416722346
2021-01-26,139562.34173164994,0.003959117167528614,1,29.055001735687256,-0.05143395984103849
2021-01-27,137865.391910808,-0.012159081022765084,1,29.055001735687256,-0.06296765117877468
2021-01-28,139424.74836852757,0.011310717186575836,1,29.055001735687256,-0.05236914328658493
2021-01-29,136627.08663370734,-0.02006574706109887,1,29.055001735687256,-0.07138406436468869
2021-02-01,141442.74062223823,0.03524670039581168,1,29.055001735687256,-0.03865341669857458
2021-02-02,139791.6552557704,-0.011673171484123834,1,29.055001735687256,-0.049875380221128585
2021-02-03,139424.74836852757,-0.0026246694523469616,1,29.055001735687256,-0.05236914328658493
2021-02-04,138553.34123091953,-0.006250017646112105,1,29.055001735687256,-0.05829185286304417
2021-02-05,140342.01996050973,0.012909675895935946,1,29.055001735687256,-0.04613470589494362
2021-02-08,153000.3206920126,0.09019608478675711,1,30.27964312689645,0.0
2021-02-09,149973.33668532173,-0.019784167725923618,1,30.27964312689645,-0.019784167725923618
2021-02-10,155155.90630884565,0.03455660678136496,1,30.65678780419486,0.0
2021-02-11,161530.9167550961,0.041087771635071935,1,32.07000167029245,0.0
2021-02-12,157953.55929591565,-0.02214658054968044,1,32.07000167029245,-0.02214658054968044
2021-02-17,156073.1604053274,-0.011904757948919986,1,32.07000167029245,-0.033787688817760286
2021-02-18,161806.08598584044,0.036732296351431826,1,32.07000167029245,0.0
2021-02-19,162815.0864865709,0.006235862480591381,1,32.17142902101789,0.0
2021-02-22,153046.1763986365,-0.06000003008775312,1,32.17142902101789,-0.06000003008775312
2021-02-23,153229.63421613304,0.0011987089244143156,1,32.17142902101789,-0.05887324373487013
2021-02-24,153734.13446649825,0.0032924457005072405,1,32.17142902101789,-0.055774634992572625
2021-02-25,147327.80302692743,-0.041671496455895296,0,,-0.09512191894404609
2021-02-26,147327.80302692743,0.0,0,,-0.09512191894404609
2021-03-01,147327.80302692743,0.0,0,,-0.09512191894404609
2021-03-02,147327.80302692743,0.0,0,,-0.09512191894404609
2021-03-03,147327.80302692743,0.0,0,,-0.09512191894404609
2021-03-04,147327.80302692743,0.0,0,,-0.09512191894404609
2021-03-05,152296.3594509319,0.0337244995304542,1,28.066783905029297,-0.06460535852435634
2021-03-08,142632.03571004438,-0.06345735233415906,1,28.066783905029297,-0.12396302585996055
2021-03-09,143178.67325831653,0.0038325019028924157,0,,-0.12060561248956492
2021-03-10,143178.67325831653,0.0,0,,-0.12060561248956492
2021-03-11,143178.67325831653,0.0,0,,-0.12060561248956492
2021-03-12,143178.67325831653,0.0,0,,-0.12060561248956492
2021-03-15,143178.67325831653,0.0,0,,-0.12060561248956492
2021-03-16,143178.67325831653,0.0,0,,-0.12060561248956492
2021-03-17,143178.67325831653,0.0,0,,-0.12060561248956492
2021-03-18,143178.67325831653,0.0,0,,-0.12060561248956492
2021-03-19,143178.67325831653,0.0,0,,-0.12060561248956492
2021-03-22,143178.67325831653,0.0,0,,-0.12060561248956492
2021-03-23,143178.67325831653,0.0,0,,-0.12060561248956492
2021-03-24,143178.67325831653,0.0,0,,-0.12060561248956492
2021-03-25,143178.67325831653,0.0,0,,-0.12060561248956492
2021-03-26,143178.67325831653,0.0,0,,-0.12060561248956492
2021-03-29,143178.67325831653,0.0,0,,-0.12060561248956492
2021-03-30,143178.67325831653,0.0,0,,-0.12060561248956492
2021-03-31,143178.67325831653,0.0,0,,-0.12060561248956492
2021-04-01,143178.67325831653,0.0,0,,-0.12060561248956492
2021-04-05,143178.67325831653,0.0,0,,-0.12060561248956492
2021-04-06,143178.67325831653,0.0,0,,-0.12060561248956492
2021-04-07,143387.61627284717,0.0014593165991534374,1,27.513927664075577,-0.11932229766266844
2021-04-08,145128.2179511088,0.012139135327764228,1,28.110714299338206,-0.10863163185385116
2021-04-09,143011.271176571,-0.014586734436792703,1,28.110714299338206,-0.1216337855253562
2021-04-12,145034.129433846,0.014144747058275398,1,28.154999324253627,-0.10920951759707753
2021-04-13,142776.05885618896,-0.01556923592034265,1,28.154999324253627,-0.12307844477320451
2021-04-14,145927.95240229252,0.02207578477340033,1,28.564642633710587,-0.10371971325686236
2021-04-15,148656.45659348855,0.01869761170686557,1,29.224999836512975,-0.08696141247482092
2021-04-16,148668.33141049978,7.988093678101826e-05,0,,-0.08688847809713218
2021-04-19,152095.57357124376,0.023052940247783926,1,29.303928307124547,-0.06583857274314242
2021-04-20,156225.72815566594,0.02715499529305876,1,30.11571298326765,-0.04047142358302547
2021-04-22,158963.15885698816,0.017522278395749158,1,30.553569861820765,-0.023658296738370388
2021-04-23,157570.44413395395,-0.008761242120805979,1,30.553569861820765,-0.032212262793285595
2021-04-26,157714.51364871883,0.000914318135972314,1,30.553569861820765,-0.03132739691338593
2021-04-27,161508.5029786677,0.024056056999290032,1,31.149643353053502,-0.008024953559883752
2021-04-28,155121.15246216152,-0.039548075789853754,1,31.149643353053502,-0.04725565787814123
2021-04-29,154640.90853285755,-0.003095928064492215,1,31.149643353053502,-0.05020528582520245
2021-04-30,149372.15903434413,-0.034070864873339324,0,,-0.08256561318926381
2021-05-03,149372.15903434413,0.0,0,,-0.08256561318926381
2021-05-04,149372.15903434413,0.0,0,,-0.08256561318926381
2021-05-05,149372.15903434413,0.0,0,,-0.08256561318926381
2021-05-06,149372.15903434413,0.0,0,,-0.08256561318926381
2021-05-07,149372.15903434413,0.0,0,,-0.08256561318926381
2021-05-10,149372.15903434413,0.0,0,,-0.08256561318926381
2021-05-11,149372.15903434413,0.0,0,,-0.08256561318926381
2021-05-12,149372.15903434413,0.0,0,,-0.08256561318926381
2021-05-13,149372.15903434413,0.0,0,,-0.08256561318926381
2021-05-14,149372.15903434413,0.0,0,,-0.08256561318926381
2021-05-17,149372.15903434413,0.0,0,,-0.08256561318926381
2021-05-18,149372.15903434413,0.0,0,,-0.08256561318926381
2021-05-19,149372.15903434413,0.0,0,,-0.08256561318926381
2021-05-20,149372.15903434413,0.0,0,,-0.08256561318926381
2021-05-21,149372.15903434413,0.0,0,,-0.08256561318926381
2021-05-24,149372.15903434413,0.0,0,,-0.08256561318926381
2021-05-25,149777.37281291743,0.0027127798191637353,1,30.49892977305821,-0.0800768156993168
2021-05-26,149776.98753365612,-2.572346236684453e-06,0,,-0.08007918206025799
2021-05-27,152379.47399585773,0.01737574313021084,1,31.190357208251953,-0.06409487422760363
2021-05-28,154847.336089521,0.01619550211684273,1,31.69035632269723,-0.04893742078199281
2021-05-31,154443.50286571032,-0.0026079442760139626,1,31.719999040876115,-0.05141773899159552
2021-06-01,157853.65389270132,0.022080249176659406,1,32.49607229232788,-0.03047280630397109
2021-06-02,159827.94014430107,0.01250706716577965,1,32.89142738069807,-0.018346864573364874
2021-06-04,160859.95457922737,0.006457033945344914,1,33.15178407941546,-0.012008296955360875
2021-06-07,160097.1679990596,-0.0047419296005836165,1,33.15178407941546,-0.016693284057159308
2021-06-08,160635.6065919224,0.003363198734820605,1,33.15178407941546,-0.013386228154159685
2021-06-09,170641.67745228185,0.06229049133408382,1,35.179998942783904,0.0
2021-06-10,170551.934834029,-0.0005259126585762663,1,35.179998942783904,-0.0005259126585762663
2021-06-11,175263.3281507048,0.027624390900406137,1,36.14571639469692,0.0
2021-06-14,171314.73853085103,-0.022529468437678335,1,36.14571639469692,-0.022529468437678335
2021-06-15,174590.2670721356,0.019119945950795803,1,36.14571639469692,-0.0038402847057111833
2021-06-16,171628.82913640884,-0.016962216653825246,1,36.14571639469692,-0.020737361618345718
2021-06-17,170282.72409592473,-0.007843117308772407,1,36.14571639469692,-0.028417833367270995
2021-06-18,168801.9965697342,-0.008695700248231741,1,36.14571639469692,-0.03686642065483681
2021-06-21,169564.80026655624,0.004518925796632489,1,36.14571639469692,-0.03251409147753104
2021-06-22,168263.5579768714,-0.007674011868260777,1,36.14571639469692,-0.039938589821907566
2021-06-23,167141.80092369227,-0.00666666666666671,1,36.14571639469692,-0.04633899922309481
2021-06-24,165975.18111971384,-0.006979820712300633,1,36.14571639469692,-0.05299538202883092
2021-06-25,161943.5689580092,-0.024290451948937863,0,,-0.07599855219708174
2021-06-28,161943.5689580092,0.0,0,,-0.07599855219708174
2021-06-29,161943.5689580092,0.0,0,,-0.07599855219708174
2021-06-30,161943.5689580092,0.0,0,,-0.07599855219708174
2021-07-01,161943.5689580092,0.0,0,,-0.07599855219708174
2021-07-02,161943.5689580092,0.0,0,,-0.07599855219708174
2021-07-05,161943.5689580092,0.0,0,,-0.07599855219708174
2021-07-06,161943.5689580092,0.0,0,,-0.07599855219708174
2021-07-07,161943.5689580092,0.0,0,,-0.07599855219708174
2021-07-08,161943.5689580092,0.0,0,,-0.07599855219708174
2021-07-12,161943.5689580092,0.0,0,,-0.07599855219708174
2021-07-13,161943.5689580092,0.0,0,,-0.07599855219708174
2021-07-14,161943.5689580092,0.0,0,,-0.07599855219708174
2021-07-15,161943.5689580092,0.0,0,,-0.07599855219708174
2021-07-16,161943.5689580092,0.0,0,,-0.07599855219708174
2021-07-19,161943.5689580092,0.0,0,,-0.07599855219708174
2021-07-20,161943.5689580092,0.0,0,,-0.07599855219708174
2021-07-21,161943.5689580092,0.0,0,,-0.07599855219708174
2021-07-22,161943.5689580092,0.0,0,,-0.07599855219708174
2021-07-23,161943.5689580092,0.0,0,,-0.07599855219708174
2021-07-26,161943.5689580092,0.0,0,,-0.07599855219708174
2021-07-27,161943.5689580092,0.0,0,,-0.07599855219708174
2021-07-28,161943.5689580092,0.0,0,,-0.07599855219708174
2021-07-29,161943.5689580092,0.0,0,,-0.07599855219708174
2021-07-30,161943.5689580092,0.0,0,,-0.07599855219708174
2021-08-02,161943.5689580092,0.0,0,,-0.07599855219708174
2021-08-03,161943.5689580092,0.0,0,,-0.07599855219708174
2021-08-04,161943.5689580092,0.0,0,,-0.07599855219708174
2021-08-05,161943.5689580092,0.0,0,,-0.07599855219708174
2021-08-06,161943.5689580092,0.0,0,,-0.07599855219708174
2021-08-09,161943.5689580092,0.0,0,,-0.07599855219708174
2021-08-10,161943.5689580092,0.0,0,,-0.07599855219708174
2021-08-11,161943.5689580092,0.0,0,,-0.07599855219708174
2021-08-12,161943.5689580092,0.0,0,,-0.07599855219708174
2021-08-13,161943.5689580092,0.0,0,,-0.07599855219708174
2021-08-16,161943.5689580092,0.0,0,,-0.07599855219708174
2021-08-17,161943.5689580092,0.0,0,,-0.07599855219708174
2021-08-18,161943.5689580092,0.0,0,,-0.07599855219708174
2021-08-19,161943.5689580092,0.0,0,,-0.07599855219708174
2021-08-20,161943.5689580092,0.0,0,,-0.07599855219708174
2021-08-23,161943.5689580092,0.0,0,,-0.07599855219708174
2021-08-24,161943.5689580092,0.0,0,,-0.07599855219708174
2021-08-25,161943.5689580092,0.0,0,,-0.07599855219708174
2021-08-26,155130.1409316648,-0.04207285334134547,1,31.36892863682338,-0.11487392959768483
2021-08-27,155420.41139634728,0.0018711416294681094,0,,-0.1132177333600276
2021-08-30,155375.5696276537,-0.0002885191738376536,1,30.52357312611171,-0.11347358704697252
2021-08-31,151006.07073125077,-0.028122174592016713,1,30.52357312611171,-0.1384046376124718
2021-09-01,154294.9433736818,0.02177973790394372,1,30.52357312611171,-0.11963931644041803
2021-09-02,150348.29978734738,-0.025578567255935103,1,30.52357312611171,-0.14215768139432783
2021-09-03,146307.68636289617,-0.026875019073486328,1,30.52357312611171,-0.16521221006889897
2021-09-06,150113.38415351245,0.0260116053040218,1,30.52357312611171,-0.1434980395645945
2021-09-08,143196.36162378892,-0.04607865293776792,0,,-0.1829644961400153
2021-09-09,143196.36162378892,0.0,0,,-0.1829644961400153
2021-09-10,143196.36162378892,0.0,0,,-0.1829644961400153
2021-09-13,143196.36162378892,0.0,0,,-0.1829644961400153
2021-09-14,143196.36162378892,0.0,0,,-0.1829644961400153
2021-09-15,143467.0243835856,0.0018901510955129375,1,29.6299991607666,-0.18142017558732138
2021-09-16,143908.0643880952,0.0030741559351672443,1,29.821072578430176,-0.17890373356169498
2021-09-17,139144.93328312717,-0.03309843076009056,1,29.821072578430176,-0.20608073148377204
2021-09-20,136338.0418561558,-0.020172430003326247,0,,-0.22209601235620768
2021-09-21,136338.0418561558,0.0,0,,-0.22209601235620768
2021-09-22,136338.0418561558,0.0,0,,-0.22209601235620768
2021-09-23,136338.0418561558,0.0,0,,-0.22209601235620768
2021-09-24,136338.0418561558,0.0,0,,-0.22209601235620768
2021-09-27,136133.84109451403,-0.0014977533699449541,1,30.753571850912913,-0.22326112067519477
2021-09-28,133023.36282784352,-0.022848677754644386,1,30.753571850912913,-0.24100857702839085
2021-09-29,133186.84523446867,0.0012289751450407227,0,,-0.24007579543425972
2021-09-30,138161.51444631018,0.03735105522684212,1,32.17999914714268,-0.21169182450131063
2021-10-01,138280.00149129122,0.000857598047154351,1,32.17999914714268,-0.21101577294944718
2021-10-04,139859.89907046457,0.011425351186974408,1,32.31714241845267,-0.20200135107441108
2021-10-05,141163.3168333356,0.009319453049328574,1,32.686430181775776,-0.19456444013232144
2021-10-06,139820.40841114422,-0.009513154354235498,1,32.686430181775776,-0.2022266729357327
2021-10-07,141676.77073959998,0.013276762309240908,1,32.853927271706716,-0.19163482609564808
2021-10-08,143572.63879439604,0.013381643616656502,1,33.40535497665405,-0.18081757142634358
2021-10-11,144599.5767409647,0.007152741324475409,1,33.672500474112375,-0.17495817141720071
2021-10-13,146811.41527138348,0.01529630017092698,1,34.336069107055664,-0.1623380839536277
2021-10-14,149536.73784210652,0.018563424143042573,1,34.956428800310405,-0.14678821051758517
2021-10-15,149062.7745951625,-0.0031695438444327984,1,34.956428800310405,-0.14949250269293668
2021-10-18,151037.6390356192,0.013248542071085279,1,35.40250110626221,-0.13822451833309068
2021-10-19,148035.83664859383,-0.01987453197886302,1,35.40250110626221,-0.15535190270207977
2021-10-20,151077.12969493956,0.020544302752617538,1,35.40250110626221,-0.13799919647176895
2021-10-21,144204.59481266138,-0.04549023995991619,1,35.40250110626221,-0.17721181986990875
2021-10-22,139620.53565436034,-0.03178857902729293,0,,-0.2033670869566967
2021-10-25,139620.53565436034,0.0,0,,-0.2033670869566967
2021-10-26,139620.53565436034,0.0,0,,-0.2033670869566967
2021-10-27,139620.53565436034,0.0,0,,-0.2033670869566967
2021-10-28,139620.53565436034,0.0,0,,-0.2033670869566967
2021-10-29,139620.53565436034,0.0,0,,-0.2033670869566967
2021-11-01,139620.53565436034,0.0,0,,-0.2033670869566967
2021-11-03,139620.53565436034,0.0,0,,-0.2033670869566967
2021-11-04,139620.53565436034,0.0,0,,-0.2033670869566967
2021-11-05,139620.53565436034,0.0,0,,-0.2033670869566967
2021-11-08,139620.53565436034,0.0,0,,-0.2033670869566967
2021-11-09,139620.53565436034,0.0,0,,-0.2033670869566967
2021-11-10,139620.53565436034,0.0,0,,-0.2033670869566967
2021-11-11,139620.53565436034,0.0,0,,-0.2033670869566967
2021-11-12,139620.53565436034,0.0,0,,-0.2033670869566967
2021-11-16,139620.53565436034,0.0,0,,-0.2033670869566967
2021-11-17,139620.53565436034,0.0,0,,-0.2033670869566967
2021-11-18,139620.53565436034,0.0,0,,-0.2033670869566967
2021-11-19,138823.18522570434,-0.005710839203696305,1,33.736070905412944,-0.2079165294274592
2021-11-22,138174.44073556748,-0.004673171049072944,0,,-0.21161807097058805
2021-11-23,137120.83902595894,-0.007625156316897086,1,33.63178607395717,-0.21762960641685425
2021-11-24,135758.83730840866,-0.009932857231805814,1,33.63178607395717,-0.22540077983870732
2021-11-25,135003.8572381893,-0.005561185446102956,0,,-0.22970846974843095
2021-11-26,135003.8572381893,0.0,0,,-0.22970846974843095
2021-11-29,135003.8572381893,0.0,0,,-0.22970846974843095
2021-11-30,135003.8572381893,0.0,0,,-0.22970846974843095
2021-12-01,135003.8572381893,0.0,0,,-0.22970846974843095
2021-12-02,135003.8572381893,0.0,0,,-0.22970846974843095
2021-12-03,135003.8572381893,0.0,0,,-0.22970846974843095
2021-12-06,135003.8572381893,0.0,0,,-0.22970846974843095
2021-12-07,135003.8572381893,0.0,0,,-0.22970846974843095
2021-12-08,135003.8572381893,0.0,0,,-0.22970846974843095
2021-12-09,135003.8572381893,0.0,0,,-0.22970846974843095
2021-12-10,135003.8572381893,0.0,0,,-0.22970846974843095
2021-12-13,135003.8572381893,0.0,0,,-0.22970846974843095
2021-12-14,135003.8572381893,0.0,0,,-0.22970846974843095
2021-12-15,135003.8572381893,0.0,0,,-0.22970846974843095
2021-12-16,135003.8572381893,0.0,0,,-0.22970846974843095
2021-12-17,135003.8572381893,0.0,0,,-0.22970846974843095
2021-12-20,135003.8572381893,0.0,0,,-0.22970846974843095
2021-12-21,135003.8572381893,0.0,0,,-0.22970846974843095
2021-12-22,135003.8572381893,0.0,0,,-0.22970846974843095
2021-12-23,135003.8572381893,0.0,0,,-0.22970846974843095
2021-12-27,135003.8572381893,0.0,0,,-0.22970846974843095
2021-12-28,135003.8572381893,0.0,0,,-0.22970846974843095
2021-12-29,135003.8572381893,0.0,0,,-0.22970846974843095
2021-12-30,135003.8572381893,0.0,0,,-0.22970846974843095
2022-01-03,131320.1285330743,-0.027286099675031705,1,31.668928827558243,-0.2507267212217079
2022-01-04,131709.0486235005,0.0029616182589118356,0,,-0.24850765979836342
2022-01-05,131709.0486235005,0.0,0,,-0.24850765979836342
2022-01-06,131709.0486235005,0.0,0,,-0.24850765979836342
2022-01-07,131709.0486235005,0.0,0,,-0.24850765979836342
2022-01-10,131709.0486235005,0.0,0,,-0.24850765979836342
2022-01-11,131709.0486235005,0.0,0,,-0.24850765979836342
2022-01-12,131709.0486235005,0.0,0,,-0.24850765979836342
2022-01-13,131709.0486235005,0.0,0,,-0.24850765979836342
2022-01-14,131709.0486235005,0.0,0,,-0.24850765979836342
2022-01-17,131709.0486235005,0.0,0,,-0.24850765979836342
2022-01-18,131709.0486235005,0.0,0,,-0.24850765979836342
2022-01-19,136714.28723009757,0.03800223795484925,1,33.98821544647217,-0.2199492690647744
2022-01-20,140207.38967776703,0.025550383346477634,1,34.762142590114046,-0.2000186738596792
2022-01-21,136379.840195429,-0.027299199358427173,1,34.762142590114046,-0.22185752356500277
2022-01-24,135116.3751950908,-0.009264309142228533,1,34.762142590114046,-0.22906647602339592
2022-01-25,136454.16333376523,0.009901006719154726,1,34.762142590114046,-0.22143345802248193
2022-01-26,136491.31781508878,0.00027228543575241737,1,34.762142590114046,-0.22122146569233736
2022-01-27,135859.5924027643,-0.004628319386441149,1,34.762142590114046,-0.2248259014804178
2022-01-28,136974.4111264299,0.008205668101525454,1,34.762142590114046,-0.2184650801070669
2022-01-31,136528.4864721015,-0.0032555325528416112,1,34.762142590114046,-0.22100939247996088
2022-02-01,138906.7701961053,0.017419688633915742,1,34.762142590114046,-0.20743961864821692
2022-02-02,137197.36636574953,-0.012306123221657694,1,34.762142590114046,-0.21719296436173596
2022-02-03,135302.17595308687,-0.013813606360419062,1,34.762142590114046,-0.22800635260820945
2022-02-04,136528.4864721015,0.009063494436629238,1,34.762142590114046,-0.22100939247996088
2022-02-07,136788.61036843384,0.0019052719549885744,1,34.762142590114046,-0.21952520352225335
2022-02-08,135042.05205675453,-0.012768302177900925,1,34.762142590114046,-0.22949054156591697
2022-02-09,138237.8761267681,0.023665399194840786,1,34.762142590114046,-0.21125612764867385
2022-02-10,139947.2657814347,0.01236556653329246,1,35.026071957179475,-0.20150286281738672
2022-02-11,139947.2657814347,0.0,1,35.040357317243306,-0.20150286281738672
2022-02-14,142771.4741597669,0.02018051844430424,1,35.79321329934256,-0.18538877661274877
2022-02-15,144555.20112845892,0.012493580942478655,1,36.246430669512065,-0.17521136535670867
2022-02-16,147713.85654145974,0.02185085966013678,1,37.05535779680525,-0.15718902465184226
2022-02-17,147342.2550254676,-0.002515684883549363,1,37.05535779680525,-0.1593092714822152
2022-02-18,145595.6967137883,-0.011853750381229267,1,37.05535779680525,-0.1692746095258787
2022-02-21,142176.90322876594,-0.02348141849098062,1,37.05535779680525,-0.18878122007068487
2022-02-22,145298.40416044323,0.02195504938417958,1,37.05535779680525,-0.1709708716959627
2022-02-23,142139.7487474424,-0.021739092258115433,1,37.05535779680525,-0.18899321240082922
2022-02-24,137493.8219114772,-0.03268562718666557,0,,-0.21550147790615104
2022-02-25,137493.8219114772,0.0,0,,-0.21550147790615104
2022-03-02,137493.8219114772,0.0,0,,-0.21550147790615104
2022-03-03,137493.8219114772,0.0,0,,-0.21550147790615104
2022-03-04,137493.8219114772,0.0,0,,-0.21550147790615104
2022-03-07,137493.8219114772,0.0,0,,-0.21550147790615104
2022-03-08,137493.8219114772,0.0,0,,-0.21550147790615104
2022-03-09,137493.8219114772,0.0,0,,-0.21550147790615104
2022-03-10,137493.8219114772,0.0,0,,-0.21550147790615104
2022-03-11,137493.8219114772,0.0,0,,-0.21550147790615104
2022-03-14,137493.8219114772,0.0,0,,-0.21550147790615104
2022-03-15,137493.8219114772,0.0,0,,-0.21550147790615104
2022-03-16,137493.8219114772,0.0,0,,-0.21550147790615104
2022-03-17,137493.8219114772,0.0,0,,-0.21550147790615104
2022-03-18,137493.8219114772,0.0,0,,-0.21550147790615104
2022-03-21,137493.8219114772,0.0,0,,-0.21550147790615104
2022-03-22,137493.8219114772,0.0,0,,-0.21550147790615104
2022-03-23,137493.8219114772,0.0,0,,-0.21550147790615104
2022-03-24,137493.8219114772,0.0,0,,-0.21550147790615104
2022-03-25,137493.8219114772,0.0,0,,-0.21550147790615104
2022-03-28,137493.8219114772,0.0,0,,-0.21550147790615104
2022-03-29,137493.8219114772,0.0,0,,-0.21550147790615104
2022-03-30,137493.8219114772,0.0,0,,-0.21550147790615104
2022-03-31,137493.8219114772,0.0,0,,-0.21550147790615104
2022-04-01,137493.8219114772,0.0,0,,-0.21550147790615104
2022-04-04,137493.8219114772,0.0,0,,-0.21550147790615104
2022-04-05,137493.8219114772,0.0,0,,-0.21550147790615104
2022-04-06,137493.8219114772,0.0,0,,-0.21550147790615104
2022-04-07,137493.8219114772,0.0,0,,-0.21550147790615104
2022-04-08,137493.8219114772,0.0,0,,-0.21550147790615104
2022-04-11,137493.8219114772,0.0,0,,-0.21550147790615104
2022-04-12,137493.8219114772,0.0,0,,-0.21550147790615104
2022-04-13,136846.9180708013,-0.004704966606371541,1,43.44464233943394,-0.21919251725535038
2022-04-14,136876.32218551016,0.0002148686658303145,1,43.44464233943394,-0.21902474619326273
2022-04-18,136876.32218551016,0.0,1,43.45821516854422,-0.21902474619326273
2022-04-19,136348.11479370133,-0.0038590121605761585,0,,-0.22203853919481198
2022-04-20,136348.11479370133,0.0,0,,-0.22203853919481198
2022-04-22,135937.26339456657,-0.003013253243408509,1,43.162498882838655,-0.22438273408983012
2022-04-25,134406.97062774727,-0.011257345694664522,0,,-0.23311412577893142
2022-04-26,134406.97062774727,0.0,0,,-0.23311412577893142
2022-04-27,134406.97062774727,0.0,0,,-0.23311412577893142
2022-04-28,133725.4533862613,-0.005070549825674564,1,44.547497613089426,-0.23700265881477534
2022-04-29,131098.39989960866,-0.019645126788723544,1,44.547497613089426,-0.25199183832181804
2022-05-02,125648.47052995439,-0.041571288237138404,0,,-0.28308750121467374
2022-05-03,125648.47052995439,0.0,0,,-0.28308750121467374
2022-05-04,125648.47052995439,0.0,0,,-0.28308750121467374
2022-05-05,125648.47052995439,0.0,0,,-0.28308750121467374
2022-05-06,125648.47052995439,0.0,0,,-0.28308750121467374
2022-05-09,125648.47052995439,0.0,0,,-0.28308750121467374
2022-05-10,125648.47052995439,0.0,0,,-0.28308750121467374
2022-05-11,125648.47052995439,0.0,0,,-0.28308750121467374
2022-05-12,125648.47052995439,0.0,0,,-0.28308750121467374
2022-05-13,125648.47052995439,0.0,0,,-0.28308750121467374
2022-05-16,128235.24405930523,0.020587385731322128,1,43.96714455740793,-0.26832814706657415
2022-05-17,133011.37199379088,0.03724504889059066,1,45.76964160374233,-0.24107699313219966
2022-05-18,125913.8747011634,-0.053360078813101786,1,45.76964160374233,-0.28157318459174163
2022-05-19,121940.84628298409,-0.03155353949363138,0,,-0.30424209348500997
2022-05-20,121940.84628298409,0.0,0,,-0.30424209348500997
2022-05-23,122390.31311854887,0.003685941579589569,1,42.52892984662737,-0.3016775704880582
2022-05-24,125419.11828876329,0.024747098794335676,1,43.664641516549246,-0.2843961163346256
2022-05-25,125682.49920375232,0.0021000061121672076,1,43.896786962236675,-0.2828933438050377
2022-05-26,124391.95783769255,-0.010268266260106684,1,43.896786962236675,-0.2902567858877423
2022-05-27,124336.8578068022,-0.0004429549293069046,0,,-0.2905711701429755
2022-05-30,123898.28740471239,-0.003527275900532034,1,45.25714329310826,-0.29307352135767284
2022-05-31,127153.45867052392,0.02627293188628621,1,46.18821253095354,-0.2745004901356908
2022-06-01,131190.88330573443,0.03175237761854488,1,47.60250037057059,-0.25146415573641
2022-06-02,131973.12704917672,0.00596263798010499,1,47.9089264188494,-0.24700090748193404
2022-06-03,130332.93141302341,-0.012428254697201546,1,47.9089264188494,-0.2563593719905102
2022-06-06,128919.83134680623,-0.010842233431695658,1,47.9089264188494,-0.2644220972686818
2022-06-07,121854.3502676337,-0.054805230548011896,1,47.9089264188494,-0.3047356138138948
2022-06-08,120562.93783974045,-0.010598000194961155,0,,-0.3121040259142447
2022-06-09,120562.93783974045,0.0,0,,-0.3121040259142447
2022-06-10,120562.93783974045,0.0,0,,-0.3121040259142447
2022-06-13,120562.93783974045,0.0,0,,-0.3121040259142447
2022-06-14,120562.93783974045,0.0,0,,-0.3121040259142447
2022-06-15,120562.93783974045,0.0,0,,-0.3121040259142447
2022-06-17,120562.93783974045,0.0,0,,-0.3121040259142447
2022-06-20,120562.93783974045,0.0,0,,-0.3121040259142447
2022-06-21,120562.93783974045,0.0,0,,-0.3121040259142447
2022-06-22,120562.93783974045,0.0,0,,-0.3121040259142447
2022-06-23,120562.93783974045,0.0,0,,-0.3121040259142447
2022-06-24,120562.93783974045,0.0,0,,-0.3121040259142447
2022-06-27,120562.93783974045,0.0,0,,-0.3121040259142447
2022-06-28,120562.93783974045,0.0,0,,-0.3121040259142447
2022-06-29,120562.93783974045,0.0,0,,-0.3121040259142447
2022-06-30,120562.93783974045,0.0,0,,-0.3121040259142447
2022-07-01,120562.93783974045,0.0,0,,-0.3121040259142447
2022-07-04,120562.93783974045,0.0,0,,-0.3121040259142447
2022-07-05,120562.93783974045,0.0,0,,-0.3121040259142447
2022-07-06,120562.93783974045,0.0,0,,-0.3121040259142447
2022-07-07,120562.93783974045,0.0,0,,-0.3121040259142447
2022-07-08,120562.93783974045,0.0,0,,-0.3121040259142447
2022-07-11,120562.93783974045,0.0,0,,-0.3121040259142447
2022-07-12,120562.93783974045,0.0,0,,-0.3121040259142447
2022-07-13,120562.93783974045,0.0,0,,-0.3121040259142447
2022-07-14,120562.93783974045,0.0,0,,-0.3121040259142447
2022-07-15,120562.93783974045,0.0,0,,-0.3121040259142447
2022-07-18,120562.93783974045,0.0,0,,-0.3121040259142447
2022-07-19,120562.93783974045,0.0,0,,-0.3121040259142447
2022-07-20,120562.93783974045,0.0,0,,-0.3121040259142447
2022-07-21,120562.93783974045,0.0,0,,-0.3121040259142447
2022-07-22,120562.93783974045,0.0,0,,-0.3121040259142447
2022-07-25,120562.93783974045,0.0,0,,-0.3121040259142447
2022-07-26,120562.93783974045,0.0,0,,-0.3121040259142447
2022-07-27,120562.93783974045,0.0,0,,-0.3121040259142447
2022-07-28,120562.93783974045,0.0,0,,-0.3121040259142447
2022-07-29,120562.93783974045,0.0,0,,-0.3121040259142447
2022-08-01,120562.93783974045,0.0,0,,-0.3121040259142447
2022-08-02,120562.93783974045,0.0,0,,-0.3121040259142447
2022-08-03,120562.93783974045,0.0,0,,-0.3121040259142447
2022-08-04,120562.93783974045,0.0,0,,-0.3121040259142447
2022-08-05,120562.93783974045,0.0,0,,-0.3121040259142447
2022-08-08,120562.93783974045,0.0,0,,-0.3121040259142447
2022-08-09,120562.93783974045,0.0,0,,-0.3121040259142447
2022-08-10,121019.49641267658,0.0037868899109194665,1,31.189998081752233,-0.3094990395902172
2022-08-11,121798.21644804001,0.006434665970745712,1,31.329641342163086,-0.3050558965575012
2022-08-12,121686.20689042463,-0.0009196321660683848,0,,-0.3056949895086465
2022-08-15,120784.79316264128,-0.007407690245411769,1,32.3478558404105,-0.3108381859622038
2022-08-16,120784.79316264128,0.0,1,32.3478558404105,-0.3108381859622038
2022-08-17,122051.88258362432,0.010490471422812897,1,32.50607027326311,-0.3036085536463464
2022-08-18,123031.4145499739,0.008025537546939798,0,,-0.2980196379462674
2022-08-19,123031.4145499739,0.0,0,,-0.2980196379462674
2022-08-22,123031.4145499739,0.0,0,,-0.2980196379462674
2022-08-23,123031.4145499739,0.0,0,,-0.2980196379462674
2022-08-24,123031.4145499739,0.0,0,,-0.2980196379462674
2022-08-25,123031.4145499739,0.0,0,,-0.2980196379462674
2022-08-26,123031.4145499739,0.0,0,,-0.2980196379462674
2022-08-29,123031.4145499739,0.0,0,,-0.2980196379462674
2022-08-30,123031.4145499739,0.0,0,,-0.2980196379462674
2022-08-31,123031.4145499739,0.0,0,,-0.2980196379462674
2022-09-01,123031.4145499739,0.0,0,,-0.2980196379462674
2022-09-02,123031.4145499739,0.0,0,,-0.2980196379462674
2022-09-05,123031.4145499739,0.0,0,,-0.2980196379462674
2022-09-06,123031.4145499739,0.0,0,,-0.2980196379462674
2022-09-08,123031.4145499739,0.0,0,,-0.2980196379462674
2022-09-09,123031.4145499739,0.0,0,,-0.2980196379462674
2022-09-12,123031.4145499739,0.0,0,,-0.2980196379462674
2022-09-13,123031.4145499739,0.0,0,,-0.2980196379462674
2022-09-14,123031.4145499739,0.0,0,,-0.2980196379462674
2022-09-15,123031.4145499739,0.0,0,,-0.2980196379462674
2022-09-16,123031.4145499739,0.0,0,,-0.2980196379462674
2022-09-19,123031.4145499739,0.0,0,,-0.2980196379462674
2022-09-20,123031.4145499739,0.0,0,,-0.2980196379462674
2022-09-21,123031.4145499739,0.0,0,,-0.2980196379462674
2022-09-22,123031.4145499739,0.0,0,,-0.2980196379462674
2022-09-23,123031.4145499739,0.0,0,,-0.2980196379462674
2022-09-26,123031.4145499739,0.0,0,,-0.2980196379462674
2022-09-27,123031.4145499739,0.0,0,,-0.2980196379462674
2022-09-28,123031.4145499739,0.0,0,,-0.2980196379462674
2022-09-29,123031.4145499739,0.0,0,,-0.2980196379462674
2022-09-30,123031.4145499739,0.0,0,,-0.2980196379462674
2022-10-03,123031.4145499739,0.0,0,,-0.2980196379462674
2022-10-04,123031.4145499739,0.0,0,,-0.2980196379462674
2022-10-05,123031.4145499739,0.0,0,,-0.2980196379462674
2022-10-06,123031.4145499739,0.0,0,,-0.2980196379462674
2022-10-07,123031.4145499739,0.0,0,,-0.2980196379462674
2022-10-10,123031.4145499739,0.0,0,,-0.2980196379462674
2022-10-11,123031.4145499739,0.0,0,,-0.2980196379462674
2022-10-13,123031.4145499739,0.0,0,,-0.2980196379462674
2022-10-14,123031.4145499739,0.0,0,,-0.2980196379462674
2022-10-17,123031.4145499739,0.0,0,,-0.2980196379462674
2022-10-18,123031.4145499739,0.0,0,,-0.2980196379462674
2022-10-19,123031.4145499739,0.0,0,,-0.2980196379462674
2022-10-20,121617.79962848849,-0.011489869694306543,1,25.39964226314,-0.3060853008342269
2022-10-21,121705.60394726998,0.0007219693091777835,1,25.39964226314,-0.30558431571824196
2022-10-24,121486.08058889727,-0.001803724325363243,1,25.39964226314,-0.3068368501798947
2022-10-25,117798.03122313642,-0.030357793649142595,1,25.39964226314,-0.32787975404732317
2022-10-26,111350.72005541156,-0.05473190936028616,0,,-0.3646661784280183
2022-10-27,111350.72005541156,0.0,0,,-0.3646661784280183
2022-10-28,111350.72005541156,0.0,0,,-0.3646661784280183
2022-10-31,119849.35420574187,0.07632311803732494,1,24.02357006072998,-0.3161755201710752
2022-11-01,127803.76500349861,0.06637007642195258,1,25.690356595175608,-0.27079003718562744
2022-11-03,122204.57265736457,-0.043810856010233934,1,25.690356595175608,-0.30273734986771594
2022-11-04,128914.71566402011,0.05490909923206688,1,25.690356595175608,-0.2644512858207885
2022-11-07,122471.19844264307,-0.04998279046877985,1,25.690356595175608,-0.3012160630811884
2022-11-08,124781.9778507392,0.018867941503637242,1,25.690356595175608,-0.28803144863572294
2022-11-09,125315.23789717711,0.004273534172344773,1,25.690356595175608,-0.2849888267018329
2022-11-10,119227.22454813172,-0.04858158872938256,1,25.690356595175608,-0.31972520545991767
2022-11-11,126470.61912534428,0.06075285745067749,1,25.690356595175608,-0.27839656783993516
2022-11-14,125137.48172307084,-0.010541083861953515,1,25.690356595175608,-0.286003050133408
2022-11-16,117094.20131414186,-0.06427554956498771,1,25.690356595175608,-0.3318955964738082
2022-11-17,115365.56039119423,-0.014762822612453763,0,,-0.3417587032696645
2022-11-18,115365.56039119423,0.0,0,,-0.3417587032696645
2022-11-21,114823.69444787792,-0.004696947177987076,1,23.409641810825892,-0.3448504278707766
2022-11-22,116094.95458917697,0.011071409497942275,1,23.784998757498606,-0.3375969986753323
2022-11-23,115684.86840180014,-0.0035323342760931187,1,23.858212879725865,-0.33993682750149845
2022-11-24,118514.45449078245,0.024459431281492305,1,24.662499359675817,-0.32379205769232755
2022-11-25,113675.45468757149,-0.0408304609256529,1,24.662499359675817,-0.3514019396583371
2022-11-28,113593.4437074909,-0.0007214484455416725,1,24.662499359675817,-0.35186986972075196
2022-11-29,116423.02197472974,0.024909697029039446,1,24.662499359675817,-0.33572514454010405
2022-11-30,117530.25233412413,0.00951040731131969,1,24.795714242117747,-0.3294076200980125
2022-12-01,111584.0221715188,-0.050593188089998575,1,24.795714242117747,-0.3633350265061135
2022-12-02,111539.4897986935,-0.0003990927371021469,0,,-0.3635891148730023
2022-12-05,109337.1163005867,-0.019745235540180817,1,23.73857225690569,-0.3761551977001698
2022-12-06,110148.59539780901,0.007421808116755191,0,,-0.3715251412828653
2022-12-07,110148.59539780901,0.0,0,,-0.3715251412828653
2022-12-08,110148.59539780901,0.0,0,,-0.3715251412828653
2022-12-09,110148.59539780901,0.0,0,,-0.3715251412828653
2022-12-12,110148.59539780901,0.0,0,,-0.3715251412828653
2022-12-13,110148.59539780901,0.0,0,,-0.3715251412828653
2022-12-14,110148.59539780901,0.0,0,,-0.3715251412828653
2022-12-15,110148.59539780901,0.0,0,,-0.3715251412828653
2022-12-16,110148.59539780901,0.0,0,,-0.3715251412828653
2022-12-19,110148.59539780901,0.0,0,,-0.3715251412828653
2022-12-20,110148.59539780901,0.0,0,,-0.3715251412828653
2022-12-21,110148.59539780901,0.0,0,,-0.3715251412828653
2022-12-22,110148.59539780901,0.0,0,,-0.3715251412828653
2022-12-23,110148.59539780901,0.0,0,,-0.3715251412828653
2022-12-26,110148.59539780901,0.0,0,,-0.3715251412828653
2022-12-27,110148.59539780901,0.0,0,,-0.3715251412828653
2022-12-28,110148.59539780901,0.0,0,,-0.3715251412828653
2022-12-29,110148.59539780901,0.0,0,,-0.3715251412828653
2023-01-02,110148.59539780901,0.0,0,,-0.3715251412828653
2023-01-03,110148.59539780901,0.0,0,,-0.3715251412828653
2023-01-04,110148.59539780901,0.0,0,,-0.3715251412828653
2023-01-05,110148.59539780901,0.0,0,,-0.3715251412828653
2023-01-06,110148.59539780901,0.0,0,,-0.3715251412828653
2023-01-09,110148.59539780901,0.0,0,,-0.3715251412828653
2023-01-10,110148.59539780901,0.0,0,,-0.3715251412828653
2023-01-11,110148.59539780901,0.0,0,,-0.3715251412828653
2023-01-12,110148.59539780901,0.0,0,,-0.3715251412828653
2023-01-13,110148.59539780901,0.0,0,,-0.3715251412828653
2023-01-16,110148.59539780901,0.0,0,,-0.3715251412828653
2023-01-17,110148.59539780901,0.0,0,,-0.3715251412828653
2023-01-18,110148.59539780901,0.0,0,,-0.3715251412828653
2023-01-19,110148.59539780901,0.0,0,,-0.3715251412828653
2023-01-20,110148.59539780901,0.0,0,,-0.3715251412828653
2023-01-23,110148.59539780901,0.0,0,,-0.3715251412828653
2023-01-24,110148.59539780901,0.0,0,,-0.3715251412828653
2023-01-25,110148.59539780901,0.0,0,,-0.3715251412828653
2023-01-26,110148.59539780901,0.0,0,,-0.3715251412828653
2023-01-27,110148.59539780901,0.0,0,,-0.3715251412828653
2023-01-30,110148.59539780901,0.0,0,,-0.3715251412828653
2023-01-31,112273.07594160661,0.019287404765579552,1,22.742142949785507,-0.35940349229779744
2023-02-01,117570.24757941921,0.04718113931934731,1,23.861429282597133,-0.3291794192204125
2023-02-02,115774.59835363466,-0.015272990086812377,1,23.861429282597133,-0.3394248553006889
2023-02-03,115280.79160566982,-0.004265242591958818,1,23.861429282597133,-0.3422423685430498
2023-02-06,116807.09558816941,0.01323988117396424,1,23.861429282597133,-0.33353373566129163
2023-02-07,118108.93806598912,0.011145234553298522,1,23.940356527056014,-0.32610581282337603
2023-02-08,127715.67640801554,0.08133794528453886,1,25.83571481704712,-0.27129264429923494
2023-02-09,127176.97735911472,-0.004217955571717225,1,25.83571481704712,-0.2743662995503643
2023-02-10,127446.32260239968,0.002117877377478372,1,25.83571481704712,-0.27282949635184606
2023-02-13,125426.22043426616,-0.015850611668378534,1,25.83571481704712,-0.2843555936218721
2023-02-14,119455.68140707571,-0.04760200065439679,1,25.83571481704712,-0.3184216991225991
2023-02-15,121969.59032317408,0.021044699477554163,1,25.83571481704712,-0.30407808861021224
2023-02-16,124034.5847922436,0.01693040423927017,1,25.83571481704712,-0.2922958493314175
2023-02-17,120084.15649551759,-0.03184940960896454,1,25.83571481704712,-0.3148358087080255
2023-02-22,119231.21990239582,-0.007102823703088568,1,25.83571481704712,-0.31970240916644177
2023-02-23,120981.9853895753,0.014683784067735628,1,25.83571481704712,-0.30971306624084105
2023-02-24,115805.84415820384,-0.042784396492616006,0,,-0.3392465761084651
2023-02-27,115805.84415820384,0.0,0,,-0.3392465761084651
2023-02-28,115805.84415820384,0.0,0,,-0.3392465761084651
2023-03-01,115805.84415820384,0.0,0,,-0.3392465761084651
2023-03-02,115805.84415820384,0.0,0,,-0.3392465761084651
2023-03-03,115805.84415820384,0.0,0,,-0.3392465761084651
2023-03-06,115805.84415820384,0.0,0,,-0.3392465761084651
2023-03-07,115805.84415820384,0.0,0,,-0.3392465761084651
2023-03-08,115805.84415820384,0.0,0,,-0.3392465761084651
2023-03-09,115805.84415820384,0.0,0,,-0.3392465761084651
2023-03-10,115805.84415820384,0.0,0,,-0.3392465761084651
2023-03-13,115805.84415820384,0.0,0,,-0.3392465761084651
2023-03-14,115805.84415820384,0.0,0,,-0.3392465761084651
2023-03-15,115805.84415820384,0.0,0,,-0.3392465761084651
2023-03-16,115805.84415820384,0.0,0,,-0.3392465761084651
2023-03-17,115805.84415820384,0.0,0,,-0.3392465761084651
2023-03-20,115805.84415820384,0.0,0,,-0.3392465761084651
2023-03-21,115805.84415820384,0.0,0,,-0.3392465761084651
2023-03-22,115805.84415820384,0.0,0,,-0.3392465761084651
2023-03-23,115805.84415820384,0.0,0,,-0.3392465761084651
2023-03-24,115805.84415820384,0.0,0,,-0.3392465761084651
2023-03-27,115805.84415820384,0.0,0,,-0.3392465761084651
2023-03-28,115805.84415820384,0.0,0,,-0.3392465761084651
2023-03-29,115805.84415820384,0.0,0,,-0.3392465761084651
2023-03-30,115805.84415820384,0.0,0,,-0.3392465761084651
2023-03-31,115805.84415820384,0.0,0,,-0.3392465761084651
2023-04-03,115805.84415820384,0.0,0,,-0.3392465761084651
2023-04-04,115805.84415820384,0.0,0,,-0.3392465761084651
2023-04-05,115805.84415820384,0.0,0,,-0.3392465761084651
2023-04-06,115805.84415820384,0.0,0,,-0.3392465761084651
2023-04-10,117203.70436259407,0.012070722462681704,1,26.473928110940115,-0.3312708049124037
2023-04-11,117445.44240423513,0.002062546085516148,1,26.473928110940115,-0.3298915201288054
2023-04-12,118210.95516826455,0.006518028697908962,1,26.611428260803223,-0.32552373382629285
2023-04-13,117203.70436259407,-0.008520790685065838,1,26.611428260803223,-0.3312708049124037
2023-04-14,114786.30089204217,-0.02062565755663459,1,26.611428260803223,-0.34506378428840434
2023-04-17,113255.2830486971,-0.013337983988045754,1,26.611428260803223,-0.35379931304675694
2023-04-18,111361.64661581977,-0.016720071522518865,1,26.611428260803223,-0.36460383475051594
2023-04-19,110918.46148693014,-0.00397969267119902,1,26.611428260803223,-0.3671325162126673
2023-04-20,111764.54847503072,0.007628008689971599,1,26.611428260803223,-0.36230499754673706
2023-04-24,115269.78466003806,0.03136268372068307,1,26.611428260803223,-0.34230517087453516
2023-04-25,118372.11130112066,0.026913615308922445,1,26.833569867270334,-0.3246042252527849
2023-04-26,119016.75888668645,0.005445941434008006,1,26.977500166211808,-0.320926059418735
2023-04-27,122481.69643258752,0.029113022218996587,1,27.678570406777517,-0.3011561646982511
2023-04-28,126510.69965526945,0.03289473725488001,1,28.485712936946324,-0.27816788035380746
2023-05-02,122965.18020058342,-0.02802545132030143,1,28.485712936946324,-0.29839755128438183
2023-05-03,122280.24934533895,-0.005570120371695464,1,28.485712936946324,-0.3023055613768041
2023-05-04,124455.907089536,0.017792388843210993,1,28.485712936946324,-0.28989191063107445
2023-05-05,130056.21910995546,0.04499836248343336,1,29.235355377197266,-0.2579382094232332
2023-05-08,135898.27685672976,0.044919480104485876,1,30.465713705335343,-0.22460517958512094
2023-05-09,134286.68478931353,-0.011858811639791744,1,30.465713705335343,-0.2338004407068912
2023-05-10,133964.35715417375,-0.002400294829271288,1,30.465713705335343,-0.23563954554725242
2023-05-11,138073.9422856406,0.03067670549665169,1,30.945000989096506,-0.21219148499271856
2023-05-12,138194.80746410423,0.0008753655937019378,1,30.945000989096506,-0.2115018645242558
2023-05-15,137106.97474964883,-0.00787173363758964,1,30.945000989096506,-0.21770871182045692
2023-05-16,136542.91675758176,-0.00411399925566891,1,30.945000989096506,-0.2209270575977439
2023-05-17,140451.05480180006,0.0286220489280804,1,31.426073483058385,-0.198628393721763
2023-05-18,143029.61440520806,0.018359133059177024,1,32.16607277733939,-0.18391590577225447
2023-05-19,144157.73038934218,0.007887289557658494,1,32.601428849356516,-0.17747921421768076
2023-05-22,144641.22184205186,0.003353905832200965,1,32.73214612688337,-0.17472055695713884
2023-05-23,145084.3992862277,0.0030639774645970785,1,32.82428639275687,-0.17219191934166023
2023-05-24,144923.2508380854,-0.0011107220964838849,1,32.82428639275687,-0.17311138406849536
2023-05-25,147139.19953667492,0.015290498148328613,1,33.47178827013288,-0.16046784521772062
2023-05-26,145447.01019104617,-0.011500601817580058,1,33.47178827013288,-0.17012297024292655
2023-05-29,143593.6723972751,-0.012742357449195274,1,33.47178827013288,-0.18069755999496773
2023-05-30,143916.00003241492,0.002244720326171734,1,33.47178827013288,-0.1788584551546063
2023-05-31,145729.0391870797,0.012597898456435885,1,33.47178827013288,-0.16851379735428307
2023-06-01,148468.76260805762,0.01880011997787756,1,34.008927072797505,-0.15288175698459383
2023-06-02,151087.6208505719,0.017639119478807697,1,34.75714274815151,-0.13793933708336736
2023-06-05,153907.92618033476,0.018666687011718697,1,35.396429198128835,-0.12184752050358771
2023-06-06,152296.31874349096,-0.010471243923821483,1,35.396429198128835,-0.13104286931870335
2023-06-07,153464.73336673132,0.007671982047105841,1,35.396429198128835,-0.12437624581241191
2023-06-09,153827.3442715498,0.0023628288849397716,1,35.44785690307617,-0.12230729671367813
2023-06-12,150362.39904093495,-0.022524897943360656,1,35.44785690307617,-0.14207723528083482
2023-06-13,147139.19953667492,-0.02143620695611903,1,35.44785690307617,-0.16046784521772062
2023-06-14,146575.14154460788,-0.003833499120854289,1,35.44785690307617,-0.16368619099500736
2023-06-15,148307.6141599153,0.011819689185019078,1,35.44785690307617,-0.15380122171142907
2023-06-16,148589.6431559488,0.0019016487968674944,1,35.44785690307617,-0.1521920488227857
2023-06-19,151168.20275935685,0.017353562123450184,1,35.44785690307617,-0.13747956087327706
2023-06-20,151691.9774817452,0.003464847188943354,1,35.44785690307617,-0.13449105935436267
2023-06-21,150442.9809497199,-0.00823376788120267,1,35.44785690307617,-0.1416174590707444
2023-06-22,146212.5306397894,-0.02811995802811429,1,35.44785690307617,-0.16575514009374115
2023-06-23,142605.30040511183,-0.02467114288285155,0,,-0.186336914231773
2023-06-26,142605.30040511183,0.0,0,,-0.186336914231773
2023-06-27,142605.30040511183,0.0,0,,-0.186336914231773
2023-06-28,142605.30040511183,0.0,0,,-0.186336914231773
2023-06-29,142605.30040511183,0.0,0,,-0.186336914231773
2023-06-30,142605.30040511183,0.0,0,,-0.186336914231773
2023-07-03,142605.30040511183,0.0,0,,-0.186336914231773
2023-07-04,142605.30040511183,0.0,0,,-0.186336914231773
2023-07-05,142605.30040511183,0.0,0,,-0.186336914231773
2023-07-06,142605.30040511183,0.0,0,,-0.186336914231773
2023-07-07,142605.30040511183,0.0,0,,-0.186336914231773
2023-07-10,142605.30040511183,0.0,0,,-0.186336914231773
2023-07-11,142605.30040511183,0.0,0,,-0.186336914231773
2023-07-12,142605.30040511183,0.0,0,,-0.186336914231773
2023-07-13,142605.30040511183,0.0,0,,-0.186336914231773
2023-07-14,142605.30040511183,0.0,0,,-0.186336914231773
2023-07-17,142605.30040511183,0.0,0,,-0.186336914231773
2023-07-18,142605.30040511183,0.0,0,,-0.186336914231773
2023-07-19,142605.30040511183,0.0,0,,-0.186336914231773
2023-07-20,142605.30040511183,0.0,0,,-0.186336914231773
2023-07-21,142605.30040511183,0.0,0,,-0.186336914231773
2023-07-24,142605.30040511183,0.0,0,,-0.186336914231773
2023-07-25,142605.30040511183,0.0,0,,-0.186336914231773
2023-07-26,142605.30040511183,0.0,0,,-0.186336914231773
2023-07-27,142605.30040511183,0.0,0,,-0.186336914231773
2023-07-28,142605.30040511183,0.0,0,,-0.186336914231773
2023-07-31,142605.30040511183,0.0,0,,-0.186336914231773
2023-08-01,142605.30040511183,0.0,0,,-0.186336914231773
2023-08-02,142605.30040511183,0.0,0,,-0.186336914231773
2023-08-03,142605.30040511183,0.0,0,,-0.186336914231773
2023-08-04,142605.30040511183,0.0,0,,-0.186336914231773
2023-08-07,142605.30040511183,0.0,0,,-0.186336914231773
2023-08-08,142605.30040511183,0.0,0,,-0.186336914231773
2023-08-09,142605.30040511183,0.0,0,,-0.186336914231773
2023-08-10,142847.02188948955,0.0016950385693310643,1,32.197496141706196,-0.18495772391895482
2023-08-11,143467.92227467766,0.0043466106396565785,1,32.279641015189036,-0.18141505248997103
2023-08-14,142101.96353347765,-0.009521004553093126,1,32.279641015189036,-0.1892088035023075
2023-08-15,145371.9936303639,0.023011857229656485,1,32.66999735151018,-0.17055099224544024
2023-08-16,140984.35231423067,-0.0301821637480576,1,32.66999735151018,-0.19558555801815225
2023-08-17,135027.87121704835,-0.04224923546058723,0,,-0.22957145318534022
2023-08-18,135027.87121704835,0.0,0,,-0.22957145318534022
2023-08-21,135027.87121704835,0.0,0,,-0.22957145318534022
2023-08-22,135027.87121704835,0.0,0,,-0.22957145318534022
2023-08-23,135027.87121704835,0.0,0,,-0.22957145318534022
2023-08-24,135949.18327928858,0.006823125136582231,1,32.02214227403913,-0.22431472280162856
2023-08-25,141411.9455148556,0.04018238362156623,1,33.228570801871165,-0.1931458394236426
2023-08-28,143426.58322447137,0.01424658788393618,1,33.702142987932476,-0.18165092071547195
2023-08-29,145789.90851419914,0.01647759596998144,1,34.39785780225481,-0.16816649522461513
2023-08-30,145983.62055219887,0.0013287067669767172,1,34.487143652779714,-0.16706123241782211
2023-08-31,139978.45869852015,-0.04113586052300633,1,34.487143652779714,-0.20132488538528737
2023-09-01,144356.40691858256,0.03127587102163676,1,34.487143652779714,-0.17634562551240662
2023-09-04,146022.3570480864,0.011540534743590625,1,34.487143652779714,-0.16684021358692214
2023-09-05,148889.3454600384,0.019633900382856284,1,35.022858483450754,-0.15048203733748589
2023-09-06,148928.08195592588,0.0002601696969504186,1,35.26499918528965,-0.15026101850658602
2023-09-08,149354.257307094,0.002861618477663974,1,35.40892778124128,-0.14782938973595317
2023-09-11,148966.8332310945,-0.002593994191962712,1,35.40892778124128,-0.15003991534953942
2023-09-12,151833.80686376538,0.019245717791579242,1,35.993570463997976,-0.1336818234262499
2023-09-13,151407.64629187842,-0.0028067568131867615,1,36.23178809029715,-0.1361133678707358
2023-09-14,152492.44552810185,0.007164758602298038,1,36.5010723386492,-0.12992382869177743
2023-09-15,157064.12056544516,0.02997968208530577,1,37.78285830361502,-0.10383922168595683
2023-09-18,157800.23222155662,0.004686695175584399,1,37.981785365513396,-0.09963918928968452
2023-09-19,157257.8326034449,-0.003437254879005369,1,37.981785365513396,-0.10273395887916381
2023-09-20,153925.9323444373,-0.021187499559463085,1,37.981785365513396,-0.12174478273013267
2023-09-21,149393.0085822626,-0.029448733511851843,1,37.981785365513396,-0.14760828657890657
2023-09-22,149238.03304015036,-0.0010373681043240879,1,37.981785365513396,-0.14849253055479983
2023-09-25,150322.8322763738,0.007268919417690256,1,37.981785365513396,-0.14230299137584124
2023-09-26,146932.09713481978,-0.022556354814550317,0,,-0.1616495094257463
2023-09-27,146932.09713481978,0.0,0,,-0.1616495094257463
2023-09-28,146932.09713481978,0.0,0,,-0.1616495094257463
2023-09-29,146932.09713481978,0.0,0,,-0.1616495094257463
2023-10-02,146932.09713481978,0.0,0,,-0.1616495094257463
2023-10-03,146932.09713481978,0.0,0,,-0.1616495094257463
2023-10-04,146932.09713481978,0.0,0,,-0.1616495094257463
2023-10-05,146932.09713481978,0.0,0,,-0.1616495094257463
2023-10-06,146932.09713481978,0.0,0,,-0.1616495094257463
2023-10-09,146932.09713481978,0.0,0,,-0.1616495094257463
2023-10-10,146932.09713481978,0.0,0,,-0.1616495094257463
2023-10-11,146932.09713481978,0.0,0,,-0.1616495094257463
2023-10-13,146932.09713481978,0.0,0,,-0.1616495094257463
2023-10-16,146932.09713481978,0.0,0,,-0.1616495094257463
2023-10-17,146932.09713481978,0.0,0,,-0.1616495094257463
2023-10-18,146932.09713481978,0.0,0,,-0.1616495094257463
2023-10-19,146932.09713481978,0.0,0,,-0.1616495094257463
2023-10-20,146932.09713481978,0.0,0,,-0.1616495094257463
2023-10-23,146932.09713481978,0.0,0,,-0.1616495094257463
2023-10-24,146932.09713481978,0.0,0,,-0.1616495094257463
2023-10-25,146932.09713481978,0.0,0,,-0.1616495094257463
2023-10-26,146932.09713481978,0.0,0,,-0.1616495094257463
2023-10-27,146932.09713481978,0.0,0,,-0.1616495094257463
2023-10-30,146932.09713481978,0.0,0,,-0.1616495094257463
2023-10-31,146932.09713481978,0.0,0,,-0.1616495094257463
2023-11-01,146932.09713481978,0.0,0,,-0.1616495094257463
2023-11-03,146932.09713481978,0.0,0,,-0.1616495094257463
2023-11-06,146932.09713481978,0.0,0,,-0.1616495094257463
2023-11-07,146932.09713481978,0.0,0,,-0.1616495094257463
2023-11-08,146932.09713481978,0.0,0,,-0.1616495094257463
2023-11-09,146932.09713481978,0.0,0,,-0.1616495094257463
2023-11-10,146932.09713481978,0.0,0,,-0.1616495094257463
2023-11-13,146932.09713481978,0.0,0,,-0.1616495094257463
2023-11-14,146932.09713481978,0.0,0,,-0.1616495094257463
2023-11-16,146932.09713481978,0.0,0,,-0.1616495094257463
2023-11-17,146932.09713481978,0.0,0,,-0.1616495094257463
2023-11-20,146932.09713481978,0.0,0,,-0.1616495094257463
2023-11-21,146932.09713481978,0.0,0,,-0.1616495094257463
2023-11-22,146932.09713481978,0.0,0,,-0.1616495094257463
2023-11-23,146932.09713481978,0.0,0,,-0.1616495094257463
2023-11-24,146932.09713481978,0.0,0,,-0.1616495094257463
2023-11-27,146932.09713481978,0.0,0,,-0.1616495094257463
2023-11-28,146932.09713481978,0.0,0,,-0.1616495094257463
2023-11-29,146932.09713481978,0.0,0,,-0.1616495094257463
2023-11-30,146932.09713481978,0.0,0,,-0.1616495094257463
2023-12-01,146932.09713481978,0.0,0,,-0.1616495094257463
2023-12-04,146932.09713481978,0.0,0,,-0.1616495094257463
2023-12-05,146932.09713481978,0.0,0,,-0.1616495094257463
2023-12-06,146932.09713481978,0.0,0,,-0.1616495094257463
2023-12-07,146932.09713481978,0.0,0,,-0.1616495094257463
2023-12-08,146932.09713481978,0.0,0,,-0.1616495094257463
2023-12-11,146932.09713481978,0.0,0,,-0.1616495094257463
2023-12-12,146932.09713481978,0.0,0,,-0.1616495094257463
2023-12-13,146932.09713481978,0.0,0,,-0.1616495094257463
2023-12-14,146932.09713481978,0.0,0,,-0.1616495094257463
2023-12-15,146932.09713481978,0.0,0,,-0.1616495094257463
2023-12-18,146932.09713481978,0.0,0,,-0.1616495094257463
2023-12-19,146932.09713481978,0.0,0,,-0.1616495094257463
2023-12-20,146932.09713481978,0.0,0,,-0.1616495094257463
2023-12-21,146932.09713481978,0.0,0,,-0.1616495094257463
2023-12-22,146932.09713481978,0.0,0,,-0.1616495094257463
2023-12-26,146932.09713481978,0.0,0,,-0.1616495094257463
2023-12-27,146932.09713481978,0.0,0,,-0.1616495094257463
2023-12-28,146932.09713481978,0.0,0,,-0.1616495094257463
2024-01-02,146932.09713481978,0.0,0,,-0.1616495094257463
2024-01-03,146932.09713481978,0.0,0,,-0.1616495094257463
2024-01-04,146932.09713481978,0.0,0,,-0.1616495094257463
2024-01-05,146932.09713481978,0.0,0,,-0.1616495094257463
2024-01-08,146932.09713481978,0.0,0,,-0.1616495094257463
2024-01-09,146932.09713481978,0.0,0,,-0.1616495094257463
2024-01-10,146932.09713481978,0.0,0,,-0.1616495094257463
2024-01-11,146932.09713481978,0.0,0,,-0.1616495094257463
2024-01-12,146932.09713481978,0.0,0,,-0.1616495094257463
2024-01-15,146932.09713481978,0.0,0,,-0.1616495094257463
2024-01-16,146932.09713481978,0.0,0,,-0.1616495094257463
2024-01-17,146932.09713481978,0.0,0,,-0.1616495094257463
2024-01-18,146932.09713481978,0.0,0,,-0.1616495094257463
2024-01-19,146932.09713481978,0.0,0,,-0.1616495094257463
2024-01-22,146932.09713481978,0.0,0,,-0.1616495094257463
2024-01-23,146932.09713481978,0.0,0,,-0.1616495094257463
2024-01-24,146932.09713481978,0.0,0,,-0.1616495094257463
2024-01-25,146932.09713481978,0.0,0,,-0.1616495094257463
2024-01-26,146932.09713481978,0.0,0,,-0.1616495094257463
2024-01-29,146932.09713481978,0.0,0,,-0.1616495094257463
2024-01-30,146932.09713481978,0.0,0,,-0.1616495094257463
2024-01-31,146932.09713481978,0.0,0,,-0.1616495094257463
2024-02-01,146932.09713481978,0.0,0,,-0.1616495094257463
2024-02-02,146932.09713481978,0.0,0,,-0.1616495094257463
2024-02-05,146932.09713481978,0.0,0,,-0.1616495094257463
2024-02-06,146932.09713481978,0.0,0,,-0.1616495094257463
2024-02-07,148121.71999781296,0.008096412466648717,1,26.153928416115896,-0.1548618780624399
2024-02-08,143005.06522097802,-0.03454358197373408,1,26.153928416115896,-0.18405597605671764
2024-02-09,136346.62671750362,-0.04656085777930652,0,,-0.22204702971141588
2024-02-14,136346.62671750362,0.0,0,,-0.22204702971141588
2024-02-15,136346.62671750362,0.0,0,,-0.22204702971141588
2024-02-16,136346.62671750362,0.0,0,,-0.22204702971141588
2024-02-19,136346.62671750362,0.0,0,,-0.22204702971141588
2024-02-20,136346.62671750362,0.0,0,,-0.22204702971141588
2024-02-21,136346.62671750362,0.0,0,,-0.22204702971141588
2024-02-22,136346.62671750362,0.0,0,,-0.22204702971141588
2024-02-23,136346.62671750362,0.0,0,,-0.22204702971141588
2024-02-26,136346.62671750362,0.0,0,,-0.22204702971141588
2024-02-27,136346.62671750362,0.0,0,,-0.22204702971141588
2024-02-28,136346.62671750362,0.0,0,,-0.22204702971141588
2024-02-29,136346.62671750362,0.0,0,,-0.22204702971141588
2024-03-01,130443.65162359749,-0.043293884388768245,1,25.922142914363317,-0.25572763566698864
2024-03-04,130006.86995552485,-0.0033484317759900906,0,,-0.2582197809017126
2024-03-05,130006.86995552485,0.0,0,,-0.2582197809017126
2024-03-06,130006.86995552485,0.0,0,,-0.2582197809017126
2024-03-07,130006.86995552485,0.0,0,,-0.2582197809017126
2024-03-08,130006.86995552485,0.0,0,,-0.2582197809017126
2024-03-11,130006.86995552485,0.0,0,,-0.2582197809017126
2024-03-12,130006.86995552485,0.0,0,,-0.2582197809017126
2024-03-13,127498.38371085109,-0.019295028374515133,1,24.87285770688738,-0.2725324512768681
2024-03-14,133957.65965411058,0.050661630016489045,1,25.547143868037633,-0.23567775947445457
2024-03-15,133427.41770240967,-0.003958280198907871,1,25.547143868037633,-0.2387031610647118
2024-03-18,131981.3057961609,-0.010838191513787065,1,25.547143868037633,-0.24695424200393323
2024-03-19,136030.40442310256,0.030679334489956744,1,26.098570551191056,-0.22385129930812886
2024-03-20,136608.85102442146,0.00425233317339635,1,26.13107177189418,-0.22055085644068828
2024-03-21,139260.04239473233,0.019407171280848567,1,26.718571186065674,-0.205423953406922
2024-03-22,136898.06972803248,-0.016960878555564718,1,26.718571186065674,-0.21890066123634788
2024-03-25,136560.64637480347,-0.0024647780198753244,1,26.718571186065674,-0.22082589771787176
2024-03-26,142200.46166275104,0.041298979154423154,1,27.100000585828507,-0.18864680271005563
2024-03-27,144128.6016769859,0.013559309102721073,1,27.4428574017116,-0.17764541391652033
2024-03-28,149575.6075605584,0.03779267834555178,1,28.522858347211564,-0.146566431558678
2024-04-01,146394.17423854664,-0.021269733574197258,1,28.522858347211564,-0.1647187361827014
2024-04-02,146297.76493931067,-0.0006585596710895203,1,28.522858347211564,-0.1652688187370681
2024-04-03,147984.8908995525,0.01153213763000216,1,28.522858347211564,-0.15564258387068974
2024-04-04,148611.53295639253,0.00423450024547023,1,28.522858347211564,-0.15206715218482558
2024-04-05,145478.30428399876,-0.02108334804212786,1,28.522858347211564,-0.1699444155316655
2024-04-08,149430.99361170447,0.027170301077948933,1,28.522858347211564,-0.14739155539022808
2024-04-09,152757.04088257017,0.022258081743794067,1,29.006071840013778,-0.1284141269346546
2024-04-10,150877.09632385644,-0.012306762083450606,1,29.006071840013778,-0.1391405269097663
2024-04-11,148033.08635507367,-0.018849845590069747,1,29.006071840013778,-0.15536759505226605
2024-04-12,139609.82343941942,-0.05690121798481007,0,,-0.20342820764323144
2024-04-15,139609.82343941942,0.0,0,,-0.20342820764323144
2024-04-16,139609.82343941942,0.0,0,,-0.20342820764323144
2024-04-17,139609.82343941942,0.0,0,,-0.20342820764323144
2024-04-18,139609.82343941942,0.0,0,,-0.20342820764323144
2024-04-19,139609.82343941942,0.0,0,,-0.20342820764323144
2024-04-22,139609.82343941942,0.0,0,,-0.20342820764323144
2024-04-23,139796.46568563252,0.0013368847665227168,1,25.629642145974294,-0.20236328294858785
2024-04-24,139586.77098710407,-0.0014999999999999458,0,,-0.20355973802416494
2024-04-25,139586.77098710407,0.0,0,,-0.20355973802416494
2024-04-26,139586.77098710407,0.0,0,,-0.20355973802416494
2024-04-29,139586.77098710407,0.0,0,,-0.20355973802416494
2024-04-30,139586.77098710407,0.0,0,,-0.20355973802416494
2024-05-02,139586.77098710407,0.0,0,,-0.20355973802416494
2024-05-03,139586.77098710407,0.0,0,,-0.20355973802416494
2024-05-06,139586.77098710407,0.0,0,,-0.20355973802416494
2024-05-07,139586.77098710407,0.0,0,,-0.20355973802416494
2024-05-08,139586.77098710407,0.0,0,,-0.20355973802416494
2024-05-09,139586.77098710407,0.0,0,,-0.20355973802416494
2024-05-10,139586.77098710407,0.0,0,,-0.20355973802416494
2024-05-13,139586.77098710407,0.0,0,,-0.20355973802416494
2024-05-14,139586.77098710407,0.0,0,,-0.20355973802416494
2024-05-15,139586.77098710407,0.0,0,,-0.20355973802416494
2024-05-16,139586.77098710407,0.0,0,,-0.20355973802416494
2024-05-17,139586.77098710407,0.0,0,,-0.20355973802416494
2024-05-20,139586.77098710407,0.0,0,,-0.20355973802416494
2024-05-21,139586.77098710407,0.0,0,,-0.20355973802416494
2024-05-22,139586.77098710407,0.0,0,,-0.20355973802416494
2024-05-23,139586.77098710407,0.0,0,,-0.20355973802416494
2024-05-24,139586.77098710407,0.0,0,,-0.20355973802416494
2024-05-27,139586.77098710407,0.0,0,,-0.20355973802416494
2024-05-28,139586.77098710407,0.0,0,,-0.20355973802416494
2024-05-29,139586.77098710407,0.0,0,,-0.20355973802416494
2024-05-31,139586.77098710407,0.0,0,,-0.20355973802416494
2024-06-03,139586.77098710407,0.0,0,,-0.20355973802416494
2024-06-04,139586.77098710407,0.0,0,,-0.20355973802416494
2024-06-05,139586.77098710407,0.0,0,,-0.20355973802416494
2024-06-06,139586.77098710407,0.0,0,,-0.20355973802416494
2024-06-07,139586.77098710407,0.0,0,,-0.20355973802416494
2024-06-10,139586.77098710407,0.0,0,,-0.20355973802416494
2024-06-11,144792.242694598,0.037292013209295094,1,28.702143056052073,-0.17385887725414761
2024-06-12,144885.59895158658,0.0006447600731309677,1,28.702143056052073,-0.17332621444342955
2024-06-13,144605.53018062087,-0.0019330338763294819,1,28.702143056052073,-0.17492420287558386
2024-06-14,143485.28180558604,-0.007746926231905316,1,28.702143056052073,-0.1813160042116373
2024-06-17,145399.04055913838,0.013337665922734665,1,28.702143056052073,-0.17039667057952268
2024-06-18,144045.4104445748,-0.009309759606102808,1,28.702143056052073,-0.17812007814484976
2024-06-19,148246.34407669105,0.02916395336130928,1,28.943929059164866,-0.15415081043526957
2024-06-20,153474.17872979626,0.03526450979729212,1,29.888929639543807,-0.1243223534028326
2024-06-21,151093.63869130105,-0.015511013371743432,1,29.888929639543807,-0.1379050010885381
2024-06-24,154734.46149031393,0.024096466473028988,1,30.123215334756033,-0.11713155785070206
2024-06-25,153800.91672631356,-0.006033205240829953,1,30.123215334756033,-0.12245808436284067
2024-06-26,155247.89419492302,0.009408119921575864,1,30.279640402112687,-0.11420206478431683
2024-06-27,153660.87343788802,-0.010222494580457209,1,30.279640402112687,-0.1232571293764394
2024-06-28,152774.01570532462,-0.00577152604122011,1,30.279640402112687,-0.12831727368569734
2024-07-01,158982.07325092447,0.0406355591095684,1,31.322500024523055,-0.09289595873576273
2024-07-02,151373.7074622668,-0.047856752859482765,1,31.322500024523055,-0.13630701265638345
2024-07-03,152727.34647977303,0.008942365488693982,1,31.322500024523055,-0.12858355429353485
2024-07-04,152400.60848325572,-0.0021393548964760978,1,31.322500024523055,-0.13044782333352678
2024-07-05,152307.25222626713,-0.0006125714189576525,1,31.322500024523055,-0.13098048614424507
2024-07-08,154034.29846584232,0.011339225245883267,1,31.322500024523055,-0.1211264781335667
2024-07-09,152307.25222626713,-0.011212088844993029,1,31.322500024523055,-0.13098048614424507
2024-07-10,151093.63869130105,-0.00796819269750293,1,31.322500024523055,-0.1379050010885381
2024-07-11,150066.7554761975,-0.006796336523482549,1,31.322500024523055,-0.1437640888163516
2024-07-12,151513.73294480695,0.00964222531511294,1,31.322500024523055,-0.13550806923782788
2024-07-15,155481.29374033713,0.026186146419978185,1,31.322500024523055,-0.11287035695999992
2024-07-16,151700.4454587841,-0.02431706214039664,1,31.322500024523055,-0.13444274361639152
2024-07-17,150673.54443779518,-0.006769268329326783,1,31.322500024523055,-0.1403019329392481
2024-07-18,150300.13721572625,-0.00247825338855745,1,31.322500024523055,-0.14243248258707764
2024-07-19,150074.68700990267,-0.0014999999999999458,0,,-0.14371883386319706
2024-07-22,150074.68700990267,0.0,0,,-0.14371883386319706
2024-07-23,150074.68700990267,0.0,0,,-0.14371883386319706
2024-07-24,150074.68700990267,0.0,0,,-0.14371883386319706
2024-07-25,150074.68700990267,0.0,0,,-0.14371883386319706
2024-07-26,150074.68700990267,0.0,0,,-0.14371883386319706
2024-07-29,150074.68700990267,0.0,0,,-0.14371883386319706
2024-07-30,150074.68700990267,0.0,0,,-0.14371883386319706
2024-07-31,150074.68700990267,0.0,0,,-0.14371883386319706
2024-08-01,150074.68700990267,0.0,0,,-0.14371883386319706
2024-08-02,150074.68700990267,0.0,0,,-0.14371883386319706
2024-08-05,150074.68700990267,0.0,0,,-0.14371883386319706
2024-08-06,150074.68700990267,0.0,0,,-0.14371883386319706
2024-08-07,150074.68700990267,0.0,0,,-0.14371883386319706
2024-08-08,150074.68700990267,0.0,0,,-0.14371883386319706
2024-08-09,150074.68700990267,0.0,0,,-0.14371883386319706
2024-08-12,150074.68700990267,0.0,0,,-0.14371883386319706
2024-08-13,150074.68700990267,0.0,0,,-0.14371883386319706
2024-08-14,150074.68700990267,0.0,0,,-0.14371883386319706
2024-08-15,150074.68700990267,0.0,0,,-0.14371883386319706
2024-08-16,150074.68700990267,0.0,0,,-0.14371883386319706
2024-08-19,150074.68700990267,0.0,0,,-0.14371883386319706
2024-08-20,150074.68700990267,0.0,0,,-0.14371883386319706
2024-08-21,150074.68700990267,0.0,0,,-0.14371883386319706
2024-08-22,150074.68700990267,0.0,0,,-0.14371883386319706
2024-08-23,150074.68700990267,0.0,0,,-0.14371883386319706
2024-08-26,150074.68700990267,0.0,0,,-0.14371883386319706
2024-08-27,144009.05162853922,-0.04041744482174536,1,28.006786550794327,-0.178327530647431
2024-08-28,137259.06282355942,-0.04687197595322623,0,,-0.21684094287235267
2024-08-29,137259.06282355942,0.0,0,,-0.21684094287235267
2024-08-30,137259.06282355942,0.0,0,,-0.21684094287235267
2024-09-02,137259.06282355942,0.0,0,,-0.21684094287235267
2024-09-03,137259.06282355942,0.0,0,,-0.21684094287235267
2024-09-04,137259.06282355942,0.0,0,,-0.21684094287235267
2024-09-05,137259.06282355942,0.0,0,,-0.21684094287235267
2024-09-06,137259.06282355942,0.0,0,,-0.21684094287235267
2024-09-09,137259.06282355942,0.0,0,,-0.21684094287235267
2024-09-10,137259.06282355942,0.0,0,,-0.21684094287235267
2024-09-11,137259.06282355942,0.0,0,,-0.21684094287235267
2024-09-12,137259.06282355942,0.0,0,,-0.21684094287235267
2024-09-13,137259.06282355942,0.0,0,,-0.21684094287235267
2024-09-16,137259.06282355942,0.0,0,,-0.21684094287235267
2024-09-17,137259.06282355942,0.0,0,,-0.21684094287235267
2024-09-18,137259.06282355942,0.0,0,,-0.21684094287235267
2024-09-19,137259.06282355942,0.0,0,,-0.21684094287235267
2024-09-20,137259.06282355942,0.0,0,,-0.21684094287235267
2024-09-23,137259.06282355942,0.0,0,,-0.21684094287235267
2024-09-24,137259.06282355942,0.0,0,,-0.21684094287235267
2024-09-25,137259.06282355942,0.0,0,,-0.21684094287235267
2024-09-26,137259.06282355942,0.0,0,,-0.21684094287235267
2024-09-27,137259.06282355942,0.0,0,,-0.21684094287235267
2024-09-30,137259.06282355942,0.0,0,,-0.21684094287235267
2024-10-01,137259.06282355942,0.0,0,,-0.21684094287235267
2024-10-02,137259.06282355942,0.0,0,,-0.21684094287235267
2024-10-03,141250.04014352735,0.029076239032013174,1,25.271429811205184,-0.19406962292722307
2024-10-04,142478.3001738293,0.008695643760907146,1,25.482857840401785,-0.18706153947210458
2024-10-07,142887.72018392995,0.0028735604621976663,1,25.752143723624094,-0.18472551165373186
2024-10-08,144730.1151100544,0.012894004633518197,1,26.27643006188529,-0.1742133586234058
2024-10-09,138998.22520730225,-0.0396039891103076,1,26.27643006188529,-0.20691780377592184
2024-10-10,135774.0438479275,-0.02319584551936693,1,26.27643006188529,-0.22531401588369582
2024-10-11,134274.61701618042,-0.011043545505844299,0,,-0.23386929580202398
2024-10-14,134274.61701618042,0.0,0,,-0.23386929580202398
2024-10-15,134274.61701618042,0.0,0,,-0.23386929580202398
2024-10-16,134274.61701618042,0.0,0,,-0.23386929580202398
2024-10-17,134274.61701618042,0.0,0,,-0.23386929580202398
2024-10-18,134274.61701618042,0.0,0,,-0.23386929580202398
2024-10-21,134274.61701618042,0.0,0,,-0.23386929580202398
2024-10-22,134274.61701618042,0.0,0,,-0.23386929580202398
2024-10-23,134274.61701618042,0.0,0,,-0.23386929580202398
2024-10-24,134274.61701618042,0.0,0,,-0.23386929580202398
2024-10-25,134274.61701618042,0.0,0,,-0.23386929580202398
2024-10-28,134274.61701618042,0.0,0,,-0.23386929580202398
2024-10-29,134274.61701618042,0.0,0,,-0.23386929580202398
2024-10-30,134274.61701618042,0.0,0,,-0.23386929580202398
2024-10-31,134274.61701618042,0.0,0,,-0.23386929580202398
2024-11-01,134274.61701618042,0.0,0,,-0.23386929580202398
2024-11-04,134274.61701618042,0.0,0,,-0.23386929580202398
2024-11-05,134274.61701618042,0.0,0,,-0.23386929580202398
2024-11-06,134274.61701618042,0.0,0,,-0.23386929580202398
2024-11-07,134274.61701618042,0.0,0,,-0.23386929580202398
2024-11-08,134274.61701618042,0.0,0,,-0.23386929580202398
2024-11-11,134274.61701618042,0.0,0,,-0.23386929580202398
2024-11-12,134274.61701618042,0.0,0,,-0.23386929580202398
2024-11-13,134274.61701618042,0.0,0,,-0.23386929580202398
2024-11-14,134274.61701618042,0.0,0,,-0.23386929580202398
2024-11-18,134274.61701618042,0.0,0,,-0.23386929580202398
2024-11-19,134274.61701618042,0.0,0,,-0.23386929580202398
2024-11-21,134274.61701618042,0.0,0,,-0.23386929580202398
2024-11-22,134274.61701618042,0.0,0,,-0.23386929580202398
2024-11-25,134274.61701618042,0.0,0,,-0.23386929580202398
2024-11-26,134274.61701618042,0.0,0,,-0.23386929580202398
2024-11-27,134274.61701618042,0.0,0,,-0.23386929580202398
2024-11-28,134274.61701618042,0.0,0,,-0.23386929580202398
2024-11-29,134274.61701618042,0.0,0,,-0.23386929580202398
2024-12-02,134274.61701618042,0.0,0,,-0.23386929580202398
2024-12-03,134274.61701618042,0.0,0,,-0.23386929580202398
2024-12-04,134274.61701618042,0.0,0,,-0.23386929580202398
2024-12-05,134274.61701618042,0.0,0,,-0.23386929580202398
2024-12-06,134274.61701618042,0.0,0,,-0.23386929580202398
2024-12-09,134274.61701618042,0.0,0,,-0.23386929580202398
2024-12-10,134274.61701618042,0.0,0,,-0.23386929580202398
2024-12-11,137800.68230955064,0.026260103150734126,1,24.06607116971697,-0.21375062448284055
2024-12-12,130766.284773493,-0.05104762486049108,1,24.06607116971697,-0.2538867876510358
2024-12-13,129611.3874215737,-0.00883176694910126,1,24.06607116971697,-0.26047628566014713
2024-12-16,130346.32118982037,0.005670287023903375,1,24.06607116971697,-0.256282973938857
2024-12-17,132446.13910818347,0.01610952959159606,1,24.06607116971697,-0.24430204249975118
2024-12-18,129768.8675074999,-0.020214040354145313,1,24.06607116971697,-0.2595777515082064
2024-12-19,130465.29943733284,0.005366710392172402,0,,-0.25560411973262986
2024-12-20,134662.21676457924,0.03216883987808816,1,22.861428260803223,-0.2316577678544003
2024-12-23,136011.28107054366,0.010018135289744157,0,,-0.22396041142394163
2024-12-26,136011.28107054366,0.0,0,,-0.22396041142394163
2024-12-27,136011.28107054366,0.0,0,,-0.22396041142394163
2024-12-30,136011.28107054366,0.0,0,,-0.22396041142394163
2025-01-02,136011.28107054366,0.0,0,,-0.22396041142394163
2025-01-03,136011.28107054366,0.0,0,,-0.22396041142394163
2025-01-06,136011.28107054366,0.0,0,,-0.22396041142394163
2025-01-07,136011.28107054366,0.0,0,,-0.22396041142394163
2025-01-08,136011.28107054366,0.0,0,,-0.22396041142394163
2025-01-09,136011.28107054366,0.0,0,,-0.22396041142394163
2025-01-10,136011.28107054366,0.0,0,,-0.22396041142394163
2025-01-13,136011.28107054366,0.0,0,,-0.22396041142394163
2025-01-14,136011.28107054366,0.0,0,,-0.22396041142394163
2025-01-15,136011.28107054366,0.0,0,,-0.22396041142394163
2025-01-16,124793.20886051166,-0.08247898352059213,1,22.94964361190796,-0.2879673678614335
2025-01-17,125364.48716083534,0.004577799589737586,0,,-0.2847078251701498
2025-01-20,125364.48716083534,0.0,0,,-0.2847078251701498
2025-01-21,125364.48716083534,0.0,0,,-0.2847078251701498
2025-01-22,125364.48716083534,0.0,0,,-0.2847078251701498
2025-01-23,125364.48716083534,0.0,0,,-0.2847078251701498
2025-01-24,125364.48716083534,0.0,0,,-0.2847078251701498
2025-01-27,125364.48716083534,0.0,0,,-0.2847078251701498
2025-01-28,125364.48716083534,0.0,0,,-0.2847078251701498
2025-01-29,125364.48716083534,0.0,0,,-0.2847078251701498
2025-01-30,125364.48716083534,0.0,0,,-0.2847078251701498
2025-01-31,121378.6297904826,-0.031794150485688344,1,21.48928553717477,-0.30744993221792527
2025-02-03,120769.2495728621,-0.005020490169252878,0,,-0.3109268730249406
2025-02-04,120769.2495728621,0.0,0,,-0.3109268730249406
2025-02-05,120769.2495728621,0.0,0,,-0.3109268730249406
2025-02-06,120769.2495728621,0.0,0,,-0.3109268730249406
2025-02-07,120769.2495728621,0.0,0,,-0.3109268730249406
2025-02-10,120769.2495728621,0.0,0,,-0.3109268730249406
2025-02-11,120769.2495728621,0.0,0,,-0.3109268730249406
2025-02-12,120769.2495728621,0.0,0,,-0.3109268730249406
2025-02-13,120769.2495728621,0.0,0,,-0.3109268730249406
2025-02-14,120769.2495728621,0.0,0,,-0.3109268730249406
2025-02-17,120769.2495728621,0.0,0,,-0.3109268730249406
2025-02-18,120769.2495728621,0.0,0,,-0.3109268730249406
2025-02-19,120693.64081357625,-0.0006260596927882833,1,20.699642521994456,-0.3113582739351233
2025-02-20,120617.71623291667,-0.0006290686083192387,0,,-0.3117914768273694
2025-02-21,120617.71623291667,0.0,0,,-0.3117914768273694
2025-02-24,120617.71623291667,0.0,0,,-0.3117914768273694
2025-02-25,120617.71623291667,0.0,0,,-0.3117914768273694
2025-02-26,120617.71623291667,0.0,0,,-0.3117914768273694
2025-02-27,120617.71623291667,0.0,0,,-0.3117914768273694
2025-02-28,120617.71623291667,0.0,0,,-0.3117914768273694
2025-03-05,120617.71623291667,0.0,0,,-0.3117914768273694
2025-03-06,120617.71623291667,0.0,0,,-0.3117914768273694
2025-03-07,120617.71623291667,0.0,0,,-0.3117914768273694
2025-03-10,120617.71623291667,0.0,0,,-0.3117914768273694
2025-03-11,120617.71623291667,0.0,0,,-0.3117914768273694
2025-03-12,120617.71623291667,0.0,0,,-0.3117914768273694
2025-03-13,120617.71623291667,0.0,0,,-0.3117914768273694
2025-03-14,120617.71623291667,0.0,0,,-0.3117914768273694
2025-03-17,119518.93013979102,-0.009109657581344632,1,20.444642884390696,-0.318060820818035
2025-03-18,122057.29639343382,0.021238194239806996,1,20.880358355385916,-0.30357766407083386
2025-03-19,121874.21044884367,-0.0014999999999999458,0,,-0.3046222975747276
2025-03-20,121874.21044884367,0.0,0,,-0.3046222975747276
2025-03-21,121874.21044884367,0.0,0,,-0.3046222975747276
2025-03-24,121874.21044884367,0.0,0,,-0.3046222975747276
2025-03-25,121874.21044884367,0.0,0,,-0.3046222975747276
2025-03-26,121874.21044884367,0.0,0,,-0.3046222975747276
2025-03-27,121874.21044884367,0.0,0,,-0.3046222975747276
2025-03-28,121874.21044884367,0.0,0,,-0.3046222975747276
2025-03-31,121874.21044884367,0.0,0,,-0.3046222975747276
2025-04-01,121874.21044884367,0.0,0,,-0.3046222975747276
2025-04-02,121874.21044884367,0.0,0,,-0.3046222975747276
2025-04-03,114705.14317816067,-0.0588234971474314,1,19.63214329310826,-0.3455268458697279
2025-04-04,113389.46570856433,-0.011470082623521227,0,,-0.3530337070224787
2025-04-07,113389.46570856433,0.0,0,,-0.3530337070224787
2025-04-08,113389.46570856433,0.0,0,,-0.3530337070224787
2025-04-09,113389.46570856433,0.0,0,,-0.3530337070224787
2025-04-10,113389.46570856433,0.0,0,,-0.3530337070224787
2025-04-11,113389.46570856433,0.0,0,,-0.3530337070224787
2025-04-14,113389.46570856433,0.0,0,,-0.3530337070224787
2025-04-15,113389.46570856433,0.0,0,,-0.3530337070224787
2025-04-16,113389.46570856433,0.0,0,,-0.3530337070224787
2025-04-17,113389.46570856433,0.0,0,,-0.3530337070224787
2025-04-22,113389.46570856433,0.0,0,,-0.3530337070224787
2025-04-23,113389.46570856433,0.0,0,,-0.3530337070224787
2025-04-24,113389.46570856433,0.0,0,,-0.3530337070224787
2025-04-25,113389.46570856433,0.0,0,,-0.3530337070224787
2025-04-28,113389.46570856433,0.0,0,,-0.3530337070224787
2025-04-29,113389.46570856433,0.0,0,,-0.3530337070224787
2025-04-30,113389.46570856433,0.0,0,,-0.3530337070224787
2025-05-02,113389.46570856433,0.0,0,,-0.3530337070224787
2025-05-05,113389.46570856433,0.0,0,,-0.3530337070224787
2025-05-06,113389.46570856433,0.0,0,,-0.3530337070224787
2025-05-07,113389.46570856433,0.0,0,,-0.3530337070224787
2025-05-08,113389.46570856433,0.0,0,,-0.3530337070224787
2025-05-09,111459.74994127039,-0.01701847482246477,1,17.387498378753662,-0.3640440865905
2025-05-12,113459.8414067525,0.017944517788134107,0,,-0.35263216438985423
2025-05-13,113459.8414067525,0.0,0,,-0.35263216438985423
2025-05-14,112327.90393374814,-0.009976547287303017,1,18.073570932660783,-0.35909066021409775
2025-05-15,112328.91562365761,9.006576941583688e-06,0,,-0.3590848878148164
2025-05-16,113499.90524479475,0.01042464991881853,1,18.57035630089896,-0.35240357214260554
2025-05-19,114392.72566683125,0.00786626579212446,1,18.69999933242798,-0.34730940651504894
2025-05-20,116847.98714906111,0.021463440685737467,1,19.17928545815604,-0.3333004206756459
2025-05-21,116903.78975584576,0.00047756583700042654,1,19.25178575515747,-0.3329820277330181
2025-05-22,115341.3486956524,-0.013365187419984714,1,19.25178575515747,-0.3418968479448644
2025-05-23,117015.3843261561,0.01451375113465092,1,19.25178575515747,-0.33234530257500683
2025-05-26,116513.1715083532,-0.004291852910580429,1,19.25178575515747,-0.335210778331413
2025-05-27,117740.80757109761,0.010536457353719886,1,19.376785482679093,-0.3282062550480893
2025-05-28,117182.79214651007,-0.0047393544863414405,1,19.376785482679093,-0.3313901237471232
2025-05-29,118410.4175659955,0.0104761577787853,1,19.552141462053573,-0.32438566119104395
2025-05-30,118075.61256854657,-0.0028274961302483526,1,19.552141462053573,-0.3262959581195666
2025-06-02,112383.87439561964,-0.04820418077122146,1,19.552141462053573,-0.3587713095406735
2025-06-03,118019.80996176192,0.050148970183234276,1,19.552141462053573,-0.3266143510621944
2025-06-04,111658.4617939371,-0.053900681333802214,1,19.552141462053573,-0.36291029634034666
2025-06-05,110877.2465854699,-0.006996471166770268,1,19.552141462053573,-0.36736767608264764
2025-06-06,111323.65679648815,0.004026166095981942,1,19.552141462053573,-0.3648205932688693
2025-06-09,111602.65918715244,0.0025062273257365764,1,19.552141462053573,-0.36322868928297447
2025-06-10,111714.26440072175,0.0010000228881834605,1,19.552141462053573,-0.36259190339771885
2025-06-11,110878.07679692104,-0.007485056705035298,0,,-0.3673629391450355
2025-06-12,111208.22878980656,0.0029776129098109116,1,18.41107143674578,-0.3654791908654089
2025-06-13,111263.36551450833,0.0004957971662868932,1,18.41107143674578,-0.3651645972462899
2025-06-16,111591.94614228861,0.0029531789395444985,0,,-0.3632898147048005
2025-06-17,111591.94614228861,0.0,0,,-0.3632898147048005
2025-06-18,111591.94614228861,0.0,0,,-0.3632898147048005
2025-06-20,111591.94614228861,0.0,0,,-0.3632898147048005
2025-06-23,111591.94614228861,0.0,0,,-0.3632898147048005
2025-06-24,111591.94614228861,0.0,0,,-0.3632898147048005
2025-06-25,111591.94614228861,0.0,0,,-0.3632898147048005
2025-06-26,111591.94614228861,0.0,0,,-0.3632898147048005
2025-06-27,111591.94614228861,0.0,0,,-0.3632898147048005
2025-06-30,111591.94614228861,0.0,0,,-0.3632898147048005
2025-07-01,111591.94614228861,0.0,0,,-0.3632898147048005
2025-07-02,111591.94614228861,0.0,0,,-0.3632898147048005
2025-07-03,111591.94614228861,0.0,0,,-0.3632898147048005
2025-07-04,111591.94614228861,0.0,0,,-0.3632898147048005
2025-07-07,111591.94614228861,0.0,0,,-0.3632898147048005
2025-07-08,111591.94614228861,0.0,0,,-0.3632898147048005
2025-07-09,111591.94614228861,0.0,0,,-0.3632898147048005
2025-07-10,111591.94614228861,0.0,0,,-0.3632898147048005
2025-07-11,111591.94614228861,0.0,0,,-0.3632898147048005
2025-07-14,111591.94614228861,0.0,0,,-0.3632898147048005
2025-07-15,111591.94614228861,0.0,0,,-0.3632898147048005
2025-07-16,111591.94614228861,0.0,0,,-0.3632898147048005
2025-07-17,111591.94614228861,0.0,0,,-0.3632898147048005
2025-07-18,111591.94614228861,0.0,0,,-0.3632898147048005
2025-07-21,111591.94614228861,0.0,0,,-0.3632898147048005
2025-07-22,111591.94614228861,0.0,0,,-0.3632898147048005
2025-07-23,111591.94614228861,0.0,0,,-0.3632898147048005
2025-07-24,109925.82191033625,-0.014930506094301133,1,16.657856804983957,-0.372796220006654
2025-07-25,109262.02033146036,-0.006038631936883254,0,,-0.3765836727834557
2025-07-28,110422.24350024825,0.010618723370373395,1,17.16607093811035,-0.369963787260169
2025-07-29,110542.59747144091,0.001089943179721553,1,17.16607093811035,-0.36927708358711564
2025-07-30,111204.52135782767,0.005987953074449548,1,17.18714141845703,-0.36550034436065526
2025-07-31,104344.50568605623,-0.06168828018869543,1,17.18714141845703,-0.4046415368973659
2025-08-01,104548.4977878647,0.0019549865176631265,0,,-0.4034776191288235
2025-08-04,104548.4977878647,0.0,0,,-0.4034776191288235
2025-08-05,104548.4977878647,0.0,0,,-0.4034776191288235
2025-08-06,104548.4977878647,0.0,0,,-0.4034776191288235
2025-08-07,104548.4977878647,0.0,0,,-0.4034776191288235
2025-08-08,104548.4977878647,0.0,0,,-0.4034776191288235
2025-08-11,104548.4977878647,0.0,0,,-0.4034776191288235
2025-08-12,104548.4977878647,0.0,0,,-0.4034776191288235
2025-08-13,104548.4977878647,0.0,0,,-0.4034776191288235
2025-08-14,104548.4977878647,0.0,0,,-0.4034776191288235
2025-08-15,104548.4977878647,0.0,0,,-0.4034776191288235
2025-08-18,104548.4977878647,0.0,0,,-0.4034776191288235
2025-08-19,104548.4977878647,0.0,0,,-0.4034776191288235
2025-08-20,104548.4977878647,0.0,0,,-0.4034776191288235
2025-08-21,104548.4977878647,0.0,0,,-0.4034776191288235
2025-08-22,104548.4977878647,0.0,0,,-0.4034776191288235
2025-08-25,104548.4977878647,0.0,0,,-0.4034776191288235
2025-08-26,104548.4977878647,0.0,0,,-0.4034776191288235
2025-08-27,104548.4977878647,0.0,0,,-0.4034776191288235
2025-08-28,104548.4977878647,0.0,0,,-0.4034776191288235
2025-08-29,106319.68388449453,0.01694128690613672,1,16.62857232775007,-0.3933717623285531
2025-09-01,106086.00891110564,-0.0021978524093689833,1,16.640357289995467,-0.3947050416623106
2025-09-02,104391.90992298024,-0.015969108514063968,1,16.640357289995467,-0.404371062535021
2025-09-03,104275.07243628579,-0.0011192197439500173,1,16.640357289995467,-0.40503770220189983
2025-09-04,104800.82998417478,0.005042025247311566,1,16.640357289995467,-0.4020378872752033
2025-09-05,105677.0888499111,0.008361182500831621,1,16.793571540287562,-0.3970382169221284
2025-09-08,103749.3148883968,-0.018242118348398506,1,16.793571540287562,-0.40803751712859626
2025-09-09,106086.00891110564,0.022522500753112684,1,16.872500010899135,-0.3947050416623106
2025-09-10,105501.83261986944,-0.005506628981826522,1,16.872500010899135,-0.39803817642244643
2025-09-11,104742.41124082755,-0.0071981818721399415,1,16.872500010899135,-0.4023712071086427
2025-09-12,102347.2984747715,-0.02286669494889826,1,16.872500010899135,-0.4160370024083676
2025-09-15,101763.12218353528,-0.005707784181330555,1,16.872500010899135,-0.4193701371685036
2025-09-16,102172.04224472983,0.004018352153710936,1,16.872500010899135,-0.41703696190868567
2025-09-17,103457.2211716607,0.012578577257490009,1,16.872500010899135,-0.40970411629579306
2025-09-18,102347.2984747715,-0.010728325044102704,1,16.872500010899135,-0.4160370024083676
2025-09-19,102639.3810492716,0.0028538376572011526,1,16.872500010899135,-0.41437046681542855
2025-09-22,101587.86595349362,-0.010244752891419018,1,16.872500010899135,-0.42037009666882164
2025-09-23,104041.3974628969,0.02415181662076149,1,16.872500010899135,-0.4063709815356572
2025-09-24,105793.92633660554,0.01684453416087206,1,16.93321555001395,-0.39637157725524963
2025-09-25,104158.23494959135,-0.01546110862555472,1,16.93321555001395,-0.40570434186877846
2025-09-26,104158.23494959135,0.0,1,16.93321555001395,-0.40570434186877846
2025-09-29,104876.94207460467,0.006900146928960016,0,,-0.4016036145084301
2025-09-30,104876.94207460467,0.0,0,,-0.4016036145084301
2025-10-01,104876.94207460467,0.0,0,,-0.4016036145084301
2025-10-02,104876.94207460467,0.0,0,,-0.4016036145084301
2025-10-03,104876.94207460467,0.0,0,,-0.4016036145084301
2025-10-06,104876.94207460467,0.0,0,,-0.4016036145084301
2025-10-07,104876.94207460467,0.0,0,,-0.4016036145084301
2025-10-08,104876.94207460467,0.0,0,,-0.4016036145084301
2025-10-09,104876.94207460467,0.0,0,,-0.4016036145084301
2025-10-10,104876.94207460467,0.0,0,,-0.4016036145084301
2025-10-13,104876.94207460467,0.0,0,,-0.4016036145084301
2025-10-14,104876.94207460467,0.0,0,,-0.4016036145084301
2025-10-15,104876.94207460467,0.0,0,,-0.4016036145084301
2025-10-16,104876.94207460467,0.0,0,,-0.4016036145084301
2025-10-17,104876.94207460467,0.0,0,,-0.4016036145084301
2025-10-20,104876.94207460467,0.0,0,,-0.4016036145084301
2025-10-21,104876.94207460467,0.0,0,,-0.4016036145084301
2025-10-22,104876.94207460467,0.0,0,,-0.4016036145084301
2025-10-23,104876.94207460467,0.0,0,,-0.4016036145084301
2025-10-24,104876.94207460467,0.0,0,,-0.4016036145084301
2025-10-27,104876.94207460467,0.0,0,,-0.4016036145084301
2025-10-28,104876.94207460467,0.0,0,,-0.4016036145084301
2025-10-29,104876.94207460467,0.0,0,,-0.4016036145084301
2025-10-30,104876.94207460467,0.0,0,,-0.4016036145084301
2025-10-31,104876.94207460467,0.0,0,,-0.4016036145084301
2025-11-03,104876.94207460467,0.0,0,,-0.4016036145084301
2025-11-04,104876.94207460467,0.0,0,,-0.4016036145084301
2025-11-05,104876.94207460467,0.0,0,,-0.4016036145084301
2025-11-06,104876.94207460467,0.0,0,,-0.4016036145084301
2025-11-07,104876.94207460467,0.0,0,,-0.4016036145084301
2025-11-10,104876.94207460467,0.0,0,,-0.4016036145084301
2025-11-11,104876.94207460467,0.0,0,,-0.4016036145084301
2025-11-12,104876.94207460467,0.0,0,,-0.4016036145084301
2025-11-13,104876.94207460467,0.0,0,,-0.4016036145084301
2025-11-14,104876.94207460467,0.0,0,,-0.4016036145084301
2025-11-17,104876.94207460467,0.0,0,,-0.4016036145084301
2025-11-18,104876.94207460467,0.0,0,,-0.4016036145084301
2025-11-19,104876.94207460467,0.0,0,,-0.4016036145084301
2025-11-21,104876.94207460467,0.0,0,,-0.4016036145084301
2025-11-24,104876.94207460467,0.0,0,,-0.4016036145084301
2025-11-25,104876.94207460467,0.0,0,,-0.4016036145084301
2025-11-26,104876.94207460467,0.0,0,,-0.4016036145084301
2025-11-27,104876.94207460467,0.0,0,,-0.4016036145084301
2025-11-28,104876.94207460467,0.0,0,,-0.4016036145084301
2025-12-01,104876.94207460467,0.0,0,,-0.4016036145084301
2025-12-02,104876.94207460467,0.0,0,,-0.4016036145084301
2025-12-03,104876.94207460467,0.0,0,,-0.4016036145084301
2025-12-04,104876.94207460467,0.0,0,,-0.4016036145084301
2025-12-05,104876.94207460467,0.0,0,,-0.4016036145084301
2025-12-08,104876.94207460467,0.0,0,,-0.4016036145084301
2025-12-09,104876.94207460467,0.0,0,,-0.4016036145084301
2025-12-10,119724.26185693633,0.14156896157183874,1,14.003571442195348,-0.31688925960604686
2025-12-11,114670.96793073464,-0.04220776848254937,1,14.003571442195348,-0.3457218395845377
2025-12-12,117702.94873494745,0.026440701242220532,1,14.003571442195348,-0.3284222662156828
2025-12-15,118635.86419451609,0.007926016039491612,1,14.003571442195348,-0.32309933032594296
2025-12-16,120501.69511365336,0.015727376639479207,1,14.003571442195348,-0.31245345854646334
2025-12-17,122523.01564979523,0.01677420831495713,1,14.110000610351562,-0.30092040963389344
2025-12-18,118946.8360143723,-0.029187819255482972,1,14.110000610351562,-0.32132501836269634
2025-12-19,119491.03484558241,0.004575143395528114,1,14.110000610351562,-0.31821998300274834
2025-12-22,118635.86419451609,-0.007156776675099175,1,14.110000610351562,-0.32309933032594296
2025-12-23,121590.1001902266,0.02490171092669513,1,14.110000610351562,-0.3062433455236332
2025-12-26,119335.55264273082,-0.01854219664239576,1,14.110000610351562,-0.3191071178329046
2025-12-29,118013.92055480367,-0.01107492326183701,1,14.110000610351562,-0.3266479542524362
2025-12-30,117547.45911794284,-0.003952596733232117,1,14.110000610351562,-0.3293094433487731
2026-01-02,115059.68455909316,-0.021164001140624666,1,14.110000610351562,-0.34350393905474585
2026-01-05,112649.64739459277,-0.020945974028484526,1,14.110000610351562,-0.3572548884971076
2026-01-06,111250.27791231632,-0.012422315689765928,1,14.110000610351562,-0.36523927118025035
2026-01-07,109530.87568481572,-0.015455262312744744,0,,-0.3750496647499886
2026-01-08,109530.87568481572,0.0,0,,-0.3750496647499886
2026-01-09,109530.87568481572,0.0,0,,-0.3750496647499886
2026-01-12,109530.87568481572,0.0,0,,-0.3750496647499886
2026-01-13,109530.87568481572,0.0,0,,-0.3750496647499886
2026-01-14,109530.87568481572,0.0,0,,-0.3750496647499886
2026-01-15,109530.87568481572,0.0,0,,-0.3750496647499886
2026-01-16,109530.87568481572,0.0,0,,-0.3750496647499886
2026-01-19,109530.87568481572,0.0,0,,-0.3750496647499886
2026-01-20,109530.87568481572,0.0,0,,-0.3750496647499886
2026-01-21,109530.87568481572,0.0,0,,-0.3750496647499886
2026-01-22,109530.87568481572,0.0,0,,-0.3750496647499886
2026-01-23,109530.87568481572,0.0,0,,-0.3750496647499886
2026-01-26,109530.87568481572,0.0,0,,-0.3750496647499886
2026-01-27,109530.87568481572,0.0,0,,-0.3750496647499886
2026-01-28,109530.87568481572,0.0,0,,-0.3750496647499886
2026-01-29,109530.87568481572,0.0,0,,-0.3750496647499886
2026-01-30,109530.87568481572,0.0,0,,-0.3750496647499886
2026-02-02,109530.87568481572,0.0,0,,-0.3750496647499886
2026-02-03,109530.87568481572,0.0,0,,-0.3750496647499886
2026-02-04,109530.87568481572,0.0,0,,-0.3750496647499886
2026-02-05,109530.87568481572,0.0,0,,-0.3750496647499886
2026-02-06,109530.87568481572,0.0,0,,-0.3750496647499886
2026-02-09,109530.87568481572,0.0,0,,-0.3750496647499886
2026-02-10,109530.87568481572,0.0,0,,-0.3750496647499886
2026-02-11,109530.87568481572,0.0,0,,-0.3750496647499886
2026-02-12,104353.05892310316,-0.0472726683625917,1,14.574285984039307,-0.40459273469135293
2026-02-13,103796.03373890607,-0.005337890330628037,0,,-0.40777095337562963
2026-02-18,103796.03373890607,0.0,0,,-0.40777095337562963
2026-02-19,103796.03373890607,0.0,0,,-0.40777095337562963
2026-02-20,103796.03373890607,0.0,0,,-0.40777095337562963
2026-02-23,103796.03373890607,0.0,0,,-0.40777095337562963
2026-02-24,109740.78434803484,0.057273388924306,1,15.453571966716222,-0.3738519888560411
2026-02-25,109866.55262954868,0.001146048684279366,1,15.557499136243548,-0.37313439275170546
2026-02-26,112193.43976603178,0.02117921315260496,1,15.981071438108172,-0.3598578724377567
2026-02-27,112948.09743538436,0.00672639746964121,1,16.07785623414176,-0.35555202205071124
2026-03-02,115463.6549867393,0.022271801017224258,1,16.422500371932983,-0.3411990049198721
2026-03-03,112948.09743538436,-0.02178657475933743,1,16.422500371932983,-0.35555202205071124
2026-03-04,111879.00106964611,-0.009465377372557038,1,16.422500371932983,-0.3616519653589826
2026-03-05,114834.76559890057,0.026419296749123244,1,16.538572107042587,-0.3447872592025819
2026-03-06,118733.85821237945,0.033953938889010216,1,17.09607114110674,-0.3225402058422455
2026-03-09,116029.65423628743,-0.02277533988034819,1,17.09607114110674,-0.3379695829094591
2026-03-10,119362.74760021818,0.028726219912222684,1,17.09607114110674,-0.3189519515595357
2026-03-11,118042.09068131748,-0.011064230217990412,1,17.09607114110674,-0.32648722395699414
2026-03-12,110055.2230444205,-0.06766118416573463,1,17.09607114110674,-0.3720578959348152
2026-03-13,107353.69455622036,-0.024547026605995392,0,,-0.38747200747032795
2026-03-16,107353.69455622036,0.0,0,,-0.38747200747032795
2026-03-17,107353.69455622036,0.0,0,,-0.38747200747032795
2026-03-18,107353.69455622036,0.0,0,,-0.38747200747032795
2026-03-19,107353.69455622036,0.0,0,,-0.38747200747032795
2026-03-20,107353.69455622036,0.0,0,,-0.38747200747032795
2026-03-23,107353.69455622036,0.0,0,,-0.38747200747032795
2026-03-24,107353.69455622036,0.0,0,,-0.38747200747032795
2026-03-25,107353.69455622036,0.0,0,,-0.38747200747032795
2026-03-26,107353.69455622036,0.0,0,,-0.38747200747032795
2026-03-27,107353.69455622036,0.0,0,,-0.38747200747032795
2026-03-30,107353.69455622036,0.0,0,,-0.38747200747032795
2026-03-31,107353.69455622036,0.0,0,,-0.38747200747032795
2026-04-01,107353.69455622036,0.0,0,,-0.38747200747032795
2026-04-02,107353.69455622036,0.0,0,,-0.38747200747032795
2026-04-06,107353.69455622036,0.0,0,,-0.38747200747032795
2026-04-07,107353.69455622036,0.0,0,,-0.38747200747032795
2026-04-08,107353.69455622036,0.0,0,,-0.38747200747032795
2026-04-09,107353.69455622036,0.0,0,,-0.38747200747032795
2026-04-10,107353.69455622036,0.0,0,,-0.38747200747032795
2026-04-13,104724.07918023078,-0.024494875438240915,1,16.15571471623012,-0.40247580434977803
2026-04-14,105355.64238049855,0.0060307352923185675,1,16.15571471623012,-0.3988722940950561
2026-04-15,99786.42714384686,-0.052861100846769316,1,16.15571471623012,-0.4306485663786844
2026-04-16,99636.74750313109,-0.0014999999999999458,0,,-0.43150259352911635
2026-04-17,99636.74750313109,0.0,0,,-0.43150259352911635
2026-04-20,99636.74750313109,0.0,0,,-0.43150259352911635
2026-04-22,99636.74750313109,0.0,0,,-0.43150259352911635
2026-04-23,99636.74750313109,0.0,0,,-0.43150259352911635
2026-04-24,99636.74750313109,0.0,0,,-0.43150259352911635
2026-04-27,99636.74750313109,0.0,0,,-0.43150259352911635
2026-04-28,99636.74750313109,0.0,0,,-0.43150259352911635
2026-04-29,99636.74750313109,0.0,0,,-0.43150259352911635
2026-04-30,99636.74750313109,0.0,0,,-0.43150259352911635
2026-05-04,99636.74750313109,0.0,0,,-0.43150259352911635
2026-05-05,99636.74750313109,0.0,0,,-0.43150259352911635
2026-05-06,99636.74750313109,0.0,0,,-0.43150259352911635
2026-05-07,99636.74750313109,0.0,0,,-0.43150259352911635
2026-05-08,99636.74750313109,0.0,0,,-0.43150259352911635
2026-05-11,99636.74750313109,0.0,0,,-0.43150259352911635
2026-05-12,99636.74750313109,0.0,0,,-0.43150259352911635
2026-05-13,99636.74750313109,0.0,0,,-0.43150259352911635
2026-05-14,99636.74750313109,0.0,0,,-0.43150259352911635
2026-05-15,99269.93331279611,-0.003681515098869048,1,16.530356781823293,-0.4335955253147068
2026-05-18,100031.45276891845,0.007671199432791154,1,16.775713000978744,-0.42925052362977056
2026-05-19,99813.88022785113,-0.0021750412999592683,1,16.775713000978744,-0.43049192731280594
2026-05-20,98290.83094068199,-0.01525889268799474,1,16.775713000978744,-0.43918198987888657
2026-05-21,95951.86646839257,-0.02379636482777292,1,16.775713000978744,-0.45252741984971423
2026-05-22,95734.29392732526,-0.002267517548905529,1,16.775713000978744,-0.4537688235327495
2026-05-25,94156.84891115817,-0.016477324388735393,1,16.775713000978744,-0.46276925181864104
2026-05-26,91113.74931591474,-0.0323194715034989,0,,-0.4801322656752919
2026-05-27,91113.74931591474,0.0,0,,-0.4801322656752919
2026-05-28,91113.74931591474,0.0,0,,-0.4801322656752919
2026-05-29,91113.74931591474,0.0,0,,-0.4801322656752919
2026-06-01,91113.74931591474,0.0,0,,-0.4801322656752919
2026-06-02,91113.74931591474,0.0,0,,-0.4801322656752919
2026-06-03,91113.74931591474,0.0,0,,-0.4801322656752919
2026-06-05,91113.74931591474,0.0,0,,-0.4801322656752919
2026-06-08,91113.74931591474,0.0,0,,-0.4801322656752919
2026-06-09,91113.74931591474,0.0,0,,-0.4801322656752919
2026-06-10,91113.74931591474,0.0,0,,-0.4801322656752919
2026-06-11,91113.74931591474,0.0,0,,-0.4801322656752919
2026-06-12,91113.74931591474,0.0,0,,-0.4801322656752919
2026-06-15,91113.74931591474,0.0,0,,-0.4801322656752919
2026-06-16,91113.74931591474,0.0,0,,-0.4801322656752919
2026-06-17,91113.74931591474,0.0,0,,-0.4801322656752919
2026-06-18,91113.74931591474,0.0,0,,-0.4801322656752919
2026-06-19,91113.74931591474,0.0,0,,-0.4801322656752919
2026-06-22,91113.74931591474,0.0,0,,-0.4801322656752919
2026-06-23,91113.74931591474,0.0,0,,-0.4801322656752919
2026-06-24,91113.74931591474,0.0,0,,-0.4801322656752919
2026-06-25,91113.74931591474,0.0,0,,-0.4801322656752919
2026-06-26,91113.74931591474,0.0,0,,-0.4801322656752919
2026-06-29,91113.74931591474,0.0,0,,-0.4801322656752919
2026-06-30,91113.74931591474,0.0,0,,-0.4801322656752919
2026-07-01,91113.74931591474,0.0,0,,-0.4801322656752919
2026-07-02,91113.74931591474,0.0,0,,-0.4801322656752919
2026-07-03,91113.74931591474,0.0,0,,-0.4801322656752919
2026-07-06,91113.74931591474,0.0,0,,-0.4801322656752919
2026-07-07,91113.74931591474,0.0,0,,-0.4801322656752919
2026-07-08,91113.74931591474,0.0,0,,-0.4801322656752919
2026-07-09,91113.74931591474,0.0,0,,-0.4801322656752919
2026-07-10,91113.74931591474,0.0,0,,-0.4801322656752919
2026-07-13,90755.52829416403,-0.003931580298695225,1,15.10821465083531,-0.48217616741749025
2026-07-14,89369.52457331122,-0.015271837946448596,1,15.10821465083531,-0.4900842890734992
2026-07-15,86098.54965896446,-0.036600562999118735,1,15.10821465083531,-0.508747491175505
2026-07-16,87151.91544763598,0.012234419660306584,1,15.10821465083531,-0.5027373018233676
2026-07-17,85655.02889126634,-0.01717560134715601,1,15.10821465083531,-0.5112780876920606
2026-07-20,85433.26850741728,-0.0025889943266561577,1,15.10821465083531,-0.5125433859503385
2026-07-21,86375.75146057195,0.011031802594241746,1,15.10821465083531,-0.5071658608108852
2026-07-22,88981.4346490023,0.03016683669165854,1,15.10821465083531,-0.4922986138178931
2026-07-23,87096.47402987756,-0.021183751718099275,1,15.10821465083531,-0.5030536339297097
2026-07-24,83634.52663567332,-0.03974842188234451,0,,-0.5228064677411697
2026-07-27,83634.52663567332,0.0,0,,-0.5228064677411697
2026-07-28,83634.52663567332,0.0,0,,-0.5228064677411697
2026-07-29,83634.52663567332,0.0,0,,-0.5228064677411697
2026-07-30,83634.52663567332,0.0,0,,-0.5228064677411697
2026-07-31,83634.52663567332,0.0,0,,-0.5228064677411697
2026-08-03,83634.52663567332,0.0,0,,-0.5228064677411697
2026-08-04,83634.52663567332,0.0,0,,-0.5228064677411697
2026-08-05,83634.52663567332,0.0,0,,-0.5228064677411697
2026-08-06,83634.52663567332,0.0,0,,-0.5228064677411697
2026-08-07,83634.52663567332,0.0,0,,-0.5228064677411697
2026-08-10,83634.52663567332,0.0,0,,-0.5228064677411697
2026-08-11,83634.52663567332,0.0,0,,-0.5228064677411697
2026-08-12,83634.52663567332,0.0,0,,-0.5228064677411697
2026-08-13,83634.52663567332,0.0,0,,-0.5228064677411697
2026-08-14,83634.52663567332,0.0,0,,-0.5228064677411697
2026-08-17,83634.52663567332,0.0,0,,-0.5228064677411697
2026-08-18,83634.52663567332,0.0,0,,-0.5228064677411697
2026-08-19,86910.33219247936,0.03916810064671039,1,14.940357685089111,-0.5041157034416965
2026-08-20,93136.89282796888,0.07164350288869725,1,15.93035616193499,-0.46858881540876207
2026-08-21,96328.66608113961,0.03426969867962182,1,16.37249936376299,-0.45037751423783945
2026-08-24,100828.54181773703,0.04671377607167404,1,17.212857178279332,-0.424702572513989
2026-08-25,96590.28258581298,-0.04203432039695021,1,17.212857178279332,-0.44888480890447724
2026-08-26,97479.79267374433,0.009209105348056967,1,17.212857178279332,-0.44380953105076404
2026-08-27,98735.5798402603,0.012882538340217575,1,17.212857178279332,-0.43664438601006195
2026-08-28,97218.17616907097,-0.015368357320069026,1,17.212857178279332,-0.44530223638412625
2026-08-31,103340.0961907091,0.06297094085566446,1,17.451785734721593,-0.4103723963187017
2026-09-01,110979.40990350665,0.07392400427709656,1,18.731427805764334,-0.36678476282227124
2026-09-02,110708.45713572078,-0.0024414688095878434,0,,-0.3683307380735964
