timestamp,equity,daily_return,position,stop_price,drawdown
2020-01-02,100000.0,0.0,0,,0.0
2020-01-03,100000.0,0.0,0,,0.0
2020-01-06,100000.0,0.0,0,,0.0
2020-01-07,100000.0,0.0,0,,0.0
2020-01-08,100000.0,0.0,0,,0.0
2020-01-09,100000.0,0.0,0,,0.0
2020-01-10,100000.0,0.0,0,,0.0
2020-01-13,100000.0,0.0,0,,0.0
2020-01-14,100000.0,0.0,0,,0.0
2020-01-15,100000.0,0.0,0,,0.0
2020-01-16,100000.0,0.0,0,,0.0
2020-01-17,100000.0,0.0,0,,0.0
2020-01-20,100000.0,0.0,0,,0.0
2020-01-21,100000.0,0.0,0,,0.0
2020-01-22,100000.0,0.0,0,,0.0
2020-01-23,100000.0,0.0,0,,0.0
2020-01-24,100000.0,0.0,0,,0.0
2020-01-27,100000.0,0.0,0,,0.0
2020-01-28,100000.0,0.0,0,,0.0
2020-01-29,100000.0,0.0,0,,0.0
2020-01-30,100000.0,0.0,0,,0.0
2020-01-31,100000.0,0.0,0,,0.0
2020-02-03,100000.0,0.0,0,,0.0
2020-02-04,100000.0,0.0,0,,0.0
2020-02-05,100000.0,0.0,0,,0.0
2020-02-06,100000.0,0.0,0,,0.0
2020-02-07,100000.0,0.0,0,,0.0
2020-02-10,100000.0,0.0,0,,0.0
2020-02-11,100000.0,0.0,0,,0.0
2020-02-12,100000.0,0.0,0,,0.0
2020-02-13,100000.0,0.0,0,,0.0
2020-02-14,100000.0,0.0,0,,0.0
2020-02-17,100000.0,0.0,0,,0.0
2020-02-18,100000.0,0.0,0,,0.0
2020-02-19,100000.0,0.0,0,,0.0
2020-02-20,100000.0,0.0,0,,0.0
2020-02-21,100000.0,0.0,0,,0.0
2020-02-26,100000.0,0.0,0,,0.0
2020-02-27,100000.0,0.0,0,,0.0
2020-02-28,100000.0,0.0,0,,0.0
2020-03-02,100000.0,0.0,0,,0.0
2020-03-03,100000.0,0.0,0,,0.0
2020-03-04,100000.0,0.0,0,,0.0
2020-03-05,100000.0,0.0,0,,0.0
2020-03-06,100000.0,0.0,0,,0.0
2020-03-09,100000.0,0.0,0,,0.0
2020-03-10,100000.0,0.0,0,,0.0
2020-03-11,100000.0,0.0,0,,0.0
2020-03-12,100000.0,0.0,0,,0.0
2020-03-13,100000.0,0.0,0,,0.0
2020-03-16,100000.0,0.0,0,,0.0
2020-03-17,100000.0,0.0,0,,0.0
2020-03-18,100000.0,0.0,0,,0.0
2020-03-19,100000.0,0.0,0,,0.0
2020-03-20,100000.0,0.0,0,,0.0
2020-03-23,100000.0,0.0,0,,0.0
2020-03-24,100000.0,0.0,0,,0.0
2020-03-25,100000.0,0.0,0,,0.0
2020-03-26,100000.0,0.0,0,,0.0
2020-03-27,100000.0,0.0,0,,0.0
2020-03-30,100000.0,0.0,0,,0.0
2020-03-31,100000.0,0.0,0,,0.0
2020-04-01,100000.0,0.0,0,,0.0
2020-04-02,100000.0,0.0,0,,0.0
2020-04-03,100000.0,0.0,0,,0.0
2020-04-06,100000.0,0.0,0,,0.0
2020-04-07,96734.73880734337,-0.03265261192656632,1,36.8453551701137,-0.03265261192656632
2020-04-08,95971.88930026138,-0.007885993351377962,0,,-0.040281106997386185
2020-04-09,94367.28137958272,-0.016719561658918858,1,36.673214367457796,-0.05632718620417276
2020-04-13,97179.98662008565,0.029805936966532887,1,38.002142088753835,-0.028200133799143545
2020-04-14,97092.76901940459,-0.0008974852098100339,1,38.5067845753261,-0.0290723098059541
2020-04-15,94171.04593681442,-0.030092077011484086,1,38.5067845753261,-0.05828954063185576
2020-04-16,93233.47752331346,-0.00995601571771898,1,38.5067845753261,-0.06766522476686543
2020-04-17,95937.16492172914,0.02899910493781177,1,38.617856570652556,-0.040628350782708544
2020-04-20,92579.36215326186,-0.03500002080743958,1,38.617856570652556,-0.07420637846738143
2020-04-22,93538.73912569719,0.010362752022930577,1,38.617856570652556,-0.0646126087430281
2020-04-23,94868.77010720657,0.01421903901999455,1,38.667140688214985,-0.05131229892793432
2020-04-24,95413.86763517093,0.005745805783593294,1,38.96714115142822,-0.045861323648290764
2020-04-27,97136.37781974512,0.01805303806738512,1,40.08214201245989,-0.028636221802548878
2020-04-28,97267.20422076671,0.0013468321957028628,1,40.33500017438616,-0.02732795779233288
2020-04-29,101889.62892899668,0.04752295231739656,1,42.38357026236398,0.0
2020-04-30,97812.30174873109,-0.04001709715820967,1,42.38357026236398,-0.04001709715820967
2020-05-04,95784.53827930137,-0.02073117014093806,1,42.38357026236398,-0.059918666049414426
2020-05-05,95283.04955167753,-0.005235591637572368,1,42.38357026236398,-0.0648405480200841
2020-05-06,96656.69765105564,0.014416500162844903,1,42.38357026236398,-0.05135882162832972
2020-05-07,100406.96298753134,0.038799849649474805,1,42.38357026236398,-0.014551686536208308
2020-05-08,106512.05363722664,0.060803458923993414,1,44.20357050214495,0.0
2020-05-11,104070.01904085415,-0.022927307407759723,1,44.20357050214495,-0.022927307407759723
2020-05-12,103481.31271254925,-0.005656829255251683,1,44.20357050214495,-0.028454440799723035
2020-05-13,105836.13802576887,0.022756044076874815,1,44.20357050214495,-0.006345907231869674
2020-05-14,104854.96081192736,-0.009270720116437148,1,44.20357050214495,-0.015557796218475195
2020-05-15,104767.7432112463,-0.0008317927926890789,1,44.20357050214495,-0.016376648148399675
2020-05-18,111766.79347410204,0.06680539303727628,1,46.468927247183665,0.0
2020-05-19,114034.40118664059,0.020288742676186633,1,47.54285717010498,0.0
2020-05-20,114470.48087251773,0.0038241064217401366,1,47.99285820552281,0.0
2020-05-21,111483.34874818087,-0.026095217750186084,1,47.99285820552281,-0.026095217750186084
2020-05-22,109608.21192117892,-0.016819882503148587,1,47.99285820552281,-0.0424761817568825
2020-05-25,109237.54127704848,-0.0033817780404720166,1,47.99285820552281,-0.04571431477864596
2020-05-26,107275.19516689368,-0.01796402671841446,1,47.99285820552281,-0.06285712832496282
2020-05-27,110414.9539336583,0.029268264316647752,1,47.99285820552281,-0.03542858305431551
2020-05-28,109215.74103564232,-0.010860964527834804,1,47.99285820552281,-0.04590475899832591
2020-05-29,115560.67592844646,0.05809542500593845,1,48.39821284157889,0.0
2020-06-01,116476.43578301306,0.007924493753685091,1,48.78071117401123,0.0
2020-06-02,116476.43578301306,0.0,1,48.94499724251883,0.0
2020-06-03,116999.73306957127,0.0044927309377245095,1,49.29928520747593,0.0
2020-06-04,121360.51329328623,0.03727171087751047,1,51.13321372440883,0.0
2020-06-05,119071.10533934152,-0.018864521019386293,1,51.13321372440883,-0.018864521019386293
2020-06-08,119441.76766594376,0.0031129494057007268,1,51.13321372440883,-0.015810295913181727
2020-06-09,119899.65591075526,0.003833568891010719,1,51.13321372440883,-0.012037336880741378
2020-06-10,118177.14572618107,-0.014366264619277147,1,51.13321372440883,-0.02623066993307832
2020-06-12,116432.83530020074,-0.014760133317333168,1,51.13321372440883,-0.040603635065196264
2020-06-15,117479.42155578894,0.008988755215741051,1,51.13321372440883,-0.031979855985925565
2020-06-16,120771.80696498133,0.028025209569395804,1,51.13321372440883,-0.004850888582534352
2020-06-17,122537.92594989605,0.014623603217486236,1,51.99107156481062,0.0
2020-06-18,122472.50859062115,-0.0005338539784135454,1,52.08071218218122,-0.0005338539784135454
2020-06-19,120292.11847876366,-0.01780309831936,1,52.08071218218122,-0.018327448042907646
2020-06-22,119921.45615216142,-0.003081351723535186,1,52.08071218218122,-0.021352326452827808
2020-06-23,121207.88665085846,0.01072727550159791,1,52.08071218218122,-0.010854103239689383
2020-06-24,120771.80696498133,-0.0035977830975081337,1,52.08071218218122,-0.01441283562802309
2020-06-25,122101.84626401891,0.011012829338748142,1,52.108927726745605,-0.0035587323883337074
2020-06-26,121273.29569260517,-0.00678573335920063,1,52.108927726745605,-0.010320317138450386
2020-06-29,121295.10425153952,0.00017982985297626541,1,52.108927726745605,-0.010142343186587799
2020-06-30,121927.41106265677,0.00521296234517421,1,52.12892614092146,-0.004982252494537098
2020-07-01,118918.47869691375,-0.024678063279772067,1,52.12892614092146,-0.029537363431973218
2020-07-02,120989.850966684,0.017418422203747896,1,52.12892614092146,-0.012633435495268852
2020-07-03,120488.35392153196,-0.004144951342159531,1,52.12892614092146,-0.016726021862016216
2020-07-06,122114.63458422702,0.013497409581627817,0,,-0.003454370248131222
2020-07-07,121136.61755255025,-0.008009007560860426,1,53.323928696768625,-0.01143571173155622
2020-07-08,123178.12688864028,0.016852949812672602,1,53.798568861825125,0.0
2020-07-09,121244.06368653088,-0.01570135259369465,1,53.798568861825125,-0.01570135259369465
2020-07-10,122425.99575316138,0.009748370606302847,1,53.798568861825125,-0.00610604459149533
2020-07-13,123887.28612861858,0.011936111823860562,1,54.01428508758545,0.0
2020-07-14,132590.5541428818,0.07025150268630131,1,57.54999841962542,0.0
2020-07-15,132783.96046309272,0.001458673443679226,1,57.54999841962542,0.0
2020-07-16,129195.20056531517,-0.027027058729544695,1,57.54999841962542,-0.027027058729544695
2020-07-17,131172.24386053975,0.015302761144173171,1,57.54999841962542,-0.012137886209539261
2020-07-20,130656.49094077238,-0.003931875407389596,1,57.54999841962542,-0.01602203696064386
2020-07-21,128292.6432027405,-0.018092080393490972,1,57.54999841962542,-0.03382424537337536
2020-07-22,127304.1256539355,-0.007705177195880597,1,57.54999841962542,-0.04126880076513717
2020-07-23,126466.0261346117,-0.006583443506003039,1,57.54999841962542,-0.04758055345274237
2020-07-24,125928.78726709404,-0.004248088470383493,1,57.54999841962542,-0.05162651552258879
2020-07-27,131881.39490290347,0.0472696336158942,1,57.54999841962542,-0.006797248380312593
2020-07-28,129667.97339196737,-0.016783425081041248,1,57.54999841962542,-0.02346659235240567
2020-07-29,135276.7484804701,0.04325489896836898,1,58.16428525107248,0.0
2020-07-30,131666.50263494224,-0.02668785202247126,1,58.16428525107248,-0.02668785202247126
2020-07-31,130463.08462056144,-0.00913989504010293,1,58.16428525107248,-0.035583822896242956
2020-08-03,129496.05301950674,-0.00741230060493514,1,58.16428525107248,-0.042732365509198456
2020-08-04,130441.59867281113,0.0073017333830396325,1,58.16428525107248,-0.035742652465933666
2020-08-05,133643.53773255224,0.02454691672226894,1,58.16428525107248,-0.01207310765717906
2020-08-06,132869.92064932303,-0.00578866061430805,1,58.16428525107248,-0.017791881148699673
2020-08-07,129904.35980529348,-0.022319279107996137,1,58.16428525107248,-0.0397140582954818
2020-08-10,133665.03187791712,0.0289495447132051,1,58.16428525107248,-0.011914217488644407
2020-08-11,129539.0331126219,-0.030868198715305772,1,58.16428525107248,-0.042414645770973425
2020-08-12,130632.16869626318,0.008438657888475198,0,,-0.03433391056762025
2020-08-13,130632.16869626318,0.0,0,,-0.03433391056762025
2020-08-14,132597.84809643246,0.015047437547635933,1,56.49821172441755,-0.019803110395016588
2020-08-17,134499.82447551683,0.014343946047308043,1,57.32821301051548,-0.0057432190947835915
2020-08-18,136293.73579501547,0.013337648034070115,1,58.36178616115025,0.0
2020-08-19,134845.63761309258,-0.010624833001135259,1,58.36178616115025,-0.010624833001135259
2020-08-20,136055.98771702548,0.008975819502635485,1,58.364285060337615,-0.0017443800817636967
2020-08-21,134434.9870887325,-0.011914217488644407,1,58.364285060337615,-0.013637814646731083
2020-08-24,136077.5974310084,0.01221862238281557,1,58.645711353846956,-0.0015858275712108405
2020-08-25,133181.4093119982,-0.021283357243859213,1,58.645711353846956,-0.022835433080344747
2020-08-26,133462.3850627896,0.0021097220118251325,1,58.645711353846956,-0.02077388748433895
2020-08-27,133132.70299131877,-0.0024702246353212054,0,,-0.02319279595102497
2020-08-28,133132.70299131877,0.0,0,,-0.02319279595102497
2020-08-31,129843.85865676077,-0.02470350455344139,1,57.08928435189383,-0.04732335716408309
2020-09-01,130974.26085431637,0.008705858014769863,0,,-0.039029489577566134
2020-09-02,129552.70547552248,-0.01085370033410682,1,58.08393028804234,-0.04945957552760483
2020-09-03,126573.75446291253,-0.0229941242961752,0,,-0.07131642019646234
2020-09-04,126573.75446291253,0.0,0,,-0.07131642019646234
2020-09-08,125705.49220216971,-0.00685973379257887,1,55.47749968937465,-0.07768694233145368
2020-09-09,126851.09630321273,0.00911339736215,0,,-0.06928153694462069
2020-09-10,126851.09630321273,0.0,0,,-0.06928153694462069
2020-09-11,126851.09630321273,0.0,0,,-0.06928153694462069
2020-09-14,124866.0679074399,-0.015648492237134604,1,58.33035591670445,-0.08384587758870066
2020-09-15,126257.72378841283,0.011145188635270697,1,58.33035591670445,-0.07363516707544593
2020-09-16,122970.18787764126,-0.026038295417719848,1,58.33035591670445,-0.09775612825972213
2020-09-17,121637.82659767594,-0.01083483162025467,0,,-0.10753178869043456
2020-09-18,121637.82659767594,0.0,0,,-0.10753178869043456
2020-09-21,121637.82659767594,0.0,0,,-0.10753178869043456
2020-09-22,121637.82659767594,0.0,0,,-0.10753178869043456
2020-09-23,121637.82659767594,0.0,0,,-0.10753178869043456
2020-09-24,121637.82659767594,0.0,0,,-0.10753178869043456
2020-09-25,121637.82659767594,0.0,0,,-0.10753178869043456
2020-09-28,121637.82659767594,0.0,0,,-0.10753178869043456
2020-09-29,121637.82659767594,0.0,0,,-0.10753178869043456
2020-09-30,121637.82659767594,0.0,0,,-0.10753178869043456
2020-10-01,121637.82659767594,0.0,0,,-0.10753178869043456
2020-10-02,121637.82659767594,0.0,0,,-0.10753178869043456
2020-10-05,121637.82659767594,0.0,0,,-0.10753178869043456
2020-10-06,121637.82659767594,0.0,0,,-0.10753178869043456
2020-10-07,121637.82659767594,0.0,0,,-0.10753178869043456
2020-10-08,123347.41784638465,0.014054766486113479,1,56.71857261657715,-0.09498835638419922
2020-10-09,123971.29446279917,0.005057881448248036,1,57.23035608019148,-0.09041091478150642
2020-10-13,123122.20575409268,-0.006849075121670878,0,,-0.09664075875601985
2020-10-14,124759.68286171537,0.013299608284253361,1,59.08392851693289,-0.08462643470751441
2020-10-15,123710.11969310942,-0.00841267903645837,1,59.08392851693289,-0.09232717871077878
2020-10-16,123254.64874155793,-0.0036817598485990866,1,59.08392851693289,-0.09566901205986611
2020-10-19,122680.3563248786,-0.004659397617395533,1,59.08392851693289,-0.09988264971041128
2020-10-20,122462.5207492904,-0.0017756353348968856,1,59.08392851693289,-0.10148092988313928
2020-10-21,124462.63297604195,0.016332443710237232,1,59.287499700273784,-0.08680591774788093
2020-10-22,124957.71108263604,0.003977724838019503,1,59.67678451538086,-0.08317348296497429
2020-10-23,125650.82496444324,0.005546787595595681,1,59.96607249123709,-0.07808804101297118
2020-10-26,123769.52664852714,-0.01497243107196844,1,59.96607249123709,-0.09189130427332792
2020-10-27,123828.93360394487,0.00047998046875008527,1,59.96607249123709,-0.09145542983587707
2020-10-28,119333.62348955528,-0.03630258279351262,1,59.96607249123709,-0.12443794431585653
2020-10-29,118573.43117761379,-0.006370311147117946,0,,-0.13001554703917462
2020-10-30,118573.43117761379,0.0,0,,-0.13001554703917462
2020-11-03,118573.43117761379,0.0,0,,-0.13001554703917462
2020-11-04,118573.43117761379,0.0,0,,-0.13001554703917462
2020-11-05,118573.43117761379,0.0,0,,-0.13001554703917462
2020-11-06,118573.43117761379,0.0,0,,-0.13001554703917462
2020-11-09,118573.43117761379,0.0,0,,-0.13001554703917462
2020-11-10,118573.43117761379,0.0,0,,-0.13001554703917462
2020-11-11,118573.43117761379,0.0,0,,-0.13001554703917462
2020-11-12,118573.43117761379,0.0,0,,-0.13001554703917462
2020-11-13,118573.43117761379,0.0,0,,-0.13001554703917462
2020-11-16,121043.42596241464,0.020830929494660477,1,60.68428502764021,-0.11189296223809697
2020-11-17,124865.65947468959,0.03157737383822723,1,62.29500320979527,-0.08384887429832877
2020-11-18,123896.11079278783,-0.007764734403203022,1,62.29500320979527,-0.09096254446259766
2020-11-19,126264.03550722677,0.019112179545322627,1,63.427145276750835,-0.07358885739894372
2020-11-23,132920.3048531031,0.052717064832727756,1,66.7828598022461,-0.024751181132682265
2020-11-24,139464.70866838176,0.049235546235853356,1,69.95000512259347,0.0
2020-11-25,140769.8539420765,0.009358247589346114,1,70.57857322692871,0.0
2020-11-26,142764.8698461622,0.014172181388400151,1,71.72178786141532,0.0
2020-11-27,146251.49254162758,0.024422133394737866,1,73.48643343789237,0.0
2020-11-30,145431.1073838671,-0.005609413917789352,1,73.48643343789237,-0.005609413917789352
2020-12-01,151490.7368581949,0.04166666666666652,1,75.68214552743095,0.0
2020-12-02,148861.78308901703,-0.017353891225961426,1,75.68214552743095,-0.017353891225961426
2020-12-03,147221.0269985127,-0.011022010192657583,1,75.68214552743095,-0.028184626652644207
2020-12-04,152851.82912220506,0.03824726833178005,1,75.68214552743095,0.0
2020-12-07,154660.38350860588,0.011832075525605168,1,76.33214024135044,0.0
2020-12-08,154567.16697478003,-0.0006027175913517757,1,76.57857268197196,-0.0006027175913517757
2020-12-09,154194.2581644268,-0.0024126004095945675,1,76.57857268197196,-0.0030138638842386323
2020-12-10,158482.61702088083,0.02781140431235185,1,78.40357099260602,0.0
2020-12-11,158221.58796614187,-0.001647051642922892,1,78.74928610665458,-0.001647051642922892
2020-12-14,155779.09571464892,-0.015437161786137743,1,78.74928610665458,-0.01705878762637869
2020-12-15,157550.3663325227,0.011370399922710606,1,78.90714291163853,-0.00588235294117645
2020-12-16,160757.3109764773,0.020355044031989733,1,80.50750023978097,0.0
2020-12-17,162584.5143596499,0.011366222612668286,1,81.56428173610142,0.0
2020-12-18,163703.22656569295,0.006880804180208422,1,82.35357311793736,0.0
2020-12-21,161950.59071957436,-0.010706177776009018,1,82.35357311793736,-0.010706177776009018
2020-12-22,162099.75424371567,0.0009210434088480213,1,82.35357311793736,-0.009794995221635516
2020-12-23,162882.8414079325,0.004830896677606722,1,82.6582145690918,-0.005011417153902298
2020-12-28,162789.61064909003,-0.0005723792514704673,1,83.00464030674526,-0.005580927974173422
2020-12-29,162342.1343016828,-0.0027488016318917285,1,83.00464030674526,-0.008314388742142298
2020-12-30,163050.639703829,0.004364273053288681,1,83.2035699571882,-0.003986401951595497
2021-01-04,170527.29420746578,0.0458548001848853,1,86.78142820085797,0.0
2021-01-05,173398.6280346108,0.016837972129269296,1,88.3285721370152,0.0
2021-01-06,179085.36292360196,0.03279573173933126,1,90.93750354221889,0.0
2021-01-07,190775.78029660552,0.06527846375692192,1,96.45571599687848,0.0
2021-01-08,190179.14042505698,-0.003127440341855414,1,96.45571599687848,-0.003127440341855414
2021-01-11,190141.85665652997,-0.00019604552025886957,1,96.45571599687848,-0.003322872741445271
2021-01-12,184939.89610848966,-0.027358313627057207,1,96.45571599687848,-0.030590278173899255
2021-01-13,179572.05254542857,-0.029024800359529812,0,,-0.05872720181648916
2021-01-14,179572.05254542857,0.0,0,,-0.05872720181648916
2021-01-15,179572.05254542857,0.0,0,,-0.05872720181648916
2021-01-18,179572.05254542857,0.0,0,,-0.05872720181648916
2021-01-19,179572.05254542857,0.0,0,,-0.05872720181648916
2021-01-20,179572.05254542857,0.0,0,,-0.05872720181648916
2021-01-21,179572.05254542857,0.0,0,,-0.05872720181648916
2021-01-22,179572.05254542857,0.0,0,,-0.05872720181648916
2021-01-26,179572.05254542857,0.0,0,,-0.05872720181648916
2021-01-27,179572.05254542857,0.0,0,,-0.05872720181648916
2021-01-28,179572.05254542857,0.0,0,,-0.05872720181648916
2021-01-29,179572.05254542857,0.0,0,,-0.05872720181648916
2021-02-01,179572.05254542857,0.0,0,,-0.05872720181648916
2021-02-02,179572.05254542857,0.0,0,,-0.05872720181648916
2021-02-03,179572.05254542857,0.0,0,,-0.05872720181648916
2021-02-04,179572.05254542857,0.0,0,,-0.05872720181648916
2021-02-05,179572.05254542857,0.0,0,,-0.05872720181648916
2021-02-08,179572.05254542857,0.0,0,,-0.05872720181648916
2021-02-09,179572.05254542857,0.0,0,,-0.05872720181648916
2021-02-10,179572.05254542857,0.0,0,,-0.05872720181648916
2021-02-11,179572.05254542857,0.0,0,,-0.05872720181648916
2021-02-12,179572.05254542857,0.0,0,,-0.05872720181648916
2021-02-17,179572.05254542857,0.0,0,,-0.05872720181648916
2021-02-18,179376.76560634433,-0.0010875129861025457,1,90.08571461268834,-0.059750848207978824
2021-02-19,180058.1673144706,0.003798717776089644,1,90.5860674721854,-0.056179107041113285
2021-02-22,175601.37637485907,-0.02475195102829053,1,90.5860674721854,-0.07954051556310915
2021-02-23,178548.0144320122,0.016780267432886742,1,90.5860674721854,-0.06409495925312114
2021-02-24,180352.8381455252,0.010108338192695188,1,90.6621423448835,-0.05463451458500357
2021-02-25,176264.37169405335,-0.022669265942867445,1,90.6621423448835,-0.07606525618708404
2021-02-26,174072.8030527901,-0.012433418167269727,1,90.6621423448835,-0.08755292321617936
2021-03-01,181531.49336838644,0.042848108290267195,1,91.05214009966168,-0.04845629206100832
2021-03-02,187111.69226270614,0.030739563646929646,1,93.22856903076172,-0.019206253687982233
2021-03-03,184809.62908513672,-0.012303149791074053,1,93.22856903076172,-0.031273106063007705
2021-03-04,182065.57371166398,-0.014848010826365776,1,93.22856903076172,-0.04565677347197572
2021-03-05,184551.79913330323,0.013655659172429058,1,93.22856903076172,-0.03262458763699283
2021-03-08,183557.3061545118,-0.005388692949414575,1,93.22856903076172,-0.03783747670103044
2021-03-09,181715.6556124563,-0.010033109444879784,1,93.22856903076172,-0.04749095860105068
2021-03-10,178916.35297083046,-0.015404851234149475,1,93.22856903076172,-0.06216421868298383
2021-03-11,183612.5534226649,0.02624802246332436,1,93.22856903076172,-0.037547884028065304
2021-03-12,179376.76560634433,-0.02306916241489243,1,93.22856903076172,-0.059750848207978824
2021-03-15,178308.60491978927,-0.0059548441680524755,1,93.22856903076172,-0.0653498853860438
2021-03-16,177737.69774796919,-0.003201792600401432,1,93.22856903076172,-0.06834244120697919
2021-03-17,180297.5908773721,0.014402645931831604,1,93.22856903076172,-0.05492410725796859
2021-03-18,177093.1228683855,-0.017773215900406036,1,93.22856903076172,-0.07172114514194172
2021-03-19,176717.14035997863,-0.002123077973424703,0,,-0.07369195353188673
2021-03-22,176717.14035997863,0.0,0,,-0.07369195353188673
2021-03-23,176717.14035997863,0.0,0,,-0.07369195353188673
2021-03-24,176717.14035997863,0.0,0,,-0.07369195353188673
2021-03-25,176717.14035997863,0.0,0,,-0.07369195353188673
2021-03-26,176717.14035997863,0.0,0,,-0.07369195353188673
2021-03-29,180091.7998595691,0.019096390382484563,1,91.19607516697475,-0.056002813462095014
2021-03-30,179693.19246144636,-0.0022133567349181815,0,,-0.058092215992662566
2021-03-31,179693.19246144636,0.0,0,,-0.058092215992662566
2021-04-01,179693.19246144636,0.0,0,,-0.058092215992662566
2021-04-05,179693.19246144636,0.0,0,,-0.058092215992662566
2021-04-06,176399.08441707314,-0.018331846628413473,1,96.58571570260185,-0.07535912502719389
2021-04-07,180737.74898990203,0.024595731815538535,1,97.00642694745746,-0.05261690604067781
2021-04-08,180634.03988567172,-0.0005738098698800931,1,97.22500038146973,-0.05316052381054914
2021-04-09,178041.20677726495,-0.014354066985646008,1,97.22500038146973,-0.06675152107642646
2021-04-12,178732.63157707299,0.0038835099599894285,1,97.22500038146973,-0.06312724131338188
2021-04-13,179043.77207759506,0.001740815304830834,1,97.22500038146973,-0.06149631887638096
2021-04-14,184955.428399683,0.03301793887321547,1,100.29107284545898,-0.03050886170075373
2021-04-15,187046.97885792473,0.011308402658622985,1,101.46535818917411,-0.01954546553489911
2021-04-16,187842.11276196307,0.0042509850139964556,1,102.22535732814244,-0.015377568001983088
2021-04-19,186217.27964842002,-0.00864999381476328,1,102.22535732814244,-0.023894545948643153
2021-04-20,183503.4481891342,-0.014573467426919673,1,102.22535732814244,-0.03811978698849927
2021-04-22,183624.44654001325,0.0006593791673841221,1,102.22535732814244,-0.03748554321452047
2021-04-23,186666.69455863876,0.01656777229802331,1,102.22535732814244,-0.021538822860942997
2021-04-26,187669.25985896884,0.005370884734958059,1,102.6289302280971,-0.016283620660897613
2021-04-27,190348.52601278832,0.014276531787000835,1,104.25571768624442,-0.0022395625018696297
2021-04-28,193459.91783017776,0.016345762599603297,1,106.08606992449079,0.0
2021-04-29,193511.7723822929,0.00026803770360661616,1,106.08606992449079,0.0
2021-04-30,188447.10451635843,-0.026172401831599856,1,106.08606992449079,-0.026172401831599856
2021-05-03,187479.11770932586,-0.0051366499342978544,1,106.08606992449079,-0.03117461329974902
2021-05-04,190313.9475194908,0.015120776355263876,1,106.08606992449079,-0.016525221300152437
2021-05-05,191368.367371936,0.005540423422393914,1,106.08606992449079,-0.011076354600910165
2021-05-06,198870.30468993183,0.039201553637207676,1,108.4910752432687,0.0
2021-05-07,199561.7163019087,0.0034766960962566706,1,108.7571405683245,0.0
2021-05-10,198248.02368888768,-0.006582888929625996,1,108.7571405683245,-0.006582888929625996
2021-05-11,205214.0998634209,0.0351381872308858,1,111.02893120901925,0.0
2021-05-12,197625.74268784357,-0.03697775728192032,1,111.02893120901925,-0.03697775728192032
2021-05-13,191631.7797310122,-0.030329869354616457,0,,-0.0661860960891495
2021-05-14,191631.7797310122,0.0,0,,-0.0661860960891495
2021-05-17,191631.7797310122,0.0,0,,-0.0661860960891495
2021-05-18,191631.7797310122,0.0,0,,-0.0661860960891495
2021-05-19,191631.7797310122,0.0,0,,-0.0661860960891495
2021-05-20,191631.7797310122,0.0,0,,-0.0661860960891495
2021-05-21,191631.7797310122,0.0,0,,-0.0661860960891495
2021-05-24,191631.7797310122,0.0,0,,-0.0661860960891495
2021-05-25,191631.7797310122,0.0,0,,-0.0661860960891495
2021-05-26,191631.7797310122,0.0,0,,-0.0661860960891495
2021-05-27,191631.7797310122,0.0,0,,-0.0661860960891495
2021-05-28,191631.7797310122,0.0,0,,-0.0661860960891495
2021-05-31,195222.6810326738,0.018738547993981225,1,106.52106884547642,-0.048687779433269185
2021-06-01,192535.34703044812,-0.013765480465745217,1,106.52106884547642,-0.061783049222305264
2021-06-02,195256.7051461384,0.014134329917404376,1,106.73214449201312,-0.04852198130591212
2021-06-04,192025.10211605407,-0.016550535499744723,1,106.73214449201312,-0.06426945203153533
2021-06-07,190548.25293929575,-0.007690917283646348,0,,-0.07146607827574192
2021-06-08,190548.25293929575,0.0,0,,-0.07146607827574192
2021-06-09,190548.25293929575,0.0,0,,-0.07146607827574192
2021-06-10,190548.25293929575,0.0,0,,-0.07146607827574192
2021-06-11,190548.25293929575,0.0,0,,-0.07146607827574192
2021-06-14,188292.50568736126,-0.011838194353076092,1,106.9885722569057,-0.08245824330453766
2021-06-15,184616.7266864102,-0.019521642603526068,1,106.9885722569057,-0.10037016555255796
2021-06-16,184339.8015963806,-0.0014999999999999458,0,,-0.10171961030422905
2021-06-17,184339.8015963806,0.0,0,,-0.10171961030422905
2021-06-18,184339.8015963806,0.0,0,,-0.10171961030422905
2021-06-21,184339.8015963806,0.0,0,,-0.10171961030422905
2021-06-22,185244.34620254932,0.0049069414111080345,1,104.09285763331822,-0.0973118010612446
2021-06-23,188021.34543709477,0.014991006697224751,1,105.7003560747419,-0.08377959622544784
2021-06-24,184629.07765726285,-0.018041929079625985,1,105.7003560747419,-0.10030997977165457
2021-06-25,186907.22181893353,0.012339032348413381,1,105.7003560747419,-0.08920867550851241
2021-06-28,183914.04063474826,-0.01601426180891452,1,105.7003560747419,-0.10379432623220719
2021-06-29,183638.16957379613,-0.0015000000000000568,0,,-0.1051386347428589
2021-06-30,183638.16957379613,0.0,0,,-0.1051386347428589
2021-07-01,179919.2986037377,-0.020251078404285527,1,105.98143250601632,-0.1232605424116473
2021-07-02,180811.7830892407,0.004960471124715982,0,,-0.11891150164838105
2021-07-05,179383.85562134837,-0.007897314231935626,1,106.31964356558663,-0.12586973438600813
2021-07-06,180334.90308442328,0.005301745019253179,1,106.69856698172433,-0.12123531860411074
2021-07-07,180857.9834217431,0.0029006050873852107,1,107.46606826782227,-0.1186863692986393
2021-07-08,180160.55506520794,-0.0038562210157392363,1,107.46606826782227,-0.12208490944280737
2021-07-12,182395.51599877275,0.012405384368159078,1,108.63071169172015,-0.11119403530183813
2021-07-13,183473.37301511754,0.005909449091676455,1,109.47321128845215,-0.10594168170107598
2021-07-14,182474.77499287258,-0.005442740850263195,1,109.47321128845215,-0.11080780943259916
2021-07-15,183045.40588936245,0.003127176874240023,1,109.5603575025286,-0.10802714817750203
2021-07-16,179748.43006369311,-0.01801179226351146,1,109.5603575025286,-0.1240931778892207
2021-07-19,177782.93036090836,-0.010934725282931712,1,109.5603575025286,-0.1336709783624479
2021-07-20,179272.90028554335,0.00838083792189881,1,109.5603575025286,-0.12641041524506635
2021-07-21,181333.51319989283,0.011494280011465019,1,109.5603575025286,-0.11636913194279375
2021-07-22,181809.030884818,0.0026223375730938248,1,109.5603575025286,-0.11405195351674191
2021-07-23,180889.69185667284,-0.0050566191551154605,1,109.5603575025286,-0.11853185537902633
2021-07-26,184820.69126224238,0.02173147272916065,1,110.9160682133266,-0.09937625443257181
2021-07-27,180984.79297501297,-0.020754701549009158,1,110.9160682133266,-0.11806843147977464
2021-07-28,185930.25671351695,0.02732529986199861,1,111.14464569091797,-0.09396938691219658
2021-07-29,183188.0575668726,-0.01474853633354345,1,111.14464569091797,-0.10733201232862466
2021-07-30,175909.24330822154,-0.0397341090643637,0,,-0.14280137950902516
2021-08-02,175909.24330822154,0.0,0,,-0.14280137950902516
2021-08-03,175909.24330822154,0.0,0,,-0.14280137950902516
2021-08-04,175909.24330822154,0.0,0,,-0.14280137950902516
2021-08-05,175909.24330822154,0.0,0,,-0.14280137950902516
2021-08-06,175909.24330822154,0.0,0,,-0.14280137950902516
2021-08-09,175909.24330822154,0.0,0,,-0.14280137950902516
2021-08-10,175909.24330822154,0.0,0,,-0.14280137950902516
2021-08-11,175909.24330822154,0.0,0,,-0.14280137950902516
2021-08-12,175909.24330822154,0.0,0,,-0.14280137950902516
2021-08-13,175909.24330822154,0.0,0,,-0.14280137950902516
2021-08-16,175909.24330822154,0.0,0,,-0.14280137950902516
2021-08-17,175909.24330822154,0.0,0,,-0.14280137950902516
2021-08-18,175909.24330822154,0.0,0,,-0.14280137950902516
2021-08-19,175909.24330822154,0.0,0,,-0.14280137950902516
2021-08-20,175909.24330822154,0.0,0,,-0.14280137950902516
2021-08-23,175909.24330822154,0.0,0,,-0.14280137950902516
2021-08-24,175909.24330822154,0.0,0,,-0.14280137950902516
2021-08-25,175909.24330822154,0.0,0,,-0.14280137950902516
2021-08-26,175909.24330822154,0.0,0,,-0.14280137950902516
2021-08-27,175909.24330822154,0.0,0,,-0.14280137950902516
2021-08-30,175909.24330822154,0.0,0,,-0.14280137950902516
2021-08-31,175909.24330822154,0.0,0,,-0.14280137950902516
2021-09-01,175909.24330822154,0.0,0,,-0.14280137950902516
2021-09-02,175909.24330822154,0.0,0,,-0.14280137950902516
2021-09-03,175909.24330822154,0.0,0,,-0.14280137950902516
2021-09-06,175909.24330822154,0.0,0,,-0.14280137950902516
2021-09-08,175909.24330822154,0.0,0,,-0.14280137950902516
2021-09-09,175909.24330822154,0.0,0,,-0.14280137950902516
2021-09-10,175909.24330822154,0.0,0,,-0.14280137950902516
2021-09-13,175909.24330822154,0.0,0,,-0.14280137950902516
2021-09-14,175909.24330822154,0.0,0,,-0.14280137950902516
2021-09-15,175909.24330822154,0.0,0,,-0.14280137950902516
2021-09-16,175909.24330822154,0.0,0,,-0.14280137950902516
2021-09-17,175909.24330822154,0.0,0,,-0.14280137950902516
2021-09-20,175909.24330822154,0.0,0,,-0.14280137950902516
2021-09-21,175909.24330822154,0.0,0,,-0.14280137950902516
2021-09-22,175909.24330822154,0.0,0,,-0.14280137950902516
2021-09-23,175909.24330822154,0.0,0,,-0.14280137950902516
2021-09-24,175909.24330822154,0.0,0,,-0.14280137950902516
2021-09-27,175909.24330822154,0.0,0,,-0.14280137950902516
2021-09-28,175909.24330822154,0.0,0,,-0.14280137950902516
2021-09-29,175909.24330822154,0.0,0,,-0.14280137950902516
2021-09-30,175909.24330822154,0.0,0,,-0.14280137950902516
2021-10-01,175909.24330822154,0.0,0,,-0.14280137950902516
2021-10-04,175909.24330822154,0.0,0,,-0.14280137950902516
2021-10-05,175909.24330822154,0.0,0,,-0.14280137950902516
2021-10-06,175909.24330822154,0.0,0,,-0.14280137950902516
2021-10-07,175909.24330822154,0.0,0,,-0.14280137950902516
2021-10-08,175909.24330822154,0.0,0,,-0.14280137950902516
2021-10-11,175909.24330822154,0.0,0,,-0.14280137950902516
2021-10-13,175909.24330822154,0.0,0,,-0.14280137950902516
2021-10-14,175909.24330822154,0.0,0,,-0.14280137950902516
2021-10-15,175909.24330822154,0.0,0,,-0.14280137950902516
2021-10-18,175909.24330822154,0.0,0,,-0.14280137950902516
2021-10-19,175909.24330822154,0.0,0,,-0.14280137950902516
2021-10-20,175909.24330822154,0.0,0,,-0.14280137950902516
2021-10-21,175909.24330822154,0.0,0,,-0.14280137950902516
2021-10-22,175909.24330822154,0.0,0,,-0.14280137950902516
2021-10-25,175909.24330822154,0.0,0,,-0.14280137950902516
2021-10-26,175909.24330822154,0.0,0,,-0.14280137950902516
2021-10-27,175909.24330822154,0.0,0,,-0.14280137950902516
2021-10-28,175909.24330822154,0.0,0,,-0.14280137950902516
2021-10-29,175909.24330822154,0.0,0,,-0.14280137950902516
2021-11-01,175909.24330822154,0.0,0,,-0.14280137950902516
2021-11-03,175909.24330822154,0.0,0,,-0.14280137950902516
2021-11-04,175909.24330822154,0.0,0,,-0.14280137950902516
2021-11-05,175909.24330822154,0.0,0,,-0.14280137950902516
2021-11-08,175909.24330822154,0.0,0,,-0.14280137950902516
2021-11-09,175909.24330822154,0.0,0,,-0.14280137950902516
2021-11-10,175909.24330822154,0.0,0,,-0.14280137950902516
2021-11-11,175909.24330822154,0.0,0,,-0.14280137950902516
2021-11-12,175909.24330822154,0.0,0,,-0.14280137950902516
2021-11-16,175909.24330822154,0.0,0,,-0.14280137950902516
2021-11-17,175909.24330822154,0.0,0,,-0.14280137950902516
2021-11-18,175909.24330822154,0.0,0,,-0.14280137950902516
2021-11-19,175909.24330822154,0.0,0,,-0.14280137950902516
2021-11-22,175909.24330822154,0.0,0,,-0.14280137950902516
2021-11-23,175909.24330822154,0.0,0,,-0.14280137950902516
2021-11-24,175909.24330822154,0.0,0,,-0.14280137950902516
2021-11-25,175909.24330822154,0.0,0,,-0.14280137950902516
2021-11-26,175909.24330822154,0.0,0,,-0.14280137950902516
2021-11-29,175909.24330822154,0.0,0,,-0.14280137950902516
2021-11-30,175909.24330822154,0.0,0,,-0.14280137950902516
2021-12-01,175909.24330822154,0.0,0,,-0.14280137950902516
2021-12-02,175909.24330822154,0.0,0,,-0.14280137950902516
2021-12-03,172713.95455943444,-0.018164416426875496,1,66.18642698015485,-0.15837189221216652
2021-12-06,182086.20087747858,0.05426455749884962,1,68.3717850276402,-0.11270131536446559
2021-12-07,183431.97389674917,0.007390856708445082,1,68.69428988865444,-0.1061434179287325
2021-12-08,182062.18263991716,-0.007467570826027559,1,68.69428988865444,-0.11281835526366069
2021-12-09,180668.35481099124,-0.007655778969115401,1,68.69428988865444,-0.11961042184121828
2021-12-10,181797.83535048182,0.006251678887939205,1,69.03929056440082,-0.11410650890228136
2021-12-13,187108.78104221766,0.029213470454678703,1,71.48143305097308,-0.08822648557410606
2021-12-14,187084.74447012375,-0.00012846308954617136,1,71.48143305097308,-0.08834361481673547
2021-12-15,186027.37364691487,-0.005651828139187187,1,71.48143305097308,-0.09349614002778395
2021-12-16,193308.89655610258,0.03914221206502777,1,73.95607839311872,-0.05801357370298521
2021-12-17,190256.89360881542,-0.015788217726448006,1,73.95607839311872,-0.07288586049672108
2021-12-20,188118.09705577124,-0.011241624481905577,1,73.95607839311872,-0.08330812950488209
2021-12-21,193068.56750422865,0.026315758695931057,1,74.0560714176723,-0.0591846874424109
2021-12-22,192059.25149067506,-0.005227759373785612,1,74.0560714176723,-0.06410304351163487
2021-12-23,190208.83879916012,-0.009634592851700097,1,74.0560714176723,-0.07312002963854558
2021-12-27,189728.19902994472,-0.002526905543663527,1,74.0560714176723,-0.07546216777396264
2021-12-28,185162.24039685965,-0.02406578809280968,1,74.0560714176723,-0.0977118993281001
2021-12-29,185642.86183154254,0.0025956773565321,1,74.0560714176723,-0.09536985053611757
2021-12-30,187349.0917595591,0.009190926659840226,1,74.0560714176723,-0.0870554611781148
2022-01-03,187445.21971340218,0.0005130953822101159,1,74.0560714176723,-0.08658703355103137
2022-01-04,185234.33177860882,-0.011794848319811813,1,74.0560714176723,-0.09736060094364629
2022-01-05,186988.6165162807,0.009470624159287011,1,74.0560714176723,-0.0888120424438189
2022-01-06,190761.5516155922,0.020177351806777155,1,74.57285744803292,-0.07042668246210915
2022-01-07,201864.08276827927,0.058201094815269805,1,78.91250174386161,-0.016324497670341498
2022-01-10,199460.93892579977,-0.011904761904761862,1,78.91250174386161,-0.02803492031712307
2022-01-11,203257.9105972052,0.019036166639213148,1,79.38000406537738,-0.009532431092783789
2022-01-12,205468.79853199853,0.010877254067491737,1,80.31964520045689,0.0
2022-01-13,202344.70420296217,-0.01520471405564694,1,80.31964520045689,-0.01520471405564694
2022-01-14,203522.25788664052,0.0058195428850820186,1,80.31964520045689,-0.009473655656067281
2022-01-17,202464.86872889914,-0.00519544726321941,1,80.31964520045689,-0.014619883040935644
2022-01-18,207415.33917735657,0.024451009597552087,1,81.03142520359584,0.0
2022-01-19,211981.31614497412,0.022013689950449056,1,82.74214145115444,0.0
2022-01-20,208376.60038125486,-0.01700487490724889,1,82.74214145115444,-0.01700487490724889
2022-01-21,204050.95246551122,-0.020758798770251774,1,82.74214145115444,-0.037410672901187714
2022-01-24,198543.005840298,-0.026992996399485936,0,,-0.06339384314174956
2022-01-25,198543.005840298,0.0,0,,-0.06339384314174956
2022-01-26,198543.005840298,0.0,0,,-0.06339384314174956
2022-01-27,198543.005840298,0.0,0,,-0.06339384314174956
2022-01-28,198543.005840298,0.0,0,,-0.06339384314174956
2022-01-31,198543.005840298,0.0,0,,-0.06339384314174956
2022-02-01,198543.005840298,0.0,0,,-0.06339384314174956
2022-02-02,198543.005840298,0.0,0,,-0.06339384314174956
2022-02-03,198543.005840298,0.0,0,,-0.06339384314174956
2022-02-04,198543.005840298,0.0,0,,-0.06339384314174956
2022-02-07,198543.005840298,0.0,0,,-0.06339384314174956
2022-02-08,198543.005840298,0.0,0,,-0.06339384314174956
2022-02-09,198543.005840298,0.0,0,,-0.06339384314174956
2022-02-10,198543.005840298,0.0,0,,-0.06339384314174956
2022-02-11,198543.005840298,0.0,0,,-0.06339384314174956
2022-02-14,198543.005840298,0.0,0,,-0.06339384314174956
2022-02-15,198543.005840298,0.0,0,,-0.06339384314174956
2022-02-16,198543.005840298,0.0,0,,-0.06339384314174956
2022-02-17,198543.005840298,0.0,0,,-0.06339384314174956
2022-02-18,198543.005840298,0.0,0,,-0.06339384314174956
2022-02-21,196643.1969267573,-0.009568752651346712,1,80.37499836512974,-0.07235599578845464
2022-02-22,200054.11588066915,0.0173457256961822,1,81.51142828805106,-0.05626533734769312
2022-02-23,197948.0462893471,-0.010527499432095189,1,81.51142828805106,-0.06620050347281381
2022-02-24,200397.5009687804,0.01237423013436989,1,81.51142828805106,-0.05464545360342765
2022-02-25,211248.35448217447,0.054146650836152554,1,84.95678411211286,-0.0034576710633231755
2022-03-02,228119.84313995123,0.0798656571746239,1,91.35535921369281,0.0
2022-03-03,228234.29319246093,0.0005017102016833253,1,91.53214018685478,0.0
2022-03-04,233430.81111149307,0.022768348464838883,1,93.64143126351493,0.0
2022-03-07,240527.36058286403,0.03040108303432776,1,96.44500187465123,0.0
2022-03-08,229974.09816434444,-0.04387551750015517,1,96.44500187465123,-0.04387551750015517
2022-03-09,218954.56346365175,-0.04791641662539703,0,,-0.08968957654935994
2022-03-10,218954.56346365175,0.0,0,,-0.08968957654935994
2022-03-11,218954.56346365175,0.0,0,,-0.08968957654935994
2022-03-14,218954.56346365175,0.0,0,,-0.08968957654935994
2022-03-15,218954.56346365175,0.0,0,,-0.08968957654935994
2022-03-16,218954.56346365175,0.0,0,,-0.08968957654935994
2022-03-17,218954.56346365175,0.0,0,,-0.08968957654935994
2022-03-18,220184.78825976994,0.0056186305352909915,1,84.40071078709194,-0.08457487860756652
2022-03-21,226417.51711471603,0.028306809494908602,1,87.82964079720634,-0.05866211408945732
2022-03-22,221353.4292906538,-0.022366148558622734,1,87.82964079720634,-0.07971621708959231
2022-03-23,221009.7092836496,-0.001552810851431885,1,87.82964079720634,-0.08114524373409238
2022-03-24,222063.78863374924,0.00476938028431495,1,87.82964079720634,-0.07676287597540865
2022-03-25,218214.16301641936,-0.017335674767213316,1,87.82964079720634,-0.0927678144905163
2022-03-28,218466.20570707493,0.0011550244364137985,1,87.82964079720634,-0.0917199391467517
2022-03-29,216587.22281542138,-0.008600794276497514,1,87.82964079720634,-0.0995318690955952
2022-03-30,219680.68539613305,0.014282756574924838,1,87.82964079720634,-0.08667070197841009
2022-03-31,220609.55732554584,0.004228282189387089,0,,-0.08280888797454
2022-04-01,220609.55732554584,0.0,0,,-0.08280888797454
2022-04-04,220609.55732554584,0.0,0,,-0.08280888797454
2022-04-05,220609.55732554584,0.0,0,,-0.08280888797454
2022-04-06,220609.55732554584,0.0,0,,-0.08280888797454
2022-04-07,224038.87045983927,0.015544716991716223,1,90.8728528703962,-0.06855141171078671
2022-04-08,222574.2843751485,-0.006537196343137652,0,,-0.07464047401597174
2022-04-11,222574.2843751485,0.0,0,,-0.07464047401597174
2022-04-12,218198.06438469933,-0.019661840103113892,1,89.03928239004952,-0.09283474505376299
2022-04-13,218268.16907982554,0.0003212892622301844,1,89.03928239004952,-0.09254328259828049
2022-04-14,215206.79403490064,-0.014025751248251339,1,89.03928239004952,-0.10527104478511173
2022-04-18,213763.95562945708,-0.006704427766390908,0,,-0.11126969043584833
2022-04-19,213763.95562945708,0.0,0,,-0.11126969043584833
2022-04-20,213763.95562945708,0.0,0,,-0.11126969043584833
2022-04-22,213763.95562945708,0.0,0,,-0.11126969043584833
2022-04-25,213763.95562945708,0.0,0,,-0.11126969043584833
2022-04-26,213763.95562945708,0.0,0,,-0.11126969043584833
2022-04-27,213763.95562945708,0.0,0,,-0.11126969043584833
2022-04-28,213763.95562945708,0.0,0,,-0.11126969043584833
2022-04-29,213763.95562945708,0.0,0,,-0.11126969043584833
2022-05-02,213763.95562945708,0.0,0,,-0.11126969043584833
2022-05-03,213763.95562945708,0.0,0,,-0.11126969043584833
2022-05-04,213763.95562945708,0.0,0,,-0.11126969043584833
2022-05-05,213763.95562945708,0.0,0,,-0.11126969043584833
2022-05-06,213763.95562945708,0.0,0,,-0.11126969043584833
2022-05-09,213763.95562945708,0.0,0,,-0.11126969043584833
2022-05-10,213763.95562945708,0.0,0,,-0.11126969043584833
2022-05-11,213763.95562945708,0.0,0,,-0.11126969043584833
2022-05-12,213763.95562945708,0.0,0,,-0.11126969043584833
2022-05-13,213763.95562945708,0.0,0,,-0.11126969043584833
2022-05-16,213763.95562945708,0.0,0,,-0.11126969043584833
2022-05-17,213763.95562945708,0.0,0,,-0.11126969043584833
2022-05-18,213763.95562945708,0.0,0,,-0.11126969043584833
2022-05-19,213763.95562945708,0.0,0,,-0.11126969043584833
2022-05-20,213763.95562945708,0.0,0,,-0.11126969043584833
2022-05-23,215051.73772889678,0.006024318251632632,1,75.76464244297573,-0.10591569621116204
2022-05-24,217956.44759662816,0.013507028115221198,1,76.8060746874128,-0.09383927438250816
2022-05-25,218630.75913117095,0.0030937902593766164,1,77.55357606070382,-0.09103580315616311
2022-05-26,218501.0769868183,-0.0005931559898890715,1,77.7000013078962,-0.09157496071411575
2022-05-27,222313.50250486663,0.01744808570567513,1,79.5360745021275,-0.07572468277147437
2022-05-30,224725.4439681186,0.010849280120532434,1,80.53393145969936,-0.06569696094636812
2022-05-31,223584.30441531035,-0.0050779276821459884,1,80.53393145969936,-0.07044128421189166
2022-06-01,228849.07497386576,0.023547138392934874,1,82.4757137298584,-0.048552836486870254
2022-06-02,233154.2688963935,0.018812371966193897,1,84.04821641104562,-0.030653858540681145
2022-06-03,229419.6447502699,-0.01601782443787536,1,84.04821641104562,-0.04618067485410848
2022-06-06,229653.0686527612,0.0010174538572989,1,84.04821641104562,-0.04521020770257245
2022-06-07,235021.5809694553,0.02337661912461253,1,85.23607526506696,-0.02289045038396753
2022-06-08,226929.9019150932,-0.03442951502999947,1,85.23607526506696,-0.05653185830842877
2022-06-09,220726.8603226269,-0.027334615403778795,0,,-0.08232119710728569
2022-06-10,220726.8603226269,0.0,0,,-0.08232119710728569
2022-06-13,220726.8603226269,0.0,0,,-0.08232119710728569
2022-06-14,220726.8603226269,0.0,0,,-0.08232119710728569
2022-06-15,220726.8603226269,0.0,0,,-0.08232119710728569
2022-06-17,220726.8603226269,0.0,0,,-0.08232119710728569
2022-06-20,220726.8603226269,0.0,0,,-0.08232119710728569
2022-06-21,220726.8603226269,0.0,0,,-0.08232119710728569
2022-06-22,220726.8603226269,0.0,0,,-0.08232119710728569
2022-06-23,220726.8603226269,0.0,0,,-0.08232119710728569
2022-06-24,220726.8603226269,0.0,0,,-0.08232119710728569
2022-06-27,220726.8603226269,0.0,0,,-0.08232119710728569
2022-06-28,220726.8603226269,0.0,0,,-0.08232119710728569
2022-06-29,220726.8603226269,0.0,0,,-0.08232119710728569
2022-06-30,220726.8603226269,0.0,0,,-0.08232119710728569
2022-07-01,220726.8603226269,0.0,0,,-0.08232119710728569
2022-07-04,220726.8603226269,0.0,0,,-0.08232119710728569
2022-07-05,220726.8603226269,0.0,0,,-0.08232119710728569
2022-07-06,220726.8603226269,0.0,0,,-0.08232119710728569
2022-07-07,220726.8603226269,0.0,0,,-0.08232119710728569
2022-07-08,220726.8603226269,0.0,0,,-0.08232119710728569
2022-07-11,220726.8603226269,0.0,0,,-0.08232119710728569
2022-07-12,220726.8603226269,0.0,0,,-0.08232119710728569
2022-07-13,220726.8603226269,0.0,0,,-0.08232119710728569
2022-07-14,220726.8603226269,0.0,0,,-0.08232119710728569
2022-07-15,220726.8603226269,0.0,0,,-0.08232119710728569
2022-07-18,220726.8603226269,0.0,0,,-0.08232119710728569
2022-07-19,220726.8603226269,0.0,0,,-0.08232119710728569
2022-07-20,220726.8603226269,0.0,0,,-0.08232119710728569
2022-07-21,220726.8603226269,0.0,0,,-0.08232119710728569
2022-07-22,220726.8603226269,0.0,0,,-0.08232119710728569
2022-07-25,220726.8603226269,0.0,0,,-0.08232119710728569
2022-07-26,220726.8603226269,0.0,0,,-0.08232119710728569
2022-07-27,220726.8603226269,0.0,0,,-0.08232119710728569
2022-07-28,220726.8603226269,0.0,0,,-0.08232119710728569
2022-07-29,220726.8603226269,0.0,0,,-0.08232119710728569
2022-08-01,220726.8603226269,0.0,0,,-0.08232119710728569
2022-08-02,220726.8603226269,0.0,0,,-0.08232119710728569
2022-08-03,220726.8603226269,0.0,0,,-0.08232119710728569
2022-08-04,220726.8603226269,0.0,0,,-0.08232119710728569
2022-08-05,220726.8603226269,0.0,0,,-0.08232119710728569
2022-08-08,220726.8603226269,0.0,0,,-0.08232119710728569
2022-08-09,220726.8603226269,0.0,0,,-0.08232119710728569
2022-08-10,220726.8603226269,0.0,0,,-0.08232119710728569
2022-08-11,220726.8603226269,0.0,0,,-0.08232119710728569
2022-08-12,223664.7325836203,0.013309989806855604,1,64.20535986764091,-0.07010690159481625
2022-08-15,218858.1840992792,-0.021489970407131964,1,64.20535986764091,-0.09009027676133996
2022-08-16,222369.35798814244,0.016043146402377584,0,,-0.07549246185847525
2022-08-17,221743.82030266186,-0.002813057028810295,1,62.428928647722515,-0.07809315428683239
2022-08-18,220086.3409462759,-0.007474748807536735,1,62.428928647722515,-0.0849841763824869
2022-08-19,217419.75636046086,-0.012116083962093516,0,,-0.09607058492808085
2022-08-22,217419.75636046086,0.0,0,,-0.09607058492808085
2022-08-23,217419.75636046086,0.0,0,,-0.09607058492808085
2022-08-24,217419.75636046086,0.0,0,,-0.09607058492808085
2022-08-25,217419.75636046086,0.0,0,,-0.09607058492808085
2022-08-26,217419.75636046086,0.0,0,,-0.09607058492808085
2022-08-29,217419.75636046086,0.0,0,,-0.09607058492808085
2022-08-30,217419.75636046086,0.0,0,,-0.09607058492808085
2022-08-31,217419.75636046086,0.0,0,,-0.09607058492808085
2022-09-01,217419.75636046086,0.0,0,,-0.09607058492808085
2022-09-02,217419.75636046086,0.0,0,,-0.09607058492808085
2022-09-05,217419.75636046086,0.0,0,,-0.09607058492808085
2022-09-06,217419.75636046086,0.0,0,,-0.09607058492808085
2022-09-08,217419.75636046086,0.0,0,,-0.09607058492808085
2022-09-09,217419.75636046086,0.0,0,,-0.09607058492808085
2022-09-12,217419.75636046086,0.0,0,,-0.09607058492808085
2022-09-13,213743.1250257983,-0.0169102909331158,1,63.26464189801897,-0.1113562943199482
2022-09-14,211858.97546398663,-0.008815018315018408,0,,-0.11918970486104374
2022-09-15,211858.97546398663,0.0,0,,-0.11918970486104374
2022-09-16,214591.53923339988,0.012898031643118868,1,62.533926827566965,-0.10782898580275657
2022-09-19,221540.21476807227,0.0323809389666323,1,64.41357040405273,-0.07893965064423725
2022-09-20,218364.56769052328,-0.014334404617570407,1,64.41357040405273,-0.09214250236910349
2022-09-21,215220.36931347713,-0.014398848724863966,1,64.41357040405273,-0.10521460514122427
2022-09-22,220297.45176858912,0.02359015771279993,0,,-0.08410647655739567
2022-09-23,219519.3078788178,-0.0035322419007765005,1,62.73500061035156,-0.08734163403754946
2022-09-26,216408.98869489238,-0.014168772733387236,0,,-0.100272883008096
2022-09-27,216276.53148336508,-0.0006120688993840329,1,62.06785869598389,-0.10082357799433928
2022-09-28,218321.09358652818,0.009453462607062146,1,62.66142981392996,-0.09232324731175678
2022-09-29,218608.62308049639,0.001317002811064727,1,63.412147521972656,-0.09112783447692818
2022-09-30,230141.2441418617,0.05275464846196276,1,66.43286187308175,-0.0431806028878956
2022-10-03,236402.7186294366,0.027207094108326224,1,68.3696471623012,-0.01714832750599471
2022-10-04,242121.11163997505,0.02418920156118043,1,70.20607703072685,0.0
2022-10-05,245858.82444984175,0.015437368449821687,1,71.29750333513532,0.0
2022-10-06,240332.12589298302,-0.022479154731280482,1,71.29750333513532,-0.022479154731280482
2022-10-07,241226.61876647905,0.003721903054668241,1,71.29750333513532,-0.018840916911272876
2022-10-10,236370.76549163953,-0.020129840146456912,1,71.29750333513532,-0.03859149241209325
2022-10-11,234773.4498252244,-0.006757670150506101,1,71.29750333513532,-0.04508837398626253
2022-10-13,227427.58424983022,-0.031289166559773984,0,,-0.07496676290247095
2022-10-14,227427.58424983022,0.0,0,,-0.07496676290247095
2022-10-17,227427.58424983022,0.0,0,,-0.07496676290247095
2022-10-18,227427.58424983022,0.0,0,,-0.07496676290247095
2022-10-19,227427.58424983022,0.0,0,,-0.07496676290247095
2022-10-20,227427.58424983022,0.0,0,,-0.07496676290247095
2022-10-21,227427.58424983022,0.0,0,,-0.07496676290247095
2022-10-24,227427.58424983022,0.0,0,,-0.07496676290247095
2022-10-25,227427.58424983022,0.0,0,,-0.07496676290247095
2022-10-26,227427.58424983022,0.0,0,,-0.07496676290247095
2022-10-27,227427.58424983022,0.0,0,,-0.07496676290247095
2022-10-28,227427.58424983022,0.0,0,,-0.07496676290247095
2022-10-31,227427.58424983022,0.0,0,,-0.07496676290247095
2022-11-01,227427.58424983022,0.0,0,,-0.07496676290247095
2022-11-03,227427.58424983022,0.0,0,,-0.07496676290247095
2022-11-04,227427.58424983022,0.0,0,,-0.07496676290247095
2022-11-07,227427.58424983022,0.0,0,,-0.07496676290247095
2022-11-08,227427.58424983022,0.0,0,,-0.07496676290247095
2022-11-09,227427.58424983022,0.0,0,,-0.07496676290247095
2022-11-10,227427.58424983022,0.0,0,,-0.07496676290247095
2022-11-11,239636.58807854116,0.053683038796645155,1,72.75893293108258,-0.025308167747178034
2022-11-14,242577.43411282406,0.01227210776894827,1,73.74928310939244,-0.013346644540257802
2022-11-16,240044.2305429932,-0.010442865714593408,1,73.74928310939244,-0.02365013303817698
2022-11-17,241965.97041614598,0.008005774055913406,1,73.74928310939244,-0.01583369660375955
2022-11-18,235356.31998694642,-0.0273164462665223,1,73.74928310939244,-0.04271762254780476
2022-11-21,232706.6217531599,-0.011258241265556301,1,73.74928310939244,-0.053494938512426926
2022-11-22,233347.2091158269,0.002752768089884894,1,73.74928310939244,-0.0508894295822494
2022-11-23,235647.49000229102,0.009857760438533036,1,73.74928310939244,-0.04153332494939177
2022-11-24,237161.58741099172,0.00642526431614443,1,73.74928310939244,-0.03537492322397551
2022-11-25,235560.14121917245,-0.006752553013756102,1,73.74928310939244,-0.041888605193304174
2022-11-28,236724.84349539896,0.004944394540597807,1,73.74928310939244,-0.037151324443537415
2022-11-29,245867.71970927756,0.03862237726669493,1,76.46857397896903,0.0
2022-11-30,249565.62555533493,0.015040225087009862,1,77.7528566632952,0.0
2022-12-01,250934.14906378748,0.0054836218145319915,1,78.59250204903739,0.0
2022-12-02,252739.43870268099,0.007194276449135728,1,80.22500446864537,0.0
2022-12-05,252477.37013847713,-0.0010369120290408818,1,80.26893043518066,-0.0010369120290408818
2022-12-06,256146.1745333938,0.014531220730414018,1,81.70928873334613,0.0
2022-12-07,247032.39977065587,-0.03558036648152152,1,81.70928873334613,-0.03558036648152152
2022-12-08,250060.61680290554,0.012258380014366743,1,81.70928873334613,-0.023758144120535674
2022-12-09,258388.20808788005,0.03330229042639776,1,82.24892807006836,0.0
2022-12-12,250672.08049958362,-0.02986253763434943,1,82.24892807006836,-0.02986253763434943
2022-12-13,250875.92394665783,0.0008131876779733371,1,82.24892807006836,-0.029073633804013288
2022-12-14,253001.48505203665,0.00847255915171341,1,82.24892807006836,-0.02084740273445962
2022-12-15,253816.76998094073,0.0032224511596696814,1,82.24892807006836,-0.01769213131190772
2022-12-16,249478.2767722164,-0.017093012447720102,1,82.24892807006836,-0.034482731938886735
2022-12-19,248575.64306019375,-0.003618085404873961,1,82.24892807006836,-0.03797605587461239
2022-12-20,249682.0980044424,0.004451180053794523,1,82.24892807006836,-0.033693914083248844
2022-12-21,251108.84663002458,0.005714260801977122,1,82.24892807006836,-0.02817218909378283
2022-12-22,249682.0980044424,-0.005681793551799097,1,82.24892807006836,-0.033693914083248844
2022-12-23,251341.79152823953,0.006647226761798519,1,82.24892807006836,-0.02727065840885423
2022-12-26,253642.07241470364,0.009152003224285332,1,82.24892807006836,-0.018368236338255017
2022-12-27,259698.50647920294,0.02387787643761663,1,83.95607158115932,0.0
2022-12-28,259116.1442336656,-0.002242455120102793,1,83.95607158115932,-0.002242455120102793
2022-12-29,258795.8505523321,-0.0012361008314660804,1,84.26035390581403,-0.0034757840509304083
2023-01-02,260309.97017588103,0.005850633309295583,1,85.13571493966239,0.0
2023-01-03,259844.08037945113,-0.0017897501049042308,1,85.13571493966239,-0.0017897501049042308
2023-01-04,260309.97017588103,0.0017929590535583628,1,85.26071575709751,0.0
2023-01-05,264677.58705059433,0.016778523203557105,1,86.51071548461914,0.0
2023-01-06,268870.4841442223,0.01584152681891604,1,88.12392480032784,0.0
2023-01-09,269161.67637441505,0.0010830204405649635,1,88.17036029270717,0.0
2023-01-10,272481.0634220093,0.012332316741023863,1,89.37821633475167,0.0
2023-01-11,271520.1823780088,-0.0035264140264761323,1,89.37821633475167,-0.0035264140264761323
2023-01-12,272946.931003591,0.005254668780370508,1,89.54356929234096,0.0
2023-01-13,273179.87590180594,0.0008534439180483133,1,89.71642766680036,0.0
2023-01-16,268608.4377948666,-0.016734168620028633,1,89.71642766680036,-0.016734168620028633
2023-01-17,268259.02044754423,-0.0013008427813769874,1,89.71642766680036,-0.018013242878953895
2023-01-18,271782.22872736445,0.01313360599745117,1,89.71642766680036,-0.0051162157162113475
2023-01-19,272946.931003591,0.00428542470079929,1,89.71642766680036,-0.0008527161726169519
2023-01-20,273674.86714937654,0.0026669512022319264,1,89.73463903154645,0.0
2023-01-23,274577.52307624737,0.003298278487436468,1,90.08035796029228,0.0
2023-01-24,277489.2676593896,0.010604453527442104,1,91.00892911638532,0.0
2023-01-25,280109.820012339,0.009443797142331567,1,92.09642219543457,0.0
2023-01-26,285350.9691479342,0.018711051027644476,1,93.90356690543038,0.0
2023-01-27,277547.4927765192,-0.02734694188954867,1,93.90356690543038,-0.02734694188954867
2023-01-30,276557.510281378,-0.003566894030414991,1,93.90356690543038,-0.030816292276187762
2023-01-31,273013.0674712048,-0.012816295628952479,0,,-0.043237637193140444
2023-02-01,273013.0674712048,0.0,0,,-0.043237637193140444
2023-02-02,273013.0674712048,0.0,0,,-0.043237637193140444
2023-02-03,273013.0674712048,0.0,0,,-0.043237637193140444
2023-02-06,273013.0674712048,0.0,0,,-0.043237637193140444
2023-02-07,273013.0674712048,0.0,0,,-0.043237637193140444
2023-02-08,273013.0674712048,0.0,0,,-0.043237637193140444
2023-02-09,273013.0674712048,0.0,0,,-0.043237637193140444
2023-02-10,273013.0674712048,0.0,0,,-0.043237637193140444
2023-02-13,273013.0674712048,0.0,0,,-0.043237637193140444
2023-02-14,273013.0674712048,0.0,0,,-0.043237637193140444
2023-02-15,273013.0674712048,0.0,0,,-0.043237637193140444
2023-02-16,273013.0674712048,0.0,0,,-0.043237637193140444
2023-02-17,273013.0674712048,0.0,0,,-0.043237637193140444
2023-02-22,273013.0674712048,0.0,0,,-0.043237637193140444
2023-02-23,273013.0674712048,0.0,0,,-0.043237637193140444
2023-02-24,273013.0674712048,0.0,0,,-0.043237637193140444
2023-02-27,273013.0674712048,0.0,0,,-0.043237637193140444
2023-02-28,273013.0674712048,0.0,0,,-0.043237637193140444
2023-03-01,273013.0674712048,0.0,0,,-0.043237637193140444
2023-03-02,273013.0674712048,0.0,0,,-0.043237637193140444
2023-03-03,273013.0674712048,0.0,0,,-0.043237637193140444
2023-03-06,273013.0674712048,0.0,0,,-0.043237637193140444
2023-03-07,273013.0674712048,0.0,0,,-0.043237637193140444
2023-03-08,273013.0674712048,0.0,0,,-0.043237637193140444
2023-03-09,273013.0674712048,0.0,0,,-0.043237637193140444
2023-03-10,273013.0674712048,0.0,0,,-0.043237637193140444
2023-03-13,273013.0674712048,0.0,0,,-0.043237637193140444
2023-03-14,273013.0674712048,0.0,0,,-0.043237637193140444
2023-03-15,273013.0674712048,0.0,0,,-0.043237637193140444
2023-03-16,273013.0674712048,0.0,0,,-0.043237637193140444
2023-03-17,273013.0674712048,0.0,0,,-0.043237637193140444
2023-03-20,273013.0674712048,0.0,0,,-0.043237637193140444
2023-03-21,273013.0674712048,0.0,0,,-0.043237637193140444
2023-03-22,273013.0674712048,0.0,0,,-0.043237637193140444
2023-03-23,273013.0674712048,0.0,0,,-0.043237637193140444
2023-03-24,273013.0674712048,0.0,0,,-0.043237637193140444
2023-03-27,273013.0674712048,0.0,0,,-0.043237637193140444
2023-03-28,273013.0674712048,0.0,0,,-0.043237637193140444
2023-03-29,273013.0674712048,0.0,0,,-0.043237637193140444
2023-03-30,273013.0674712048,0.0,0,,-0.043237637193140444
2023-03-31,273013.0674712048,0.0,0,,-0.043237637193140444
2023-04-03,273013.0674712048,0.0,0,,-0.043237637193140444
2023-04-04,273013.0674712048,0.0,0,,-0.043237637193140444
2023-04-05,273013.0674712048,0.0,0,,-0.043237637193140444
2023-04-06,273013.0674712048,0.0,0,,-0.043237637193140444
2023-04-10,273013.0674712048,0.0,0,,-0.043237637193140444
2023-04-11,273013.0674712048,0.0,0,,-0.043237637193140444
2023-04-12,273013.0674712048,0.0,0,,-0.043237637193140444
2023-04-13,273013.0674712048,0.0,0,,-0.043237637193140444
2023-04-14,273013.0674712048,0.0,0,,-0.043237637193140444
2023-04-17,273013.0674712048,0.0,0,,-0.043237637193140444
2023-04-18,273013.0674712048,0.0,0,,-0.043237637193140444
2023-04-19,273013.0674712048,0.0,0,,-0.043237637193140444
2023-04-20,273013.0674712048,0.0,0,,-0.043237637193140444
2023-04-24,273013.0674712048,0.0,0,,-0.043237637193140444
2023-04-25,273013.0674712048,0.0,0,,-0.043237637193140444
2023-04-26,273013.0674712048,0.0,0,,-0.043237637193140444
2023-04-27,273013.0674712048,0.0,0,,-0.043237637193140444
2023-04-28,273013.0674712048,0.0,0,,-0.043237637193140444
2023-05-02,273013.0674712048,0.0,0,,-0.043237637193140444
2023-05-03,273013.0674712048,0.0,0,,-0.043237637193140444
2023-05-04,273013.0674712048,0.0,0,,-0.043237637193140444
2023-05-05,273013.0674712048,0.0,0,,-0.043237637193140444
2023-05-08,273013.0674712048,0.0,0,,-0.043237637193140444
2023-05-09,273013.0674712048,0.0,0,,-0.043237637193140444
2023-05-10,273013.0674712048,0.0,0,,-0.043237637193140444
2023-05-11,273013.0674712048,0.0,0,,-0.043237637193140444
2023-05-12,273013.0674712048,0.0,0,,-0.043237637193140444
2023-05-15,273013.0674712048,0.0,0,,-0.043237637193140444
2023-05-16,273013.0674712048,0.0,0,,-0.043237637193140444
2023-05-17,273013.0674712048,0.0,0,,-0.043237637193140444
2023-05-18,273013.0674712048,0.0,0,,-0.043237637193140444
2023-05-19,273013.0674712048,0.0,0,,-0.043237637193140444
2023-05-22,273013.0674712048,0.0,0,,-0.043237637193140444
2023-05-23,273013.0674712048,0.0,0,,-0.043237637193140444
2023-05-24,273013.0674712048,0.0,0,,-0.043237637193140444
2023-05-25,273013.0674712048,0.0,0,,-0.043237637193140444
2023-05-26,273013.0674712048,0.0,0,,-0.043237637193140444
2023-05-29,273013.0674712048,0.0,0,,-0.043237637193140444
2023-05-30,273013.0674712048,0.0,0,,-0.043237637193140444
2023-05-31,273013.0674712048,0.0,0,,-0.043237637193140444
2023-06-01,273013.0674712048,0.0,0,,-0.043237637193140444
2023-06-02,273013.0674712048,0.0,0,,-0.043237637193140444
2023-06-05,273013.0674712048,0.0,0,,-0.043237637193140444
2023-06-06,273013.0674712048,0.0,0,,-0.043237637193140444
2023-06-07,273013.0674712048,0.0,0,,-0.043237637193140444
2023-06-09,273013.0674712048,0.0,0,,-0.043237637193140444
2023-06-12,269870.0770924228,-0.01151223422341674,1,63.43571622031076,-0.05425210960992255
2023-06-13,274202.594535715,0.016054086062340378,0,,-0.03906899158432342
2023-06-14,274202.594535715,0.0,0,,-0.03906899158432342
2023-06-15,275614.5409620685,0.005149281788322302,1,65.12606797899518,-0.03412088704285443
2023-06-16,274568.1247744296,-0.003796665386326281,0,,-0.03778800683839434
2023-06-19,274568.1247744296,0.0,0,,-0.03778800683839434
2023-06-20,268634.02119403897,-0.021612499940645957,1,64.95357145581927,-0.05858381348348829
2023-06-21,266088.709237046,-0.009475017146671982,0,,-0.06750374799288672
2023-06-22,265291.6647108011,-0.0029954090443381487,1,62.77178423745291,-0.0702969556999603
2023-06-23,262621.6191886812,-0.010064566201243297,1,62.77178423745291,-0.07965401353681556
2023-06-26,263179.5382409358,0.002124421645020025,1,62.77178423745291,-0.0776988106022658
2023-06-27,266206.86249112966,0.01150288609224015,0,,-0.06708968507788615
2023-06-28,257608.6271957863,-0.03229907454256509,1,63.38357080732073,-0.09722182488108333
2023-06-29,260753.11186040204,0.012206441604247553,1,63.38357080732073,-0.08620211580490511
2023-06-30,255618.4493347159,-0.019691663463004216,1,63.38357080732073,-0.1041963162136803
2023-07-03,257182.4619129043,0.006118543408188959,0,,-0.09871530248921812
2023-07-04,257182.4619129043,0.0,0,,-0.09871530248921812
2023-07-05,257182.4619129043,0.0,0,,-0.09871530248921812
2023-07-06,257182.4619129043,0.0,0,,-0.09871530248921812
2023-07-07,257182.4619129043,0.0,0,,-0.09871530248921812
2023-07-10,257182.4619129043,0.0,0,,-0.09871530248921812
2023-07-11,257182.4619129043,0.0,0,,-0.09871530248921812
2023-07-12,257182.4619129043,0.0,0,,-0.09871530248921812
2023-07-13,257182.4619129043,0.0,0,,-0.09871530248921812
2023-07-14,257182.4619129043,0.0,0,,-0.09871530248921812
2023-07-17,257182.4619129043,0.0,0,,-0.09871530248921812
2023-07-18,257182.4619129043,0.0,0,,-0.09871530248921812
2023-07-19,257182.4619129043,0.0,0,,-0.09871530248921812
2023-07-20,253933.48807728896,-0.012632952540580389,1,64.64107540675572,-0.11010118929842316
2023-07-21,255478.43036823501,0.006084043119495286,1,64.64107540675572,-0.10468700656212726
2023-07-24,263203.0555775824,0.030235919322869842,1,66.25714356558663,-0.07761639512382268
2023-07-25,271342.2048452318,0.030923460405079872,1,68.07428904942104,-0.04909310224013941
2023-07-26,270400.1752771313,-0.0034717399331142262,1,68.07428904942104,-0.05239440368976611
2023-07-27,265350.88184291305,-0.018673410359454357,1,68.07428904942104,-0.07008943184858263
2023-07-28,256127.20448922197,-0.034760304128747754,0,,-0.10241340601006255
2023-07-31,256127.20448922197,0.0,0,,-0.10241340601006255
2023-08-01,256127.20448922197,0.0,0,,-0.10241340601006255
2023-08-02,256127.20448922197,0.0,0,,-0.10241340601006255
2023-08-03,256127.20448922197,0.0,0,,-0.10241340601006255
2023-08-04,256127.20448922197,0.0,0,,-0.10241340601006255
2023-08-07,256127.20448922197,0.0,0,,-0.10241340601006255
2023-08-08,256127.20448922197,0.0,0,,-0.10241340601006255
2023-08-09,256127.20448922197,0.0,0,,-0.10241340601006255
2023-08-10,256127.20448922197,0.0,0,,-0.10241340601006255
2023-08-11,256127.20448922197,0.0,0,,-0.10241340601006255
2023-08-14,256127.20448922197,0.0,0,,-0.10241340601006255
2023-08-15,256127.20448922197,0.0,0,,-0.10241340601006255
2023-08-16,256127.20448922197,0.0,0,,-0.10241340601006255
2023-08-17,256127.20448922197,0.0,0,,-0.10241340601006255
2023-08-18,256127.20448922197,0.0,0,,-0.10241340601006255
2023-08-21,256127.20448922197,0.0,0,,-0.10241340601006255
2023-08-22,256127.20448922197,0.0,0,,-0.10241340601006255
2023-08-23,256127.20448922197,0.0,0,,-0.10241340601006255
2023-08-24,256127.20448922197,0.0,0,,-0.10241340601006255
2023-08-25,256127.20448922197,0.0,0,,-0.10241340601006255
2023-08-28,256127.20448922197,0.0,0,,-0.10241340601006255
2023-08-29,256127.20448922197,0.0,0,,-0.10241340601006255
2023-08-30,256127.20448922197,0.0,0,,-0.10241340601006255
2023-08-31,256127.20448922197,0.0,0,,-0.10241340601006255
2023-09-01,256127.20448922197,0.0,0,,-0.10241340601006255
2023-09-04,256186.57313636856,0.00023179360140601624,1,65.84643050602504,-0.10220535118086793
2023-09-05,255079.127141117,-0.004322810449016279,1,65.84643050602504,-0.10608634726985411
2023-09-06,250981.61638761644,-0.016063685019722218,1,65.84643050602504,-0.1204458946221405
2023-09-08,246256.56604645005,-0.01882628062235847,1,65.84643050602504,-0.13700462703253147
2023-09-11,249800.35380232485,0.014390632553555438,1,65.84643050602504,-0.12458557772473822
2023-09-12,249615.79824546396,-0.0007388122316549506,1,65.84643050602504,-0.1252323446076823
2023-09-13,248656.01359381404,-0.0038450477028945107,1,65.84643050602504,-0.12859586797161504
2023-09-14,258844.42099415505,0.04097390307633586,1,66.15571825844901,-0.09289103952556532
2023-09-15,256703.37375721353,-0.008271560301428615,1,66.15571825844901,-0.10039424599209579
2023-09-18,253676.38662218372,-0.011791769974525912,1,66.15571825844901,-0.1110021901111169
2023-09-19,254156.2648662479,0.0018916945737597057,1,66.15571825844901,-0.10932047777806586
2023-09-20,255854.32807238447,0.006681177845567543,1,66.15571825844901,-0.10336968948669589
2023-09-21,249172.81421465904,-0.02611452347929455,1,66.15571825844901,-0.12678476278284279
2023-09-22,251018.53876439724,0.007407407407407307,1,66.15571825844901,-0.1203165017664195
2023-09-25,243844.1508904825,-0.02858110763145072,0,,-0.14545883051104458
2023-09-26,243844.1508904825,0.0,0,,-0.14545883051104458
2023-09-27,243844.1508904825,0.0,0,,-0.14545883051104458
2023-09-28,243844.1508904825,0.0,0,,-0.14545883051104458
2023-09-29,243844.1508904825,0.0,0,,-0.14545883051104458
2023-10-02,243844.1508904825,0.0,0,,-0.14545883051104458
2023-10-03,243844.1508904825,0.0,0,,-0.14545883051104458
2023-10-04,243844.1508904825,0.0,0,,-0.14545883051104458
2023-10-05,243844.1508904825,0.0,0,,-0.14545883051104458
2023-10-06,243844.1508904825,0.0,0,,-0.14545883051104458
2023-10-09,245886.65821758678,0.008376281816255826,1,63.18535450526646,-0.13830095285181232
2023-10-10,248032.92622710578,0.008728688352093394,0,,-0.13077945041595995
2023-10-11,248032.92622710578,0.0,0,,-0.13077945041595995
2023-10-13,248032.92622710578,0.0,0,,-0.13077945041595995
2023-10-16,248032.92622710578,0.0,0,,-0.13077945041595995
2023-10-17,248032.92622710578,0.0,0,,-0.13077945041595995
2023-10-18,248032.92622710578,0.0,0,,-0.13077945041595995
2023-10-19,248032.92622710578,0.0,0,,-0.13077945041595995
2023-10-20,248032.92622710578,0.0,0,,-0.13077945041595995
2023-10-23,248032.92622710578,0.0,0,,-0.13077945041595995
2023-10-24,248032.92622710578,0.0,0,,-0.13077945041595995
2023-10-25,248032.92622710578,0.0,0,,-0.13077945041595995
2023-10-26,248032.92622710578,0.0,0,,-0.13077945041595995
2023-10-27,248032.92622710578,0.0,0,,-0.13077945041595995
2023-10-30,246864.85780987592,-0.004709328051713424,1,64.51428481510708,-0.13487289513324185
2023-10-31,249833.89722261927,0.012026982856466306,1,65.03749888283866,-0.12446802627434506
2023-11-01,254613.32719494685,0.019130430359771244,1,66.18607016972133,-0.10771872282323336
2023-11-03,257799.6046350427,0.012514181701322569,1,66.9964246749878,-0.09655255279195518
2023-11-06,258885.85002054027,0.004213526188433514,1,67.39642729078021,-0.09274585331327057
2023-11-07,253744.34746116938,-0.01986011425098344,1,67.39642729078021,-0.11076402432114751
2023-11-08,253925.3699425072,0.0007134049808361631,1,67.39642729078021,-0.11012963894695948
2023-11-09,255156.44988769566,0.004848195930430954,1,67.39642729078021,-0.10581537308389088
2023-11-10,259066.90012624578,0.015325696216071494,1,67.81428704942975,-0.09211137113069334
2023-11-13,258523.77743349696,-0.0020964572953323657,1,67.81428704942975,-0.0940147208700357
2023-11-14,266525.700391935,0.030952367468390696,1,69.52964101518903,-0.06597233158945259
2023-11-16,268299.87540550454,0.006656675176017091,1,70.03749711172921,-0.059754812795431045
2023-11-17,268806.7825522387,0.0018893305334863886,1,70.39356776646206,-0.05797837885428192
2023-11-20,275396.6030841505,0.024515082801644494,1,72.32785306658063,-0.034884640810955214
2023-11-21,282058.85470809153,0.024191480756591943,1,73.95892742701939,-0.011537071171242141
2023-11-22,271015.46124488086,-0.0391527983570652,1,73.95892742701939,-0.05023816090710864
2023-11-23,269313.6896989729,-0.00627924155356685,1,73.95892742701939,-0.056201944913132795
2023-11-24,267387.4043896649,-0.007152571083412607,0,,-0.06295252759052816
2023-11-27,267387.4043896649,0.0,0,,-0.06295252759052816
2023-11-28,267387.4043896649,0.0,0,,-0.06295252759052816
2023-11-29,267387.4043896649,0.0,0,,-0.06295252759052816
2023-11-30,267387.4043896649,0.0,0,,-0.06295252759052816
2023-12-01,267387.4043896649,0.0,0,,-0.06295252759052816
2023-12-04,267387.4043896649,0.0,0,,-0.06295252759052816
2023-12-05,267387.4043896649,0.0,0,,-0.06295252759052816
2023-12-06,267387.4043896649,0.0,0,,-0.06295252759052816
2023-12-07,267387.4043896649,0.0,0,,-0.06295252759052816
2023-12-08,267387.4043896649,0.0,0,,-0.06295252759052816
2023-12-11,267387.4043896649,0.0,0,,-0.06295252759052816
2023-12-12,267387.4043896649,0.0,0,,-0.06295252759052816
2023-12-13,267387.4043896649,0.0,0,,-0.06295252759052816
2023-12-14,267387.4043896649,0.0,0,,-0.06295252759052816
2023-12-15,267387.4043896649,0.0,0,,-0.06295252759052816
2023-12-18,267387.4043896649,0.0,0,,-0.06295252759052816
2023-12-19,267387.4043896649,0.0,0,,-0.06295252759052816
2023-12-20,267387.4043896649,0.0,0,,-0.06295252759052816
2023-12-21,267387.4043896649,0.0,0,,-0.06295252759052816
2023-12-22,264425.4075969108,-0.011077547947761834,1,73.89785330636161,-0.07333271589547319
2023-12-26,265360.03242174175,0.003534550001548009,1,73.89785330636161,-0.07005736404500718
2023-12-27,267921.54882849037,0.009652984978075096,1,74.36785806928363,-0.06108064174966188
2023-12-28,267229.22925282083,-0.002584038419816359,1,74.36785806928363,-0.06350684544449015
2024-01-02,266710.022582683,-0.0019429261970688172,1,74.36785806928363,-0.06532638252785172
2024-01-03,265325.40984063543,-0.005191453731808404,1,74.36785806928363,-0.07017869736730042
2024-01-04,261760.04985613457,-0.013437687655480701,1,74.36785806928363,-0.08267334560749073
2024-01-05,257039.58911102143,-0.018033541587830326,0,,-0.0992159939791033
2024-01-08,257039.58911102143,0.0,0,,-0.0992159939791033
2024-01-09,257039.58911102143,0.0,0,,-0.0992159939791033
2024-01-10,257039.58911102143,0.0,0,,-0.0992159939791033
2024-01-11,257039.58911102143,0.0,0,,-0.0992159939791033
2024-01-12,257039.58911102143,0.0,0,,-0.0992159939791033
2024-01-15,257039.58911102143,0.0,0,,-0.0992159939791033
2024-01-16,257039.58911102143,0.0,0,,-0.0992159939791033
2024-01-17,257039.58911102143,0.0,0,,-0.0992159939791033
2024-01-18,257039.58911102143,0.0,0,,-0.0992159939791033
2024-01-19,257039.58911102143,0.0,0,,-0.0992159939791033
2024-01-22,257039.58911102143,0.0,0,,-0.0992159939791033
2024-01-23,257039.58911102143,0.0,0,,-0.0992159939791033
2024-01-24,257039.58911102143,0.0,0,,-0.0992159939791033
2024-01-25,257039.58911102143,0.0,0,,-0.0992159939791033
2024-01-26,257039.58911102143,0.0,0,,-0.0992159939791033
2024-01-29,257039.58911102143,0.0,0,,-0.0992159939791033
2024-01-30,257039.58911102143,0.0,0,,-0.0992159939791033
2024-01-31,257039.58911102143,0.0,0,,-0.0992159939791033
2024-02-01,257039.58911102143,0.0,0,,-0.0992159939791033
2024-02-02,257039.58911102143,0.0,0,,-0.0992159939791033
2024-02-05,257039.58911102143,0.0,0,,-0.0992159939791033
2024-02-06,257039.58911102143,0.0,0,,-0.0992159939791033
2024-02-07,257039.58911102143,0.0,0,,-0.0992159939791033
2024-02-08,257039.58911102143,0.0,0,,-0.0992159939791033
2024-02-09,257039.58911102143,0.0,0,,-0.0992159939791033
2024-02-14,257039.58911102143,0.0,0,,-0.0992159939791033
2024-02-15,257039.58911102143,0.0,0,,-0.0992159939791033
2024-02-16,257039.58911102143,0.0,0,,-0.0992159939791033
2024-02-19,257039.58911102143,0.0,0,,-0.0992159939791033
2024-02-20,257039.58911102143,0.0,0,,-0.0992159939791033
2024-02-21,257039.58911102143,0.0,0,,-0.0992159939791033
2024-02-22,257039.58911102143,0.0,0,,-0.0992159939791033
2024-02-23,257039.58911102143,0.0,0,,-0.0992159939791033
2024-02-26,257039.58911102143,0.0,0,,-0.0992159939791033
2024-02-27,257039.58911102143,0.0,0,,-0.0992159939791033
2024-02-28,257039.58911102143,0.0,0,,-0.0992159939791033
2024-02-29,257039.58911102143,0.0,0,,-0.0992159939791033
2024-03-01,257039.58911102143,0.0,0,,-0.0992159939791033
2024-03-04,257039.58911102143,0.0,0,,-0.0992159939791033
2024-03-05,257039.58911102143,0.0,0,,-0.0992159939791033
2024-03-06,257039.58911102143,0.0,0,,-0.0992159939791033
2024-03-07,253078.32554234157,-0.01541110294480319,1,63.80107089451381,-0.11309806902692354
2024-03-08,251483.080971338,-0.006303363069851908,0,,-0.11868853390519962
2024-03-11,251483.080971338,0.0,0,,-0.11868853390519962
2024-03-12,251483.080971338,0.0,0,,-0.11868853390519962
2024-03-13,251483.080971338,0.0,0,,-0.11868853390519962
2024-03-14,251483.080971338,0.0,0,,-0.11868853390519962
2024-03-15,251483.080971338,0.0,0,,-0.11868853390519962
2024-03-18,251483.080971338,0.0,0,,-0.11868853390519962
2024-03-19,251483.080971338,0.0,0,,-0.11868853390519962
2024-03-20,251483.080971338,0.0,0,,-0.11868853390519962
2024-03-21,251483.080971338,0.0,0,,-0.11868853390519962
2024-03-22,251483.080971338,0.0,0,,-0.11868853390519962
2024-03-25,251483.080971338,0.0,0,,-0.11868853390519962
2024-03-26,251483.080971338,0.0,0,,-0.11868853390519962
2024-03-27,251483.080971338,0.0,0,,-0.11868853390519962
2024-03-28,251483.080971338,0.0,0,,-0.11868853390519962
2024-04-01,251483.080971338,0.0,0,,-0.11868853390519962
2024-04-02,251483.080971338,0.0,0,,-0.11868853390519962
2024-04-03,251483.080971338,0.0,0,,-0.11868853390519962
2024-04-04,251483.080971338,0.0,0,,-0.11868853390519962
2024-04-05,251483.080971338,0.0,0,,-0.11868853390519962
2024-04-08,251483.080971338,0.0,0,,-0.11868853390519962
2024-04-09,251483.080971338,0.0,0,,-0.11868853390519962
2024-04-10,251483.080971338,0.0,0,,-0.11868853390519962
2024-04-11,251390.89087488028,-0.0003665856808403589,1,58.73321519579206,-0.1190116100690305
2024-04-12,250456.20304343643,-0.0037180656315389804,1,58.73321519579206,-0.12228718272341765
2024-04-15,251919.1980848014,0.0058413208520582405,1,58.73321519579206,-0.11716018054174115
2024-04-16,249684.05815914544,-0.008872447763602298,1,58.73321519579206,-0.12499313072351259
2024-04-17,252406.85793111406,0.010904980446261092,1,58.73321519579206,-0.11545119792370817
2024-04-18,253341.54576255794,0.0037030999835154788,1,58.73321519579206,-0.1121756252693209
2024-04-19,257486.69321228308,0.016361893732227184,1,59.68321418762207,-0.09764913719709656
2024-04-22,257364.78212631168,-0.00047346557777605547,1,59.68321418762207,-0.0980763692697103
2024-04-23,255129.6422006557,-0.008684715551170452,1,59.68321418762207,-0.10590931945148174
2024-04-24,258299.46995775553,0.012424380521832035,1,59.856428963797434,-0.09480079661532315
2024-04-25,252853.88591624526,-0.02108244373246637,1,59.856428963797434,-0.11388460788735388
2024-04-26,252853.88591624526,0.0,1,59.856428963797434,-0.11388460788735388
2024-04-29,259681.18577433057,0.027000968695204408,1,60.6910720552717,-0.08995863392458159
2024-04-30,257202.22367673178,-0.009546175207906904,1,60.6910720552717,-0.09864604825158052
2024-05-02,259762.44949669353,0.009954135634455463,1,60.693211146763396,-0.0896738487612243
2024-05-03,260046.93453467183,0.0010951738348998763,1,60.92392921447754,-0.08867688337916246
2024-05-06,260819.0639165358,0.002969192400770204,1,61.1978566305978,-0.08597098970664552
2024-05-07,262444.61740748066,0.006232494920175968,1,61.64964403424944,-0.0802743085430987
2024-05-08,260046.93453467183,-0.009135957507888648,1,61.64964403424944,-0.08867688337916246
2024-05-09,262160.1478719294,0.008126276670167076,1,61.70464447566441,-0.08127121959758254
2024-05-10,261266.09190166698,-0.003410342790541865,1,61.70464447566441,-0.08440439967029123
2024-05-13,262810.3506653949,0.005910674257374238,1,62.0771416255406,-0.07899261232525745
2024-05-14,262647.79221581505,-0.0006185389927310103,1,62.142497880118235,-0.07956229130712766
2024-05-15,261875.67833637807,-0.002939731085965236,1,62.142497880118235,-0.08226813065206673
2024-05-16,263785.70136287424,0.00729362512253906,1,62.60464790889195,-0.07557453843403583
2024-05-17,268946.8003664062,0.01956549948259756,1,63.617502621241975,-0.05748769254406694
2024-05-20,268824.8892804348,-0.0004532907095577965,1,63.739289964948384,-0.057914924616680574
2024-05-21,268052.7443961438,-0.0028722968559860007,1,63.739289964948384,-0.06062087261677551
2024-05-22,265939.54656131327,-0.007883515013401787,1,63.739289964948384,-0.06802648207077744
2024-05-23,264354.6404339769,-0.005959648152483288,1,63.739289964948384,-0.07358071632506769
2024-05-24,264476.5515199483,0.00046116491759429223,1,63.739289964948384,-0.07315348425245394
2024-05-27,265370.6074902107,0.003380473486682467,1,63.739289964948384,-0.07002030417974536
2024-05-28,258639.53305573255,-0.02536480772357741,0,,-0.0936090603510572
2024-05-29,258639.53305573255,0.0,0,,-0.0936090603510572
2024-05-31,258639.53305573255,0.0,0,,-0.0936090603510572
2024-06-03,258639.53305573255,0.0,0,,-0.0936090603510572
2024-06-04,258639.53305573255,0.0,0,,-0.0936090603510572
2024-06-05,258639.53305573255,0.0,0,,-0.0936090603510572
2024-06-06,258639.53305573255,0.0,0,,-0.0936090603510572
2024-06-07,258639.53305573255,0.0,0,,-0.0936090603510572
2024-06-10,258639.53305573255,0.0,0,,-0.0936090603510572
2024-06-11,258639.53305573255,0.0,0,,-0.0936090603510572
2024-06-12,258639.53305573255,0.0,0,,-0.0936090603510572
2024-06-13,258639.53305573255,0.0,0,,-0.0936090603510572
2024-06-14,258639.53305573255,0.0,0,,-0.0936090603510572
2024-06-17,258639.53305573255,0.0,0,,-0.0936090603510572
2024-06-18,258639.53305573255,0.0,0,,-0.0936090603510572
2024-06-19,258639.53305573255,0.0,0,,-0.0936090603510572
2024-06-20,258639.53305573255,0.0,0,,-0.0936090603510572
2024-06-21,258639.53305573255,0.0,0,,-0.0936090603510572
2024-06-24,258639.53305573255,0.0,0,,-0.0936090603510572
2024-06-25,258639.53305573255,0.0,0,,-0.0936090603510572
2024-06-26,258639.53305573255,0.0,0,,-0.0936090603510572
2024-06-27,258639.53305573255,0.0,0,,-0.0936090603510572
2024-06-28,258639.53305573255,0.0,0,,-0.0936090603510572
2024-07-01,258639.53305573255,0.0,0,,-0.0936090603510572
2024-07-02,257638.04232887828,-0.0038721486813018124,1,60.96392931256975,-0.09711874083276273
2024-07-03,262755.59439227165,0.01986334012296509,1,62.00321415492466,-0.07918450329127291
2024-07-04,261445.5023134453,-0.004985972161150265,1,62.00321415492466,-0.08377566372341838
2024-07-05,260381.04273844295,-0.004071439613928307,1,62.00321415492466,-0.08750601578138006
2024-07-08,258334.0219130856,-0.00786163540874063,1,62.00321415492466,-0.09467971079797599
2024-07-09,258006.50670214376,-0.0012677974372730105,1,62.00321415492466,-0.09582747354053756
2024-07-10,253462.975616602,-0.01761014147905604,0,,-0.11175007965296424
2024-07-11,253462.975616602,0.0,0,,-0.11175007965296424
2024-07-12,253462.975616602,0.0,0,,-0.11175007965296424
2024-07-15,253462.975616602,0.0,0,,-0.11175007965296424
2024-07-16,253462.975616602,0.0,0,,-0.11175007965296424
2024-07-17,253462.975616602,0.0,0,,-0.11175007965296424
2024-07-18,253462.975616602,0.0,0,,-0.11175007965296424
2024-07-19,253462.975616602,0.0,0,,-0.11175007965296424
2024-07-22,252793.4985354797,-0.002641321003565289,1,58.675356319972444,-0.11409623282399206
2024-07-23,249398.0752063537,-0.013431608600683376,1,58.675356319972444,-0.12599534548257119
2024-07-24,249148.00956316455,-0.0010026767166596562,0,,-0.1268716895999079
2024-07-25,249148.00956316455,0.0,0,,-0.1268716895999079
2024-07-26,249148.00956316455,0.0,0,,-0.1268716895999079
2024-07-29,249148.00956316455,0.0,0,,-0.1268716895999079
2024-07-30,249148.00956316455,0.0,0,,-0.1268716895999079
2024-07-31,249148.00956316455,0.0,0,,-0.1268716895999079
2024-08-01,249148.00956316455,0.0,0,,-0.1268716895999079
2024-08-02,249148.00956316455,0.0,0,,-0.1268716895999079
2024-08-05,249148.00956316455,0.0,0,,-0.1268716895999079
2024-08-06,249148.00956316455,0.0,0,,-0.1268716895999079
2024-08-07,249148.00956316455,0.0,0,,-0.1268716895999079
2024-08-08,249148.00956316455,0.0,0,,-0.1268716895999079
2024-08-09,249148.00956316455,0.0,0,,-0.1268716895999079
2024-08-12,249148.00956316455,0.0,0,,-0.1268716895999079
2024-08-13,249148.00956316455,0.0,0,,-0.1268716895999079
2024-08-14,249148.00956316455,0.0,0,,-0.1268716895999079
2024-08-15,249148.00956316455,0.0,0,,-0.1268716895999079
2024-08-16,249148.00956316455,0.0,0,,-0.1268716895999079
2024-08-19,249148.00956316455,0.0,0,,-0.1268716895999079
2024-08-20,249148.00956316455,0.0,0,,-0.1268716895999079
2024-08-21,249148.00956316455,0.0,0,,-0.1268716895999079
2024-08-22,249148.00956316455,0.0,0,,-0.1268716895999079
2024-08-23,249148.00956316455,0.0,0,,-0.1268716895999079
2024-08-26,249148.00956316455,0.0,0,,-0.1268716895999079
2024-08-27,249148.00956316455,0.0,0,,-0.1268716895999079
2024-08-28,249148.00956316455,0.0,0,,-0.1268716895999079
2024-08-29,249148.00956316455,0.0,0,,-0.1268716895999079
2024-08-30,249148.00956316455,0.0,0,,-0.1268716895999079
2024-09-02,248436.50158657756,-0.0028557642416429108,1,56.319999013628276,-0.1293651382071146
2024-09-03,239174.04790148544,-0.03728298227490645,1,56.319999013628276,-0.16182500232725439
2024-09-04,239448.7555813742,0.0011485680921448083,0,,-0.1608623012692939
2024-09-05,239448.7555813742,0.0,0,,-0.1608623012692939
2024-09-06,235680.48864835352,-0.0157372583702573,1,54.566071374075754,-0.17406802804244215
2024-09-09,237112.26550668085,0.006075075906956329,0,,-0.1690504286188178
2024-09-10,237112.26550668085,0.0,0,,-0.1690504286188178
2024-09-11,237112.26550668085,0.0,0,,-0.1690504286188178
2024-09-12,236797.8884544432,-0.001325857401623165,1,55.1867858341762,-0.17015214925840905
2024-09-13,238387.13352409168,0.006711398822098147,1,55.60892745426723,-0.1645827093704213
2024-09-16,238387.13352409168,0.0,1,55.89821365901402,-0.1645827093704213
2024-09-17,237246.140252522,-0.004786303919604662,1,55.89821365901402,-0.16858127042306714
2024-09-18,234475.1432688235,-0.011679840105086936,1,55.89821365901402,-0.17829210824490027
2024-09-19,238314.37326922113,0.016373718539521187,0,,-0.16483769450359886
2024-09-20,238314.37326922113,0.0,0,,-0.16483769450359886
2024-09-23,238314.37326922113,0.0,0,,-0.16483769450359886
2024-09-24,238314.37326922113,0.0,0,,-0.16483769450359886
2024-09-25,237526.3524166806,-0.0033066442520036654,1,57.86107226780483,-0.16759927914055872
2024-09-26,251791.2553883937,0.06005608567881726,1,60.88571425846645,-0.11760855012951488
2024-09-27,250654.762087469,-0.004513632926495648,1,60.88571425846645,-0.12159134123170845
2024-09-30,248891.24057733265,-0.007035659308642805,1,60.88571425846645,-0.12777152528856406
2024-10-01,250106.11427310028,0.004881142835519547,1,60.88571425846645,-0.12351405351829015
2024-10-02,251477.73380902203,0.005484150357172091,1,60.88571425846645,-0.11870727280183613
2024-10-03,246657.4516476705,-0.01916782885045465,1,60.88571425846645,-0.1355997409639209
2024-10-04,244854.74741487857,-0.007308533436755638,1,60.88571425846645,-0.14191723915982635
2024-10-07,247010.15594969777,0.008802804754963978,1,60.88571425846645,-0.13436370415254983
2024-10-08,237952.67620345467,-0.03666845078259695,0,,-0.16610524606246158
2024-10-09,237952.67620345467,0.0,0,,-0.16610524606246158
2024-10-10,237952.67620345467,0.0,0,,-0.16610524606246158
2024-10-11,237952.67620345467,0.0,0,,-0.16610524606246158
2024-10-14,237952.67620345467,0.0,0,,-0.16610524606246158
2024-10-15,237952.67620345467,0.0,0,,-0.16610524606246158
2024-10-16,237952.67620345467,0.0,0,,-0.16610524606246158
2024-10-17,237952.67620345467,0.0,0,,-0.16610524606246158
2024-10-18,237952.67620345467,0.0,0,,-0.16610524606246158
2024-10-21,237952.67620345467,0.0,0,,-0.16610524606246158
2024-10-22,237952.67620345467,0.0,0,,-0.16610524606246158
2024-10-23,237952.67620345467,0.0,0,,-0.16610524606246158
2024-10-24,237952.67620345467,0.0,0,,-0.16610524606246158
2024-10-25,237952.67620345467,0.0,0,,-0.16610524606246158
2024-10-28,237952.67620345467,0.0,0,,-0.16610524606246158
2024-10-29,237952.67620345467,0.0,0,,-0.16610524606246158
2024-10-30,237952.67620345467,0.0,0,,-0.16610524606246158
2024-10-31,237952.67620345467,0.0,0,,-0.16610524606246158
2024-11-01,237952.67620345467,0.0,0,,-0.16610524606246158
2024-11-04,237952.67620345467,0.0,0,,-0.16610524606246158
2024-11-05,237952.67620345467,0.0,0,,-0.16610524606246158
2024-11-06,238061.39271697166,0.0004568829199635971,1,58.791427203587126,-0.16572425379234035
2024-11-07,246355.95732838687,0.03484212419641053,1,60.65285873413086,-0.13665631462891992
2024-11-08,234735.35975728498,-0.047169947490297126,0,,-0.1773801909339533
2024-11-11,234735.35975728498,0.0,0,,-0.1773801909339533
2024-11-12,234735.35975728498,0.0,0,,-0.1773801909339533
2024-11-13,234735.35975728498,0.0,0,,-0.1773801909339533
2024-11-14,234735.35975728498,0.0,0,,-0.1773801909339533
2024-11-18,234735.35975728498,0.0,0,,-0.1773801909339533
2024-11-19,234735.35975728498,0.0,0,,-0.1773801909339533
2024-11-21,234735.35975728498,0.0,0,,-0.1773801909339533
2024-11-22,234735.35975728498,0.0,0,,-0.1773801909339533
2024-11-25,234735.35975728498,0.0,0,,-0.1773801909339533
2024-11-26,234735.35975728498,0.0,0,,-0.1773801909339533
2024-11-27,234735.35975728498,0.0,0,,-0.1773801909339533
2024-11-28,234735.35975728498,0.0,0,,-0.1773801909339533
2024-11-29,234735.35975728498,0.0,0,,-0.1773801909339533
2024-12-02,234735.35975728498,0.0,0,,-0.1773801909339533
2024-12-03,234735.35975728498,0.0,0,,-0.1773801909339533
2024-12-04,234735.35975728498,0.0,0,,-0.1773801909339533
2024-12-05,234735.35975728498,0.0,0,,-0.1773801909339533
2024-12-06,234735.35975728498,0.0,0,,-0.1773801909339533
2024-12-09,234735.35975728498,0.0,0,,-0.1773801909339533
2024-12-10,234735.35975728498,0.0,0,,-0.1773801909339533
2024-12-11,234735.35975728498,0.0,0,,-0.1773801909339533
2024-12-12,231566.26876857,-0.013500697091361924,1,54.28750215257917,-0.18848613179750806
2024-12-13,230281.16153665737,-0.00554963051720192,0,,-0.19298973392561714
2024-12-16,230281.16153665737,0.0,0,,-0.19298973392561714
2024-12-17,230281.16153665737,0.0,0,,-0.19298973392561714
2024-12-18,230281.16153665737,0.0,0,,-0.19298973392561714
2024-12-19,230281.16153665737,0.0,0,,-0.19298973392561714
2024-12-20,230281.16153665737,0.0,0,,-0.19298973392561714
2024-12-23,230281.16153665737,0.0,0,,-0.19298973392561714
2024-12-26,230281.16153665737,0.0,0,,-0.19298973392561714
2024-12-27,230281.16153665737,0.0,0,,-0.19298973392561714
2024-12-30,230281.16153665737,0.0,0,,-0.19298973392561714
2025-01-02,230281.16153665737,0.0,0,,-0.19298973392561714
2025-01-03,230281.16153665737,0.0,0,,-0.19298973392561714
2025-01-06,230281.16153665737,0.0,0,,-0.19298973392561714
2025-01-07,230281.16153665737,0.0,0,,-0.19298973392561714
2025-01-08,230281.16153665737,0.0,0,,-0.19298973392561714
2025-01-09,230281.16153665737,0.0,0,,-0.19298973392561714
2025-01-10,230281.16153665737,0.0,0,,-0.19298973392561714
2025-01-13,230281.16153665737,0.0,0,,-0.19298973392561714
2025-01-14,230281.16153665737,0.0,0,,-0.19298973392561714
2025-01-15,230281.16153665737,0.0,0,,-0.19298973392561714
2025-01-16,230281.16153665737,0.0,0,,-0.19298973392561714
2025-01-17,230281.16153665737,0.0,0,,-0.19298973392561714
2025-01-20,230281.16153665737,0.0,0,,-0.19298973392561714
2025-01-21,230281.16153665737,0.0,0,,-0.19298973392561714
2025-01-22,230281.16153665737,0.0,0,,-0.19298973392561714
2025-01-23,230281.16153665737,0.0,0,,-0.19298973392561714
2025-01-24,230281.16153665737,0.0,0,,-0.19298973392561714
2025-01-27,230281.16153665737,0.0,0,,-0.19298973392561714
2025-01-28,230281.16153665737,0.0,0,,-0.19298973392561714
2025-01-29,230281.16153665737,0.0,0,,-0.19298973392561714
2025-01-30,230281.16153665737,0.0,0,,-0.19298973392561714
2025-01-31,226507.47860801578,-0.01638728458489591,1,51.65071446555002,-0.20621444081871065
2025-02-03,226674.73921027486,0.0007384330234345704,1,51.65071446555002,-0.20562828334828565
2025-02-04,225880.2752758177,-0.0035048631233680627,1,51.65071446555002,-0.20841244748422483
2025-02-05,227092.89071592255,0.005368398983152334,1,51.65071446555002,-0.20416288967222307
2025-02-06,230521.6533079888,0.015098502561030847,1,52.0603598185948,-0.19214694102377583
2025-02-07,229267.23069274364,-0.005441669349686595,1,52.0603598185948,-0.19654301025385723
2025-02-10,231650.63844696412,0.01039576282671928,1,52.332147053309846,-0.18819046194698663
2025-02-11,230647.09078425862,-0.004332160141813146,1,52.332147053309846,-0.19170735087048363
2025-02-12,229099.97009048457,-0.006707739900440268,1,52.332147053309846,-0.19712916772428224
2025-02-13,229392.6681690135,0.0012775998111798081,1,52.332147053309846,-0.19610342010056492
2025-02-14,232779.60763509048,0.01476481133033225,1,52.93785817282541,-0.18423403876925049
2025-02-17,231525.18501984532,-0.005388885340899874,1,52.93785817282541,-0.1886301079993319
2025-02-18,233072.32166446833,0.0066823686783379355,1,53.19714627947126,-0.18320823524648022
2025-02-19,232863.23793622002,-0.0008970766101918937,1,53.46500015258789,-0.18394096003403793
2025-02-20,241435.16036723455,0.03681097328622718,1,55.29000282287598,-0.15390103251386678
2025-02-21,243191.34883840795,0.007273954914032155,1,55.772500719342915,-0.1477465467715634
2025-02-24,240975.20168644658,-0.009112771332313807,1,55.772500719342915,-0.155512937608009
2025-02-25,238633.6011073664,-0.009717184850111749,1,55.772500719342915,-0.16371897449679984
2025-02-26,237170.1107147219,-0.006132792640488494,1,55.772500719342915,-0.168847712615386
2025-02-27,235413.90629269954,-0.00740483029977923,1,55.772500719342915,-0.17500225425674243
2025-02-28,232858.4014622148,-0.010855369042249263,0,,-0.18395790924580924
2025-03-05,232858.4014622148,0.0,0,,-0.18395790924580924
2025-03-06,232858.4014622148,0.0,0,,-0.18395790924580924
2025-03-07,232858.4014622148,0.0,0,,-0.18395790924580924
2025-03-10,232858.4014622148,0.0,0,,-0.18395790924580924
2025-03-11,232858.4014622148,0.0,0,,-0.18395790924580924
2025-03-12,232858.4014622148,0.0,0,,-0.18395790924580924
2025-03-13,232858.4014622148,0.0,0,,-0.18395790924580924
2025-03-14,232858.4014622148,0.0,0,,-0.18395790924580924
2025-03-17,235855.38643398884,0.012870418043561038,1,53.5874981198992,-0.17345510639666128
2025-03-18,237590.232892872,0.007355551573839936,1,54.034285409109934,-0.16737541280366786
2025-03-19,237177.16670891707,-0.0017385655080408569,1,54.034285409109934,-0.16882298519211414
2025-03-20,236433.67909152576,-0.0031347352180143284,1,54.034285409109934,-0.17142850505283647
2025-03-21,237301.09444253545,0.0036687470006078193,1,54.08214282989502,-0.1683886858659599
2025-03-24,236061.92740439822,-0.005221918765475064,1,54.08214282989502,-0.17273129259281783
2025-03-25,236408.9701074032,0.0014701341585272587,0,,-0.17151509660777786
2025-03-26,236408.9701074032,0.0,0,,-0.17151509660777786
2025-03-27,236665.3807646626,0.0010846062953657754,1,55.05535697937012,-0.17061651666594324
2025-03-28,234264.13214730393,-0.010146176046535782,1,55.05535697937012,-0.17903158749793957
2025-03-31,230764.00546517278,-0.014940941449501421,1,55.05535697937012,-0.19129762848102305
2025-04-01,232758.25358142224,0.008641937516336018,1,55.05535697937012,-0.18430887311704325
2025-04-02,231700.08332950153,-0.004546220104502341,1,55.05535697937012,-0.18801718451714267
2025-04-03,223734.3445525632,-0.03437952486883755,0,,-0.2159327679151043
2025-04-04,223734.3445525632,0.0,0,,-0.2159327679151043
2025-04-07,223734.3445525632,0.0,0,,-0.2159327679151043
2025-04-08,223734.3445525632,0.0,0,,-0.2159327679151043
2025-04-09,223734.3445525632,0.0,0,,-0.2159327679151043
2025-04-10,223734.3445525632,0.0,0,,-0.2159327679151043
2025-04-11,223734.3445525632,0.0,0,,-0.2159327679151043
2025-04-14,223734.3445525632,0.0,0,,-0.2159327679151043
2025-04-15,223734.3445525632,0.0,0,,-0.2159327679151043
2025-04-16,223734.3445525632,0.0,0,,-0.2159327679151043
2025-04-17,223734.3445525632,0.0,0,,-0.2159327679151043
2025-04-22,223734.3445525632,0.0,0,,-0.2159327679151043
2025-04-23,223734.3445525632,0.0,0,,-0.2159327679151043
2025-04-24,223734.3445525632,0.0,0,,-0.2159327679151043
2025-04-25,223734.3445525632,0.0,0,,-0.2159327679151043
2025-04-28,223734.3445525632,0.0,0,,-0.2159327679151043
2025-04-29,223734.3445525632,0.0,0,,-0.2159327679151043
2025-04-30,223734.3445525632,0.0,0,,-0.2159327679151043
2025-05-02,223734.3445525632,0.0,0,,-0.2159327679151043
2025-05-05,223734.3445525632,0.0,0,,-0.2159327679151043
2025-05-06,223734.3445525632,0.0,0,,-0.2159327679151043
2025-05-07,223734.3445525632,0.0,0,,-0.2159327679151043
2025-05-08,222723.55864830164,-0.004517795004977954,1,50.23035648890904,-0.21947502293978427
2025-05-09,223610.39486214521,0.003981780011174996,1,50.514284542628694,-0.21636714418790304
2025-05-12,229227.0403261375,0.025117998058430624,1,51.57821083068848,-0.19668385563709234
2025-05-13,232985.5504692695,0.01639645190979433,1,52.50928224836077,-0.18351232110768445
2025-05-14,231845.34168555614,-0.004893903426271828,1,52.50928224836077,-0.18750813295692426
2025-05-15,234168.01486404394,0.010018200760910645,1,53.00892693655832,-0.1793684263162797
2025-05-16,234336.94065039023,0.0007213871050850695,1,53.193571635655,-0.17877643328099857
2025-05-19,233703.47700641645,-0.0027032171804225458,1,53.193571635655,-0.18099637893552123
2025-05-20,233745.7003981782,0.0001806707897658022,1,53.193571635655,-0.1808484089044825
2025-05-21,230747.34018395486,-0.012827445420881434,1,53.193571635655,-0.19135603123068845
2025-05-22,229015.89114802948,-0.007503657613323056,1,53.193571635655,-0.19742381870341208
2025-05-23,227702.52515295122,-0.005734824725456833,0,,-0.20202645243197448
2025-05-26,227702.52515295122,0.0,0,,-0.20202645243197448
2025-05-27,226687.81991789243,-0.0044562757236759065,1,51.826786041259766,-0.20558244258013747
2025-05-28,225927.38637940973,-0.0033545407898762925,0,,-0.20824734868069628
2025-05-29,225927.38637940973,0.0,0,,-0.20824734868069628
2025-05-30,220303.41221607095,-0.024892839480266438,1,51.23035648890904,-0.227956320338063
2025-06-02,221999.5935840027,0.0076992968509637105,0,,-0.22201212686643546
2025-06-03,221999.5935840027,0.0,0,,-0.22201212686643546
2025-06-04,221999.5935840027,0.0,0,,-0.22201212686643546
2025-06-05,221999.5935840027,0.0,0,,-0.22201212686643546
2025-06-06,220958.08364210228,-0.004691494813508834,1,51.308929170881,-0.22566205293821429
2025-06-09,222250.97359983428,0.005851290599651282,1,51.38285664149693,-0.22113117658761838
2025-06-10,221959.23353372907,-0.0013126604638884487,0,,-0.22215356689866717
2025-06-11,221959.23353372907,0.0,0,,-0.22215356689866717
2025-06-12,221959.23353372907,0.0,0,,-0.22215356689866717
2025-06-13,221959.23353372907,0.0,0,,-0.22215356689866717
2025-06-16,221959.23353372907,0.0,0,,-0.22215356689866717
2025-06-17,221959.23353372907,0.0,0,,-0.22215356689866717
2025-06-18,221959.23353372907,0.0,0,,-0.22215356689866717
2025-06-20,221959.23353372907,0.0,0,,-0.22215356689866717
2025-06-23,221959.23353372907,0.0,0,,-0.22215356689866717
2025-06-24,221959.23353372907,0.0,0,,-0.22215356689866717
2025-06-25,221959.23353372907,0.0,0,,-0.22215356689866717
2025-06-26,221959.23353372907,0.0,0,,-0.22215356689866717
2025-06-27,221959.23353372907,0.0,0,,-0.22215356689866717
2025-06-30,221959.23353372907,0.0,0,,-0.22215356689866717
2025-07-01,224829.014660697,0.012929316259022938,1,50.143930843898225,-0.21209654436414704
2025-07-02,233003.07715501924,0.03635679543700454,1,51.81250081743513,-0.18345089960348537
2025-07-03,231907.59054004334,-0.004701597199281093,1,51.81250081743513,-0.1872899845669851
2025-07-04,232581.73985841026,0.002906973923522793,1,51.81250081743513,-0.1849274577447355
2025-07-07,229168.84989312227,-0.01467393771912473,1,51.81250081743513,-0.19688778146635788
2025-07-08,229969.41325886192,0.003493334133818804,1,51.81250081743513,-0.1940822421400673
2025-07-09,227694.15328200327,-0.009893750410614577,1,51.81250081743513,-0.2020557912878156
2025-07-10,232918.80648109992,0.022945926031863628,1,52.22285679408482,-0.1837462224971519
2025-07-11,235952.48645024482,0.013024624395845175,1,52.85535703386579,-0.1731148236334875
2025-07-14,233255.88917677716,-0.011428560529436416,1,52.85535703386579,-0.18256493092248594
2025-07-15,227146.40193802153,-0.026192210024439944,1,52.85535703386579,-0.20397536193310672
2025-07-16,229210.9932665757,0.009089253939041031,1,52.85535703386579,-0.1967400918559834
2025-07-17,228789.63989697915,-0.0018382773164222765,1,52.85535703386579,-0.19821670632431598
2025-07-18,229885.14258494263,0.004788253036530632,1,52.85535703386579,-0.19437756503373382
2025-07-21,236163.1550985493,0.02730934432305454,1,52.85535703386579,-0.17237654456286255
2025-07-22,242272.64233730495,0.02586977310752059,1,54.24642767224993,-0.15096611355224165
2025-07-23,241935.55964162768,-0.00139133619225551,1,54.24642767224993,-0.15214740512690772
2025-07-24,238185.60305365003,-0.015499815709325016,1,54.24642767224993,-0.1652889640961137
2025-07-25,234688.4584874303,-0.014682434712193881,1,54.24642767224993,-0.17754455438432015
2025-07-28,232413.19851057164,-0.009694809840768204,1,54.24642767224993,-0.18551810353206843
2025-07-29,230980.6291999185,-0.006163889657875732,1,54.24642767224993,-0.19053848007023422
2025-07-30,228221.07359062982,-0.011947130020588115,0,,-0.20020922209549796
2025-07-31,228221.07359062982,0.0,0,,-0.20020922209549796
2025-08-01,228221.07359062982,0.0,0,,-0.20020922209549796
2025-08-04,228221.07359062982,0.0,0,,-0.20020922209549796
2025-08-05,228221.07359062982,0.0,0,,-0.20020922209549796
2025-08-06,228221.07359062982,0.0,0,,-0.20020922209549796
2025-08-07,228221.07359062982,0.0,0,,-0.20020922209549796
2025-08-08,228221.07359062982,0.0,0,,-0.20020922209549796
2025-08-11,228221.07359062982,0.0,0,,-0.20020922209549796
2025-08-12,228221.07359062982,0.0,0,,-0.20020922209549796
2025-08-13,226997.95755329097,-0.005359347487484012,1,51.628570147923064,-0.20449557879157343
2025-08-14,224394.65351954958,-0.011468402895784768,0,,-0.21361874399936964
2025-08-15,224394.65351954958,0.0,0,,-0.21361874399936964
2025-08-18,224394.65351954958,0.0,0,,-0.21361874399936964
2025-08-19,224394.65351954958,0.0,0,,-0.21361874399936964
2025-08-20,224394.65351954958,0.0,0,,-0.21361874399936964
2025-08-21,224394.65351954958,0.0,0,,-0.21361874399936964
2025-08-22,224394.65351954958,0.0,0,,-0.21361874399936964
2025-08-25,224394.65351954958,0.0,0,,-0.21361874399936964
2025-08-26,224394.65351954958,0.0,0,,-0.21361874399936964
2025-08-27,224707.7749344666,0.00139540497068813,1,53.17285878317697,-0.21252142368589044
2025-08-28,224788.9280271908,0.0003611494651123426,1,53.31428854806082,-0.2122370262192671
2025-08-29,225438.1372906144,0.0028880838087588234,1,53.520717348371235,-0.20996190072955123
2025-09-01,225600.42799769295,0.000719890205929774,1,53.569642884390696,-0.20939316003957498
2025-09-02,224748.3437416438,-0.0037769620546015403,1,53.611430168151855,-0.21237925207421404
2025-09-03,225600.42799769295,0.0037912815812723988,1,53.8982150214059,-0.20939316003957498
2025-09-04,226046.762268491,0.001978428298028856,1,54.002858706883025,-0.2078290010947822
2025-09-05,228116.12743703296,0.009154588846019607,1,54.46286106109619,-0.2005770013040643
2025-09-08,228684.18360773238,0.0024902060940703574,1,54.652860913957866,-0.19858627328097178
2025-09-09,227994.3900587618,-0.0030163587970464256,1,54.652860913957866,-0.20100362462563448
2025-09-10,229576.8521493285,0.00694079398251346,1,54.652860913957866,-0.195457955391386
2025-09-11,231362.17375415095,0.007776574981789519,1,55.184288433619905,-0.18920137385548486
2025-09-12,231281.02066142677,-0.0003507621466697364,1,55.184288433619905,-0.1894857713221082
2025-09-15,233309.80154442176,0.00877192982456143,1,55.680359431675505,-0.18237599738633714
2025-09-16,234121.3169932937,0.003478274138077442,1,55.798216819763184,-0.1795320769633747
2025-09-17,234527.06697854478,0.001733075785075533,1,55.933929034641814,-0.17811014387352864
2025-09-18,234080.73270774673,-0.0019031247716873034,1,55.933929034641814,-0.17967430281832153
2025-09-19,235013.97005652005,0.0039868182997293555,1,56.03607041495187,-0.17640381331705923
2025-09-22,235338.58242741672,0.0013812471267924398,1,56.10357230050223,-0.1752662234505662
2025-09-23,233999.57961502255,-0.005689686742322175,1,56.10357230050223,-0.17995870028494476
2025-09-24,234892.24815661868,0.003814829680740317,1,56.10357230050223,-0.17683038239535898
2025-09-25,236190.66668346585,0.005527719782312479,1,56.36535658155169,-0.17228013141592735
2025-09-26,231646.20183950066,-0.019240662248756535,1,56.36535658155169,-0.18820600984393854
2025-09-29,232417.13300282563,0.0033280544088485353,1,56.36535658155169,-0.18550431527592293
2025-09-30,233634.41391531844,0.005237483557109401,1,56.36535658155169,-0.181238407519844
2025-10-01,236596.4321470867,0.012678004845818158,1,56.39035987854004,-0.17085814408281086
2025-10-02,238178.87875928363,0.006688379016692725,1,56.771430832999094,-0.1653125290918328
2025-10-03,237732.54448848558,-0.0018739456375103103,1,56.771430832999094,-0.1668766880366256
2025-10-06,241790.1062544755,0.017067758958792645,1,57.561430658612935,-0.1526571401650837
2025-10-07,238381.7537519092,-0.014096327411259546,1,57.561430658612935,-0.16460156254690972
2025-10-08,240207.65964227862,0.00765958745428863,1,57.561430658612935,-0.15820275515606175
2025-10-09,239842.47846420473,-0.001520272828175906,1,57.561430658612935,-0.1594825166342313
2025-10-10,238868.65682988445,-0.004060255049714301,1,57.561430658612935,-0.16289523199044031
2025-10-13,242439.31551789911,0.014948209344006091,1,57.561430658612935,-0.15038201467536783
2025-10-14,242439.31551789911,0.0,1,57.561430658612935,-0.15038201467536783
2025-10-15,246943.21155468712,0.01857741607282959,1,58.32071604047503,-0.13459830785903293
2025-10-16,244670.97139351963,-0.009201468413981062,1,58.32071604047503,-0.1425612741946738
2025-10-17,243981.19332291884,-0.002819206817515685,1,58.32071604047503,-0.14497857129606606
2025-10-20,247105.51774013546,0.012805595278327253,1,58.43928813934326,-0.13402951292578635
2025-10-21,246699.7522765146,-0.001642073666876076,1,58.44821384974888,-0.13545150025890285
2025-10-22,251081.92641340123,0.017763188233666627,1,59.41035788399832,-0.12009436252086769
2025-10-23,250595.00785705622,-0.001939281585498609,1,59.41035788399832,-0.1218007473206073
2025-10-24,250473.28595715485,-0.0004857315432668097,1,59.41035788399832,-0.12222731639890705
2025-10-27,250189.25787180514,-0.0011339655814563976,1,59.41035788399832,-0.12322268041045337
2025-10-28,252380.34494024844,0.008757718405184356,1,59.751785959516255,-0.11554411154143585
2025-10-29,256965.3940697606,0.018167219521780353,1,60.84250177655901,-0.09947600725847783
2025-10-30,258913.0218600314,0.007579338834014626,1,61.29750142778669,-0.09265063078933
2025-10-31,264796.4895163908,0.022723722484456532,1,62.64928804125105,-0.07203227552694014
2025-11-03,265161.6552160949,0.0013790428278375177,1,62.7696418762207,-0.0707525682920408
2025-11-04,262199.65246269637,-0.011170554622555229,1,62.7696418762207,-0.08113277748580383
2025-11-05,266703.5484994844,0.017177353190537925,1,63.040718759809224,-0.06534907066946893
2025-11-06,265770.2956723413,-0.0034992141364210694,1,63.040718759809224,-0.06861961441400144
2025-11-07,262848.8462477502,-0.010992385048902653,1,63.040718759809224,-0.07885770623935817
2025-11-10,264593.59904539544,0.006637856024677813,1,63.040718759809224,-0.07274329631513365
2025-11-11,263903.8209747947,-0.0026069340796200935,1,63.040718759809224,-0.07516059341652581
2025-11-12,266825.2703993858,0.011070129313778043,1,63.040718759809224,-0.06492250159116908
2025-11-13,266460.0737429421,-0.0013686734239864995,1,63.040718759809224,-0.06620231731260906
2025-11-14,264837.0428451982,-0.006091084772834265,1,63.040718759809224,-0.07189015815853417
2025-11-17,264634.18333094247,-0.0007659786262388391,1,63.040718759809224,-0.0726010704601866
2025-11-18,263822.65240370075,-0.003066614135131762,1,63.040718759809224,-0.07544504512641947
2025-11-19,263538.62431835104,-0.001076587179917654,1,63.040718759809224,-0.07644040913796579
2025-11-21,264390.7395311397,0.003233359872742314,1,63.040718759809224,-0.07345420861678609
2025-11-24,264106.68048905046,-0.0010743910418080649,1,63.040718759809224,-0.07444968111487316
2025-11-25,266176.04565759236,0.007835338222834887,1,63.132141385759624,-0.06719768132415549
2025-11-26,270152.4698092279,0.014939075910500366,1,64.18000139508929,-0.0532624766759664
2025-11-27,269138.0793677304,-0.0037548812424843536,1,64.18000139508929,-0.056817363643851926
2025-11-28,273479.6692190701,0.016131458846474267,1,65.05000223432269,-0.04160245176076349
2025-12-01,275589.5877164195,0.007715083550357882,1,65.57535716465541,-0.034208334601639634
2025-12-02,277861.8433559567,0.008245070716805802,1,66.12464850289481,-0.02624531402272856
2025-12-03,286829.05114398577,0.032272181310413206,1,68.02929060799735,0.0
2025-12-04,291819.83478037926,0.017399854082033483,1,69.15928677150181,0.0
2025-12-05,284921.9921608922,-0.023637333030081198,1,69.15928677150181,-0.023637333030081198
2025-12-08,282974.3488922516,-0.006835707043423844,1,69.15928677150181,-0.03031146218962355
2025-12-09,279956.94557079935,-0.01066316905848308,0,,-0.04065141500236891
2025-12-10,279956.94557079935,0.0,0,,-0.04065141500236891
2025-12-11,279956.94557079935,0.0,0,,-0.04065141500236891
2025-12-12,279956.94557079935,0.0,0,,-0.04065141500236891
2025-12-15,279956.94557079935,0.0,0,,-0.04065141500236891
2025-12-16,279956.94557079935,0.0,0,,-0.04065141500236891
2025-12-17,279956.94557079935,0.0,0,,-0.04065141500236891
2025-12-18,279956.94557079935,0.0,0,,-0.04065141500236891
2025-12-19,279956.94557079935,0.0,0,,-0.04065141500236891
2025-12-22,279956.94557079935,0.0,0,,-0.04065141500236891
2025-12-23,279956.94557079935,0.0,0,,-0.04065141500236891
2025-12-26,279956.94557079935,0.0,0,,-0.04065141500236891
2025-12-29,279956.94557079935,0.0,0,,-0.04065141500236891
2025-12-30,279956.94557079935,0.0,0,,-0.04065141500236891
2026-01-02,279956.94557079935,0.0,0,,-0.04065141500236891
2026-01-05,279956.94557079935,0.0,0,,-0.04065141500236891
2026-01-06,279956.94557079935,0.0,0,,-0.04065141500236891
2026-01-07,279956.94557079935,0.0,0,,-0.04065141500236891
2026-01-08,279956.94557079935,0.0,0,,-0.04065141500236891
2026-01-09,279956.94557079935,0.0,0,,-0.04065141500236891
2026-01-12,279956.94557079935,0.0,0,,-0.04065141500236891
2026-01-13,279956.94557079935,0.0,0,,-0.04065141500236891
2026-01-14,279956.94557079935,0.0,0,,-0.04065141500236891
2026-01-15,279956.94557079935,0.0,0,,-0.04065141500236891
2026-01-16,279956.94557079935,0.0,0,,-0.04065141500236891
2026-01-19,279956.94557079935,0.0,0,,-0.04065141500236891
2026-01-20,279956.94557079935,0.0,0,,-0.04065141500236891
2026-01-21,279956.94557079935,0.0,0,,-0.04065141500236891
2026-01-22,279956.94557079935,0.0,0,,-0.04065141500236891
2026-01-23,279956.94557079935,0.0,0,,-0.04065141500236891
2026-01-26,279956.94557079935,0.0,0,,-0.04065141500236891
2026-01-27,279956.94557079935,0.0,0,,-0.04065141500236891
2026-01-28,279956.94557079935,0.0,0,,-0.04065141500236891
2026-01-29,279956.94557079935,0.0,0,,-0.04065141500236891
2026-01-30,279956.94557079935,0.0,0,,-0.04065141500236891
2026-02-02,279956.94557079935,0.0,0,,-0.04065141500236891
2026-02-03,279956.94557079935,0.0,0,,-0.04065141500236891
2026-02-04,279956.94557079935,0.0,0,,-0.04065141500236891
2026-02-05,279956.94557079935,0.0,0,,-0.04065141500236891
2026-02-06,279956.94557079935,0.0,0,,-0.04065141500236891
2026-02-09,279956.94557079935,0.0,0,,-0.04065141500236891
2026-02-10,279956.94557079935,0.0,0,,-0.04065141500236891
2026-02-11,279956.94557079935,0.0,0,,-0.04065141500236891
2026-02-12,279956.94557079935,0.0,0,,-0.04065141500236891
2026-02-13,279956.94557079935,0.0,0,,-0.04065141500236891
2026-02-18,279956.94557079935,0.0,0,,-0.04065141500236891
2026-02-19,279956.94557079935,0.0,0,,-0.04065141500236891
2026-02-20,279956.94557079935,0.0,0,,-0.04065141500236891
2026-02-23,279956.94557079935,0.0,0,,-0.04065141500236891
2026-02-24,279956.94557079935,0.0,0,,-0.04065141500236891
2026-02-25,279956.94557079935,0.0,0,,-0.04065141500236891
2026-02-26,279956.94557079935,0.0,0,,-0.04065141500236891
2026-02-27,279956.94557079935,0.0,0,,-0.04065141500236891
2026-03-02,279956.94557079935,0.0,0,,-0.04065141500236891
2026-03-03,279956.94557079935,0.0,0,,-0.04065141500236891
2026-03-04,279956.94557079935,0.0,0,,-0.04065141500236891
2026-03-05,279956.94557079935,0.0,0,,-0.04065141500236891
2026-03-06,279956.94557079935,0.0,0,,-0.04065141500236891
2026-03-09,279956.94557079935,0.0,0,,-0.04065141500236891
2026-03-10,279956.94557079935,0.0,0,,-0.04065141500236891
2026-03-11,279956.94557079935,0.0,0,,-0.04065141500236891
2026-03-12,279956.94557079935,0.0,0,,-0.04065141500236891
2026-03-13,279956.94557079935,0.0,0,,-0.04065141500236891
2026-03-16,279956.94557079935,0.0,0,,-0.04065141500236891
2026-03-17,279956.94557079935,0.0,0,,-0.04065141500236891
2026-03-18,279956.94557079935,0.0,0,,-0.04065141500236891
2026-03-19,279956.94557079935,0.0,0,,-0.04065141500236891
2026-03-20,279956.94557079935,0.0,0,,-0.04065141500236891
2026-03-23,279956.94557079935,0.0,0,,-0.04065141500236891
2026-03-24,279956.94557079935,0.0,0,,-0.04065141500236891
2026-03-25,279956.94557079935,0.0,0,,-0.04065141500236891
2026-03-26,279956.94557079935,0.0,0,,-0.04065141500236891
2026-03-27,279956.94557079935,0.0,0,,-0.04065141500236891
2026-03-30,279956.94557079935,0.0,0,,-0.04065141500236891
2026-03-31,279956.94557079935,0.0,0,,-0.04065141500236891
2026-04-01,279956.94557079935,0.0,0,,-0.04065141500236891
2026-04-02,279956.94557079935,0.0,0,,-0.04065141500236891
2026-04-06,276377.69106494804,-0.012785017705324697,1,78.78643390110561,-0.05291670364714185
2026-04-07,278373.45841147884,0.0072211593448106015,1,78.78643390110561,-0.04607766425136939
2026-04-08,284693.303751373,0.022702758287223235,1,80.21857152666364,-0.024420996038084897
2026-04-09,281699.70348604885,-0.010515176247132718,1,80.21857152666364,-0.03467938120774661
2026-04-10,284693.303751373,0.010626920185851096,1,80.56142970493862,-0.024420996038084897
2026-04-13,290580.7717446141,0.020680036782258604,1,82.40821838378906,-0.004245986352153341
2026-04-14,293707.45023542544,0.010760101131396693,1,83.43572180611747,0.0
2026-04-15,294173.1225156863,0.0015854969967143973,1,83.74714960370746,0.0
2026-04-16,290846.8774411163,-0.01130710054720463,1,83.74714960370746,-0.01130710054720463
2026-04-17,298530.4954426575,0.026418086620499492,1,84.83036068507603,0.0
2026-04-20,295137.73663257994,-0.011364865103803967,1,84.83036068507603,-0.011364865103803967
2026-04-22,290115.0994643532,-0.017017942962947785,1,84.83036068507603,-0.028189401440633644
2026-04-23,285957.2931211407,-0.014331575126179774,1,84.83036068507603,-0.042116978042304964
2026-04-24,285624.67368913087,-0.0011631786983971049,1,84.83036068507603,-0.04323116716900244
2026-04-27,284393.953875735,-0.004308870790117325,1,84.83036068507603,-0.04735376044568251
2026-04-28,281310.34824368684,-0.0108427256980137,0,,-0.057683042308414145
2026-04-29,281310.34824368684,0.0,0,,-0.057683042308414145
2026-04-30,281310.34824368684,0.0,0,,-0.057683042308414145
2026-05-04,281310.34824368684,0.0,0,,-0.057683042308414145
2026-05-05,281310.34824368684,0.0,0,,-0.057683042308414145
2026-05-06,281310.34824368684,0.0,0,,-0.057683042308414145
2026-05-07,281310.34824368684,0.0,0,,-0.057683042308414145
2026-05-08,281310.34824368684,0.0,0,,-0.057683042308414145
2026-05-11,281310.34824368684,0.0,0,,-0.057683042308414145
2026-05-12,281310.34824368684,0.0,0,,-0.057683042308414145
2026-05-13,281310.34824368684,0.0,0,,-0.057683042308414145
2026-05-14,281310.34824368684,0.0,0,,-0.057683042308414145
2026-05-15,281310.34824368684,0.0,0,,-0.057683042308414145
2026-05-18,281310.34824368684,0.0,0,,-0.057683042308414145
2026-05-19,281310.34824368684,0.0,0,,-0.057683042308414145
2026-05-20,281310.34824368684,0.0,0,,-0.057683042308414145
2026-05-21,281310.34824368684,0.0,0,,-0.057683042308414145
2026-05-22,281310.34824368684,0.0,0,,-0.057683042308414145
2026-05-25,281310.34824368684,0.0,0,,-0.057683042308414145
2026-05-26,281310.34824368684,0.0,0,,-0.057683042308414145
2026-05-27,281310.34824368684,0.0,0,,-0.057683042308414145
2026-05-28,281310.34824368684,0.0,0,,-0.057683042308414145
2026-05-29,276910.2192831652,-0.01564154674007945,1,78.97964259556362,-0.07242233704611667
2026-06-01,273165.4691346916,-0.01352333676296813,1,78.97964259556362,-0.08496628215604896
2026-06-02,284199.09111083945,0.04039171572856248,1,79.9517822265625,-0.04800650034284637
2026-06-03,273466.3990840894,-0.03776469511144298,1,79.9517822265625,-0.08395824460547441
2026-06-05,266919.30006727774,-0.023941146110599276,0,,-0.10588933411478463
2026-06-08,266919.30006727774,0.0,0,,-0.10588933411478463
2026-06-09,266919.30006727774,0.0,0,,-0.10588933411478463
2026-06-10,266919.30006727774,0.0,0,,-0.10588933411478463
2026-06-11,266919.30006727774,0.0,0,,-0.10588933411478463
2026-06-12,266919.30006727774,0.0,0,,-0.10588933411478463
2026-06-15,266919.30006727774,0.0,0,,-0.10588933411478463
2026-06-16,266919.30006727774,0.0,0,,-0.10588933411478463
2026-06-17,266919.30006727774,0.0,0,,-0.10588933411478463
2026-06-18,266919.30006727774,0.0,0,,-0.10588933411478463
2026-06-19,266919.30006727774,0.0,0,,-0.10588933411478463
2026-06-22,266919.30006727774,0.0,0,,-0.10588933411478463
2026-06-23,266919.30006727774,0.0,0,,-0.10588933411478463
2026-06-24,266919.30006727774,0.0,0,,-0.10588933411478463
2026-06-25,266919.30006727774,0.0,0,,-0.10588933411478463
2026-06-26,266919.30006727774,0.0,0,,-0.10588933411478463
2026-06-29,266919.30006727774,0.0,0,,-0.10588933411478463
2026-06-30,266919.30006727774,0.0,0,,-0.10588933411478463
2026-07-01,266919.30006727774,0.0,0,,-0.10588933411478463
2026-07-02,266919.30006727774,0.0,0,,-0.10588933411478463
2026-07-03,266919.30006727774,0.0,0,,-0.10588933411478463
2026-07-06,264817.390771605,-0.007874699563287235,1,74.29893112182617,-0.11293018698496138
2026-07-07,263774.31719533337,-0.003938840924428755,0,,-0.1164242138672904
2026-07-08,263774.31719533337,0.0,0,,-0.1164242138672904
2026-07-09,263774.31719533337,0.0,0,,-0.1164242138672904
2026-07-10,263774.31719533337,0.0,0,,-0.1164242138672904
2026-07-13,263774.31719533337,0.0,0,,-0.1164242138672904
2026-07-14,263774.31719533337,0.0,0,,-0.1164242138672904
2026-07-15,263774.31719533337,0.0,0,,-0.1164242138672904
2026-07-16,263774.31719533337,0.0,0,,-0.1164242138672904
2026-07-17,263774.31719533337,0.0,0,,-0.1164242138672904
2026-07-20,263774.31719533337,0.0,0,,-0.1164242138672904
2026-07-21,263774.31719533337,0.0,0,,-0.1164242138672904
2026-07-22,263774.31719533337,0.0,0,,-0.1164242138672904
2026-07-23,263774.31719533337,0.0,0,,-0.1164242138672904
2026-07-24,263774.31719533337,0.0,0,,-0.1164242138672904
2026-07-27,263774.31719533337,0.0,0,,-0.1164242138672904
2026-07-28,263774.31719533337,0.0,0,,-0.1164242138672904
2026-07-29,263774.31719533337,0.0,0,,-0.1164242138672904
2026-07-30,263774.31719533337,0.0,0,,-0.1164242138672904
2026-07-31,263774.31719533337,0.0,0,,-0.1164242138672904
2026-08-03,263774.31719533337,0.0,0,,-0.1164242138672904
2026-08-04,263774.31719533337,0.0,0,,-0.1164242138672904
2026-08-05,264587.2727941062,0.0030820119540706514,1,72.25821631295341,-0.11370102273210203
2026-08-06,260203.9314057025,-0.016566712911450954,1,72.25821631295341,-0.12838408344221197
2026-08-07,258754.33363905532,-0.005571006398004785,1,72.25821631295341,-0.13323986128995824
2026-08-10,262067.71124812795,0.012805109628403644,1,72.25821631295341,-0.12214090269224576
2026-08-11,256787.01486078143,-0.020150122127585157,1,72.25821631295341,-0.1398298707138087
2026-08-12,252576.2559203815,-0.016397865533359757,1,72.25821631295341,-0.15393482482965637
2026-08-13,248820.04404695483,-0.014871595351428124,0,,-0.16651716375572478
2026-08-14,248820.04404695483,0.0,0,,-0.16651716375572478
2026-08-17,248820.04404695483,0.0,0,,-0.16651716375572478
2026-08-18,248820.04404695483,0.0,0,,-0.16651716375572478
2026-08-19,248820.04404695483,0.0,0,,-0.16651716375572478
2026-08-20,248820.04404695483,0.0,0,,-0.16651716375572478
2026-08-21,248820.04404695483,0.0,0,,-0.16651716375572478
2026-08-24,248820.04404695483,0.0,0,,-0.16651716375572478
2026-08-25,253603.2150827595,0.01922341527639171,1,73.830351965768,-0.1504947770688564
2026-08-26,252797.61398709,-0.003176620199419,1,73.830351965768,-0.15319333251953138
2026-08-27,254924.41268045479,0.008413048920127064,1,74.25821249825614,-0.1460691066001285
2026-08-28,253216.54229123457,-0.006699516814660744,1,74.25821249825614,-0.15179003097901922
2026-08-31,250864.1762744821,-0.009289938151224364,1,74.25821249825614,-0.1596698491304761
2026-09-01,252314.27299768382,0.005780405734835181,1,74.25821249825614,-0.15481239990723494
2026-09-02,259979.72852844722,0.030380586241483654,0,,-0.12913510513238413
