timestamp,equity,daily_return,position,stop_price,drawdown
2020-01-02,100000.0,0.0,0,,0.0
2020-01-03,100000.0,0.0,0,,0.0
2020-01-06,100000.0,0.0,0,,0.0
2020-01-07,100000.0,0.0,0,,0.0
2020-01-08,100000.0,0.0,0,,0.0
2020-01-09,100000.0,0.0,0,,0.0
2020-01-10,100000.0,0.0,0,,0.0
2020-01-13,100000.0,0.0,0,,0.0
2020-01-14,100000.0,0.0,0,,0.0
2020-01-15,100000.0,0.0,0,,0.0
2020-01-16,100000.0,0.0,0,,0.0
2020-01-17,100000.0,0.0,0,,0.0
2020-01-20,100000.0,0.0,0,,0.0
2020-01-21,100000.0,0.0,0,,0.0
2020-01-22,100000.0,0.0,0,,0.0
2020-01-23,100000.0,0.0,0,,0.0
2020-01-24,100000.0,0.0,0,,0.0
2020-01-27,100000.0,0.0,0,,0.0
2020-01-28,100000.0,0.0,0,,0.0
2020-01-29,100000.0,0.0,0,,0.0
2020-01-30,100000.0,0.0,0,,0.0
2020-01-31,100000.0,0.0,0,,0.0
2020-02-03,100000.0,0.0,0,,0.0
2020-02-04,97874.65587267393,-0.021253441273260676,1,25.923225266592844,-0.021253441273260676
2020-02-05,99080.08837261154,0.01231608417102148,1,25.923225266592844,-0.009199116273884589
2020-02-06,98109.04666556134,-0.009800573687403169,1,25.923225266592844,-0.01890953334438661
2020-02-07,96568.76724404289,-0.0156996676032235,1,25.923225266592844,-0.03431232755957114
2020-02-10,96267.4056986932,-0.003120693718581924,1,25.923225266592844,-0.03732594301306802
2020-02-11,96891.98567610349,0.006487969348266898,0,,-0.03108014323896513
2020-02-12,98639.4609099645,0.018035291790825525,1,26.41470902306693,-0.013605390900354952
2020-02-13,99730.11040442124,0.011056928782815056,1,26.635443414960587,-0.002698895955787539
2020-02-14,97741.2847557643,-0.019942078080450787,1,26.635443414960587,-0.022587152442356984
2020-02-17,97837.51487249318,0.0009845391020728567,1,26.635443414960587,-0.02162485127506819
2020-02-18,97099.72661510736,-0.007540954595457006,1,26.635443414960587,-0.029002733848926487
2020-02-19,95976.99823060786,-0.011562631777016885,1,26.635443414960587,-0.04023001769392143
2020-02-20,94758.03972937948,-0.012700527456584343,1,26.635443414960587,-0.05241960270620516
2020-02-21,92993.75975762244,-0.01861878925308791,1,26.635443414960587,-0.0700624024237756
2020-02-26,89202.87238398712,-0.040764965127937924,0,,-0.1079712761601288
2020-02-27,89202.87238398712,0.0,0,,-0.1079712761601288
2020-02-28,89202.87238398712,0.0,0,,-0.1079712761601288
2020-03-02,89202.87238398712,0.0,0,,-0.1079712761601288
2020-03-03,89202.87238398712,0.0,0,,-0.1079712761601288
2020-03-04,89202.87238398712,0.0,0,,-0.1079712761601288
2020-03-05,89202.87238398712,0.0,0,,-0.1079712761601288
2020-03-06,89202.87238398712,0.0,0,,-0.1079712761601288
2020-03-09,89202.87238398712,0.0,0,,-0.1079712761601288
2020-03-10,89202.87238398712,0.0,0,,-0.1079712761601288
2020-03-11,89202.87238398712,0.0,0,,-0.1079712761601288
2020-03-12,89202.87238398712,0.0,0,,-0.1079712761601288
2020-03-13,89202.87238398712,0.0,0,,-0.1079712761601288
2020-03-16,89202.87238398712,0.0,0,,-0.1079712761601288
2020-03-17,89202.87238398712,0.0,0,,-0.1079712761601288
2020-03-18,89202.87238398712,0.0,0,,-0.1079712761601288
2020-03-19,89202.87238398712,0.0,0,,-0.1079712761601288
2020-03-20,89202.87238398712,0.0,0,,-0.1079712761601288
2020-03-23,89202.87238398712,0.0,0,,-0.1079712761601288
2020-03-24,89202.87238398712,0.0,0,,-0.1079712761601288
2020-03-25,89202.87238398712,0.0,0,,-0.1079712761601288
2020-03-26,89202.87238398712,0.0,0,,-0.1079712761601288
2020-03-27,89202.87238398712,0.0,0,,-0.1079712761601288
2020-03-30,89202.87238398712,0.0,0,,-0.1079712761601288
2020-03-31,89202.87238398712,0.0,0,,-0.1079712761601288
2020-04-01,89202.87238398712,0.0,0,,-0.1079712761601288
2020-04-02,89202.87238398712,0.0,0,,-0.1079712761601288
2020-04-03,89202.87238398712,0.0,0,,-0.1079712761601288
2020-04-06,89202.87238398712,0.0,0,,-0.1079712761601288
2020-04-07,89202.87238398712,0.0,0,,-0.1079712761601288
2020-04-08,89202.87238398712,0.0,0,,-0.1079712761601288
2020-04-09,89202.87238398712,0.0,0,,-0.1079712761601288
2020-04-13,87132.98454052139,-0.023204273451594704,1,14.204657248088292,-0.12867015459478615
2020-04-14,88337.23601846126,0.013820845048408081,0,,-0.11662763981538737
2020-04-15,92925.07801575442,0.05193553934984285,1,14.748488562447683,-0.07074921984245575
2020-04-16,88347.9681782069,-0.049255916005489175,1,14.748488562447683,-0.11652031821793107
2020-04-17,87775.81970799233,-0.006476079552395486,1,14.748488562447683,-0.12224180292007669
2020-04-20,89015.45686916848,0.014122763709870423,1,14.748488562447683,-0.10984543130831514
2020-04-22,90922.59246182739,0.021424768907965408,1,14.748488562447683,-0.0907740753817261
2020-04-23,87251.36082919352,-0.040377551202966155,1,14.748488562447683,-0.12748639170806475
2020-04-24,75205.16960206427,-0.13806307560877273,0,,-0.2479483039793573
2020-04-27,75205.16960206427,0.0,0,,-0.2479483039793573
2020-04-28,75205.16960206427,0.0,0,,-0.2479483039793573
2020-04-29,75205.16960206427,0.0,0,,-0.2479483039793573
2020-04-30,75205.16960206427,0.0,0,,-0.2479483039793573
2020-05-04,75205.16960206427,0.0,0,,-0.2479483039793573
2020-05-05,75205.16960206427,0.0,0,,-0.2479483039793573
2020-05-06,75205.16960206427,0.0,0,,-0.2479483039793573
2020-05-07,75205.16960206427,0.0,0,,-0.2479483039793573
2020-05-08,75205.16960206427,0.0,0,,-0.2479483039793573
2020-05-11,75205.16960206427,0.0,0,,-0.2479483039793573
2020-05-12,75205.16960206427,0.0,0,,-0.2479483039793573
2020-05-13,75205.16960206427,0.0,0,,-0.2479483039793573
2020-05-14,75205.16960206427,0.0,0,,-0.2479483039793573
2020-05-15,75205.16960206427,0.0,0,,-0.2479483039793573
2020-05-18,75205.16960206427,0.0,0,,-0.2479483039793573
2020-05-19,76880.44801273278,0.022276107075257956,1,15.184623684201922,-0.23119551987267217
2020-05-20,77675.07066733745,0.010335822372849135,1,15.488047293254308,-0.22324929332662546
2020-05-21,83515.60724454395,0.07519190554998056,1,16.798780952181136,-0.16484392755456045
2020-05-22,79979.50558692125,-0.042340608830976456,1,16.798780952181136,-0.2002049441307875
2020-05-25,88283.38375721399,0.10382507505336025,1,17.772410086223058,-0.11716616242786015
2020-05-26,85303.52445142127,-0.03375334269003061,1,17.772410086223058,-0.14696475548578736
2020-05-27,88203.92636195855,0.03400096220161464,1,17.772410086223058,-0.11796073638041449
2020-05-28,88124.46084969473,-0.0009009294205081231,1,17.772410086223058,-0.1187553915030527
2020-05-29,85978.95695463859,-0.02434629244104558,1,17.772410086223058,-0.14021043045361414
2020-06-01,85820.03404711935,-0.0018483930620731837,1,17.772410086223058,-0.14179965952880647
2020-06-02,90667.2760720532,0.056481474037547885,1,18.24422107424055,-0.09332723927946807
2020-06-03,93170.35853827975,0.027607341641513017,1,18.919092791421072,-0.06829641461720248
2020-06-04,92931.97011849667,-0.0025586294130781617,1,18.923094000135148,-0.07068029881503335
2020-06-05,91064.59551636393,-0.020093995637364248,1,18.923094000135148,-0.08935404483636067
2020-06-08,95355.5951894678,0.047120394581149805,1,19.22085210255214,-0.04644404810532199
2020-06-09,93011.4356307605,-0.024583345676250534,1,19.22085210255214,-0.06988564369239492
2020-06-10,88998.55713357162,-0.04314392601270367,1,19.22085210255214,-0.11001442866428379
2020-06-12,89078.01452882706,0.0008927941959349095,1,19.22085210255214,-0.10921985471172946
2020-06-15,89952.11081270395,0.009812705059720539,1,19.22085210255214,-0.10047889187296055
2020-06-16,88442.31478174163,-0.01678444249191635,1,19.22085210255214,-0.11557685218258373
2020-06-17,91342.70857527053,0.032794186817548976,1,19.22085210255214,-0.08657291424729463
2020-06-18,90905.66449183627,-0.004784663059056449,1,19.22085210255214,-0.09094335508163731
2020-06-19,88283.38375721399,-0.028846175310206057,1,19.22085210255214,-0.11716616242786015
2020-06-22,86574.9320626005,-0.019351905442499318,1,19.22085210255214,-0.13425067937399493
2020-06-23,85820.03404711935,-0.008719591196852505,1,19.22085210255214,-0.14179965952880647
2020-06-24,85691.30399604866,-0.0015000000000000568,0,,-0.14308696003951338
2020-06-25,87220.54060954081,0.017845878661884473,1,17.505329745156423,-0.1277945939045919
2020-06-26,86104.53305133224,-0.012795237800744541,0,,-0.13895466948667756
2020-06-29,86104.53305133224,0.0,0,,-0.13895466948667756
2020-06-30,86104.53305133224,0.0,0,,-0.13895466948667756
2020-07-01,86104.53305133224,0.0,0,,-0.13895466948667756
2020-07-02,86104.53305133224,0.0,0,,-0.13895466948667756
2020-07-03,86104.53305133224,0.0,0,,-0.13895466948667756
2020-07-06,86104.53305133224,0.0,0,,-0.13895466948667756
2020-07-07,86104.53305133224,0.0,0,,-0.13895466948667756
2020-07-08,86104.53305133224,0.0,0,,-0.13895466948667756
2020-07-09,86104.53305133224,0.0,0,,-0.13895466948667756
2020-07-10,85259.09936163136,-0.009818689675685999,1,19.502606800624303,-0.14740900638368637
2020-07-13,82958.88006738859,-0.02697916482188334,1,19.502606800624303,-0.17041119932611415
2020-07-14,82909.74047763678,-0.0005923367059909035,0,,-0.17090259522363227
2020-07-15,82101.68177782331,-0.009746245678231569,1,19.717670100075857,-0.1789831822217669
2020-07-16,81475.37173544434,-0.007628467880522072,0,,-0.18524628264555665
2020-07-17,81475.37173544434,0.0,0,,-0.18524628264555665
2020-07-20,80905.9670423564,-0.006988672539437246,1,20.3068494115557,-0.19094032957643603
2020-07-21,82144.85455866005,0.015312684114572983,1,20.586602347237722,-0.17855145441339948
2020-07-22,81318.9272042759,-0.010054523303031138,1,20.586602347237722,-0.18681072795724107
2020-07-23,79701.50107518207,-0.019889909824201246,1,20.586602347237722,-0.20298498924817931
2020-07-24,78978.81727655037,-0.009067380022742544,1,20.586602347237722,-0.21021182723449627
2020-07-27,78875.58075134308,-0.0013071419497939774,1,20.586602347237722,-0.21124419248656923
2020-07-28,78703.50815842231,-0.0021815699013770784,1,20.586602347237722,-0.21296491841577692
2020-07-29,80148.87575568572,0.018364716276103366,1,20.586602347237722,-0.1985112424431429
2020-07-30,79150.88283892596,-0.012451739433025799,1,20.586602347237722,-0.20849117161074038
2020-07-31,78118.48243412722,-0.013043447751551973,1,20.586602347237722,-0.21881517565872777
2020-08-03,75769.01912937559,-0.030075639356317407,0,,-0.24230980870624408
2020-08-04,75769.01912937559,0.0,0,,-0.24230980870624408
2020-08-05,75769.01912937559,0.0,0,,-0.24230980870624408
2020-08-06,75769.01912937559,0.0,0,,-0.24230980870624408
2020-08-07,75769.01912937559,0.0,0,,-0.24230980870624408
2020-08-10,75769.01912937559,0.0,0,,-0.24230980870624408
2020-08-11,75002.14749354713,-0.010121176763803974,1,18.83406788962228,-0.24997852506452867
2020-08-12,75885.42233116108,0.011776660630816504,0,,-0.2411457766883892
2020-08-13,75885.42233116108,0.0,0,,-0.2411457766883892
2020-08-14,75885.42233116108,0.0,0,,-0.2411457766883892
2020-08-17,75885.42233116108,0.0,0,,-0.2411457766883892
2020-08-18,75885.42233116108,0.0,0,,-0.2411457766883892
2020-08-19,75885.42233116108,0.0,0,,-0.2411457766883892
2020-08-20,75885.42233116108,0.0,0,,-0.2411457766883892
2020-08-21,75885.42233116108,0.0,0,,-0.2411457766883892
2020-08-24,75885.42233116108,0.0,0,,-0.2411457766883892
2020-08-25,75885.42233116108,0.0,0,,-0.2411457766883892
2020-08-26,75885.42233116108,0.0,0,,-0.2411457766883892
2020-08-27,75885.42233116108,0.0,0,,-0.2411457766883892
2020-08-28,75885.42233116108,0.0,0,,-0.2411457766883892
2020-08-31,75885.42233116108,0.0,0,,-0.2411457766883892
2020-09-01,75885.42233116108,0.0,0,,-0.2411457766883892
2020-09-02,75771.76468413488,-0.0014977533699451762,1,18.535643781934464,-0.2422823531586512
2020-09-03,75830.05569957689,0.0007692973191928409,0,,-0.24169944300423118
2020-09-04,75830.05569957689,0.0,0,,-0.24169944300423118
2020-09-08,79488.46952186912,0.04824490485390287,1,19.41457830156599,-0.2051153047813088
2020-09-09,79903.73262931457,0.005224193017469014,1,19.53828239440918,-0.20096267370685428
2020-09-10,77827.41002233505,-0.025985301795748317,1,19.53828239440918,-0.22172589977664947
2020-09-11,76512.40782550705,-0.01689638902862911,1,19.53828239440918,-0.23487592174492955
2020-09-14,76996.88380744416,0.006331992361840122,1,19.53828239440918,-0.2300311619255584
2020-09-15,76373.98914627597,-0.008089868451377047,1,19.53828239440918,-0.23626010853724033
2020-09-16,76097.1447180616,-0.0036248522737779565,1,19.53828239440918,-0.23902855281938407
2020-09-17,76720.03937922977,0.008185519489279036,1,19.53828239440918,-0.23279960620770235
2020-09-18,74055.42854832791,-0.03473161448380646,1,19.53828239440918,-0.25944571451672094
2020-09-21,73564.25972031108,-0.006632448662373225,0,,-0.26435740279688924
2020-09-22,73564.25972031108,0.0,0,,-0.26435740279688924
2020-09-23,73564.25972031108,0.0,0,,-0.26435740279688924
2020-09-24,73564.25972031108,0.0,0,,-0.26435740279688924
2020-09-25,73564.25972031108,0.0,0,,-0.26435740279688924
2020-09-28,73564.25972031108,0.0,0,,-0.26435740279688924
2020-09-29,73564.25972031108,0.0,0,,-0.26435740279688924
2020-09-30,73564.25972031108,0.0,0,,-0.26435740279688924
2020-10-01,73564.25972031108,0.0,0,,-0.26435740279688924
2020-10-02,73564.25972031108,0.0,0,,-0.26435740279688924
2020-10-05,73564.25972031108,0.0,0,,-0.26435740279688924
2020-10-06,73564.25972031108,0.0,0,,-0.26435740279688924
2020-10-07,73564.25972031108,0.0,0,,-0.26435740279688924
2020-10-08,73564.25972031108,0.0,0,,-0.26435740279688924
2020-10-09,73564.25972031108,0.0,0,,-0.26435740279688924
2020-10-13,73564.25972031108,0.0,0,,-0.26435740279688924
2020-10-14,73564.25972031108,0.0,0,,-0.26435740279688924
2020-10-15,73564.25972031108,0.0,0,,-0.26435740279688924
2020-10-16,73564.25972031108,0.0,0,,-0.26435740279688924
2020-10-19,73564.25972031108,0.0,0,,-0.26435740279688924
2020-10-20,73564.25972031108,0.0,0,,-0.26435740279688924
2020-10-21,73564.25972031108,0.0,0,,-0.26435740279688924
2020-10-22,73564.25972031108,0.0,0,,-0.26435740279688924
2020-10-23,73564.25972031108,0.0,0,,-0.26435740279688924
2020-10-26,73564.25972031108,0.0,0,,-0.26435740279688924
2020-10-27,73564.25972031108,0.0,0,,-0.26435740279688924
2020-10-28,73564.25972031108,0.0,0,,-0.26435740279688924
2020-10-29,73564.25972031108,0.0,0,,-0.26435740279688924
2020-10-30,73564.25972031108,0.0,0,,-0.26435740279688924
2020-11-03,73564.25972031108,0.0,0,,-0.26435740279688924
2020-11-04,73564.25972031108,0.0,0,,-0.26435740279688924
2020-11-05,73564.25972031108,0.0,0,,-0.26435740279688924
2020-11-06,74654.772290577,0.014823945410611383,1,18.014483860560826,-0.2534522770942299
2020-11-09,77232.73035836425,0.03453172501488755,1,18.679353713989258,-0.22767269641635746
2020-11-10,79810.68121152815,0.033378994128552275,1,19.237522193363734,-0.20189318788471855
2020-11-11,78398.10846531948,-0.017699043846835738,1,19.237522193363734,-0.21601891534680517
2020-11-12,75961.4055077661,-0.03108114475276269,1,19.237522193363734,-0.240385944922339
2020-11-13,76243.92294285717,0.0037192233766947247,1,19.237522193363734,-0.23756077057142833
2020-11-16,77232.73035836425,0.012968999722747343,1,19.237522193363734,-0.22767269641635746
2020-11-17,76597.07154037684,-0.008230433069476017,1,19.237522193363734,-0.23402928459623162
2020-11-18,74796.02740081087,-0.0235132245051507,1,19.237522193363734,-0.2520397259918913
2020-11-19,74195.68416403777,-0.00802640538054289,1,19.237522193363734,-0.2580431583596223
2020-11-23,72657.55556360226,-0.02073070176204439,0,,-0.2734244443639774
2020-11-24,72657.55556360226,0.0,0,,-0.2734244443639774
2020-11-25,72686.92490932338,0.000404215989559642,1,17.75774015699114,-0.2731307509067662
2020-11-26,71754.15414084584,-0.012832717433584717,1,17.75774015699114,-0.2824584585915416
2020-11-27,73032.39190469598,0.017814129079427143,1,17.8777756690979,-0.2696760809530402
2020-11-30,70925.02770568217,-0.02885519896108335,1,17.8777756690979,-0.29074972294317836
2020-12-01,72548.7324649049,0.022893255198441764,1,17.88711186817714,-0.27451267535095103
2020-12-02,72652.37679821876,0.0014286167351580392,1,17.958468164716447,-0.27347623201781246
2020-12-03,73446.95512227782,0.010936714792771252,1,18.283232961382186,-0.26553044877722176
2020-12-04,73896.06645096428,0.006114771237810457,1,18.411271844591415,-0.2610393354903572
2020-12-07,71754.15414084584,-0.0289854712569817,1,18.411271844591415,-0.2824584585915416
2020-12-08,71715.50844026046,-0.0005385848533525639,0,,-0.28284491559739544
2020-12-09,71715.50844026046,0.0,0,,-0.28284491559739544
2020-12-10,71715.50844026046,0.0,0,,-0.28284491559739544
2020-12-11,71715.50844026046,0.0,0,,-0.28284491559739544
2020-12-14,71715.50844026046,0.0,0,,-0.28284491559739544
2020-12-15,73090.53306903926,0.019173323297626776,1,19.468926974705287,-0.26909466930960746
2020-12-16,73316.12170304083,0.00308642753759214,1,19.530946254730225,-0.26683878296959174
2020-12-17,73477.261144355,0.002197871867347878,1,19.707668236323766,-0.26522738855645
2020-12-18,73992.88760504556,0.007017497014178975,1,19.918731416974747,-0.26007112394954446
2020-12-21,72413.77375087279,-0.02134142760587565,1,19.918731416974747,-0.2758622624912721
2020-12-22,71028.0140586005,-0.01913668657898915,1,19.918731416974747,-0.28971985941399503
2020-12-23,71221.37480433924,0.002722316656343704,1,19.918731416974747,-0.28778625195660756
2020-12-28,71414.73555007798,0.0027149257687026918,1,19.918731416974747,-0.2858526444992202
2020-12-29,71253.60269260207,-0.0022562970545891847,1,19.918731416974747,-0.2874639730739793
2020-12-30,71318.05846912775,0.0009045967374274877,1,19.918731416974747,-0.28681941530872257
2021-01-04,70415.70393312145,-0.012652539277929309,1,19.918731416974747,-0.29584296066878557
2021-01-05,71221.37480433924,0.01144163625748873,1,19.918731416974747,-0.28778625195660756
2021-01-06,70190.11529911986,-0.014479634913710626,1,19.918731416974747,-0.2980988470088014
2021-01-07,71479.19132660366,0.018365492377242942,1,19.918731416974747,-0.2852080867339635
2021-01-08,73477.261144355,0.027953167637581933,1,19.93106848852975,-0.26522738855645
2021-01-11,71994.82437113248,-0.0201754495218609,1,19.93106848852975,-0.2800517562886753
2021-01-12,72542.67872008587,0.00760963518890212,1,19.93106848852975,-0.2745732127991414
2021-01-13,71575.86840755389,-0.013327469147679571,1,19.93106848852975,-0.2842413159244611
2021-01-14,71962.58989903139,0.0054029591268875965,1,19.93106848852975,-0.2803741010096862
2021-01-15,70319.02026833294,-0.022839222893513034,1,19.93106848852975,-0.29680979731667056
2021-01-18,70438.79856294351,0.0017033555665808553,0,,-0.29561201437056484
2021-01-19,70438.79856294351,0.0,0,,-0.29561201437056484
2021-01-20,70438.79856294351,0.0,0,,-0.29561201437056484
2021-01-21,70438.79856294351,0.0,0,,-0.29561201437056484
2021-01-22,70438.79856294351,0.0,0,,-0.29561201437056484
2021-01-26,70438.79856294351,0.0,0,,-0.29561201437056484
2021-01-27,71469.68649826039,0.014635228827698965,1,19.853043011256627,-0.2853031350173961
2021-01-28,73097.48908888345,0.022776126080568115,1,20.266169343675887,-0.2690251091111655
2021-01-29,71438.97229472297,-0.022689107585402657,1,20.266169343675887,-0.2856102770527702
2021-02-01,73005.34647827123,0.021926045871518696,1,20.266169343675887,-0.26994653521728773
2021-02-02,71684.6796484148,-0.018090001535017608,1,20.266169343675887,-0.28315320351585194
2021-02-03,70609.71389764275,-0.014995753012280177,1,20.266169343675887,-0.29390286102357244
2021-02-04,69934.02651824956,-0.009569326118112897,1,20.266169343675887,-0.3006597348175044
2021-02-05,69043.3397140945,-0.01273610070088893,1,20.266169343675887,-0.309566602859055
2021-02-08,68889.77497101492,-0.002224178953617928,1,20.266169343675887,-0.31110225028985083
2021-02-09,68725.11030928974,-0.0023902627319434266,0,,-0.3127488969071026
2021-02-10,68438.28596878407,-0.004173501347831232,1,18.734702110290527,-0.31561714031215937
2021-02-11,68549.85361188979,0.0016301934147884278,0,,-0.3145014638811021
2021-02-12,67446.84685721225,-0.016090577828545838,1,18.912090914590017,-0.3255315314278775
2021-02-17,66982.4648106883,-0.006885155765799844,0,,-0.3301753518931171
2021-02-18,68128.01118163149,0.01710218299939892,1,19.237855911254883,-0.31871988818368513
2021-02-19,69465.0513416929,0.019625410119441522,1,19.681992735181534,-0.30534948658307093
2021-02-22,63964.385521094206,-0.07918609019003486,0,,-0.360356144789058
2021-02-23,63964.385521094206,0.0,0,,-0.360356144789058
2021-02-24,62826.44138756681,-0.01779027695266644,1,18.01048183441162,-0.3717355861243319
2021-02-25,60771.92929277453,-0.032701392111616046,1,18.01048183441162,-0.3922807070722547
2021-02-26,60205.07406498907,-0.009327583217813906,0,,-0.3979492593501093
2021-03-01,60205.07406498907,0.0,0,,-0.3979492593501093
2021-03-02,60205.07406498907,0.0,0,,-0.3979492593501093
2021-03-03,60205.07406498907,0.0,0,,-0.3979492593501093
2021-03-04,60205.07406498907,0.0,0,,-0.3979492593501093
2021-03-05,60205.07406498907,0.0,0,,-0.3979492593501093
2021-03-08,60205.07406498907,0.0,0,,-0.3979492593501093
2021-03-09,60205.07406498907,0.0,0,,-0.3979492593501093
2021-03-10,60205.07406498907,0.0,0,,-0.3979492593501093
2021-03-11,60205.07406498907,0.0,0,,-0.3979492593501093
2021-03-12,60205.07406498907,0.0,0,,-0.3979492593501093
2021-03-15,60205.07406498907,0.0,0,,-0.3979492593501093
2021-03-16,60205.07406498907,0.0,0,,-0.3979492593501093
2021-03-17,60205.07406498907,0.0,0,,-0.3979492593501093
2021-03-18,60205.07406498907,0.0,0,,-0.3979492593501093
2021-03-19,60205.07406498907,0.0,0,,-0.3979492593501093
2021-03-22,60205.07406498907,0.0,0,,-0.3979492593501093
2021-03-23,59513.20339071902,-0.011491899727973154,1,18.278564521244594,-0.40486796609280984
2021-03-24,58227.7658653384,-0.02159919903725238,1,18.278564521244594,-0.417722341346616
2021-03-25,60908.043658667586,0.0460309227650566,1,18.661013466971262,-0.3909195634133241
2021-03-26,60388.402981366205,-0.00853156079373485,1,18.661013466971262,-0.39611597018633793
2021-03-29,59294.40908053131,-0.01811596013182304,1,18.661013466971262,-0.4070559091946869
2021-03-30,60853.3478748577,0.026291497267627806,1,18.792387757982528,-0.391466521251423
2021-03-31,60388.402981366205,-0.007640416012076101,1,18.792387757982528,-0.39611597018633793
2021-04-01,60853.3478748577,0.007699241419498515,1,18.967441490718297,-0.391466521251423
2021-04-05,62084.08961642844,0.020224717037782503,1,19.39590515409197,-0.3791591038357156
2021-04-06,61072.14218504541,-0.01629962584029343,1,19.39590515409197,-0.3892785781495459
2021-04-07,60552.50150774403,-0.008508636813932213,1,19.39590515409197,-0.3944749849225597
2021-04-08,61126.84355632938,0.009485025957381765,1,19.39590515409197,-0.3887315644367062
2021-04-09,59759.3539740228,-0.022371342977106523,1,19.39590515409197,-0.402406460259772
2021-04-12,61345.64345399118,0.02654462229725474,1,19.39590515409197,-0.38654356546008817
2021-04-13,62549.03450991993,0.019616569134714323,1,19.751345770699636,-0.3745096549008007
2021-04-14,62849.88646450768,0.00480985768917086,1,19.872383526393346,-0.37150113535492313
2021-04-15,63861.828308416625,0.016100933523251593,1,20.397876262664795,-0.36138171691583376
2021-04-16,59664.83742111752,-0.06571986738353319,0,,-0.4033516257888248
2021-04-19,59664.83742111752,0.0,0,,-0.4033516257888248
2021-04-20,59664.83742111752,0.0,0,,-0.4033516257888248
2021-04-22,58243.44959360562,-0.023822872716130483,1,19.737008503505162,-0.41756550406394377
2021-04-23,59314.295214246784,0.018385683336289427,1,19.737008503505162,-0.4068570478575322
2021-04-26,59340.408845125494,0.0004402586389062879,1,19.737008503505162,-0.4065959115487451
2021-04-27,58165.09269343114,-0.01980633727620329,1,19.737008503505162,-0.4183490730656886
2021-04-28,59392.65211442126,0.021104744515068052,1,19.737008503505162,-0.4060734788557874
2021-04-29,59418.76574529997,0.00043967780439246873,1,19.737008503505162,-0.40581234254700027
2021-04-30,58791.931887288614,-0.010549425760512987,1,19.737008503505162,-0.4120806811271138
2021-05-03,59836.65854120495,0.017769898358149128,1,19.737008503505162,-0.40163341458795043
2021-05-04,58844.169820738265,-0.016586633422774333,1,19.737008503505162,-0.4115583017926173
2021-05-05,59225.323771425414,0.006477344346063285,0,,-0.4077467622857459
2021-05-06,58070.63933387635,-0.019496464755607845,1,20.109455517360143,-0.4192936066612365
2021-05-07,59974.176764461045,0.03277968784948837,1,20.53758648463658,-0.4002582323553896
2021-05-10,59898.03796351772,-0.001269526403711141,1,20.58460147040231,-0.40101962036482275
2021-05-11,60710.214556119005,0.013559318806000809,1,20.82834223338536,-0.39289785443881
2021-05-12,63781.256810784405,0.050585264392808416,1,21.72628164291382,-0.36218743189215596
2021-05-13,63832.0194681826,0.0007958867532007474,1,21.72628164291382,-0.361679805318174
2021-05-14,63222.88832002014,-0.00954272092967523,1,21.72628164291382,-0.36777111679979857
2021-05-17,62918.3227459389,-0.004817330909331341,1,21.72628164291382,-0.37081677254061096
2021-05-18,63400.55243575985,0.00766437611136217,1,21.72628164291382,-0.3659944756424015
2021-05-19,64161.96637096293,0.012009578875114446,1,21.72628164291382,-0.3583803362903707
2021-05-20,64339.63048670265,0.0027689942467243878,1,21.744953972952707,-0.3566036951329735
2021-05-21,64923.38549131999,0.009073023892140375,1,21.979693140302384,-0.35076614508680015
2021-05-24,65050.281764507534,0.0019545541599106375,1,22.021370002201625,-0.34949718235492466
2021-05-25,63603.59269504469,-0.02223955116290033,1,22.021370002201625,-0.36396407304955314
2021-05-26,64593.43340338568,0.015562654032562406,1,22.021370002201625,-0.3540656659661432
2021-05-27,64897.998977466916,0.004715116661770047,1,22.10539470400129,-0.3510200102253308
2021-05-28,64897.998977466916,0.0,1,22.10539470400129,-0.3510200102253308
2021-05-31,65481.75398208426,0.008994961536795909,1,22.405153683253697,-0.34518246017915744
2021-06-01,68248.23066266843,0.04224805403564913,1,23.596182823181152,-0.3175176933733157
2021-06-02,69415.73548674914,0.01710674126998768,1,24.08566529410226,-0.3058426451325086
2021-06-04,69796.43986177369,0.005484410304882781,1,24.30906527382987,-0.30203560138226315
2021-06-07,70329.43220899283,0.007636383005704683,1,24.48011772973197,-0.29670567791007163
2021-06-08,70938.56335715529,0.008661112837543561,1,24.730860028948104,-0.29061436642844707
2021-06-09,70151.76809325311,-0.011091220722090123,1,24.730860028948104,-0.2984823190674689
2021-06-10,67130.34259325401,-0.04306984103355316,0,,-0.3286965740674599
2021-06-11,67130.34259325401,0.0,0,,-0.3286965740674599
2021-06-14,67130.34259325401,0.0,0,,-0.3286965740674599
2021-06-15,67130.34259325401,0.0,0,,-0.3286965740674599
2021-06-16,67130.34259325401,0.0,0,,-0.3286965740674599
2021-06-17,67130.34259325401,0.0,0,,-0.3286965740674599
2021-06-18,67130.34259325401,0.0,0,,-0.3286965740674599
2021-06-21,67130.34259325401,0.0,0,,-0.3286965740674599
2021-06-22,67130.34259325401,0.0,0,,-0.3286965740674599
2021-06-23,67130.34259325401,0.0,0,,-0.3286965740674599
2021-06-24,67130.34259325401,0.0,0,,-0.3286965740674599
2021-06-25,67130.34259325401,0.0,0,,-0.3286965740674599
2021-06-28,67130.34259325401,0.0,0,,-0.3286965740674599
2021-06-29,67130.34259325401,0.0,0,,-0.3286965740674599
2021-06-30,67130.34259325401,0.0,0,,-0.3286965740674599
2021-07-01,67130.34259325401,0.0,0,,-0.3286965740674599
2021-07-02,68641.31424748235,0.022508028349913056,1,25.13665451322283,-0.31358685752517645
2021-07-05,68804.80196674062,0.0023817684881268786,1,25.183668749673025,-0.31195198033259386
2021-07-06,66796.24673827685,-0.029192079201603938,1,25.183668749673025,-0.33203753261723146
2021-07-07,66959.72968612141,0.002447487034490603,1,25.183668749673025,-0.33040270313878584
2021-07-08,67099.86133528368,0.002092775012968895,1,25.183668749673025,-0.32900138664716316
2021-07-12,68641.31424748235,0.022972520084599823,1,25.183668749673025,-0.31358685752517645
2021-07-13,68220.91929999554,-0.006124517749923952,1,25.183668749673025,-0.3177908070000446
2021-07-14,68547.89473851208,0.004792891123010179,1,25.183668749673025,-0.31452105261487917
2021-07-15,67730.45614222075,-0.01192507223467032,1,25.183668749673025,-0.3226954385777925
2021-07-16,66609.4029489226,-0.016551685270569605,1,25.183668749673025,-0.3339059705107741
2021-07-19,66212.35930011807,-0.005960774773930755,1,25.183668749673025,-0.33787640699881927
2021-07-20,66679.46638779687,0.007054681219884618,1,25.183668749673025,-0.3332053361220313
2021-07-21,66772.89066818086,0.0014010952013419065,1,25.183668749673025,-0.3322710933181914
2021-07-22,67543.61235286649,0.01154243401735644,1,25.183668749673025,-0.3245638764713351
2021-07-23,66796.24673827685,-0.011064934026406403,1,25.183668749673025,-0.33203753261723146
2021-07-26,67730.45614222075,0.013985956540407907,1,25.23935045514788,-0.3226954385777925
2021-07-27,67380.12940502193,-0.0051723664235067135,1,25.23935045514788,-0.32619870594978073
2021-07-28,67380.12940502193,0.0,1,25.23935045514788,-0.32619870594978073
2021-07-29,68594.60210729037,0.01802419664361654,1,25.639805248805455,-0.3140539789270963
2021-07-30,66165.65193133979,-0.035410223273128705,1,25.639805248805455,-0.33834348068660214
2021-08-02,67185.77506695098,0.01541771456691432,0,,-0.3281422493304902
2021-08-03,67185.77506695098,0.0,0,,-0.3281422493304902
2021-08-04,67185.77506695098,0.0,0,,-0.3281422493304902
2021-08-05,67185.77506695098,0.0,0,,-0.3281422493304902
2021-08-06,67185.77506695098,0.0,0,,-0.3281422493304902
2021-08-09,67185.77506695098,0.0,0,,-0.3281422493304902
2021-08-10,67185.77506695098,0.0,0,,-0.3281422493304902
2021-08-11,67185.77506695098,0.0,0,,-0.3281422493304902
2021-08-12,67185.77506695098,0.0,0,,-0.3281422493304902
2021-08-13,67185.77506695098,0.0,0,,-0.3281422493304902
2021-08-16,67185.77506695098,0.0,0,,-0.3281422493304902
2021-08-17,67185.77506695098,0.0,0,,-0.3281422493304902
2021-08-18,67185.77506695098,0.0,0,,-0.3281422493304902
2021-08-19,67185.77506695098,0.0,0,,-0.3281422493304902
2021-08-20,67185.77506695098,0.0,0,,-0.3281422493304902
2021-08-23,67185.77506695098,0.0,0,,-0.3281422493304902
2021-08-24,67185.77506695098,0.0,0,,-0.3281422493304902
2021-08-25,67185.77506695098,0.0,0,,-0.3281422493304902
2021-08-26,67185.77506695098,0.0,0,,-0.3281422493304902
2021-08-27,67185.77506695098,0.0,0,,-0.3281422493304902
2021-08-30,67185.77506695098,0.0,0,,-0.3281422493304902
2021-08-31,67185.77506695098,0.0,0,,-0.3281422493304902
2021-09-01,67185.77506695098,0.0,0,,-0.3281422493304902
2021-09-02,67185.77506695098,0.0,0,,-0.3281422493304902
2021-09-03,67185.77506695098,0.0,0,,-0.3281422493304902
2021-09-06,67185.77506695098,0.0,0,,-0.3281422493304902
2021-09-08,67185.77506695098,0.0,0,,-0.3281422493304902
2021-09-09,67185.77506695098,0.0,0,,-0.3281422493304902
2021-09-10,67185.77506695098,0.0,0,,-0.3281422493304902
2021-09-13,67185.77506695098,0.0,0,,-0.3281422493304902
2021-09-14,67185.77506695098,0.0,0,,-0.3281422493304902
2021-09-15,67185.77506695098,0.0,0,,-0.3281422493304902
2021-09-16,67185.77506695098,0.0,0,,-0.3281422493304902
2021-09-17,67185.77506695098,0.0,0,,-0.3281422493304902
2021-09-20,67185.77506695098,0.0,0,,-0.3281422493304902
2021-09-21,67185.77506695098,0.0,0,,-0.3281422493304902
2021-09-22,67185.77506695098,0.0,0,,-0.3281422493304902
2021-09-23,67185.77506695098,0.0,0,,-0.3281422493304902
2021-09-24,67185.77506695098,0.0,0,,-0.3281422493304902
2021-09-27,67185.77506695098,0.0,0,,-0.3281422493304902
2021-09-28,67185.77506695098,0.0,0,,-0.3281422493304902
2021-09-29,67185.77506695098,0.0,0,,-0.3281422493304902
2021-09-30,67185.77506695098,0.0,0,,-0.3281422493304902
2021-10-01,67185.77506695098,0.0,0,,-0.3281422493304902
2021-10-04,67185.77506695098,0.0,0,,-0.3281422493304902
2021-10-05,67185.77506695098,0.0,0,,-0.3281422493304902
2021-10-06,67185.77506695098,0.0,0,,-0.3281422493304902
2021-10-07,67185.77506695098,0.0,0,,-0.3281422493304902
2021-10-08,67185.77506695098,0.0,0,,-0.3281422493304902
2021-10-11,67185.77506695098,0.0,0,,-0.3281422493304902
2021-10-13,67185.77506695098,0.0,0,,-0.3281422493304902
2021-10-14,67185.77506695098,0.0,0,,-0.3281422493304902
2021-10-15,67185.77506695098,0.0,0,,-0.3281422493304902
2021-10-18,67185.77506695098,0.0,0,,-0.3281422493304902
2021-10-19,67185.77506695098,0.0,0,,-0.3281422493304902
2021-10-20,67185.77506695098,0.0,0,,-0.3281422493304902
2021-10-21,67185.77506695098,0.0,0,,-0.3281422493304902
2021-10-22,67185.77506695098,0.0,0,,-0.3281422493304902
2021-10-25,67185.77506695098,0.0,0,,-0.3281422493304902
2021-10-26,67185.77506695098,0.0,0,,-0.3281422493304902
2021-10-27,67185.77506695098,0.0,0,,-0.3281422493304902
2021-10-28,67185.77506695098,0.0,0,,-0.3281422493304902
2021-10-29,67185.77506695098,0.0,0,,-0.3281422493304902
2021-11-01,67185.77506695098,0.0,0,,-0.3281422493304902
2021-11-03,67185.77506695098,0.0,0,,-0.3281422493304902
2021-11-04,67185.77506695098,0.0,0,,-0.3281422493304902
2021-11-05,67185.77506695098,0.0,0,,-0.3281422493304902
2021-11-08,67185.77506695098,0.0,0,,-0.3281422493304902
2021-11-09,67185.77506695098,0.0,0,,-0.3281422493304902
2021-11-10,67185.77506695098,0.0,0,,-0.3281422493304902
2021-11-11,67185.77506695098,0.0,0,,-0.3281422493304902
2021-11-12,67185.77506695098,0.0,0,,-0.3281422493304902
2021-11-16,67185.77506695098,0.0,0,,-0.3281422493304902
2021-11-17,67185.77506695098,0.0,0,,-0.3281422493304902
2021-11-18,67185.77506695098,0.0,0,,-0.3281422493304902
2021-11-19,67185.77506695098,0.0,0,,-0.3281422493304902
2021-11-22,67185.77506695098,0.0,0,,-0.3281422493304902
2021-11-23,67185.77506695098,0.0,0,,-0.3281422493304902
2021-11-24,66662.84769804768,-0.00778330484960843,1,18.297236374446324,-0.3333715230195231
2021-11-25,67044.75941131377,0.0057290038822819245,0,,-0.3295524058868623
2021-11-26,66362.48480774455,-0.010176404681886186,1,18.173198904309952,-0.3363751519225545
2021-11-29,66331.85970993213,-0.0004614820843604761,1,18.173198904309952,-0.3366814029006786
2021-11-30,66638.0981752482,0.0046167628445101805,1,18.173198904309952,-0.33361901824751794
2021-12-01,64831.27996835616,-0.02711389214830806,1,18.173198904309952,-0.3516872003164384
2021-12-02,65743.11409877441,0.014064725096640363,0,,-0.34256885901225587
2021-12-03,65743.11409877441,0.0,0,,-0.34256885901225587
2021-12-06,65743.11409877441,0.0,0,,-0.34256885901225587
2021-12-07,65743.11409877441,0.0,0,,-0.34256885901225587
2021-12-08,65743.11409877441,0.0,0,,-0.34256885901225587
2021-12-09,64148.14445760056,-0.024260634182578067,1,19.155164309910365,-0.35851855542399436
2021-12-10,64281.80942897414,0.0020836919369029427,0,,-0.35718190571025854
2021-12-13,64281.80942897414,0.0,0,,-0.35718190571025854
2021-12-14,63093.36872118236,-0.018487978455318688,1,19.484599317823136,-0.36906631278817636
2021-12-15,63009.35358748912,-0.0013316000618784907,1,19.484599317823136,-0.36990646412510886
2021-12-16,63037.35863205353,0.0004444585282965541,1,19.484599317823136,-0.3696264136794647
2021-12-17,61889.18613183134,-0.01821415943082305,1,19.484599317823136,-0.3811081386816866
2021-12-20,61908.20450062386,0.0003072971221824705,0,,-0.38091795499376135
2021-12-21,61908.20450062386,0.0,0,,-0.38091795499376135
2021-12-22,61908.20450062386,0.0,0,,-0.38091795499376135
2021-12-23,61908.20450062386,0.0,0,,-0.38091795499376135
2021-12-27,61908.20450062386,0.0,0,,-0.38091795499376135
2021-12-28,61908.20450062386,0.0,0,,-0.38091795499376135
2021-12-29,61908.20450062386,0.0,0,,-0.38091795499376135
2021-12-30,61908.20450062386,0.0,0,,-0.38091795499376135
2022-01-03,59030.74526086604,-0.04647944909674817,1,18.389931201934814,-0.40969254739133965
2022-01-04,59347.69337304484,0.005369203976303583,0,,-0.4065230662695516
2022-01-05,59347.69337304484,0.0,0,,-0.4065230662695516
2022-01-06,59347.69337304484,0.0,0,,-0.4065230662695516
2022-01-07,59347.69337304484,0.0,0,,-0.4065230662695516
2022-01-10,59347.69337304484,0.0,0,,-0.4065230662695516
2022-01-11,59347.69337304484,0.0,0,,-0.4065230662695516
2022-01-12,59347.69337304484,0.0,0,,-0.4065230662695516
2022-01-13,59347.69337304484,0.0,0,,-0.4065230662695516
2022-01-14,59347.69337304484,0.0,0,,-0.4065230662695516
2022-01-17,59347.69337304484,0.0,0,,-0.4065230662695516
2022-01-18,59347.69337304484,0.0,0,,-0.4065230662695516
2022-01-19,59347.69337304484,0.0,0,,-0.4065230662695516
2022-01-20,59347.69337304484,0.0,0,,-0.4065230662695516
2022-01-21,59347.69337304484,0.0,0,,-0.4065230662695516
2022-01-24,57935.81544103339,-0.023789937767871527,1,18.32224546160017,-0.4206418455896661
2022-01-25,57848.91171787184,-0.0015000000000000568,0,,-0.4215108828212817
2022-01-26,56731.271032202625,-0.01931999500906645,1,18.6406740461077,-0.43268728967797376
2022-01-27,57596.43390191417,0.015250193658105315,0,,-0.4240356609808583
2022-01-28,58331.73701684366,0.012766469468955322,1,19.23118598120553,-0.41668262983156334
2022-01-31,58793.87643586629,0.007922606845895519,1,19.432582514626638,-0.4120612356413371
2022-02-01,57946.62782785425,-0.014410490673058995,1,19.432582514626638,-0.42053372172145753
2022-02-02,57458.818659016666,-0.00841824946719505,1,19.432582514626638,-0.42541181340983336
2022-02-03,57664.21337356593,0.0035746421409768026,1,19.432582514626638,-0.4233578662643407
2022-02-04,58126.34754744147,0.008014228354797925,1,19.432582514626638,-0.4187365245255853
2022-02-07,57048.029229918124,-0.018551282903905952,1,19.432582514626638,-0.4295197077008187
2022-02-08,56765.61477562981,-0.004950468194968027,1,19.432582514626638,-0.43234385224370186
2022-02-09,58434.43699669184,0.029398469965632668,1,19.556953634534562,-0.4156556300330816
2022-02-10,58639.83171124111,0.0035149601006834175,1,19.64664786202567,-0.4136016828875889
2022-02-11,58665.50670620315,0.0004378422347539601,1,19.67098937715803,-0.4133449329379685
2022-02-14,59230.33561477979,0.009627955851558623,1,19.943071501595632,-0.40769664385220206
2022-02-15,60642.41837651554,0.023840532846540086,1,20.456562178475515,-0.3935758162348446
2022-02-16,62773.37477145311,0.0351397000974949,1,21.26314081464495,-0.37226625228546883
2022-02-17,61977.470908218085,-0.012679003895087249,1,21.26314081464495,-0.3802252909178192
2022-02-18,61463.99198956553,-0.00828492855755536,1,21.26314081464495,-0.38536008010434464
2022-02-21,60308.65393230314,-0.018796990235494748,1,21.26314081464495,-0.39691346067696864
2022-02-22,61258.59727501627,0.01575136038982805,1,21.26314081464495,-0.3874140272498373
2022-02-23,60385.67367204218,-0.014249813769896758,1,21.26314081464495,-0.39614326327957816
2022-02-24,57680.257746104624,-0.04480228109453277,0,,-0.42319742253895376
2022-02-25,57680.257746104624,0.0,0,,-0.42319742253895376
2022-03-02,57680.257746104624,0.0,0,,-0.42319742253895376
2022-03-03,57680.257746104624,0.0,0,,-0.42319742253895376
2022-03-04,57680.257746104624,0.0,0,,-0.42319742253895376
2022-03-07,57680.257746104624,0.0,0,,-0.42319742253895376
2022-03-08,57680.257746104624,0.0,0,,-0.42319742253895376
2022-03-09,57680.257746104624,0.0,0,,-0.42319742253895376
2022-03-10,57881.83470267018,0.0034947305099233272,1,18.741706166948592,-0.42118165297329824
2022-03-11,56441.99056946383,-0.024875578678571708,1,18.741706166948592,-0.4355800943053617
2022-03-14,56461.88460184637,0.0003524686528915133,0,,-0.4353811539815363
2022-03-15,56461.88460184637,0.0,0,,-0.4353811539815363
2022-03-16,56461.88460184637,0.0,0,,-0.4353811539815363
2022-03-17,56461.88460184637,0.0,0,,-0.4353811539815363
2022-03-18,56461.88460184637,0.0,0,,-0.4353811539815363
2022-03-21,56461.88460184637,0.0,0,,-0.4353811539815363
2022-03-22,56461.88460184637,0.0,0,,-0.4353811539815363
2022-03-23,56518.20288090498,0.0009974565931647472,1,20.546589306422643,-0.4348179711909502
2022-03-24,57340.02691386622,0.014540873401317933,1,20.933372497558594,-0.42659973086133784
2022-03-25,57621.7954278552,0.004913993403111494,1,21.18211453301566,-0.42378204572144806
2022-03-28,57363.508422871906,-0.004482453263829234,1,21.18211453301566,-0.426364915771281
2022-03-29,57316.54540486054,-0.0008186915218847401,1,21.18211453301566,-0.4268345459513946
2022-03-30,55649.411032892735,-0.029086441972241195,1,21.18211453301566,-0.44350588967107263
2022-03-31,55847.28756740547,0.003555770507539968,0,,-0.4415271243259453
2022-04-01,57044.47623631274,0.021436827481770004,1,20.72797679901123,-0.42955523763687264
2022-04-04,56878.44200268471,-0.0029106101866939182,1,20.72797679901123,-0.43121557997315296
2022-04-05,54980.91067306955,-0.03336116923746946,1,20.72797679901123,-0.4501908932693045
2022-04-06,52581.68283172879,-0.04363747002313545,0,,-0.4741831716827122
2022-04-07,52581.68283172879,0.0,0,,-0.4741831716827122
2022-04-08,52581.68283172879,0.0,0,,-0.4741831716827122
2022-04-11,52581.68283172879,0.0,0,,-0.4741831716827122
2022-04-12,52581.68283172879,0.0,0,,-0.4741831716827122
2022-04-13,52581.68283172879,0.0,0,,-0.4741831716827122
2022-04-14,52581.68283172879,0.0,0,,-0.4741831716827122
2022-04-18,52581.68283172879,0.0,0,,-0.4741831716827122
2022-04-19,52581.68283172879,0.0,0,,-0.4741831716827122
2022-04-20,52581.68283172879,0.0,0,,-0.4741831716827122
2022-04-22,52581.68283172879,0.0,0,,-0.4741831716827122
2022-04-25,52581.68283172879,0.0,0,,-0.4741831716827122
2022-04-26,52581.68283172879,0.0,0,,-0.4741831716827122
2022-04-27,52581.68283172879,0.0,0,,-0.4741831716827122
2022-04-28,52581.68283172879,0.0,0,,-0.4741831716827122
2022-04-29,52581.68283172879,0.0,0,,-0.4741831716827122
2022-05-02,52581.68283172879,0.0,0,,-0.4741831716827122
2022-05-03,52581.68283172879,0.0,0,,-0.4741831716827122
2022-05-04,52581.68283172879,0.0,0,,-0.4741831716827122
2022-05-05,52581.68283172879,0.0,0,,-0.4741831716827122
2022-05-06,52581.68283172879,0.0,0,,-0.4741831716827122
2022-05-09,52581.68283172879,0.0,0,,-0.4741831716827122
2022-05-10,52581.68283172879,0.0,0,,-0.4741831716827122
2022-05-11,52581.68283172879,0.0,0,,-0.4741831716827122
2022-05-12,52581.68283172879,0.0,0,,-0.4741831716827122
2022-05-13,52581.68283172879,0.0,0,,-0.4741831716827122
2022-05-16,52581.68283172879,0.0,0,,-0.4741831716827122
2022-05-17,52581.68283172879,0.0,0,,-0.4741831716827122
2022-05-18,52581.68283172879,0.0,0,,-0.4741831716827122
2022-05-19,52581.68283172879,0.0,0,,-0.4741831716827122
2022-05-20,52581.68283172879,0.0,0,,-0.4741831716827122
2022-05-23,52581.68283172879,0.0,0,,-0.4741831716827122
2022-05-24,52581.68283172879,0.0,0,,-0.4741831716827122
2022-05-25,52581.68283172879,0.0,0,,-0.4741831716827122
2022-05-26,52581.68283172879,0.0,0,,-0.4741831716827122
2022-05-27,52581.68283172879,0.0,0,,-0.4741831716827122
2022-05-30,52581.68283172879,0.0,0,,-0.4741831716827122
2022-05-31,52581.68283172879,0.0,0,,-0.4741831716827122
2022-06-01,52581.68283172879,0.0,0,,-0.4741831716827122
2022-06-02,52581.68283172879,0.0,0,,-0.4741831716827122
2022-06-03,52581.68283172879,0.0,0,,-0.4741831716827122
2022-06-06,52581.68283172879,0.0,0,,-0.4741831716827122
2022-06-07,52581.68283172879,0.0,0,,-0.4741831716827122
2022-06-08,52581.68283172879,0.0,0,,-0.4741831716827122
2022-06-09,52581.68283172879,0.0,0,,-0.4741831716827122
2022-06-10,52581.68283172879,0.0,0,,-0.4741831716827122
2022-06-13,52581.68283172879,0.0,0,,-0.4741831716827122
2022-06-14,52581.68283172879,0.0,0,,-0.4741831716827122
2022-06-15,52581.68283172879,0.0,0,,-0.4741831716827122
2022-06-17,52581.68283172879,0.0,0,,-0.4741831716827122
2022-06-20,52581.68283172879,0.0,0,,-0.4741831716827122
2022-06-21,52581.68283172879,0.0,0,,-0.4741831716827122
2022-06-22,52581.68283172879,0.0,0,,-0.4741831716827122
2022-06-23,52581.68283172879,0.0,0,,-0.4741831716827122
2022-06-24,52581.68283172879,0.0,0,,-0.4741831716827122
2022-06-27,52581.68283172879,0.0,0,,-0.4741831716827122
2022-06-28,52581.68283172879,0.0,0,,-0.4741831716827122
2022-06-29,52581.68283172879,0.0,0,,-0.4741831716827122
2022-06-30,52581.68283172879,0.0,0,,-0.4741831716827122
2022-07-01,52581.68283172879,0.0,0,,-0.4741831716827122
2022-07-04,52581.68283172879,0.0,0,,-0.4741831716827122
2022-07-05,52581.68283172879,0.0,0,,-0.4741831716827122
2022-07-06,52581.68283172879,0.0,0,,-0.4741831716827122
2022-07-07,52581.68283172879,0.0,0,,-0.4741831716827122
2022-07-08,52581.68283172879,0.0,0,,-0.4741831716827122
2022-07-11,52581.68283172879,0.0,0,,-0.4741831716827122
2022-07-12,52581.68283172879,0.0,0,,-0.4741831716827122
2022-07-13,52581.68283172879,0.0,0,,-0.4741831716827122
2022-07-14,52581.68283172879,0.0,0,,-0.4741831716827122
2022-07-15,52581.68283172879,0.0,0,,-0.4741831716827122
2022-07-18,52581.68283172879,0.0,0,,-0.4741831716827122
2022-07-19,52581.68283172879,0.0,0,,-0.4741831716827122
2022-07-20,52581.68283172879,0.0,0,,-0.4741831716827122
2022-07-21,52581.68283172879,0.0,0,,-0.4741831716827122
2022-07-22,51142.42645446713,-0.027371820370746702,1,14.527422496250697,-0.48857573545532873
2022-07-25,51467.079012496295,0.00634800850362871,0,,-0.485329209875037
2022-07-26,51467.079012496295,0.0,0,,-0.485329209875037
2022-07-27,51467.079012496295,0.0,0,,-0.485329209875037
2022-07-28,51467.079012496295,0.0,0,,-0.485329209875037
2022-07-29,50599.84604790719,-0.016850246433813387,1,14.42372441291809,-0.4940015395209282
2022-08-01,50766.705479169825,0.003297627251763968,0,,-0.49233294520830173
2022-08-02,51409.68743060617,0.01266542599854481,1,14.718814713614327,-0.48590312569393823
2022-08-03,53267.144617194936,0.03613048978552924,1,15.259311846324376,-0.4673285538280506
2022-08-04,55004.768028061335,0.03262092277244921,1,15.704114096505302,-0.44995231971938665
2022-08-05,54495.466830583995,-0.009259219077471847,1,15.704114096505302,-0.45504533169416006
2022-08-08,54255.79315861342,-0.004398047872783084,1,15.704114096505302,-0.4574420684138658
2022-08-09,53986.16563310665,-0.0049695619547673875,1,15.704114096505302,-0.46013834366893347
2022-08-10,55573.98917366278,0.0294116746750841,1,16.001538106373378,-0.44426010826337214
2022-08-11,54165.91935695312,-0.025336849804133976,1,16.001538106373378,-0.4583408064304688
2022-08-12,57401.492506715345,0.05973448227546574,1,16.409329448427474,-0.42598507493284654
2022-08-15,57341.57255859124,-0.0010438743925882399,1,16.409329448427474,-0.42658427441408764
2022-08-16,56143.21031926423,-0.020898663672024753,1,16.409329448427474,-0.43856789680735764
2022-08-17,55603.94914772484,-0.009605100393668797,1,16.409329448427474,-0.4439605085227516
2022-08-18,55034.72800212339,-0.01023706327205609,1,16.409329448427474,-0.4496527199787661
2022-08-19,55963.45659541777,0.016875319039617143,1,16.409329448427474,-0.4403654340458223
2022-08-22,54255.79315861342,-0.030513902119194136,1,16.409329448427474,-0.4574420684138658
2022-08-23,55154.561777845745,0.016565394530402067,1,16.409329448427474,-0.44845438222154255
2022-08-24,55813.66284563336,0.011950073512366322,1,16.409329448427474,-0.4418633715436664
2022-08-25,55933.49662135571,0.002147032995375886,1,16.409329448427474,-0.44066503378644284
2022-08-26,55154.561777845745,-0.013926088847672102,1,16.409329448427474,-0.44845438222154255
2022-08-29,56742.391438927734,0.028788727711726247,1,16.409329448427474,-0.4325760856107227
2022-08-30,57161.81883474477,0.0073917821434874575,1,16.409329448427474,-0.4283818116525523
2022-08-31,55004.768028061335,-0.037735867238925414,1,16.409329448427474,-0.44995231971938665
2022-09-01,55723.789043973055,0.013071976152047471,1,16.409329448427474,-0.4427621095602694
2022-09-02,56382.883991234805,0.011827891795757939,1,16.409329448427474,-0.436171160087652
2022-09-05,56922.1451627742,0.009564270809971909,1,16.409329448427474,-0.43077854837225804
2022-09-06,55693.829069911,-0.021578879175243926,1,16.409329448427474,-0.44306170930088995
2022-09-08,54795.054330152816,-0.016137779620610693,1,16.409329448427474,-0.45204945669847185
2022-09-09,55341.05913074256,0.00996449054142623,0,,-0.44658940869257446
2022-09-12,55970.801820496294,0.011379303172821098,1,16.238276890345983,-0.44029198179503704
2022-09-13,55293.88114407603,-0.012094175077055569,0,,-0.4470611885592397
2022-09-14,55293.88114407603,0.0,0,,-0.4470611885592397
2022-09-15,55293.88114407603,0.0,0,,-0.4470611885592397
2022-09-16,55293.88114407603,0.0,0,,-0.4470611885592397
2022-09-19,55293.88114407603,0.0,0,,-0.4470611885592397
2022-09-20,55293.88114407603,0.0,0,,-0.4470611885592397
2022-09-21,56364.99379200126,0.019371269040317385,1,16.500023433140345,-0.4363500620799874
2022-09-22,56364.99379200126,0.0,1,16.500023433140345,-0.4363500620799874
2022-09-23,54796.832606365126,-0.027821544546300814,1,16.500023433140345,-0.4520316739363487
2022-09-26,54537.37050134153,-0.004734983623733369,0,,-0.4546262949865847
2022-09-27,54537.37050134153,0.0,0,,-0.4546262949865847
2022-09-28,54537.37050134153,0.0,0,,-0.4546262949865847
2022-09-29,54537.37050134153,0.0,0,,-0.4546262949865847
2022-09-30,54537.37050134153,0.0,0,,-0.4546262949865847
2022-10-03,54537.37050134153,0.0,0,,-0.4546262949865847
2022-10-04,54537.37050134153,0.0,0,,-0.4546262949865847
2022-10-05,54537.37050134153,0.0,0,,-0.4546262949865847
2022-10-06,54537.37050134153,0.0,0,,-0.4546262949865847
2022-10-07,54783.55192019051,0.0045139950200372425,1,15.651098319462367,-0.4521644807980949
2022-10-10,55296.60437400383,0.009365081960380106,0,,-0.4470339562599617
2022-10-11,55296.60437400383,0.0,0,,-0.4470339562599617
2022-10-13,55296.60437400383,0.0,0,,-0.4470339562599617
2022-10-14,55296.60437400383,0.0,0,,-0.4470339562599617
2022-10-17,55296.60437400383,0.0,0,,-0.4470339562599617
2022-10-18,55296.60437400383,0.0,0,,-0.4470339562599617
2022-10-19,55296.60437400383,0.0,0,,-0.4470339562599617
2022-10-20,55296.60437400383,0.0,0,,-0.4470339562599617
2022-10-21,55296.60437400383,0.0,0,,-0.4470339562599617
2022-10-24,55296.60437400383,0.0,0,,-0.4470339562599617
2022-10-25,55296.60437400383,0.0,0,,-0.4470339562599617
2022-10-26,55296.60437400383,0.0,0,,-0.4470339562599617
2022-10-27,55296.60437400383,0.0,0,,-0.4470339562599617
2022-10-28,55561.827812683354,0.004796378397589507,1,14.885530539921351,-0.4443817218731665
2022-10-31,57745.07062237966,0.03929393426466654,1,15.429697445460729,-0.4225492937762034
2022-11-01,60118.153325590785,0.04109584900726437,1,16.09156506402152,-0.39881846674409216
2022-11-03,61099.02725101771,0.016315769383578038,1,16.27095239503043,-0.3890097274898229
2022-11-04,61700.21492523994,0.009839562121870316,1,16.430002893720353,-0.3829978507476006
2022-11-07,58346.25183242682,-0.054359017985221025,1,16.430002893720353,-0.4165374816757318
2022-11-08,58631.02460104918,0.004880738002506879,1,16.430002893720353,-0.41368975398950814
2022-11-09,58251.32542149434,-0.006476079552395375,1,16.430002893720353,-0.4174867457850566
2022-11-10,55599.22485674401,-0.04552858747093369,0,,-0.4440077514325599
2022-11-11,55599.22485674401,0.0,0,,-0.4440077514325599
2022-11-14,55599.22485674401,0.0,0,,-0.4440077514325599
2022-11-16,54144.37697543628,-0.026166693601507363,1,13.795867272785731,-0.4585562302456372
2022-11-17,52758.86412600458,-0.025589228777353368,0,,-0.4724113587399542
2022-11-18,52758.86412600458,0.0,0,,-0.4724113587399542
2022-11-21,52758.86412600458,0.0,0,,-0.4724113587399542
2022-11-22,52758.86412600458,0.0,0,,-0.4724113587399542
2022-11-23,52758.86412600458,0.0,0,,-0.4724113587399542
2022-11-24,52758.86412600458,0.0,0,,-0.4724113587399542
2022-11-25,52758.86412600458,0.0,0,,-0.4724113587399542
2022-11-28,52758.86412600458,0.0,0,,-0.4724113587399542
2022-11-29,52758.86412600458,0.0,0,,-0.4724113587399542
2022-11-30,52758.86412600458,0.0,0,,-0.4724113587399542
2022-12-01,52758.86412600458,0.0,0,,-0.4724113587399542
2022-12-02,52758.86412600458,0.0,0,,-0.4724113587399542
2022-12-05,52758.86412600458,0.0,0,,-0.4724113587399542
2022-12-06,52758.86412600458,0.0,0,,-0.4724113587399542
2022-12-07,52758.86412600458,0.0,0,,-0.4724113587399542
2022-12-08,52758.86412600458,0.0,0,,-0.4724113587399542
2022-12-09,52758.86412600458,0.0,0,,-0.4724113587399542
2022-12-12,52758.86412600458,0.0,0,,-0.4724113587399542
2022-12-13,52758.86412600458,0.0,0,,-0.4724113587399542
2022-12-14,52758.86412600458,0.0,0,,-0.4724113587399542
2022-12-15,52758.86412600458,0.0,0,,-0.4724113587399542
2022-12-16,52758.86412600458,0.0,0,,-0.4724113587399542
2022-12-19,52758.86412600458,0.0,0,,-0.4724113587399542
2022-12-20,52758.86412600458,0.0,0,,-0.4724113587399542
2022-12-21,52758.86412600458,0.0,0,,-0.4724113587399542
2022-12-22,52758.86412600458,0.0,0,,-0.4724113587399542
2022-12-23,52758.86412600458,0.0,0,,-0.4724113587399542
2022-12-26,52758.86412600458,0.0,0,,-0.4724113587399542
2022-12-27,52758.86412600458,0.0,0,,-0.4724113587399542
2022-12-28,52758.86412600458,0.0,0,,-0.4724113587399542
2022-12-29,52758.86412600458,0.0,0,,-0.4724113587399542
2023-01-02,52758.86412600458,0.0,0,,-0.4724113587399542
2023-01-03,52758.86412600458,0.0,0,,-0.4724113587399542
2023-01-04,52758.86412600458,0.0,0,,-0.4724113587399542
2023-01-05,52758.86412600458,0.0,0,,-0.4724113587399542
2023-01-06,52758.86412600458,0.0,0,,-0.4724113587399542
2023-01-09,52758.86412600458,0.0,0,,-0.4724113587399542
2023-01-10,52758.86412600458,0.0,0,,-0.4724113587399542
2023-01-11,53210.53693137822,0.008561079031097263,1,12.692864077431816,-0.46789463068621784
2023-01-12,53422.81251456753,0.003989352399564439,1,12.723873444965907,-0.4657718748543247
2023-01-13,52255.29319308676,-0.021854321525329734,1,12.723873444965907,-0.4774470680691324
2023-01-16,52290.67727553776,0.0006771387220094738,1,12.723873444965907,-0.47709322724462244
2023-01-17,53953.50508648037,0.031799699250032454,1,12.950609956468854,-0.4604649491351963
2023-01-18,54024.26240956361,0.0013114499784550038,1,12.969281775610787,-0.45975737590436383
2023-01-19,54236.53799275292,0.003929263884808298,1,13.026965754372734,-0.4576346200724708
2023-01-20,54049.2082093752,-0.003453940651646059,0,,-0.459507917906248
2023-01-23,54049.2082093752,0.0,0,,-0.459507917906248
2023-01-24,54049.2082093752,0.0,0,,-0.459507917906248
2023-01-25,55495.33423893985,0.026755730148028567,1,13.748185532433647,-0.44504665761060147
2023-01-26,55356.508284060226,-0.0025015788585378562,1,13.748185532433647,-0.44643491715939776
2023-01-27,55564.74544378646,0.0037617466524020315,1,13.771858862468175,-0.44435254556213544
2023-01-30,55009.44516945435,-0.009993751791662397,1,13.771858862468175,-0.4499055483054565
2023-01-31,57126.52768691966,0.03848580022837389,1,14.166979006358556,-0.4287347231308034
2023-02-01,55391.21211389032,-0.030376703141134276,1,14.166979006358556,-0.4460878788610968
2023-02-02,56501.81620774095,0.02005018578700013,1,14.166979006358556,-0.4349818379225905
2023-02-03,54315.32248542903,-0.03869775998479075,1,14.166979006358556,-0.4568467751457097
2023-02-06,56432.40500289434,0.03897762952679229,1,14.166979006358556,-0.43567594997105663
2023-02-07,55252.38970419711,-0.0209102429470569,1,14.166979006358556,-0.447476102958029
2023-02-08,56987.701732040034,0.03140700406142094,1,14.166979006358556,-0.4301229826795997
2023-02-09,54350.02631525913,-0.04628499371993333,1,14.166979006358556,-0.45649973684740874
2023-02-10,52585.29437112108,-0.03246975326013013,0,,-0.47414705628878917
2023-02-13,52585.29437112108,0.0,0,,-0.47414705628878917
2023-02-14,52585.29437112108,0.0,0,,-0.47414705628878917
2023-02-15,52585.29437112108,0.0,0,,-0.47414705628878917
2023-02-16,52585.29437112108,0.0,0,,-0.47414705628878917
2023-02-17,52585.29437112108,0.0,0,,-0.47414705628878917
2023-02-22,52585.29437112108,0.0,0,,-0.47414705628878917
2023-02-23,52585.29437112108,0.0,0,,-0.47414705628878917
2023-02-24,52585.29437112108,0.0,0,,-0.47414705628878917
2023-02-27,52585.29437112108,0.0,0,,-0.47414705628878917
2023-02-28,52585.29437112108,0.0,0,,-0.47414705628878917
2023-03-01,52585.29437112108,0.0,0,,-0.47414705628878917
2023-03-02,52585.29437112108,0.0,0,,-0.47414705628878917
2023-03-03,52585.29437112108,0.0,0,,-0.47414705628878917
2023-03-06,52585.29437112108,0.0,0,,-0.47414705628878917
2023-03-07,52585.29437112108,0.0,0,,-0.47414705628878917
2023-03-08,52585.29437112108,0.0,0,,-0.47414705628878917
2023-03-09,52585.29437112108,0.0,0,,-0.47414705628878917
2023-03-10,52585.29437112108,0.0,0,,-0.47414705628878917
2023-03-13,52585.29437112108,0.0,0,,-0.47414705628878917
2023-03-14,52585.29437112108,0.0,0,,-0.47414705628878917
2023-03-15,52585.29437112108,0.0,0,,-0.47414705628878917
2023-03-16,52585.29437112108,0.0,0,,-0.47414705628878917
2023-03-17,52585.29437112108,0.0,0,,-0.47414705628878917
2023-03-20,52585.29437112108,0.0,0,,-0.47414705628878917
2023-03-21,52585.29437112108,0.0,0,,-0.47414705628878917
2023-03-22,52585.29437112108,0.0,0,,-0.47414705628878917
2023-03-23,52585.29437112108,0.0,0,,-0.47414705628878917
2023-03-24,52585.29437112108,0.0,0,,-0.47414705628878917
2023-03-27,52585.29437112108,0.0,0,,-0.47414705628878917
2023-03-28,52585.29437112108,0.0,0,,-0.47414705628878917
2023-03-29,52585.29437112108,0.0,0,,-0.47414705628878917
2023-03-30,52585.29437112108,0.0,0,,-0.47414705628878917
2023-03-31,52585.29437112108,0.0,0,,-0.47414705628878917
2023-04-03,52585.29437112108,0.0,0,,-0.47414705628878917
2023-04-04,52585.29437112108,0.0,0,,-0.47414705628878917
2023-04-05,52585.29437112108,0.0,0,,-0.47414705628878917
2023-04-06,52585.29437112108,0.0,0,,-0.47414705628878917
2023-04-10,52585.29437112108,0.0,0,,-0.47414705628878917
2023-04-11,52585.29437112108,0.0,0,,-0.47414705628878917
2023-04-12,52585.29437112108,0.0,0,,-0.47414705628878917
2023-04-13,52585.29437112108,0.0,0,,-0.47414705628878917
2023-04-14,52585.29437112108,0.0,0,,-0.47414705628878917
2023-04-17,52585.29437112108,0.0,0,,-0.47414705628878917
2023-04-18,52585.29437112108,0.0,0,,-0.47414705628878917
2023-04-19,52585.29437112108,0.0,0,,-0.47414705628878917
2023-04-20,52585.29437112108,0.0,0,,-0.47414705628878917
2023-04-24,52585.29437112108,0.0,0,,-0.47414705628878917
2023-04-25,52823.553056553756,0.004530899527749321,1,11.36812697138105,-0.4717644694344625
2023-04-26,51753.60706019842,-0.02025509331433717,1,11.36812697138105,-0.48246392939801586
2023-04-27,52071.662422231915,0.00614556897770524,0,,-0.4792833757776809
2023-04-28,52071.662422231915,0.0,0,,-0.4792833757776809
2023-05-02,52071.662422231915,0.0,0,,-0.4792833757776809
2023-05-03,52071.662422231915,0.0,0,,-0.4792833757776809
2023-05-04,52071.662422231915,0.0,0,,-0.4792833757776809
2023-05-05,52071.662422231915,0.0,0,,-0.4792833757776809
2023-05-08,52071.662422231915,0.0,0,,-0.4792833757776809
2023-05-09,52071.662422231915,0.0,0,,-0.4792833757776809
2023-05-10,52464.36685489407,0.00754161504347306,1,12.429450069155012,-0.47535633145105927
2023-05-11,52536.78373713795,0.0013803060359838248,1,12.429450069155012,-0.4746321626286205
2023-05-12,51698.76402165752,-0.015951104271501926,0,,-0.4830123597834248
2023-05-15,51698.76402165752,0.0,0,,-0.4830123597834248
2023-05-16,52510.74070700924,0.015705920648539484,1,12.494803530829293,-0.4748925929299076
2023-05-17,55783.76626086322,0.06233059198529056,1,13.235361712319511,-0.4421623373913678
2023-05-18,57633.74228217745,0.033163340256789686,1,13.619146483285087,-0.4236625771782254
2023-05-19,59056.79544878363,0.024691319880615126,1,13.954247917447772,-0.4094320455121637
2023-05-22,60088.510539051334,0.01746987933272548,1,14.29501850264413,-0.3991148946094867
2023-05-23,60408.697228982746,0.00532858423447391,1,14.374042204448156,-0.39591302771017256
2023-05-24,61049.07424291198,0.01060074200080563,1,14.500414609909058,-0.3895092575708802
2023-05-25,60301.96833233894,-0.012237792625656052,1,14.500414609909058,-0.3969803166766106
2023-05-26,60906.76783603144,0.010029515128914257,1,14.500414609909058,-0.3909323216396856
2023-05-29,58523.150965564615,-0.039135500949316726,1,14.500414609909058,-0.4147684903443538
2023-05-30,57100.09416489202,-0.024316134336477058,1,14.500414609909058,-0.42899905835107977
2023-05-31,57242.40057177256,0.0024922271838920818,1,14.500414609909058,-0.42757599428227444
2023-06-01,60230.81331186546,0.052206279091072005,1,14.500414609909058,-0.3976918668813454
2023-06-02,61796.172885352185,0.025989348099643816,1,14.500414609909058,-0.38203827114647815
2023-06-05,60551.003635863286,-0.020149617546688647,1,14.500414609909058,-0.3944899636413671
2023-06-06,61725.025133011535,0.019388968417575425,1,14.57943868637085,-0.38274974866988465
2023-06-07,61974.06043653588,0.004034592176960672,1,14.711479289191109,-0.3802593956346412
2023-06-09,62365.39851287436,0.006314546337321536,1,14.84251867021833,-0.3763460148712564
2023-06-12,62650.011326635446,0.004563633369589315,1,14.923877102988106,-0.37349988673364554
2023-06-13,62543.278795925224,-0.001703631467099953,1,14.923877102988106,-0.3745672120407477
2023-06-14,63397.117237208484,0.013651961613162067,1,15.214966331209455,-0.3660288276279151
2023-06-15,62400.9760231111,-0.0157127209802016,1,15.214966331209455,-0.375990239768889
2023-06-16,62650.011326635446,0.003990887953933875,1,15.214966331209455,-0.37349988673364554
2023-06-19,63468.26498954913,0.013060710534393838,1,15.410357986177717,-0.3653173501045087
2023-06-20,63824.032823783695,0.005605444457842834,1,15.610420090811592,-0.36175967176216306
2023-06-21,64571.13873435673,0.011705714564226533,1,15.819817917687553,-0.35428861265643263
2023-06-22,65104.77958350933,0.008264386529529544,1,15.98319959640503,-0.3489522041649067
2023-06-23,65389.392397270414,0.004371611663257724,1,16.077895505087717,-0.3461060760272958
2023-06-26,63859.6030658876,-0.02339506876113251,1,16.077895505087717,-0.36140396934112407
2023-06-27,61174.44595154879,-0.042047820303054095,0,,-0.38825554048451205
2023-06-28,61174.44595154879,0.0,0,,-0.38825554048451205
2023-06-29,61174.44595154879,0.0,0,,-0.38825554048451205
2023-06-30,61174.44595154879,0.0,0,,-0.38825554048451205
2023-07-03,61174.44595154879,0.0,0,,-0.38825554048451205
2023-07-04,61174.44595154879,0.0,0,,-0.38825554048451205
2023-07-05,61174.44595154879,0.0,0,,-0.38825554048451205
2023-07-06,61174.44595154879,0.0,0,,-0.38825554048451205
2023-07-07,61174.44595154879,0.0,0,,-0.38825554048451205
2023-07-10,61174.44595154879,0.0,0,,-0.38825554048451205
2023-07-11,61174.44595154879,0.0,0,,-0.38825554048451205
2023-07-12,61174.44595154879,0.0,0,,-0.38825554048451205
2023-07-13,61174.44595154879,0.0,0,,-0.38825554048451205
2023-07-14,59193.31135604467,-0.032385002670448526,1,15.022572755813599,-0.40806688643955324
2023-07-17,58589.97017698002,-0.01019272558407125,0,,-0.4141002982301998
2023-07-18,58589.97017698002,0.0,0,,-0.4141002982301998
2023-07-19,58589.97017698002,0.0,0,,-0.4141002982301998
2023-07-20,58589.97017698002,0.0,0,,-0.4141002982301998
2023-07-21,58589.97017698002,0.0,0,,-0.4141002982301998
2023-07-24,58589.97017698002,0.0,0,,-0.4141002982301998
2023-07-25,58589.97017698002,0.0,0,,-0.4141002982301998
2023-07-26,57605.76379990099,-0.01679820580392999,1,15.023239544459752,-0.4239423620009901
2023-07-27,56244.47582860514,-0.023631107054224887,1,15.023239544459752,-0.43755524171394866
2023-07-28,56524.77976053004,0.004983670445771082,0,,-0.4347522023946996
2023-07-31,56524.77976053004,0.0,0,,-0.4347522023946996
2023-08-01,56524.77976053004,0.0,0,,-0.4347522023946996
2023-08-02,56524.77976053004,0.0,0,,-0.4347522023946996
2023-08-03,56524.77976053004,0.0,0,,-0.4347522023946996
2023-08-04,56524.77976053004,0.0,0,,-0.4347522023946996
2023-08-07,56524.77976053004,0.0,0,,-0.4347522023946996
2023-08-08,56524.77976053004,0.0,0,,-0.4347522023946996
2023-08-09,56524.77976053004,0.0,0,,-0.4347522023946996
2023-08-10,56524.77976053004,0.0,0,,-0.4347522023946996
2023-08-11,56524.77976053004,0.0,0,,-0.4347522023946996
2023-08-14,56524.77976053004,0.0,0,,-0.4347522023946996
2023-08-15,56524.77976053004,0.0,0,,-0.4347522023946996
2023-08-16,58338.61288053855,0.032089167400437546,1,15.566071033477783,-0.41661387119461446
2023-08-17,56954.96332750973,-0.023717560029446694,1,15.566071033477783,-0.43045036672490267
2023-08-18,57373.27674747706,0.007344635050713588,1,15.566071033477783,-0.42626723252522936
2023-08-21,56633.18680777059,-0.012899558499402164,1,15.566071033477783,-0.43366813192229414
2023-08-22,56548.237027558935,-0.0014999999999999458,0,,-0.43451762972441066
2023-08-23,56044.18281311951,-0.008913703431528308,1,15.949856145041329,-0.43955817186880497
2023-08-24,55684.73407424109,-0.006413667232458509,1,15.949856145041329,-0.44315265925758907
2023-08-25,55295.32413434205,-0.006993118425956069,1,15.949856145041329,-0.4470467586565795
2023-08-28,55984.27265013099,0.012459435342401015,1,15.949856145041329,-0.44015727349869016
2023-08-29,57122.52902975478,0.02033171685085966,1,16.105235270091466,-0.42877470970245213
2023-08-30,56882.900616853396,-0.0041949895596633535,1,16.107237543378556,-0.43117099383146607
2023-08-31,55295.32413434205,-0.027909555688884313,1,16.107237543378556,-0.4470467586565795
2023-09-01,56733.125209382095,0.02600221804554126,1,16.107237543378556,-0.43266874790617904
2023-09-04,56703.17624741419,-0.0005278919829884154,1,16.107237543378556,-0.4329682375258581
2023-09-05,56313.76630751515,-0.006867515466857044,1,16.107237543378556,-0.43686233692484855
2023-09-06,55924.36248714247,-0.006914895697905266,1,16.107237543378556,-0.44075637512857535
2023-09-08,54606.381738079464,-0.02356720202874052,1,16.107237543378556,-0.4539361826192053
2023-09-11,55564.91374826404,0.017553479642401504,1,16.107237543378556,-0.44435086251735956
2023-09-12,56703.17624741419,0.02048527429210134,1,16.369651113237655,-0.4329682375258581
2023-09-13,56613.311002931405,-0.0015848361666843669,1,16.386655466897146,-0.4338668899706859
2023-09-14,57991.20191498293,0.024338638522310996,1,16.787777968815394,-0.42008798085017074
2023-09-15,57691.657219566674,-0.005165347251388175,1,16.787777968815394,-0.4230834278043333
2023-09-18,57901.336670500146,0.003634484794490467,1,16.798113754817418,-0.4209866332949985
2023-09-19,57272.29831769973,-0.010863969451691435,1,16.798113754817418,-0.4272770168230027
2023-09-20,58051.1059584451,0.013598330495228073,1,16.819785799298966,-0.41948894041554896
2023-09-21,58530.37502330056,0.00825598508318759,1,17.030850887298584,-0.4146962497669944
2023-09-22,56104.08685658168,-0.041453487454214955,1,17.030850887298584,-0.4389591314341832
2023-09-25,56253.86226405298,0.0026695988806335613,1,17.030850887298584,-0.4374613773594702
2023-09-26,54965.83047695789,-0.022896770732809935,1,17.030850887298584,-0.4503416952304211
2023-09-27,54973.11217785851,0.00013247686494377575,0,,-0.4502688782214149
2023-09-28,54973.11217785851,0.0,0,,-0.4502688782214149
2023-09-29,54973.11217785851,0.0,0,,-0.4502688782214149
2023-10-02,54570.79972253475,-0.007318349632855492,1,16.33863898686,-0.45429200277465254
2023-10-03,54634.16858663089,0.001161222932746897,0,,-0.45365831413369107
2023-10-04,54634.16858663089,0.0,0,,-0.45365831413369107
2023-10-05,54494.702395495755,-0.002552728351928546,1,16.34297616141183,-0.45505297604504247
2023-10-06,54898.15438783108,0.007403508498996292,1,16.383321285247803,-0.4510184561216892
2023-10-09,55993.22911539274,0.019947386934457745,1,16.711419241768972,-0.4400677088460726
2023-10-10,58500.3917035316,0.04477617432943548,1,17.440308843340194,-0.41499608296468404
2023-10-11,58096.93971119628,-0.0068965690756385145,1,17.440308843340194,-0.4190306028880372
2023-10-13,57318.85456703582,-0.01339287659605437,1,17.440308843340194,-0.42681145432964174
2023-10-16,57318.85456703582,0.0,1,17.440308843340194,-0.42681145432964174
2023-10-17,56627.225944405895,-0.012066337121601989,1,17.440308843340194,-0.4337277405559411
2023-10-18,54984.60502195803,-0.02900761771485183,1,17.440308843340194,-0.45015394978041967
2023-10-19,54873.35250217568,-0.0020233394372465296,0,,-0.45126647497824324
2023-10-20,54873.35250217568,0.0,0,,-0.45126647497824324
2023-10-23,55015.14163679936,0.0025839342441862367,1,16.873470033918107,-0.4498485836320064
2023-10-24,55715.08486131437,0.012722737844354182,1,17.18189893450056,-0.4428491513868563
2023-10-25,55911.062329211905,0.0035174938418449653,1,17.305601324353898,-0.440889376707881
2023-10-26,57898.886901733385,0.035553332197784115,1,17.90011555807931,-0.4210111309826662
2023-10-27,56219.03917833414,-0.029013471817693204,1,17.90011555807931,-0.4378096082166586
2023-10-30,55323.11276612275,-0.0159363522626097,1,17.90011555807931,-0.4467688723387725
2023-10-31,55407.10801219213,0.0015182668123623344,1,17.90011555807931,-0.4459289198780787
2023-11-01,56415.016646231685,0.01819096267969389,1,17.90011555807931,-0.43584983353768314
2023-11-03,57310.943058443074,0.015880991719449122,1,17.90011555807931,-0.42689056941556924
2023-11-06,57366.934169357155,0.0009769706783044896,1,17.90011555807931,-0.42633065830642847
2023-11-07,60586.648978971025,0.056124923812534755,1,18.54631233215332,-0.39413351021028975
2023-11-08,61118.60743114611,0.008780126663874732,1,18.72036702292306,-0.3888139256885389
2023-11-09,60054.696246594795,-0.017407320442467178,1,18.72036702292306,-0.39945303753405204
2023-11-10,59830.71464354194,-0.0037296267744515443,1,18.72036702292306,-0.4016928535645806
2023-11-13,59998.70513568071,0.0028077634228442783,1,18.72036702292306,-0.4000129486431929
2023-11-14,61034.61218507672,0.017265490097718272,1,18.72036702292306,-0.3896538781492328
2023-11-16,60810.63058202388,-0.003669747296397352,1,18.72036702292306,-0.3918936941797613
2023-11-17,60138.69149266418,-0.01104969777370357,1,18.72036702292306,-0.39861308507335824
2023-11-20,60866.6274127368,0.012104285976382023,1,18.72036702292306,-0.39133372587263193
2023-11-21,60390.665791274645,-0.007819746907195335,1,18.72036702292306,-0.39609334208725355
2023-11-22,61538.5665020965,0.019007916137061542,1,18.97044059208461,-0.38461433497903497
2023-11-23,62210.505591456196,0.010918991578018122,1,19.196175166538783,-0.377894944085438
2023-11-24,62238.50400681266,0.0004500592800247283,1,19.28220169884818,-0.37761495993187333
2023-11-27,60726.64105575334,-0.024291441048998164,1,19.28220169884818,-0.3927335894424666
2023-11-28,61202.59695741665,0.007837678708860762,1,19.28220169884818,-0.38797403042583345
2023-11-29,63330.407886921595,0.03476667715563475,1,19.477928161621094,-0.3666959211307841
2023-11-30,65374.229290156,0.03227235496230674,1,20.1728070804051,-0.34625770709844006
2023-12-01,67614.02816128793,0.03426118969893843,1,20.85634742464338,-0.3238597183871207
2023-12-04,64954.26449940676,-0.03933745310272774,1,20.85634742464338,-0.35045735500593245
2023-12-05,62450.65466098075,-0.03854419502277451,0,,-0.37549345339019247
2023-12-06,62450.65466098075,0.0,0,,-0.37549345339019247
2023-12-07,62450.65466098075,0.0,0,,-0.37549345339019247
2023-12-08,62450.65466098075,0.0,0,,-0.37549345339019247
2023-12-11,62450.65466098075,0.0,0,,-0.37549345339019247
2023-12-12,62450.65466098075,0.0,0,,-0.37549345339019247
2023-12-13,62450.65466098075,0.0,0,,-0.37549345339019247
2023-12-14,62450.65466098075,0.0,0,,-0.37549345339019247
2023-12-15,62450.65466098075,0.0,0,,-0.37549345339019247
2023-12-18,62017.60733521162,-0.0069342319647401895,1,18.489628791809082,-0.3798239266478838
2023-12-19,61734.67710906397,-0.004562095158208712,1,18.489628791809082,-0.3826532289093604
2023-12-20,61451.75266301858,-0.0045829096270407765,1,18.489628791809082,-0.3854824733698142
2023-12-21,61444.328514696215,-0.00012081263756757998,0,,-0.3855567148530379
2023-12-22,61763.87815487437,0.005200636867595199,1,19.300209999084473,-0.38236121845125626
2023-12-26,61324.86077783772,-0.007107995646513765,1,19.345889704568044,-0.3867513922216228
2023-12-27,62449.837901616535,0.01834455242963018,1,19.79702751977103,-0.37550162098383466
2023-12-28,62449.837901616535,0.0,1,19.79702751977103,-0.37550162098383466
2024-01-02,63026.04610688673,0.009226736603831664,1,20.079780442374094,-0.36973953893113265
2024-01-03,62520.546314586754,-0.008020490313523587,0,,-0.37479453685413244
2024-01-04,62520.546314586754,0.0,0,,-0.37479453685413244
2024-01-05,62520.546314586754,0.0,0,,-0.37479453685413244
2024-01-08,62536.478376871724,0.0002548292237372074,1,19.927401065826416,-0.3746352162312827
2024-01-09,61632.53388251949,-0.01445467538009848,1,19.927401065826416,-0.3836746611748051
2024-01-10,62125.592989582525,0.007999981113917531,1,19.927401065826416,-0.37874407010417477
2024-01-11,61550.36016274565,-0.009259192534924021,1,19.927401065826416,-0.38449639837254346
2024-01-12,63221.28362492705,0.027147257266461056,1,20.160805225372314,-0.3677871637507295
2024-01-15,63029.53748393476,-0.0030329365365288075,1,20.160805225372314,-0.3697046251606524
2024-01-16,60838.15621324571,-0.034767528973976614,1,20.160805225372314,-0.3916184378675429
2024-01-17,61221.64849523029,0.006303482976051988,1,20.160805225372314,-0.38778351504769704
2024-01-18,60810.7687040811,-0.006711348048414667,1,20.160805225372314,-0.391892312959189
2024-01-19,62125.592989582525,0.021621569888380376,1,20.160805225372314,-0.37874407010417477
2024-01-22,62481.692166262495,0.005731923987263743,1,20.160805225372314,-0.3751830783373751
2024-01-23,63029.53748393476,0.008768093479518013,1,20.160805225372314,-0.3697046251606524
2024-01-24,63988.26259275622,0.015210727336620877,1,20.47723368235997,-0.3601173740724378
2024-01-25,63933.48197828699,-0.0008561041079966358,1,20.526916572025844,-0.3606651802171301
2024-01-26,63632.16901221625,-0.004712913433575716,1,20.526916572025844,-0.36367830987783756
2024-01-29,63029.53748393476,-0.00947054827198801,1,20.526916572025844,-0.3697046251606524
2024-01-30,63933.48197828699,0.014341601262465753,1,20.526916572025844,-0.3606651802171301
2024-01-31,65056.56012279612,0.017566353493628784,1,20.851347991398402,-0.34943439877203875
2024-02-01,64316.97426027157,-0.011368351802317322,1,20.851347991398402,-0.35683025739728425
2024-02-02,63906.08887298238,-0.006388443984110093,1,20.851347991398402,-0.3609391112701762
2024-02-05,64810.03336733461,0.014144888386909082,1,20.851347991398402,-0.3518996663266539
2024-02-06,65604.41103660839,0.012257016822863731,1,20.94971295765468,-0.3439558896339161
2024-02-07,65631.798545773,0.00041746444685442086,1,20.965716089521134,-0.3436820145422701
2024-02-08,65357.87868500687,-0.004173584555588361,1,20.965716089521134,-0.34642121314993124
2024-02-09,67247.94139348518,0.028918666678083182,1,21.48320722579956,-0.3275205860651482
2024-02-14,65357.87868500687,-0.02810588204357156,1,21.48320722579956,-0.34642121314993124
2024-02-15,65193.52564931919,-0.002514662944918755,1,21.48320722579956,-0.34806474350680805
2024-02-16,66453.5693203514,0.019327742417400096,1,21.48320722579956,-0.3354643067964861
2024-02-19,65741.37096699145,-0.010717232507507002,1,21.48320722579956,-0.3425862903300855
2024-02-20,68179.27899314203,0.03708331588300218,1,21.48320722579956,-0.31820721006857977
2024-02-21,69877.59556062803,0.024909570657924318,1,21.981024878365652,-0.30122404439371964
2024-02-22,70836.3262655895,0.013720144450729332,1,22.327797889709473,-0.2916367373441051
2024-02-23,70535.01329951875,-0.004253650379058671,1,22.327797889709473,-0.29464986700481255
2024-02-26,70945.89309066795,0.005825189107208972,1,22.3751448903765,-0.29054106909332056
2024-02-27,71110.24612635562,0.0023165968955753957,1,22.466172558920725,-0.28889753873644386
2024-02-28,71466.3508991756,0.0050077842817084495,1,22.662567615509033,-0.2853364910082441
2024-02-29,70836.3262655895,-0.008815682144943104,1,22.662567615509033,-0.2916367373441051
2024-03-01,72863.34890445086,0.02861558109692708,1,23.0220080103193,-0.27136651095549136
2024-03-04,72753.78207937241,-0.0015037302941172115,1,23.083027362823486,-0.2724621792062759
2024-03-05,68754.51741611889,-0.05496985241111496,1,23.083027362823486,-0.3124548258388111
2024-03-06,67623.76147175657,-0.016446278540778736,0,,-0.3237623852824343
2024-03-07,67623.76147175657,0.0,0,,-0.3237623852824343
2024-03-08,67623.76147175657,0.0,0,,-0.3237623852824343
2024-03-11,67623.76147175657,0.0,0,,-0.3237623852824343
2024-03-12,67106.87337372653,-0.007643586910585087,1,20.97171790259225,-0.3289312662627347
2024-03-13,66701.88689973019,-0.0060349477428477405,0,,-0.3329811310026981
2024-03-14,67866.23415508633,0.017455986771505394,1,21.80296959195818,-0.32133765844913664
2024-03-15,68027.63341392904,0.0023781967697498185,1,21.860655648367747,-0.31972366586070955
2024-03-18,67946.9337845077,-0.001186277184306972,1,21.87432554789952,-0.3205306621549231
2024-03-19,67247.55897770227,-0.010292956103412743,1,21.87432554789952,-0.3275244102229773
2024-03-20,67247.55897770227,0.0,1,21.87432554789952,-0.3275244102229773
2024-03-21,67146.68763923572,-0.0014999999999999458,0,,-0.32853312360764275
2024-03-22,67146.68763923572,0.0,0,,-0.32853312360764275
2024-03-25,67146.68763923572,0.0,0,,-0.32853312360764275
2024-03-26,67146.68763923572,0.0,0,,-0.32853312360764275
2024-03-27,67146.68763923572,0.0,0,,-0.32853312360764275
2024-03-28,67146.68763923572,0.0,0,,-0.32853312360764275
2024-04-01,67146.68763923572,0.0,0,,-0.32853312360764275
2024-04-02,67146.68763923572,0.0,0,,-0.32853312360764275
2024-04-03,67146.68763923572,0.0,0,,-0.32853312360764275
2024-04-04,67146.68763923572,0.0,0,,-0.32853312360764275
2024-04-05,68255.36698109236,0.01651130354803687,1,22.338467870439803,-0.3174463301890764
2024-04-08,68927.17110418661,0.009842509868569715,1,22.535194056374685,-0.310728288958134
2024-04-09,69921.44076717438,0.014424930648682555,1,22.868961811065674,-0.3007855923282562
2024-04-10,68550.95947767867,-0.019600301058714797,1,22.868961811065674,-0.31449040522321337
2024-04-11,68389.72670773191,-0.002352013322282631,1,22.868961811065674,-0.3161027329226809
2024-04-12,66669.90683503546,-0.025147342378574078,1,22.868961811065674,-0.33330093164964536
2024-04-15,66569.90197478292,-0.0014999999999999458,0,,-0.3343009802521708
2024-04-16,66569.90197478292,0.0,0,,-0.3343009802521708
2024-04-17,66569.90197478292,0.0,0,,-0.3343009802521708
2024-04-18,66569.90197478292,0.0,0,,-0.3343009802521708
2024-04-19,66569.90197478292,0.0,0,,-0.3343009802521708
2024-04-22,66569.90197478292,0.0,0,,-0.3343009802521708
2024-04-23,66569.90197478292,0.0,0,,-0.3343009802521708
2024-04-24,66569.90197478292,0.0,0,,-0.3343009802521708
2024-04-25,66569.90197478292,0.0,0,,-0.3343009802521708
2024-04-26,66569.90197478292,0.0,0,,-0.3343009802521708
2024-04-29,66569.90197478292,0.0,0,,-0.3343009802521708
2024-04-30,66569.90197478292,0.0,0,,-0.3343009802521708
2024-05-02,66569.90197478292,0.0,0,,-0.3343009802521708
2024-05-03,66569.90197478292,0.0,0,,-0.3343009802521708
2024-05-06,66569.90197478292,0.0,0,,-0.3343009802521708
2024-05-07,66569.90197478292,0.0,0,,-0.3343009802521708
2024-05-08,66569.90197478292,0.0,0,,-0.3343009802521708
2024-05-09,66569.90197478292,0.0,0,,-0.3343009802521708
2024-05-10,66569.90197478292,0.0,0,,-0.3343009802521708
2024-05-13,66569.90197478292,0.0,0,,-0.3343009802521708
2024-05-14,66569.90197478292,0.0,0,,-0.3343009802521708
2024-05-15,66569.90197478292,0.0,0,,-0.3343009802521708
2024-05-16,66569.90197478292,0.0,0,,-0.3343009802521708
2024-05-17,66569.90197478292,0.0,0,,-0.3343009802521708
2024-05-20,66569.90197478292,0.0,0,,-0.3343009802521708
2024-05-21,66217.24802166487,-0.005297498458862626,1,20.59126881190709,-0.33782751978335135
2024-05-22,64896.27414054898,-0.019949090615842158,1,20.59126881190709,-0.3510372585945102
2024-05-23,63097.50388375645,-0.027717619857448916,1,20.59126881190709,-0.36902496116243555
2024-05-24,62834.4704934515,-0.004168681391731877,0,,-0.371655295065485
2024-05-27,62834.4704934515,0.0,0,,-0.371655295065485
2024-05-28,62834.4704934515,0.0,0,,-0.371655295065485
2024-05-29,62834.4704934515,0.0,0,,-0.371655295065485
2024-05-31,62834.4704934515,0.0,0,,-0.371655295065485
2024-06-03,62834.4704934515,0.0,0,,-0.371655295065485
2024-06-04,62834.4704934515,0.0,0,,-0.371655295065485
2024-06-05,62834.4704934515,0.0,0,,-0.371655295065485
2024-06-06,62834.4704934515,0.0,0,,-0.371655295065485
2024-06-07,62834.4704934515,0.0,0,,-0.371655295065485
2024-06-10,62834.4704934515,0.0,0,,-0.371655295065485
2024-06-11,62834.4704934515,0.0,0,,-0.371655295065485
2024-06-12,62834.4704934515,0.0,0,,-0.371655295065485
2024-06-13,62834.4704934515,0.0,0,,-0.371655295065485
2024-06-14,62834.4704934515,0.0,0,,-0.371655295065485
2024-06-17,62834.4704934515,0.0,0,,-0.371655295065485
2024-06-18,62834.4704934515,0.0,0,,-0.371655295065485
2024-06-19,62834.4704934515,0.0,0,,-0.371655295065485
2024-06-20,62834.4704934515,0.0,0,,-0.371655295065485
2024-06-21,62834.4704934515,0.0,0,,-0.371655295065485
2024-06-24,62834.4704934515,0.0,0,,-0.371655295065485
2024-06-25,62834.4704934515,0.0,0,,-0.371655295065485
2024-06-26,62834.4704934515,0.0,0,,-0.371655295065485
2024-06-27,62834.4704934515,0.0,0,,-0.371655295065485
2024-06-28,62834.4704934515,0.0,0,,-0.371655295065485
2024-07-01,62834.4704934515,0.0,0,,-0.371655295065485
2024-07-02,62834.4704934515,0.0,0,,-0.371655295065485
2024-07-03,62834.4704934515,0.0,0,,-0.371655295065485
2024-07-04,63478.83468607759,0.010254947444703122,1,18.619668892451696,-0.3652116531392241
2024-07-05,65310.236574060225,0.02885059086291486,1,19.153497287205287,-0.3468976342593978
2024-07-08,65044.385187566266,-0.004070592918347327,1,19.153497287205287,-0.34955614812433733
2024-07-09,65576.08796055418,0.008174460738688882,1,19.290873186928884,-0.34423912039445814
2024-07-10,66403.16976415725,0.012612551759729529,1,19.55395242146083,-0.33596830235842745
2024-07-11,67939.18658685395,0.02313167922784598,1,20.052771159580775,-0.3206081341314605
2024-07-12,67200.71788896836,-0.010869554597059072,1,20.052771159580775,-0.32799282111031647
2024-07-15,66964.40621593714,-0.0035165051870674757,1,20.052771159580775,-0.33035593784062867
2024-07-16,67437.02956199956,0.0070578292673628695,1,20.052771159580775,-0.3256297043800044
2024-07-17,68854.89356551605,0.021025006776328237,1,20.38720757620675,-0.3114510643448395
2024-07-18,68116.41883295967,-0.01072508712621445,1,20.38720757620675,-0.3188358116704033
2024-07-19,68205.0379733479,0.0013009952946227976,1,20.38720757620675,-0.31794962026652096
2024-07-22,68766.2744251278,0.008228665630231058,1,20.46589728764125,-0.31233725574872195
2024-07-23,67673.34123503078,-0.015893447758130397,1,20.46589728764125,-0.3232665876496922
2024-07-24,67437.02956199956,-0.003491946292565995,1,20.46589728764125,-0.3256297043800044
2024-07-25,67171.18421017638,-0.0039421272489289505,1,20.46589728764125,-0.3282881578982363
2024-07-26,68648.11557127681,0.02198757366669568,1,20.5585903440203,-0.31351884428723187
2024-07-29,68234.57768681066,-0.006024023835538128,1,20.5585903440203,-0.3176542231318934
2024-07-30,68500.42303863385,0.0038960503726335194,1,20.5585903440203,-0.3149957696136615
2024-07-31,68411.80993291637,-0.0012936139922450351,1,20.5585903440203,-0.3158819006708363
2024-08-01,69179.81834426473,0.011226254825028814,1,20.72164167676653,-0.3082018165573527
2024-08-02,68854.89356551605,-0.004696814569991159,1,20.72164167676653,-0.3114510643448395
2024-08-05,67909.6468733912,-0.013728097498624803,1,20.72164167676653,-0.32090353126608795
2024-08-06,69445.66369608791,0.022618536443878234,1,20.72164167676653,-0.3055433630391209
2024-08-07,71188.45247835307,0.025095717853486743,1,21.141435282570974,-0.2881154752164693
2024-08-08,71217.99219181582,0.00041495091457055544,1,21.141435282570974,-0.28782007808184173
2024-08-09,73108.47350672394,0.026544995958554418,1,21.666595118386404,-0.26891526493276063
2024-08-12,72310.92538191285,-0.010909106517423495,1,21.666595118386404,-0.2768907461808715
2024-08-13,74733.10946980889,0.033496792844278866,1,22.058382306780135,-0.2526689053019111
2024-08-14,74555.87722370318,-0.002371535820777093,1,22.058382306780135,-0.2544412277629682
2024-08-15,76269.12629250559,0.022979396562686105,1,22.540529114859446,-0.23730873707494404
2024-08-16,76889.4361365402,0.00813317097216526,1,22.721582685198104,-0.231105638634598
2024-08-19,77539.29172870834,0.008451818934061661,1,22.933647905077255,-0.22460708271291663
2024-08-20,77184.82723649692,-0.004571417720084514,1,22.933647905077255,-0.2281517276350309
2024-08-21,77037.12866918316,-0.0019135699670765893,1,22.933647905077255,-0.22962871330816836
2024-08-22,72451.05428913546,-0.05953070239340652,0,,-0.2754894571086455
2024-08-23,72451.05428913546,0.0,0,,-0.2754894571086455
2024-08-26,72451.05428913546,0.0,0,,-0.2754894571086455
2024-08-27,72451.05428913546,0.0,0,,-0.2754894571086455
2024-08-28,72451.05428913546,0.0,0,,-0.2754894571086455
2024-08-29,72451.05428913546,0.0,0,,-0.2754894571086455
2024-08-30,72451.05428913546,0.0,0,,-0.2754894571086455
2024-09-02,72451.05428913546,0.0,0,,-0.2754894571086455
2024-09-03,72451.05428913546,0.0,0,,-0.2754894571086455
2024-09-04,72451.05428913546,0.0,0,,-0.2754894571086455
2024-09-05,72451.05428913546,0.0,0,,-0.2754894571086455
2024-09-06,72451.05428913546,0.0,0,,-0.2754894571086455
2024-09-09,72451.05428913546,0.0,0,,-0.2754894571086455
2024-09-10,72451.05428913546,0.0,0,,-0.2754894571086455
2024-09-11,72451.05428913546,0.0,0,,-0.2754894571086455
2024-09-12,72451.05428913546,0.0,0,,-0.2754894571086455
2024-09-13,72451.05428913546,0.0,0,,-0.2754894571086455
2024-09-16,72451.05428913546,0.0,0,,-0.2754894571086455
2024-09-17,72451.05428913546,0.0,0,,-0.2754894571086455
2024-09-18,72451.05428913546,0.0,0,,-0.2754894571086455
2024-09-19,72451.05428913546,0.0,0,,-0.2754894571086455
2024-09-20,72451.05428913546,0.0,0,,-0.2754894571086455
2024-09-23,72451.05428913546,0.0,0,,-0.2754894571086455
2024-09-24,72451.05428913546,0.0,0,,-0.2754894571086455
2024-09-25,72451.05428913546,0.0,0,,-0.2754894571086455
2024-09-26,72451.05428913546,0.0,0,,-0.2754894571086455
2024-09-27,72451.05428913546,0.0,0,,-0.2754894571086455
2024-09-30,72451.05428913546,0.0,0,,-0.2754894571086455
2024-10-01,72451.05428913546,0.0,0,,-0.2754894571086455
2024-10-02,72451.05428913546,0.0,0,,-0.2754894571086455
2024-10-03,72451.05428913546,0.0,0,,-0.2754894571086455
2024-10-04,72451.05428913546,0.0,0,,-0.2754894571086455
2024-10-07,72451.05428913546,0.0,0,,-0.2754894571086455
2024-10-08,72451.05428913546,0.0,0,,-0.2754894571086455
2024-10-09,72451.05428913546,0.0,0,,-0.2754894571086455
2024-10-10,72451.05428913546,0.0,0,,-0.2754894571086455
2024-10-11,72451.05428913546,0.0,0,,-0.2754894571086455
2024-10-14,72451.05428913546,0.0,0,,-0.2754894571086455
2024-10-15,72451.05428913546,0.0,0,,-0.2754894571086455
2024-10-16,72451.05428913546,0.0,0,,-0.2754894571086455
2024-10-17,72451.05428913546,0.0,0,,-0.2754894571086455
2024-10-18,72451.05428913546,0.0,0,,-0.2754894571086455
2024-10-21,72451.05428913546,0.0,0,,-0.2754894571086455
2024-10-22,72451.05428913546,0.0,0,,-0.2754894571086455
2024-10-23,72451.05428913546,0.0,0,,-0.2754894571086455
2024-10-24,72451.05428913546,0.0,0,,-0.2754894571086455
2024-10-25,72451.05428913546,0.0,0,,-0.2754894571086455
2024-10-28,72451.05428913546,0.0,0,,-0.2754894571086455
2024-10-29,72451.05428913546,0.0,0,,-0.2754894571086455
2024-10-30,72451.05428913546,0.0,0,,-0.2754894571086455
2024-10-31,72451.05428913546,0.0,0,,-0.2754894571086455
2024-11-01,72451.05428913546,0.0,0,,-0.2754894571086455
2024-11-04,72451.05428913546,0.0,0,,-0.2754894571086455
2024-11-05,72451.05428913546,0.0,0,,-0.2754894571086455
2024-11-06,72451.05428913546,0.0,0,,-0.2754894571086455
2024-11-07,70303.40270839594,-0.0296427926661873,1,20.25716754368373,-0.29696597291604065
2024-11-08,67723.31967266752,-0.036699262572397306,0,,-0.32276680327332474
2024-11-11,67723.31967266752,0.0,0,,-0.32276680327332474
2024-11-12,67723.31967266752,0.0,0,,-0.32276680327332474
2024-11-13,67723.31967266752,0.0,0,,-0.32276680327332474
2024-11-14,67723.31967266752,0.0,0,,-0.32276680327332474
2024-11-18,67723.31967266752,0.0,0,,-0.32276680327332474
2024-11-19,67723.31967266752,0.0,0,,-0.32276680327332474
2024-11-21,67723.31967266752,0.0,0,,-0.32276680327332474
2024-11-22,67723.31967266752,0.0,0,,-0.32276680327332474
2024-11-25,67723.31967266752,0.0,0,,-0.32276680327332474
2024-11-26,67723.31967266752,0.0,0,,-0.32276680327332474
2024-11-27,65421.80638316393,-0.03398405897152823,1,19.300541945866176,-0.3457819361683607
2024-11-28,65293.16188325069,-0.001966385629277756,0,,-0.34706838116749317
2024-11-29,65293.16188325069,0.0,0,,-0.34706838116749317
2024-12-02,65293.16188325069,0.0,0,,-0.34706838116749317
2024-12-03,65293.16188325069,0.0,0,,-0.34706838116749317
2024-12-04,65293.16188325069,0.0,0,,-0.34706838116749317
2024-12-05,65293.16188325069,0.0,0,,-0.34706838116749317
2024-12-06,65293.16188325069,0.0,0,,-0.34706838116749317
2024-12-09,65293.16188325069,0.0,0,,-0.34706838116749317
2024-12-10,65293.16188325069,0.0,0,,-0.34706838116749317
2024-12-11,65293.16188325069,0.0,0,,-0.34706838116749317
2024-12-12,65293.16188325069,0.0,0,,-0.34706838116749317
2024-12-13,65293.16188325069,0.0,0,,-0.34706838116749317
2024-12-16,65293.16188325069,0.0,0,,-0.34706838116749317
2024-12-17,65293.16188325069,0.0,0,,-0.34706838116749317
2024-12-18,65293.16188325069,0.0,0,,-0.34706838116749317
2024-12-19,65293.16188325069,0.0,0,,-0.34706838116749317
2024-12-20,65293.16188325069,0.0,0,,-0.34706838116749317
2024-12-23,65293.16188325069,0.0,0,,-0.34706838116749317
2024-12-26,65293.16188325069,0.0,0,,-0.34706838116749317
2024-12-27,65293.16188325069,0.0,0,,-0.34706838116749317
2024-12-30,65293.16188325069,0.0,0,,-0.34706838116749317
2025-01-02,65293.16188325069,0.0,0,,-0.34706838116749317
2025-01-03,65293.16188325069,0.0,0,,-0.34706838116749317
2025-01-06,65293.16188325069,0.0,0,,-0.34706838116749317
2025-01-07,65293.16188325069,0.0,0,,-0.34706838116749317
2025-01-08,65293.16188325069,0.0,0,,-0.34706838116749317
2025-01-09,65293.16188325069,0.0,0,,-0.34706838116749317
2025-01-10,65293.16188325069,0.0,0,,-0.34706838116749317
2025-01-13,65293.16188325069,0.0,0,,-0.34706838116749317
2025-01-14,65293.16188325069,0.0,0,,-0.34706838116749317
2025-01-15,65293.16188325069,0.0,0,,-0.34706838116749317
2025-01-16,65293.16188325069,0.0,0,,-0.34706838116749317
2025-01-17,65293.16188325069,0.0,0,,-0.34706838116749317
2025-01-20,65293.16188325069,0.0,0,,-0.34706838116749317
2025-01-21,65293.16188325069,0.0,0,,-0.34706838116749317
2025-01-22,65293.16188325069,0.0,0,,-0.34706838116749317
2025-01-23,65293.16188325069,0.0,0,,-0.34706838116749317
2025-01-24,65293.16188325069,0.0,0,,-0.34706838116749317
2025-01-27,65293.16188325069,0.0,0,,-0.34706838116749317
2025-01-28,62775.44945632771,-0.038560124127926976,1,15.941853216716222,-0.37224550543672286
2025-01-29,63178.758075705315,0.006424623365830051,0,,-0.3682124192429469
2025-01-30,63178.758075705315,0.0,0,,-0.3682124192429469
2025-01-31,61231.92499995839,-0.030814677829122394,1,14.939879519598824,-0.38768075000041613
2025-02-03,61031.2871967165,-0.0032766861933873903,0,,-0.389687128032835
2025-02-04,61031.2871967165,0.0,0,,-0.389687128032835
2025-02-05,61031.2871967165,0.0,0,,-0.389687128032835
2025-02-06,61031.2871967165,0.0,0,,-0.389687128032835
2025-02-07,61031.2871967165,0.0,0,,-0.389687128032835
2025-02-10,61031.2871967165,0.0,0,,-0.389687128032835
2025-02-11,61031.2871967165,0.0,0,,-0.389687128032835
2025-02-12,61031.2871967165,0.0,0,,-0.389687128032835
2025-02-13,61031.2871967165,0.0,0,,-0.389687128032835
2025-02-14,62842.09085280916,0.02967008790517678,1,15.62842413357326,-0.3715790914719084
2025-02-17,64087.17770466961,0.019812944397040066,1,15.92951682635716,-0.35912822295330393
2025-02-18,63326.29090265901,-0.011872683885643331,1,15.92951682635716,-0.3667370909734099
2025-02-19,61597.01106667439,-0.027307454950152632,1,15.92951682635716,-0.3840298893332561
2025-02-20,61297.413522331786,-0.00486383250022171,0,,-0.3870258647766821
2025-02-21,61297.413522331786,0.0,0,,-0.3870258647766821
2025-02-24,61297.413522331786,0.0,0,,-0.3870258647766821
2025-02-25,61297.413522331786,0.0,0,,-0.3870258647766821
2025-02-26,57534.60989590188,-0.061386009787493756,1,15.68043862070356,-0.4246539010409812
2025-02-27,57581.5961284285,0.0008166603130121963,0,,-0.424184038715715
2025-02-28,57581.5961284285,0.0,0,,-0.424184038715715
2025-03-05,55141.743057040745,-0.04237209864669211,1,14.225996460233416,-0.4485825694295925
2025-03-06,55461.9004517412,0.005806080420223125,0,,-0.4453809954825879
2025-03-07,55461.9004517412,0.0,0,,-0.4453809954825879
2025-03-10,55144.88362469427,-0.005715938769945028,1,13.722510644367762,-0.44855116375305737
2025-03-11,54910.93845986474,-0.004242372990062249,1,13.76219027382987,-0.45089061540135267
2025-03-12,54995.42216398395,0.0015385587369074472,0,,-0.45004577836016046
2025-03-13,54995.42216398395,0.0,0,,-0.45004577836016046
2025-03-14,54995.42216398395,0.0,0,,-0.45004577836016046
2025-03-17,55350.601472329545,0.006458343156027224,1,14.848853349685669,-0.4464939852767046
2025-03-18,54600.51036845167,-0.013551634199546192,1,14.848853349685669,-0.4539948963154833
2025-03-19,55080.334078315536,0.008787897890073726,0,,-0.4491966592168446
2025-03-20,55080.334078315536,0.0,0,,-0.4491966592168446
2025-03-21,55080.334078315536,0.0,0,,-0.4491966592168446
2025-03-24,55080.334078315536,0.0,0,,-0.4491966592168446
2025-03-25,55080.334078315536,0.0,0,,-0.4491966592168446
2025-03-26,55309.973877215794,0.004169179485617347,1,15.308326993669782,-0.4469002612278421
2025-03-27,56558.50734320919,0.022573387374310583,1,15.685108866010394,-0.43441492656790814
2025-03-28,56162.00759934861,-0.007010435078396493,0,,-0.43837992400651393
2025-03-31,54783.782395928145,-0.024540169811102852,1,15.748128652572632,-0.4521621760407185
2025-04-01,56262.762487844426,0.026996677250715084,1,15.748128652572632,-0.4373723751215557
2025-04-02,56293.57549108308,0.0005476624658327101,1,15.77680424281529,-0.4370642450891692
2025-04-03,57341.17983244954,0.018609660733530875,1,16.132577862058366,-0.4265882016755046
2025-04-04,54506.47795636284,-0.0494357089332601,1,16.132577862058366,-0.4549352204363716
2025-04-07,53162.21777011042,-0.024662393107267255,0,,-0.4683778222988958
2025-04-08,53162.21777011042,0.0,0,,-0.4683778222988958
2025-04-09,53162.21777011042,0.0,0,,-0.4683778222988958
2025-04-10,53162.21777011042,0.0,0,,-0.4683778222988958
2025-04-11,53162.21777011042,0.0,0,,-0.4683778222988958
2025-04-14,53162.21777011042,0.0,0,,-0.4683778222988958
2025-04-15,53162.21777011042,0.0,0,,-0.4683778222988958
2025-04-16,53162.21777011042,0.0,0,,-0.4683778222988958
2025-04-17,53162.21777011042,0.0,0,,-0.4683778222988958
2025-04-22,53162.21777011042,0.0,0,,-0.4683778222988958
2025-04-23,53162.21777011042,0.0,0,,-0.4683778222988958
2025-04-24,53162.21777011042,0.0,0,,-0.4683778222988958
2025-04-25,53162.21777011042,0.0,0,,-0.4683778222988958
2025-04-28,53162.21777011042,0.0,0,,-0.4683778222988958
2025-04-29,53162.21777011042,0.0,0,,-0.4683778222988958
2025-04-30,53162.21777011042,0.0,0,,-0.4683778222988958
2025-05-02,53162.21777011042,0.0,0,,-0.4683778222988958
2025-05-05,53162.21777011042,0.0,0,,-0.4683778222988958
2025-05-06,53162.21777011042,0.0,0,,-0.4683778222988958
2025-05-07,53162.21777011042,0.0,0,,-0.4683778222988958
2025-05-08,53162.21777011042,0.0,0,,-0.4683778222988958
2025-05-09,53162.21777011042,0.0,0,,-0.4683778222988958
2025-05-12,53162.21777011042,0.0,0,,-0.4683778222988958
2025-05-13,53162.21777011042,0.0,0,,-0.4683778222988958
2025-05-14,53162.21777011042,0.0,0,,-0.4683778222988958
2025-05-15,53162.21777011042,0.0,0,,-0.4683778222988958
2025-05-16,53162.21777011042,0.0,0,,-0.4683778222988958
2025-05-19,53162.21777011042,0.0,0,,-0.4683778222988958
2025-05-20,53162.21777011042,0.0,0,,-0.4683778222988958
2025-05-21,53162.21777011042,0.0,0,,-0.4683778222988958
2025-05-22,53162.21777011042,0.0,0,,-0.4683778222988958
2025-05-23,53162.21777011042,0.0,0,,-0.4683778222988958
2025-05-26,53162.21777011042,0.0,0,,-0.4683778222988958
2025-05-27,53162.21777011042,0.0,0,,-0.4683778222988958
2025-05-28,53162.21777011042,0.0,0,,-0.4683778222988958
2025-05-29,53162.21777011042,0.0,0,,-0.4683778222988958
2025-05-30,53162.21777011042,0.0,0,,-0.4683778222988958
2025-06-02,53162.21777011042,0.0,0,,-0.4683778222988958
2025-06-03,53162.21777011042,0.0,0,,-0.4683778222988958
2025-06-04,53162.21777011042,0.0,0,,-0.4683778222988958
2025-06-05,53162.21777011042,0.0,0,,-0.4683778222988958
2025-06-06,53162.21777011042,0.0,0,,-0.4683778222988958
2025-06-09,53162.21777011042,0.0,0,,-0.4683778222988958
2025-06-10,53162.21777011042,0.0,0,,-0.4683778222988958
2025-06-11,53162.21777011042,0.0,0,,-0.4683778222988958
2025-06-12,53162.21777011042,0.0,0,,-0.4683778222988958
2025-06-13,53162.21777011042,0.0,0,,-0.4683778222988958
2025-06-16,53162.21777011042,0.0,0,,-0.4683778222988958
2025-06-17,53162.21777011042,0.0,0,,-0.4683778222988958
2025-06-18,53162.21777011042,0.0,0,,-0.4683778222988958
2025-06-20,53162.21777011042,0.0,0,,-0.4683778222988958
2025-06-23,53162.21777011042,0.0,0,,-0.4683778222988958
2025-06-24,53162.21777011042,0.0,0,,-0.4683778222988958
2025-06-25,53162.21777011042,0.0,0,,-0.4683778222988958
2025-06-26,53162.21777011042,0.0,0,,-0.4683778222988958
2025-06-27,53162.21777011042,0.0,0,,-0.4683778222988958
2025-06-30,53162.21777011042,0.0,0,,-0.4683778222988958
2025-07-01,53162.21777011042,0.0,0,,-0.4683778222988958
2025-07-02,53162.21777011042,0.0,0,,-0.4683778222988958
2025-07-03,53162.21777011042,0.0,0,,-0.4683778222988958
2025-07-04,53162.21777011042,0.0,0,,-0.4683778222988958
2025-07-07,53162.21777011042,0.0,0,,-0.4683778222988958
2025-07-08,53162.21777011042,0.0,0,,-0.4683778222988958
2025-07-09,53162.21777011042,0.0,0,,-0.4683778222988958
2025-07-10,53162.21777011042,0.0,0,,-0.4683778222988958
2025-07-11,53162.21777011042,0.0,0,,-0.4683778222988958
2025-07-14,53162.21777011042,0.0,0,,-0.4683778222988958
2025-07-15,53162.21777011042,0.0,0,,-0.4683778222988958
2025-07-16,53162.21777011042,0.0,0,,-0.4683778222988958
2025-07-17,53162.21777011042,0.0,0,,-0.4683778222988958
2025-07-18,53162.21777011042,0.0,0,,-0.4683778222988958
2025-07-21,53162.21777011042,0.0,0,,-0.4683778222988958
2025-07-22,53162.21777011042,0.0,0,,-0.4683778222988958
2025-07-23,53162.21777011042,0.0,0,,-0.4683778222988958
2025-07-24,53162.21777011042,0.0,0,,-0.4683778222988958
2025-07-25,53162.21777011042,0.0,0,,-0.4683778222988958
2025-07-28,53162.21777011042,0.0,0,,-0.4683778222988958
2025-07-29,53162.21777011042,0.0,0,,-0.4683778222988958
2025-07-30,53162.21777011042,0.0,0,,-0.4683778222988958
2025-07-31,52439.76770582401,-0.0135895396127097,1,18.610998971121653,-0.47560232294175997
2025-08-01,53447.334779046614,0.019213797415633893,0,,-0.4655266522095338
2025-08-04,53447.334779046614,0.0,0,,-0.4655266522095338
2025-08-05,53447.334779046614,0.0,0,,-0.4655266522095338
2025-08-06,53447.334779046614,0.0,0,,-0.4655266522095338
2025-08-07,53447.334779046614,0.0,0,,-0.4655266522095338
2025-08-08,53447.334779046614,0.0,0,,-0.4655266522095338
2025-08-11,53447.334779046614,0.0,0,,-0.4655266522095338
2025-08-12,53447.334779046614,0.0,0,,-0.4655266522095338
2025-08-13,52233.905950623455,-0.02270326169563963,1,18.72503294263567,-0.4776609404937654
2025-08-14,51663.521031526594,-0.010919821306031419,0,,-0.48336478968473406
2025-08-15,50999.38141748392,-0.012855097770773205,1,18.182201317378453,-0.49000618582516076
2025-08-18,51048.274787776296,0.00095870516334573,1,18.182201317378453,-0.48951725212223707
2025-08-19,50510.412751479955,-0.010536341111083591,1,18.182201317378453,-0.4948958724852005
2025-08-20,50534.85693926327,0.0004839435366246203,1,18.182201317378453,-0.49465143060736727
2025-08-21,50388.16683893465,-0.002902750877575855,1,18.182201317378453,-0.49611833161065344
2025-08-22,52808.56098644544,0.048034971290929374,1,18.787385395595006,-0.4719143901355456
2025-08-25,52735.213438918254,-0.0013889328956722125,1,18.787385395595006,-0.4726478656108175
2025-08-26,54373.25871976784,0.03106169813357984,1,19.29654053279332,-0.45626741280232164
2025-08-27,56598.064401931886,0.040917276884771425,1,20.102786200387136,-0.4340193559806811
2025-08-28,59409.630485410395,0.04967601124151755,1,20.98138666152954,-0.4059036951458961
2025-08-29,58773.97171907781,-0.010699591314386137,1,20.98138666152954,-0.4122602828092219
2025-09-01,58945.11100191549,0.0029118209614227286,1,20.990723064967565,-0.41054888998084516
2025-09-02,58945.11100191549,0.0,1,21.02573381151472,-0.41054888998084516
2025-09-03,59385.181302901336,0.00746576422549361,1,21.242132799965994,-0.40614818697098665
2025-09-04,59042.90273722599,-0.005763703303851453,1,21.242132799965994,-0.4095709726277401
2025-09-05,60998.77740124186,0.03312632972536278,1,21.84665094103132,-0.39001222598758145
2025-09-08,60020.84006923392,-0.016032080865739262,1,21.84665094103132,-0.39979159930766084
2025-09-09,59140.699467262224,-0.014663916748856809,1,21.84665094103132,-0.40859300532737775
2025-09-10,59556.32058573901,0.007027666602199334,1,21.84665094103132,-0.4044367941426099
2025-09-11,59800.80741610387,0.004105136582655211,1,21.84665094103132,-0.4019919258389614
2025-09-12,59947.497516432486,0.0024529785912073,1,21.84665094103132,-0.4005250248356751
2025-09-15,60314.2252646169,0.0061174821865397355,1,21.84665094103132,-0.39685774735383095
2025-09-16,59923.04833392343,-0.006485649595551646,1,21.84665094103132,-0.40076951666076577
2025-09-17,59385.181302901336,-0.008975962438105722,1,21.84665094103132,-0.40614818697098665
2025-09-18,59262.94038508178,-0.0020584414350113267,1,21.84665094103132,-0.40737059614918214
2025-09-19,58089.41958245285,-0.01980193346809267,1,21.84665094103132,-0.4191058041754715
2025-09-22,57123.459718545804,-0.016628843442581642,0,,-0.428765402814542
2025-09-23,57123.459718545804,0.0,0,,-0.428765402814542
2025-09-24,57123.459718545804,0.0,0,,-0.428765402814542
2025-09-25,57123.459718545804,0.0,0,,-0.428765402814542
2025-09-26,57123.459718545804,0.0,0,,-0.428765402814542
2025-09-29,56968.572442473975,-0.0027114477455493224,1,21.814641339438303,-0.43031427557526025
2025-09-30,56829.90687742881,-0.0024340712624524308,1,21.814641339438303,-0.43170093122571185
2025-10-01,55836.1362076894,-0.017486755202375748,1,21.814641339438303,-0.441638637923106
2025-10-02,55752.38200337787,-0.0014999999999999458,0,,-0.44247617996622135
2025-10-03,55752.38200337787,0.0,0,,-0.44247617996622135
2025-10-06,55752.38200337787,0.0,0,,-0.44247617996622135
2025-10-07,55752.38200337787,0.0,0,,-0.44247617996622135
2025-10-08,55752.38200337787,0.0,0,,-0.44247617996622135
2025-10-09,55752.38200337787,0.0,0,,-0.44247617996622135
2025-10-10,55752.38200337787,0.0,0,,-0.44247617996622135
2025-10-13,55752.38200337787,0.0,0,,-0.44247617996622135
2025-10-14,55752.38200337787,0.0,0,,-0.44247617996622135
2025-10-15,55752.38200337787,0.0,0,,-0.44247617996622135
2025-10-16,55752.38200337787,0.0,0,,-0.44247617996622135
2025-10-17,55752.38200337787,0.0,0,,-0.44247617996622135
2025-10-20,55752.38200337787,0.0,0,,-0.44247617996622135
2025-10-21,55752.38200337787,0.0,0,,-0.44247617996622135
2025-10-22,55752.38200337787,0.0,0,,-0.44247617996622135
2025-10-23,55752.38200337787,0.0,0,,-0.44247617996622135
2025-10-24,55752.38200337787,0.0,0,,-0.44247617996622135
2025-10-27,55752.38200337787,0.0,0,,-0.44247617996622135
2025-10-28,55752.38200337787,0.0,0,,-0.44247617996622135
2025-10-29,55752.38200337787,0.0,0,,-0.44247617996622135
2025-10-30,55752.38200337787,0.0,0,,-0.44247617996622135
2025-10-31,55343.328881530884,-0.0073369622453476335,1,21.033738476889475,-0.44656671118469116
2025-11-03,55515.7173031615,0.0031148907215110544,0,,-0.44484282696838495
2025-11-04,55338.73604062032,-0.003187948767278237,1,20.771990980420792,-0.4466126395937968
2025-11-05,57051.21226630911,0.030945344043126877,1,21.436860493251256,-0.42948787733690896
2025-11-06,57942.63693379021,0.01562499081211488,1,21.70327431815011,-0.42057363066209796
2025-11-07,58200.67965529719,0.004453416951006872,1,21.802636895860946,-0.41799320344702817
2025-11-10,59279.77393501185,0.018540922307192398,1,22.220430646623885,-0.4072022606498815
2025-11-11,60030.447591443444,0.012663234128634793,1,22.462504182543075,-0.3996955240855655
2025-11-12,60053.90689203548,0.0003907900329460645,1,22.48184367588588,-0.3994609310796452
2025-11-13,59702.026968160375,-0.005859401029606803,1,22.48184367588588,-0.4029797303183963
2025-11-14,60382.32751531855,0.011394932160695204,1,22.595878532954625,-0.39617672484681443
2025-11-17,60757.661947283006,0.0062159649587743004,1,22.73191887991769,-0.39242338052716996
2025-11-18,62000.966538639215,0.02046333831007141,1,23.1483793258667,-0.37999033461360787
2025-11-19,60710.74813860162,-0.02080964978559685,1,23.1483793258667,-0.3928925186139838
2025-11-21,60757.661947283006,0.0007727430499502308,1,23.1483793258667,-0.39242338052716996
2025-11-24,61461.41700253054,0.011582984477878089,1,23.1483793258667,-0.3853858299746946
2025-11-25,62610.8891840213,0.018702337784425316,1,23.26441478729248,-0.373891108159787
2025-11-26,60479.524262061546,-0.03404144150860722,1,23.26441478729248,-0.39520475737938454
2025-11-27,61710.72299166178,0.020357281982996023,1,23.26441478729248,-0.3828927700833822
2025-11-28,62514.770750380085,0.01302930381851053,1,23.26441478729248,-0.3748522924961991
2025-12-01,62539.897841902864,0.00040193847343883427,1,23.26441478729248,-0.3746010215809713
2025-12-02,63771.0965715031,0.0196866124200048,1,23.728323800223215,-0.36228903428496906
2025-12-03,64097.74396879658,0.005122185674308222,1,23.88943134035383,-0.35902256031203417
2025-12-04,65052.5494841489,0.014896086137089704,1,24.260895797184535,-0.349474505158511
2025-12-05,61861.485540798465,-0.04905363384916972,1,24.260895797184535,-0.38138514459201533
2025-12-08,62816.29105615078,0.015434571397782149,1,24.260895797184535,-0.37183708943849214
2025-12-09,60867.74089765483,-0.031019821860449603,0,,-0.3913225910234517
2025-12-10,60867.74089765483,0.0,0,,-0.3913225910234517
2025-12-11,60867.74089765483,0.0,0,,-0.3913225910234517
2025-12-12,60867.74089765483,0.0,0,,-0.3913225910234517
2025-12-15,60867.74089765483,0.0,0,,-0.3913225910234517
2025-12-16,60867.74089765483,0.0,0,,-0.3913225910234517
2025-12-17,60867.74089765483,0.0,0,,-0.3913225910234517
2025-12-18,60867.74089765483,0.0,0,,-0.3913225910234517
2025-12-19,61344.81117383433,0.00783781801564909,1,22.953214849744523,-0.38655188826165676
2025-12-22,61369.51766414187,0.0004027478418269226,1,22.956072398594447,-0.3863048233585813
2025-12-23,62357.75371503764,0.016103044125327814,1,23.357858112880162,-0.37642246284962366
2025-12-26,62382.46020534518,0.0003962055852821944,1,23.4517867905753,-0.3761753979465482
2025-12-29,62234.22597578112,-0.0023762164729655977,1,23.68464435849871,-0.3776577402421888
2025-12-30,62580.10741552433,0.005557736668530433,1,23.844286714281356,-0.37419892584475667
2026-01-02,63642.46293734273,0.01697592998306141,1,24.320715631757462,-0.36357537062657275
2026-01-05,63074.22779711281,-0.00892855357891087,1,24.320715631757462,-0.36925772202887186
2026-01-06,63197.75553636934,0.0019584502826395234,1,24.320715631757462,-0.3680224446363066
2026-01-07,62950.6953455751,-0.003909319068334027,1,24.320715631757462,-0.37049304654424897
2026-01-08,62856.269302556735,-0.0015000000000000568,0,,-0.37143730697443267
2026-01-09,62419.83319080007,-0.006943398273542067,1,24.307501588548934,-0.37580166809199933
2026-01-12,62395.38303013084,-0.0003917049985457943,1,24.325359208243235,-0.37604616969869165
2026-01-13,62126.43592616063,-0.004310368666866515,1,24.325359208243235,-0.3787356407383937
2026-01-14,63348.91597927421,0.019677292522727985,1,24.752858093806676,-0.3665108402072579
2026-01-15,63471.16211922904,0.0019297274162486389,1,24.831428391592844,-0.3652883788077096
2026-01-16,62664.32547070973,-0.01271186191618312,1,24.831428391592844,-0.37335674529290275
2026-01-19,62301.78995558564,-0.005785357336903663,0,,-0.3769821004441436
2026-01-20,62866.377679463956,0.009062142906019366,1,24.591071265084402,-0.3713362232053604
2026-01-21,65668.56498162528,0.04457370387154813,1,25.583929743085587,-0.3433143501837471
2026-01-22,67959.04213016637,0.03487935436356793,1,26.37749985286168,-0.3204095786983363
2026-01-23,69201.7501903838,0.018286132665572108,1,26.785714081355504,-0.30798249809616207
2026-01-26,69518.52137211028,0.004577502459908844,1,26.89250067302159,-0.30481478627889724
2026-01-27,70103.32434498891,0.008412189461688424,1,27.137857709612167,-0.29896675655011085
2026-01-28,70883.06164216042,0.011122686469678733,1,27.41678605760847,-0.29116938357839584
2026-01-29,69859.65527772259,-0.014437953732928555,1,27.41678605760847,-0.3014034472227741
2026-01-30,70078.95697350218,0.0031391751778300225,1,27.41678605760847,-0.2992104302649782
2026-02-02,72174.50444535128,0.029902663543372343,1,27.69500173841204,-0.27825495554648716
2026-02-03,73465.94260094126,0.017893273608381,1,28.175000735691615,-0.2653405739905874
2026-02-04,72588.74046542376,-0.011940255640390474,1,28.175000735691615,-0.2741125953457624
2026-02-05,75269.08626255058,0.03692509030933744,1,28.668572425842285,-0.24730913737449411
2026-02-06,77389.0011058864,0.028164482240972344,1,29.383215972355433,-0.226109988941136
2026-02-09,77315.89899142625,-0.0009446059958847508,1,29.383215972355433,-0.22684101008573754
2026-02-10,76389.9621129353,-0.011976021627758904,1,29.383215972355433,-0.23610037887064694
2026-02-11,77876.33459281815,0.019457693638928575,1,29.758214746202743,-0.22123665407181847
2026-02-12,77535.20068720584,-0.004380456622617768,1,29.758214746202743,-0.2246479931279416
2026-02-13,77315.89899142625,-0.0028284146276257305,1,29.758214746202743,-0.22684101008573754
2026-02-18,76755.46339003433,-0.007248646251323598,1,29.758214746202743,-0.23244536609965671
2026-02-19,76926.03034284049,0.0022222125341022636,1,29.758214746202743,-0.2307396965715951
2026-02-20,77559.56805869256,0.008235674101842339,1,29.765716007777623,-0.22440431941307437
2026-02-23,73782.71378266774,-0.04869617470234899,1,29.765716007777623,-0.2621728621733227
2026-02-24,75537.12270130363,0.023778048118474393,1,29.765716007777623,-0.24462877298696373
2026-02-25,74903.58498545155,-0.008387104157478564,1,29.765716007777623,-0.25096415014548445
2026-02-26,75049.78456677099,0.0019518369027040627,1,29.765716007777623,-0.24950215433229006
2026-02-27,72420.7715341322,-0.035030254221446566,0,,-0.275792284658678
2026-03-02,72420.7715341322,0.0,0,,-0.275792284658678
2026-03-03,72420.7715341322,0.0,0,,-0.275792284658678
2026-03-04,72420.7715341322,0.0,0,,-0.275792284658678
2026-03-05,72420.7715341322,0.0,0,,-0.275792284658678
2026-03-06,72420.7715341322,0.0,0,,-0.275792284658678
2026-03-09,73566.82259644198,0.015824894405738865,1,28.35857207434518,-0.26433177403558017
2026-03-10,74916.0203613099,0.018339758565747433,1,28.83392878941127,-0.250839796386901
2026-03-11,73527.37791643543,-0.018535987872516868,0,,-0.2647262208356457
2026-03-12,73527.37791643543,0.0,0,,-0.2647262208356457
2026-03-13,73527.37791643543,0.0,0,,-0.2647262208356457
2026-03-16,73527.37791643543,0.0,0,,-0.2647262208356457
2026-03-17,73527.37791643543,0.0,0,,-0.2647262208356457
2026-03-18,73527.37791643543,0.0,0,,-0.2647262208356457
2026-03-19,73527.37791643543,0.0,0,,-0.2647262208356457
2026-03-20,73527.37791643543,0.0,0,,-0.2647262208356457
2026-03-23,73527.37791643543,0.0,0,,-0.2647262208356457
2026-03-24,73872.21998246647,0.0046899818244974245,1,27.58392878941127,-0.2612778001753353
2026-03-25,74765.61904758262,0.012093843468196752,0,,-0.2523438095241739
2026-03-26,74393.35955268083,-0.0049790197639487666,1,28.271427699497767,-0.2560664044731916
2026-03-27,72973.63807201257,-0.01908398127473865,1,28.271427699497767,-0.2702636192798743
2026-03-30,73825.47186304757,0.011673171484123834,1,28.271427699497767,-0.26174528136952435
2026-03-31,74819.27644819833,0.013461540577679676,1,28.482500553131104,-0.25180723551801665
2026-04-01,73967.44265716334,-0.011385218241515171,1,28.482500553131104,-0.2603255734283666
2026-04-02,74511.66779558228,0.007357630855799657,1,28.606071267809188,-0.2548833220441772
2026-04-06,74038.43031080632,-0.006351186314528023,1,28.606071267809188,-0.25961569689193686
2026-04-07,75032.2303827869,0.013422759880358237,1,28.95642764227731,-0.24967769617213098
2026-04-08,75292.5139329743,0.0034689565918475385,1,28.95642764227731,-0.24707486067025708
2026-04-09,78084.63179188216,0.037083605169478284,1,30.042856897626603,-0.21915368208117836
2026-04-10,79906.60761685358,0.02333334720495972,1,30.896785804203578,-0.20093392383146425
2026-04-13,79622.66602862204,-0.0035534181302379064,1,31.050001621246338,-0.20377333971377953
2026-04-14,78723.5071351584,-0.011292750397737472,1,31.050001621246338,-0.212764928648416
2026-04-15,80924.07475321868,0.027953119698823636,1,31.650000980922155,-0.19075925246781322
2026-04-16,79480.6907213361,-0.017836274758583848,1,31.650000980922155,-0.205193092786639
2026-04-17,78581.53182787246,-0.011312922488509125,1,31.650000980922155,-0.21418468172127536
2026-04-20,78936.46558291715,0.004516757904670987,1,31.650000980922155,-0.21063534417082852
2026-04-22,78581.53182787246,-0.0044964485352065875,1,31.650000980922155,-0.21418468172127536
2026-04-23,78676.18203272976,0.0012044840900355958,1,31.650000980922155,-0.21323817967270242
2026-04-24,78794.49027563121,0.0015037364529486563,1,31.650000980922155,-0.21205509724368787
2026-04-27,77989.98158702487,-0.010210215026356328,1,31.650000980922155,-0.2201001841297513
2026-04-28,77989.98158702487,0.0,1,31.650000980922155,-0.2201001841297513
2026-04-29,76712.23090047238,-0.016383523377636933,1,31.650000980922155,-0.23287769099527622
2026-04-30,78794.49027563121,0.027143772912306297,1,31.650000980922155,-0.21205509724368787
2026-05-04,77658.71489636466,-0.014414400998007393,1,31.650000980922155,-0.22341285103635333
2026-05-05,77635.05685832052,-0.0003046411220648526,1,31.650000980922155,-0.22364943141679483
2026-05-06,77682.38196074916,0.0006095841794127033,1,31.650000980922155,-0.22317618039250842
2026-05-07,76499.28147905399,-0.015229971736615444,1,31.650000980922155,-0.23500718520946018
2026-05-08,79977.59075732638,0.04546852220075803,1,31.67142711366926,-0.20022409242673622
2026-05-11,78510.54868739966,-0.01834316407927472,1,31.67142711366926,-0.2148945131260035
2026-05-12,79740.97427152349,0.015672105273686787,1,31.67142711366926,-0.2025902572847651
2026-05-13,80093.89494506543,0.004425838494777068,0,,-0.19906105054934564
2026-05-14,80093.89494506543,0.0,0,,-0.19906105054934564
2026-05-15,80631.25519480716,0.006709128705880696,1,30.650355407169886,-0.1936874480519284
2026-05-18,80340.14837258877,-0.0036103471478283744,0,,-0.1965985162741123
2026-05-19,80340.14837258877,0.0,0,,-0.1965985162741123
2026-05-20,80340.14837258877,0.0,0,,-0.1965985162741123
2026-05-21,80340.14837258877,0.0,0,,-0.1965985162741123
2026-05-22,79539.7867909728,-0.009962162104856787,1,30.51749849319458,-0.20460213209027212
2026-05-25,80050.98675182971,0.006426971726745112,0,,-0.1994901324817029
2026-05-26,80050.98675182971,0.0,0,,-0.1994901324817029
2026-05-27,80050.98675182971,0.0,0,,-0.1994901324817029
2026-05-28,80050.98675182971,0.0,0,,-0.1994901324817029
2026-05-29,80050.98675182971,0.0,0,,-0.1994901324817029
2026-06-01,80050.98675182971,0.0,0,,-0.1994901324817029
2026-06-02,80050.98675182971,0.0,0,,-0.1994901324817029
2026-06-03,80050.98675182971,0.0,0,,-0.1994901324817029
2026-06-05,80050.98675182971,0.0,0,,-0.1994901324817029
2026-06-08,80050.98675182971,0.0,0,,-0.1994901324817029
2026-06-09,80050.98675182971,0.0,0,,-0.1994901324817029
2026-06-10,80050.98675182971,0.0,0,,-0.1994901324817029
2026-06-11,80050.98675182971,0.0,0,,-0.1994901324817029
2026-06-12,80050.98675182971,0.0,0,,-0.1994901324817029
2026-06-15,80050.98675182971,0.0,0,,-0.1994901324817029
2026-06-16,80050.98675182971,0.0,0,,-0.1994901324817029
2026-06-17,80050.98675182971,0.0,0,,-0.1994901324817029
2026-06-18,80050.98675182971,0.0,0,,-0.1994901324817029
2026-06-19,80050.98675182971,0.0,0,,-0.1994901324817029
2026-06-22,80050.98675182971,0.0,0,,-0.1994901324817029
2026-06-23,80050.98675182971,0.0,0,,-0.1994901324817029
2026-06-24,80050.98675182971,0.0,0,,-0.1994901324817029
2026-06-25,80050.98675182971,0.0,0,,-0.1994901324817029
2026-06-26,80050.98675182971,0.0,0,,-0.1994901324817029
2026-06-29,80050.98675182971,0.0,0,,-0.1994901324817029
2026-06-30,80578.08652744838,0.006584550634619379,1,28.029285430908203,-0.19421913472551622
2026-07-01,78949.8255932431,-0.020207242494528765,0,,-0.21050174406756894
2026-07-02,78949.8255932431,0.0,0,,-0.21050174406756894
2026-07-03,80043.55863095049,0.01385352063147538,1,28.571071079799108,-0.19956441369049516
2026-07-06,79358.52928702386,-0.008558207001827967,1,28.571071079799108,-0.2064147071297614
2026-07-07,81308.24017256201,0.024568384810742083,1,29.118929522378103,-0.18691759827437981
2026-07-08,83389.68631069119,0.02559944888379939,1,29.84285695212228,-0.1661031368930881
2026-07-09,84575.31866014369,0.014217973491770897,1,30.146427631378174,-0.15424681339856305
2026-07-10,86946.59340980419,0.028037432045502575,1,31.005357469831193,-0.13053406590195804
2026-07-13,86314.25012630955,-0.007272778135357538,1,31.005357469831193,-0.13685749873690456
2026-07-14,87737.01497610586,0.01648354527455531,1,31.164285114833287,-0.12262985023894146
2026-07-15,88922.6523509361,0.013513536734218068,1,31.6089289528983,-0.11077347649063896
2026-07-16,90556.19159472694,0.018370338722511592,1,32.15571328571865,-0.09443808405273058
2026-07-17,92005.29947473924,0.016002305910760795,1,32.6289267539978,-0.07994700525260767
2026-07-20,89871.1622508003,-0.02319580759067985,1,32.6289267539978,-0.10128837749199693
2026-07-21,89449.60341205572,-0.004690701980332279,1,32.6289267539978,-0.10550396587944288
2026-07-22,92163.38780830178,0.03033869679382284,1,32.6289267539978,-0.07836612191698222
2026-07-23,93796.92705209262,0.01772438364775142,1,33.032141481127056,-0.06203072947907373
2026-07-24,92479.55442467134,-0.014044944422215933,1,33.032141481127056,-0.0752044557532866
2026-07-27,90898.71129206802,-0.017093974364798425,1,33.032141481127056,-0.09101288707931976
2026-07-28,92558.60361683037,0.018260900525079116,1,33.032141481127056,-0.0744139638316963
2026-07-29,91162.18179725007,-0.015086893762584541,1,33.032141481127056,-0.08837818202749925
2026-07-30,93875.97624425165,0.029768862410919583,1,33.11571570805141,-0.061240237557483534
2026-07-31,94982.56442692287,0.011787767509251035,1,33.58035673413958,-0.050174355730771336
2026-08-03,95193.34887167292,0.0022191909222688544,1,33.7389304297311,-0.048066511283270774
2026-08-04,93375.36821334803,-0.019097769748342874,1,33.7389304297311,-0.06624631786651969
2026-08-05,92453.21139445534,-0.009875803828539698,1,33.7389304297311,-0.07546788605544663
2026-08-06,92347.81917208032,-0.0011399519906925004,1,33.7389304297311,-0.07652180827919686
2026-08-07,90187.32886716987,-0.023395141588396395,1,33.7389304297311,-0.09812671132830131
2026-08-10,88760.14662291718,-0.015824642576505177,0,,-0.1123985337708282
2026-08-11,88760.14662291718,0.0,0,,-0.1123985337708282
2026-08-12,88760.14662291718,0.0,0,,-0.1123985337708282
2026-08-13,88760.14662291718,0.0,0,,-0.1123985337708282
2026-08-14,88760.14662291718,0.0,0,,-0.1123985337708282
2026-08-17,88760.14662291718,0.0,0,,-0.1123985337708282
2026-08-18,88760.14662291718,0.0,0,,-0.1123985337708282
2026-08-19,91602.14530380609,0.032018859691193,1,32.76535538264683,-0.08397854696193918
2026-08-20,89170.46241309104,-0.02654613472916134,1,32.76535538264683,-0.10829537586908966
2026-08-21,89708.28761538396,0.006031427759131569,0,,-0.10291712384616036
2026-08-24,89708.28761538396,0.0,0,,-0.10291712384616036
2026-08-25,89708.28761538396,0.0,0,,-0.10291712384616036
2026-08-26,89708.28761538396,0.0,0,,-0.10291712384616036
2026-08-27,89708.28761538396,0.0,0,,-0.10291712384616036
2026-08-28,89708.28761538396,0.0,0,,-0.10291712384616036
2026-08-31,89708.28761538396,0.0,0,,-0.10291712384616036
2026-09-01,89708.28761538396,0.0,0,,-0.10291712384616036
2026-09-02,89708.28761538396,0.0,0,,-0.10291712384616036
