timestamp,equity,daily_return,position,stop_price,drawdown
2020-01-02,100000.0,0.0,0,,0.0
2020-01-03,100000.0,0.0,0,,0.0
2020-01-06,100000.0,0.0,0,,0.0
2020-01-07,100000.0,0.0,0,,0.0
2020-01-08,100000.0,0.0,0,,0.0
2020-01-09,100000.0,0.0,0,,0.0
2020-01-10,100000.0,0.0,0,,0.0
2020-01-13,100000.0,0.0,0,,0.0
2020-01-14,100000.0,0.0,0,,0.0
2020-01-15,100000.0,0.0,0,,0.0
2020-01-16,100000.0,0.0,0,,0.0
2020-01-17,100000.0,0.0,0,,0.0
2020-01-21,100000.0,0.0,0,,0.0
2020-01-22,100000.0,0.0,0,,0.0
2020-01-23,100000.0,0.0,0,,0.0
2020-01-24,100000.0,0.0,0,,0.0
2020-01-27,100000.0,0.0,0,,0.0
2020-01-28,100000.0,0.0,0,,0.0
2020-01-29,100000.0,0.0,0,,0.0
2020-01-30,100000.0,0.0,0,,0.0
2020-01-31,100000.0,0.0,0,,0.0
2020-02-03,100000.0,0.0,0,,0.0
2020-02-04,100000.0,0.0,0,,0.0
2020-02-05,100000.0,0.0,0,,0.0
2020-02-06,100000.0,0.0,0,,0.0
2020-02-07,100000.0,0.0,0,,0.0
2020-02-10,100000.0,0.0,0,,0.0
2020-02-11,100000.0,0.0,0,,0.0
2020-02-12,100000.0,0.0,0,,0.0
2020-02-13,100000.0,0.0,0,,0.0
2020-02-14,100000.0,0.0,0,,0.0
2020-02-18,100000.0,0.0,0,,0.0
2020-02-19,100000.0,0.0,0,,0.0
2020-02-20,100000.0,0.0,0,,0.0
2020-02-21,100000.0,0.0,0,,0.0
2020-02-24,100000.0,0.0,0,,0.0
2020-02-25,100000.0,0.0,0,,0.0
2020-02-26,100000.0,0.0,0,,0.0
2020-02-27,100000.0,0.0,0,,0.0
2020-02-28,100000.0,0.0,0,,0.0
2020-03-02,100000.0,0.0,0,,0.0
2020-03-03,94513.00127955452,-0.054869987204454795,1,156.4285774230957,-0.054869987204454795
2020-03-04,96654.36685641423,0.022656836074075093,0,,-0.03345633143585769
2020-03-05,96654.36685641423,0.0,0,,-0.03345633143585769
2020-03-06,96654.36685641423,0.0,0,,-0.03345633143585769
2020-03-09,96654.36685641423,0.0,0,,-0.03345633143585769
2020-03-10,96654.36685641423,0.0,0,,-0.03345633143585769
2020-03-11,96654.36685641423,0.0,0,,-0.03345633143585769
2020-03-12,96654.36685641423,0.0,0,,-0.03345633143585769
2020-03-13,96654.36685641423,0.0,0,,-0.03345633143585769
2020-03-16,96654.36685641423,0.0,0,,-0.03345633143585769
2020-03-17,96654.36685641423,0.0,0,,-0.03345633143585769
2020-03-18,96654.36685641423,0.0,0,,-0.03345633143585769
2020-03-19,96654.36685641423,0.0,0,,-0.03345633143585769
2020-03-20,96654.36685641423,0.0,0,,-0.03345633143585769
2020-03-23,96654.36685641423,0.0,0,,-0.03345633143585769
2020-03-24,96654.36685641423,0.0,0,,-0.03345633143585769
2020-03-25,96654.36685641423,0.0,0,,-0.03345633143585769
2020-03-26,96654.36685641423,0.0,0,,-0.03345633143585769
2020-03-27,96654.36685641423,0.0,0,,-0.03345633143585769
2020-03-30,96654.36685641423,0.0,0,,-0.03345633143585769
2020-03-31,96654.36685641423,0.0,0,,-0.03345633143585769
2020-04-01,96654.36685641423,0.0,0,,-0.03345633143585769
2020-04-02,96654.36685641423,0.0,0,,-0.03345633143585769
2020-04-03,96654.36685641423,0.0,0,,-0.03345633143585769
2020-04-06,96654.36685641423,0.0,0,,-0.03345633143585769
2020-04-07,93038.24385787471,-0.037412929349705304,1,146.16499219621932,-0.06961756142125286
2020-04-08,93971.52820562804,0.010031190498167808,1,146.16499219621932,-0.06028471794371959
2020-04-09,93977.21583993593,6.052508048437488e-05,1,146.16499219621932,-0.06022784160064065
2020-04-13,94187.77119367316,0.002240493633008489,1,146.5064206804548,-0.05812228806326836
2020-04-14,98848.50529813195,0.04948343129253119,1,155.65713827950614,-0.0115149470186805
2020-04-15,97812.79143236953,-0.010477789852650354,1,155.65713827950614,-0.02187208567630472
2020-04-16,100749.21716630831,0.030020876522771633,1,160.74178096226282,0.0
2020-04-17,101636.98307277616,0.008811640739623705,1,162.7982221330915,0.0
2020-04-20,99622.4490511526,-0.019820875833957752,1,162.7982221330915,-0.019820875833957752
2020-04-21,95502.34412533451,-0.04135719373554603,1,162.7982221330915,-0.06035833376763067
2020-04-22,98746.07578012286,0.033964942792727326,1,162.7982221330915,-0.02844345832838513
2020-04-23,97551.0126362166,-0.012102386190690706,1,162.7982221330915,-0.04020161080178697
2020-04-24,99332.22340004904,0.01825927497518509,1,162.7982221330915,-0.022676388092677024
2020-04-27,99047.68538325337,-0.0028645086866698755,1,162.7982221330915,-0.025475940068673153
2020-04-28,96634.79987479812,-0.024360846991213103,1,162.7982221330915,-0.049216171581915935
2020-04-29,100971.15647207249,0.04487365424145984,1,164.18357358660018,-0.006551026807111282
2020-04-30,101984.11980060332,0.010032204878340778,1,165.94037246704102,0.0
2020-05-01,99343.60735207598,-0.025891407933803845,1,165.94037246704102,-0.025891407933803845
2020-05-04,101773.55576345493,0.02446003800493335,1,165.94037246704102,-0.002064674750932638
2020-05-05,102866.18070594095,0.010735843258002253,1,167.62607356480189,0.0
2020-05-06,103879.13535106063,0.009847304898150888,1,169.75607081821985,0.0
2020-05-07,104482.36324073281,0.00580701685313012,1,171.1946541922433,0.0
2020-05-08,105096.95771560963,0.005882279609820573,1,172.65321132114954,0.0
2020-05-11,106269.26163887314,0.011154499128659179,1,175.4792970929827,0.0
2020-05-12,103862.06376472578,-0.022651873524138666,1,175.4792970929827,-0.022651873524138666
2020-05-13,102291.41703804172,-0.015122429400613258,1,175.4792970929827,-0.03743175156659162
2020-05-14,102735.29564957008,0.004339353431415338,1,175.4792970929827,-0.03325482773478072
2020-05-15,104231.96839660684,0.014568242954611232,1,175.4792970929827,-0.019171049190023326
2020-05-18,105227.85145539168,0.009554487688416824,1,175.4792970929827,-0.009799731055066596
2020-05-19,104499.43482706766,-0.006922279779064122,1,175.4792970929827,-0.016654174354007956
2020-05-20,105654.65848058517,0.011054831592431702,1,175.4792970929827,-0.005783451854370902
2020-05-21,104385.61267362048,-0.012011262212332063,1,175.4792970929827,-0.017725247509987718
2020-05-22,104431.13979831712,0.0004361436746938008,1,175.4792970929827,-0.01729683458987763
2020-05-26,103327.13958721531,-0.010571561444545297,1,175.4792970929827,-0.02768554148475999
2020-05-27,103463.71227789408,0.0013217504251483714,1,175.4792970929827,-0.026400384435839475
2020-05-28,103230.38902010296,-0.002255121652357084,1,175.4792970929827,-0.02859597000962477
2020-05-29,104283.18315561139,0.010198490439703889,1,175.4792970929827,-0.01868911529667805
2020-06-01,104044.17226351236,-0.002291940894653899,1,175.4792970929827,-0.020938221843698646
2020-06-02,105227.85145539168,0.011376698628361659,1,175.4792970929827,-0.009799731055066596
2020-06-03,105483.93393382554,0.0024335998016877802,1,175.54571642194475,-0.00738997987693113
2020-06-04,104095.38702251691,-0.013163586714349473,1,175.54571642194475,-0.02045628795035337
2020-06-05,106531.03175161491,0.023398200427182658,1,178.42321504865373,0.0
2020-06-08,107191.16203459953,0.00619660086014906,1,179.3921459742955,0.0
2020-06-09,108010.63291231684,0.007644948167021326,1,180.7732195172991,0.0
2020-06-10,112016.92436809889,0.037091639478072036,1,186.65249851771765,0.0
2020-06-11,106060.13432109996,-0.05317758973121167,0,,-0.05317758973121167
2020-06-12,106060.13432109996,0.0,0,,-0.05317758973121167
2020-06-15,106060.13432109996,0.0,0,,-0.05317758973121167
2020-06-16,106060.13432109996,0.0,0,,-0.05317758973121167
2020-06-17,106060.13432109996,0.0,0,,-0.05317758973121167
2020-06-18,106060.13432109996,0.0,0,,-0.05317758973121167
2020-06-19,106060.13432109996,0.0,0,,-0.05317758973121167
2020-06-22,106060.13432109996,0.0,0,,-0.05317758973121167
2020-06-23,106060.13432109996,0.0,0,,-0.05317758973121167
2020-06-24,106060.13432109996,0.0,0,,-0.05317758973121167
2020-06-25,106060.13432109996,0.0,0,,-0.05317758973121167
2020-06-26,106060.13432109996,0.0,0,,-0.05317758973121167
2020-06-29,106060.13432109996,0.0,0,,-0.05317758973121167
2020-06-30,106060.13432109996,0.0,0,,-0.05317758973121167
2020-07-01,106060.13432109996,0.0,0,,-0.05317758973121167
2020-07-02,106060.13432109996,0.0,0,,-0.05317758973121167
2020-07-06,106060.13432109996,0.0,0,,-0.05317758973121167
2020-07-07,106060.13432109996,0.0,0,,-0.05317758973121167
2020-07-08,106060.13432109996,0.0,0,,-0.05317758973121167
2020-07-09,106060.13432109996,0.0,0,,-0.05317758973121167
2020-07-10,106060.13432109996,0.0,0,,-0.05317758973121167
2020-07-13,106060.13432109996,0.0,0,,-0.05317758973121167
2020-07-14,106060.13432109996,0.0,0,,-0.05317758973121167
2020-07-15,106060.13432109996,0.0,0,,-0.05317758973121167
2020-07-16,106060.13432109996,0.0,0,,-0.05317758973121167
2020-07-17,106060.13432109996,0.0,0,,-0.05317758973121167
2020-07-20,106060.13432109996,0.0,0,,-0.05317758973121167
2020-07-21,106060.13432109996,0.0,0,,-0.05317758973121167
2020-07-22,106060.13432109996,0.0,0,,-0.05317758973121167
2020-07-23,106060.13432109996,0.0,0,,-0.05317758973121167
2020-07-24,106060.13432109996,0.0,0,,-0.05317758973121167
2020-07-27,106060.13432109996,0.0,0,,-0.05317758973121167
2020-07-28,106060.13432109996,0.0,0,,-0.05317758973121167
2020-07-29,106060.13432109996,0.0,0,,-0.05317758973121167
2020-07-30,106060.13432109996,0.0,0,,-0.05317758973121167
2020-07-31,106060.13432109996,0.0,0,,-0.05317758973121167
2020-08-03,106060.13432109996,0.0,0,,-0.05317758973121167
2020-08-04,105466.14373941587,-0.005600507537410482,1,199.49320929391044,-0.05848027577651116
2020-08-05,105293.08271499223,-0.0016409154472476484,1,199.49320929391044,-0.060025230035877786
2020-08-06,106979.23747002332,0.01601391764352833,1,201.88750512259347,-0.04497255148267798
2020-08-07,105065.62181324833,-0.017887729451345202,1,201.88750512259347,-0.062055824100364254
2020-08-10,104508.10223725016,-0.005306393912455465,0,,-0.06703292536558114
2020-08-11,102447.49677746705,-0.019717183794087156,1,193.3725024632045,-0.0854284086499798
2020-08-12,103254.49037548709,0.007877143155317512,0,,-0.07822419729912922
2020-08-13,102735.56231285703,-0.005025719082462854,1,195.9203611101423,-0.0828567835405154
2020-08-14,102834.01367480704,0.0009582987597829273,1,195.94820840018136,-0.081977886333639
2020-08-17,103513.34084156972,0.0066060551609987694,1,197.4478530883789,-0.07591338161174233
2020-08-18,103480.95231146381,-0.0003128923271394912,0,,-0.07620252122424831
2020-08-19,102451.43335301295,-0.00994887402419864,1,198.5667893545968,-0.08539326596446062
2020-08-20,102219.70176399319,-0.0022618677107356655,0,,-0.08746198540419692
2020-08-21,101665.70608106643,-0.005419656615765156,1,202.1092916216169,-0.0924076280921382
2020-08-24,101985.46871158315,0.0031452359191972423,1,203.3400012425014,-0.0895530359640242
2020-08-25,103312.2480427873,0.013009493881489087,1,206.1057139805385,-0.07770858175597783
2020-08-26,105545.8164884482,0.02161959000965563,1,210.64284896850586,-0.05776901942411827
2020-08-27,108137.33643785068,0.024553507051471968,1,214.94250215802873,-0.034633944398432925
2020-08-28,109249.35069272494,0.01028335162955818,1,217.64214542933874,-0.024706745797442364
2020-08-31,107636.21307148506,-0.014765649507400669,1,217.64214542933874,-0.03910758415592952
2020-09-01,108466.64628667361,0.007715184244144968,1,217.64214542933874,-0.031694122128891
2020-09-02,110557.03558731666,0.01927218524963159,1,220.73927852085657,-0.013032751872251835
2020-09-03,105191.77419633999,-0.0485293528582289,0,,-0.06092963371615856
2020-09-04,105191.77419633999,0.0,0,,-0.06092963371615856
2020-09-08,105191.77419633999,0.0,0,,-0.06092963371615856
2020-09-09,105191.77419633999,0.0,0,,-0.06092963371615856
2020-09-10,101081.90465450395,-0.0390702559514301,1,194.68214089529855,-0.09761935328327143
2020-09-11,101829.64686978086,0.007397389451976322,0,,-0.09094409220558142
2020-09-14,101829.64686978086,0.0,0,,-0.09094409220558142
2020-09-15,101829.64686978086,0.0,0,,-0.09094409220558142
2020-09-16,101829.64686978086,0.0,0,,-0.09094409220558142
2020-09-17,101829.64686978086,0.0,0,,-0.09094409220558142
2020-09-18,101829.64686978086,0.0,0,,-0.09094409220558142
2020-09-21,101829.64686978086,0.0,0,,-0.09094409220558142
2020-09-22,101829.64686978086,0.0,0,,-0.09094409220558142
2020-09-23,101829.64686978086,0.0,0,,-0.09094409220558142
2020-09-24,101829.64686978086,0.0,0,,-0.09094409220558142
2020-09-25,101829.64686978086,0.0,0,,-0.09094409220558142
2020-09-28,101829.64686978086,0.0,0,,-0.09094409220558142
2020-09-29,101829.64686978086,0.0,0,,-0.09094409220558142
2020-09-30,101829.64686978086,0.0,0,,-0.09094409220558142
2020-10-01,101829.64686978086,0.0,0,,-0.09094409220558142
2020-10-02,101829.64686978086,0.0,0,,-0.09094409220558142
2020-10-05,101829.64686978086,0.0,0,,-0.09094409220558142
2020-10-06,101829.64686978086,0.0,0,,-0.09094409220558142
2020-10-07,103037.34604350175,0.011859995697179215,1,195.77642277308874,-0.08016269305064427
2020-10-08,103216.2006095295,0.0017358227176409446,0,,-0.07856601855670786
2020-10-09,105296.24515127506,0.020152306803216335,1,202.7528473990304,-0.05999699826375349
2020-10-12,108023.67034680823,0.025902397484495188,1,207.98034395490373,-0.03564866687616264
2020-10-13,108736.02485589035,0.006594429783723488,1,210.02784946986608,-0.029289319723037277
2020-10-14,107760.20124862037,-0.008974243895371936,1,210.02784946986608,-0.038000714119685086
2020-10-15,107174.70857324706,-0.0054332923341753325,1,210.02784946986608,-0.04322753746514074
2020-10-16,107174.70857324706,0.0,1,210.02784946986608,-0.04322753746514074
2020-10-19,104520.46717028182,-0.02476555745566822,1,210.02784946986608,-0.06692254085804894
2020-10-20,104730.26567227209,0.002007248031607789,1,210.02784946986608,-0.06504962296484862
2020-10-21,104803.4569097833,0.0006988546915391858,1,210.02784946986608,-0.06439622850750126
2020-10-22,104847.36718532407,0.00041897735852902684,1,210.02784946986608,-0.06400423171069158
2020-10-23,105501.16721540855,0.006235731498425379,1,210.02784946986608,-0.058167613415977204
2020-10-26,102321.35424814673,-0.03014007381330097,0,,-0.0865545110673771
2020-10-27,102321.35424814673,0.0,0,,-0.0865545110673771
2020-10-28,102321.35424814673,0.0,0,,-0.0865545110673771
2020-10-29,102321.35424814673,0.0,0,,-0.0865545110673771
2020-10-30,102321.35424814673,0.0,0,,-0.0865545110673771
2020-11-02,102321.35424814673,0.0,0,,-0.0865545110673771
2020-11-03,102321.35424814673,0.0,0,,-0.0865545110673771
2020-11-04,103299.4818644823,0.009559369337151624,1,201.44178662981307,-0.07782254826931512
2020-11-05,106593.37620518824,0.03188684281134324,1,207.49177878243583,-0.04841722082181377
2020-11-06,106798.65185084663,0.0019257823794158746,1,208.32357243129186,-0.04658467947311684
2020-11-09,104254.23469183891,-0.023824431440962468,1,208.32357243129186,-0.0692992574117729
2020-11-10,102243.64487289672,-0.019285449889735573,0,,-0.08724823994529773
2020-11-11,102243.64487289672,0.0,0,,-0.08724823994529773
2020-11-12,102243.64487289672,0.0,0,,-0.08724823994529773
2020-11-13,102243.64487289672,0.0,0,,-0.08724823994529773
2020-11-16,102243.64487289672,0.0,0,,-0.08724823994529773
2020-11-17,101315.73646740407,-0.009075462896947495,1,199.15357862200057,-0.09553188467779772
2020-11-18,100781.66857002306,-0.005271322264462253,0,,-0.10029962759159183
2020-11-19,100781.66857002306,0.0,0,,-0.10029962759159183
2020-11-20,100781.66857002306,0.0,0,,-0.10029962759159183
2020-11-23,100781.66857002306,0.0,0,,-0.10029962759159183
2020-11-24,102680.88529208218,0.018844862850623922,1,200.48857934134347,-0.0833448974669001
2020-11-25,102685.68396788431,4.6733876402305086e-05,1,201.37357548304968,-0.08330205862063467
2020-11-27,103338.66286188096,0.006359006131768874,1,203.43536049979073,-0.07747277079042347
2020-11-30,102781.71609370764,-0.005389529463117992,1,203.43536049979073,-0.0824447584727771
2020-12-01,103809.19683450299,0.009996726848368498,1,206.29929787772042,-0.07327220935494072
2020-12-02,103405.88095422373,-0.003885165212502706,1,206.29929787772042,-0.07687269992861434
2020-12-03,102863.3375396794,-0.005246736544747388,1,206.29929787772042,-0.08171610566935295
2020-12-04,102699.45226255977,-0.0015932331289212343,0,,-0.0831791459915554
2020-12-07,102699.45226255977,0.0,0,,-0.0831791459915554
2020-12-08,102699.45226255977,0.0,0,,-0.0831791459915554
2020-12-09,102699.45226255977,0.0,0,,-0.0831791459915554
2020-12-10,101940.34486780495,-0.007391542778768745,1,202.97536414010185,-0.08995586655442611
2020-12-11,101560.18650029392,-0.0037292238711180703,0,,-0.09334962486064224
2020-12-14,101560.18650029392,0.0,0,,-0.09334962486064224
2020-12-15,101560.18650029392,0.0,0,,-0.09334962486064224
2020-12-16,101560.18650029392,0.0,0,,-0.09334962486064224
2020-12-17,101200.52754277711,-0.003541338096260449,1,210.95392227172852,-0.09656038037411208
2020-12-18,100817.71547521191,-0.003782708221588993,1,210.95392227172852,-0.09997782885098017
2020-12-21,102662.5888393044,0.018299099075956393,1,213.2096394130162,-0.08350823397056684
2020-12-22,103285.23641473896,0.0060649900073062035,1,214.4935749598912,-0.0779497205678199
2020-12-23,101938.47970346746,-0.013039198611732306,1,214.4935749598912,-0.08997251729133937
2020-12-24,102736.3854629001,0.007827326459583173,1,214.4935749598912,-0.08284943509698595
2020-12-28,103755.68109311989,0.009921466728921136,1,215.2403678894043,-0.0737499562818894
2020-12-29,103382.08832527912,-0.003600696982611118,1,215.2403678894043,-0.07708510201944863
2020-12-30,102242.87845994135,-0.01101941239330928,1,215.2403678894043,-0.08725508188422526
2020-12-31,102584.18256584647,0.003338169963972959,1,215.2403678894043,-0.08420818421380216
2021-01-04,99123.89619105846,-0.03373118826157162,0,,-0.11509893036049301
2021-01-05,99123.89619105846,0.0,0,,-0.11509893036049301
2021-01-06,99123.89619105846,0.0,0,,-0.11509893036049301
2021-01-07,99123.89619105846,0.0,0,,-0.11509893036049301
2021-01-08,99400.8818791326,0.0027943381840063175,1,208.571781703404,-0.11262621751253143
2021-01-11,98436.84011732327,-0.009698523228210076,1,208.571781703404,-0.12123243275409079
2021-01-12,97278.16815062027,-0.01177071475803182,1,208.571781703404,-0.13157615512675191
2021-01-13,97916.34140707487,0.00656029270068581,1,208.571781703404,-0.12587904051612842
2021-01-14,96413.69981490407,-0.015346177875700584,1,208.571781703404,-0.13929345624524603
2021-01-15,96495.04179765366,0.0008436766030734955,0,,-0.13856729827216796
2021-01-19,96495.04179765366,0.0,0,,-0.13856729827216796
2021-01-20,96495.04179765366,0.0,0,,-0.13856729827216796
2021-01-21,96466.29284308202,-0.00029793193552807296,1,213.25571714128768,-0.13882394658432085
2021-01-22,96886.51133588013,0.004356117358854661,1,213.91785594395228,-0.1350725626290068
2021-01-25,98421.60269534761,0.015844221639333522,1,217.96750150408064,-0.12136846060936013
2021-01-26,99622.2335033966,0.012198854470653053,1,220.44072123936243,-0.11065016232700775
2021-01-27,99866.64396347404,0.00245337262057177,1,220.44072123936243,-0.10846825578515085
2021-01-28,102452.28482639256,0.025890935754927513,1,225.79249409266882,-0.08538566467220576
2021-01-29,99463.58098469875,-0.02917166607614674,1,225.79249409266882,-0.11206648865084512
2021-02-01,102761.01864968834,0.03315221141592373,1,225.79249409266882,-0.08262952915931443
2021-02-02,102700.98743643146,-0.000584182738218364,1,225.79249409266882,-0.08316544115293079
2021-02-03,104197.48870371486,0.01457143991151666,1,227.33929170880998,-0.06980584146988877
2021-02-04,103772.97806095527,-0.004074096679687611,1,227.33929170880998,-0.07359554240262112
2021-02-05,103854.45039528493,0.0007851016310027603,1,227.33929170880998,-0.07286822075199317
2021-02-08,103970.22721474872,0.0011147988268498388,1,227.33929170880998,-0.07183465533215239
2021-02-09,104527.66364808341,0.005361500578269451,1,229.70215007237024,-0.06685829629998596
2021-02-10,104120.30851934667,-0.003897103546752989,1,229.70215007237024,-0.07049484614309842
2021-02-11,104836.3974713792,0.006877514696371323,1,230.59179633004325,-0.06410216078709463
2021-02-12,105050.79559628396,0.0020450733721872894,1,231.62572315761022,-0.06218818103703261
2021-02-16,104497.64476999921,-0.00526555580226673,1,231.62572315761022,-0.06712628150180744
2021-02-17,104712.04289490398,0.002051702939110722,1,232.3303565979004,-0.06521230175174542
2021-02-18,104536.23486218331,-0.0016789666962865324,1,233.06321171351843,-0.06678177916520256
2021-02-19,103327.03284003444,-0.011567300312116946,1,233.06321171351843,-0.07757659458233812
2021-02-22,99786.72620459335,-0.034263121064571966,0,,-0.10918169939495825
2021-02-23,99786.72620459335,0.0,0,,-0.10918169939495825
2021-02-24,99786.72620459335,0.0,0,,-0.10918169939495825
2021-02-25,99786.72620459335,0.0,0,,-0.10918169939495825
2021-02-26,99786.72620459335,0.0,0,,-0.10918169939495825
2021-03-01,99786.72620459335,0.0,0,,-0.10918169939495825
2021-03-02,98317.23749387605,-0.014726294434235676,1,225.1117820739746,-0.12230015197707345
2021-03-03,97451.97202352378,-0.008800750432050752,0,,-0.13002456929377215
2021-03-04,97451.97202352378,0.0,0,,-0.13002456929377215
2021-03-05,97451.97202352378,0.0,0,,-0.13002456929377215
2021-03-08,97451.97202352378,0.0,0,,-0.13002456929377215
2021-03-09,97451.97202352378,0.0,0,,-0.13002456929377215
2021-03-10,97451.97202352378,0.0,0,,-0.13002456929377215
2021-03-11,97451.97202352378,0.0,0,,-0.13002456929377215
2021-03-12,97451.97202352378,0.0,0,,-0.13002456929377215
2021-03-15,97451.97202352378,0.0,0,,-0.13002456929377215
2021-03-16,97451.97202352378,0.0,0,,-0.13002456929377215
2021-03-17,97451.97202352378,0.0,0,,-0.13002456929377215
2021-03-18,97451.97202352378,0.0,0,,-0.13002456929377215
2021-03-19,97451.97202352378,0.0,0,,-0.13002456929377215
2021-03-22,97451.97202352378,0.0,0,,-0.13002456929377215
2021-03-23,97342.88691290884,-0.0011193730444839511,1,223.1085717337472,-0.130998396340268
2021-03-24,96474.26815982435,-0.008923289421872482,1,223.1085717337472,-0.13875274915779512
2021-03-25,95195.91638419064,-0.013250701974913404,1,223.1085717337472,-0.1501648798054187
2021-03-26,96892.18496445875,0.017818711607568538,1,223.44963836669922,-0.135021912884688
2021-03-29,96384.12777013434,-0.00524353119408727,1,223.44963836669922,-0.13955745246667917
2021-03-30,95539.96700316951,-0.008758296479873251,0,,-0.14709346340187335
2021-03-31,95539.96700316951,0.0,0,,-0.14709346340187335
2021-04-01,96949.01798693884,0.014748288365251216,1,229.35894012451172,-0.13451455185151662
2021-04-05,99637.26846274003,0.027728496189237894,1,235.42358452933175,-0.11051594190069047
2021-04-06,99153.22076431778,-0.004858098840829439,1,235.42358452933175,-0.11483714337227902
2021-04-07,99969.29396757591,0.008230425567293365,1,237.02321897234236,-0.10755187636587171
2021-04-08,101309.42103094132,0.013405386896101046,1,240.81429399762834,-0.09558826398385689
2021-04-09,102349.52019391893,0.010266559145175158,1,243.3375129699707,-0.08630306740445659
2021-04-12,102373.52144929663,0.0002345028616863587,1,244.06000627790178,-0.08608880285904885
2021-04-13,103405.61205503733,0.01008161672207275,1,246.95784977504186,-0.07687510045146317
2021-04-14,102245.50661517121,-0.011218979481004032,1,246.95784977504186,-0.08723161975790206
2021-04-15,103809.65353417283,0.015297952651246671,1,247.9750039236886,-0.0732681322954033
2021-04-16,104305.69575620069,0.004778382406069426,1,249.52928161621094,-0.06883985304361984
2021-04-19,103505.6213551666,-0.007670476623866662,1,249.52928161621094,-0.07598229518392496
2021-04-20,103313.61131214499,-0.0018550687441675207,1,249.52928161621094,-0.07769641154718676
2021-04-21,104241.68833913798,0.00898310508369482,1,250.41570390973772,-0.06941126149304633
2021-04-22,102877.57222856139,-0.013086089954132407,1,250.41570390973772,-0.08158902943545088
2021-04-23,104469.71247339266,0.01547606742987706,1,251.73571068899972,-0.06737563932665502
2021-04-26,104629.72491196617,0.0015316634341677737,1,252.18034744262695,-0.06594717269559758
2021-04-27,104797.7459077766,0.001605862922336776,1,252.72000067574638,-0.06444721189272562
2021-04-28,101833.46878696531,-0.02828569541390602,1,252.72000067574638,-0.09090997310075855
2021-04-29,100945.75548261347,-0.008717303995692482,0,,-0.09883478722469152
2021-04-30,100945.75548261347,0.0,0,,-0.09883478722469152
2021-05-03,100945.75548261347,0.0,0,,-0.09883478722469152
2021-05-04,100945.75548261347,0.0,0,,-0.09883478722469152
2021-05-05,100945.75548261347,0.0,0,,-0.09883478722469152
2021-05-06,100945.75548261347,0.0,0,,-0.09883478722469152
2021-05-07,100945.75548261347,0.0,0,,-0.09883478722469152
2021-05-10,100945.75548261347,0.0,0,,-0.09883478722469152
2021-05-11,100945.75548261347,0.0,0,,-0.09883478722469152
2021-05-12,100945.75548261347,0.0,0,,-0.09883478722469152
2021-05-13,100945.75548261347,0.0,0,,-0.09883478722469152
2021-05-14,100945.75548261347,0.0,0,,-0.09883478722469152
2021-05-17,100945.75548261347,0.0,0,,-0.09883478722469152
2021-05-18,100945.75548261347,0.0,0,,-0.09883478722469152
2021-05-19,100945.75548261347,0.0,0,,-0.09883478722469152
2021-05-20,100945.75548261347,0.0,0,,-0.09883478722469152
2021-05-21,100945.75548261347,0.0,0,,-0.09883478722469152
2021-05-24,100945.75548261347,0.0,0,,-0.09883478722469152
2021-05-25,100945.75548261347,0.0,0,,-0.09883478722469152
2021-05-26,100945.75548261347,0.0,0,,-0.09883478722469152
2021-05-27,100945.75548261347,0.0,0,,-0.09883478722469152
2021-05-28,100945.75548261347,0.0,0,,-0.09883478722469152
2021-06-01,100945.75548261347,0.0,0,,-0.09883478722469152
2021-06-02,100945.75548261347,0.0,0,,-0.09883478722469152
2021-06-03,100945.75548261347,0.0,0,,-0.09883478722469152
2021-06-04,100945.75548261347,0.0,0,,-0.09883478722469152
2021-06-07,102338.86066047408,0.013800532485990002,1,244.1671404157366,-0.08639822743054182
2021-06-08,101838.88355540848,-0.004885505875664942,1,244.1671404157366,-0.09086163425844773
2021-06-09,102250.15385425194,0.004038440765306461,1,244.24713788713728,-0.08719013282093302
2021-06-10,103721.86978497553,0.014393288178532915,1,248.06856155395508,-0.07405179735041623
2021-06-11,103983.9664658649,0.0025269182037763738,1,249.0239415849958,-0.07171200198138705
2021-06-14,104790.3875024267,0.007755244043575971,1,251.53108106340682,-0.06451290201403015
2021-06-15,104173.46359664877,-0.005887218479496914,1,251.53108106340682,-0.07002031894462413
2021-06-16,103778.32516393892,-0.0037930814534475887,1,251.53108106340682,-0.07354780762491842
2021-06-17,105197.62175848463,0.01367623337824786,1,251.53108106340682,-0.060877431228207435
2021-06-18,104604.90180441138,-0.005634347470649392,1,251.53108106340682,-0.06616877409819666
2021-06-21,105895.18038491365,0.012334781241081894,1,252.51036780221122,-0.054650170210606475
2021-06-22,107056.42864636399,0.010966016179672966,1,255.39751434326172,-0.04428344868168499
2021-06-23,106959.6497545708,-0.0009039988818688727,1,255.49678094046456,-0.04514741537546041
2021-06-24,107532.21410473342,0.005353087369642795,1,257.5167890276228,-0.04003600606483593
2021-06-25,106858.84712500057,-0.006262002371466124,1,257.5167890276228,-0.046047302871380036
2021-06-28,108350.7309646433,0.013961257114233794,1,259.79857689993725,-0.0327289239919506
2021-06-29,109431.33220043406,0.009973179010147826,1,262.3517853873117,-0.023082156399583997
2021-06-30,109229.72694129361,-0.0018422992308197994,1,262.3517853873117,-0.02488193139142314
2021-07-01,109511.97922609364,0.0025840244474082397,1,262.8571586608887,-0.022362202463029113
2021-07-02,111951.39793968968,0.02227535956189519,1,268.3267947605678,-0.0005849690015937714
2021-07-06,111955.4339824752,3.605174084286844e-05,1,268.3267947605678,-0.000548938349901773
2021-07-07,112870.71742916979,0.008175426722367707,1,270.5817881992885,0.0
2021-07-08,111858.6673956905,-0.008966453448073342,1,270.5817881992885,-0.008966453448073342
2021-07-09,112068.33243539352,0.0018743745530360734,1,270.5817881992885,-0.007108885387211217
2021-07-12,111818.34388286072,-0.0022306796853331923,1,270.5817881992885,-0.009323707426325822
2021-07-13,113294.09585636982,0.013197762748615505,1,271.9478759765625,0.0
2021-07-14,113911.00745713926,0.005445222860964716,1,273.351085117885,0.0
2021-07-15,113314.25146028047,-0.005238791317716429,1,273.351085117885,-0.005238791317716429
2021-07-16,113201.35300736215,-0.0009963305715159354,1,273.351085117885,-0.00622990232128473
2021-07-19,111693.34960659432,-0.013321425589937541,1,273.351085117885,-0.019468336731016667
2021-07-20,112624.76491942251,0.00833904002439545,1,273.351085117885,-0.0112916439458296
2021-07-21,113463.43738324304,0.00744660789676721,1,273.351085117885,-0.003929120494036709
2021-07-22,115374.66360730027,0.016844423790914442,1,275.0310821533203,0.0
2021-07-23,116797.9962446315,0.012336613540870678,1,279.01644134521484,0.0
2021-07-26,116547.99538709021,-0.002140455021314547,1,279.01644134521484,-0.002140455021314547
2021-07-27,115535.94535361094,-0.00868354732415566,1,279.01644134521484,-0.010805415602997304
2021-07-28,115406.91503455902,-0.0011167980549863232,1,279.01644134521484,-0.011910146190854953
2021-07-29,115519.81348747732,0.0009782641957329918,1,279.01644134521484,-0.010943533264706429
2021-07-30,114878.71024001171,-0.005549725437663633,1,279.01644134521484,-0.01643252509743298
2021-08-02,114842.42276996745,-0.00031587637055163764,1,279.01644134521484,-0.016743210821597798
2021-08-03,115769.80204001012,0.008075232546253641,1,279.01644134521484,-0.008803183596299391
2021-08-04,115523.84953026284,-0.002124496245249463,1,279.01644134521484,-0.010908977511052353
2021-08-05,116737.50482288258,0.010505668721693784,1,279.13964189801897,-0.0005179148931822031
2021-08-06,116713.3131761864,-0.00020723114420573285,1,279.865357535226,-0.0007250387092919697
2021-08-09,116257.68332172763,-0.003903837891834794,1,279.865357535226,-0.004626046167540365
2021-08-10,115495.62184078115,-0.006554934342167917,1,279.865357535226,-0.011150657080816195
2021-08-11,115701.26314270712,0.0017805116648443864,1,279.865357535226,-0.009389999290974949
2021-08-12,116854.43931858642,0.00996684171422535,1,280.85642896379744,0.0
2021-08-13,118080.20273956272,0.010489660710573778,1,283.7982199532645,0.0
2021-08-16,118785.8211465543,0.005975755381686598,1,285.874997820173,0.0
2021-08-17,118172.9332835619,-0.005159604547719909,1,285.874997820173,-0.005159604547719909
2021-08-18,117225.39840960858,-0.008018205587566052,1,285.874997820173,-0.013136439365271757
2021-08-19,119660.7810804191,0.020775213425172634,1,287.10033634730746,0.0
2021-08-20,122721.1474375701,0.025575349997876584,1,293.6117597307478,0.0
2021-08-23,122838.08193327392,0.000952847151004077,1,293.8446295601981,0.0
2021-08-24,122019.56507336404,-0.006663380337984304,1,293.8446295601981,-0.006663380337984304
2021-08-25,121773.61256361677,-0.002015680924607355,1,293.8446295601981,-0.008665630013950931
2021-08-26,120596.2324360328,-0.009668598169976117,1,293.8446295601981,-0.018250443689432516
2021-08-27,120850.25703135114,0.0021064057324764462,1,293.8446295601981,-0.01618248079616369
2021-08-30,122410.67976829685,0.012912034903996172,1,293.8446295601981,-0.00347939464904079
2021-08-31,121721.1932274389,-0.0056325685157784244,1,293.8446295601981,-0.009092365236065159
2021-09-01,121701.02531851975,-0.0001656893790177305,1,293.8446295601981,-0.009256548106733042
2021-09-02,121426.84511929078,-0.0022528996654824773,1,293.8446295601981,-0.011488593698082417
2021-09-03,121422.82138151374,-3.3137135145744345e-05,1,293.8446295601981,-0.011521350134146124
2021-09-07,121035.73042435797,-0.0031879588429223338,1,293.8446295601981,-0.01467257938702582
2021-09-08,121047.82624770606,9.993597184632108e-05,1,293.8446295601981,-0.014574109733660023
2021-09-09,119854.32655899698,-0.009859736648775264,1,293.8446295601981,-0.024290149498571
2021-09-10,119233.37891544202,-0.005180852968618588,1,293.8446295601981,-0.02934515877405175
2021-09-13,119749.48788664123,0.004328561145325205,1,293.8446295601981,-0.025143619942799345
2021-09-14,120878.48472083284,0.009427988829984413,1,293.8446295601981,-0.015952684880781054
2021-09-15,122906.63313558542,0.016778407004658824,1,295.1074992588588,0.0
2021-09-16,123067.91488189608,0.0013122297974978991,1,295.31642041887557,0.0
2021-09-17,120910.73614809157,-0.01752836014061565,1,295.31642041887557,-0.01752836014061565
2021-09-20,118896.0749035535,-0.01666238506786122,0,,-0.033898680922205826
2021-09-21,118896.0749035535,0.0,0,,-0.033898680922205826
2021-09-22,118896.0749035535,0.0,0,,-0.033898680922205826
2021-09-23,118896.0749035535,0.0,0,,-0.033898680922205826
2021-09-24,118896.0749035535,0.0,0,,-0.033898680922205826
2021-09-27,117928.2545784463,-0.008140052780483131,1,284.32572283063615,-0.04176279665079341
2021-09-28,116002.11364016849,-0.016333159047957735,0,,-0.05741383729876626
2021-09-29,116002.11364016849,0.0,0,,-0.05741383729876626
2021-09-30,116002.11364016849,0.0,0,,-0.05741383729876626
2021-10-01,116002.11364016849,0.0,0,,-0.05741383729876626
2021-10-04,116002.11364016849,0.0,0,,-0.05741383729876626
2021-10-05,116002.11364016849,0.0,0,,-0.05741383729876626
2021-10-06,116002.11364016849,0.0,0,,-0.05741383729876626
2021-10-07,116002.11364016849,0.0,0,,-0.05741383729876626
2021-10-08,116002.11364016849,0.0,0,,-0.05741383729876626
2021-10-11,116002.11364016849,0.0,0,,-0.05741383729876626
2021-10-12,116002.11364016849,0.0,0,,-0.05741383729876626
2021-10-13,116002.11364016849,0.0,0,,-0.05741383729876626
2021-10-14,116002.11364016849,0.0,0,,-0.05741383729876626
2021-10-15,116002.11364016849,0.0,0,,-0.05741383729876626
2021-10-18,117247.75268062777,0.010738071931371662,1,293.28107779366627,-0.04729227928216473
2021-10-19,117606.41443566195,0.0030590075019274465,1,294.52107892717635,-0.044377939217344675
2021-10-20,117293.53730567792,-0.002660374703925661,1,294.52107892717635,-0.04692025197436411
2021-10-21,118571.74576082258,0.010897518179654897,1,298.2385711669922,-0.03653404809359384
2021-10-22,117961.25692390658,-0.005148687261023022,1,298.2385711669922,-0.04149463296660372
2021-10-25,117568.2567000848,-0.0033316042408337854,1,298.2385711669922,-0.04468799351227415
2021-10-26,118323.72630162422,0.006425795727043937,1,300.04569135393416,-0.03854935370299151
2021-10-27,123306.83313652544,0.042114181074711654,1,310.88072095598494,0.0
2021-10-28,123757.06414165988,0.0036513062064933433,1,311.94821275983537,0.0
2021-10-29,126530.95802093735,0.022414024593394588,1,318.70391518729076,0.0
2021-11-01,125672.46136892907,-0.006784874353565118,1,318.70391518729076,-0.006784874353565118
2021-11-02,127107.10838906575,0.011415762884798397,1,319.88534872872486,0.0
2021-11-03,127439.05856478531,0.0026115783761164746,1,321.23927089146207,0.0
2021-11-04,128370.05142115834,0.007305396531156472,1,323.1257062639509,0.0
2021-11-05,128225.05901242886,-0.0011294878137407816,1,323.1257062639509,-0.0011294878137407816
2021-11-08,128579.9015006735,0.002767341196624029,1,323.67926352364674,0.0
2021-11-09,128183.09365416826,-0.003086079876201797,1,323.67926352364674,-0.003086079876201797
2021-11-10,126218.08089095332,-0.01532973426680162,1,323.67926352364674,-0.018368505358575038
2021-11-11,126840.01588413186,0.004927463551881006,1,323.67926352364674,-0.013531551947351006
2021-11-12,128476.88609431068,0.012904998464160489,1,323.67926352364674,-0.0008011781402886831
2021-11-15,128228.87827921839,-0.0019303691320027294,1,323.67926352364674,-0.0027300007027402096
2021-11-16,129541.42520315065,0.010235969787353083,1,327.52964782714844,0.0
2021-11-17,129392.61352763163,-0.0011487574363616693,1,327.52964782714844,-0.0011487574363616693
2021-11-18,130212.95244406279,0.0063399207579648564,1,329.6628407069615,0.0
2021-11-19,130915.01053107905,0.0053916148419863585,1,331.75640542166576,0.0
2021-11-22,129663.513655249,-0.009559613299904623,1,331.75640542166576,-0.009559613299904623
2021-11-23,128843.17473881785,-0.006326675047633512,1,331.75640542166576,-0.015825807780608603
2021-11-24,128930.93636623466,0.0006811507679371775,1,331.75640542166576,-0.015155436773794384
2021-11-26,126393.13141857684,-0.019683444634645775,0,,-0.034540570207789334
2021-11-29,126393.13141857684,0.0,0,,-0.034540570207789334
2021-11-30,126393.13141857684,0.0,0,,-0.034540570207789334
2021-12-01,126393.13141857684,0.0,0,,-0.034540570207789334
2021-12-02,126393.13141857684,0.0,0,,-0.034540570207789334
2021-12-03,126393.13141857684,0.0,0,,-0.034540570207789334
2021-12-06,126393.13141857684,0.0,0,,-0.034540570207789334
2021-12-07,126393.13141857684,0.0,0,,-0.034540570207789334
2021-12-08,126393.13141857684,0.0,0,,-0.034540570207789334
2021-12-09,126393.13141857684,0.0,0,,-0.034540570207789334
2021-12-10,129052.05716472692,0.021036948102381547,1,321.8900059291295,-0.01423025028829572
2021-12-13,127869.05564724114,-0.009166855170512744,1,321.8900059291295,-0.023266658815375596
2021-12-14,123702.19804939006,-0.032586911483466374,1,321.8900059291295,-0.055095381747509276
2021-12-15,123618.21062141717,-0.0006789485498015502,0,,-0.055736923367772584
2021-12-16,123618.21062141717,0.0,0,,-0.055736923367772584
2021-12-17,123618.21062141717,0.0,0,,-0.055736923367772584
2021-12-20,123618.21062141717,0.0,0,,-0.055736923367772584
2021-12-21,123618.21062141717,0.0,0,,-0.055736923367772584
2021-12-22,123618.21062141717,0.0,0,,-0.055736923367772584
2021-12-23,123618.21062141717,0.0,0,,-0.055736923367772584
2021-12-27,123618.21062141717,0.0,0,,-0.055736923367772584
2021-12-28,122749.62210592504,-0.007026379941319383,1,322.76605551583424,-0.06237167450874981
2021-12-29,123001.42059349315,0.002051317822802101,1,322.76605551583424,-0.060448300813505496
2021-12-30,122055.39244550203,-0.007691196926234212,1,322.76605551583424,-0.06767457795432674
2021-12-31,120976.27488852687,-0.008841211644598057,1,322.76605551583424,-0.07591746433227187
2022-01-03,120411.53406581217,-0.004668194844278939,1,322.76605551583424,-0.08023126166096417
2022-01-04,118346.82598621883,-0.017147095547049962,1,322.76605551583424,-0.09600262409845317
2022-01-05,115926.6878422678,-0.020449539933017236,0,,-0.11448895453629471
2022-01-06,115926.6878422678,0.0,0,,-0.11448895453629471
2022-01-07,115926.6878422678,0.0,0,,-0.11448895453629471
2022-01-10,115926.6878422678,0.0,0,,-0.11448895453629471
2022-01-11,115926.6878422678,0.0,0,,-0.11448895453629471
2022-01-12,115926.6878422678,0.0,0,,-0.11448895453629471
2022-01-13,115926.6878422678,0.0,0,,-0.11448895453629471
2022-01-14,115926.6878422678,0.0,0,,-0.11448895453629471
2022-01-18,115926.6878422678,0.0,0,,-0.11448895453629471
2022-01-19,115926.6878422678,0.0,0,,-0.11448895453629471
2022-01-20,115926.6878422678,0.0,0,,-0.11448895453629471
2022-01-21,115926.6878422678,0.0,0,,-0.11448895453629471
2022-01-24,115926.6878422678,0.0,0,,-0.11448895453629471
2022-01-25,115926.6878422678,0.0,0,,-0.11448895453629471
2022-01-26,115926.6878422678,0.0,0,,-0.11448895453629471
2022-01-27,115926.6878422678,0.0,0,,-0.11448895453629471
2022-01-28,115926.6878422678,0.0,0,,-0.11448895453629471
2022-01-31,115926.6878422678,0.0,0,,-0.11448895453629471
2022-02-01,115926.6878422678,0.0,0,,-0.11448895453629471
2022-02-02,115926.6878422678,0.0,0,,-0.11448895453629471
2022-02-03,115926.6878422678,0.0,0,,-0.11448895453629471
2022-02-04,115926.6878422678,0.0,0,,-0.11448895453629471
2022-02-07,115926.6878422678,0.0,0,,-0.11448895453629471
2022-02-08,115926.6878422678,0.0,0,,-0.11448895453629471
2022-02-09,115926.6878422678,0.0,0,,-0.11448895453629471
2022-02-10,115926.6878422678,0.0,0,,-0.11448895453629471
2022-02-11,115926.6878422678,0.0,0,,-0.11448895453629471
2022-02-14,115926.6878422678,0.0,0,,-0.11448895453629471
2022-02-15,115926.6878422678,0.0,0,,-0.11448895453629471
2022-02-16,115926.6878422678,0.0,0,,-0.11448895453629471
2022-02-17,115926.6878422678,0.0,0,,-0.11448895453629471
2022-02-18,115926.6878422678,0.0,0,,-0.11448895453629471
2022-02-22,115926.6878422678,0.0,0,,-0.11448895453629471
2022-02-23,115926.6878422678,0.0,0,,-0.11448895453629471
2022-02-24,115926.6878422678,0.0,0,,-0.11448895453629471
2022-02-25,115926.6878422678,0.0,0,,-0.11448895453629471
2022-02-28,115926.6878422678,0.0,0,,-0.11448895453629471
2022-03-01,115926.6878422678,0.0,0,,-0.11448895453629471
2022-03-02,115926.6878422678,0.0,0,,-0.11448895453629471
2022-03-03,115926.6878422678,0.0,0,,-0.11448895453629471
2022-03-04,115926.6878422678,0.0,0,,-0.11448895453629471
2022-03-07,115926.6878422678,0.0,0,,-0.11448895453629471
2022-03-08,115926.6878422678,0.0,0,,-0.11448895453629471
2022-03-09,115926.6878422678,0.0,0,,-0.11448895453629471
2022-03-10,115926.6878422678,0.0,0,,-0.11448895453629471
2022-03-11,115926.6878422678,0.0,0,,-0.11448895453629471
2022-03-14,115926.6878422678,0.0,0,,-0.11448895453629471
2022-03-15,115926.6878422678,0.0,0,,-0.11448895453629471
2022-03-16,115926.6878422678,0.0,0,,-0.11448895453629471
2022-03-17,115926.6878422678,0.0,0,,-0.11448895453629471
2022-03-18,115926.6878422678,0.0,0,,-0.11448895453629471
2022-03-21,115857.61863661818,-0.0005958007335084003,1,275.0510787963867,-0.1150165426667118
2022-03-22,117755.27078674264,0.016379174476875313,1,280.22606876918246,-0.1005212442099015
2022-03-23,115985.41465873594,-0.015029952512375822,1,280.22606876918246,-0.11404036719531752
2022-03-24,117770.76515324558,0.01539288797442917,1,281.2678658621652,-0.10040288981768863
2022-03-25,117608.10385181148,-0.001381168757988771,1,281.7621372767857,-0.10164538524104938
2022-03-28,120326.79196424979,0.023116503228926444,1,290.0035847255162,-0.0808785678882532
2022-03-29,122150.86064690867,0.015159289572024948,1,295.96000126429965,-0.0669453399470169
2022-03-30,121550.57508699155,-0.004914296606164048,1,295.96000126429965,-0.07153064729628078
2022-03-31,119401.19562020323,-0.01768300532720679,1,295.96000126429965,-0.0879487758062889
2022-04-01,119831.07860480415,0.0036003239529385223,1,295.96000126429965,-0.08466509593751737
2022-04-04,121980.45807159247,0.017936744722768072,1,298.5664324079241,-0.06824696742750924
2022-04-05,120396.49888540493,-0.012985352008252682,1,298.5664324079241,-0.08034610854022006
2022-04-06,115454.30086579491,-0.041049349984122685,0,,-0.11809730299501286
2022-04-07,115454.30086579491,0.0,0,,-0.11809730299501286
2022-04-08,115454.30086579491,0.0,0,,-0.11809730299501286
2022-04-11,115454.30086579491,0.0,0,,-0.11809730299501286
2022-04-12,115454.30086579491,0.0,0,,-0.11809730299501286
2022-04-13,115454.30086579491,0.0,0,,-0.11809730299501286
2022-04-14,115454.30086579491,0.0,0,,-0.11809730299501286
2022-04-18,115454.30086579491,0.0,0,,-0.11809730299501286
2022-04-19,115454.30086579491,0.0,0,,-0.11809730299501286
2022-04-20,115454.30086579491,0.0,0,,-0.11809730299501286
2022-04-21,115454.30086579491,0.0,0,,-0.11809730299501286
2022-04-22,115454.30086579491,0.0,0,,-0.11809730299501286
2022-04-25,115454.30086579491,0.0,0,,-0.11809730299501286
2022-04-26,115454.30086579491,0.0,0,,-0.11809730299501286
2022-04-27,115454.30086579491,0.0,0,,-0.11809730299501286
2022-04-28,115454.30086579491,0.0,0,,-0.11809730299501286
2022-04-29,115454.30086579491,0.0,0,,-0.11809730299501286
2022-05-02,115454.30086579491,0.0,0,,-0.11809730299501286
2022-05-03,115454.30086579491,0.0,0,,-0.11809730299501286
2022-05-04,115454.30086579491,0.0,0,,-0.11809730299501286
2022-05-05,115454.30086579491,0.0,0,,-0.11809730299501286
2022-05-06,115454.30086579491,0.0,0,,-0.11809730299501286
2022-05-09,115454.30086579491,0.0,0,,-0.11809730299501286
2022-05-10,115454.30086579491,0.0,0,,-0.11809730299501286
2022-05-11,115454.30086579491,0.0,0,,-0.11809730299501286
2022-05-12,115454.30086579491,0.0,0,,-0.11809730299501286
2022-05-13,115454.30086579491,0.0,0,,-0.11809730299501286
2022-05-16,115454.30086579491,0.0,0,,-0.11809730299501286
2022-05-17,115454.30086579491,0.0,0,,-0.11809730299501286
2022-05-18,115454.30086579491,0.0,0,,-0.11809730299501286
2022-05-19,115454.30086579491,0.0,0,,-0.11809730299501286
2022-05-20,115454.30086579491,0.0,0,,-0.11809730299501286
2022-05-23,115454.30086579491,0.0,0,,-0.11809730299501286
2022-05-24,115454.30086579491,0.0,0,,-0.11809730299501286
2022-05-25,115454.30086579491,0.0,0,,-0.11809730299501286
2022-05-26,115454.30086579491,0.0,0,,-0.11809730299501286
2022-05-27,115454.30086579491,0.0,0,,-0.11809730299501286
2022-05-31,115454.30086579491,0.0,0,,-0.11809730299501286
2022-06-01,115454.30086579491,0.0,0,,-0.11809730299501286
2022-06-02,115454.30086579491,0.0,0,,-0.11809730299501286
2022-06-03,115454.30086579491,0.0,0,,-0.11809730299501286
2022-06-06,115454.30086579491,0.0,0,,-0.11809730299501286
2022-06-07,115454.30086579491,0.0,0,,-0.11809730299501286
2022-06-08,114729.81871550171,-0.0062750555402465436,1,251.57429831368583,-0.12363129139981244
2022-06-09,112345.3617344552,-0.020783236718601494,1,251.57429831368583,-0.14184506972342514
2022-06-10,107338.84499085796,-0.044563626537879486,1,251.57429831368583,-0.1800875655479105
2022-06-13,103839.51561039685,-0.032600773566728414,0,,-0.20681734516802808
2022-06-14,103839.51561039685,0.0,0,,-0.20681734516802808
2022-06-15,103839.51561039685,0.0,0,,-0.20681734516802808
2022-06-16,103839.51561039685,0.0,0,,-0.20681734516802808
2022-06-17,103839.51561039685,0.0,0,,-0.20681734516802808
2022-06-21,103839.51561039685,0.0,0,,-0.20681734516802808
2022-06-22,104194.40574807824,0.0034176790559474757,1,233.00321796962194,-0.204106501421068
2022-06-23,105040.97135749749,0.008124866237694928,0,,-0.19763997320566307
2022-06-24,105040.97135749749,0.0,0,,-0.19763997320566307
2022-06-27,103585.36736497049,-0.013857487927953271,1,248.77248219081335,-0.20875866759083783
2022-06-28,103074.66573114276,-0.0049302488065552375,0,,-0.2126596842256453
2022-06-29,103074.66573114276,0.0,0,,-0.2126596842256453
2022-06-30,103074.66573114276,0.0,0,,-0.2126596842256453
2022-07-01,103074.66573114276,0.0,0,,-0.2126596842256453
2022-07-05,103074.66573114276,0.0,0,,-0.2126596842256453
2022-07-06,103074.66573114276,0.0,0,,-0.2126596842256453
2022-07-07,103074.66573114276,0.0,0,,-0.2126596842256453
2022-07-08,103074.66573114276,0.0,0,,-0.2126596842256453
2022-07-11,103074.66573114276,0.0,0,,-0.2126596842256453
2022-07-12,103074.66573114276,0.0,0,,-0.2126596842256453
2022-07-13,103961.04709878743,0.008599410547269537,1,235.28785378592355,-0.20588902160988476
2022-07-14,104520.50850597405,0.005381452215030169,1,236.11928176879883,-0.20161555132624753
2022-07-15,105606.52108733806,0.010390425734504882,1,239.264644077846,-0.19331999700471925
2022-07-18,104590.44039724924,-0.009621382085377994,1,239.264644077846,-0.20108137353417077
2022-07-19,106762.46555997725,0.02076695685072516,1,242.43713869367326,-0.1844902648911143
2022-07-20,107889.61122486395,0.010557508755298484,1,245.2217745099749,-0.17588051372267122
2022-07-21,108946.83127546059,0.009799090372039299,1,247.70249611990792,-0.1678048923992811
2022-07-22,107103.8958888546,-0.016915915451880537,1,247.70249611990792,-0.18188223447892338
2022-07-25,106474.5025903928,-0.005876474363873174,1,247.70249611990792,-0.18668988255463725
2022-07-26,106737.86432282535,0.002473472296421031,0,,-0.1846781825107372
2022-07-27,106737.86432282535,0.0,0,,-0.1846781825107372
2022-07-28,109209.35915258859,0.023154808703013563,1,255.47964804513114,-0.16579956179538002
2022-07-29,110920.13319271522,0.015665086338766177,1,259.7899943760463,-0.152731739907068
2022-08-01,109841.52021365776,-0.009724230831777425,1,259.7899943760463,-0.16097077204465016
2022-08-02,108581.15294146947,-0.011474415774077928,1,259.7899943760463,-0.17059814225281333
2022-08-03,111603.65907325747,0.02783637905758174,1,263.11107744489397,-0.14751059774950015
2022-08-04,112069.87318352661,0.004177408824589834,1,264.76607349940707,-0.14394940099766962
2022-08-05,111777.50366648824,-0.00260881456124773,1,264.76607349940707,-0.1461826782655118
2022-08-08,110754.19829938454,-0.009154841837915262,1,264.76607349940707,-0.15399924080446348
2022-08-09,111536.48691145358,0.007063286304997751,1,264.76607349940707,-0.14802369522801995
2022-08-10,114246.87339139172,0.024300446920924257,1,270.7850102015904,-0.12732029025602332
2022-08-11,113401.35540999948,-0.0074007975561452,1,270.7850102015904,-0.13377881611919407
2022-08-12,115333.39607034926,0.017037191957402387,1,273.7635814121791,-0.11902083953184828
2022-08-15,115949.74978908764,0.00534410448091216,1,276.437862941197,-0.11431279485280021
2022-08-16,115649.47057214918,-0.002589735790587522,1,278.27249581473217,-0.11660649070723528
2022-08-17,115100.2890152147,-0.0047486733334577425,1,278.27249581473217,-0.12080143790776354
2022-08-18,114645.92739732633,-0.003947528036426617,1,278.27249581473217,-0.1242720988812086
2022-08-19,113057.62107348802,-0.013854014354419686,1,278.27249581473217,-0.13640444579387412
2022-08-22,109780.31038777254,-0.02898796785742741,0,,-0.1614383259610186
2022-08-23,109780.31038777254,0.0,0,,-0.1614383259610186
2022-08-24,109780.31038777254,0.0,0,,-0.1614383259610186
2022-08-25,109780.31038777254,0.0,0,,-0.1614383259610186
2022-08-26,109780.31038777254,0.0,0,,-0.1614383259610186
2022-08-29,109780.31038777254,0.0,0,,-0.1614383259610186
2022-08-30,109780.31038777254,0.0,0,,-0.1614383259610186
2022-08-31,109780.31038777254,0.0,0,,-0.1614383259610186
2022-09-01,109780.31038777254,0.0,0,,-0.1614383259610186
2022-09-02,109780.31038777254,0.0,0,,-0.1614383259610186
2022-09-06,109780.31038777254,0.0,0,,-0.1614383259610186
2022-09-07,109780.31038777254,0.0,0,,-0.1614383259610186
2022-09-08,109780.31038777254,0.0,0,,-0.1614383259610186
2022-09-09,109780.31038777254,0.0,0,,-0.1614383259610186
2022-09-12,109780.31038777254,0.0,0,,-0.1614383259610186
2022-09-13,109780.31038777254,0.0,0,,-0.1614383259610186
2022-09-14,109780.31038777254,0.0,0,,-0.1614383259610186
2022-09-15,109780.31038777254,0.0,0,,-0.1614383259610186
2022-09-16,109780.31038777254,0.0,0,,-0.1614383259610186
2022-09-19,109780.31038777254,0.0,0,,-0.1614383259610186
2022-09-20,109780.31038777254,0.0,0,,-0.1614383259610186
2022-09-21,109780.31038777254,0.0,0,,-0.1614383259610186
2022-09-22,109780.31038777254,0.0,0,,-0.1614383259610186
2022-09-23,109780.31038777254,0.0,0,,-0.1614383259610186
2022-09-26,109780.31038777254,0.0,0,,-0.1614383259610186
2022-09-27,109780.31038777254,0.0,0,,-0.1614383259610186
2022-09-28,109780.31038777254,0.0,0,,-0.1614383259610186
2022-09-29,109780.31038777254,0.0,0,,-0.1614383259610186
2022-09-30,109780.31038777254,0.0,0,,-0.1614383259610186
2022-10-03,109780.31038777254,0.0,0,,-0.1614383259610186
2022-10-04,109780.31038777254,0.0,0,,-0.1614383259610186
2022-10-05,109780.31038777254,0.0,0,,-0.1614383259610186
2022-10-06,109780.31038777254,0.0,0,,-0.1614383259610186
2022-10-07,109780.31038777254,0.0,0,,-0.1614383259610186
2022-10-10,109780.31038777254,0.0,0,,-0.1614383259610186
2022-10-11,109780.31038777254,0.0,0,,-0.1614383259610186
2022-10-12,109780.31038777254,0.0,0,,-0.1614383259610186
2022-10-13,109780.31038777254,0.0,0,,-0.1614383259610186
2022-10-14,109780.31038777254,0.0,0,,-0.1614383259610186
2022-10-17,109780.31038777254,0.0,0,,-0.1614383259610186
2022-10-18,109780.31038777254,0.0,0,,-0.1614383259610186
2022-10-19,109780.31038777254,0.0,0,,-0.1614383259610186
2022-10-20,109780.31038777254,0.0,0,,-0.1614383259610186
2022-10-21,109780.31038777254,0.0,0,,-0.1614383259610186
2022-10-24,111185.29931985836,0.012798186916424648,1,227.09642846243722,-0.1507062569157177
2022-10-25,112718.7362373647,0.01379172360812686,1,230.73321860177177,-0.13899303234898774
2022-10-26,103602.26798913002,-0.08087802039438319,0,,-0.20862957143837235
2022-10-27,103602.26798913002,0.0,0,,-0.20862957143837235
2022-10-28,103602.26798913002,0.0,0,,-0.20862957143837235
2022-10-31,102725.7690608301,-0.008460229156294852,1,211.44927706037248,-0.21532474661151912
2022-11-01,103663.10405125831,0.00912463346828929,0,,-0.2081648725327121
2022-11-02,103663.10405125831,0.0,0,,-0.2081648725327121
2022-11-03,103663.10405125831,0.0,0,,-0.2081648725327121
2022-11-04,103663.10405125831,0.0,0,,-0.2081648725327121
2022-11-07,103663.10405125831,0.0,0,,-0.2081648725327121
2022-11-08,103663.10405125831,0.0,0,,-0.2081648725327121
2022-11-09,102205.85654442722,-0.014057533007216572,1,206.35748999459403,-0.21929612097335704
2022-11-10,107016.30733351773,0.047066292986835734,0,,-0.18255128346713
2022-11-11,108667.8109617648,0.015432261394519475,1,224.67963518415178,-0.16993620119698039
2022-11-14,106222.77530091413,-0.022500091234109454,1,224.67963518415178,-0.18861271240017985
2022-11-15,106407.47151520941,0.0017387628384972764,1,224.67963518415178,-0.18720190233687206
2022-11-16,106301.92794555817,-0.000991881191690136,1,224.67963518415178,-0.18800810148258562
2022-11-17,106279.9388631151,-0.00020685497307570966,1,224.67963518415178,-0.18817606604489123
2022-11-18,106077.65540894087,-0.0019033079651537,1,224.67963518415178,-0.18972121700469036
2022-11-21,106010.74516078403,-0.0006307666576801374,0,,-0.1902323138444295
2022-11-22,106010.74516078403,0.0,0,,-0.1902323138444295
2022-11-23,106010.74516078403,0.0,0,,-0.1902323138444295
2022-11-25,105929.01299936608,-0.0007709799727753097,1,232.31143406459265,-0.19085662851305607
2022-11-28,103476.49211050122,-0.02315249448118184,1,232.31143406459265,-0.2095903159558924
2022-11-29,102864.43623196185,-0.005914926821115607,1,232.31143406459265,-0.21426553139571436
2022-11-30,109203.31210203488,0.06162359025405739,1,238.30785751342773,-0.1658457524539545
2022-12-01,109010.70742498929,-0.0017637255989600975,1,240.29000527518136,-0.16731697165383275
2022-12-02,109151.95259641328,0.0012956999799416113,1,240.56465312412806,-0.16623806427070675
2022-12-05,107088.9253744178,-0.01890050679737698,1,240.56465312412806,-0.18199658740435243
2022-12-06,104914.61704658733,-0.020303764560419046,1,240.56465312412806,-0.19860513610331387
2022-12-07,104593.60707452316,-0.0030597259095138662,1,240.56465312412806,-0.20105718473212997
2022-12-08,105890.48683918528,0.012399225927241408,1,240.56465312412806,-0.19115091226267733
2022-12-09,105043.02234160593,-0.008003216557747828,1,240.56465312412806,-0.19762430667437592
2022-12-12,108077.63504342115,0.02888923637351648,1,240.56465312412806,-0.17444428560952785
2022-12-13,109965.18177755464,0.017464730176369514,1,240.56465312412806,-0.16002617781213835
2022-12-14,110093.58054160862,0.0011676310808426127,1,240.56465312412806,-0.15904539827025754
2022-12-15,106579.58850712163,-0.03191822826725954,1,240.56465312412806,-0.18588717921066988
2022-12-16,104730.57446413355,-0.017348669373634662,1,240.56465312412806,-0.20001095337138097
2022-12-19,102810.42280018292,-0.0183342034909606,0,,-0.21467811534280967
2022-12-20,102810.42280018292,0.0,0,,-0.21467811534280967
2022-12-21,102810.42280018292,0.0,0,,-0.21467811534280967
2022-12-22,102810.42280018292,0.0,0,,-0.21467811534280967
2022-12-23,102810.42280018292,0.0,0,,-0.21467811534280967
2022-12-27,102810.42280018292,0.0,0,,-0.21467811534280967
2022-12-28,102810.42280018292,0.0,0,,-0.21467811534280967
2022-12-29,102810.42280018292,0.0,0,,-0.21467811534280967
2022-12-30,102810.42280018292,0.0,0,,-0.21467811534280967
2023-01-03,102810.42280018292,0.0,0,,-0.21467811534280967
2023-01-04,102810.42280018292,0.0,0,,-0.21467811534280967
2023-01-05,102810.42280018292,0.0,0,,-0.21467811534280967
2023-01-06,102810.42280018292,0.0,0,,-0.21467811534280967
2023-01-09,102810.42280018292,0.0,0,,-0.21467811534280967
2023-01-10,102810.42280018292,0.0,0,,-0.21467811534280967
2023-01-11,102810.42280018292,0.0,0,,-0.21467811534280967
2023-01-12,102810.42280018292,0.0,0,,-0.21467811534280967
2023-01-13,102810.42280018292,0.0,0,,-0.21467811534280967
2023-01-17,102810.42280018292,0.0,0,,-0.21467811534280967
2023-01-18,102810.42280018292,0.0,0,,-0.21467811534280967
2023-01-19,102810.42280018292,0.0,0,,-0.21467811534280967
2023-01-20,102810.42280018292,0.0,0,,-0.21467811534280967
2023-01-23,102810.42280018292,0.0,0,,-0.21467811534280967
2023-01-24,102810.42280018292,0.0,0,,-0.21467811534280967
2023-01-25,105340.18293371706,0.02460606682311628,1,224.86178043910436,-0.19535443257127916
2023-01-26,108575.55920906266,0.03071360031130177,1,232.18749673025948,-0.17064087022101282
2023-01-27,108645.60956022808,0.0006451760568926268,1,232.9564268929618,-0.17010578756791406
2023-01-30,106259.57542174793,-0.021961625031497012,1,232.9564268929618,-0.18833161307715707
2023-01-31,108492.37525209988,0.02101269294075281,1,232.9564268929618,-0.1712762744930313
2023-02-01,110655.1314116556,0.019934637383781206,1,236.95535496303015,-0.15475596753371368
2023-02-02,115843.11947342985,0.046884297145462384,1,247.80535997663225,-0.11512729515513542
2023-02-03,113106.84025949179,-0.023620558789990698,1,247.80535997663225,-0.13602848290158165
2023-02-06,112415.10139219476,-0.006115800474224442,1,247.80535997663225,-0.1413123603155686
2023-02-07,117139.01756814419,0.04202207815005732,1,249.34749385288782,-0.10522852121426107
2023-02-08,116775.64556725808,-0.003102057780830614,1,249.34749385288782,-0.10800415404209363
2023-02-09,115414.06608281855,-0.01165978982882443,1,249.34749385288782,-0.11840463813414737
2023-02-10,115186.41246208471,-0.0019724945880554845,1,249.34749385288782,-0.12014358021428251
2023-02-13,118785.1674186856,0.031242877347060993,1,250.6628576006208,-0.09265433400789325
2023-02-14,119157.30406392885,0.0031328544912647693,1,252.71107918875558,-0.08981175206306036
2023-02-15,117909.55807022542,-0.010471418462388193,1,252.71107918875558,-0.09934271408675599
2023-02-16,114770.49267727078,-0.026622654213367958,1,252.71107918875558,-0.12332060157437474
2023-02-17,112979.87316295832,-0.015601741114308898,1,252.71107918875558,-0.13699832658885935
2023-02-21,110472.13456102011,-0.02219633047667824,0,,-0.15615379693381937
2023-02-22,110472.13456102011,0.0,0,,-0.15615379693381937
2023-02-23,110472.13456102011,0.0,0,,-0.15615379693381937
2023-02-24,110472.13456102011,0.0,0,,-0.15615379693381937
2023-02-27,110472.13456102011,0.0,0,,-0.15615379693381937
2023-02-28,110472.13456102011,0.0,0,,-0.15615379693381937
2023-03-01,110472.13456102011,0.0,0,,-0.15615379693381937
2023-03-02,110472.13456102011,0.0,0,,-0.15615379693381937
2023-03-03,110472.13456102011,0.0,0,,-0.15615379693381937
2023-03-06,110472.13456102011,0.0,0,,-0.15615379693381937
2023-03-07,110472.13456102011,0.0,0,,-0.15615379693381937
2023-03-08,110472.13456102011,0.0,0,,-0.15615379693381937
2023-03-09,110472.13456102011,0.0,0,,-0.15615379693381937
2023-03-10,110472.13456102011,0.0,0,,-0.15615379693381937
2023-03-13,110472.13456102011,0.0,0,,-0.15615379693381937
2023-03-14,110472.13456102011,0.0,0,,-0.15615379693381937
2023-03-15,110472.13456102011,0.0,0,,-0.15615379693381937
2023-03-16,110472.13456102011,0.0,0,,-0.15615379693381937
2023-03-17,110770.4743032732,0.0027005881930188824,1,263.1371372767857,-0.15387491584109503
2023-03-20,107916.28753871573,-0.025766674581018112,1,263.1371372767857,-0.17567674553945412
2023-03-21,108530.72724630518,0.005693669802799839,1,263.1371372767857,-0.17098332111778636
2023-03-22,107940.07152109653,-0.00544229030980492,1,263.1371372767857,-0.17549507055593372
2023-03-23,110068.82262773704,0.019721601779969733,1,263.1371372767857,-0.15923451267181588
2023-03-24,111222.39416381092,0.010480456759089485,1,263.1371372767857,-0.150422906337338
2023-03-27,109561.41084086118,-0.014933892903828405,1,263.1371372767857,-0.16311039966764207
2023-03-28,109105.53504836082,-0.0041609156819140125,1,263.1371372767857,-0.16659262672969566
2023-03-29,111198.61018143012,0.019183950036462782,1,263.1371372767857,-0.1506045813208584
2023-03-30,112601.91353250243,0.012619792178901301,1,265.26784079415455,-0.13988538765941683
2023-03-31,114286.68083783297,0.014962155193252835,1,270.5732013157436,-0.12701621934559237
2023-04-03,113862.52508694118,-0.0037113314323447,1,270.5732013157436,-0.13025615149066216
2023-04-04,113842.69703652301,-0.00017414026610629296,1,270.5732013157436,-0.13040760891588588
2023-04-05,112716.87751244381,-0.009889255555128096,1,270.5732013157436,-0.13900723030011164
2023-04-06,115594.86035703334,0.025532847503443312,1,275.9071589878627,-0.11702363320979703
2023-04-10,114718.7847456038,-0.0075788457092610395,1,275.9071589878627,-0.12371557485862394
2023-04-11,112118.28572800738,-0.02266846727293348,1,275.9071589878627,-0.1435795996717225
2023-04-12,112379.92163184745,0.0023335703194284907,1,275.9071589878627,-0.14158108244456347
2023-04-13,114897.16461345981,0.022399401468340185,1,275.9071589878627,-0.12235301248222119
2023-04-14,113430.43327682163,-0.012765600801139088,1,275.9071589878627,-0.13355670356919547
2023-04-17,114484.88875610716,0.009296054408186816,1,275.9071589878627,-0.12550219954396602
2023-04-18,114314.43284982767,-0.001488894369654492,1,275.9071589878627,-0.12680423439534017
2023-04-19,114346.15289143624,0.00027748063667720757,1,275.9071589878627,-0.12656193947835637
2023-04-20,113418.52918797996,-0.008112417252349458,1,275.9071589878627,-0.1336476334693908
2023-04-21,113279.79332330904,-0.0012232204531675839,1,275.9071589878627,-0.13470737340378114
2023-04-24,111698.0859090782,-0.013962838100494479,1,275.9071589878627,-0.14678931425849584
2023-04-25,109209.90628899641,-0.022275937853645567,0,,-0.16579538247013992
2023-04-26,109209.90628899641,0.0,0,,-0.16579538247013992
2023-04-27,112310.68432769811,0.028392827574599933,1,286.6174883161272,-0.1421099546026794
2023-04-28,113205.99509041951,0.007971732770402085,1,289.2743007114955,-0.13527108441438385
2023-05-01,112579.6474778238,-0.005532813099654588,1,289.2743007114955,-0.14005546788618606
2023-05-02,112524.3841576086,-0.0004908819795877983,1,289.2743007114955,-0.14047759916044578
2023-05-03,112152.25906181161,-0.003307061830045366,1,289.2743007114955,-0.14332009288433123
2023-05-04,112524.3841576086,0.003318034776204515,1,289.2743007114955,-0.14047759916044578
2023-05-05,114454.9911025182,0.017157231824574737,1,293.70713588169644,-0.12573057407082644
2023-05-08,113718.11684949209,-0.0064381137591988935,1,293.70713588169644,-0.13135922009114798
2023-05-09,113110.19783950731,-0.005345841338450619,1,293.70713588169644,-0.13600283588064876
2023-05-10,115066.59808178691,0.017296408985647327,1,295.17427934919084,-0.12105878756760091
2023-05-11,114256.03190593468,-0.00704432206534944,1,295.17427934919084,-0.12725033254448348
2023-05-12,113836.01942849037,-0.0036760639279868057,1,295.17427934919084,-0.13045861611517917
2023-05-15,114016.55002246295,0.0015858828767811861,1,295.17427934919084,-0.12907962532382355
2023-05-16,114856.58622116037,0.007367668979037845,1,298.91498892647877,-0.1226629722961099
2023-05-17,115689.25772509868,0.0072496626561315836,1,302.2928575788225,-0.11630257480952344
2023-05-18,117354.58948916651,0.014394869470292448,1,306.86641584123885,-0.10358186572267292
2023-05-19,117288.27350490827,-0.0005650906755918506,1,306.8774959019252,-0.10408842325178447
2023-05-22,118334.63359494829,0.008921267734376181,1,309.8407069614955,-0.09609575620928668
2023-05-23,116153.49210252393,-0.018431979093206707,1,309.8407069614955,-0.11275650033309781
2023-05-24,115633.99440488347,-0.004472510367419025,1,309.8407069614955,-0.11672470608378316
2023-05-25,120081.03322041013,0.03845788462479027,1,313.1825158255441,-0.08275580673842553
2023-05-26,122649.04044195847,0.021385618966441866,1,319.26680428641185,-0.06313997192215215
2023-05-30,122030.05752412186,-0.005046781577794146,1,319.26680428641185,-0.06786809985282716
2023-05-31,120991.07337264973,-0.008514165874803026,1,319.26680428641185,-0.07580442546787558
2023-06-01,122534.81458843533,0.012759133155475944,1,319.26680428641185,-0.0640124910707186
2023-06-02,123573.80998371624,0.00847918527294178,1,320.3910620553153,-0.0560760795693479
2023-06-05,123772.76918029976,0.0016100433951962145,1,320.6471426827567,-0.05455632109569086
2023-06-06,122940.09767636145,-0.006727420816814433,1,320.6471426827567,-0.06091671858227732
2023-06-07,119145.19977080052,-0.030867861481214676,1,320.6471426827567,-0.089904211232404
2023-06-08,119837.86336765447,0.005813608925801628,1,320.6471426827567,-0.08461327023149023
2023-06-09,120401.57172146709,0.004703925270122644,1,320.6471426827567,-0.08030735946139722
2023-06-12,122265.86268211843,0.015483942061521594,1,320.6471426827567,-0.06606689190088955
2023-06-13,123164.85017031498,0.0073527268239528265,1,320.6471426827567,-0.05919993688519154
2023-06-14,124288.57890865627,0.009123777902440233,1,320.6471426827567,-0.05061628605873025
2023-06-15,128252.96598795554,0.03189663212911009,1,330.59286717006137,-0.020334142985777404
2023-06-16,126127.0765719376,-0.0165757524564194,1,330.59286717006137,-0.036572841721651095
2023-06-20,124550.16612021408,-0.012502552937743827,1,330.59286717006137,-0.04861814076968629
2023-06-21,122895.88702018929,-0.013282030458539151,1,330.59286717006137,-0.06125442360168498
2023-06-22,125161.7730994828,0.018437444362326527,1,330.59286717006137,-0.043946354266460874
2023-06-23,123433.80207663188,-0.013805900795904158,1,330.59286717006137,-0.057145536055020596
2023-06-26,121619.9819968101,-0.01469467884247544,0,,-0.07100047959788636
2023-06-27,121619.9819968101,0.0,0,,-0.07100047959788636
2023-06-28,121619.9819968101,0.0,0,,-0.07100047959788636
2023-06-29,121619.9819968101,0.0,0,,-0.07100047959788636
2023-06-30,121619.9819968101,0.0,0,,-0.07100047959788636
2023-07-03,121619.9819968101,0.0,0,,-0.07100047959788636
2023-07-05,121619.9819968101,0.0,0,,-0.07100047959788636
2023-07-06,121619.9819968101,0.0,0,,-0.07100047959788636
2023-07-07,121619.9819968101,0.0,0,,-0.07100047959788636
2023-07-10,121619.9819968101,0.0,0,,-0.07100047959788636
2023-07-11,121619.9819968101,0.0,0,,-0.07100047959788636
2023-07-12,121619.9819968101,0.0,0,,-0.07100047959788636
2023-07-13,121619.9819968101,0.0,0,,-0.07100047959788636
2023-07-14,121619.9819968101,0.0,0,,-0.07100047959788636
2023-07-17,121619.9819968101,0.0,0,,-0.07100047959788636
2023-07-18,121619.9819968101,0.0,0,,-0.07100047959788636
2023-07-19,119198.73216946248,-0.01990832252722352,1,342.41965920584545,-0.0894953016776876
2023-07-20,116442.67547920949,-0.023121526882809218,1,342.41965920584545,-0.11054756053687098
2023-07-21,114776.29493227143,-0.014310737365662685,0,,-0.12327628079727582
2023-07-24,114776.29493227143,0.0,0,,-0.12327628079727582
2023-07-25,114776.29493227143,0.0,0,,-0.12327628079727582
2023-07-26,114776.29493227143,0.0,0,,-0.12327628079727582
2023-07-27,114776.29493227143,0.0,0,,-0.12327628079727582
2023-07-28,114776.29493227143,0.0,0,,-0.12327628079727582
2023-07-31,114264.2352457985,-0.0044613714598044085,1,311.2575204031808,-0.1271876709762605
2023-08-01,113844.8958632683,-0.003669909325767051,0,,-0.13039081308218914
2023-08-02,113844.8958632683,0.0,0,,-0.13039081308218914
2023-08-03,113844.8958632683,0.0,0,,-0.13039081308218914
2023-08-04,113844.8958632683,0.0,0,,-0.13039081308218914
2023-08-07,113844.8958632683,0.0,0,,-0.13039081308218914
2023-08-08,113844.8958632683,0.0,0,,-0.13039081308218914
2023-08-09,113844.8958632683,0.0,0,,-0.13039081308218914
2023-08-10,113844.8958632683,0.0,0,,-0.13039081308218914
2023-08-11,113844.8958632683,0.0,0,,-0.13039081308218914
2023-08-14,113844.8958632683,0.0,0,,-0.13039081308218914
2023-08-15,113844.8958632683,0.0,0,,-0.13039081308218914
2023-08-16,113844.8958632683,0.0,0,,-0.13039081308218914
2023-08-17,113844.8958632683,0.0,0,,-0.13039081308218914
2023-08-18,113844.8958632683,0.0,0,,-0.13039081308218914
2023-08-21,113844.8958632683,0.0,0,,-0.13039081308218914
2023-08-22,113844.8958632683,0.0,0,,-0.13039081308218914
2023-08-23,113844.8958632683,0.0,0,,-0.13039081308218914
2023-08-24,113844.8958632683,0.0,0,,-0.13039081308218914
2023-08-25,113844.8958632683,0.0,0,,-0.13039081308218914
2023-08-28,113844.8958632683,0.0,0,,-0.13039081308218914
2023-08-29,113844.8958632683,0.0,0,,-0.13039081308218914
2023-08-30,113844.8958632683,0.0,0,,-0.13039081308218914
2023-08-31,113177.14435722512,-0.005865449662716404,1,314.7142878941127,-0.1354914619942913
2023-09-01,113487.91667876572,0.002745892938946115,1,314.7142878941127,-0.1331176141041227
2023-09-05,115176.45226392927,0.014878549493009485,1,318.41426631382535,-0.12021966162095266
2023-09-06,114945.10386790668,-0.0020086431859565046,1,318.41426631382535,-0.12198682640277625
2023-09-07,113919.54783031375,-0.008922137638602612,1,318.41426631382535,-0.12982058078611702
2023-09-08,115425.07222873573,0.013215680952881836,1,319.5057046072824,-0.11832056721002226
2023-09-11,116692.34592634352,0.010979189123628608,1,323.557852608817,-0.10864044197100753
2023-09-12,114561.80992563967,-0.01825771848008484,1,323.557852608817,-0.12491463384603374
2023-09-13,116043.1709883561,0.01293067090750366,1,323.557852608817,-0.11359919296032439
2023-09-14,116954.7810386031,0.007855783692247487,1,325.64644513811385,-0.10663581995558724
2023-09-15,114026.59151286808,-0.025036937350757182,1,325.64644513811385,-0.12900292296276972
2023-09-18,113626.0365396871,-0.0035128207189791816,1,325.64644513811385,-0.1320625795411563
2023-09-19,112278.64910985508,-0.011858087027099784,0,,-0.14235465700703376
2023-09-20,112278.64910985508,0.0,0,,-0.14235465700703376
2023-09-21,112278.64910985508,0.0,0,,-0.14235465700703376
2023-09-22,112278.64910985508,0.0,0,,-0.14235465700703376
2023-09-25,112278.64910985508,0.0,0,,-0.14235465700703376
2023-09-26,112278.64910985508,0.0,0,,-0.14235465700703376
2023-09-27,112278.64910985508,0.0,0,,-0.14235465700703376
2023-09-28,112278.64910985508,0.0,0,,-0.14235465700703376
2023-09-29,112278.64910985508,0.0,0,,-0.14235465700703376
2023-10-02,112278.64910985508,0.0,0,,-0.14235465700703376
2023-10-03,112278.64910985508,0.0,0,,-0.14235465700703376
2023-10-04,112278.64910985508,0.0,0,,-0.14235465700703376
2023-10-05,112278.64910985508,0.0,0,,-0.14235465700703376
2023-10-06,112278.64910985508,0.0,0,,-0.14235465700703376
2023-10-09,112278.64910985508,0.0,0,,-0.14235465700703376
2023-10-10,112278.64910985508,0.0,0,,-0.14235465700703376
2023-10-11,112278.64910985508,0.0,0,,-0.14235465700703376
2023-10-12,112278.64910985508,0.0,0,,-0.14235465700703376
2023-10-13,112278.64910985508,0.0,0,,-0.14235465700703376
2023-10-16,112278.64910985508,0.0,0,,-0.14235465700703376
2023-10-17,112950.65764337443,0.0059851854190180465,1,314.9885678972517,-0.13722149060546351
2023-10-18,112287.35835163147,-0.005872469497585686,1,314.9885678972517,-0.14228813108505545
2023-10-19,112698.94896350679,0.0036655115759907098,1,314.9885678972517,-0.13914417830068304
2023-10-20,111117.24724542222,-0.014034751278796276,1,314.9885678972517,-0.1512260756451368
2023-10-23,112018.6462563224,0.008112143103305103,1,314.9885678972517,-0.14434070010841638
2023-10-24,112430.22648760221,0.0036742117945081088,1,314.9885678972517,-0.1411968266166742
2023-10-25,115879.36619571285,0.030678046428119332,1,322.1896525791713,-0.11485042299100423
2023-10-26,111532.2323120285,-0.03751430497421182,1,322.1896525791713,-0.14805619417071436
2023-10-27,112185.31709779201,0.005855569930102389,1,322.1896525791713,-0.14306757763916333
2023-10-30,114736.45224973343,0.022740365833414655,1,322.1896525791713,-0.12358062086016375
2023-10-31,115008.56918036897,0.0023716693805666544,1,322.1896525791713,-0.12150204385412255
2023-11-01,117716.18142899156,0.02354270006069048,1,325.08964102608815,-0.10081982996865058
2023-11-02,118481.52197457399,0.006501574688303036,1,327.94857025146484,-0.09497374293495064
2023-11-03,120005.39339508586,0.012861679991238661,1,332.66961778913225,-0.08333358483291164
2023-11-06,121274.16168099911,0.01057259386447873,1,336.63355146135603,-0.07364204311614231
2023-11-07,122634.76709536786,0.011219252275251446,1,340.8764114379883,-0.06324899950067586
2023-11-08,123542.97577692103,0.007405801006225898,1,344.15892900739397,-0.05631160799859469
2023-11-09,122689.19255761408,-0.006910819607005458,1,344.15892900739397,-0.06283326824094149
2023-11-10,125743.7554498863,0.024896756010826415,1,350.80213928222656,-0.039500856778872606
2023-11-13,124726.69584384072,-0.008088350808409861,1,350.80213928222656,-0.04726971080042219
2023-11-14,125947.83795756522,0.009790543279150077,1,353.34317997523715,-0.03794196367065661
2023-11-15,125743.7554498863,-0.0016203732512477531,1,354.2914156232561,-0.039500856778872606
2023-11-16,127954.73924823554,0.01758324928692301,1,361.17534310477123,-0.02261216090373952
2023-11-17,125804.98020218998,-0.016800933350932468,1,361.17534310477123,-0.03903318884640783
2023-11-20,128386.72773028324,0.020521822935339662,1,361.68819100516185,-0.0193123981011758
2023-11-21,126900.26797598065,-0.0115779861406341,1,361.68819100516185,-0.030666785564252064
2023-11-22,128526.19103092748,0.012812605370184027,1,362.1571262904576,-0.018247101615474937
2023-11-24,128383.32289495674,-0.0011115877225083004,1,362.4924774169922,-0.019338406083856174
2023-11-27,128784.6990008526,0.0031263882009369137,1,363.72604479108537,-0.016272477247524786
2023-11-28,130175.92717196871,0.010802744284916121,1,368.01071384974887,-0.005645520373195767
2023-11-29,128866.34238451968,-0.0100601149221623,1,368.01071384974887,-0.015648840711608214
2023-11-30,128886.75063528756,0.00015836757985243644,1,368.01071384974887,-0.01549295140078677
2023-12-01,127390.08675560103,-0.01161223998827976,1,368.01071384974887,-0.026925283519273813
2023-12-04,124991.57343874096,-0.018828100191670694,0,,-0.045246431775154416
2023-12-05,124991.57343874096,0.0,0,,-0.045246431775154416
2023-12-06,124991.57343874096,0.0,0,,-0.045246431775154416
2023-12-07,124991.57343874096,0.0,0,,-0.045246431775154416
2023-12-08,124991.57343874096,0.0,0,,-0.045246431775154416
2023-12-11,124991.57343874096,0.0,0,,-0.045246431775154416
2023-12-12,124991.57343874096,0.0,0,,-0.045246431775154416
2023-12-13,124991.57343874096,0.0,0,,-0.045246431775154416
2023-12-14,124991.57343874096,0.0,0,,-0.045246431775154416
2023-12-15,124991.57343874096,0.0,0,,-0.045246431775154416
2023-12-18,124991.57343874096,0.0,0,,-0.045246431775154416
2023-12-19,125399.01593087219,0.003259759685567243,1,356.79392896379744,-0.04213416458380359
2023-12-20,125794.60108008642,0.003154611272486285,0,,-0.03911247022187003
2023-12-21,125794.60108008642,0.0,0,,-0.03911247022187003
2023-12-22,125794.60108008642,0.0,0,,-0.03911247022187003
2023-12-26,125794.60108008642,0.0,0,,-0.03911247022187003
2023-12-27,125794.60108008642,0.0,0,,-0.03911247022187003
2023-12-28,125794.60108008642,0.0,0,,-0.03911247022187003
2023-12-29,125794.60108008642,0.0,0,,-0.03911247022187003
2024-01-02,125794.60108008642,0.0,0,,-0.03911247022187003
2024-01-03,125794.60108008642,0.0,0,,-0.03911247022187003
2024-01-04,124681.09326507672,-0.008851793363538585,1,358.2700075422014,-0.04761804808106718
2024-01-05,124842.57611219544,0.0012951670769794088,0,,-0.04638455433223243
2024-01-08,124842.57611219544,0.0,0,,-0.04638455433223243
2024-01-09,125922.21989968259,0.008648041566499565,1,364.1328659057617,-0.038137648319641504
2024-01-10,128261.11826178835,0.018574151281394613,1,370.22713361467635,-0.020271871487652526
2024-01-11,128884.38477224649,0.0048593565914965,1,371.23000880650113,-0.015511023148491399
2024-01-12,130171.11633050727,0.00998361097455347,1,375.1271493094308,-0.005682268194869722
2024-01-16,130774.26823324301,0.004633530999337276,1,376.2235652378627,-0.0010750661613598833
2024-01-17,130506.20299336789,-0.0020498316946956363,1,376.2235652378627,-0.003122694151364125
2024-01-18,131980.58226474794,0.011297388457887969,1,379.0575038364955,0.0
2024-01-19,133589.00438209897,0.012186808769524937,1,383.36108834402904,0.0
2024-01-22,132865.215963196,-0.00541802390287105,1,383.36108834402904,-0.00541802390287105
2024-01-23,133666.06776989554,0.006027550558615591,1,383.6749976021903,0.0
2024-01-24,134892.4861830894,0.009175241208599916,1,386.98142787388394,0.0
2024-01-25,135666.53555621477,0.005738269009845087,1,389.55035073416576,0.0
2024-01-26,135351.55327504312,-0.002321738960018971,1,389.55035073416576,-0.002321738960018971
2024-01-29,137291.70791629548,0.014334188225456401,1,394.9753516060965,0.0
2024-01-30,136913.05835109763,-0.0027579929694566685,1,394.9753516060965,-0.0027579929694566685
2024-01-31,133223.7509206715,-0.026946351756786613,1,394.9753516060965,-0.029630026877545568
2024-02-01,135301.2923208207,0.015594377022054351,1,394.9753516060965,-0.014497711665793389
2024-02-02,137794.33791058642,0.018425881578827186,1,394.9753516060965,0.0
2024-02-05,135927.90274420474,-0.013545078808628541,1,394.9753516060965,-0.013545078808628541
2024-02-06,135874.287651023,-0.00039443772837888247,1,394.9753516060965,-0.013934173846891329
2024-02-07,138742.62866702728,0.02111025614626416,1,395.48389979771207,0.0
2024-02-08,138762.73304871624,0.0001449041428875919,1,395.92604282924106,0.0
2024-02-09,140920.69197562133,0.015551429980465103,1,402.4231839861189,0.0
2024-02-12,139148.0908918327,-0.01257871401948052,1,402.4231839861189,-0.01257871401948052
2024-02-13,136152.41530777604,-0.021528686199405733,1,402.4231839861189,-0.03383659703196873
2024-02-14,137214.6343024655,0.0078016904238407125,1,402.4231839861189,-0.026298889263167702
2024-02-15,136232.8328345319,-0.0071552241706915876,1,402.4231839861189,-0.03326593898574104
2024-02-16,135395.11617738035,-0.0061491539133524675,1,402.4231839861189,-0.03921053552019804
2024-02-20,134644.37181698528,-0.005544840771151027,0,,-0.04453796011533795
2024-02-21,134644.37181698528,0.0,0,,-0.04453796011533795
2024-02-22,134644.37181698528,0.0,0,,-0.04453796011533795
2024-02-23,134644.37181698528,0.0,0,,-0.04453796011533795
2024-02-26,134644.37181698528,0.0,0,,-0.04453796011533795
2024-02-27,134644.37181698528,0.0,0,,-0.04453796011533795
2024-02-28,134644.37181698528,0.0,0,,-0.04453796011533795
2024-02-29,134644.37181698528,0.0,0,,-0.04453796011533795
2024-03-01,135825.4834161796,0.008772082956425065,1,399.5553719656808,-0.03615656783975474
2024-03-04,135635.88785287546,-0.001395876226872761,1,399.5553719656808,-0.037501973973134595
2024-03-05,131624.86177740493,-0.029572011795442332,1,399.5553719656808,-0.06596497695189107
2024-03-06,131531.87683560397,-0.0007064390461295478,0,,-0.0666248157626248
2024-03-07,131531.87683560397,0.0,0,,-0.0666248157626248
2024-03-08,131531.87683560397,0.0,0,,-0.0666248157626248
2024-03-11,131531.87683560397,0.0,0,,-0.0666248157626248
2024-03-12,131531.87683560397,0.0,0,,-0.0666248157626248
2024-03-13,130392.50519155397,-0.008662323320103194,1,400.25536455426897,-0.07471001338744987
2024-03-14,133571.42953858784,0.024379655428537372,1,407.03428758893693,-0.05215176234235985
2024-03-15,130807.14999845662,-0.020695140792310163,1,407.03428758893693,-0.07176761507042784
2024-03-18,131089.85888088058,0.00216126475064482,1,407.03428758893693,-0.06976145913647258
2024-03-19,132374.62125351434,0.009800623660760843,1,407.03428758893693,-0.06064454128273389
2024-03-20,133574.57383730388,0.009064823547192402,1,407.03428758893693,-0.0521294498013698
2024-03-21,134875.03853096475,0.00973587005596488,1,409.4217769077846,-0.0429011052947601
2024-03-22,134677.139437385,-0.0014672773830891606,1,409.4217769077846,-0.04430543485634064
2024-03-25,132830.0940123428,-0.01371461728960266,1,409.4217769077846,-0.05741242006303926
2024-03-26,132450.00773248696,-0.0028614470439245476,1,409.4217769077846,-0.06010958450728987
2024-03-27,132380.90026466988,-0.0005217626559649302,1,409.4217769077846,-0.06059998422679336
2024-03-28,132157.87554019142,-0.001684719804991186,1,409.4217769077846,-0.06218261003817549
2024-04-01,133367.25143385257,0.00915099375438544,1,409.4217769077846,-0.053600648959880814
2024-04-02,132384.04456338592,-0.007372176151911547,1,409.4217769077846,-0.0605776716858033
2024-04-03,132073.06575134723,-0.0023490656526194975,1,409.4217769077846,-0.06278443641055009
2024-04-04,131265.76705600112,-0.00611251575598315,1,409.4217769077846,-0.06851318130974315
2024-04-05,133665.6626373036,0.018282722412147567,1,410.25033896309986,-0.051483066373054776
2024-04-08,133373.53044500807,-0.0021855440397451353,1,410.25033896309986,-0.053556091903940395
2024-04-09,133904.39926908576,0.003980316201471323,1,411.54071153913225,-0.04978894588276195
2024-04-10,132955.75092566595,-0.0070845196169653235,1,411.54071153913225,-0.0565207347359129
2024-04-11,134422.70048457576,0.01103336673063482,1,412.70856039864674,-0.046110981999504363
2024-04-12,132528.53851017565,-0.014091087052796158,1,412.70856039864674,-0.059552315190855576
2024-04-15,133803.9135837858,0.009623399517925124,0,,-0.05050201139422961
2024-04-16,133803.9135837858,0.0,0,,-0.05050201139422961
2024-04-17,133803.9135837858,0.0,0,,-0.05050201139422961
2024-04-18,133803.9135837858,0.0,0,,-0.05050201139422961
2024-04-19,133803.9135837858,0.0,0,,-0.05050201139422961
2024-04-22,133803.9135837858,0.0,0,,-0.05050201139422961
2024-04-23,133803.9135837858,0.0,0,,-0.05050201139422961
2024-04-24,133803.9135837858,0.0,0,,-0.05050201139422961
2024-04-25,133803.9135837858,0.0,0,,-0.05050201139422961
2024-04-26,133803.9135837858,0.0,0,,-0.05050201139422961
2024-04-29,133803.9135837858,0.0,0,,-0.05050201139422961
2024-04-30,133803.9135837858,0.0,0,,-0.05050201139422961
2024-05-01,133803.9135837858,0.0,0,,-0.05050201139422961
2024-05-02,133803.9135837858,0.0,0,,-0.05050201139422961
2024-05-03,133803.9135837858,0.0,0,,-0.05050201139422961
2024-05-06,133803.9135837858,0.0,0,,-0.05050201139422961
2024-05-07,133803.9135837858,0.0,0,,-0.05050201139422961
2024-05-08,133803.9135837858,0.0,0,,-0.05050201139422961
2024-05-09,133803.9135837858,0.0,0,,-0.05050201139422961
2024-05-10,133803.9135837858,0.0,0,,-0.05050201139422961
2024-05-13,133803.9135837858,0.0,0,,-0.05050201139422961
2024-05-14,135075.6725016444,0.009504646641462111,1,394.86177607945035,-0.04147736852575268
2024-05-15,137189.87431143576,0.01565198063156492,1,403.84247916085377,-0.02647459086300108
2024-05-16,136512.1624271427,-0.004939955573941113,1,403.84247916085377,-0.03128376313424075
2024-05-17,136259.23641340763,-0.0018527727437476216,1,403.84247916085377,-0.033078574174331354
2024-05-20,137922.7155365684,0.012208193491660246,1,409.21498216901506,-0.02127421031661958
2024-05-21,139122.4986171767,0.00869895198873305,1,413.67749786376953,-0.012760321662029006
2024-05-22,139602.40393280314,0.00344951622057188,1,415.15747833251953,-0.009354822378009997
2024-05-23,138460.99600595763,-0.008176133753362347,1,415.15747833251953,-0.017454469852370758
2024-05-24,139485.67341681977,0.007400476960443436,1,415.16178022112166,-0.010183164293926517
2024-05-28,139537.55694473608,0.0003719631317351535,1,415.5646438598633,-0.009814988923873114
2024-05-29,139164.6546020944,-0.0026724155905163416,1,415.5646438598633,-0.012461174784968443
2024-05-30,134550.7851333892,-0.033154032407850864,0,,-0.04520206900015855
2024-05-31,134550.7851333892,0.0,0,,-0.04520206900015855
2024-06-03,134550.7851333892,0.0,0,,-0.04520206900015855
2024-06-04,134550.7851333892,0.0,0,,-0.04520206900015855
2024-06-05,134550.7851333892,0.0,0,,-0.04520206900015855
2024-06-06,134550.7851333892,0.0,0,,-0.04520206900015855
2024-06-07,134550.7851333892,0.0,0,,-0.04520206900015855
2024-06-10,134550.7851333892,0.0,0,,-0.04520206900015855
2024-06-11,134550.7851333892,0.0,0,,-0.04520206900015855
2024-06-12,134550.7851333892,0.0,0,,-0.04520206900015855
2024-06-13,134550.7851333892,0.0,0,,-0.04520206900015855
2024-06-14,134550.7851333892,0.0,0,,-0.04520206900015855
2024-06-17,134550.7851333892,0.0,0,,-0.04520206900015855
2024-06-18,134550.7851333892,0.0,0,,-0.04520206900015855
2024-06-20,134550.7851333892,0.0,0,,-0.04520206900015855
2024-06-21,134550.7851333892,0.0,0,,-0.04520206900015855
2024-06-24,134550.7851333892,0.0,0,,-0.04520206900015855
2024-06-25,134550.7851333892,0.0,0,,-0.04520206900015855
2024-06-26,134550.7851333892,0.0,0,,-0.04520206900015855
2024-06-27,134550.7851333892,0.0,0,,-0.04520206900015855
2024-06-28,134550.7851333892,0.0,0,,-0.04520206900015855
2024-07-01,134550.7851333892,0.0,0,,-0.04520206900015855
2024-07-02,134550.7851333892,0.0,0,,-0.04520206900015855
2024-07-03,134550.7851333892,0.0,0,,-0.04520206900015855
2024-07-05,134550.7851333892,0.0,0,,-0.04520206900015855
2024-07-08,134550.7851333892,0.0,0,,-0.04520206900015855
2024-07-09,134550.7851333892,0.0,0,,-0.04520206900015855
2024-07-10,134550.7851333892,0.0,0,,-0.04520206900015855
2024-07-11,134550.7851333892,0.0,0,,-0.04520206900015855
2024-07-12,134550.7851333892,0.0,0,,-0.04520206900015855
2024-07-15,134550.7851333892,0.0,0,,-0.04520206900015855
2024-07-16,134550.7851333892,0.0,0,,-0.04520206900015855
2024-07-17,134550.7851333892,0.0,0,,-0.04520206900015855
2024-07-18,134550.7851333892,0.0,0,,-0.04520206900015855
2024-07-19,134550.7851333892,0.0,0,,-0.04520206900015855
2024-07-22,134550.7851333892,0.0,0,,-0.04520206900015855
2024-07-23,134550.7851333892,0.0,0,,-0.04520206900015855
2024-07-24,134550.7851333892,0.0,0,,-0.04520206900015855
2024-07-25,134550.7851333892,0.0,0,,-0.04520206900015855
2024-07-26,134550.7851333892,0.0,0,,-0.04520206900015855
2024-07-29,134550.7851333892,0.0,0,,-0.04520206900015855
2024-07-30,134550.7851333892,0.0,0,,-0.04520206900015855
2024-07-31,134550.7851333892,0.0,0,,-0.04520206900015855
2024-08-01,134550.7851333892,0.0,0,,-0.04520206900015855
2024-08-02,134550.7851333892,0.0,0,,-0.04520206900015855
2024-08-05,134550.7851333892,0.0,0,,-0.04520206900015855
2024-08-06,134550.7851333892,0.0,0,,-0.04520206900015855
2024-08-07,134550.7851333892,0.0,0,,-0.04520206900015855
2024-08-08,134550.7851333892,0.0,0,,-0.04520206900015855
2024-08-09,134550.7851333892,0.0,0,,-0.04520206900015855
2024-08-12,134550.7851333892,0.0,0,,-0.04520206900015855
2024-08-13,134550.7851333892,0.0,0,,-0.04520206900015855
2024-08-14,134550.7851333892,0.0,0,,-0.04520206900015855
2024-08-15,134550.7851333892,0.0,0,,-0.04520206900015855
2024-08-16,134550.7851333892,0.0,0,,-0.04520206900015855
2024-08-19,134550.7851333892,0.0,0,,-0.04520206900015855
2024-08-20,134550.7851333892,0.0,0,,-0.04520206900015855
2024-08-21,134550.7851333892,0.0,0,,-0.04520206900015855
2024-08-22,134550.7851333892,0.0,0,,-0.04520206900015855
2024-08-23,134550.7851333892,0.0,0,,-0.04520206900015855
2024-08-26,134550.7851333892,0.0,0,,-0.04520206900015855
2024-08-27,134550.7851333892,0.0,0,,-0.04520206900015855
2024-08-28,134550.7851333892,0.0,0,,-0.04520206900015855
2024-08-29,134550.7851333892,0.0,0,,-0.04520206900015855
2024-08-30,134550.7851333892,0.0,0,,-0.04520206900015855
2024-09-03,131626.33430332338,-0.021734922075457352,1,401.8564333234514,-0.06595452762824805
2024-09-04,131452.73293355806,-0.0013188954222889127,1,401.8564333234514,-0.06718643592596885
2024-09-05,131288.78535005153,-0.001247197984003856,1,401.8564333234514,-0.06834983912253334
2024-09-06,128994.5940450218,-0.017474388988463763,0,,-0.08462985643487109
2024-09-09,128994.5940450218,0.0,0,,-0.08462985643487109
2024-09-10,128994.5940450218,0.0,0,,-0.08462985643487109
2024-09-11,131138.72913146464,0.016621898788211853,1,401.1810847691127,-0.06941466655478057
2024-09-12,132366.29209548928,0.009360796556096007,1,405.9553669520787,-0.06070364657031302
2024-09-13,133479.1597860817,0.00840748556883053,1,409.688223702567,-0.052806526033997825
2024-09-16,133711.65327336887,0.0017417961549934802,1,410.5507245744978,-0.05115670808300887
2024-09-17,134892.7194319729,0.008832933627627604,1,413.21786063058033,-0.042775638262486426
2024-09-18,133547.3582540933,-0.009973564055531292,1,413.21786063058033,-0.05232257674979046
2024-09-19,135990.09134081984,0.018291137456114104,1,417.26322392054965,-0.0349884787370649
2024-09-20,134929.91687630935,-0.007795968471360659,1,417.26322392054965,-0.0425116781313305
2024-09-23,134384.33859240075,-0.0040434196991964155,1,417.26322392054965,-0.04638320527372475
2024-09-24,133038.97741452116,-0.010011294411026439,1,417.26322392054965,-0.055930143761028894
2024-09-25,133950.34318131735,0.006850366595622326,1,417.26322392054965,-0.04946291915391543
2024-09-26,133702.35391228474,-0.001851352248474103,1,417.26322392054965,-0.05122269811579783
2024-09-27,132682.47983253349,-0.007627944085564442,1,417.26322392054965,-0.05845991832422326
2024-09-30,133389.25965547908,0.005326851170084135,1,417.26322392054965,-0.05344447443846756
2024-10-01,130410.24764592803,-0.022333222459179347,1,417.26322392054965,-0.07458410956079864
2024-10-02,129153.95409720318,-0.009633395928637212,0,,-0.08349900723205184
2024-10-03,129153.95409720318,0.0,0,,-0.08349900723205184
2024-10-04,129153.95409720318,0.0,0,,-0.08349900723205184
2024-10-07,129153.95409720318,0.0,0,,-0.08349900723205184
2024-10-08,129153.95409720318,0.0,0,,-0.08349900723205184
2024-10-09,129153.95409720318,0.0,0,,-0.08349900723205184
2024-10-10,129153.95409720318,0.0,0,,-0.08349900723205184
2024-10-11,129153.95409720318,0.0,0,,-0.08349900723205184
2024-10-14,129153.95409720318,0.0,0,,-0.08349900723205184
2024-10-15,129153.95409720318,0.0,0,,-0.08349900723205184
2024-10-16,129153.95409720318,0.0,0,,-0.08349900723205184
2024-10-17,129153.95409720318,0.0,0,,-0.08349900723205184
2024-10-18,129153.95409720318,0.0,0,,-0.08349900723205184
2024-10-21,129153.95409720318,0.0,0,,-0.08349900723205184
2024-10-22,129153.95409720318,0.0,0,,-0.08349900723205184
2024-10-23,129153.95409720318,0.0,0,,-0.08349900723205184
2024-10-24,129153.95409720318,0.0,0,,-0.08349900723205184
2024-10-25,129153.95409720318,0.0,0,,-0.08349900723205184
2024-10-28,127445.82412377211,-0.013225533707976966,1,415.0653730119978,-0.09562022200529863
2024-10-29,127675.2689314044,0.0018003320956947455,0,,-0.09399203806427758
2024-10-30,126053.11036471596,-0.01270534677753421,1,420.9453659057617,-0.10550318340387799
2024-10-31,120867.64408258136,-0.04113715454645439,0,,-0.14230023718950413
2024-11-01,120867.64408258136,0.0,0,,-0.14230023718950413
2024-11-04,120867.64408258136,0.0,0,,-0.14230023718950413
2024-11-05,120867.64408258136,0.0,0,,-0.14230023718950413
2024-11-06,120867.64408258136,0.0,0,,-0.14230023718950413
2024-11-07,121875.48786435914,0.008338408425411004,1,403.7907028198242,-0.13514838626081205
2024-11-08,121047.57673460207,-0.006793089769441485,1,403.7907028198242,-0.14102340091018872
2024-11-11,119749.84074805515,-0.010720875390940021,1,403.7907028198242,-0.150232381992764
2024-11-12,119638.86430512779,-0.0009267356201404509,0,,-0.1510198919132132
2024-11-13,120468.29858536439,0.006932816397531294,1,403.201792035784,-0.14513406869869128
2024-11-14,120947.11258554412,0.003974605815823207,1,404.8239310128348,-0.14173631359639194
2024-11-15,117578.41598693044,-0.02785264175886004,1,404.8239310128348,-0.16564122458843022
2024-11-18,117365.27043634914,-0.0018127948806947458,0,,-0.16715374590515908
2024-11-19,117365.27043634914,0.0,0,,-0.16715374590515908
2024-11-20,117365.27043634914,0.0,0,,-0.16715374590515908
2024-11-21,117365.27043634914,0.0,0,,-0.16715374590515908
2024-11-22,117365.27043634914,0.0,0,,-0.16715374590515908
2024-11-25,117365.27043634914,0.0,0,,-0.16715374590515908
2024-11-26,117365.27043634914,0.0,0,,-0.16715374590515908
2024-11-27,117365.27043634914,0.0,0,,-0.16715374590515908
2024-11-29,117365.27043634914,0.0,0,,-0.16715374590515908
2024-12-02,119805.31151531494,0.020790145755162914,1,410.135366167341,-0.14983875089088594
2024-12-03,119866.46821425272,0.0005104673420923689,1,410.8035779680525,-0.14940477133770325
2024-12-04,121595.5256296223,0.014424863276016442,1,417.4967923845564,-0.13713505146101757
2024-12-05,123041.03449383417,0.011887845845700573,1,422.63963535853793,-0.1268774459671278
2024-12-06,123305.12216728856,0.002146338207743348,1,425.18250165666853,-0.12500342966936462
2024-12-09,123986.17653646918,0.005523325853865391,1,427.35926927839006,-0.12017053849041381
2024-12-10,123238.40036993171,-0.0060311253030496115,1,427.35926927839006,-0.12547690021809277
2024-12-11,124811.7877304382,0.012767021932965417,1,430.0721326555525,-0.11431184462229227
2024-12-12,124970.24033451085,0.0012695323651230606,1,431.0564215523856,-0.11318743484363425
2024-12-13,124333.65585239248,-0.005093888596312324,1,431.0564215523856,-0.11770475925635071
2024-12-16,125534.546404235,0.009658612091871577,1,433.0542733328683,-0.10918301177550327
2024-12-17,126332.35755625382,0.006355311544678388,1,436.7331968035017,-0.1035215922860444
2024-12-18,121587.1864653754,-0.03756101115080879,1,436.7331968035017,-0.13719422775464762
2024-12-19,121222.49507006028,-0.0029994229319466603,0,,-0.13978214717373627
2024-12-20,121222.49507006028,0.0,0,,-0.13978214717373627
2024-12-23,121222.49507006028,0.0,0,,-0.13978214717373627
2024-12-24,121222.49507006028,0.0,0,,-0.13978214717373627
2024-12-26,121222.49507006028,0.0,0,,-0.13978214717373627
2024-12-27,121222.49507006028,0.0,0,,-0.13978214717373627
2024-12-30,121222.49507006028,0.0,0,,-0.13978214717373627
2024-12-31,121222.49507006028,0.0,0,,-0.13978214717373627
2025-01-02,121222.49507006028,0.0,0,,-0.13978214717373627
2025-01-03,121222.49507006028,0.0,0,,-0.13978214717373627
2025-01-06,121222.49507006028,0.0,0,,-0.13978214717373627
2025-01-07,121222.49507006028,0.0,0,,-0.13978214717373627
2025-01-08,121222.49507006028,0.0,0,,-0.13978214717373627
2025-01-10,121222.49507006028,0.0,0,,-0.13978214717373627
2025-01-13,121222.49507006028,0.0,0,,-0.13978214717373627
2025-01-14,121222.49507006028,0.0,0,,-0.13978214717373627
2025-01-15,121222.49507006028,0.0,0,,-0.13978214717373627
2025-01-16,121222.49507006028,0.0,0,,-0.13978214717373627
2025-01-17,121222.49507006028,0.0,0,,-0.13978214717373627
2025-01-21,121222.49507006028,0.0,0,,-0.13978214717373627
2025-01-22,121222.49507006028,0.0,0,,-0.13978214717373627
2025-01-23,122330.75666344346,0.009142375701330474,1,424.37249755859375,-0.1319177123782067
2025-01-24,121605.06042939573,-0.005932246753318715,1,424.37249755859375,-0.1370673907105645
2025-01-27,115940.23442549293,-0.046583801561381644,0,,-0.17726607214254886
2025-01-28,115940.23442549293,0.0,0,,-0.17726607214254886
2025-01-29,114636.61937597812,-0.011243853835335882,1,421.6328691755022,-0.18651677217274976
2025-01-30,108367.88761337256,-0.05468350163088598,0,,-0.2310008835883397
2025-01-31,108367.88761337256,0.0,0,,-0.2310008835883397
2025-02-03,108367.88761337256,0.0,0,,-0.2310008835883397
2025-02-04,108367.88761337256,0.0,0,,-0.2310008835883397
2025-02-05,108367.88761337256,0.0,0,,-0.2310008835883397
2025-02-06,108367.88761337256,0.0,0,,-0.2310008835883397
2025-02-07,108367.88761337256,0.0,0,,-0.2310008835883397
2025-02-10,108367.88761337256,0.0,0,,-0.2310008835883397
2025-02-11,108367.88761337256,0.0,0,,-0.2310008835883397
2025-02-12,108367.88761337256,0.0,0,,-0.2310008835883397
2025-02-13,108367.88761337256,0.0,0,,-0.2310008835883397
2025-02-14,108367.88761337256,0.0,0,,-0.2310008835883397
2025-02-18,108367.88761337256,0.0,0,,-0.2310008835883397
2025-02-19,108367.88761337256,0.0,0,,-0.2310008835883397
2025-02-20,108367.88761337256,0.0,0,,-0.2310008835883397
2025-02-21,108367.88761337256,0.0,0,,-0.2310008835883397
2025-02-24,108367.88761337256,0.0,0,,-0.2310008835883397
2025-02-25,108367.88761337256,0.0,0,,-0.2310008835883397
2025-02-26,108367.88761337256,0.0,0,,-0.2310008835883397
2025-02-27,108367.88761337256,0.0,0,,-0.2310008835883397
2025-02-28,108367.88761337256,0.0,0,,-0.2310008835883397
2025-03-03,108367.88761337256,0.0,0,,-0.2310008835883397
2025-03-04,108367.88761337256,0.0,0,,-0.2310008835883397
2025-03-05,108367.88761337256,0.0,0,,-0.2310008835883397
2025-03-06,108367.88761337256,0.0,0,,-0.2310008835883397
2025-03-07,108367.88761337256,0.0,0,,-0.2310008835883397
2025-03-10,108367.88761337256,0.0,0,,-0.2310008835883397
2025-03-11,108367.88761337256,0.0,0,,-0.2310008835883397
2025-03-12,108367.88761337256,0.0,0,,-0.2310008835883397
2025-03-13,108367.88761337256,0.0,0,,-0.2310008835883397
2025-03-14,108367.88761337256,0.0,0,,-0.2310008835883397
2025-03-17,108367.88761337256,0.0,0,,-0.2310008835883397
2025-03-18,108367.88761337256,0.0,0,,-0.2310008835883397
2025-03-19,108367.88761337256,0.0,0,,-0.2310008835883397
2025-03-20,108367.88761337256,0.0,0,,-0.2310008835883397
2025-03-21,108367.88761337256,0.0,0,,-0.2310008835883397
2025-03-24,108367.88761337256,0.0,0,,-0.2310008835883397
2025-03-25,108367.88761337256,0.0,0,,-0.2310008835883397
2025-03-26,108367.88761337256,0.0,0,,-0.2310008835883397
2025-03-27,108367.88761337256,0.0,0,,-0.2310008835883397
2025-03-28,108367.88761337256,0.0,0,,-0.2310008835883397
2025-03-31,108367.88761337256,0.0,0,,-0.2310008835883397
2025-04-01,108367.88761337256,0.0,0,,-0.2310008835883397
2025-04-02,108367.88761337256,0.0,0,,-0.2310008835883397
2025-04-03,108367.88761337256,0.0,0,,-0.2310008835883397
2025-04-04,108367.88761337256,0.0,0,,-0.2310008835883397
2025-04-07,108367.88761337256,0.0,0,,-0.2310008835883397
2025-04-08,108367.88761337256,0.0,0,,-0.2310008835883397
2025-04-09,108367.88761337256,0.0,0,,-0.2310008835883397
2025-04-10,108004.49816523475,-0.0033532945611552956,1,347.995726449149,-0.23357956414293612
2025-04-11,110015.33488716248,0.01861808309919999,1,350.9357452392578,-0.2193102847792242
2025-04-14,111199.22362217982,0.010761124676224476,0,,-0.21090918542028725
2025-04-15,111199.22362217982,0.0,0,,-0.21090918542028725
2025-04-16,108390.07310802546,-0.025262321288311962,1,341.7789513724191,-0.23084345110385585
2025-04-17,108850.74468900639,0.004250127043662122,0,,-0.22757443805458255
2025-04-21,108850.74468900639,0.0,0,,-0.22757443805458255
2025-04-22,108850.74468900639,0.0,0,,-0.22757443805458255
2025-04-23,108850.74468900639,0.0,0,,-0.22757443805458255
2025-04-24,108850.74468900639,0.0,0,,-0.22757443805458255
2025-04-25,108850.74468900639,0.0,0,,-0.22757443805458255
2025-04-28,108465.88220383428,-0.0035356899603368186,1,354.95286996024,-0.23030549535906053
2025-04-29,109264.48703930066,0.007362728438105481,1,361.1685878208705,-0.2246384437410871
2025-04-30,109602.7846859272,0.003096135403123812,1,367.37251826695035,-0.22223781937653275
2025-05-01,117960.38755369684,0.07625356318928223,1,394.1125063214983,-0.16293068179012715
2025-05-02,120700.0425178024,0.023225211623337794,1,403.4782191685268,-0.14348956973129978
2025-05-05,120946.83723892245,0.0020446945665628657,1,404.9128744942801,-0.14173826750832497
2025-05-06,120153.77521453596,-0.006557112550366728,1,404.9128744942801,-0.14736598628594555
2025-05-07,120164.8692990027,9.233238362216234e-05,1,404.9128744942801,-0.1472872605551021
2025-05-08,121501.42298996222,0.011122665873615656,1,408.520017351423,-0.137802821668081
2025-05-09,121656.7063232688,0.0012780371577987282,1,410.3746577671596,-0.1367009016368237
2025-05-12,124576.59996400088,0.024001090683593684,1,420.54930114746094,-0.11598078168994452
2025-05-13,124543.32617290762,-0.00026709503311916905,1,421.90430232456754,-0.11621689883233699
2025-05-14,125597.03571496037,0.008460586162520212,1,427.18643624441967,-0.10873957575592863
2025-05-15,125649.72203829371,0.0004194869969138537,1,427.6978650774275,-0.10836570359709441
2025-05-16,125965.83151598673,0.0025157992597601986,1,428.9217779976981,-0.10612253069422706
2025-05-19,127241.3804358396,0.010126150119455168,1,432.7949970790318,-0.09707099325163826
2025-05-20,127047.28050035988,-0.0015254466339085226,1,433.46466064453125,-0.09844836326564088
2025-05-21,125494.43870498713,-0.012222550449384473,1,434.1807196480887,-0.10946762362835172
2025-05-22,126129.43329706663,0.005059942086933722,1,437.6064147949219,-0.10496158137737166
2025-05-23,124831.70467058725,-0.01028886432418119,1,437.6064147949219,-0.11417051023150959
2025-05-27,127746.05550023947,0.02334623914127243,1,442.94179098946705,-0.09348972312498305
2025-05-28,126822.66548586634,-0.007228325060662288,1,442.94179098946705,-0.10004227407706667
2025-05-29,127188.69411250626,0.002886145195242884,1,442.94179098946705,-0.09744486541047248
2025-05-30,127654.54411242598,0.0036626683147453765,1,443.3349914550781,-0.09413910531670067
2025-06-02,128100.99004241264,0.003497297593992865,1,445.9128668648856,-0.09097104018923241
2025-06-03,128378.28291793252,0.0021646427199983886,1,447.2753666469029,-0.08900331726911048
2025-06-04,128627.84481343902,0.001943957263130125,1,448.7182137625558,-0.08723237865102818
2025-06-05,129684.32999218522,0.00821350291827172,1,452.52464185442244,-0.07973535912937435
2025-06-06,130433.02414101169,0.005773204433192403,1,455.2192916870117,-0.0744224832249899
2025-06-09,131090.20690202469,0.005038469094318598,1,458.3000030517578,-0.06975898951232284
2025-06-10,130582.76466323838,-0.003870939338478263,1,458.3000030517578,-0.07335989603408533
2025-06-11,131054.15747423799,0.003609915996305446,1,458.3000030517578,-0.07001480309996078
2025-06-12,132787.23794623726,0.013224154848654468,1,464.2664239065988,-0.05771653484919814
2025-06-13,131703.0217874777,-0.0081650629648502,1,464.2664239065988,-0.0654103386728917
2025-06-16,132862.1124385041,0.008800790105611744,1,465.3525161743164,-0.057185211228677035
2025-06-17,132557.08858297084,-0.0022957926073501334,1,465.3525161743164,-0.059349718450838695
2025-06-18,133167.12783173038,0.004602086959519358,1,466.5239137922014,-0.055020764056653126
2025-06-20,132379.61708073076,-0.005913702306433399,1,466.5239137922014,-0.060609089943783
2025-06-23,134764.33750266314,0.018014256835915177,1,470.4142750331334,-0.04368666082070627
2025-06-24,135904.0071591425,0.00845675998263884,1,474.06533595493863,-0.03559934844307111
2025-06-25,136502.9607857423,0.0044071815034743,1,475.7878428867885,-0.0313490597295909
2025-06-26,137939.3443122886,0.010522727992698044,1,480.9696480887277,-0.021156209365254197
2025-06-27,137520.62936231535,-0.003035500509740663,1,480.9696480887277,-0.024127490190682388
2025-06-30,137928.25022782185,0.0029640706808617967,1,480.9696480887277,-0.02123493509609764
2025-07-01,136441.95601463565,-0.010775850565284628,1,480.9696480887277,-0.03178196117402321
2025-07-02,136175.7572235825,-0.001951003920118155,1,480.9696480887277,-0.033670958363301806
2025-07-03,138324.7770088616,0.015781221482401575,1,481.87928009033203,-0.018421105732356335
2025-07-07,138014.21034224847,-0.002245199112760776,1,481.87928009033203,-0.02062494579487073
2025-07-08,137709.1864867152,-0.002210090213006888,1,481.87928009033203,-0.022789453017032613
2025-07-09,139619.73846095454,0.013873816431438035,1,486.43322317940846,-0.009231813273325784
2025-07-10,139056.83426214146,-0.004031694981082468,1,486.43322317940846,-0.01322628839916784
2025-07-11,139567.05213762118,0.0036691319645454357,1,486.43322317940846,-0.009605685432160116
2025-07-14,139483.85919758104,-0.0005960786501251203,1,487.9985558646066,-0.010196038338279312
2025-07-15,140260.2843264209,0.005566415593219576,1,490.85929325648715,-0.004686378131855129
2025-07-16,140204.82236639413,-0.0003954216996857607,1,490.85929325648715,-0.005079946735934593
2025-07-17,141890.76778844694,0.012024874705429012,1,496.4464438302176,0.0
2025-07-18,141433.22777399354,-0.003224593266952902,1,496.4464438302176,-0.003224593266952902
2025-07-21,141436.00341068697,1.96250678650145e-05,1,496.4464438302176,-0.003205031481949616
2025-07-22,140107.76816750076,-0.009391068830822524,1,496.4464438302176,-0.01256600164152022
2025-07-23,140274.1455852741,0.0011874960250199962,1,496.4464438302176,-0.011393427693499936
2025-07-24,141663.38559956694,0.009903749607573342,1,496.4464438302176,-0.0016025157409749191
2025-07-25,142448.12917618014,0.005539494720473437,1,497.5135803222656,0.0
2025-07-28,142112.59870394005,-0.0023554572052336686,1,497.5135803222656,-0.0023554572052336686
2025-07-29,142132.01123618011,0.0001365996570121819,1,497.5135803222656,-0.0022191793028678575
2025-07-30,142317.79272388652,0.0013071051770152664,1,497.66676657540455,-0.0009149748266080726
2025-07-31,147935.7490898576,0.03947472946598163,1,511.6803458077567,0.0
2025-08-01,145331.96492681853,-0.01760077722293818,1,511.6803458077567,-0.01760077722293818
2025-08-04,148529.15990537748,0.021999255154699693,1,511.6803458077567,0.0
2025-08-05,146341.31505561827,-0.014730069510613397,1,511.6803458077567,-0.014730069510613397
2025-08-06,145562.12275239194,-0.005324486136605966,1,511.6803458077567,-0.019976125596318894
2025-08-07,144425.22873260602,-0.0078103698839280256,1,511.6803458077567,-0.027630474550491835
2025-08-08,144757.9666435387,0.0023038766415854894,1,511.6803458077567,-0.025390255113819205
2025-08-11,144683.10907588585,-0.0005171222654515306,1,511.6803458077567,-0.025894247513025825
2025-08-12,146754.47873220465,0.014316596246437996,1,511.6803458077567,-0.011948368753337157
2025-08-13,144353.12987703262,-0.01636303624882185,1,511.6803458077567,-0.028115893411133963
2025-08-14,144879.976185752,0.003649704784150831,1,511.6803458077567,-0.024568803337676304
2025-08-15,144239.43032028564,-0.0044212173574980085,1,511.6803458077567,-0.028881396675404902
2025-08-18,143388.13916148592,-0.005901930955421908,1,511.6803458077567,-0.03461287162175242
2025-08-19,141672.4864643869,-0.011965094931365439,0,,-0.046163820258316446
2025-08-20,141672.4864643869,0.0,0,,-0.046163820258316446
2025-08-21,141672.4864643869,0.0,0,,-0.046163820258316446
2025-08-22,141672.4864643869,0.0,0,,-0.046163820258316446
2025-08-25,141672.4864643869,0.0,0,,-0.046163820258316446
2025-08-26,141672.4864643869,0.0,0,,-0.046163820258316446
2025-08-27,141672.4864643869,0.0,0,,-0.046163820258316446
2025-08-28,141672.4864643869,0.0,0,,-0.046163820258316446
2025-08-29,141672.4864643869,0.0,0,,-0.046163820258316446
2025-09-02,141672.4864643869,0.0,0,,-0.046163820258316446
2025-09-03,141672.4864643869,0.0,0,,-0.046163820258316446
2025-09-04,141672.4864643869,0.0,0,,-0.046163820258316446
2025-09-05,141672.4864643869,0.0,0,,-0.046163820258316446
2025-09-08,141672.4864643869,0.0,0,,-0.046163820258316446
2025-09-09,141672.4864643869,0.0,0,,-0.046163820258316446
2025-09-10,141672.4864643869,0.0,0,,-0.046163820258316446
2025-09-11,141672.4864643869,0.0,0,,-0.046163820258316446
2025-09-12,141672.4864643869,0.0,0,,-0.046163820258316446
2025-09-15,141672.4864643869,0.0,0,,-0.046163820258316446
2025-09-16,141672.4864643869,0.0,0,,-0.046163820258316446
2025-09-17,141672.4864643869,0.0,0,,-0.046163820258316446
2025-09-18,140619.54409978332,-0.007432229015534753,1,492.3399919782366,-0.05325294918945944
2025-09-19,143241.376137517,0.018644862309276533,1,497.7942875453404,-0.03560098078538332
2025-09-22,142278.93488421143,-0.0067190170833154594,1,497.7942875453404,-0.04208079427061895
2025-09-23,140835.26456415505,-0.01014676080637833,1,497.7942875453404,-0.051800571322990985
2025-09-24,141089.69975797916,0.0018066156556137969,1,497.7942875453404,-0.050087539390499036
2025-09-25,140226.81790049223,-0.0061158387817614734,1,497.7942875453404,-0.05589705085637309
2025-09-26,141451.99940403813,0.00873714116807034,1,497.7942875453404,-0.04764829011251359
2025-09-29,142320.40952570454,0.006139256605245391,1,497.7942875453404,-0.04180155858707013
2025-09-30,143246.9128417945,0.006509982083227506,1,499.61432102748324,-0.035563703901295374
2025-10-01,143733.67017272473,0.0033980301653540046,1,500.7439738682338,-0.03228652027458978
2025-10-02,142635.69782599292,-0.007638936272985841,1,500.7439738682338,-0.03967882187672156
2025-10-03,143080.96363523407,0.003121699658835464,1,500.7439738682338,-0.03668098758260163
2025-10-06,146184.03317981653,0.021687508007657286,1,509.34501211983815,-0.0157889987868709
2025-10-07,144914.5918024428,-0.008683857940984807,1,509.34501211983815,-0.024335747305360145
2025-10-08,145155.2021157692,0.0016603594595527849,1,509.34501211983815,-0.0227157939340511
2025-10-09,144477.63104961783,-0.004667907565661822,1,509.34501211983815,-0.027277666273348156
2025-10-10,141313.71683866912,-0.021898990092536486,1,509.34501211983815,-0.048579303022416975
2025-10-13,142168.30207983783,0.0060474330467461535,1,509.34501211983815,-0.04282565005815642
2025-10-14,140900.16195035074,-0.008919992086386053,0,,-0.05136363768492935
2025-10-15,140271.11816241906,-0.004464464619659769,1,494.21718052455356,-0.05559879116140776
2025-10-16,139773.88491528938,-0.0035448013364657305,1,494.21718052455356,-0.05894650582865857
2025-10-17,140312.10542964618,0.003850651462417254,1,494.21718052455356,-0.05532283681511485
2025-10-20,140382.6066141606,0.0005024597435734357,0,,-0.05484817456994129
2025-10-21,140215.67912835226,-0.0011890895163896298,1,497.4028353009905,-0.05597204469695671
2025-10-22,140995.77004031424,0.0055635069973014595,1,500.8810501098633,-0.05071993856197998
2025-10-23,141001.19261945048,3.8459161822324006e-05,1,500.92784881591797,-0.05068343004648246
2025-10-24,141827.32585731026,0.005859051420149752,1,505.5653501238142,-0.04512133544912467
2025-10-27,143969.87284176427,0.015106729055933688,1,513.0093045915876,-0.030696242182462807
2025-10-28,146827.48938530555,0.019848712005754665,1,520.284298488072,-0.011456811047446891
2025-10-29,146686.6345857905,-0.0009593217190100312,1,520.284298488072,-0.012405141998788505
2025-10-30,142409.69101784035,-0.029157009294181968,1,520.284298488072,-0.04120045445241616
2025-10-31,140715.12577157887,-0.011899227041010874,0,,-0.052609427931704866
2025-11-03,140715.12577157887,0.0,0,,-0.052609427931704866
2025-11-04,140715.12577157887,0.0,0,,-0.052609427931704866
2025-11-05,140715.12577157887,0.0,0,,-0.052609427931704866
2025-11-06,140715.12577157887,0.0,0,,-0.052609427931704866
2025-11-07,140715.12577157887,0.0,0,,-0.052609427931704866
2025-11-10,140715.12577157887,0.0,0,,-0.052609427931704866
2025-11-11,140715.12577157887,0.0,0,,-0.052609427931704866
2025-11-12,140715.12577157887,0.0,0,,-0.052609427931704866
2025-11-13,140715.12577157887,0.0,0,,-0.052609427931704866
2025-11-14,140715.12577157887,0.0,0,,-0.052609427931704866
2025-11-17,140715.12577157887,0.0,0,,-0.052609427931704866
2025-11-18,140715.12577157887,0.0,0,,-0.052609427931704866
2025-11-19,140715.12577157887,0.0,0,,-0.052609427931704866
2025-11-20,140715.12577157887,0.0,0,,-0.052609427931704866
2025-11-21,140715.12577157887,0.0,0,,-0.052609427931704866
2025-11-24,140715.12577157887,0.0,0,,-0.052609427931704866
2025-11-25,140715.12577157887,0.0,0,,-0.052609427931704866
2025-11-26,140715.12577157887,0.0,0,,-0.052609427931704866
2025-11-28,140715.12577157887,0.0,0,,-0.052609427931704866
2025-12-01,140715.12577157887,0.0,0,,-0.052609427931704866
2025-12-02,140715.12577157887,0.0,0,,-0.052609427931704866
2025-12-03,140715.12577157887,0.0,0,,-0.052609427931704866
2025-12-04,140715.12577157887,0.0,0,,-0.052609427931704866
2025-12-05,140715.12577157887,0.0,0,,-0.052609427931704866
2025-12-08,140715.12577157887,0.0,0,,-0.052609427931704866
2025-12-09,140715.12577157887,0.0,0,,-0.052609427931704866
2025-12-10,140715.12577157887,0.0,0,,-0.052609427931704866
2025-12-11,140715.12577157887,0.0,0,,-0.052609427931704866
2025-12-12,140715.12577157887,0.0,0,,-0.052609427931704866
2025-12-15,140715.12577157887,0.0,0,,-0.052609427931704866
2025-12-16,140715.12577157887,0.0,0,,-0.052609427931704866
2025-12-17,140715.12577157887,0.0,0,,-0.052609427931704866
2025-12-18,140715.12577157887,0.0,0,,-0.052609427931704866
2025-12-19,140715.12577157887,0.0,0,,-0.052609427931704866
2025-12-22,140157.53577736102,-0.003962544830631631,1,465.15927450997486,-0.05636350554564318
2025-12-23,140715.3659555666,0.003980022730220467,1,468.18392399379184,-0.052607810848649295
2025-12-24,141053.5287804622,0.0024031691393415766,1,469.4431926182338,-0.05033106717682745
2025-12-26,140963.92948015206,-0.0006352148796616719,1,469.5546210152762,-0.050934311013709044
2025-12-29,140787.62402488542,-0.0012507132563402967,1,469.8321304321289,-0.05212132005206194
2025-12-30,140238.7782008556,-0.0038983953868900745,0,,-0.055816525925302396
2025-12-31,138817.43336509113,-0.01013517697457944,1,470.4721211024693,-0.06538599253152277
2026-01-02,138829.90073029153,8.981123550677594e-05,0,,-0.06530205369279007
2026-01-05,138829.90073029153,0.0,0,,-0.06530205369279007
2026-01-06,138829.90073029153,0.0,0,,-0.06530205369279007
2026-01-07,138829.90073029153,0.0,0,,-0.06530205369279007
2026-01-08,138829.90073029153,0.0,0,,-0.06530205369279007
2026-01-09,138829.90073029153,0.0,0,,-0.06530205369279007
2026-01-12,138770.2765140151,-0.0004294767623025386,1,460.9014096941267,-0.06570348474050092
2026-01-13,137836.17846110946,-0.006731254533540509,0,,-0.07199247239451245
2026-01-14,137836.17846110946,0.0,0,,-0.07199247239451245
2026-01-15,137836.17846110946,0.0,0,,-0.07199247239451245
2026-01-16,137836.17846110946,0.0,0,,-0.07199247239451245
2026-01-20,137836.17846110946,0.0,0,,-0.07199247239451245
2026-01-21,137836.17846110946,0.0,0,,-0.07199247239451245
2026-01-22,137836.17846110946,0.0,0,,-0.07199247239451245
2026-01-23,137836.17846110946,0.0,0,,-0.07199247239451245
2026-01-26,137836.17846110946,0.0,0,,-0.07199247239451245
2026-01-27,137836.17846110946,0.0,0,,-0.07199247239451245
2026-01-28,137836.17846110946,0.0,0,,-0.07199247239451245
2026-01-29,137836.17846110946,0.0,0,,-0.07199247239451245
2026-01-30,137836.17846110946,0.0,0,,-0.07199247239451245
2026-02-02,137836.17846110946,0.0,0,,-0.07199247239451245
2026-02-03,137836.17846110946,0.0,0,,-0.07199247239451245
2026-02-04,137836.17846110946,0.0,0,,-0.07199247239451245
2026-02-05,137836.17846110946,0.0,0,,-0.07199247239451245
2026-02-06,137836.17846110946,0.0,0,,-0.07199247239451245
2026-02-09,137836.17846110946,0.0,0,,-0.07199247239451245
2026-02-10,137836.17846110946,0.0,0,,-0.07199247239451245
2026-02-11,137836.17846110946,0.0,0,,-0.07199247239451245
2026-02-12,137836.17846110946,0.0,0,,-0.07199247239451245
2026-02-13,137836.17846110946,0.0,0,,-0.07199247239451245
2026-02-17,137836.17846110946,0.0,0,,-0.07199247239451245
2026-02-18,137836.17846110946,0.0,0,,-0.07199247239451245
2026-02-19,137836.17846110946,0.0,0,,-0.07199247239451245
2026-02-20,137836.17846110946,0.0,0,,-0.07199247239451245
2026-02-23,137836.17846110946,0.0,0,,-0.07199247239451245
2026-02-24,137836.17846110946,0.0,0,,-0.07199247239451245
2026-02-25,137836.17846110946,0.0,0,,-0.07199247239451245
2026-02-26,137836.17846110946,0.0,0,,-0.07199247239451245
2026-02-27,137836.17846110946,0.0,0,,-0.07199247239451245
2026-03-02,137836.17846110946,0.0,0,,-0.07199247239451245
2026-03-03,137836.17846110946,0.0,0,,-0.07199247239451245
2026-03-04,137836.17846110946,0.0,0,,-0.07199247239451245
2026-03-05,137836.17846110946,0.0,0,,-0.07199247239451245
2026-03-06,137836.17846110946,0.0,0,,-0.07199247239451245
2026-03-09,139155.85294680553,0.00957422427427801,1,386.6296615600586,-0.06310752019699928
2026-03-10,137915.24326611217,-0.008915253325116002,1,386.6296615600586,-0.07146015399283923
2026-03-11,137643.88665232554,-0.00196756070873938,0,,-0.07328711251034181
2026-03-12,137643.88665232554,0.0,0,,-0.07328711251034181
2026-03-13,137643.88665232554,0.0,0,,-0.07328711251034181
2026-03-16,137643.88665232554,0.0,0,,-0.07328711251034181
2026-03-17,137643.88665232554,0.0,0,,-0.07328711251034181
2026-03-18,135589.67786735232,-0.014924082971893515,1,376.3264389038086,-0.08711745253436054
2026-03-19,134802.298962473,-0.005807071137447606,0,,-0.09241862642762788
2026-03-20,134802.298962473,0.0,0,,-0.09241862642762788
2026-03-23,134802.298962473,0.0,0,,-0.09241862642762788
2026-03-24,134802.298962473,0.0,0,,-0.09241862642762788
2026-03-25,134802.298962473,0.0,0,,-0.09241862642762788
2026-03-26,134802.298962473,0.0,0,,-0.09241862642762788
2026-03-27,134802.298962473,0.0,0,,-0.09241862642762788
2026-03-30,134802.298962473,0.0,0,,-0.09241862642762788
2026-03-31,134802.298962473,0.0,0,,-0.09241862642762788
2026-04-01,134802.298962473,0.0,0,,-0.09241862642762788
2026-04-02,134802.298962473,0.0,0,,-0.09241862642762788
2026-04-06,134802.298962473,0.0,0,,-0.09241862642762788
2026-04-07,134802.298962473,0.0,0,,-0.09241862642762788
2026-04-08,134802.298962473,0.0,0,,-0.09241862642762788
2026-04-09,134802.298962473,0.0,0,,-0.09241862642762788
2026-04-10,134802.298962473,0.0,0,,-0.09241862642762788
2026-04-13,134802.298962473,0.0,0,,-0.09241862642762788
2026-04-14,134802.298962473,0.0,0,,-0.09241862642762788
2026-04-15,134802.298962473,0.0,0,,-0.09241862642762788
2026-04-16,134728.63979627664,-0.0005464236646057774,1,395.3242874145508,-0.09291455036770324
2026-04-17,135539.7169539891,0.0060200797613549906,1,397.5221459524972,-0.08745382361055232
2026-04-20,134026.5600284545,-0.011163937475598074,1,397.5221459524972,-0.0976414320673602
2026-04-21,135978.9154843683,0.014566929536200313,1,399.9653570992606,-0.08449683839189881
2026-04-22,138787.23455565693,0.02065260677572822,1,407.96822030203685,-0.06558931159327086
2026-04-23,133282.802773788,-0.03966093711350327,1,407.96822030203685,-0.10264891514435548
2026-04-24,136126.38139028483,0.021334925116506254,1,407.96822030203685,-0.08350399694574462
2026-04-27,136190.50210596036,0.0004710381266339603,1,407.96822030203685,-0.08307229238539848
2026-04-28,137610.68692879975,0.01042792853303709,1,407.96822030203685,-0.07351063578043193
2026-04-29,136075.08677443396,-0.01115901815939857,1,407.96822030203685,-0.08384934742024774
2026-04-30,130591.90648881042,-0.04029525474205864,0,,-0.12076587134805206
2026-05-01,130591.90648881042,0.0,0,,-0.12076587134805206
2026-05-04,130591.90648881042,0.0,0,,-0.12076587134805206
2026-05-05,130591.90648881042,0.0,0,,-0.12076587134805206
2026-05-06,130591.90648881042,0.0,0,,-0.12076587134805206
2026-05-07,130591.90648881042,0.0,0,,-0.12076587134805206
2026-05-08,130591.90648881042,0.0,0,,-0.12076587134805206
2026-05-11,130591.90648881042,0.0,0,,-0.12076587134805206
2026-05-12,130591.90648881042,0.0,0,,-0.12076587134805206
2026-05-13,130591.90648881042,0.0,0,,-0.12076587134805206
2026-05-14,130591.90648881042,0.0,0,,-0.12076587134805206
2026-05-15,130591.90648881042,0.0,0,,-0.12076587134805206
2026-05-18,130591.90648881042,0.0,0,,-0.12076587134805206
2026-05-19,126610.9120432947,-0.030484235605035992,1,401.1089205060686,-0.14756865167786648
2026-05-20,125436.69156251947,-0.009274243916461922,0,,-0.15547430792424455
2026-05-21,125436.69156251947,0.0,0,,-0.15547430792424455
2026-05-22,124959.23568687342,-0.0038063493998331532,1,392.0167770385742,-0.1586888677854208
2026-05-26,124133.87852036567,-0.006605011322059817,0,,-0.1642457373390731
2026-05-27,124133.87852036567,0.0,0,,-0.1642457373390731
2026-05-28,124133.87852036567,0.0,0,,-0.1642457373390731
2026-05-29,129017.057767971,0.03933800591596093,1,421.0435562133789,-0.1313688312102279
2026-06-01,131962.80942293353,0.022832265019252507,1,430.16997964041576,-0.11153601416043679
2026-06-02,126458.15272641953,-0.0417136973711425,1,430.16997964041576,-0.1485971319909073
2026-06-03,123081.06213932115,-0.02670520258511455,0,,-0.1713340180626376
2026-06-04,123081.06213932115,0.0,0,,-0.1713340180626376
2026-06-05,123081.06213932115,0.0,0,,-0.1713340180626376
2026-06-08,123081.06213932115,0.0,0,,-0.1713340180626376
2026-06-09,123081.06213932115,0.0,0,,-0.1713340180626376
2026-06-10,123081.06213932115,0.0,0,,-0.1713340180626376
2026-06-11,123081.06213932115,0.0,0,,-0.1713340180626376
2026-06-12,123081.06213932115,0.0,0,,-0.1713340180626376
2026-06-15,123081.06213932115,0.0,0,,-0.1713340180626376
2026-06-16,123081.06213932115,0.0,0,,-0.1713340180626376
2026-06-17,123081.06213932115,0.0,0,,-0.1713340180626376
2026-06-18,123081.06213932115,0.0,0,,-0.1713340180626376
2026-06-22,123081.06213932115,0.0,0,,-0.1713340180626376
2026-06-23,123081.06213932115,0.0,0,,-0.1713340180626376
2026-06-24,123081.06213932115,0.0,0,,-0.1713340180626376
2026-06-25,123081.06213932115,0.0,0,,-0.1713340180626376
2026-06-26,123081.06213932115,0.0,0,,-0.1713340180626376
2026-06-29,123081.06213932115,0.0,0,,-0.1713340180626376
2026-06-30,123081.06213932115,0.0,0,,-0.1713340180626376
2026-07-01,123081.06213932115,0.0,0,,-0.1713340180626376
2026-07-02,123081.06213932115,0.0,0,,-0.1713340180626376
2026-07-06,123081.06213932115,0.0,0,,-0.1713340180626376
2026-07-07,123081.06213932115,0.0,0,,-0.1713340180626376
2026-07-08,123081.06213932115,0.0,0,,-0.1713340180626376
2026-07-09,123081.06213932115,0.0,0,,-0.1713340180626376
2026-07-10,123081.06213932115,0.0,0,,-0.1713340180626376
2026-07-13,123081.06213932115,0.0,0,,-0.1713340180626376
2026-07-14,123574.08571687425,0.00400568185701089,1,353.6960688999721,-0.16801464577326908
2026-07-15,124308.69716466995,0.005944704697057546,0,,-0.16306873853011428
2026-07-16,124308.69716466995,0.0,0,,-0.16306873853011428
2026-07-17,123795.60083970345,-0.0041275979611210545,1,365.1682248796736,-0.16652325429855586
2026-07-20,126458.10876395609,0.021507290292974046,1,374.90072740827287,-0.1485974279763116
2026-07-21,125030.97688852221,-0.011285412136739503,1,374.90072740827287,-0.15820585689587896
2026-07-22,122701.67457143594,-0.018629801790344125,1,374.90072740827287,-0.1738883149301813
2026-07-23,119948.00372656081,-0.022441998892785864,1,374.90072740827287,-0.19242791245183566
2026-07-24,119985.73326110866,0.00031454908273298443,1,374.90072740827287,-0.19217389139245655
2026-07-27,122311.88905204907,0.01938693649417722,1,374.90072740827287,-0.1765126179265437
2026-07-28,123647.85800686042,0.010922641823010615,1,374.90072740827287,-0.16751796020638665
2026-07-29,122764.5475359482,-0.007143758777149345,1,374.90072740827287,-0.17346501108498147
2026-07-30,141801.31851047365,0.1550673330095651,1,411.41965048653736,-0.04529643471483913
2026-07-31,146082.70454370772,0.030192850660396564,1,423.6092867170061,-0.016471212543236025
2026-08-03,153290.64768462436,0.049341523101114504,1,443.93392290387834,0.0
2026-08-04,154912.67231975167,0.010581367223813976,1,447.97964259556363,0.0
2026-08-05,153230.921246258,-0.010856123313284671,1,447.97964259556363,-0.010856123313284671
2026-08-06,157128.8052193294,0.02543797258000624,1,454.84927150181363,0.0
2026-08-07,157169.6716869556,0.0002600825963716691,1,456.24356515066967,0.0
2026-08-10,159077.75200239886,0.012140257690705702,1,460.9260744367327,0.0
2026-08-11,158370.47432043988,-0.0044461131305671975,1,460.9260744367327,-0.0044461131305671975
2026-08-12,154793.2194430189,-0.022587890152951928,1,460.9260744367327,-0.026933574968518226
2026-08-13,156192.0613623425,0.009036842339457563,1,460.9260744367327,-0.018140127099689263
2026-08-14,155726.82636692742,-0.0029786084603609098,1,460.9260744367327,-0.021064703223999004
2026-08-17,150995.92837594007,-0.030379467053674447,1,460.9260744367327,-0.05080423582008453
2026-08-18,151398.29040684292,0.002664721063875719,1,460.9260744367327,-0.048274893873532565
2026-08-19,152240.73441012893,0.005564422167662286,1,460.9260744367327,-0.04297909359548169
2026-08-20,151247.40104785404,-0.006524754141023159,1,460.9260744367327,-0.049223419717590255
2026-08-21,151904.3822768167,0.00434375218622618,1,460.9260744367327,-0.045093481868375807
2026-08-24,153183.77131940756,0.00842233136012771,1,463.00821794782365,-0.037050942754725535
2026-08-25,154566.89020106933,0.00902914760322604,1,468.19749450683594,-0.028356333582470472
2026-08-26,156031.74201798355,0.00947713844154241,1,473.57357134137834,-0.01914793203998366
2026-08-27,158763.40636597265,0.017507106648045223,1,480.48678043910434,-0.0019760502802520508
2026-08-28,161425.9238832928,0.016770347640328698,1,489.10501861572266,0.0
2026-08-31,159464.4005887074,-0.012151228547426784,1,489.10501861572266,-0.012151228547426784
2026-09-01,157493.44730875187,-0.01235983249351702,1,489.10501861572266,-0.024360873891507095
2026-09-02,156173.20139160234,-0.008382862523551915,1,489.10501861572266,-0.03253952255827286
2026-09-03,160353.99451884383,0.026770233881280303,1,489.10501861572266,-0.0066403793062628225
2026-09-04,157078.51835940062,-0.020426532992031565,1,489.10501861572266,-0.026931272371315318
2026-09-08,154743.08196633752,-0.014867955322315662,0,,-0.04139881473924112
2026-09-09,154743.08196633752,0.0,0,,-0.04139881473924112
2026-09-10,154743.08196633752,0.0,0,,-0.04139881473924112
2026-09-11,154505.08372414857,-0.001538021856387184,1,470.48533521379744,-0.042873164313730894
2026-09-14,154718.43580583585,0.0013808741857852525,0,,-0.0415514925738093
2026-09-15,153578.43215148832,-0.007368247025055119,1,473.868896484375,-0.048613577937320795
2026-09-16,151471.48404559234,-0.013719036432262244,1,473.868896484375,-0.061665682922758314
2026-09-17,153773.06355457104,0.015194803982285787,1,473.868896484375,-0.047407876904917656
2026-09-18,152546.5859051026,-0.007975893964245473,1,473.868896484375,-0.055005650669899486
2026-09-21,154965.5533040146,0.015857237214189857,1,476.3421173095703,-0.0400206511065031
2026-09-22,153850.29763973155,-0.007196797226898144,1,476.3421173095703,-0.0469294278224992
2026-09-23,154650.44163063573,0.005200795859217955,1,476.3421173095703,-0.04197270233717587
2026-09-24,153207.7134594141,-0.009328962504144722,0,,-0.05091010307501953
