timestamp,equity,daily_return,position,stop_price,drawdown
2020-01-02,100000.0,0.0,0,,0.0
2020-01-03,100000.0,0.0,0,,0.0
2020-01-06,100000.0,0.0,0,,0.0
2020-01-07,100000.0,0.0,0,,0.0
2020-01-08,100000.0,0.0,0,,0.0
2020-01-09,100000.0,0.0,0,,0.0
2020-01-10,100000.0,0.0,0,,0.0
2020-01-13,100000.0,0.0,0,,0.0
2020-01-14,100000.0,0.0,0,,0.0
2020-01-15,100000.0,0.0,0,,0.0
2020-01-16,100000.0,0.0,0,,0.0
2020-01-17,100000.0,0.0,0,,0.0
2020-01-21,100000.0,0.0,0,,0.0
2020-01-22,100000.0,0.0,0,,0.0
2020-01-23,100000.0,0.0,0,,0.0
2020-01-24,100000.0,0.0,0,,0.0
2020-01-27,100000.0,0.0,0,,0.0
2020-01-28,100000.0,0.0,0,,0.0
2020-01-29,100000.0,0.0,0,,0.0
2020-01-30,100000.0,0.0,0,,0.0
2020-01-31,100000.0,0.0,0,,0.0
2020-02-03,100000.0,0.0,0,,0.0
2020-02-04,100296.64968927795,0.002966496892779613,1,5.738651531083243,0.0
2020-02-05,101769.87317638758,0.01468866100386923,1,5.824446388653347,0.0
2020-02-06,103186.27076975742,0.013917651159051081,1,5.90379444190434,0.0
2020-02-07,102106.72586566422,-0.010462098262103314,1,5.90379444190434,-0.010462098262103314
2020-02-10,106725.25212106486,0.04523234112390351,1,6.078312839780535,0.0
2020-02-11,108722.00766721385,0.018709307370705197,1,6.183991057532174,0.0
2020-02-12,110609.190876367,0.0173578767504885,1,6.300866007804871,0.0
2020-02-13,109894.89999708119,-0.006457789570888495,1,6.300866007804871,-0.006457789570888495
2020-02-14,117610.03106442944,0.07020463249480335,1,6.73608934879303,0.0
2020-02-18,120361.6629905968,0.02339623500872956,1,6.890499881335667,0.0
2020-02-19,127719.64474785577,0.06113227064529525,1,7.281517710004534,0.0
2020-02-20,125284.57663104514,-0.019065728859627984,1,7.281517710004534,-0.019065728859627984
2020-02-21,118029.60103278076,-0.05790797074431442,0,,-0.07586964193492007
2020-02-24,118029.60103278076,0.0,0,,-0.07586964193492007
2020-02-25,118029.60103278076,0.0,0,,-0.07586964193492007
2020-02-26,118029.60103278076,0.0,0,,-0.07586964193492007
2020-02-27,118029.60103278076,0.0,0,,-0.07586964193492007
2020-02-28,118029.60103278076,0.0,0,,-0.07586964193492007
2020-03-02,118029.60103278076,0.0,0,,-0.07586964193492007
2020-03-03,118029.60103278076,0.0,0,,-0.07586964193492007
2020-03-04,118029.60103278076,0.0,0,,-0.07586964193492007
2020-03-05,118029.60103278076,0.0,0,,-0.07586964193492007
2020-03-06,118029.60103278076,0.0,0,,-0.07586964193492007
2020-03-09,118029.60103278076,0.0,0,,-0.07586964193492007
2020-03-10,118029.60103278076,0.0,0,,-0.07586964193492007
2020-03-11,118029.60103278076,0.0,0,,-0.07586964193492007
2020-03-12,118029.60103278076,0.0,0,,-0.07586964193492007
2020-03-13,118029.60103278076,0.0,0,,-0.07586964193492007
2020-03-16,118029.60103278076,0.0,0,,-0.07586964193492007
2020-03-17,118029.60103278076,0.0,0,,-0.07586964193492007
2020-03-18,118029.60103278076,0.0,0,,-0.07586964193492007
2020-03-19,118029.60103278076,0.0,0,,-0.07586964193492007
2020-03-20,118029.60103278076,0.0,0,,-0.07586964193492007
2020-03-23,118029.60103278076,0.0,0,,-0.07586964193492007
2020-03-24,118029.60103278076,0.0,0,,-0.07586964193492007
2020-03-25,118029.60103278076,0.0,0,,-0.07586964193492007
2020-03-26,118029.60103278076,0.0,0,,-0.07586964193492007
2020-03-27,119139.77799492526,0.009405919806813268,1,4.717893140656607,-0.06717734589591828
2020-03-30,120199.01361613236,0.008890696617314564,0,,-0.05888390268052068
2020-03-31,120199.01361613236,0.0,0,,-0.05888390268052068
2020-04-01,120199.01361613236,0.0,0,,-0.05888390268052068
2020-04-02,120199.01361613236,0.0,0,,-0.05888390268052068
2020-04-03,120199.01361613236,0.0,0,,-0.05888390268052068
2020-04-06,120199.01361613236,0.0,0,,-0.05888390268052068
2020-04-07,112111.49688822325,-0.0672843851592444,1,5.582723072596959,-0.12220632065212944
2020-04-08,113836.20490322741,0.015383863946832443,0,,-0.10870246211565227
2020-04-09,109883.81151269165,-0.03472000312989787,1,5.584419659205846,-0.13964831542066714
2020-04-13,112767.24518479871,0.026240750410937652,1,5.608571444238935,-0.11707204159999107
2020-04-14,118659.47401219612,0.0522512438584577,1,6.070446525301252,-0.07093795753618204
2020-04-15,117359.83697767384,-0.01095266134745132,1,6.070446525301252,-0.0811136594580596
2020-04-16,123151.77183616896,0.04935193340117672,1,6.374062316758292,-0.035764841976382744
2020-04-17,122157.20126956103,-0.008075974480749037,1,6.374062316758292,-0.04355198050602249
2020-04-20,119954.92648551092,-0.018028202686065198,1,6.374062316758292,-0.06079501926014563
2020-04-21,112625.16139797107,-0.06110432728600934,1,6.374062316758292,-0.1181845077919238
2020-04-22,119578.82609477553,0.06174166243574186,1,6.374062316758292,-0.06373975334140525
2020-04-23,118684.54152647711,-0.007478619731470126,1,6.374062316758292,-0.07074168769585731
2020-04-24,121016.36235491798,0.01964721604389119,1,6.374062316758292,-0.052484348873436226
2020-04-27,124146.35037336967,0.0258641720635433,1,6.580750073705401,-0.027977641039798495
2020-04-28,121756.02539395187,-0.019254089807947627,1,6.580750073705401,-0.04669304683455133
2020-04-29,124723.03870190964,0.024368513166865835,1,6.649134159088135,-0.023462373794274405
2020-04-30,122140.48693650945,-0.02070629285718839,1,6.649134159088135,-0.04368284786855381
2020-05-01,118170.54191012157,-0.03250310462943806,1,6.649134159088135,-0.0747661243232084
2020-05-04,121726.7733184634,0.03009406025273753,1,6.649134159088135,-0.04692208032071732
2020-05-05,122750.60393115258,0.008410890922168957,1,6.649134159088135,-0.038905845897967195
2020-05-06,124443.04771886906,0.013787661596074363,1,6.729437214987619,-0.025654604939243097
2020-05-07,127401.69987500465,0.023775150242378418,1,6.916705097470965,-0.0024893967837039677
2020-05-08,130590.19204443328,0.02502707713128549,1,7.109017712729318,0.0
2020-05-11,134819.2291596027,0.03238403320312511,1,7.3914375475474765,0.0
2020-05-12,130423.03277273188,-0.0326080813120988,1,7.3914375475474765,-0.0326080813120988
2020-05-13,130046.94035258926,-0.002883634984918504,1,7.3914375475474765,-0.035397686492954716
2020-05-14,134234.1876498333,0.032197968563438595,1,7.3914375475474765,-0.004339451526434779
2020-05-15,141927.51538567166,0.0573127298680971,1,7.718205571174622,0.0
2020-05-18,146265.19168037997,0.03056261700151075,1,7.959981935364859,0.0
2020-05-19,147188.72832416688,0.006314124592302406,1,7.996169686317444,0.0
2020-05-20,149938.43936126848,0.018681532671752432,1,8.148348450660706,0.0
2020-05-21,146683.0898596335,-0.021711240396409592,1,8.148348450660706,-0.021711240396409592
2020-05-22,150878.68236751418,0.02860310968289248,1,8.180535674095154,0.0
2020-05-26,145721.93201794318,-0.03417812422970434,1,8.180535674095154,-0.03417812422970434
2020-05-27,136536.9955992786,-0.06303056987697375,0,,-0.09505442745915382
2020-05-28,136536.9955992786,0.0,0,,-0.09505442745915382
2020-05-29,136536.9955992786,0.0,0,,-0.09505442745915382
2020-06-01,136536.9955992786,0.0,0,,-0.09505442745915382
2020-06-02,136536.9955992786,0.0,0,,-0.09505442745915382
2020-06-03,136536.9955992786,0.0,0,,-0.09505442745915382
2020-06-04,136536.9955992786,0.0,0,,-0.09505442745915382
2020-06-05,136536.9955992786,0.0,0,,-0.09505442745915382
2020-06-08,136536.9955992786,0.0,0,,-0.09505442745915382
2020-06-09,136536.9955992786,0.0,0,,-0.09505442745915382
2020-06-10,136536.9955992786,0.0,0,,-0.09505442745915382
2020-06-11,136536.9955992786,0.0,0,,-0.09505442745915382
2020-06-12,136536.9955992786,0.0,0,,-0.09505442745915382
2020-06-15,136536.9955992786,0.0,0,,-0.09505442745915382
2020-06-16,136536.9955992786,0.0,0,,-0.09505442745915382
2020-06-17,136536.9955992786,0.0,0,,-0.09505442745915382
2020-06-18,136536.9955992786,0.0,0,,-0.09505442745915382
2020-06-19,136536.9955992786,0.0,0,,-0.09505442745915382
2020-06-22,136536.9955992786,0.0,0,,-0.09505442745915382
2020-06-23,136536.9955992786,0.0,0,,-0.09505442745915382
2020-06-24,136536.9955992786,0.0,0,,-0.09505442745915382
2020-06-25,136536.9955992786,0.0,0,,-0.09505442745915382
2020-06-26,136536.9955992786,0.0,0,,-0.09505442745915382
2020-06-29,136536.9955992786,0.0,0,,-0.09505442745915382
2020-06-30,136536.9955992786,0.0,0,,-0.09505442745915382
2020-07-01,136536.9955992786,0.0,0,,-0.09505442745915382
2020-07-02,136536.9955992786,0.0,0,,-0.09505442745915382
2020-07-06,136536.9955992786,0.0,0,,-0.09505442745915382
2020-07-07,136536.9955992786,0.0,0,,-0.09505442745915382
2020-07-08,136536.9955992786,0.0,0,,-0.09505442745915382
2020-07-09,136536.9955992786,0.0,0,,-0.09505442745915382
2020-07-10,136536.9955992786,0.0,0,,-0.09505442745915382
2020-07-13,136536.9955992786,0.0,0,,-0.09505442745915382
2020-07-14,136536.9955992786,0.0,0,,-0.09505442745915382
2020-07-15,136536.9955992786,0.0,0,,-0.09505442745915382
2020-07-16,136536.9955992786,0.0,0,,-0.09505442745915382
2020-07-17,136536.9955992786,0.0,0,,-0.09505442745915382
2020-07-20,136536.9955992786,0.0,0,,-0.09505442745915382
2020-07-21,136536.9955992786,0.0,0,,-0.09505442745915382
2020-07-22,136536.9955992786,0.0,0,,-0.09505442745915382
2020-07-23,136536.9955992786,0.0,0,,-0.09505442745915382
2020-07-24,136536.9955992786,0.0,0,,-0.09505442745915382
2020-07-27,136536.9955992786,0.0,0,,-0.09505442745915382
2020-07-28,136536.9955992786,0.0,0,,-0.09505442745915382
2020-07-29,136536.9955992786,0.0,0,,-0.09505442745915382
2020-07-30,136536.9955992786,0.0,0,,-0.09505442745915382
2020-07-31,136536.9955992786,0.0,0,,-0.09505442745915382
2020-08-03,136536.9955992786,0.0,0,,-0.09505442745915382
2020-08-04,136536.9955992786,0.0,0,,-0.09505442745915382
2020-08-05,136536.9955992786,0.0,0,,-0.09505442745915382
2020-08-06,136536.9955992786,0.0,0,,-0.09505442745915382
2020-08-07,136536.9955992786,0.0,0,,-0.09505442745915382
2020-08-10,136536.9955992786,0.0,0,,-0.09505442745915382
2020-08-11,136536.9955992786,0.0,0,,-0.09505442745915382
2020-08-12,136536.9955992786,0.0,0,,-0.09505442745915382
2020-08-13,136536.9955992786,0.0,0,,-0.09505442745915382
2020-08-14,136536.9955992786,0.0,0,,-0.09505442745915382
2020-08-17,136536.9955992786,0.0,0,,-0.09505442745915382
2020-08-18,136536.9955992786,0.0,0,,-0.09505442745915382
2020-08-19,136536.9955992786,0.0,0,,-0.09505442745915382
2020-08-20,136536.9955992786,0.0,0,,-0.09505442745915382
2020-08-21,136536.9955992786,0.0,0,,-0.09505442745915382
2020-08-24,136536.9955992786,0.0,0,,-0.09505442745915382
2020-08-25,136536.9955992786,0.0,0,,-0.09505442745915382
2020-08-26,136536.9955992786,0.0,0,,-0.09505442745915382
2020-08-27,136536.9955992786,0.0,0,,-0.09505442745915382
2020-08-28,136536.9955992786,0.0,0,,-0.09505442745915382
2020-08-31,136536.9955992786,0.0,0,,-0.09505442745915382
2020-09-01,136536.9955992786,0.0,0,,-0.09505442745915382
2020-09-02,136536.9955992786,0.0,0,,-0.09505442745915382
2020-09-03,136536.9955992786,0.0,0,,-0.09505442745915382
2020-09-04,136536.9955992786,0.0,0,,-0.09505442745915382
2020-09-08,136536.9955992786,0.0,0,,-0.09505442745915382
2020-09-09,136536.9955992786,0.0,0,,-0.09505442745915382
2020-09-10,136536.9955992786,0.0,0,,-0.09505442745915382
2020-09-11,136536.9955992786,0.0,0,,-0.09505442745915382
2020-09-14,136536.9955992786,0.0,0,,-0.09505442745915382
2020-09-15,136536.9955992786,0.0,0,,-0.09505442745915382
2020-09-16,136536.9955992786,0.0,0,,-0.09505442745915382
2020-09-17,136536.9955992786,0.0,0,,-0.09505442745915382
2020-09-18,136536.9955992786,0.0,0,,-0.09505442745915382
2020-09-21,136536.9955992786,0.0,0,,-0.09505442745915382
2020-09-22,136536.9955992786,0.0,0,,-0.09505442745915382
2020-09-23,136536.9955992786,0.0,0,,-0.09505442745915382
2020-09-24,136536.9955992786,0.0,0,,-0.09505442745915382
2020-09-25,136536.9955992786,0.0,0,,-0.09505442745915382
2020-09-28,136277.6096779303,-0.0018997482712272973,1,11.391473463603429,-0.09677359624614301
2020-09-29,135055.38614907768,-0.00896863051634933,0,,-0.10487430013402232
2020-09-30,135055.38614907768,0.0,0,,-0.10487430013402232
2020-10-01,135055.38614907768,0.0,0,,-0.10487430013402232
2020-10-02,135055.38614907768,0.0,0,,-0.10487430013402232
2020-10-05,138994.67259812888,0.029167932959762943,1,12.310312782015119,-0.07876533372977057
2020-10-06,139952.3768465641,0.0068902227008671435,1,12.41850893838065,-0.07241782171940969
2020-10-07,142270.22789224389,0.016561712619007185,1,12.676767792020526,-0.05705547225221386
2020-10-08,140994.13745777364,-0.008969483309162585,1,12.676767792020526,-0.06551319745531381
2020-10-09,140219.82007686846,-0.0054918409720197126,1,12.676767792020526,-0.07064525036534042
2020-10-12,144939.57853100233,0.03365970981524935,1,13.057606935501099,-0.03936343917721408
2020-10-13,145166.2712832723,0.0015640500308304883,1,13.136642796652657,-0.037860955534642304
2020-10-14,143607.45376014098,-0.010738152253628508,1,13.136642796652657,-0.04819255108327203
2020-10-15,142331.36332567077,-0.00888596239998507,1,13.136642796652657,-0.05665027628637176
2020-10-16,140716.50174977304,-0.01134578871560965,1,13.136642796652657,-0.06735332293655527
2020-10-19,137519.91143777187,-0.02271652771531707,1,13.136642796652657,-0.0885398170246654
2020-10-20,139025.24031484232,0.010946261245605937,1,13.136642796652657,-0.07856273574684947
2020-10-21,137794.99173906696,-0.008849102314006374,1,13.136642796652657,-0.08671662837416372
2020-10-22,136126.65123348366,-0.012107410324045165,1,13.136642796652657,-0.09777412489656523
2020-10-23,138462.33182785037,0.01715814334079635,1,13.136642796652657,-0.08229360400576502
2020-10-26,133640.05788590014,-0.03482733446917352,0,,-0.11425487160355596
2020-10-27,133640.05788590014,0.0,0,,-0.11425487160355596
2020-10-28,133640.05788590014,0.0,0,,-0.11425487160355596
2020-10-29,133640.05788590014,0.0,0,,-0.11425487160355596
2020-10-30,133640.05788590014,0.0,0,,-0.11425487160355596
2020-11-02,133640.05788590014,0.0,0,,-0.11425487160355596
2020-11-03,133640.05788590014,0.0,0,,-0.11425487160355596
2020-11-04,133640.05788590014,0.0,0,,-0.11425487160355596
2020-11-05,133640.05788590014,0.0,0,,-0.11425487160355596
2020-11-06,137716.95885900155,0.030506578922482985,1,13.250750201089042,-0.08723381793892504
2020-11-09,128909.8585760199,-0.06395073167422027,1,13.250750201089042,-0.1456058831292153
2020-11-10,128487.49839387345,-0.0032763993911092415,0,,-0.14840521949349816
2020-11-11,128487.49839387345,0.0,0,,-0.14840521949349816
2020-11-12,128487.49839387345,0.0,0,,-0.14840521949349816
2020-11-13,128487.49839387345,0.0,0,,-0.14840521949349816
2020-11-16,128487.49839387345,0.0,0,,-0.14840521949349816
2020-11-17,127062.04135783967,-0.011094130198286645,1,11.87549124445234,-0.1578529228646186
2020-11-18,127277.9003013209,0.0016988468088066089,0,,-0.1564222439900813
2020-11-19,127277.9003013209,0.0,0,,-0.1564222439900813
2020-11-20,123627.65027813401,-0.028679370217022715,1,11.951411826269966,-0.18061552276153503
2020-11-23,124229.77066713688,0.004870434628889475,0,,-0.17662476422921825
2020-11-24,124229.77066713688,0.0,0,,-0.17662476422921825
2020-11-25,124229.77066713688,0.0,0,,-0.17662476422921825
2020-11-27,122988.74972712467,-0.009989722538709556,1,12.039107833589826,-0.18485005437981283
2020-11-30,124289.47161077471,0.010575941999052318,1,12.261544738497053,-0.17622907583440306
2020-12-01,124182.8227291862,-0.0008580685089923934,1,12.375402246202741,-0.1769359277230531
2020-12-02,125615.70148700241,0.011538461812395706,1,12.570214748382568,-0.16743903435593077
2020-12-03,124238.46447027703,-0.01096389225568184,1,12.570214748382568,-0.1765671430795387
2020-12-04,124538.27482797955,0.0024131846685391256,0,,-0.17458004753364686
2020-12-07,124538.27482797955,0.0,0,,-0.17458004753364686
2020-12-08,124538.27482797955,0.0,0,,-0.17458004753364686
2020-12-09,124538.27482797955,0.0,0,,-0.17458004753364686
2020-12-10,125349.436343099,0.006513351146383517,1,12.146178483963013,-0.16920379754000225
2020-12-11,125113.16910158972,-0.0018848687987921275,0,,-0.17076973938017403
2020-12-14,125113.16910158972,0.0,0,,-0.17076973938017403
2020-12-15,124189.1379260348,-0.007385562864326678,1,12.653678212847028,-0.17689407159898374
2020-12-16,124578.2887139986,0.0031335332096078528,0,,-0.17431484183731405
2020-12-17,124578.2887139986,0.0,0,,-0.17431484183731405
2020-12-18,124578.2887139986,0.0,0,,-0.17431484183731405
2020-12-21,124578.2887139986,0.0,0,,-0.17431484183731405
2020-12-22,124008.7888165635,-0.004571421740609538,1,12.555768081120082,-0.17808939692023762
2020-12-23,121496.53219644281,-0.020258698146281118,1,12.555768081120082,-0.19474023573125832
2020-12-24,121351.77330282243,-0.001191465229528732,1,12.555768081120082,-0.19569967474112304
2020-12-28,121810.85898429021,0.0037830982520723477,0,,-0.192656927586495
2020-12-29,121810.85898429021,0.0,0,,-0.192656927586495
2020-12-30,121810.85898429021,0.0,0,,-0.192656927586495
2020-12-31,121810.85898429021,0.0,0,,-0.192656927586495
2021-01-04,121810.85898429021,0.0,0,,-0.192656927586495
2021-01-05,121810.85898429021,0.0,0,,-0.192656927586495
2021-01-06,121810.85898429021,0.0,0,,-0.192656927586495
2021-01-07,121810.85898429021,0.0,0,,-0.192656927586495
2021-01-08,121810.85898429021,0.0,0,,-0.192656927586495
2021-01-11,123466.15734323581,0.013589086989026722,1,12.563107320240565,-0.18168587234547973
2021-01-12,122226.64449112974,-0.010039292375968456,1,12.563107320240565,-0.189901167128389
2021-01-13,122652.65490928365,0.003485413674960469,1,12.563107320240565,-0.18707763757822882
2021-01-14,119647.91697974298,-0.024497944473872435,1,12.563107320240565,-0.20699256447440662
2021-01-15,119719.59574588855,0.0005990807692684008,0,,-0.20651748896989652
2021-01-19,119719.59574588855,0.0,0,,-0.20651748896989652
2021-01-20,119719.59574588855,0.0,0,,-0.20651748896989652
2021-01-21,123540.25783244787,0.03191342288416066,1,12.639866522380284,-0.18119474604420704
2021-01-22,122159.41598128558,-0.011177262176634506,1,12.639866522380284,-0.19034674703927668
2021-01-25,121631.58147363154,-0.0043208663320304375,1,12.639866522380284,-0.19384515052061368
2021-01-26,119689.50765393465,-0.01596685495796102,1,12.639866522380284,-0.20671690807590792
2021-01-27,115079.2987052421,-0.03851807095758408,1,12.639866522380284,-0.23727264250009172
2021-01-28,116266.36561675441,0.010315208077108728,1,12.639866522380284,-0.22940495110137693
2021-01-29,115720.71516520149,-0.004693106631986188,1,12.639866522380284,-0.23302143583593882
2021-02-01,116111.98636358917,0.0033811681670745664,0,,-0.23042815232995872
2021-02-02,117305.23776465157,0.01027672885834452,1,12.51652731214251,-0.22251947111443848
2021-02-03,117078.1000657769,-0.0019362963086981821,1,12.51652731214251,-0.2240249037926043
2021-02-04,118235.42543740539,0.009885071341081408,1,12.607643433979579,-0.2163543346076917
2021-02-05,117601.59366582088,-0.005360760273324883,1,12.607643433979579,-0.22055527115909002
2021-02-08,124937.09745504333,0.062375887609713576,1,13.320089442389351,-0.17193671435492563
2021-02-09,123418.51380253075,-0.012154785755760122,1,13.320089442389351,-0.18200164618415238
2021-02-10,127753.61317313991,0.03512519505416578,1,13.67219614982605,-0.15326929445238413
2021-02-11,131963.24836305185,0.03295120259500428,1,14.110883474349976,-0.12536849943047368
2021-02-12,129458.23931143375,-0.018982626471321984,1,14.110883474349976,-0.1419713025058369
2021-02-16,132651.1558236727,0.0246636794167876,1,14.175919158118111,-0.120809157780437
2021-02-17,128980.16499911387,-0.027674020642824426,1,14.175919158118111,-0.14513990329700344
2021-02-18,128313.89441574822,-0.0051656825169220655,1,14.175919158118111,-0.14955583915295645
2021-02-19,129157.55108358289,0.006574943981523473,1,14.175919158118111,-0.14396421643597335
2021-02-22,124218.90496790585,-0.03823737810328287,1,14.175919158118111,-0.17669678036205116
2021-02-23,121609.07462444206,-0.021009928755514995,0,,-0.19399432235083058
2021-02-24,121609.07462444206,0.0,0,,-0.19399432235083058
2021-02-25,121609.07462444206,0.0,0,,-0.19399432235083058
2021-02-26,121609.07462444206,0.0,0,,-0.19399432235083058
2021-03-01,121609.07462444206,0.0,0,,-0.19399432235083058
2021-03-02,121609.07462444206,0.0,0,,-0.19399432235083058
2021-03-03,121609.07462444206,0.0,0,,-0.19399432235083058
2021-03-04,121609.07462444206,0.0,0,,-0.19399432235083058
2021-03-05,121609.07462444206,0.0,0,,-0.19399432235083058
2021-03-08,121609.07462444206,0.0,0,,-0.19399432235083058
2021-03-09,121609.07462444206,0.0,0,,-0.19399432235083058
2021-03-10,121609.07462444206,0.0,0,,-0.19399432235083058
2021-03-11,121609.07462444206,0.0,0,,-0.19399432235083058
2021-03-12,121609.07462444206,0.0,0,,-0.19399432235083058
2021-03-15,121609.07462444206,0.0,0,,-0.19399432235083058
2021-03-16,121609.07462444206,0.0,0,,-0.19399432235083058
2021-03-17,121609.07462444206,0.0,0,,-0.19399432235083058
2021-03-18,121609.07462444206,0.0,0,,-0.19399432235083058
2021-03-19,121609.07462444206,0.0,0,,-0.19399432235083058
2021-03-22,121609.07462444206,0.0,0,,-0.19399432235083058
2021-03-23,121609.07462444206,0.0,0,,-0.19399432235083058
2021-03-24,121609.07462444206,0.0,0,,-0.19399432235083058
2021-03-25,121609.07462444206,0.0,0,,-0.19399432235083058
2021-03-26,121609.07462444206,0.0,0,,-0.19399432235083058
2021-03-29,121609.07462444206,0.0,0,,-0.19399432235083058
2021-03-30,121609.07462444206,0.0,0,,-0.19399432235083058
2021-03-31,121609.07462444206,0.0,0,,-0.19399432235083058
2021-04-01,123569.67072738815,0.016122120072049606,1,12.685768263680595,-0.18099980203701693
2021-04-05,125142.05233308228,0.012724656434207171,1,12.889821563448224,-0.1705783058983903
2021-04-06,124014.76375534259,-0.009008071681126495,1,12.889821563448224,-0.17804979597273896
2021-04-07,126537.73970276237,0.020344157993939627,1,13.054170097623553,-0.16132791115885758
2021-04-08,128089.993745428,0.012267123202231112,1,13.280572005680629,-0.1510398173187707
2021-04-09,128832.56345205496,0.00579724992494568,1,13.377142701830183,-0.14611818296344015
2021-04-12,136070.44876869215,0.056180558103470224,1,14.06748196056911,-0.098146625927921
2021-04-13,140279.87388862588,0.03093563046219816,1,14.493160452161517,-0.07024722321654064
2021-04-14,136678.83187771458,-0.02567041095125533,1,14.493160452161517,-0.09411435907964283
2021-04-15,144375.23997398355,0.05631016881352102,1,14.867875984736852,-0.04310378571367279
2021-04-16,142364.46315168613,-0.013927435359828766,1,14.867875984736852,-0.056430895884210464
2021-04-19,137437.05825164012,-0.034611199950903226,1,14.867875984736852,-0.08908895481425672
2021-04-20,135732.71696396262,-0.012400885971794673,1,14.867875984736852,-0.10038505881605342
2021-04-21,137425.88101231525,0.012474251501221723,1,14.867875984736852,-0.08916303578546803
2021-04-22,132818.98798632057,-0.03352274689497414,0,,-0.11969679279941836
2021-04-23,132818.98798632057,0.0,0,,-0.11969679279941836
2021-04-26,132818.98798632057,0.0,0,,-0.11969679279941836
2021-04-27,132818.98798632057,0.0,0,,-0.11969679279941836
2021-04-28,132818.98798632057,0.0,0,,-0.11969679279941836
2021-04-29,132818.98798632057,0.0,0,,-0.11969679279941836
2021-04-30,132818.98798632057,0.0,0,,-0.11969679279941836
2021-05-03,132818.98798632057,0.0,0,,-0.11969679279941836
2021-05-04,132818.98798632057,0.0,0,,-0.11969679279941836
2021-05-05,132818.98798632057,0.0,0,,-0.11969679279941836
2021-05-06,132818.98798632057,0.0,0,,-0.11969679279941836
2021-05-07,132818.98798632057,0.0,0,,-0.11969679279941836
2021-05-10,132818.98798632057,0.0,0,,-0.11969679279941836
2021-05-11,132818.98798632057,0.0,0,,-0.11969679279941836
2021-05-12,132818.98798632057,0.0,0,,-0.11969679279941836
2021-05-13,132818.98798632057,0.0,0,,-0.11969679279941836
2021-05-14,132818.98798632057,0.0,0,,-0.11969679279941836
2021-05-17,132818.98798632057,0.0,0,,-0.11969679279941836
2021-05-18,132818.98798632057,0.0,0,,-0.11969679279941836
2021-05-19,132818.98798632057,0.0,0,,-0.11969679279941836
2021-05-20,132818.98798632057,0.0,0,,-0.11969679279941836
2021-05-21,132818.98798632057,0.0,0,,-0.11969679279941836
2021-05-24,132818.98798632057,0.0,0,,-0.11969679279941836
2021-05-25,131625.36629182438,-0.008986830216016428,1,14.405553238732475,-0.12760792826114475
2021-05-26,132064.88081510586,0.003339132385068,1,14.405553238732475,-0.12469489564192493
2021-05-27,130281.58521211936,-0.013503178074140365,1,14.405553238732475,-0.136514296335276
2021-05-28,136645.08775007396,0.04884422098175878,1,14.92021359716143,-0.0943380098108868
2021-06-01,136813.32711968516,0.0012312141796044784,1,14.961597817284721,-0.09322294592663705
2021-06-02,141134.8776559133,0.03158720445741103,1,15.45994588306972,-0.06458039372233293
2021-06-03,142745.7303116767,0.011413568938577257,1,15.641758135386876,-0.05390391755958612
2021-06-04,147864.30804265747,0.03585800934153793,1,16.24517035484314,-0.019978795397445293
2021-06-07,148207.07610410836,0.0023181257599500515,1,16.24517035484314,-0.017706982997758747
2021-06-08,146844.37892514988,-0.009194548700233729,1,16.24517035484314,-0.02673872398048549
2021-06-09,146013.7070653129,-0.005656817550097726,1,16.24517035484314,-0.03224428544750313
2021-06-10,146575.1895160962,0.0038454091884136954,1,16.24517035484314,-0.02852286873062304
2021-06-11,149942.01452036892,0.022969951568119873,1,16.566053799220494,-0.006208086075829455
2021-06-14,151569.68148657982,0.01085530944357016,1,16.826784746987478,0.0
2021-06-15,149632.87507981303,-0.012778323394037616,1,16.826784746987478,-0.012778323394037616
2021-06-16,149815.82697106584,0.0012226717635093198,1,16.826784746987478,-0.011571275325727215
2021-06-17,156940.60222778804,0.04755689302504895,1,17.303454773766653,0.0
2021-06-18,156784.98963520184,-0.0009915381384885125,1,17.303454773766653,-0.0009915381384885125
2021-06-21,155005.89760982723,-0.011347336435165833,1,17.303454773766653,-0.012327623256808473
2021-06-22,158871.10326813703,0.024935861911777657,1,17.492418834141322,0.0
2021-06-23,160305.30939906547,0.00902748266629616,1,17.736132894243514,0.0
2021-06-24,161552.36006112926,0.007779222452073409,1,17.943043981279647,0.0
2021-06-25,160084.50926511645,-0.009085913665745293,1,17.943043981279647,-0.009085913665745293
2021-06-28,168109.34750065036,0.050128761816947254,1,18.631741183144705,0.0
2021-06-29,168460.53876151433,0.002089064445762734,1,18.65161623273577,0.0
2021-06-30,168256.5529380128,-0.0012108819371062784,1,18.65161623273577,-0.0012108819371062784
2021-07-01,170018.81460875057,0.0104736584695575,1,18.850794655936106,0.0
2021-07-02,172332.04978624196,0.013605759943772222,1,19.14070463180542,0.0
2021-07-06,174111.14181161657,0.010323628295383136,1,19.31631190436227,0.0
2021-07-07,171362.5956884556,-0.015786158740690115,1,19.31631190436227,-0.015786158740690115
2021-07-08,167417.47392295205,-0.0230220705379367,1,19.31631190436227,-0.038444799218575465
2021-07-09,168658.20317440867,0.007410990157620034,1,19.31631190436227,-0.03131872308957595
2021-07-12,172546.56059796253,0.0230546593665113,1,19.31631190436227,-0.00898610621568885
2021-07-13,170338.4629933361,-0.012797111672201544,1,19.31631190436227,-0.021668221683149858
2021-07-14,166902.24687008874,-0.020172872661072483,1,19.31631190436227,-0.0414039840674163
2021-07-15,162240.7611934922,-0.02792943632583267,0,,-0.06817703045660228
2021-07-16,162240.7611934922,0.0,0,,-0.06817703045660228
2021-07-19,162240.7611934922,0.0,0,,-0.06817703045660228
2021-07-20,160977.1696920284,-0.007788372614677241,1,17.245357172829763,-0.07543441495432135
2021-07-21,167879.1597427117,0.042875583313383814,1,17.77383940560477,-0.03579312618400787
2021-07-22,169470.59550763317,0.00947965052577393,1,17.92971420288086,-0.026652781985683216
2021-07-23,169159.23373724965,-0.0018372613222421563,1,17.92971420288086,-0.02844107518245298
2021-07-26,166875.87009613894,-0.01349830920053352,1,17.92971420288086,-0.04155547795617809
2021-07-27,166132.0430925985,-0.004457367042412508,1,17.92971420288086,-0.04582761698071702
2021-07-28,166841.45632259006,0.004270177003699027,0,,-0.041753132013183314
2021-07-29,166841.45632259006,0.0,0,,-0.041753132013183314
2021-07-30,166841.45632259006,0.0,0,,-0.041753132013183314
2021-08-02,166841.45632259006,0.0,0,,-0.041753132013183314
2021-08-03,166841.45632259006,0.0,0,,-0.041753132013183314
2021-08-04,166841.45632259006,0.0,0,,-0.041753132013183314
2021-08-05,166841.45632259006,0.0,0,,-0.041753132013183314
2021-08-06,165309.08868824705,-0.009184573595306889,1,18.82926709311349,-0.050554220894680535
2021-08-09,164732.79464474262,-0.0034861606707616843,1,18.82926709311349,-0.053864141428818235
2021-08-10,164704.5268908834,-0.00017159761005802743,0,,-0.054026496080939346
2021-08-11,164704.5268908834,0.0,0,,-0.054026496080939346
2021-08-12,164704.5268908834,0.0,0,,-0.054026496080939346
2021-08-13,166796.0169233301,0.012698436842797367,1,18.795499324798584,-0.042014111286463374
2021-08-16,164829.6369203244,-0.011789130455732488,1,18.795499324798584,-0.05330793190325811
2021-08-17,160764.66078812923,-0.02466168225657206,1,18.795499324798584,-0.076654950881477
2021-08-18,157311.09362657528,-0.021482128874736883,1,18.795499324798584,-0.09649036822249135
2021-08-19,160820.4987784542,0.022308694644317617,0,,-0.07633424773896713
2021-08-20,167206.52753216642,0.03970904705692768,1,19.08510630471366,-0.039656360917561195
2021-08-23,176379.75426878754,0.05486165445817548,1,20.19514240537371,0.0
2021-08-24,175054.36850086,-0.007514387200629469,1,20.19514240537371,-0.007514387200629469
2021-08-25,178428.0596217206,0.01927224752945267,1,20.412641729627335,0.0
2021-08-26,177263.3447807392,-0.006527643933643024,1,20.412641729627335,-0.006527643933643024
2021-08-27,181825.850615575,0.02573857466403595,1,20.762070860181534,0.0
2021-08-30,182243.54599855703,0.002297227713044636,1,20.83246421813965,0.0
2021-08-31,179809.67331964642,-0.01335505554160965,1,20.83246421813965,-0.01335505554160965
2021-09-01,180259.49675963292,0.0025016642969304392,1,20.83246421813965,-0.01088680111031104
2021-09-02,179898.02930664923,-0.002005261633819422,1,20.83246421813965,-0.012870231859548942
2021-09-03,183488.6039634924,0.019958943801006157,1,21.02782235826765,0.0
2021-09-07,182034.70596754694,-0.00792364192947237,1,21.02782235826765,-0.00792364192947237
2021-09-08,179440.17768265208,-0.01425293199505262,1,21.02782235826765,-0.0220636387949511
2021-09-09,178138.89178771837,-0.007251920454710459,1,21.02782235826765,-0.029155555496179097
2021-09-10,180556.70809860766,0.01357264708804018,1,21.05550139290946,-0.01597862647354431
2021-09-13,177938.07994071895,-0.014503078758273502,1,21.05550139290946,-0.03024996595362306
2021-09-14,178661.01484668636,0.004062845379742663,1,21.05550139290946,-0.026310021508292536
2021-09-15,179456.23405067337,0.004450994553397258,1,21.05550139290946,-0.021976132717328456
2021-09-16,178661.01484668636,-0.004431270990354452,1,21.05550139290946,-0.026310021508292536
2021-09-17,175913.85913981785,-0.015376357898928994,1,21.05550139290946,-0.041281827100181356
2021-09-20,168876.65017409212,-0.04000372114020023,0,,-0.07963412154090799
2021-09-21,168876.65017409212,0.0,0,,-0.07963412154090799
2021-09-22,168876.65017409212,0.0,0,,-0.07963412154090799
2021-09-23,171228.47856254893,0.013926308853428493,1,20.95307207107544,-0.0668168220593296
2021-09-24,168174.355884538,-0.017836534574447338,1,20.95307207107544,-0.08346157607696114
2021-09-27,164967.91929728547,-0.01906614459967937,1,20.95307207107544,-0.10093643019863996
2021-09-28,161328.72280920908,-0.022060025389047055,0,,-0.12076979537482524
2021-09-29,161328.72280920908,0.0,0,,-0.12076979537482524
2021-09-30,161328.72280920908,0.0,0,,-0.12076979537482524
2021-10-01,161328.72280920908,0.0,0,,-0.12076979537482524
2021-10-04,161328.72280920908,0.0,0,,-0.12076979537482524
2021-10-05,161328.72280920908,0.0,0,,-0.12076979537482524
2021-10-06,161328.72280920908,0.0,0,,-0.12076979537482524
2021-10-07,161328.72280920908,0.0,0,,-0.12076979537482524
2021-10-08,161328.72280920908,0.0,0,,-0.12076979537482524
2021-10-11,161328.72280920908,0.0,0,,-0.12076979537482524
2021-10-12,161328.72280920908,0.0,0,,-0.12076979537482524
2021-10-13,161328.72280920908,0.0,0,,-0.12076979537482524
2021-10-14,161328.72280920908,0.0,0,,-0.12076979537482524
2021-10-15,161328.72280920908,0.0,0,,-0.12076979537482524
2021-10-18,161328.72280920908,0.0,0,,-0.12076979537482524
2021-10-19,161188.34539423813,-0.0008701328103672967,1,20.776608330862864,-0.12153484242373558
2021-10-20,159836.06797735268,-0.008389424269962031,1,20.776608330862864,-0.128904659337022
2021-10-21,164095.36529606621,0.026647911029174187,1,21.201106752668107,-0.1056917882011067
2021-10-22,164341.23642510685,0.0014983429214896482,1,21.345464638301305,-0.10435180782232767
2021-10-25,167523.0648299645,0.019361107863562044,1,21.836715289524623,-0.0870110665657714
2021-10-26,178738.98685408427,0.06695150924742155,1,23.128249508993967,-0.025885079546156153
2021-10-27,176815.4376755807,-0.010761777340015266,1,23.128249508993967,-0.036368287423667045
2021-10-28,180358.8315340831,0.0200400706243975,1,23.306893008095876,-0.017057039847728217
2021-10-29,184885.69611591002,0.02509921218341593,1,23.89432110105242,0.0
2021-11-01,186765.866819106,0.010169368116056177,1,24.129678385598318,0.0
2021-11-02,190916.69726029373,0.02222478074758727,1,24.603856359209335,0.0
2021-11-03,192341.29052647573,0.0074618579025580445,1,24.848535469600133,0.0
2021-11-04,215503.53430759677,0.1204226285355654,1,27.248322010040283,0.0
2021-11-05,215149.19630103032,-0.001644232925018696,1,27.248322010040283,-0.001644232925018696
2021-11-08,222756.64985726736,0.03535896804184624,1,27.831858158111572,0.0
2021-11-09,221693.6220447301,-0.004772148500250872,1,27.831858158111572,-0.004772148500250872
2021-11-10,213030.38191587199,-0.039077534342012554,1,27.831858158111572,-0.04366319904535976
2021-11-11,219762.8316263103,0.031603237293622355,1,27.831858158111572,-0.013439860192166475
2021-11-12,219762.8316263103,0.0,1,27.831858158111572,-0.013439860192166475
2021-11-15,217123.36519475764,-0.012010522489266373,1,27.831858158111572,-0.025288962938342263
2021-11-16,218410.55420942485,0.005928376310456507,1,27.831858158111572,-0.019510509116685393
2021-11-17,211598.56120261172,-0.031188936960809155,1,27.831858158111572,-0.05009093403858089
2021-11-18,229055.2044719265,0.08249887508733833,1,27.831858158111572,0.0
2021-11-19,238528.373837203,0.04135758184196825,1,28.550535610743932,0.0
2021-11-22,231087.23432079382,-0.031196035074166018,1,28.550535610743932,-0.031196035074166018
2021-11-23,229568.6428640805,-0.006571507340839222,1,28.550535610743932,-0.03756253744151028
2021-11-24,236279.3964404461,0.029232013103543952,1,28.550535610743932,-0.00942855292465894
2021-11-26,227811.4077254048,-0.035838879066950824,1,28.550535610743932,-0.04492952322356658
2021-11-29,241355.8504426563,0.05945462895158182,1,28.960998943873815,0.0
2021-11-30,236293.85133460263,-0.020973177566525725,1,28.960998943873815,-0.020973177566525725
2021-12-01,227319.66546732356,-0.037978922500912726,1,28.960998943873815,-0.058155561382041476
2021-12-02,232316.57617315897,0.02198186723336404,1,28.960998943873815,-0.03745206197785933
2021-12-03,221953.96186076518,-0.04460557435501267,1,28.960998943873815,-0.08038706559757003
2021-12-06,209114.98636275096,-0.05784521884798921,0,,-0.1335822770435201
2021-12-07,209114.98636275096,0.0,0,,-0.1335822770435201
2021-12-08,209114.98636275096,0.0,0,,-0.1335822770435201
2021-12-09,209114.98636275096,0.0,0,,-0.1335822770435201
2021-12-10,209114.98636275096,0.0,0,,-0.1335822770435201
2021-12-13,209114.98636275096,0.0,0,,-0.1335822770435201
2021-12-14,209114.98636275096,0.0,0,,-0.1335822770435201
2021-12-15,209114.98636275096,0.0,0,,-0.1335822770435201
2021-12-16,190268.87424986932,-0.0901232017880792,1,26.561999320983887,-0.2116666163222951
2021-12-17,187293.0465730365,-0.01564011816733002,0,,-0.22399624359826553
2021-12-20,187293.0465730365,0.0,0,,-0.22399624359826553
2021-12-21,187293.0465730365,0.0,0,,-0.22399624359826553
2021-12-22,187293.0465730365,0.0,0,,-0.22399624359826553
2021-12-23,187293.0465730365,0.0,0,,-0.22399624359826553
2021-12-27,187293.0465730365,0.0,0,,-0.22399624359826553
2021-12-28,187293.0465730365,0.0,0,,-0.22399624359826553
2021-12-29,187293.0465730365,0.0,0,,-0.22399624359826553
2021-12-30,187293.0465730365,0.0,0,,-0.22399624359826553
2021-12-31,187293.0465730365,0.0,0,,-0.22399624359826553
2022-01-03,187293.0465730365,0.0,0,,-0.22399624359826553
2022-01-04,187293.0465730365,0.0,0,,-0.22399624359826553
2022-01-05,187293.0465730365,0.0,0,,-0.22399624359826553
2022-01-06,187293.0465730365,0.0,0,,-0.22399624359826553
2022-01-07,187293.0465730365,0.0,0,,-0.22399624359826553
2022-01-10,187293.0465730365,0.0,0,,-0.22399624359826553
2022-01-11,187293.0465730365,0.0,0,,-0.22399624359826553
2022-01-12,187293.0465730365,0.0,0,,-0.22399624359826553
2022-01-13,187293.0465730365,0.0,0,,-0.22399624359826553
2022-01-14,187293.0465730365,0.0,0,,-0.22399624359826553
2022-01-18,187293.0465730365,0.0,0,,-0.22399624359826553
2022-01-19,187293.0465730365,0.0,0,,-0.22399624359826553
2022-01-20,187293.0465730365,0.0,0,,-0.22399624359826553
2022-01-21,187293.0465730365,0.0,0,,-0.22399624359826553
2022-01-24,187293.0465730365,0.0,0,,-0.22399624359826553
2022-01-25,187293.0465730365,0.0,0,,-0.22399624359826553
2022-01-26,187293.0465730365,0.0,0,,-0.22399624359826553
2022-01-27,187293.0465730365,0.0,0,,-0.22399624359826553
2022-01-28,187293.0465730365,0.0,0,,-0.22399624359826553
2022-01-31,187293.0465730365,0.0,0,,-0.22399624359826553
2022-02-01,187293.0465730365,0.0,0,,-0.22399624359826553
2022-02-02,187293.0465730365,0.0,0,,-0.22399624359826553
2022-02-03,187293.0465730365,0.0,0,,-0.22399624359826553
2022-02-04,187293.0465730365,0.0,0,,-0.22399624359826553
2022-02-07,187293.0465730365,0.0,0,,-0.22399624359826553
2022-02-08,187293.0465730365,0.0,0,,-0.22399624359826553
2022-02-09,187293.0465730365,0.0,0,,-0.22399624359826553
2022-02-10,187293.0465730365,0.0,0,,-0.22399624359826553
2022-02-11,187293.0465730365,0.0,0,,-0.22399624359826553
2022-02-14,187293.0465730365,0.0,0,,-0.22399624359826553
2022-02-15,187293.0465730365,0.0,0,,-0.22399624359826553
2022-02-16,188807.22484317847,0.00808454076564713,1,22.90492786679949,-0.2177226095953404
2022-02-17,174535.0499565048,-0.07559125398155708,1,22.90492786679949,-0.2768559384974487
2022-02-18,168374.6558465577,-0.03529602857123726,1,22.90492786679949,-0.30238005195336326
2022-02-22,166579.94520090276,-0.010659030818097048,1,22.90492786679949,-0.30981600447891167
2022-02-23,162880.6530933402,-0.02220730774704638,0,,-0.32514313286953456
2022-02-24,162880.6530933402,0.0,0,,-0.32514313286953456
2022-02-25,162880.6530933402,0.0,0,,-0.32514313286953456
2022-02-28,162880.6530933402,0.0,0,,-0.32514313286953456
2022-03-01,162880.6530933402,0.0,0,,-0.32514313286953456
2022-03-02,162880.6530933402,0.0,0,,-0.32514313286953456
2022-03-03,162880.6530933402,0.0,0,,-0.32514313286953456
2022-03-04,162880.6530933402,0.0,0,,-0.32514313286953456
2022-03-07,162880.6530933402,0.0,0,,-0.32514313286953456
2022-03-08,162880.6530933402,0.0,0,,-0.32514313286953456
2022-03-09,162880.6530933402,0.0,0,,-0.32514313286953456
2022-03-10,162880.6530933402,0.0,0,,-0.32514313286953456
2022-03-11,162880.6530933402,0.0,0,,-0.32514313286953456
2022-03-14,162880.6530933402,0.0,0,,-0.32514313286953456
2022-03-15,162880.6530933402,0.0,0,,-0.32514313286953456
2022-03-16,162880.6530933402,0.0,0,,-0.32514313286953456
2022-03-17,162880.6530933402,0.0,0,,-0.32514313286953456
2022-03-18,162880.6530933402,0.0,0,,-0.32514313286953456
2022-03-21,164029.4778350802,0.0070531688074806365,1,23.349177837371826,-0.3203832534647758
2022-03-22,162741.0046872063,-0.007855131680473804,1,23.349177837371826,-0.3257217325010652
2022-03-23,157280.31271292534,-0.03355449344052286,1,23.349177837371826,-0.3483467982049453
2022-03-24,172717.50832732732,0.09815084512566163,1,24.442678587777273,-0.2843864857199173
2022-03-25,169907.3963731032,-0.01626998896312537,1,24.442678587777273,-0.29602950969911757
2022-03-28,173140.867133844,0.019030782825018244,1,24.74292884554182,-0.28263240018297997
2022-03-29,175822.13177328074,0.015486029865866557,1,25.31207193647112,-0.2715232241074086
2022-03-30,169895.13188755396,-0.03371020374937517,1,25.31207193647112,-0.2960803246494357
2022-03-31,167416.33658446025,-0.014590149085226933,1,25.31207193647112,-0.30635061765682503
2022-04-01,163894.49827751817,-0.021036407669602464,1,25.31207193647112,-0.320942508843564
2022-04-04,167870.38001035684,0.02425878705279305,1,25.31207193647112,-0.30446939776899606
2022-04-05,159102.58355102607,-0.052229562230036275,1,25.31207193647112,-0.3407966566411149
2022-04-06,152755.90074628373,-0.0398905075146494,0,,-0.3670926125630545
2022-04-07,152755.90074628373,0.0,0,,-0.3670926125630545
2022-04-08,152755.90074628373,0.0,0,,-0.3670926125630545
2022-04-11,152755.90074628373,0.0,0,,-0.3670926125630545
2022-04-12,152755.90074628373,0.0,0,,-0.3670926125630545
2022-04-13,152755.90074628373,0.0,0,,-0.3670926125630545
2022-04-14,152755.90074628373,0.0,0,,-0.3670926125630545
2022-04-18,152755.90074628373,0.0,0,,-0.3670926125630545
2022-04-19,152755.90074628373,0.0,0,,-0.3670926125630545
2022-04-20,152755.90074628373,0.0,0,,-0.3670926125630545
2022-04-21,152755.90074628373,0.0,0,,-0.3670926125630545
2022-04-22,152755.90074628373,0.0,0,,-0.3670926125630545
2022-04-25,152755.90074628373,0.0,0,,-0.3670926125630545
2022-04-26,152755.90074628373,0.0,0,,-0.3670926125630545
2022-04-27,152755.90074628373,0.0,0,,-0.3670926125630545
2022-04-28,152755.90074628373,0.0,0,,-0.3670926125630545
2022-04-29,152755.90074628373,0.0,0,,-0.3670926125630545
2022-05-02,152755.90074628373,0.0,0,,-0.3670926125630545
2022-05-03,152755.90074628373,0.0,0,,-0.3670926125630545
2022-05-04,152755.90074628373,0.0,0,,-0.3670926125630545
2022-05-05,152755.90074628373,0.0,0,,-0.3670926125630545
2022-05-06,152755.90074628373,0.0,0,,-0.3670926125630545
2022-05-09,152755.90074628373,0.0,0,,-0.3670926125630545
2022-05-10,152755.90074628373,0.0,0,,-0.3670926125630545
2022-05-11,152755.90074628373,0.0,0,,-0.3670926125630545
2022-05-12,152755.90074628373,0.0,0,,-0.3670926125630545
2022-05-13,152755.90074628373,0.0,0,,-0.3670926125630545
2022-05-16,152755.90074628373,0.0,0,,-0.3670926125630545
2022-05-17,152755.90074628373,0.0,0,,-0.3670926125630545
2022-05-18,152755.90074628373,0.0,0,,-0.3670926125630545
2022-05-19,152755.90074628373,0.0,0,,-0.3670926125630545
2022-05-20,152755.90074628373,0.0,0,,-0.3670926125630545
2022-05-23,152755.90074628373,0.0,0,,-0.3670926125630545
2022-05-24,152755.90074628373,0.0,0,,-0.3670926125630545
2022-05-25,152755.90074628373,0.0,0,,-0.3670926125630545
2022-05-26,152755.90074628373,0.0,0,,-0.3670926125630545
2022-05-27,152755.90074628373,0.0,0,,-0.3670926125630545
2022-05-31,150051.97065920863,-0.0177009861737919,1,15.911785227911814,-0.3782956974773667
2022-06-01,150244.1487502326,0.0012807435329218464,0,,-0.37749945371252114
2022-06-02,150244.1487502326,0.0,0,,-0.37749945371252114
2022-06-03,150244.1487502326,0.0,0,,-0.37749945371252114
2022-06-06,150244.1487502326,0.0,0,,-0.37749945371252114
2022-06-07,153706.25470764155,0.02304319992630388,1,16.096893038068497,-0.36315504917018526
2022-06-08,151448.4971940529,-0.014688780999075335,1,16.096893038068497,-0.3725095251832914
2022-06-09,146575.634013293,-0.03217505139398147,1,16.096893038068497,-0.3926990634597528
2022-06-10,137853.2192983041,-0.059507944643772515,1,16.096893038068497,-0.42883829397350104
2022-06-13,129748.02113479719,-0.058795856961220805,0,,-0.46242023594276194
2022-06-14,129748.02113479719,0.0,0,,-0.46242023594276194
2022-06-15,129748.02113479719,0.0,0,,-0.46242023594276194
2022-06-16,129748.02113479719,0.0,0,,-0.46242023594276194
2022-06-17,129748.02113479719,0.0,0,,-0.46242023594276194
2022-06-21,129748.02113479719,0.0,0,,-0.46242023594276194
2022-06-22,129748.02113479719,0.0,0,,-0.46242023594276194
2022-06-23,129748.02113479719,0.0,0,,-0.46242023594276194
2022-06-24,134468.87478974386,0.03638478347228191,1,14.910820586340769,-0.44286051262845894
2022-06-27,132450.97815154676,-0.015006421681986182,1,14.910820586340769,-0.4512211827116419
2022-06-28,132495.34155866838,0.0003349420875613518,0,,-0.4510373735889699
2022-06-29,132495.34155866838,0.0,0,,-0.4510373735889699
2022-06-30,132495.34155866838,0.0,0,,-0.4510373735889699
2022-07-01,132495.34155866838,0.0,0,,-0.4510373735889699
2022-07-05,132495.34155866838,0.0,0,,-0.4510373735889699
2022-07-06,132495.34155866838,0.0,0,,-0.4510373735889699
2022-07-07,132495.34155866838,0.0,0,,-0.4510373735889699
2022-07-08,132495.34155866838,0.0,0,,-0.4510373735889699
2022-07-11,132495.34155866838,0.0,0,,-0.4510373735889699
2022-07-12,132495.34155866838,0.0,0,,-0.4510373735889699
2022-07-13,132495.34155866838,0.0,0,,-0.4510373735889699
2022-07-14,132495.34155866838,0.0,0,,-0.4510373735889699
2022-07-15,132495.34155866838,0.0,0,,-0.4510373735889699
2022-07-18,132495.34155866838,0.0,0,,-0.4510373735889699
2022-07-19,136357.4504950758,0.029149016795411598,1,15.07128620147705,-0.43503565277166145
2022-07-20,142897.6535966997,0.04796366518938444,1,15.829142025538854,-0.40793789197726227
2022-07-21,144847.68087429568,0.013646321185227794,1,16.091070788247244,-0.399858422289581
2022-07-22,138981.55825261187,-0.04049856087633641,1,16.091070788247244,-0.42416329250890694
2022-07-25,136614.24087227733,-0.01703332017642023,1,16.091070788247244,-0.43397170351693837
2022-07-26,135327.5943480206,-0.00941809957762485,0,,-0.43930261437696927
2022-07-27,135327.5943480206,0.0,0,,-0.43930261437696927
2022-07-28,135192.55491859576,-0.0009978706122385494,1,15.926071984427317,-0.4398621178204415
2022-07-29,136538.17234839464,0.009953339742777345,1,16.149072068078176,-0.4342868751763085
2022-08-01,138628.00304940098,0.015305834735167556,1,16.373143196105957,-0.4256281635802419
2022-08-02,139266.97346050784,0.0046092448643233475,1,16.46957070486886,-0.42298074314301215
2022-08-03,142025.85625116207,0.019810029054997624,1,16.82121389252799,-0.41154997489938216
2022-08-04,144446.45637174082,0.017043376357457785,1,17.124642951147898,-0.40152079965403686
2022-08-05,142747.52977086027,-0.01176163571993949,1,17.124642951147898,-0.4085598939944667
2022-08-08,133756.7354679668,-0.0629838871280336,1,17.124642951147898,-0.4458110908741114
2022-08-09,128539.34844260674,-0.039006536808081305,0,,-0.46742808095656085
2022-08-10,128539.34844260674,0.0,0,,-0.46742808095656085
2022-08-11,128539.34844260674,0.0,0,,-0.46742808095656085
2022-08-12,128539.34844260674,0.0,0,,-0.46742808095656085
2022-08-15,128539.34844260674,0.0,0,,-0.46742808095656085
2022-08-16,128539.34844260674,0.0,0,,-0.46742808095656085
2022-08-17,128539.34844260674,0.0,0,,-0.46742808095656085
2022-08-18,128539.34844260674,0.0,0,,-0.46742808095656085
2022-08-19,128539.34844260674,0.0,0,,-0.46742808095656085
2022-08-22,128539.34844260674,0.0,0,,-0.46742808095656085
2022-08-23,128539.34844260674,0.0,0,,-0.46742808095656085
2022-08-24,128539.34844260674,0.0,0,,-0.46742808095656085
2022-08-25,128539.34844260674,0.0,0,,-0.46742808095656085
2022-08-26,128539.34844260674,0.0,0,,-0.46742808095656085
2022-08-29,128539.34844260674,0.0,0,,-0.46742808095656085
2022-08-30,128539.34844260674,0.0,0,,-0.46742808095656085
2022-08-31,128539.34844260674,0.0,0,,-0.46742808095656085
2022-09-01,128539.34844260674,0.0,0,,-0.46742808095656085
2022-09-02,128539.34844260674,0.0,0,,-0.46742808095656085
2022-09-06,128539.34844260674,0.0,0,,-0.46742808095656085
2022-09-07,128539.34844260674,0.0,0,,-0.46742808095656085
2022-09-08,128539.34844260674,0.0,0,,-0.46742808095656085
2022-09-09,128539.34844260674,0.0,0,,-0.46742808095656085
2022-09-12,128539.34844260674,0.0,0,,-0.46742808095656085
2022-09-13,128539.34844260674,0.0,0,,-0.46742808095656085
2022-09-14,128539.34844260674,0.0,0,,-0.46742808095656085
2022-09-15,128539.34844260674,0.0,0,,-0.46742808095656085
2022-09-16,128539.34844260674,0.0,0,,-0.46742808095656085
2022-09-19,128539.34844260674,0.0,0,,-0.46742808095656085
2022-09-20,128539.34844260674,0.0,0,,-0.46742808095656085
2022-09-21,128539.34844260674,0.0,0,,-0.46742808095656085
2022-09-22,128539.34844260674,0.0,0,,-0.46742808095656085
2022-09-23,128539.34844260674,0.0,0,,-0.46742808095656085
2022-09-26,128539.34844260674,0.0,0,,-0.46742808095656085
2022-09-27,128539.34844260674,0.0,0,,-0.46742808095656085
2022-09-28,128539.34844260674,0.0,0,,-0.46742808095656085
2022-09-29,128539.34844260674,0.0,0,,-0.46742808095656085
2022-09-30,128539.34844260674,0.0,0,,-0.46742808095656085
2022-10-03,128539.34844260674,0.0,0,,-0.46742808095656085
2022-10-04,128539.34844260674,0.0,0,,-0.46742808095656085
2022-10-05,128539.34844260674,0.0,0,,-0.46742808095656085
2022-10-06,128539.34844260674,0.0,0,,-0.46742808095656085
2022-10-07,128539.34844260674,0.0,0,,-0.46742808095656085
2022-10-10,128539.34844260674,0.0,0,,-0.46742808095656085
2022-10-11,128539.34844260674,0.0,0,,-0.46742808095656085
2022-10-12,128539.34844260674,0.0,0,,-0.46742808095656085
2022-10-13,128539.34844260674,0.0,0,,-0.46742808095656085
2022-10-14,128539.34844260674,0.0,0,,-0.46742808095656085
2022-10-17,128539.34844260674,0.0,0,,-0.46742808095656085
2022-10-18,128539.34844260674,0.0,0,,-0.46742808095656085
2022-10-19,128539.34844260674,0.0,0,,-0.46742808095656085
2022-10-20,128539.34844260674,0.0,0,,-0.46742808095656085
2022-10-21,128539.34844260674,0.0,0,,-0.46742808095656085
2022-10-24,128539.34844260674,0.0,0,,-0.46742808095656085
2022-10-25,134079.66085577506,0.043102073258462825,1,11.42367833001273,-0.4444731270865504
2022-10-26,130389.21166593216,-0.027524302838240255,1,11.42367833001273,-0.4597636169714008
2022-10-27,133220.240256811,0.021712138256746005,1,11.42367833001273,-0.4480339299317595
2022-10-28,139873.16371295913,0.04993928432588901,1,11.990606784820557,-0.4204691394203781
2022-10-31,136465.8164179606,-0.024360264718047864,1,11.990606784820557,-0.43458666459637574
2022-11-01,136930.91927551574,0.0034082004546154288,1,11.990606784820557,-0.43265962260960755
2022-11-02,133655.0080135085,-0.023923824358586754,1,11.990606784820557,-0.44623257414982953
2022-11-03,135697.39147913439,0.015281009638033805,1,11.990606784820557,-0.43777044877818405
2022-11-04,143128.85478853964,0.054764968054289875,1,12.356356927326747,-0.4069799653663435
2022-11-07,144594.91955004586,0.010242971367808495,1,12.575642211096627,-0.40090567813105427
2022-11-08,147638.2842044931,0.02104752133697141,1,12.848250048501152,-0.38829622760865923
2022-11-09,139286.73973684365,-0.05656760719382081,1,12.848250048501152,-0.422898846324271
2022-11-10,159245.51010528795,0.14329268102730142,1,13.726428440638951,-0.34020447479012705
2022-11-11,165079.45333532547,0.03663489932105657,1,14.256821019308909,-0.3160329321515797
2022-11-14,164755.91106762766,-0.00195991845842014,1,14.256821019308909,-0.3173734518328073
2022-11-15,168507.03045918583,0.022767737844734626,1,14.606535911560059,-0.3018315895382805
2022-11-16,160863.2407286473,-0.045361844604993706,1,14.606535911560059,-0.3335017964817605
2022-11-17,158507.4202673194,-0.014644865108131344,1,14.606535911560059,-0.34326257276709704
2022-11-18,155797.722437436,-0.01709508504594648,1,14.606535911560059,-0.35448955493849954
2022-11-21,154867.52636476088,-0.005970537040736579,1,14.606535911560059,-0.3583435989609216
2022-11-22,162157.42908430882,0.047071861291165584,1,14.606535911560059,-0.32813963785462164
2022-11-23,167020.72622638263,0.02999120773890218,1,14.606535911560059,-0.3079897341619856
2022-11-25,164503.1442736409,-0.015073470278948231,1,14.606535911560059,-0.31842073033682194
2022-11-28,160024.04031610998,-0.027228075045667266,1,14.606535911560059,-0.336978821840782
2022-11-29,158123.20779790627,-0.011878418482928033,1,14.606535911560059,-0.3448544648580012
2022-11-30,171105.51244250467,0.08210246190547044,1,14.927107300077166,-0.29106540351646615
2022-12-01,173249.0064826993,0.01252732310956306,1,15.383214439664568,-0.28218435076276915
2022-12-02,170630.29467051863,-0.015115306375174997,1,15.383214439664568,-0.29303435422188506
2022-12-05,167940.82666949707,-0.01576196071286662,1,15.383214439664568,-0.3041775189559861
2022-12-06,161641.78058190443,-0.037507532935925014,1,15.383214439664568,-0.33027610358130144
2022-12-07,162986.52422485032,0.008319282540101058,1,15.383214439664568,-0.3247044812631369
2022-12-08,173592.77857925894,0.06507442504741445,1,15.418821437018257,-0.2807600136442401
2022-12-09,171894.1479253225,-0.009785145832900466,1,15.418821437018257,-0.28779788179958454
2022-12-12,177293.33304109765,0.031409941414182185,1,15.772321053913661,-0.26542765499185295
2022-12-13,182722.85325773043,0.030624503039683892,1,16.252357380730764,-0.24293174197928324
2022-12-14,178698.7372433237,-0.022023058105001825,1,16.252357380730764,-0.25960470021512605
2022-12-15,171398.71960934484,-0.040850974923448136,1,16.252357380730764,-0.28985057004007675
2022-12-16,167546.48964321794,-0.02247525521139815,1,16.252357380730764,-0.30581135971665496
2022-12-19,164078.2710536921,-0.02070003732642356,0,,-0.3201810904820994
2022-12-20,164078.2710536921,0.0,0,,-0.3201810904820994
2022-12-21,164078.2710536921,0.0,0,,-0.3201810904820994
2022-12-22,164078.2710536921,0.0,0,,-0.3201810904820994
2022-12-23,164078.2710536921,0.0,0,,-0.3201810904820994
2022-12-27,164078.2710536921,0.0,0,,-0.3201810904820994
2022-12-28,164078.2710536921,0.0,0,,-0.3201810904820994
2022-12-29,164078.2710536921,0.0,0,,-0.3201810904820994
2022-12-30,164078.2710536921,0.0,0,,-0.3201810904820994
2023-01-03,164078.2710536921,0.0,0,,-0.3201810904820994
2023-01-04,164078.2710536921,0.0,0,,-0.3201810904820994
2023-01-05,164078.2710536921,0.0,0,,-0.3201810904820994
2023-01-06,164078.2710536921,0.0,0,,-0.3201810904820994
2023-01-09,164078.2710536921,0.0,0,,-0.3201810904820994
2023-01-10,164078.2710536921,0.0,0,,-0.3201810904820994
2023-01-11,164078.2710536921,0.0,0,,-0.3201810904820994
2023-01-12,164078.2710536921,0.0,0,,-0.3201810904820994
2023-01-13,164078.2710536921,0.0,0,,-0.3201810904820994
2023-01-17,164078.2710536921,0.0,0,,-0.3201810904820994
2023-01-18,161143.2558720176,-0.01788789681184577,1,15.78432137625558,-0.33234162098629716
2023-01-19,155467.9438689619,-0.0352190476253198,1,15.78432137625558,-0.3558559132342246
2023-01-20,165427.54910653102,0.06406211460520561,1,15.929000684193202,-0.31459068092556997
2023-01-23,177983.68497863045,0.07590111767909713,1,17.09889360836574,-0.26256734754015176
2023-01-24,178651.35417748772,0.0037512943893560635,1,17.211070673806326,-0.2598010205684511
2023-01-25,179189.2145321569,0.003010670460044995,1,17.2372852734157,-0.2575725253665212
2023-01-26,183631.1567962723,0.024789116218366214,1,17.665035247802734,-0.2391684044141238
2023-01-27,188852.05825074678,0.028431457632577928,1,18.183927876608713,-0.2175368531386973
2023-01-30,177696.20941730196,-0.059071894353583065,1,18.183927876608713,-0.2637584334856603
2023-01-31,181173.72096358082,0.019569981586451624,1,18.183927876608713,-0.2493501995857943
2023-02-01,194212.07219459853,0.07196601781799616,1,18.502107654299056,-0.1953289226741104
2023-02-02,201315.4583591075,0.036575409984768825,1,19.24953522000994,-0.16589774811803037
2023-02-03,195667.98654146565,-0.02805284732565272,1,19.24953522000994,-0.18929669124405835
2023-02-06,195565.9825076146,-0.0005213118183206022,1,19.24953522000994,-0.18971932046006446
2023-02-07,205618.305821384,0.05140118534356053,1,19.582642759595597,-0.14806993307072602
2023-02-08,205915.04965282485,0.0014431780782135917,1,19.582642759595597,-0.14684044627396264
2023-02-09,207139.1334341144,0.005944605716548423,1,19.740749631609237,-0.14176874911375492
2023-02-10,197198.0824243084,-0.047992143468959636,1,19.740749631609237,-0.1829571064358323
2023-02-13,202048.05851136643,0.02459443838111164,1,19.740749631609237,-0.1628623953353432
2023-02-14,213018.45350487222,0.05429596836679651,1,20.124215057918004,-0.11740919843381525
2023-02-15,211098.86033931153,-0.009011393773529441,1,20.124215057918004,-0.12536257168762321
2023-02-16,204032.56494279037,-0.03347386805008368,1,20.124215057918004,-0.15464006955461618
2023-02-17,198338.71639950998,-0.027906567487777756,1,20.124215057918004,-0.1782311635050534
2023-02-21,191541.3423365542,-0.03427154408554289,1,20.124215057918004,-0.20639445041311533
2023-02-22,192459.39632875216,0.0047929808833899745,1,20.124215057918004,-0.20259071418499308
2023-02-23,219444.88451287316,0.14021392926965937,1,20.73596327645438,-0.09078282498475809
2023-02-24,215939.55046871884,-0.015973642092115825,1,20.73596327645438,-0.10530633472245621
2023-02-27,217933.32517025512,0.009233022376904154,1,20.73596327645438,-0.09704560809047436
2023-02-28,215290.41781008625,-0.01212713731644377,1,20.73596327645438,-0.10799585999164718
2023-03-01,210486.81844866677,-0.02231218374826538,1,20.73596327645438,-0.12789842026772702
2023-03-02,216199.20353217187,0.027138920743857486,1,20.73596327645438,-0.10423052461477988
2023-03-03,221540.6632482605,0.024706195160861366,1,21.285177298954554,-0.08209946913677024
2023-03-06,218424.8264868241,-0.014064401161175355,1,21.285177298954554,-0.09500919042888645
2023-03-07,215958.10469648193,-0.011293229941015781,1,21.285177298954554,-0.10522945973587916
2023-03-08,224239.2156041803,0.038345913987979596,1,21.768499033791677,-0.0709186655599332
2023-03-09,217330.56923726108,-0.030809269236448555,1,21.768499033791677,-0.09954298253525606
2023-03-10,212962.8085091213,-0.02009731416739391,1,21.768499033791677,-0.11763975010947947
2023-03-13,212972.07677923367,4.352060426549009e-05,1,21.768499033791677,-0.11760134925822452
2023-03-14,223144.95835461727,0.047766269312050635,1,21.768499033791677,-0.07545245766630271
2023-03-15,224675.0719249984,0.00685703849938446,1,22.06639289855957,-0.0691127995740094
2023-03-16,236850.99647203062,0.054193482359702116,1,23.204928125653947,-0.018664780498850897
2023-03-17,238557.29561223843,0.007204103700738651,1,23.341785294669016,-0.011595139812377364
2023-03-20,240180.12725881988,0.006802691330049626,1,23.467677456992014,-0.004871326639400264
2023-03-21,242952.86115071527,0.01154439346643965,1,23.71971321105957,0.0
2023-03-22,245447.4054389329,0.01026760613726685,1,23.909785406930105,0.0
2023-03-23,252152.04373814998,0.027315987664351837,1,24.586177894047328,0.0
2023-03-24,248331.41163479173,-0.01515209651572691,1,24.586177894047328,-0.01515209651572691
2023-03-27,246031.62483170224,-0.009260958120238416,1,24.586177894047328,-0.024272731704699346
2023-03-28,244909.54508426375,-0.004560713478220735,1,24.586177894047328,-0.028722744208281248
2023-03-29,250232.45057258933,0.02173416918680804,1,24.586177894047328,-0.007612840003605403
2023-03-30,253932.52441433343,0.014786546801893508,1,24.99139199938093,0.0
2023-03-31,257586.23921797736,0.01438852629087517,1,25.433964320591517,0.0
2023-04-03,259329.62912617298,0.0067681795172307435,1,25.72714274270194,0.0
2023-04-04,254581.657072966,-0.018308637039298525,1,25.72714274270194,-0.018308637039298525
2023-04-05,249277.30581240353,-0.02083555948825555,1,25.72714274270194,-0.03876272583137286
2023-04-06,250723.9518891583,0.005803360526703827,1,25.72714274270194,-0.033184319377666305
2023-04-10,255750.11354604302,0.020046595544675805,1,25.72714274270194,-0.013802956461979932
2023-04-11,251948.03567044786,-0.014866378055041096,1,25.72714274270194,-0.028464134547979913
2023-04-12,245697.7902322736,-0.024807676795502664,1,25.72714274270194,-0.05256568229335268
2023-04-13,245401.02871329436,-0.0012078314530167278,1,25.72714274270194,-0.05371002326194618
2023-04-14,248136.67183720195,0.01114764326071227,1,25.72714274270194,-0.04316112018008267
2023-04-17,250399.38555984202,0.009118820309335751,1,25.72714274270194,-0.03443587837001871
2023-04-18,256566.16350438993,0.0246277678787441,1,25.78878559385027,-0.010656189310472186
2023-04-19,259014.33106696903,0.009542051567283938,1,26.03492832183838,-0.0012158196510995145
2023-04-20,251345.26204991544,-0.029608666769371572,1,26.03492832183838,-0.03078848762157005
2023-04-21,251484.3568517543,0.0005534013281349726,1,26.03492832183838,-0.030252124683376125
2023-04-24,250125.63750930253,-0.005402798645057327,0,,-0.03549147719018397
2023-04-25,242031.03254695484,-0.0323621562465648,1,25.13228484562465,-0.06670505270649874
2023-04-26,248676.47371982562,0.027456979805188908,0,,-0.041079592186376135
2023-04-27,247060.80945652927,-0.00649705313545923,1,25.353000777108328,-0.04730974902861751
2023-04-28,251806.75015017678,0.0192096055383586,1,25.74757160459246,-0.02900894510721741
2023-05-01,262342.1732066053,0.041839319438995215,1,26.79339259011405,0.0
2023-05-02,255990.05551843255,-0.024213101578487772,1,26.79339259011405,-0.024213101578487772
2023-05-03,252287.691110175,-0.014462922791119825,1,26.79339259011405,-0.03832583215094432
2023-05-04,250109.8266391773,-0.0086324642372132,1,26.79339259011405,-0.046627450012753036
2023-05-05,260255.0552520819,0.040563094818104384,1,26.79339259011405,-0.007955708870642453
2023-05-08,264529.10713681194,0.016422550872605468,1,26.948320661272323,0.0
2023-05-09,259265.93033820216,-0.019896399513750773,1,26.948320661272323,-0.019896399513750773
2023-05-10,262115.31556948376,0.010990203099823681,1,26.948320661272323,-0.009124861885538293
2023-05-11,259329.4511689213,-0.010628392295619071,1,26.948320661272323,-0.019656271569394534
2023-05-12,257169.74292446979,-0.008328048490893303,1,26.948320661272323,-0.027820621677507762
2023-05-15,262732.36765012925,0.021630167928787802,1,26.948320661272323,-0.006792218467487676
2023-05-16,265091.7251540754,0.008980079329578672,1,27.08514247621809,0.0
2023-05-17,273848.5649503674,0.0330332445918573,1,28.029428482055664,0.0
2023-05-18,287460.2308751991,0.04970508400253504,1,29.35746431350708,0.0
2023-05-19,283703.41509543126,-0.013068993120647798,1,29.35746431350708,-0.013068993120647798
2023-05-22,282904.8699818373,-0.0028147180157326313,1,29.35746431350708,-0.01584692560599632
2023-05-23,278476.53344178555,-0.0156530940606856,1,29.35746431350708,-0.031251966249598584
2023-05-24,277115.37031092803,-0.004887891679900114,1,29.35746431350708,-0.035987101703686686
2023-05-25,344647.3770627869,0.24369635894280006,1,34.366607257298064,0.0
2023-05-26,353413.28631828784,0.025434429039348228,1,35.19867828914097,0.0
2023-05-30,363985.02182780864,0.02991323733086748,1,35.95457165581839,0.0
2023-05-31,343322.50907689345,-0.05676748083521432,1,35.95457165581839,-0.05676748083521432
2023-06-01,360890.6400409876,0.05117092675143953,1,35.95457165581839,-0.008501398687457362
2023-06-02,356870.65417100594,-0.011139069357756326,1,35.95457165581839,-0.019545770375596128
2023-06-05,355455.05697676644,-0.003966695433469725,1,35.95457165581839,-0.02343493369097338
2023-06-06,350763.5503465009,-0.013198593009670412,1,35.95457165581839,-0.03632421854864809
2023-06-07,340064.7731755417,-0.030501393774781893,1,35.95457165581839,-0.06571767302991638
2023-06-08,349456.82127902535,0.02761840932767079,1,35.95457165581839,-0.039914281296047904
2023-06-09,351816.1960910998,0.0067515488850355965,1,35.95457165581839,-0.033432215632393736
2023-06-12,358277.18190603645,0.018364662817466293,1,35.95457165581839,-0.01568152418225721
2023-06-13,372251.8338967652,0.0390051409815817,1,35.95457165581839,0.0
2023-06-14,390173.88146754744,0.04814495440673228,1,37.411643505096436,0.0
2023-06-15,387052.25668684306,-0.008000599037954914,1,38.46049840109689,-0.008000599037954914
2023-06-16,387406.1732935312,0.0009143897253502953,1,38.59807096208845,-0.007093524978161514
2023-06-20,397533.22837176133,0.026140665214844372,1,40.01335375649588,0.0
2023-06-21,390609.42320711614,-0.017416921833186327,1,40.01335375649588,-0.017416921833186327
2023-06-22,390427.9647904241,-0.00046455207148399236,1,40.01335375649588,-0.01787338283755391
2023-06-23,383023.20135765243,-0.018965760909945173,1,40.01335375649588,-0.03650016144195012
2023-06-26,368712.80629491,-0.03736169248238286,1,40.01335375649588,-0.07249814611698147
2023-06-27,380001.4098607595,0.030616250298668657,1,40.01335375649588,-0.044101517206019736
2023-06-28,373113.9171492066,-0.018124913573548618,1,40.01335375649588,-0.06142709459174689
2023-06-29,370436.93818353635,-0.00717469609851018,1,40.01335375649588,-0.0681610699543469
2023-06-30,383867.11107541947,0.03625495059358519,1,40.01335375649588,-0.03437729558436231
2023-07-03,384874.3749077171,0.002623990967800749,1,40.01335375649588,-0.031843510329672475
2023-07-05,384003.25681232323,-0.0022633829430778185,1,40.01335375649588,-0.03403481921462237
2023-07-06,382061.3194376561,-0.005057085689292085,1,40.01335375649588,-0.038919787906726566
2023-07-07,385691.07624785724,0.009500456145478564,1,40.01335375649588,-0.029789087499447087
2023-07-10,382760.04857556685,-0.007599417909287642,1,40.01335375649588,-0.03716212568369015
2023-07-11,384801.784617789,0.005334245436064755,1,40.01335375649588,-0.03202611214694806
2023-07-12,398386.24216499383,0.035302480628300215,1,40.74182210649763,0.0
2023-07-13,417215.72028426226,0.047264378450775135,1,42.62735843658447,0.0
2023-07-14,412605.90801939025,-0.011048989864838266,1,42.62735843658447,-0.011048989864838266
2023-07-17,421607.7270630934,0.021816990180567375,1,43.00635692051479,0.0
2023-07-18,430981.6362481591,0.02223372244708144,1,43.919714655194966,0.0
2023-07-19,427197.5947826362,-0.008780052668750038,1,43.919714655194966,-0.008780052668750038
2023-07-20,413068.69275284227,-0.03307345875152434,1,43.919714655194966,-0.04156312471049828
2023-07-21,402079.51980591414,-0.026603742040318346,1,43.919714655194966,-0.06706113210262887
2023-07-24,404829.08906151255,0.00683837181492275,1,43.919714655194966,-0.060681349243353666
2023-07-25,414511.5329409651,0.023917362020349664,1,43.919714655194966,-0.038215325020740654
2023-07-26,412451.62336406857,-0.00496948676501574,1,43.919714655194966,-0.042994901233845084
2023-07-27,416516.99114635144,0.00985659299659103,1,43.919714655194966,-0.03356209147964473
2023-07-28,424230.25465725345,0.018518484659349133,1,43.919714655194966,-0.015665125896496934
2023-07-31,424039.692165096,-0.00044919590261527365,1,43.919714655194966,-0.016107285088745482
2023-08-01,422025.16450050066,-0.004750799752517021,1,43.919714655194966,-0.020781562355249195
2023-08-02,397949.16845023097,-0.05704872144002482,0,,-0.07664472223338081
2023-08-03,397949.16845023097,0.0,0,,-0.07664472223338081
2023-08-04,397949.16845023097,0.0,0,,-0.07664472223338081
2023-08-07,397949.16845023097,0.0,0,,-0.07664472223338081
2023-08-08,397949.16845023097,0.0,0,,-0.07664472223338081
2023-08-09,397949.16845023097,0.0,0,,-0.07664472223338081
2023-08-10,397949.16845023097,0.0,0,,-0.07664472223338081
2023-08-11,397949.16845023097,0.0,0,,-0.07664472223338081
2023-08-14,397949.16845023097,0.0,0,,-0.07664472223338081
2023-08-15,397949.16845023097,0.0,0,,-0.07664472223338081
2023-08-16,397949.16845023097,0.0,0,,-0.07664472223338081
2023-08-17,397949.16845023097,0.0,0,,-0.07664472223338081
2023-08-18,397949.16845023097,0.0,0,,-0.07664472223338081
2023-08-21,397949.16845023097,0.0,0,,-0.07664472223338081
2023-08-22,376988.12676445325,-0.052672661102442286,1,43.29499762398856,-0.12528030185633343
2023-08-23,378054.6929573979,0.002829177147032791,0,,-0.12280556487628602
2023-08-24,354538.14944531245,-0.062204077743681085,1,45.303141593933105,-0.17737063571504597
2023-08-25,340046.2239268218,-0.040875503922959466,0,,-0.21099602552201724
2023-08-28,340046.2239268218,0.0,0,,-0.21099602552201724
2023-08-29,354947.2643726212,0.043820632012094185,1,43.05042798178537,-0.17642137270033786
2023-08-30,358439.69064007263,0.009839282107510838,1,43.57274954659598,-0.16831795024861995
2023-08-31,359101.7941981558,0.0018471825954899934,1,43.83571365901402,-0.16678168164133778
2023-09-01,352946.38214657974,-0.017141134216053122,1,43.83571365901402,-0.18106398866759765
2023-09-05,353230.152709474,0.0008040047362671832,1,43.83571365901402,-0.18040556023578658
2023-09-06,342410.90040306846,-0.03062946983267356,1,43.83571365901402,-0.20550930340357154
2023-09-07,336444.6687267552,-0.017424187341262054,1,43.83571365901402,-0.21935265814195748
2023-09-08,331577.0765448711,-0.014467734621282813,1,43.83571365901402,-0.23064685671676943
2023-09-11,328710.3943443652,-0.008645598273491983,1,43.83571365901402,-0.2372983749240446
2023-09-12,326469.40070013143,-0.006817532036684115,1,43.83571365901402,-0.24249811768743101
2023-09-13,330944.0883350347,0.013706300269817229,1,43.83571365901402,-0.2321155694335032
2023-09-14,331642.5791395924,0.002110600639738669,1,43.83571365901402,-0.23049487206310404
2023-09-15,318465.633584301,-0.03973236967785454,0,,-0.26106913427529765
2023-09-18,318465.633584301,0.0,0,,-0.26106913427529765
2023-09-19,318465.633584301,0.0,0,,-0.26106913427529765
2023-09-20,318465.633584301,0.0,0,,-0.26106913427529765
2023-09-21,318465.633584301,0.0,0,,-0.26106913427529765
2023-09-22,318465.633584301,0.0,0,,-0.26106913427529765
2023-09-25,318465.633584301,0.0,0,,-0.26106913427529765
2023-09-26,318465.633584301,0.0,0,,-0.26106913427529765
2023-09-27,318465.633584301,0.0,0,,-0.26106913427529765
2023-09-28,318465.633584301,0.0,0,,-0.26106913427529765
2023-09-29,318465.633584301,0.0,0,,-0.26106913427529765
2023-10-02,318465.633584301,0.0,0,,-0.26106913427529765
2023-10-03,318465.633584301,0.0,0,,-0.26106913427529765
2023-10-04,318465.633584301,0.0,0,,-0.26106913427529765
2023-10-05,318465.633584301,0.0,0,,-0.26106913427529765
2023-10-06,318465.633584301,0.0,0,,-0.26106913427529765
2023-10-09,321045.0047779106,0.008099370612078438,1,41.92121165139334,-0.25508425933708934
2023-10-10,324767.9549207155,0.011596349693652197,1,42.53710651397705,-0.24644595591605634
2023-10-11,331915.9943077855,0.022009681924483937,1,43.580462728227886,-0.22986047109286023
2023-10-12,332901.68638125656,0.002969703450195871,1,43.68714196341379,-0.22757338507673242
2023-10-13,322378.1696732636,-0.031611485127596706,1,43.68714196341379,-0.2519909375265391
2023-10-16,326874.0811560806,0.013946079188220661,1,43.68714196341379,-0.24155914390777755
2023-10-17,309334.49871871364,-0.05365852922732006,0,,-0.28225596475159576
2023-10-18,309334.49871871364,0.0,0,,-0.28225596475159576
2023-10-19,309334.49871871364,0.0,0,,-0.28225596475159576
2023-10-20,305162.3902406567,-0.013487368836447744,1,37.893033845084055,-0.29193644328515134
2023-10-23,303541.391980426,-0.005311920184372543,0,,-0.2956976203838835
2023-10-24,307209.8066143764,0.012085385159553264,1,39.61424745832171,-0.28718585485743287
2023-10-25,293954.12210706435,-0.04314863725672391,1,39.61424745832171,-0.3179428138376512
2023-10-26,294033.07798778324,0.00026859933159961713,0,,-0.3177596137333353
2023-10-27,294033.07798778324,0.0,0,,-0.3177596137333353
2023-10-30,294033.07798778324,0.0,0,,-0.3177596137333353
2023-10-31,294033.07798778324,0.0,0,,-0.3177596137333353
2023-11-01,294033.07798778324,0.0,0,,-0.3177596137333353
2023-11-02,294033.07798778324,0.0,0,,-0.3177596137333353
2023-11-03,294033.07798778324,0.0,0,,-0.3177596137333353
2023-11-06,294033.07798778324,0.0,0,,-0.3177596137333353
2023-11-07,295108.20525676885,0.003656484081121958,1,42.014645031520296,-0.3152650126214528
2023-11-08,299083.22035139793,0.013469686792241031,1,42.72346632821219,-0.3060418468057746
2023-11-09,304360.5372883698,0.017644978313298365,0,,-0.29379697024232587
2023-11-10,309246.99878987746,0.016054845825423048,1,44.57678658621652,-0.28245898947811987
2023-11-13,311070.425895229,0.005896345356581678,1,44.85982118334089,-0.27822811987257223
2023-11-14,317698.7424309261,0.021308089692620324,1,46.05546283721924,-0.2628485399132058
2023-11-15,312785.0980490814,-0.015466363965583096,1,46.05546283721924,-0.27424959269266913
2023-11-16,316572.7040114216,0.012109291606168027,1,46.05546283721924,-0.2654612693772894
2023-11-17,315408.27431303286,-0.0036782378380503244,1,46.05546283721924,-0.2681630775297793
2023-11-20,322516.4452251714,0.02253641229806136,1,47.12114415849958,-0.2516700989100461
2023-11-21,319541.3773789234,-0.00922454619072488,1,47.12114415849958,-0.25857310264855093
2023-11-22,311684.6375445614,-0.024587550754171072,1,47.12114415849958,-0.2768029741176873
2023-11-24,305670.53265819675,-0.019295480629855644,1,47.12114415849958,-0.2907574083221687
2023-11-27,308651.99498319085,0.009753842802793011,1,47.12114415849958,-0.2838395675738975
2023-11-28,305958.43064021715,-0.008726865164504716,1,47.12114415849958,-0.29008940310383347
2023-11-29,307999.39205497416,0.006670714745419248,1,47.12114415849958,-0.2853537920171889
2023-11-30,301028.5419994865,-0.02263267472373265,0,,-0.30152814718501286
2023-12-01,301028.5419994865,0.0,0,,-0.30152814718501286
2023-12-04,301028.5419994865,0.0,0,,-0.30152814718501286
2023-12-05,301028.5419994865,0.0,0,,-0.30152814718501286
2023-12-06,301028.5419994865,0.0,0,,-0.30152814718501286
2023-12-07,301028.5419994865,0.0,0,,-0.30152814718501286
2023-12-08,306454.4014057223,0.01802440183975995,1,44.066891533987864,-0.28893860983611386
2023-12-11,300784.0879387303,-0.018502959791022677,1,44.066891533987864,-0.30209535014726496
2023-12-12,296590.6023050262,-0.013941846666298163,0,,-0.31182542976320826
2023-12-13,296590.6023050262,0.0,0,,-0.31182542976320826
2023-12-14,296590.6023050262,0.0,0,,-0.31182542976320826
2023-12-15,296590.6023050262,0.0,0,,-0.31182542976320826
2023-12-18,296590.6023050262,0.0,0,,-0.31182542976320826
2023-12-19,297224.9364598606,0.0021387533856584984,1,46.09132194519043,-0.31035359407119023
2023-12-20,297084.2225245234,-0.00047342573948605526,0,,-0.31068009043090095
2023-12-21,297084.2225245234,0.0,0,,-0.31068009043090095
2023-12-22,294438.3753638813,-0.008906050742643168,1,45.65482098715646,-0.3168192085234375
2023-12-26,297145.7701778525,0.009195115312755187,1,45.98846394675119,-0.31053728236635114
2023-12-27,297977.8946514402,0.0028003914479066694,1,46.37289319719587,-0.30860651686823937
2023-12-28,298611.0278374061,0.002124765619632596,1,46.59467901502337,-0.307137467765643
2023-12-29,298611.0278374061,0.0,1,46.59467901502337,-0.307137467765643
2024-01-02,290446.5885122003,-0.02734138583003487,1,46.59467901502337,-0.3260812895866375
2024-01-03,286834.7045742127,-0.012435621834944843,1,46.59467901502337,-0.3344618878168317
2024-01-04,289421.5223069547,0.009018496337749538,1,46.59467901502337,-0.3284597347894751
2024-01-05,296048.3393221783,0.022896766496153242,1,46.59467901502337,-0.31308363414418494
2024-01-08,315078.586232711,0.06428087708278873,1,49.017462730407715,-0.2689280476644512
2024-01-09,320427.0837683026,0.016975122300572076,1,49.70946325574602,-0.25651801186303735
2024-01-10,327723.21629470633,0.022770024433014235,1,50.869819504874094,-0.2395889088276527
2024-01-11,330569.31385568477,0.008684455111715561,1,51.36235564095633,-0.23298515283991583
2024-01-12,329893.97179065447,-0.0020429665934604824,1,51.36235564095633,-0.23455213854935197
2024-01-16,339975.91333742207,0.030561157247109172,1,52.76789311000279,-0.2111591660910953
2024-01-17,337992.0960213956,-0.0058351701935354106,1,52.76789311000279,-0.21576218661256408
2024-01-18,344347.55709856865,0.018803578994849524,1,53.15128476279123,-0.20101570893778542
2024-01-19,358722.77420431806,0.04174624390215875,1,55.19225147792271,-0.1676611158491087
2024-01-22,359705.6315304992,0.0027398799208140368,1,55.352571214948384,-0.16538060725311088
2024-01-23,361026.18289130944,0.0036712001288150553,1,55.679072516305105,-0.162316552430947
2024-01-24,370004.6440264388,0.024869279738174654,1,56.790928159441265,-0.14148396844131372
2024-01-25,371542.2663364211,0.004155683813180433,1,56.88932159968785,-0.13791624726560936
2024-01-26,368008.7506005983,-0.009510400446939404,1,56.88932159968785,-0.14611500897291374
2024-01-29,376655.59025917656,0.023496288184632785,1,58.08285781315395,-0.1260518811472089
2024-01-30,378518.8074918599,0.004946739888823215,1,58.64221314021519,-0.12172868712691776
2024-01-31,370999.577462434,-0.019864878258625485,1,58.64221314021519,-0.13917543983518466
2024-02-01,380044.376694142,0.024379540520161003,1,58.80735806056431,-0.11818893258989682
2024-02-02,398935.96686189534,0.049708905923260716,1,61.41661153520857,-0.0743550691979179
2024-02-05,418062.6846382569,0.047944330331546325,1,64.37218039376395,-0.02997564286582144
2024-02-06,411375.55608030484,-0.015995516470785565,1,64.37218039376395,-0.04549168344742438
2024-02-07,422687.5816737899,0.027498049960160476,1,64.6398927143642,-0.019244566071472957
2024-02-08,419925.90187094023,-0.006533619445155514,1,64.6398927143642,-0.025652448845530418
2024-02-09,434952.3548263197,0.03578358202823528,1,66.63300541469029,0.0
2024-02-12,435645.77655290015,0.0015942475512229493,1,66.63300541469029,0.0
2024-02-13,434922.1760528415,-0.0016609836224840135,1,66.63300541469029,-0.0016609836224840135
2024-02-14,445607.1180163246,0.024567480233946393,1,67.80732713426862,0.0
2024-02-15,438117.99775403517,-0.016806554382767014,1,67.80732713426862,-0.016806554382767014
2024-02-16,437846.6648180986,-0.000619314744720656,1,67.80732713426862,-0.017415460580550435
2024-02-20,408255.8032517674,-0.06758270404691691,0,,-0.0838211807092113
2024-02-21,408255.8032517674,0.0,0,,-0.0838211807092113
2024-02-22,408255.8032517674,0.0,0,,-0.0838211807092113
2024-02-23,408255.8032517674,0.0,0,,-0.0838211807092113
2024-02-26,408255.8032517674,0.0,0,,-0.0838211807092113
2024-02-27,408255.8032517674,0.0,0,,-0.0838211807092113
2024-02-28,408255.8032517674,0.0,0,,-0.0838211807092113
2024-02-29,408255.8032517674,0.0,0,,-0.0838211807092113
2024-03-01,408255.8032517674,0.0,0,,-0.0838211807092113
2024-03-04,408255.8032517674,0.0,0,,-0.0838211807092113
2024-03-05,408255.8032517674,0.0,0,,-0.0838211807092113
2024-03-06,408255.8032517674,0.0,0,,-0.0838211807092113
2024-03-07,408255.8032517674,0.0,0,,-0.0838211807092113
2024-03-08,408255.8032517674,0.0,0,,-0.0838211807092113
2024-03-11,408255.8032517674,0.0,0,,-0.0838211807092113
2024-03-12,408255.8032517674,0.0,0,,-0.0838211807092113
2024-03-13,408255.8032517674,0.0,0,,-0.0838211807092113
2024-03-14,408255.8032517674,0.0,0,,-0.0838211807092113
2024-03-15,408255.8032517674,0.0,0,,-0.0838211807092113
2024-03-18,408255.8032517674,0.0,0,,-0.0838211807092113
2024-03-19,408255.8032517674,0.0,0,,-0.0838211807092113
2024-03-20,408255.8032517674,0.0,0,,-0.0838211807092113
2024-03-21,408255.8032517674,0.0,0,,-0.0838211807092113
2024-03-22,408255.8032517674,0.0,0,,-0.0838211807092113
2024-03-25,408255.8032517674,0.0,0,,-0.0838211807092113
2024-03-26,408255.8032517674,0.0,0,,-0.0838211807092113
2024-03-27,408255.8032517674,0.0,0,,-0.0838211807092113
2024-03-28,408255.8032517674,0.0,0,,-0.0838211807092113
2024-04-01,408255.8032517674,0.0,0,,-0.0838211807092113
2024-04-02,408255.8032517674,0.0,0,,-0.0838211807092113
2024-04-03,408255.8032517674,0.0,0,,-0.0838211807092113
2024-04-04,408255.8032517674,0.0,0,,-0.0838211807092113
2024-04-05,408255.8032517674,0.0,0,,-0.0838211807092113
2024-04-08,408255.8032517674,0.0,0,,-0.0838211807092113
2024-04-09,408255.8032517674,0.0,0,,-0.0838211807092113
2024-04-10,408255.8032517674,0.0,0,,-0.0838211807092113
2024-04-11,408255.8032517674,0.0,0,,-0.0838211807092113
2024-04-12,408255.8032517674,0.0,0,,-0.0838211807092113
2024-04-15,393474.8316318356,-0.0362051721058243,1,80.93335805620465,-0.11699159254134517
2024-04-16,394858.1527726169,0.003515653428312726,0,,-0.1138872410064341
2024-04-17,394858.1527726169,0.0,0,,-0.1138872410064341
2024-04-18,394858.1527726169,0.0,0,,-0.1138872410064341
2024-04-19,394858.1527726169,0.0,0,,-0.1138872410064341
2024-04-22,394858.1527726169,0.0,0,,-0.1138872410064341
2024-04-23,394858.1527726169,0.0,0,,-0.1138872410064341
2024-04-24,394858.1527726169,0.0,0,,-0.1138872410064341
2024-04-25,394858.1527726169,0.0,0,,-0.1138872410064341
2024-04-26,394858.1527726169,0.0,0,,-0.1138872410064341
2024-04-29,394858.1527726169,0.0,0,,-0.1138872410064341
2024-04-30,394858.1527726169,0.0,0,,-0.1138872410064341
2024-05-01,394858.1527726169,0.0,0,,-0.1138872410064341
2024-05-02,394858.1527726169,0.0,0,,-0.1138872410064341
2024-05-03,394858.1527726169,0.0,0,,-0.1138872410064341
2024-05-06,406396.00174504024,0.029220237423000617,1,81.25017901829311,-0.08799481580509194
2024-05-07,399400.7394514592,-0.017212921051250052,1,81.25017901829311,-0.10369308903896957
2024-05-08,398774.4366719319,-0.0015681062092861575,1,81.25017901829311,-0.10509859347147377
2024-05-09,391430.72363248764,-0.018415706635392604,1,81.25017901829311,-0.12157883524170321
2024-05-10,397705.03492246097,0.016029174285931314,0,,-0.10749846929534179
2024-05-13,396762.6616444456,-0.002369528155958811,1,81.64043263026646,-0.10961327680158284
2024-05-14,400962.9531197381,0.010586408151119109,1,82.98707607814244,-0.10018727953746687
2024-05-15,415332.5669507019,0.035837759371930344,1,86.54571369716099,-0.06794000778172848
2024-05-16,414143.1607738277,-0.0028637440728681574,1,86.98596654619489,-0.07060918906000113
2024-05-17,405891.7893639002,-0.019923959131691982,1,86.98596654619489,-0.0891263335945397
2024-05-20,415990.926039765,0.02488135247005574,1,87.33374922616142,-0.06646256484501356
2024-05-21,418650.68202594505,0.006393783661343022,1,88.46243095397949,-0.060493728444867445
2024-05-22,416737.05071412056,-0.004570949944626812,1,88.46243095397949,-0.06478816458480896
2024-05-23,455575.48202298145,0.0931964922300701,1,95.53953960963658,0.0
2024-05-24,467294.14656327525,0.02572277263090883,1,98.20168086460659,0.0
2024-05-28,499913.3095942409,0.0698043475846295,1,104.679929460798,0.0
2024-05-29,503968.7426483296,0.008112272620587557,1,105.10089084080288,0.0
2024-05-30,484986.2620744701,-0.03766598792240072,1,105.10089084080288,-0.03766598792240072
2024-05-31,481180.99944682926,-0.007846124571373014,1,105.10089084080288,-0.045216580460430755
2024-06-03,504736.83383315895,0.048954207280440754,1,105.10089084080288,0.0
2024-06-04,511043.83421081235,0.012495621390964606,1,105.10089084080288,0.0
2024-06-05,537391.1231895621,0.05155582988186724,1,110.63018199375698,0.0
2024-06-06,531062.1563014349,-0.011777207726400674,1,110.63018199375698,-0.011777207726400674
2024-06-07,530579.3618684909,-0.0009091109716917734,1,110.63018199375698,-0.01267561190933253
2024-06-10,534538.2561273113,0.0074614554265335364,1,110.63018199375698,-0.005308734996064546
2024-06-11,530675.9341492933,-0.007225529573879563,1,110.63018199375698,-0.012495906148230151
2024-06-12,549504.7830919733,0.03548087963111368,1,110.753570829119,0.0
2024-06-13,568860.3594885448,0.035223672281178064,1,116.37250246320453,0.0
2024-06-14,578823.4444387158,0.017514113585149094,1,118.45590128217425,0.0
2024-06-17,574873.289904337,-0.006824454973846539,1,118.45590128217425,-0.006824454973846539
2024-06-18,595062.7900460907,0.03511991337275977,1,122.74000603812081,0.0
2024-06-20,573995.5001092757,-0.03540347386732623,1,122.74000603812081,-0.03540347386732623
2024-06-21,555517.7469932998,-0.032191459885065554,1,122.74000603812081,-0.06645524424359983
2024-06-24,537899.7819938731,-0.03171449534201687,0,,-0.09606214505160049
2024-06-25,537899.7819938731,0.0,0,,-0.09606214505160049
2024-06-26,537899.7819938731,0.0,0,,-0.09606214505160049
2024-06-27,537899.7819938731,0.0,0,,-0.09606214505160049
2024-06-28,537899.7819938731,0.0,0,,-0.09606214505160049
2024-07-01,537899.7819938731,0.0,0,,-0.09606214505160049
2024-07-02,537899.7819938731,0.0,0,,-0.09606214505160049
2024-07-03,537899.7819938731,0.0,0,,-0.09606214505160049
2024-07-05,537899.7819938731,0.0,0,,-0.09606214505160049
2024-07-08,537899.7819938731,0.0,0,,-0.09606214505160049
2024-07-09,537899.7819938731,0.0,0,,-0.09606214505160049
2024-07-10,537899.7819938731,0.0,0,,-0.09606214505160049
2024-07-11,537899.7819938731,0.0,0,,-0.09606214505160049
2024-07-12,537899.7819938731,0.0,0,,-0.09606214505160049
2024-07-15,537899.7819938731,0.0,0,,-0.09606214505160049
2024-07-16,537899.7819938731,0.0,0,,-0.09606214505160049
2024-07-17,537899.7819938731,0.0,0,,-0.09606214505160049
2024-07-18,537899.7819938731,0.0,0,,-0.09606214505160049
2024-07-19,537899.7819938731,0.0,0,,-0.09606214505160049
2024-07-22,537899.7819938731,0.0,0,,-0.09606214505160049
2024-07-23,537899.7819938731,0.0,0,,-0.09606214505160049
2024-07-24,514919.91715423256,-0.04272146152292411,1,105.72714124407086,-0.13467969134089308
2024-07-25,508702.3027105287,-0.01207491541221839,0,,-0.14512836087242653
2024-07-26,508702.3027105287,0.0,0,,-0.14512836087242653
2024-07-29,508702.3027105287,0.0,0,,-0.14512836087242653
2024-07-30,508702.3027105287,0.0,0,,-0.14512836087242653
2024-07-31,508702.3027105287,0.0,0,,-0.14512836087242653
2024-08-01,508702.3027105287,0.0,0,,-0.14512836087242653
2024-08-02,508702.3027105287,0.0,0,,-0.14512836087242653
2024-08-05,508702.3027105287,0.0,0,,-0.14512836087242653
2024-08-06,508702.3027105287,0.0,0,,-0.14512836087242653
2024-08-07,508702.3027105287,0.0,0,,-0.14512836087242653
2024-08-08,508702.3027105287,0.0,0,,-0.14512836087242653
2024-08-09,508702.3027105287,0.0,0,,-0.14512836087242653
2024-08-12,508702.3027105287,0.0,0,,-0.14512836087242653
2024-08-13,508702.3027105287,0.0,0,,-0.14512836087242653
2024-08-14,508702.3027105287,0.0,0,,-0.14512836087242653
2024-08-15,525476.2189595422,0.032973934184368225,1,101.5814312526158,-0.116939879707751
2024-08-16,532832.7201281148,0.01399968429235221,1,103.50857462201799,-0.10457731681249283
2024-08-19,556014.2285965842,0.0435061654301101,1,109.44107191903251,-0.06562090942786392
2024-08-20,544252.3891455026,-0.02115384615384619,1,109.44107191903251,-0.08538662095919758
2024-08-21,549598.6798050852,0.00982318271119853,1,111.71964263916016,-0.0764022066267731
2024-08-22,529239.9958366676,-0.03704281818078192,1,111.71964263916016,-0.11061487175886897
2024-08-23,553319.6772202067,0.045498604740694004,1,114.53784860883441,-0.07014908934677433
2024-08-26,540873.5295329063,-0.02249359312473398,1,114.53784860883441,-0.09106477739767127
2024-08-27,548743.2863520194,0.014550086830667164,1,114.53784860883441,-0.0778396909853557
2024-08-28,537238.0584106238,-0.020966503331422914,1,114.53784860883441,-0.09717416817641733
2024-08-29,502936.2392652878,-0.06384845341526102,1,114.53784860883441,-0.15481820124169954
2024-08-30,510549.384574715,0.015137396582415308,1,114.53784860883441,-0.14202434916965612
2024-09-03,489147.2809926491,-0.04191975199400888,0,,-0.17799047566936244
2024-09-04,489147.2809926491,0.0,0,,-0.17799047566936244
2024-09-05,489147.2809926491,0.0,0,,-0.17799047566936244
2024-09-06,489147.2809926491,0.0,0,,-0.17799047566936244
2024-09-09,489147.2809926491,0.0,0,,-0.17799047566936244
2024-09-10,489728.45829433575,0.0011881437846434917,1,92.20356777736119,-0.17701381016211126
2024-09-11,494829.2267838064,0.010415503536870263,0,,-0.16844199459105935
2024-09-12,503814.25144714734,0.01815782936214183,1,102.37928227015904,-0.15334270622412083
2024-09-13,503645.09724690515,-0.0003357471523608435,1,102.96428271702358,-0.15362696899953165
2024-09-16,493135.86107455636,-0.020866352576041858,0,,-0.17128768707524056
2024-09-17,493135.86107455636,0.0,0,,-0.17128768707524056
2024-09-18,493135.86107455636,0.0,0,,-0.17128768707524056
2024-09-19,493135.86107455636,0.0,0,,-0.17128768707524056
2024-09-20,493135.86107455636,0.0,0,,-0.17128768707524056
2024-09-23,493135.86107455636,0.0,0,,-0.17128768707524056
2024-09-24,493135.86107455636,0.0,0,,-0.17128768707524056
2024-09-25,493135.86107455636,0.0,0,,-0.17128768707524056
2024-09-26,493135.86107455636,0.0,0,,-0.17128768707524056
2024-09-27,493135.86107455636,0.0,0,,-0.17128768707524056
2024-09-30,505424.10885941045,0.02491858482584841,1,109.49893052237374,-0.15063734900939996
2024-10-01,486945.15437845915,-0.03656128419091986,1,109.49893052237374,-0.18169113827342032
2024-10-02,494644.7081612011,0.015811952770265814,1,109.49893052237374,-0.16875207720030982
2024-10-03,511292.4057467895,0.033655869174209485,1,111.11249923706055,-0.14077570585923005
2024-10-04,519907.5879772129,0.01684981457496937,1,113.45571299961635,-0.1262979358246491
2024-10-07,531560.98898831,0.022414369939159018,1,115.94321605137416,-0.10671445454161599
2024-10-08,553078.1304969718,0.04047915846799466,1,120.88464300973075,-0.070555007389837
2024-10-09,552079.2457797029,-0.0018060463109820235,1,121.20713778904506,-0.07223362809000122
2024-10-10,561069.017717343,0.016283481051608595,1,123.22964205060687,-0.05712636195268517
2024-10-11,561027.4213355125,-7.413772729736312e-05,1,123.22964205060687,-0.05719626446133852
2024-10-14,574636.9318933905,0.02425819138301799,1,126.78072411673409,-0.034325551008017374
2024-10-15,547709.2759682272,-0.04686029461496399,1,126.78072411673409,-0.0795773401899248
2024-10-16,564856.3841594867,0.031306952326026094,1,126.78072411673409,-0.05076171185945666
2024-10-17,569892.2771158083,0.008915351047709352,1,126.78072411673409,-0.042298919292756976
2024-10-18,574345.566702798,0.007814265547740895,1,126.78072411673409,-0.034815188732752134
2024-10-21,598110.182948833,0.041376860245414315,1,131.88500785827637,0.0
2024-10-22,597610.7088372353,-0.0008350871224681589,1,132.05071149553572,-0.0008350871224681589
2024-10-23,580838.1586002292,-0.028066013525159805,1,132.05071149553572,-0.028877663081154026
2024-10-24,584375.8197395373,0.006090614204537825,1,132.05071149553572,-0.022962931581572144
2024-10-25,589078.751123436,0.008047785731440493,1,132.05071149553572,-0.015099946603265857
2024-10-28,584833.633963378,-0.007206366130100839,1,132.05071149553572,-0.022197496989598497
2024-10-29,587871.8209910885,0.005194959474408067,1,132.05071149553572,-0.017117852612484885
2024-10-30,579922.5301525478,-0.013522149820243357,1,132.05071149553572,-0.030408532265101318
2024-10-31,552537.0600035437,-0.047222635309237426,1,132.05071149553572,-0.0761951965448947
2024-11-01,563524.537869795,0.019885503908427138,1,132.05071149553572,-0.05782487251516455
2024-11-04,566229.8268310089,0.004800658674847247,1,132.05071149553572,-0.05330181131617917
2024-11-05,582294.8575413388,0.02837192593728277,1,132.05071149553572,-0.026442160421881966
2024-11-06,606017.8138996168,0.0407404531416351,1,134.86178588867188,0.0
2024-11-07,619627.3244574948,0.022457278063004793,1,137.89072036743164,0.0
2024-11-08,614424.9189619984,-0.008396023367838512,1,137.89072036743164,-0.008396023367838512
2024-11-11,604561.1149585072,-0.016053717385282718,1,137.89072036743164,-0.024314953366813663
2024-11-12,617171.7407991163,0.020859141497174605,1,137.89072036743164,-0.00396300092241475
2024-11-13,608764.6992426612,-0.013621883506152788,1,137.89072036743164,-0.017530900891667645
2024-11-14,610804.0015531029,0.003349902372753677,1,137.89072036743164,-0.014239725325407515
2024-11-15,590910.008018799,-0.032570175512470434,1,137.89072036743164,-0.0463461104847801
2024-11-18,573029.9170042814,-0.030258568600768698,0,,-0.0752023121220663
2024-11-19,573029.9170042814,0.0,0,,-0.0752023121220663
2024-11-20,566271.7657124322,-0.011793714588550386,1,135.24750082833427,-0.0861091121050499
2024-11-21,569299.3295471972,0.0053464855888691876,1,135.24750082833427,-0.08122300764312074
2024-11-22,550978.6534446923,-0.032181095518023284,1,135.24750082833427,-0.1107902577939196
2024-11-25,527961.3977230865,-0.04177522228438968,1,135.24750082833427,-0.14793719243202352
2024-11-26,533680.5627911076,0.010832543994098387,0,,-0.13870718458330833
2024-11-27,533680.5627911076,0.0,0,,-0.13870718458330833
2024-11-29,533680.5627911076,0.0,0,,-0.13870718458330833
2024-12-02,532113.5781727021,-0.0029361845411987053,1,125.28000313895089,-0.14123609923338032
2024-12-03,538370.0852828091,0.011757841496155885,1,127.23142187935966,-0.13113888940554586
2024-12-04,557101.3611122278,0.03479256433718647,1,131.7364283970424,-0.100908983315109
2024-12-05,556794.2842956407,-0.0005512045706980162,1,131.8099981035505,-0.10140456639297923
2024-12-06,554196.1228126899,-0.004666286196234104,0,,-0.10559766986081864
2024-12-09,554196.1228126899,0.0,0,,-0.10559766986081864
2024-12-10,554196.1228126899,0.0,0,,-0.10559766986081864
2024-12-11,554196.1228126899,0.0,0,,-0.10559766986081864
2024-12-12,554196.1228126899,0.0,0,,-0.10559766986081864
2024-12-13,554196.1228126899,0.0,0,,-0.10559766986081864
2024-12-16,554196.1228126899,0.0,0,,-0.10559766986081864
2024-12-17,554196.1228126899,0.0,0,,-0.10559766986081864
2024-12-18,554196.1228126899,0.0,0,,-0.10559766986081864
2024-12-19,554196.1228126899,0.0,0,,-0.10559766986081864
2024-12-20,554196.1228126899,0.0,0,,-0.10559766986081864
2024-12-23,554196.1228126899,0.0,0,,-0.10559766986081864
2024-12-24,554196.1228126899,0.0,0,,-0.10559766986081864
2024-12-26,554277.11046303,0.00014613536076213407,1,126.61213520595005,-0.10546696605363737
2024-12-27,542710.697025202,-0.02086756465221118,1,126.61213520595005,-0.12413369197305169
2024-12-30,544612.0699718077,0.0035034742396415908,1,126.61213520595005,-0.12106511692550936
2024-12-31,545930.9124262185,0.0024216181152194594,0,,-0.11893667229055793
2025-01-02,545930.9124262185,0.0,0,,-0.11893667229055793
2025-01-03,545930.9124262185,0.0,0,,-0.11893667229055793
2025-01-06,545930.9124262185,0.0,0,,-0.11893667229055793
2025-01-07,499197.34750932665,-0.08560344148529564,1,139.5014283316476,-0.19435872530897302
2025-01-08,507127.127824892,0.015885060998680922,0,,-0.18156106451745102
2025-01-10,500694.2211646196,-0.012684998114503632,1,122.06606674194336,-0.19194296087088347
2025-01-13,490821.0370769292,-0.0197189894956753,1,122.06606674194336,-0.20787702913737705
2025-01-14,500458.1657658398,0.019634709926665384,0,,-0.19232392437824086
2025-01-15,500458.1657658398,0.0,0,,-0.19232392437824086
2025-01-16,481434.5213360958,-0.03801245684668275,1,123.59713581630162,-0.22302567634891113
2025-01-17,496356.57355736365,0.030994977634457133,1,123.59713581630162,-0.19894337456479816
2025-01-21,507602.1621884108,0.02265627016975036,1,125.1907103402274,-0.1807944192376698
2025-01-22,530093.394448689,0.044308779464831805,1,131.30393164498466,-0.14449641982331218
2025-01-23,530634.0265951109,0.0010198809343477944,1,131.5842846461705,-0.1436239080326237
2025-01-24,514053.94412784267,-0.031245795852287706,1,131.5842846461705,-0.17038206057501626
2025-01-27,449149.52382794797,-0.12625994030648524,0,,-0.2751295720840039
2025-01-28,449149.52382794797,0.0,0,,-0.2751295720840039
2025-01-29,449149.52382794797,0.0,0,,-0.2751295720840039
2025-01-30,449149.52382794797,0.0,0,,-0.2751295720840039
2025-01-31,449149.52382794797,0.0,0,,-0.2751295720840039
2025-02-03,449149.52382794797,0.0,0,,-0.2751295720840039
2025-02-04,449149.52382794797,0.0,0,,-0.2751295720840039
2025-02-05,449149.52382794797,0.0,0,,-0.2751295720840039
2025-02-06,449149.52382794797,0.0,0,,-0.2751295720840039
2025-02-07,449149.52382794797,0.0,0,,-0.2751295720840039
2025-02-10,449149.52382794797,0.0,0,,-0.2751295720840039
2025-02-11,449149.52382794797,0.0,0,,-0.2751295720840039
2025-02-12,449149.52382794797,0.0,0,,-0.2751295720840039
2025-02-13,449149.52382794797,0.0,0,,-0.2751295720840039
2025-02-14,449149.52382794797,0.0,0,,-0.2751295720840039
2025-02-18,442540.25973606115,-0.014715064229743113,1,125.88250596182687,-0.28579608698902925
2025-02-19,442000.58228173084,-0.0012194991132608024,1,125.99249621800014,-0.2866670580276335
2025-02-20,443873.4675163061,0.004237291328683002,0,,-0.28364445853815
2025-02-21,443873.4675163061,0.0,0,,-0.28364445853815
2025-02-24,443873.4675163061,0.0,0,,-0.28364445853815
2025-02-25,443873.4675163061,0.0,0,,-0.28364445853815
2025-02-26,447606.9633624514,0.00841117146973458,1,118.17820984976632,-0.27761906924561974
2025-02-27,409658.5758003052,-0.08478060143898469,1,118.17820984976632,-0.33886295902302976
2025-02-28,401792.6031798368,-0.01920128879299421,0,,-0.3515576422785741
2025-03-03,370494.8814742712,-0.07789521623313012,1,107.84035791669574,-0.40206819994800536
2025-03-04,358879.24941108003,-0.03135166676789247,0,,-0.4208143584931615
2025-03-05,358879.24941108003,0.0,0,,-0.4208143584931615
2025-03-06,358879.24941108003,0.0,0,,-0.4208143584931615
2025-03-07,358879.24941108003,0.0,0,,-0.4208143584931615
2025-03-10,358879.24941108003,0.0,0,,-0.4208143584931615
2025-03-11,358879.24941108003,0.0,0,,-0.4208143584931615
2025-03-12,358879.24941108003,0.0,0,,-0.4208143584931615
2025-03-13,358879.24941108003,0.0,0,,-0.4208143584931615
2025-03-14,358879.24941108003,0.0,0,,-0.4208143584931615
2025-03-17,358879.24941108003,0.0,0,,-0.4208143584931615
2025-03-18,358879.24941108003,0.0,0,,-0.4208143584931615
2025-03-19,358879.24941108003,0.0,0,,-0.4208143584931615
2025-03-20,358879.24941108003,0.0,0,,-0.4208143584931615
2025-03-21,358879.24941108003,0.0,0,,-0.4208143584931615
2025-03-24,358879.24941108003,0.0,0,,-0.4208143584931615
2025-03-25,358879.24941108003,0.0,0,,-0.4208143584931615
2025-03-26,358879.24941108003,0.0,0,,-0.4208143584931615
2025-03-27,358879.24941108003,0.0,0,,-0.4208143584931615
2025-03-28,358879.24941108003,0.0,0,,-0.4208143584931615
2025-03-31,358879.24941108003,0.0,0,,-0.4208143584931615
2025-04-01,358879.24941108003,0.0,0,,-0.4208143584931615
2025-04-02,358879.24941108003,0.0,0,,-0.4208143584931615
2025-04-03,358879.24941108003,0.0,0,,-0.4208143584931615
2025-04-04,358879.24941108003,0.0,0,,-0.4208143584931615
2025-04-07,358879.24941108003,0.0,0,,-0.4208143584931615
2025-04-08,358879.24941108003,0.0,0,,-0.4208143584931615
2025-04-09,358879.24941108003,0.0,0,,-0.4208143584931615
2025-04-10,358879.24941108003,0.0,0,,-0.4208143584931615
2025-04-11,358879.24941108003,0.0,0,,-0.4208143584931615
2025-04-14,358879.24941108003,0.0,0,,-0.4208143584931615
2025-04-15,358879.24941108003,0.0,0,,-0.4208143584931615
2025-04-16,358879.24941108003,0.0,0,,-0.4208143584931615
2025-04-17,358879.24941108003,0.0,0,,-0.4208143584931615
2025-04-21,358879.24941108003,0.0,0,,-0.4208143584931615
2025-04-22,358879.24941108003,0.0,0,,-0.4208143584931615
2025-04-23,358879.24941108003,0.0,0,,-0.4208143584931615
2025-04-24,358879.24941108003,0.0,0,,-0.4208143584931615
2025-04-25,358879.24941108003,0.0,0,,-0.4208143584931615
2025-04-28,358879.24941108003,0.0,0,,-0.4208143584931615
2025-04-29,358879.24941108003,0.0,0,,-0.4208143584931615
2025-04-30,373605.6366487088,0.04103437928438236,1,94.32178660801479,-0.3970478352035016
2025-05-01,387293.02053221216,0.03663591375730024,0,,-0.3749581316942395
2025-05-02,387796.74884603027,0.0013006387595777547,1,101.58750179835728,-0.3741451780139622
2025-05-05,385493.6754175458,-0.005938867294111638,1,101.58750179835728,-0.3778620467471171
2025-05-06,384545.3556246009,-0.002460013881985801,1,101.58750179835728,-0.37939251474862945
2025-05-07,396467.1307698419,0.0310022601257971,1,105.71178681509835,-0.36015228005484967
2025-05-08,397517.0784032677,0.002648258965092687,1,106.3092907496861,-0.3584577975942108
2025-05-09,395078.5270272516,-0.00613445687871117,1,106.3092907496861,-0.36239331057074253
2025-05-12,416585.15378219844,0.05443633425681815,1,111.93571444920131,-0.3276843397005883
2025-05-13,440056.14617691265,0.05634140386814046,1,118.45320756094796,-0.28980513155678367
2025-05-14,458379.1316040841,0.04163783550430211,1,123.56320980616978,-0.2602341544485455
2025-05-15,456651.84591255296,-0.0037682467905695294,1,123.56320980616978,-0.26302177472181765
2025-05-16,458582.3356054933,0.004227486892300902,1,124.45356478009906,-0.25990620893454297
2025-05-19,459158.1491822231,0.001255638370739831,1,124.4950065612793,-0.2589769187725348
2025-05-20,455127.7642224311,-0.008777770724466505,1,124.4950065612793,-0.2654814494810872
2025-05-21,446389.6304049655,-0.01919929853630087,1,124.4950065612793,-0.27958369041295084
2025-05-22,449878.10357463104,0.007814861573959053,1,124.4950065612793,-0.2739537366779057
2025-05-23,444662.29303388164,-0.011593830638356728,1,124.4950065612793,-0.28237139409047385
2025-05-27,458921.0433942105,0.032066470631100685,1,124.4950065612793,-0.25935957747503824
2025-05-28,456584.094018899,-0.005092268940267486,1,124.4950065612793,-0.26313111769456865
2025-05-29,471418.60627640487,0.0324902081606282,1,127.62749562944684,-0.23919009432137583
2025-05-30,457667.91759915184,-0.02916874407199499,1,127.62749562944684,-0.2613819637475543
2025-06-02,465288.377729314,0.01665063212238649,1,127.62749562944684,-0.24908350654695532
2025-06-03,478293.9506150314,0.027951639259047978,1,130.24321256365096,-0.2280941596082865
2025-06-04,480664.7500973936,0.004956783332328518,1,131.41821016584123,-0.22426798960450578
2025-06-05,474128.1135474842,-0.01359915939037526,1,131.41821016584123,-0.2348172928580904
2025-06-06,479987.38619951194,0.012357994568573227,1,131.41821016584123,-0.22536116911926452
2025-06-09,483069.4513663591,0.006421137837080648,1,131.82107380458288,-0.22038710641222425
2025-06-10,487573.99622262345,0.009324838992661011,1,133.1850073678153,-0.21311734170291574
2025-06-11,483746.8152642407,-0.007849436163603896,1,133.1850073678153,-0.21929392689746563
2025-06-12,491096.3194993397,0.01519287363387467,1,134.80357033865792,-0.20743275818362017
2025-06-13,480834.10399175214,-0.02089654330549573,1,134.80357033865792,-0.22399467387475358
2025-06-16,490046.3977056902,0.019158985682296903,1,134.80357033865792,-0.20912719894213383
2025-06-17,488115.85633319715,-0.003939507323248326,1,134.80357033865792,-0.21224284813365912
2025-06-18,492722.00319016614,0.00943658518199153,1,136.5067868913923,-0.2048091106673493
2025-06-20,487201.43832685566,-0.011204218256069653,1,136.5067868913923,-0.21371860294667056
2025-06-23,488285.2102275557,0.0022244841977929752,1,136.5067868913923,-0.21196953240390692
2025-06-24,500918.22521750536,0.02587220486170838,1,139.68035125732422,-0.1915814467089929
2025-06-25,522628.0818136378,0.04334012120781927,1,145.42964117867606,-0.15654448862271075
2025-06-26,525032.7830826032,0.0046011711820392875,1,146.5771473475865,-0.15266360543042923
2025-06-27,534278.926903592,0.01761060284026872,1,149.23392813546317,-0.13774150071355928
2025-06-30,535091.7945887815,0.0015214294336864942,1,149.57750538417272,-0.13642963525329843
2025-07-01,519207.3605376262,-0.029685437548827576,1,149.57750538417272,-0.1620650993850049
2025-07-02,532585.4913191114,0.025766450551919284,1,149.57750538417272,-0.14047449120258126
2025-07-03,539664.0396591472,0.013290914708366408,1,149.8864244733538,-0.12905061097548964
2025-07-07,535938.5123810217,-0.006903419543163314,1,149.8864244733538,-0.1350631400087875
2025-07-08,541899.3870337541,0.01112231070361025,1,151.32856913975306,-0.1254430435129602
2025-07-09,551653.5925378186,0.018000030517578036,1,153.67643192836218,-0.10970099160683322
2025-07-10,555785.5794983151,0.007490184087241669,1,154.8321473257882,-0.10303248814127963
2025-07-11,558562.7869834957,0.004996904539494196,1,155.49678312029158,-0.09855042710949391
2025-07-14,555683.9774976105,-0.005153958611228138,1,155.49678312029158,-0.10319646089828094
2025-07-15,578138.8982057258,0.04040951623121414,1,160.33749989100866,-0.06695706372873966
2025-07-16,580408.0956873833,0.003925003989006859,1,161.6682118007115,-0.06329486648196037
2025-07-17,585928.7122302466,0.009511611888054716,1,163.18928800310408,-0.054385290798388275
2025-07-18,583930.4706436524,-0.003410383456015076,1,163.18928800310408,-0.057610199558413955
2025-07-21,580441.9974739867,-0.0059741242237632,1,163.18928800310408,-0.06324015329345944
2025-07-22,565709.0872171854,-0.025382226511722283,1,163.18928800310408,-0.08701720390965106
2025-07-23,578409.8541007891,0.022451056860480767,1,163.18928800310408,-0.06651977524198605
2025-07-24,588435.0154999167,0.01733227974601692,1,164.24893515450614,-0.05034043484910544
2025-07-25,587622.1478147272,-0.001381406041071509,1,164.24893515450614,-0.051652300309366184
2025-07-28,598629.4791138503,0.018731988472622474,1,167.03035845075334,-0.033887862130723256
2025-07-29,594429.7402596996,-0.007015589777448761,1,167.03035845075334,-0.04066570856902818
2025-07-30,607164.4089299067,0.021423337036675427,1,169.2950041634696,-0.02011356671286213
2025-07-31,602422.7582856297,-0.007809500317440987,1,169.2950041634696,-0.027765990124674178
2025-08-01,588367.2636062627,-0.023331613034284993,1,169.2950041634696,-0.050449777821856556
2025-08-04,609636.8104129734,0.036150119359707134,1,169.2950041634696,-0.016123423952080218
2025-08-05,603743.6359743424,-0.009666697184244732,1,169.2950041634696,-0.02563426087940701
2025-08-06,607672.4189334296,0.006507369560503795,1,169.2950041634696,-0.019293702927856038
2025-08-07,612244.7156833481,0.0075242788835860885,1,169.2950041634696,-0.011914595245796189
2025-08-08,618781.3522332574,0.010676509543432244,1,171.10892486572266,-0.0013652919922116924
2025-08-11,616613.7567523045,-0.0035030071173440813,1,171.10892486572266,-0.004863516481989794
2025-08-12,620339.3357099827,0.006041997793400977,1,172.00286156790597,0.0
2025-08-13,615021.9231685286,-0.008571780371412818,1,172.00286156790597,-0.008571780371412818
2025-08-14,616478.3046445493,0.0023680155473442266,1,172.00286156790597,-0.006224062933256391
2025-08-15,611160.8921030952,-0.008625465813464461,1,172.00286156790597,-0.01479584330466921
2025-08-18,616444.4028579459,0.008645040648247893,1,172.00286156790597,-0.006278713323215279
2025-08-19,594870.0500491215,-0.03499805125782929,1,172.00286156790597,-0.04105702185032556
2025-08-20,581677.7055238897,-0.02217685110242551,0,,-0.06232335749246731
2025-08-21,581677.7055238897,0.0,0,,-0.06232335749246731
2025-08-22,581677.7055238897,0.0,0,,-0.06232335749246731
2025-08-25,581677.7055238897,0.0,0,,-0.06232335749246731
2025-08-26,581677.7055238897,0.0,0,,-0.06232335749246731
2025-08-27,581677.7055238897,0.0,0,,-0.06232335749246731
2025-08-28,581677.7055238897,0.0,0,,-0.06232335749246731
2025-08-29,581677.7055238897,0.0,0,,-0.06232335749246731
2025-09-02,581677.7055238897,0.0,0,,-0.06232335749246731
2025-09-03,581677.7055238897,0.0,0,,-0.06232335749246731
2025-09-04,581677.7055238897,0.0,0,,-0.06232335749246731
2025-09-05,581677.7055238897,0.0,0,,-0.06232335749246731
2025-09-08,581677.7055238897,0.0,0,,-0.06232335749246731
2025-09-09,581677.7055238897,0.0,0,,-0.06232335749246731
2025-09-10,581677.7055238897,0.0,0,,-0.06232335749246731
2025-09-11,581677.7055238897,0.0,0,,-0.06232335749246731
2025-09-12,581677.7055238897,0.0,0,,-0.06232335749246731
2025-09-15,581677.7055238897,0.0,0,,-0.06232335749246731
2025-09-16,581677.7055238897,0.0,0,,-0.06232335749246731
2025-09-17,581677.7055238897,0.0,0,,-0.06232335749246731
2025-09-18,581677.7055238897,0.0,0,,-0.06232335749246731
2025-09-19,583780.395128998,0.003614870546249316,1,164.69142368861608,-0.05893377781556075
2025-09-22,606712.6270270594,0.03928229191902566,1,171.1171395438058,-0.021966539760576942
2025-09-23,589596.041810802,-0.028212014146021813,1,171.1171395438058,-0.04955883357613422
2025-09-24,593132.8799818184,0.005998748160102707,0,,-0.04385737637776321
2025-09-25,593132.8799818184,0.0,0,,-0.04385737637776321
2025-09-26,593132.8799818184,0.0,0,,-0.04385737637776321
2025-09-29,593132.8799818184,0.0,0,,-0.04385737637776321
2025-09-30,606881.4875235826,0.023179641536961615,1,173.16749354771204,-0.021694333103989605
2025-10-01,609028.2556675483,0.003537376222704891,1,173.7489253452846,-0.018233697899374346
2025-10-02,614395.1263957948,0.008812186755381202,1,175.10249274117606,-0.009582189895123605
2025-10-03,610264.2330821035,-0.006723512502327611,1,175.10249274117606,-0.016241276423891615
2025-10-06,603498.6923333943,-0.011086248188821868,1,175.10249274117606,-0.027147469791374945
2025-10-07,601872.3618543296,-0.002694836790410604,1,175.10249274117606,-0.02976914858142521
2025-10-08,615110.7157771166,0.02199528465138445,1,175.69749777657645,-0.00842864482691863
2025-10-09,626364.944530178,0.018296265150970603,1,178.5700056893485,0.0
2025-10-10,595757.3930025802,-0.04886536482426529,1,178.5700056893485,-0.04886536482426529
2025-10-13,612541.1354581281,0.028172109406748413,1,178.5700056893485,-0.022069895821546726
2025-10-14,585576.5483215016,-0.04402085929536681,1,178.5700056893485,-0.06511921933828979
2025-10-15,579956.4442699898,-0.00959755657500494,0,,-0.07409179052157533
2025-10-16,579956.4442699898,0.0,0,,-0.07409179052157533
2025-10-17,579956.4442699898,0.0,0,,-0.07409179052157533
2025-10-20,579956.4442699898,0.0,0,,-0.07409179052157533
2025-10-21,579956.4442699898,0.0,0,,-0.07409179052157533
2025-10-22,576338.4701976287,-0.0062383548076876405,1,166.86678641183036,-0.07986793445165263
2025-10-23,582348.6718032472,0.010428249919804067,1,167.68500137329102,-0.07027256731288878
2025-10-24,595455.9630572636,0.022507634839158408,1,171.60284859793526,-0.04934660175801897
2025-10-27,612175.8241144366,0.028079089125798262,1,176.71142959594727,-0.022653120261039272
2025-10-28,642674.2996716532,0.049819797443545255,1,184.98357009887695,0.0
2025-10-29,661887.6958521493,0.029896008274039154,1,190.10606438773019,0.0
2025-10-30,648620.549469719,-0.020044407027916544,1,190.10606438773019,-0.020044407027916544
2025-10-31,647341.8060042809,-0.0019714815796130214,1,190.10606438773019,-0.02197637142829978
2025-11-03,661376.2277345359,0.02168007936469074,1,191.51036616734095,-0.0007727415403225857
2025-11-04,635193.5479588747,-0.03958817792007252,1,191.51036616734095,-0.0403303280308106
2025-11-05,624068.3237105679,-0.017514699706973613,1,191.51036616734095,-0.05713865415324082
2025-11-06,611322.5539323305,-0.02042367685392843,0,,-0.07639534959887506
2025-11-07,611322.5539323305,0.0,0,,-0.07639534959887506
2025-11-10,622733.3483152973,0.018665750690150196,1,178.72321701049805,-0.05915557545822425
2025-11-11,604306.3250284045,-0.02959055161690649,1,178.72321701049805,-0.08699568096610633
2025-11-12,606308.5805256419,0.003313312163567561,1,178.72321701049805,-0.08397061265046157
2025-11-13,584596.5941333107,-0.03581012555274721,1,178.72321701049805,-0.11677374002145469
2025-11-14,594952.0115207827,0.01771378330184148,1,178.72321701049805,-0.10112846144569887
2025-11-17,583783.1942473361,-0.018772635535591387,1,178.72321701049805,-0.11800264923229509
2025-11-18,567389.6945441479,-0.028081486183109683,1,178.72321701049805,-0.14277044565141772
2025-11-19,583532.9063429894,0.028451718376399482,1,178.72321701049805,-0.11838079178716532
2025-11-20,565137.1511425637,-0.03152479491810023,1,178.72321701049805,-0.14617365652193282
2025-11-21,566163.7651265615,0.001816574935698867,0,,-0.14462261698693113
2025-11-24,566163.7651265615,0.0,0,,-0.14462261698693113
2025-11-25,566163.7651265615,0.0,0,,-0.14462261698693113
2025-11-26,566163.7651265615,0.0,0,,-0.14462261698693113
2025-11-28,566163.7651265615,0.0,0,,-0.14462261698693113
2025-12-01,566163.7651265615,0.0,0,,-0.14462261698693113
2025-12-02,566163.7651265615,0.0,0,,-0.14462261698693113
2025-12-03,566163.7651265615,0.0,0,,-0.14462261698693113
2025-12-04,566163.7651265615,0.0,0,,-0.14462261698693113
2025-12-05,566163.7651265615,0.0,0,,-0.14462261698693113
2025-12-08,566163.7651265615,0.0,0,,-0.14462261698693113
2025-12-09,566163.7651265615,0.0,0,,-0.14462261698693113
2025-12-10,566163.7651265615,0.0,0,,-0.14462261698693113
2025-12-11,566163.7651265615,0.0,0,,-0.14462261698693113
2025-12-12,566163.7651265615,0.0,0,,-0.14462261698693113
2025-12-15,566163.7651265615,0.0,0,,-0.14462261698693113
2025-12-16,566163.7651265615,0.0,0,,-0.14462261698693113
2025-12-17,566163.7651265615,0.0,0,,-0.14462261698693113
2025-12-18,566163.7651265615,0.0,0,,-0.14462261698693113
2025-12-19,566163.7651265615,0.0,0,,-0.14462261698693113
2025-12-22,564608.8524548663,-0.002746400895768497,1,171.38464191981726,-0.1469718261978583
2025-12-23,581575.7163908298,0.030050651636426062,1,176.35285840715682,-0.1213377737108734
2025-12-24,579731.4747169807,-0.003171111898024437,1,176.35285840715682,-0.12412410995100354
2025-12-26,585632.982411878,0.010179726222003582,1,177.91749245779855,-0.1152079331858511
2025-12-29,578532.731699283,-0.012124062212741538,1,177.91749245779855,-0.1259352072492459
2025-12-30,576442.5880088531,-0.003612835671873982,1,177.91749245779855,-0.129093059712025
2025-12-31,573245.9555953308,-0.005545448029029454,1,177.91749245779855,-0.13392262888751305
2026-01-02,580469.1807667231,0.012600568919654664,1,177.91749245779855,-0.12300956128305673
2026-01-05,578225.3424533035,-0.0038655597709008616,1,177.91749245779855,-0.12639962024242557
2026-01-06,575520.5140729427,-0.004677810157688311,1,177.91749245779855,-0.1304861569726159
2026-01-07,581268.3271448503,0.009987155855193608,1,177.91749245779855,-0.12180218670405307
2026-01-08,568758.3258695056,-0.021521904241355916,1,177.91749245779855,-0.14070267594677666
2026-01-09,568205.0815079593,-0.0009727230993947789,1,177.91749245779855,-0.14153853430313135
2026-01-12,568450.9835245401,0.00043276983009055137,1,177.91749245779855,-0.14116701808048238
2026-01-13,571125.0917407086,0.0047042019341549945,1,177.91749245779855,-0.13712689430582048
2026-01-14,562918.3054040071,-0.01436950758316069,1,177.91749245779855,-0.1495259559413984
2026-01-15,574936.50264619,0.021349807115541353,1,177.91749245779855,-0.13136849914397297
2026-01-16,572416.0421519973,-0.004383893669287042,1,177.91749245779855,-0.135176487281519
2026-01-20,546045.5616977166,-0.046068730630156596,0,,-0.17501780873157247
2026-01-21,546045.5616977166,0.0,0,,-0.17501780873157247
2026-01-22,546045.5616977166,0.0,0,,-0.17501780873157247
2026-01-23,546045.5616977166,0.0,0,,-0.17501780873157247
2026-01-26,546045.5616977166,0.0,0,,-0.17501780873157247
2026-01-27,546045.5616977166,0.0,0,,-0.17501780873157247
2026-01-28,546045.5616977166,0.0,0,,-0.17501780873157247
2026-01-29,548561.656808274,0.004607848295176353,1,180.07607051304407,-0.17121641594798553
2026-01-30,544629.3446367849,-0.007168405087531471,1,180.07607051304407,-0.17715747240836655
2026-02-02,528899.9655100176,-0.028880888041861286,1,180.07607051304407,-0.20092189532382265
2026-02-03,529899.136144455,0.001889148609556024,0,,-0.19941231803344694
2026-02-04,529899.136144455,0.0,0,,-0.19941231803344694
2026-02-05,529899.136144455,0.0,0,,-0.19941231803344694
2026-02-06,529899.136144455,0.0,0,,-0.19941231803344694
2026-02-09,545702.8355076821,0.029823976461283985,1,173.26142065865653,-0.17553560985128247
2026-02-10,541395.561869606,-0.00789307542092732,1,173.26142065865653,-0.1820431694645952
2026-02-11,545731.5787074154,0.008008962657240382,1,173.46428516932897,-0.17549218375360243
2026-02-12,536801.1629451701,-0.01636411765541823,1,173.46428516932897,-0.18898452666647048
2026-02-13,524941.7888405941,-0.02209267587929442,1,173.46428516932897,-0.20690202865192064
2026-02-17,521115.14216316986,-0.00728965907986856,0,,-0.2126834424799835
2026-02-18,521115.14216316986,0.0,0,,-0.2126834424799835
2026-02-19,522671.21241473634,0.0029860392179492656,1,170.29463468279158,-0.2103324843622879
2026-02-20,528012.0095340771,0.010218272964884312,1,172.32714898245675,-0.20226344613599967
2026-02-23,532824.2447323566,0.009113874516842646,1,174.3928598676409,-0.19499297528658477
2026-02-24,536440.3926476112,0.00678675557841979,1,176.34821973528182,-0.18952958937094389
2026-02-25,543978.6287597399,0.014052327556699495,1,179.70999581473214,-0.17814059368577173
2026-02-26,514298.4740999265,-0.05456125128938172,1,179.70999581473214,-0.22298227127822434
2026-02-27,503417.02547583496,-0.021157847382563433,0,,-0.23942229379606583
2026-03-02,503417.02547583496,0.0,0,,-0.23942229379606583
2026-03-03,503417.02547583496,0.0,0,,-0.23942229379606583
2026-03-04,503417.02547583496,0.0,0,,-0.23942229379606583
2026-03-05,508683.7731480073,0.010461997520235133,1,167.81857354300362,-0.2314651317198141
2026-03-06,493368.35427980125,-0.03010793675101142,1,167.81857354300362,-0.25460413092494083
2026-03-09,506769.33520545927,0.027162222322143492,1,167.81857354300362,-0.23435752261111675
2026-03-10,505316.58717293345,-0.002866684962176791,0,,-0.23655237838745125
2026-03-11,505316.58717293345,0.0,0,,-0.23655237838745125
2026-03-12,505316.58717293345,0.0,0,,-0.23655237838745125
2026-03-13,505316.58717293345,0.0,0,,-0.23655237838745125
2026-03-16,505316.58717293345,0.0,0,,-0.23655237838745125
2026-03-17,496025.89639878116,-0.01838588126728713,1,168.94035938807897,-0.25058903571221225
2026-03-18,496779.1726979292,0.0015186229279902097,0,,-0.24945096303935765
2026-03-19,496779.1726979292,0.0,0,,-0.24945096303935765
2026-03-20,496779.1726979292,0.0,0,,-0.24945096303935765
2026-03-23,496779.1726979292,0.0,0,,-0.24945096303935765
2026-03-24,496779.1726979292,0.0,0,,-0.24945096303935765
2026-03-25,496779.1726979292,0.0,0,,-0.24945096303935765
2026-03-26,496779.1726979292,0.0,0,,-0.24945096303935765
2026-03-27,496779.1726979292,0.0,0,,-0.24945096303935765
2026-03-30,496779.1726979292,0.0,0,,-0.24945096303935765
2026-03-31,496779.1726979292,0.0,0,,-0.24945096303935765
2026-04-01,496779.1726979292,0.0,0,,-0.24945096303935765
2026-04-02,496779.1726979292,0.0,0,,-0.24945096303935765
2026-04-06,496779.1726979292,0.0,0,,-0.24945096303935765
2026-04-07,496779.1726979292,0.0,0,,-0.24945096303935765
2026-04-08,496779.1726979292,0.0,0,,-0.24945096303935765
2026-04-09,496779.1726979292,0.0,0,,-0.24945096303935765
2026-04-10,496779.1726979292,0.0,0,,-0.24945096303935765
2026-04-13,504780.9921827317,0.01610739725932131,1,176.6349983215332,-0.23736157153843163
2026-04-14,523979.2471619566,0.038032840531909695,1,182.94928250994002,-0.2083562658052467
2026-04-15,530272.0128109362,0.012009570384825752,1,185.55214309692383,-0.19884896465972834
2026-04-16,528885.5008800796,-0.0026147182905369437,1,185.65715135846818,-0.2009437489253152
2026-04-17,537764.6617674129,0.016788436953855124,1,189.14428438459123,-0.18752884343156406
2026-04-20,538777.9164515508,0.0018841972263623497,1,189.6760733468192,-0.18599798753185837
2026-04-21,532965.128537424,-0.01078883847432055,1,189.6760733468192,-0.19478012376214893
2026-04-22,539951.1501518318,0.013107839969903834,1,191.0392897469657,-0.18422543048383744
2026-04-23,532325.1717864281,-0.014123459804205152,1,191.0392897469657,-0.19574698982569172
2026-04-24,555336.4362915665,0.04322783464835034,1,195.06465312412806,-0.16098087368643876
2026-04-27,577574.4146367818,0.04004415502378422,1,202.5332200186593,-0.1273830617244185
2026-04-28,568401.9046379551,-0.01588108781548947,1,202.5332200186593,-0.1412411679504566
2026-04-29,557949.5218235595,-0.018389070707026,1,202.5332200186593,-0.15703294483329866
2026-04-30,539229.669261183,-0.03355115799937236,0,,-0.18531546568946233
2026-05-01,539229.669261183,0.0,0,,-0.18531546568946233
2026-05-04,539229.669261183,0.0,0,,-0.18531546568946233
2026-05-05,539229.669261183,0.0,0,,-0.18531546568946233
2026-05-06,539229.669261183,0.0,0,,-0.18531546568946233
2026-05-07,539229.669261183,0.0,0,,-0.18531546568946233
2026-05-08,539229.669261183,0.0,0,,-0.18531546568946233
2026-05-11,539229.669261183,0.0,0,,-0.18531546568946233
2026-05-12,539229.669261183,0.0,0,,-0.18531546568946233
2026-05-13,539229.669261183,0.0,0,,-0.18531546568946233
2026-05-14,539229.669261183,0.0,0,,-0.18531546568946233
2026-05-15,539229.669261183,0.0,0,,-0.18531546568946233
2026-05-18,539229.669261183,0.0,0,,-0.18531546568946233
2026-05-19,539229.669261183,0.0,0,,-0.18531546568946233
2026-05-20,539229.669261183,0.0,0,,-0.18531546568946233
2026-05-21,539229.669261183,0.0,0,,-0.18531546568946233
2026-05-22,539229.669261183,0.0,0,,-0.18531546568946233
2026-05-26,539229.669261183,0.0,0,,-0.18531546568946233
2026-05-27,539229.669261183,0.0,0,,-0.18531546568946233
2026-05-28,539229.669261183,0.0,0,,-0.18531546568946233
2026-05-29,529790.4158170245,-0.017505070626198105,1,195.1371465410505,-0.19957657600063972
2026-06-01,562961.9132313665,0.06261249056985307,1,203.89036233084542,-0.14946007191359012
2026-06-02,559097.7771805272,-0.006863938678656645,1,203.89036233084542,-0.15529812582372438
2026-06-03,538848.593945217,-0.03621760640406191,1,203.89036233084542,-0.18589120583141416
2026-06-04,548659.536788748,0.0182072347478901,1,203.89036233084542,-0.17106853590566506
2026-06-05,514634.9238977174,-0.062014073591381336,1,203.89036233084542,-0.2224739527222226
2026-06-08,526590.5040208037,0.023231186940322113,0,,-0.20441109976694272
2026-06-09,526590.5040208037,0.0,0,,-0.20441109976694272
2026-06-10,526590.5040208037,0.0,0,,-0.20441109976694272
2026-06-11,526590.5040208037,0.0,0,,-0.20441109976694272
2026-06-12,526590.5040208037,0.0,0,,-0.20441109976694272
2026-06-15,526590.5040208037,0.0,0,,-0.20441109976694272
2026-06-16,526590.5040208037,0.0,0,,-0.20441109976694272
2026-06-17,526590.5040208037,0.0,0,,-0.20441109976694272
2026-06-18,526590.5040208037,0.0,0,,-0.20441109976694272
2026-06-22,526590.5040208037,0.0,0,,-0.20441109976694272
2026-06-23,526590.5040208037,0.0,0,,-0.20441109976694272
2026-06-24,526590.5040208037,0.0,0,,-0.20441109976694272
2026-06-25,526590.5040208037,0.0,0,,-0.20441109976694272
2026-06-26,526590.5040208037,0.0,0,,-0.20441109976694272
2026-06-29,526590.5040208037,0.0,0,,-0.20441109976694272
2026-06-30,526590.5040208037,0.0,0,,-0.20441109976694272
2026-07-01,526590.5040208037,0.0,0,,-0.20441109976694272
2026-07-02,526590.5040208037,0.0,0,,-0.20441109976694272
2026-07-06,526590.5040208037,0.0,0,,-0.20441109976694272
2026-07-07,526590.5040208037,0.0,0,,-0.20441109976694272
2026-07-08,526590.5040208037,0.0,0,,-0.20441109976694272
2026-07-09,526590.5040208037,0.0,0,,-0.20441109976694272
2026-07-10,526590.5040208037,0.0,0,,-0.20441109976694272
2026-07-13,513169.8639394215,-0.02548591358732899,1,191.5346396309989,-0.22468740972932055
2026-07-14,524157.1355564216,0.021410594013948403,0,,-0.2080875066251323
2026-07-15,524705.4299549581,0.0010460496697322075,1,194.64821406773157,-0.20725912682298075
2026-07-16,512112.48456522607,-0.024000028722426348,1,194.64821406773157,-0.2262849305486706
2026-07-17,499608.55785321986,-0.024416367670906935,0,,-0.24517624215691558
2026-07-20,499608.55785321986,0.0,0,,-0.24517624215691558
2026-07-21,499608.55785321986,0.0,0,,-0.24517624215691558
2026-07-22,499608.55785321986,0.0,0,,-0.24517624215691558
2026-07-23,497193.0839056556,-0.004834732931604191,1,190.8082215445382,-0.24882561343651677
2026-07-24,492620.3217106467,-0.009197155678610791,1,190.8082215445382,-0.2557342812115261
2026-07-27,468017.8806190659,-0.04994199387907439,1,190.8082215445382,-0.29290439518366496
2026-07-28,469208.7052430083,0.002544399847217882,1,190.8082215445382,-0.29110526123480174
2026-07-29,453756.59994580154,-0.03293226473537825,0,,-0.31445077044133407
2026-07-30,453756.59994580154,0.0,0,,-0.31445077044133407
2026-07-31,453756.59994580154,0.0,0,,-0.31445077044133407
2026-08-03,473589.0871462127,0.04370732503456698,1,187.0274990626744,-0.2844872474378164
2026-08-04,485735.9300351402,0.025648485614655492,1,192.56857463291712,-0.26613542889662267
2026-08-05,502420.6376740111,0.0343493379986608,1,199.20035825456893,-0.24092766669855048
2026-08-06,501893.52062516054,-0.0010491548501886383,1,199.47036034720284,-0.24172405111867767
2026-08-07,513284.04689393996,0.022695105237842794,1,204.38500758579798,-0.22451489865949104
2026-08-10,498593.2426357672,-0.028621197847608748,1,204.38500758579798,-0.24671021117283065
2026-08-11,498478.6428501185,-0.0002298462470988749,1,204.38500758579798,-0.24688335200377054
2026-08-12,513581.9643714931,0.030298833737428144,1,204.50428063528878,-0.2240647959012435
2026-08-13,516355.1253120358,0.005399646274448999,1,206.3535761151995,-0.21987502026721795
2026-08-14,516034.26689478615,-0.0006213909798140627,1,208.05643245152064,-0.2203597828927515
2026-08-17,515690.46753783996,-0.0006662335798259811,1,208.42427934919084,-0.22087920538557115
2026-08-18,503612.41249705746,-0.023421133026656604,1,208.42427934919084,-0.23912709716007008
2026-08-19,498616.1486045191,-0.009920851370134876,1,208.42427934919084,-0.2466756041407081
2026-08-20,496988.950549519,-0.003263428309640881,1,208.42427934919084,-0.24913402430049847
2026-08-21,492107.28644262935,-0.009822480160760039,1,208.42427934919084,-0.2565093904501966
2026-08-24,476961.88197304885,-0.03077663120793106,0,,-0.27939152674687073
2026-08-25,476961.88197304885,0.0,0,,-0.27939152674687073
2026-08-26,476961.88197304885,0.0,0,,-0.27939152674687073
2026-08-27,476961.88197304885,0.0,0,,-0.27939152674687073
2026-08-28,476961.88197304885,0.0,0,,-0.27939152674687073
2026-08-31,476961.88197304885,0.0,0,,-0.27939152674687073
2026-09-01,476961.88197304885,0.0,0,,-0.27939152674687073
2026-09-02,476961.88197304885,0.0,0,,-0.27939152674687073
2026-09-03,476961.88197304885,0.0,0,,-0.27939152674687073
2026-09-04,476961.88197304885,0.0,0,,-0.27939152674687073
2026-09-08,476961.88197304885,0.0,0,,-0.27939152674687073
2026-09-09,476961.88197304885,0.0,0,,-0.27939152674687073
2026-09-10,476961.88197304885,0.0,0,,-0.27939152674687073
2026-09-11,476961.88197304885,0.0,0,,-0.27939152674687073
2026-09-14,476961.88197304885,0.0,0,,-0.27939152674687073
2026-09-15,476961.88197304885,0.0,0,,-0.27939152674687073
2026-09-16,476961.88197304885,0.0,0,,-0.27939152674687073
2026-09-17,476961.88197304885,0.0,0,,-0.27939152674687073
2026-09-18,482587.3412086246,0.011794358099026514,1,207.42715345110213,-0.27089241236413064
2026-09-21,493682.05286886793,0.022990059441793553,1,212.20679582868303,-0.2541301855849193
2026-09-22,496917.0841902892,0.006552863938686704,1,214.08964266095842,-0.24924260217508376
2026-09-23,489621.93086397136,-0.014680826154739757,1,214.08964266095842,-0.2602643410169362
2026-09-24,486047.5288116953,-0.0073003307796462025,0,,-0.26566465601701217
