timestamp,equity,daily_return,position,stop_price,drawdown
2020-09-30,100000.0,0.0,0,,0.0
2020-10-01,100000.0,0.0,0,,0.0
2020-10-02,100000.0,0.0,0,,0.0
2020-10-05,100000.0,0.0,0,,0.0
2020-10-06,100000.0,0.0,0,,0.0
2020-10-07,100000.0,0.0,0,,0.0
2020-10-08,100000.0,0.0,0,,0.0
2020-10-09,100000.0,0.0,0,,0.0
2020-10-12,100000.0,0.0,0,,0.0
2020-10-13,100000.0,0.0,0,,0.0
2020-10-14,100000.0,0.0,0,,0.0
2020-10-15,100000.0,0.0,0,,0.0
2020-10-16,100000.0,0.0,0,,0.0
2020-10-19,100000.0,0.0,0,,0.0
2020-10-20,100000.0,0.0,0,,0.0
2020-10-21,100000.0,0.0,0,,0.0
2020-10-22,100000.0,0.0,0,,0.0
2020-10-23,100000.0,0.0,0,,0.0
2020-10-26,100000.0,0.0,0,,0.0
2020-10-27,100000.0,0.0,0,,0.0
2020-10-28,100000.0,0.0,0,,0.0
2020-10-29,100000.0,0.0,0,,0.0
2020-10-30,100000.0,0.0,0,,0.0
2020-11-02,100000.0,0.0,0,,0.0
2020-11-03,100000.0,0.0,0,,0.0
2020-11-04,100000.0,0.0,0,,0.0
2020-11-05,100000.0,0.0,0,,0.0
2020-11-06,100000.0,0.0,0,,0.0
2020-11-09,100000.0,0.0,0,,0.0
2020-11-10,100000.0,0.0,0,,0.0
2020-11-11,100000.0,0.0,0,,0.0
2020-11-12,100000.0,0.0,0,,0.0
2020-11-13,100000.0,0.0,0,,0.0
2020-11-16,100000.0,0.0,0,,0.0
2020-11-17,100000.0,0.0,0,,0.0
2020-11-18,100000.0,0.0,0,,0.0
2020-11-19,100000.0,0.0,0,,0.0
2020-11-20,100000.0,0.0,0,,0.0
2020-11-23,100000.0,0.0,0,,0.0
2020-11-24,100000.0,0.0,0,,0.0
2020-11-25,100000.0,0.0,0,,0.0
2020-11-27,100000.0,0.0,0,,0.0
2020-11-30,100000.0,0.0,0,,0.0
2020-12-01,100000.0,0.0,0,,0.0
2020-12-02,100000.0,0.0,0,,0.0
2020-12-03,100000.0,0.0,0,,0.0
2020-12-04,100000.0,0.0,0,,0.0
2020-12-07,100000.0,0.0,0,,0.0
2020-12-08,100000.0,0.0,0,,0.0
2020-12-09,100000.0,0.0,0,,0.0
2020-12-10,100000.0,0.0,0,,0.0
2020-12-11,100000.0,0.0,0,,0.0
2020-12-14,100000.0,0.0,0,,0.0
2020-12-15,100000.0,0.0,0,,0.0
2020-12-16,100000.0,0.0,0,,0.0
2020-12-17,100000.0,0.0,0,,0.0
2020-12-18,100000.0,0.0,0,,0.0
2020-12-21,100000.0,0.0,0,,0.0
2020-12-22,100000.0,0.0,0,,0.0
2020-12-23,100000.0,0.0,0,,0.0
2020-12-24,100000.0,0.0,0,,0.0
2020-12-28,100000.0,0.0,0,,0.0
2020-12-29,100000.0,0.0,0,,0.0
2020-12-30,100000.0,0.0,0,,0.0
2020-12-31,100000.0,0.0,0,,0.0
2021-01-04,97595.14216076613,-0.02404857839233865,1,19.17392819268363,-0.02404857839233865
2021-01-05,96656.48099337956,-0.009617908705336298,0,,-0.03343519006620432
2021-01-06,94190.95121451493,-0.02550816824206026,1,19.376786504473003,-0.0580904878548506
2021-01-07,95967.41305828883,0.018860217684054437,0,,-0.04032586941711169
2021-01-08,95967.41305828883,0.0,0,,-0.04032586941711169
2021-01-11,95967.41305828883,0.0,0,,-0.04032586941711169
2021-01-12,95967.41305828883,0.0,0,,-0.04032586941711169
2021-01-13,95967.41305828883,0.0,0,,-0.04032586941711169
2021-01-14,95967.41305828883,0.0,0,,-0.04032586941711169
2021-01-15,95967.41305828883,0.0,0,,-0.04032586941711169
2021-01-19,95967.41305828883,0.0,0,,-0.04032586941711169
2021-01-20,95967.41305828883,0.0,0,,-0.04032586941711169
2021-01-21,94227.82329624989,-0.01812687980848615,1,22.00749955858503,-0.05772176703750109
2021-01-22,93615.69003482502,-0.006496311174464253,0,,-0.06384309965174984
2021-01-25,98276.74324896451,0.049789230976192034,1,29.429998193468364,-0.017232567510354846
2021-01-26,95943.92347956475,-0.02373725148268324,1,29.429998193468364,-0.04056076520435248
2021-01-27,105790.58888039483,0.10262938020173151,1,30.026784692491802,0.0
2021-01-28,96730.573931603,-0.0856410295535357,1,30.026784692491802,-0.0856410295535357
2021-01-29,95428.53715633374,-0.013460447119748364,1,30.026784692491802,-0.09794871012369788
2021-02-01,92119.18721856491,-0.03467882916770859,1,30.026784692491802,-0.12923079270582938
2021-02-02,84144.20808966503,-0.08657240005796174,1,30.026784692491802,-0.20461537287785458
2021-02-03,86151.51607833036,0.0238555693165039,1,30.026784692491802,-0.18564101977226066
2021-02-04,86938.16135653436,0.009130951073324844,1,30.026784692491802,-0.17820514776767837
2021-02-05,92363.31976065718,0.062402497585314576,1,30.026784692491802,-0.12692309648562705
2021-02-08,97788.47816477998,0.05873715256425527,1,30.026784692491802,-0.07564104520357584
2021-02-09,103539.143175803,0.05880718382111194,1,30.026784692491802,-0.02128209823217153
2021-02-10,96839.07958312587,-0.06471044077794652,1,30.026784692491802,-0.08461536505283462
2021-02-11,89813.4990358801,-0.07254902233157923,1,30.026784692491802,-0.15102562537560105
2021-02-12,86558.40192387272,-0.03624284931496746,1,30.026784692491802,-0.18179487570738184
2021-02-16,81309.48144427221,-0.06064021935405972,0,,-0.23141101392110197
2021-02-17,81309.48144427221,0.0,0,,-0.23141101392110197
2021-02-18,81309.48144427221,0.0,0,,-0.23141101392110197
2021-02-19,81309.48144427221,0.0,0,,-0.23141101392110197
2021-02-22,75876.3573601781,-0.06682030173587894,1,21.87874821254185,-0.2827683618817671
2021-02-23,70242.69794114066,-0.0742478897912161,0,,-0.33602129750354304
2021-02-24,70242.69794114066,0.0,0,,-0.33602129750354304
2021-02-25,70242.69794114066,0.0,0,,-0.33602129750354304
2021-02-26,70242.69794114066,0.0,0,,-0.33602129750354304
2021-03-01,70242.69794114066,0.0,0,,-0.33602129750354304
2021-03-02,70242.69794114066,0.0,0,,-0.33602129750354304
2021-03-03,70242.69794114066,0.0,0,,-0.33602129750354304
2021-03-04,70242.69794114066,0.0,0,,-0.33602129750354304
2021-03-05,70242.69794114066,0.0,0,,-0.33602129750354304
2021-03-08,70242.69794114066,0.0,0,,-0.33602129750354304
2021-03-09,70242.69794114066,0.0,0,,-0.33602129750354304
2021-03-10,70242.69794114066,0.0,0,,-0.33602129750354304
2021-03-11,70242.69794114066,0.0,0,,-0.33602129750354304
2021-03-12,70242.69794114066,0.0,0,,-0.33602129750354304
2021-03-15,70242.69794114066,0.0,0,,-0.33602129750354304
2021-03-16,70242.69794114066,0.0,0,,-0.33602129750354304
2021-03-17,70242.69794114066,0.0,0,,-0.33602129750354304
2021-03-18,70242.69794114066,0.0,0,,-0.33602129750354304
2021-03-19,70242.69794114066,0.0,0,,-0.33602129750354304
2021-03-22,70242.69794114066,0.0,0,,-0.33602129750354304
2021-03-23,70242.69794114066,0.0,0,,-0.33602129750354304
2021-03-24,70242.69794114066,0.0,0,,-0.33602129750354304
2021-03-25,70242.69794114066,0.0,0,,-0.33602129750354304
2021-03-26,70242.69794114066,0.0,0,,-0.33602129750354304
2021-03-29,70242.69794114066,0.0,0,,-0.33602129750354304
2021-03-30,70242.69794114066,0.0,0,,-0.33602129750354304
2021-03-31,70242.69794114066,0.0,0,,-0.33602129750354304
2021-04-01,70242.69794114066,0.0,0,,-0.33602129750354304
2021-04-05,70242.69794114066,0.0,0,,-0.33602129750354304
2021-04-06,70242.69794114066,0.0,0,,-0.33602129750354304
2021-04-07,69832.54492420754,-0.005839084046526888,1,19.700892652784074,-0.3398983249525238
2021-04-08,70641.26418444728,0.011580836143340933,0,,-0.3322537956158541
2021-04-09,70641.26418444728,0.0,0,,-0.3322537956158541
2021-04-12,70641.26418444728,0.0,0,,-0.3322537956158541
2021-04-13,70641.26418444728,0.0,0,,-0.3322537956158541
2021-04-14,70641.26418444728,0.0,0,,-0.3322537956158541
2021-04-15,70641.26418444728,0.0,0,,-0.3322537956158541
2021-04-16,70641.26418444728,0.0,0,,-0.3322537956158541
2021-04-19,70641.26418444728,0.0,0,,-0.3322537956158541
2021-04-20,70641.26418444728,0.0,0,,-0.3322537956158541
2021-04-21,70641.26418444728,0.0,0,,-0.3322537956158541
2021-04-22,70641.26418444728,0.0,0,,-0.3322537956158541
2021-04-23,72137.84076503843,0.021185586043357407,1,20.219107423509872,-0.31810720094774847
2021-04-26,74294.89091033836,0.029901784173520074,1,20.906608240944998,-0.2977173896410106
2021-04-27,73586.14216817541,-0.009539670002588596,1,20.906608240944998,-0.3044169339923919
2021-04-28,73493.70102429806,-0.0012562303329625157,1,20.906608240944998,-0.3052907465390057
2021-04-29,72014.58394737235,-0.020125766648174337,1,20.906608240944998,-0.3192723028624891
2021-04-30,70997.69022229982,-0.014120663750771145,1,20.906608240944998,-0.32888462977960464
2021-05-03,70798.88533613227,-0.0028001599142883915,0,,-0.33076386013715864
2021-05-04,70798.88533613227,0.0,0,,-0.33076386013715864
2021-05-05,70798.88533613227,0.0,0,,-0.33076386013715864
2021-05-06,70798.88533613227,0.0,0,,-0.33076386013715864
2021-05-07,70798.88533613227,0.0,0,,-0.33076386013715864
2021-05-10,70798.88533613227,0.0,0,,-0.33076386013715864
2021-05-11,70798.88533613227,0.0,0,,-0.33076386013715864
2021-05-12,70798.88533613227,0.0,0,,-0.33076386013715864
2021-05-13,70798.88533613227,0.0,0,,-0.33076386013715864
2021-05-14,70798.88533613227,0.0,0,,-0.33076386013715864
2021-05-17,70798.88533613227,0.0,0,,-0.33076386013715864
2021-05-18,70798.88533613227,0.0,0,,-0.33076386013715864
2021-05-19,70798.88533613227,0.0,0,,-0.33076386013715864
2021-05-20,70798.88533613227,0.0,0,,-0.33076386013715864
2021-05-21,70798.88533613227,0.0,0,,-0.33076386013715864
2021-05-24,70798.88533613227,0.0,0,,-0.33076386013715864
2021-05-25,70798.88533613227,0.0,0,,-0.33076386013715864
2021-05-26,70798.88533613227,0.0,0,,-0.33076386013715864
2021-05-27,70798.88533613227,0.0,0,,-0.33076386013715864
2021-05-28,70798.88533613227,0.0,0,,-0.33076386013715864
2021-06-01,70798.88533613227,0.0,0,,-0.33076386013715864
2021-06-02,75084.27914432804,0.060529114093392566,1,21.44553600038801,-0.29025558947197905
2021-06-03,72566.11033961915,-0.03353789679286179,1,21.44553600038801,-0.31405892426157833
2021-06-04,73794.48765209652,0.01692769953809581,1,21.44553600038801,-0.3024475198306401
2021-06-07,75114.98330553656,0.017894231607996414,1,21.68232011795044,-0.2899653541917573
2021-06-08,74869.30901450852,-0.003270642955863323,1,21.68232011795044,-0.29228762400448893
2021-06-09,74224.41619706132,-0.008613580463554538,1,21.68232011795044,-0.29838356150017964
2021-06-10,74132.28614142437,-0.00124123651430752,1,21.68232011795044,-0.299254433442684
2021-06-11,75759.88198032089,0.021955289977048764,1,21.960178783961705,-0.2838693613287868
2021-06-14,76773.28916297872,0.0133765675997366,1,22.31964315686907,-0.2742899914303588
2021-06-15,74961.43907014545,-0.023600006103515536,1,22.31964315686907,-0.2914167520619847
2021-06-16,76159.10050674004,0.015977033678260533,1,22.31964315686907,-0.28009569364582787
2021-06-17,78155.21071084718,0.026209739753038308,1,22.689287321908132,-0.2612271891291934
2021-06-18,77909.53641981914,-0.0031434153755527383,1,22.811072962624685,-0.26354945894192505
2021-06-21,78063.08065521024,0.0019708015532748924,1,22.85214376449585,-0.26209806107169775
2021-06-22,78001.66061811896,-0.0007868000670196995,1,23.092857428959437,-0.26267864236670047
2021-06-23,80673.37365821894,0.034252002059035336,1,23.98071547916957,-0.237423909706874
2021-06-24,81471.81656839438,0.00989722970503415,1,24.32107298714774,-0.2298765189736761
2021-06-25,82239.54946002417,0.009423294139824234,1,24.607680116380966,-0.22261941888797976
2021-06-28,84082.10371406596,0.0224047221335697,1,25.31125000544957,-0.205202422976132
2021-06-29,81778.9050391766,-0.027392257961595834,1,25.31125000544957,-0.22697372323322118
2021-06-30,80949.75796779264,-0.010138886929175195,1,25.31125000544957,-0.23481134924664082
2021-07-01,77612.52295484838,-0.041226003594378224,0,,-0.2663570193129763
2021-07-02,77612.52295484838,0.0,0,,-0.2663570193129763
2021-07-06,77612.52295484838,0.0,0,,-0.2663570193129763
2021-07-07,77612.52295484838,0.0,0,,-0.2663570193129763
2021-07-08,77612.52295484838,0.0,0,,-0.2663570193129763
2021-07-09,77612.52295484838,0.0,0,,-0.2663570193129763
2021-07-12,77612.52295484838,0.0,0,,-0.2663570193129763
2021-07-13,77612.52295484838,0.0,0,,-0.2663570193129763
2021-07-14,77612.52295484838,0.0,0,,-0.2663570193129763
2021-07-15,77612.52295484838,0.0,0,,-0.2663570193129763
2021-07-16,77612.52295484838,0.0,0,,-0.2663570193129763
2021-07-19,77612.52295484838,0.0,0,,-0.2663570193129763
2021-07-20,77612.52295484838,0.0,0,,-0.2663570193129763
2021-07-21,77612.52295484838,0.0,0,,-0.2663570193129763
2021-07-22,77612.52295484838,0.0,0,,-0.2663570193129763
2021-07-23,77612.52295484838,0.0,0,,-0.2663570193129763
2021-07-26,77612.52295484838,0.0,0,,-0.2663570193129763
2021-07-27,77612.52295484838,0.0,0,,-0.2663570193129763
2021-07-28,77612.52295484838,0.0,0,,-0.2663570193129763
2021-07-29,77612.52295484838,0.0,0,,-0.2663570193129763
2021-07-30,77612.52295484838,0.0,0,,-0.2663570193129763
2021-08-02,77612.52295484838,0.0,0,,-0.2663570193129763
2021-08-03,77612.52295484838,0.0,0,,-0.2663570193129763
2021-08-04,77612.52295484838,0.0,0,,-0.2663570193129763
2021-08-05,77612.52295484838,0.0,0,,-0.2663570193129763
2021-08-06,77612.52295484838,0.0,0,,-0.2663570193129763
2021-08-09,77612.52295484838,0.0,0,,-0.2663570193129763
2021-08-10,77612.52295484838,0.0,0,,-0.2663570193129763
2021-08-11,75077.6713384169,-0.03266034294370446,1,21.043034417288645,-0.2903180506604559
2021-08-12,83609.98487224808,0.11364648612196948,1,22.300534180232457,-0.20966519085382718
2021-08-13,83643.57743978655,0.000401776983811164,1,22.315891333988734,-0.20934765251800747
2021-08-16,82299.90677388327,-0.01606424195414835,1,22.315891333988734,-0.2220488831295736
2021-08-17,80519.53913710697,-0.02163268108757166,1,22.315891333988734,-0.23887805154255182
2021-08-18,84920.06937774002,0.054651706750828755,1,22.418213776179723,-0.1972814380138359
2021-08-19,81157.7851060837,-0.044303829462514766,1,22.418213776179723,-0.2328449442904661
2021-08-20,80653.90940726086,-0.00620859352142511,1,22.418213776179723,-0.23760789819927275
2021-08-23,83374.8433066059,0.033735920792205,1,22.418213776179723,-0.21188789864032076
2021-08-24,84315.41597630175,0.011281252622412197,1,22.418213776179723,-0.20299700693010203
2021-08-25,81796.03107506043,-0.02988047763352597,1,22.418213776179723,-0.22681183703838037
2021-08-26,83542.80614429826,0.021355254604406237,1,22.418213776179723,-0.21030020696122187
2021-08-27,86364.51133913158,0.033775561596046666,1,22.56357036318098,-0.18362765295905548
2021-08-30,86532.47417682395,0.001944813154014291,1,22.57071440560477,-0.18203996127995659
2021-08-31,88480.79824416549,0.022515524788534913,1,23.222142832619802,-0.16362316175212444
2021-09-01,88010.51511288113,-0.005315086895877674,1,23.605357783181326,-0.16806857732511138
2021-09-02,89051.85907806527,0.01183204034027674,1,23.91714300428118,-0.15822513117167825
2021-09-03,89488.54964181117,0.004903778183486196,1,24.154284749712264,-0.154097253934511
2021-09-07,89690.10504704202,0.0022523038538180273,1,24.257143565586635,-0.1521920239195924
2021-09-08,85927.8207753857,-0.041947595776401614,1,24.257143565586635,-0.1877555301962225
2021-09-09,87775.36714011182,0.021501143029748038,1,24.257143565586635,-0.1702913456758497
2021-09-10,88279.24924606178,0.005740586708633533,1,24.257143565586635,-0.1655283312027982
2021-09-13,86767.61574246614,-0.017123316255015397,1,24.257143565586635,-0.17981725349346311
2021-09-14,88212.06411098484,0.01664732119418777,1,24.257143565586635,-0.16616340787443762
2021-09-15,90966.59057786834,0.03122618764954721,1,24.778214318411692,-0.14012586997966592
2021-09-16,96173.31681091624,0.0572377858725055,1,26.201427664075577,-0.09090857864825508
2021-09-17,96442.05094409689,0.002794269160010465,1,26.281427247183665,-0.0883683325259419
2021-09-20,88151.61525752326,-0.08596287206064523,0,,-0.16673480892344705
2021-09-21,88151.61525752326,0.0,0,,-0.16673480892344705
2021-09-22,88151.61525752326,0.0,0,,-0.16673480892344705
2021-09-23,88151.61525752326,0.0,0,,-0.16673480892344705
2021-09-24,88151.61525752326,0.0,0,,-0.16673480892344705
2021-09-27,88151.61525752326,0.0,0,,-0.16673480892344705
2021-09-28,88151.61525752326,0.0,0,,-0.16673480892344705
2021-09-29,88151.61525752326,0.0,0,,-0.16673480892344705
2021-09-30,88151.61525752326,0.0,0,,-0.16673480892344705
2021-10-01,88151.61525752326,0.0,0,,-0.16673480892344705
2021-10-04,88151.61525752326,0.0,0,,-0.16673480892344705
2021-10-05,88151.61525752326,0.0,0,,-0.16673480892344705
2021-10-06,88151.61525752326,0.0,0,,-0.16673480892344705
2021-10-07,88151.61525752326,0.0,0,,-0.16673480892344705
2021-10-08,88151.61525752326,0.0,0,,-0.16673480892344705
2021-10-11,88151.61525752326,0.0,0,,-0.16673480892344705
2021-10-12,88151.61525752326,0.0,0,,-0.16673480892344705
2021-10-13,88151.61525752326,0.0,0,,-0.16673480892344705
2021-10-14,88151.61525752326,0.0,0,,-0.16673480892344705
2021-10-15,88151.61525752326,0.0,0,,-0.16673480892344705
2021-10-18,88151.61525752326,0.0,0,,-0.16673480892344705
2021-10-19,88151.61525752326,0.0,0,,-0.16673480892344705
2021-10-20,88151.61525752326,0.0,0,,-0.16673480892344705
2021-10-21,88151.61525752326,0.0,0,,-0.16673480892344705
2021-10-22,88151.61525752326,0.0,0,,-0.16673480892344705
2021-10-25,88151.61525752326,0.0,0,,-0.16673480892344705
2021-10-26,88151.61525752326,0.0,0,,-0.16673480892344705
2021-10-27,86028.50341733437,-0.024084775236239198,1,23.68178585597447,-0.18680381376270772
2021-10-28,88019.5858787052,0.023144450760834934,1,23.68178585597447,-0.16798283467143993
2021-10-29,88843.4813922649,0.009360365711048368,1,23.92374951498849,-0.16019484972609477
2021-11-01,91177.85528788714,0.026275128563630012,1,24.559999329703196,-0.1381288614342493
2021-11-02,88980.80058506127,-0.024096363046584468,1,24.559999329703196,-0.1588968212885028
2021-11-03,89667.3834535641,0.007716078794396841,1,24.559999329703196,-0.1524068028873472
2021-11-04,90868.8936518348,0.01339963487272855,1,24.559999329703196,-0.14104936352542907
2021-11-05,89255.4324229145,-0.017755924652305133,1,24.559999329703196,-0.15630082630672115
2021-11-08,91830.10835819088,0.028846153846153744,1,24.559999329703196,-0.13196335014249194
2021-11-09,84185.58424763194,-0.08324638016042452,0,,-0.20422425908971142
2021-11-10,84185.58424763194,0.0,0,,-0.20422425908971142
2021-11-11,84185.58424763194,0.0,0,,-0.20422425908971142
2021-11-12,84185.58424763194,0.0,0,,-0.20422425908971142
2021-11-15,84185.58424763194,0.0,0,,-0.20422425908971142
2021-11-16,84185.58424763194,0.0,0,,-0.20422425908971142
2021-11-17,84185.58424763194,0.0,0,,-0.20422425908971142
2021-11-18,84185.58424763194,0.0,0,,-0.20422425908971142
2021-11-19,84185.58424763194,0.0,0,,-0.20422425908971142
2021-11-22,84185.58424763194,0.0,0,,-0.20422425908971142
2021-11-23,84185.58424763194,0.0,0,,-0.20422425908971142
2021-11-24,84185.58424763194,0.0,0,,-0.20422425908971142
2021-11-26,84185.58424763194,0.0,0,,-0.20422425908971142
2021-11-29,84185.58424763194,0.0,0,,-0.20422425908971142
2021-11-30,84185.58424763194,0.0,0,,-0.20422425908971142
2021-12-01,84185.58424763194,0.0,0,,-0.20422425908971142
2021-12-02,84185.58424763194,0.0,0,,-0.20422425908971142
2021-12-03,84185.58424763194,0.0,0,,-0.20422425908971142
2021-12-06,84185.58424763194,0.0,0,,-0.20422425908971142
2021-12-07,84185.58424763194,0.0,0,,-0.20422425908971142
2021-12-08,84185.58424763194,0.0,0,,-0.20422425908971142
2021-12-09,84185.58424763194,0.0,0,,-0.20422425908971142
2021-12-10,84185.58424763194,0.0,0,,-0.20422425908971142
2021-12-13,84185.58424763194,0.0,0,,-0.20422425908971142
2021-12-14,84185.58424763194,0.0,0,,-0.20422425908971142
2021-12-15,84185.58424763194,0.0,0,,-0.20422425908971142
2021-12-16,84185.58424763194,0.0,0,,-0.20422425908971142
2021-12-17,84185.58424763194,0.0,0,,-0.20422425908971142
2021-12-20,84185.58424763194,0.0,0,,-0.20422425908971142
2021-12-21,84185.58424763194,0.0,0,,-0.20422425908971142
2021-12-22,84185.58424763194,0.0,0,,-0.20422425908971142
2021-12-23,84185.58424763194,0.0,0,,-0.20422425908971142
2021-12-27,84185.58424763194,0.0,0,,-0.20422425908971142
2021-12-28,84185.58424763194,0.0,0,,-0.20422425908971142
2021-12-29,84185.58424763194,0.0,0,,-0.20422425908971142
2021-12-30,84185.58424763194,0.0,0,,-0.20422425908971142
2021-12-31,84185.58424763194,0.0,0,,-0.20422425908971142
2022-01-03,84185.58424763194,0.0,0,,-0.20422425908971142
2022-01-04,84185.58424763194,0.0,0,,-0.20422425908971142
2022-01-05,84185.58424763194,0.0,0,,-0.20422425908971142
2022-01-06,84185.58424763194,0.0,0,,-0.20422425908971142
2022-01-07,84185.58424763194,0.0,0,,-0.20422425908971142
2022-01-10,84185.58424763194,0.0,0,,-0.20422425908971142
2022-01-11,84185.58424763194,0.0,0,,-0.20422425908971142
2022-01-12,84185.58424763194,0.0,0,,-0.20422425908971142
2022-01-13,84185.58424763194,0.0,0,,-0.20422425908971142
2022-01-14,84185.58424763194,0.0,0,,-0.20422425908971142
2022-01-18,84185.58424763194,0.0,0,,-0.20422425908971142
2022-01-19,84185.58424763194,0.0,0,,-0.20422425908971142
2022-01-20,84185.58424763194,0.0,0,,-0.20422425908971142
2022-01-21,84185.58424763194,0.0,0,,-0.20422425908971142
2022-01-24,84185.58424763194,0.0,0,,-0.20422425908971142
2022-01-25,84185.58424763194,0.0,0,,-0.20422425908971142
2022-01-26,84185.58424763194,0.0,0,,-0.20422425908971142
2022-01-27,84185.58424763194,0.0,0,,-0.20422425908971142
2022-01-28,84185.58424763194,0.0,0,,-0.20422425908971142
2022-01-31,84185.58424763194,0.0,0,,-0.20422425908971142
2022-02-01,84185.58424763194,0.0,0,,-0.20422425908971142
2022-02-02,84185.58424763194,0.0,0,,-0.20422425908971142
2022-02-03,84185.58424763194,0.0,0,,-0.20422425908971142
2022-02-04,84185.58424763194,0.0,0,,-0.20422425908971142
2022-02-07,84185.58424763194,0.0,0,,-0.20422425908971142
2022-02-08,84185.58424763194,0.0,0,,-0.20422425908971142
2022-02-09,84185.58424763194,0.0,0,,-0.20422425908971142
2022-02-10,84185.58424763194,0.0,0,,-0.20422425908971142
2022-02-11,84185.58424763194,0.0,0,,-0.20422425908971142
2022-02-14,84185.58424763194,0.0,0,,-0.20422425908971142
2022-02-15,84185.58424763194,0.0,0,,-0.20422425908971142
2022-02-16,84185.58424763194,0.0,0,,-0.20422425908971142
2022-02-17,84185.58424763194,0.0,0,,-0.20422425908971142
2022-02-18,84185.58424763194,0.0,0,,-0.20422425908971142
2022-02-22,84185.58424763194,0.0,0,,-0.20422425908971142
2022-02-23,84185.58424763194,0.0,0,,-0.20422425908971142
2022-02-24,84185.58424763194,0.0,0,,-0.20422425908971142
2022-02-25,84185.58424763194,0.0,0,,-0.20422425908971142
2022-02-28,84185.58424763194,0.0,0,,-0.20422425908971142
2022-03-01,84185.58424763194,0.0,0,,-0.20422425908971142
2022-03-02,84185.58424763194,0.0,0,,-0.20422425908971142
2022-03-03,84185.58424763194,0.0,0,,-0.20422425908971142
2022-03-04,84185.58424763194,0.0,0,,-0.20422425908971142
2022-03-07,84185.58424763194,0.0,0,,-0.20422425908971142
2022-03-08,84185.58424763194,0.0,0,,-0.20422425908971142
2022-03-09,84185.58424763194,0.0,0,,-0.20422425908971142
2022-03-10,84185.58424763194,0.0,0,,-0.20422425908971142
2022-03-11,84185.58424763194,0.0,0,,-0.20422425908971142
2022-03-14,84185.58424763194,0.0,0,,-0.20422425908971142
2022-03-15,84185.58424763194,0.0,0,,-0.20422425908971142
2022-03-16,84185.58424763194,0.0,0,,-0.20422425908971142
2022-03-17,84185.58424763194,0.0,0,,-0.20422425908971142
2022-03-18,84185.58424763194,0.0,0,,-0.20422425908971142
2022-03-21,83200.39565440823,-0.011702580697495302,1,10.697499717984881,-0.21353688891482314
2022-03-22,87694.14416513515,0.0540111435213928,1,11.249285834176199,-0.17105911694772058
2022-03-23,87099.38259138486,-0.006782226788487833,1,11.249285834176199,-0.1766811820108305
2022-03-24,88487.15749603229,0.015933234695336473,1,11.500535999025617,-0.16356305005472205
2022-03-25,85711.6076867374,-0.031366696454446896,1,11.500535999025617,-0.18979931396693905
2022-03-28,88685.40925317915,0.03469543562069832,1,11.564642872129168,-0.16168904822483332
2022-03-29,93839.99905516548,0.058122185434934304,1,12.353571380887713,-0.11296458363362083
2022-03-30,91725.29683943975,-0.022535190079046807,1,12.353571380887713,-0.13295409534828362
2022-03-31,90734.02544908601,-0.010806957562523922,1,12.353571380887713,-0.14232422364461483
2022-04-01,91394.87304265518,0.007283349220960078,1,12.353571380887713,-0.13607747144706062
2022-04-04,96681.63488427922,0.05784527802950867,1,12.858571869986397,-0.08610363258695963
2022-04-05,91791.3828592586,-0.05058098190906557,1,12.858571869986397,-0.13232940821383943
2022-04-06,84847.775757432,-0.07564552233049004,0,,-0.19796480334030897
2022-04-07,84847.775757432,0.0,0,,-0.19796480334030897
2022-04-08,84847.775757432,0.0,0,,-0.19796480334030897
2022-04-11,84847.775757432,0.0,0,,-0.19796480334030897
2022-04-12,84847.775757432,0.0,0,,-0.19796480334030897
2022-04-13,84847.775757432,0.0,0,,-0.19796480334030897
2022-04-14,84847.775757432,0.0,0,,-0.19796480334030897
2022-04-18,84847.775757432,0.0,0,,-0.19796480334030897
2022-04-19,84847.775757432,0.0,0,,-0.19796480334030897
2022-04-20,82842.33092492135,-0.023635797339507603,1,11.282857043402535,-0.21692154470770952
2022-04-21,84205.5730255689,0.016455863631879675,0,,-0.20403531243435669
2022-04-22,84205.5730255689,0.0,0,,-0.20403531243435669
2022-04-25,84205.5730255689,0.0,0,,-0.20403531243435669
2022-04-26,84205.5730255689,0.0,0,,-0.20403531243435669
2022-04-27,84205.5730255689,0.0,0,,-0.20403531243435669
2022-04-28,84205.5730255689,0.0,0,,-0.20403531243435669
2022-04-29,84205.5730255689,0.0,0,,-0.20403531243435669
2022-05-02,84205.5730255689,0.0,0,,-0.20403531243435669
2022-05-03,84205.5730255689,0.0,0,,-0.20403531243435669
2022-05-04,84205.5730255689,0.0,0,,-0.20403531243435669
2022-05-05,84205.5730255689,0.0,0,,-0.20403531243435669
2022-05-06,84205.5730255689,0.0,0,,-0.20403531243435669
2022-05-09,84205.5730255689,0.0,0,,-0.20403531243435669
2022-05-10,84205.5730255689,0.0,0,,-0.20403531243435669
2022-05-11,84205.5730255689,0.0,0,,-0.20403531243435669
2022-05-12,84205.5730255689,0.0,0,,-0.20403531243435669
2022-05-13,84205.5730255689,0.0,0,,-0.20403531243435669
2022-05-16,84205.5730255689,0.0,0,,-0.20403531243435669
2022-05-17,84205.5730255689,0.0,0,,-0.20403531243435669
2022-05-18,84205.5730255689,0.0,0,,-0.20403531243435669
2022-05-19,84205.5730255689,0.0,0,,-0.20403531243435669
2022-05-20,84205.5730255689,0.0,0,,-0.20403531243435669
2022-05-23,84205.5730255689,0.0,0,,-0.20403531243435669
2022-05-24,84205.5730255689,0.0,0,,-0.20403531243435669
2022-05-25,84205.5730255689,0.0,0,,-0.20403531243435669
2022-05-26,84205.5730255689,0.0,0,,-0.20403531243435669
2022-05-27,84205.5730255689,0.0,0,,-0.20403531243435669
2022-05-31,84205.5730255689,0.0,0,,-0.20403531243435669
2022-06-01,84205.5730255689,0.0,0,,-0.20403531243435669
2022-06-02,84205.5730255689,0.0,0,,-0.20403531243435669
2022-06-03,84205.5730255689,0.0,0,,-0.20403531243435669
2022-06-06,84205.5730255689,0.0,0,,-0.20403531243435669
2022-06-07,84205.5730255689,0.0,0,,-0.20403531243435669
2022-06-08,84079.45384480168,-0.0014977533699451762,1,7.815178598676409,-0.2052274712275155
2022-06-09,79499.96304688761,-0.054466229126168386,1,7.815178598676409,-0.2485157338828219
2022-06-10,75653.19007786496,-0.04838710386260048,1,7.815178598676409,-0.28487788111854395
2022-06-13,71471.7083379571,-0.055271717367160966,0,,-0.32440390875636504
2022-06-14,71471.7083379571,0.0,0,,-0.32440390875636504
2022-06-15,71471.7083379571,0.0,0,,-0.32440390875636504
2022-06-16,71471.7083379571,0.0,0,,-0.32440390875636504
2022-06-17,71471.7083379571,0.0,0,,-0.32440390875636504
2022-06-21,71471.7083379571,0.0,0,,-0.32440390875636504
2022-06-22,75468.96484906423,0.055927815412021964,1,7.568035466330392,-0.28661929527220753
2022-06-23,79238.22333128414,0.04994448366634319,1,8.066249643053327,-0.25098986431704595
2022-06-24,85352.79695984704,0.07716697032691777,1,8.742677892957415,-0.19319102140223876
2022-06-27,80578.4034149087,-0.05593716568168683,1,8.742677892957415,-0.2383216289115342
2022-06-28,77981.80649991198,-0.03222447709253429,1,8.742677892957415,-0.2628663161325534
2022-06-29,77311.7084699963,-0.008593004701890727,1,8.742677892957415,-0.26920050934394835
2022-06-30,73119.99251704445,-0.05421838471696183,0,,-0.3088232772792979
2022-07-01,73119.99251704445,0.0,0,,-0.3088232772792979
2022-07-05,73119.99251704445,0.0,0,,-0.3088232772792979
2022-07-06,71478.78823411543,-0.022445356275801687,1,8.428928783961705,-0.32433698507030506
2022-07-07,74250.4154974232,0.03877552112704841,1,8.55964309828622,-0.2981377995601334
2022-07-08,74177.4762904206,-0.000982340725152242,1,8.55964309828622,-0.2988272673830705
2022-07-11,69728.28900124705,-0.0599803001082706,1,8.55964309828622,-0.34088381831317016
2022-07-12,69217.72150809455,-0.007322243245397431,1,8.55964309828622,-0.3457100273224586
2022-07-13,67686.0329403683,-0.0221285609285351,1,8.55964309828622,-0.36018852284778324
2022-07-14,64914.40567706053,-0.04094828937233752,1,8.55964309828622,-0.3863877083579549
2022-07-15,65935.53370749991,0.01573037632847374,1,8.55964309828622,-0.37673535609064823
2022-07-18,65862.59450049732,-0.0011062200137207379,1,8.55964309828622,-0.37742482391358534
2022-07-19,68123.6612265182,0.03433005855856175,1,8.55964309828622,-0.3560517816614317
2022-07-20,73739.8480042707,0.08244105904816368,1,8.650357007980347,-0.30296400856942196
2022-07-21,76511.47526757845,0.03758656056827303,1,9.005356890814644,-0.27676482305925043
2022-07-22,71770.53810626017,-0.061963740010738566,1,9.005356890814644,-0.3215791795298275
2022-07-25,70603.53861768123,-0.016260146842582257,1,9.005356890814644,-0.3326104016917376
2022-07-26,70351.97371337055,-0.003563063682585521,0,,-0.33498835333160515
2022-07-27,70351.97371337055,0.0,0,,-0.33498835333160515
2022-07-28,70946.97144123205,0.008457441866317028,1,8.750535930906024,-0.3293640559894834
2022-07-29,72487.77622757213,0.02171769640112675,1,9.00803620474679,-0.31479938816178
2022-08-01,73328.21338033926,0.011594191414130428,1,9.148036003112793,-0.30685504111104833
2022-08-02,76479.85437301615,0.04297992337996748,1,9.514107363564628,-0.27706372388679057
2022-08-03,78440.87439613942,0.025641001008694042,1,9.795892681394305,-0.2585269141017502
2022-08-04,79281.31154890654,0.01071427567880967,1,9.931964022772652,-0.2505825670510188
2022-08-05,80191.78680087111,0.011484109359151118,1,10.003928456987653,-0.2419761752953784
2022-08-08,68323.0214929563,-0.14800474938146513,0,,-0.35416730149596554
2022-08-09,68323.0214929563,0.0,0,,-0.35416730149596554
2022-08-10,68323.0214929563,0.0,0,,-0.35416730149596554
2022-08-11,65844.14900018268,-0.03628165790397864,1,8.140714713505336,-0.3775991825262923
2022-08-12,69269.16149256613,0.052016960419276614,1,8.285357066563197,-0.3452237838388371
2022-08-15,69269.16149256613,0.0,1,8.285357066563197,-0.3452237838388371
2022-08-16,68080.89076402228,-0.017154397468365112,1,8.285357066563197,-0.35645607530369783
2022-08-17,65914.04884680673,-0.0318274613169518,1,8.285357066563197,-0.37693844467272875
2022-08-18,65745.3827766824,-0.002558878919975638,0,,-0.3785327837525029
2022-08-19,65745.3827766824,0.0,0,,-0.3785327837525029
2022-08-22,65745.3827766824,0.0,0,,-0.3785327837525029
2022-08-23,65745.3827766824,0.0,0,,-0.3785327837525029
2022-08-24,65745.3827766824,0.0,0,,-0.3785327837525029
2022-08-25,65745.3827766824,0.0,0,,-0.3785327837525029
2022-08-26,65745.3827766824,0.0,0,,-0.3785327837525029
2022-08-29,65745.3827766824,0.0,0,,-0.3785327837525029
2022-08-30,65745.3827766824,0.0,0,,-0.3785327837525029
2022-08-31,65745.3827766824,0.0,0,,-0.3785327837525029
2022-09-01,65745.3827766824,0.0,0,,-0.3785327837525029
2022-09-02,65745.3827766824,0.0,0,,-0.3785327837525029
2022-09-06,65745.3827766824,0.0,0,,-0.3785327837525029
2022-09-07,65745.3827766824,0.0,0,,-0.3785327837525029
2022-09-08,65745.3827766824,0.0,0,,-0.3785327837525029
2022-09-09,65745.3827766824,0.0,0,,-0.3785327837525029
2022-09-12,65745.3827766824,0.0,0,,-0.3785327837525029
2022-09-13,65745.3827766824,0.0,0,,-0.3785327837525029
2022-09-14,65745.3827766824,0.0,0,,-0.3785327837525029
2022-09-15,65745.3827766824,0.0,0,,-0.3785327837525029
2022-09-16,65745.3827766824,0.0,0,,-0.3785327837525029
2022-09-19,65745.3827766824,0.0,0,,-0.3785327837525029
2022-09-20,65745.3827766824,0.0,0,,-0.3785327837525029
2022-09-21,65745.3827766824,0.0,0,,-0.3785327837525029
2022-09-22,65745.3827766824,0.0,0,,-0.3785327837525029
2022-09-23,65745.3827766824,0.0,0,,-0.3785327837525029
2022-09-26,65745.3827766824,0.0,0,,-0.3785327837525029
2022-09-27,65745.3827766824,0.0,0,,-0.3785327837525029
2022-09-28,65745.3827766824,0.0,0,,-0.3785327837525029
2022-09-29,65891.55710322097,0.0022233398052466935,1,7.071428503308978,-0.3771510509529641
2022-09-30,66299.30344654854,0.006188142476111436,1,7.071428503308978,-0.3732967729151646
2022-10-03,67196.33918017749,0.013530092881777422,1,7.204463839530945,-0.36481742004339723
2022-10-04,68990.41842455001,0.026699062274240237,1,7.411964161055429,-0.34785864078562334
2022-10-05,68664.22290531087,-0.004728127857288933,1,7.414821471486773,-0.35094204851301514
2022-10-06,69071.96924863844,0.005938264879074673,1,7.480000155312674,-0.34708777047521566
2022-10-07,66462.39731761078,-0.03778047678985352,1,7.480000155312674,-0.3717551058085883
2022-10-10,65728.46323215873,-0.011042847009335666,1,7.480000155312674,-0.3786927180595404
2022-10-11,65565.36158398184,-0.0024814462434760154,1,7.480000155312674,-0.38023445868035577
2022-10-12,65810.00627913253,0.003731310088747497,1,7.480000155312674,-0.37792192126337165
2022-10-13,65891.55710322097,0.001239185781908958,1,7.480000155312674,-0.3771510509529641
2022-10-14,61406.366769404296,-0.06806927216472514,1,7.480000155312674,-0.4195479255831598
2022-10-17,62779.935236071404,0.022368502468566254,0,,-0.4065640819236822
2022-10-18,62762.82336310442,-0.00027256914016615674,1,7.02714238848005,-0.406725834241616
2022-10-19,60839.94270940535,-0.030637255474861957,1,7.02714238848005,-0.42490212642459124
2022-10-20,61839.84152955378,0.01643490732600328,1,7.02714238848005,-0.41545044616899784
2022-10-21,63762.722183252845,0.03109452751071662,1,7.166785342352731,-0.3972741539860226
2022-10-24,63608.89554526486,-0.002412485425981159,1,7.166785342352731,-0.39872822130539354
2022-10-25,66608.58467050256,0.04715832745599369,1,7.55464243888855,-0.37037324987566544
2022-10-26,65916.34646153769,-0.010392627502734397,1,7.55464243888855,-0.3769167261554649
2022-10-27,66147.09742133103,0.0035006636772259014,1,7.55464243888855,-0.3747355211708303
2022-10-28,66454.75803251457,0.004651158148691881,1,7.55464243888855,-0.3718273171950365
2022-10-31,67608.48349065098,0.0173610662696555,1,7.660535880497523,-0.36092156962007216
2022-11-01,66531.66768390479,-0.015927229116078245,1,7.660535880497523,-0.3711003182038769
2022-11-02,63224.31794748353,-0.04971090988030902,1,7.660535880497523,-0.40236349360939905
2022-11-03,61977.47927640834,-0.019720871834645326,0,,-0.41414940655563326
2022-11-04,61977.47927640834,0.0,0,,-0.41414940655563326
2022-11-07,61977.47927640834,0.0,0,,-0.41414940655563326
2022-11-08,61977.47927640834,0.0,0,,-0.41414940655563326
2022-11-09,61977.47927640834,0.0,0,,-0.41414940655563326
2022-11-10,61977.47927640834,0.0,0,,-0.41414940655563326
2022-11-11,61977.47927640834,0.0,0,,-0.41414940655563326
2022-11-14,61279.42402440251,-0.011263046838233426,1,6.760357567242213,-0.420747869229804
2022-11-15,63095.10884507915,0.029629599977206045,1,6.960178766931806,-0.40358486030913876
2022-11-16,60976.80988762308,-0.033573108854717204,1,6.960178766931806,-0.4236083707165814
2022-11-17,57648.047168159115,-0.054590634137776206,1,6.960178766931806,-0.45507395527086925
2022-11-18,58619.13945395072,0.01684518962036874,0,,-0.44589457271832955
2022-11-21,58619.13945395072,0.0,0,,-0.44589457271832955
2022-11-22,58619.13945395072,0.0,0,,-0.44589457271832955
2022-11-23,58619.13945395072,0.0,0,,-0.44589457271832955
2022-11-25,58619.13945395072,0.0,0,,-0.44589457271832955
2022-11-28,58619.13945395072,0.0,0,,-0.44589457271832955
2022-11-29,58619.13945395072,0.0,0,,-0.44589457271832955
2022-11-30,58619.13945395072,0.0,0,,-0.44589457271832955
2022-12-01,58619.13945395072,0.0,0,,-0.44589457271832955
2022-12-02,58619.13945395072,0.0,0,,-0.44589457271832955
2022-12-05,58619.13945395072,0.0,0,,-0.44589457271832955
2022-12-06,58619.13945395072,0.0,0,,-0.44589457271832955
2022-12-07,58619.13945395072,0.0,0,,-0.44589457271832955
2022-12-08,58619.13945395072,0.0,0,,-0.44589457271832955
2022-12-09,58945.87194591375,0.005573819319195206,1,6.293571472167969,-0.442806089182876
2022-12-12,58857.45313799488,-0.0014999999999999458,0,,-0.44364188004910166
2022-12-13,58857.45313799488,0.0,0,,-0.44364188004910166
2022-12-14,58857.45313799488,0.0,0,,-0.44364188004910166
2022-12-15,58857.45313799488,0.0,0,,-0.44364188004910166
2022-12-16,58857.45313799488,0.0,0,,-0.44364188004910166
2022-12-19,58857.45313799488,0.0,0,,-0.44364188004910166
2022-12-20,58857.45313799488,0.0,0,,-0.44364188004910166
2022-12-21,58857.45313799488,0.0,0,,-0.44364188004910166
2022-12-22,58857.45313799488,0.0,0,,-0.44364188004910166
2022-12-23,58857.45313799488,0.0,0,,-0.44364188004910166
2022-12-27,58857.45313799488,0.0,0,,-0.44364188004910166
2022-12-28,58857.45313799488,0.0,0,,-0.44364188004910166
2022-12-29,58857.45313799488,0.0,0,,-0.44364188004910166
2022-12-30,58857.45313799488,0.0,0,,-0.44364188004910166
2023-01-03,58857.45313799488,0.0,0,,-0.44364188004910166
2023-01-04,58857.45313799488,0.0,0,,-0.44364188004910166
2023-01-05,58857.45313799488,0.0,0,,-0.44364188004910166
2023-01-06,58857.45313799488,0.0,0,,-0.44364188004910166
2023-01-09,58857.45313799488,0.0,0,,-0.44364188004910166
2023-01-10,58857.45313799488,0.0,0,,-0.44364188004910166
2023-01-11,58857.45313799488,0.0,0,,-0.44364188004910166
2023-01-12,58857.45313799488,0.0,0,,-0.44364188004910166
2023-01-13,58857.45313799488,0.0,0,,-0.44364188004910166
2023-01-17,58857.45313799488,0.0,0,,-0.44364188004910166
2023-01-18,56674.794985239445,-0.03708380224400909,1,6.384464485304696,-0.46427375454620945
2023-01-19,55278.45884925837,-0.02463769187598719,1,6.384464485304696,-0.4774728127115795
2023-01-20,57660.44264006763,0.04309063313984218,1,6.384464485304696,-0.45495678537854045
2023-01-23,60617.38952116782,0.05128207044053168,1,6.585535849843707,-0.42700584085318893
2023-01-24,57660.44264006763,-0.04878050513982646,1,6.585535849843707,-0.45495678537854045
2023-01-25,59303.18873144794,0.028490001397228015,1,6.585535849843707,-0.43942850343242545
2023-01-26,59467.46334058597,0.0027700805412327334,1,6.585535849843707,-0.437875675237814
2023-01-27,62013.72565714889,0.04281773886973794,1,6.641250150544303,-0.413806782687819
2023-01-30,60535.25025829099,-0.02384109942098711,1,6.641250150544303,-0.427782273461667
2023-01-31,63902.88562054406,0.05563098108761566,1,6.835535832813808,-0.3959492399386144
2023-02-01,67352.65241244271,0.05398452289593614,1,7.210892489978245,-0.363339847851773
2023-02-02,73841.50534831837,0.09634146100350027,1,7.86874955041068,-0.302003078631102
2023-02-03,69077.53776669985,-0.0645161221882784,1,7.86874955041068,-0.34703513329717994
2023-02-06,68256.16863762532,-0.011890538598069322,1,7.86874955041068,-0.354799237247893
2023-02-07,68420.43933014772,0.0024066790709353914,1,7.86874955041068,-0.35324644607562594
2023-02-08,67516.93093819637,-0.013205241018574565,1,7.86874955041068,-0.3617869826348169
2023-02-09,65299.217839909514,-0.032846769950442556,1,7.86874955041068,-0.3827502187955889
2023-02-10,63889.04343535505,-0.021595578801750892,0,,-0.39608008508595227
2023-02-13,63889.04343535505,0.0,0,,-0.39608008508595227
2023-02-14,63889.04343535505,0.0,0,,-0.39608008508595227
2023-02-15,63889.04343535505,0.0,0,,-0.39608008508595227
2023-02-16,63889.04343535505,0.0,0,,-0.39608008508595227
2023-02-17,63889.04343535505,0.0,0,,-0.39608008508595227
2023-02-21,63889.04343535505,0.0,0,,-0.39608008508595227
2023-02-22,63889.04343535505,0.0,0,,-0.39608008508595227
2023-02-23,63889.04343535505,0.0,0,,-0.39608008508595227
2023-02-24,63889.04343535505,0.0,0,,-0.39608008508595227
2023-02-27,63889.04343535505,0.0,0,,-0.39608008508595227
2023-02-28,63889.04343535505,0.0,0,,-0.39608008508595227
2023-03-01,63889.04343535505,0.0,0,,-0.39608008508595227
2023-03-02,63889.04343535505,0.0,0,,-0.39608008508595227
2023-03-03,63889.04343535505,0.0,0,,-0.39608008508595227
2023-03-06,63889.04343535505,0.0,0,,-0.39608008508595227
2023-03-07,63889.04343535505,0.0,0,,-0.39608008508595227
2023-03-08,63889.04343535505,0.0,0,,-0.39608008508595227
2023-03-09,63889.04343535505,0.0,0,,-0.39608008508595227
2023-03-10,63889.04343535505,0.0,0,,-0.39608008508595227
2023-03-13,63889.04343535505,0.0,0,,-0.39608008508595227
2023-03-14,62525.40843780042,-0.021343800505236876,1,6.9594646692276,-0.4089700312710174
2023-03-15,62604.65665147457,0.0012674561534928852,1,6.9594646692276,-0.408220926700253
2023-03-16,63381.153555914076,0.01240318126433193,0,,-0.4008809835856779
2023-03-17,63381.153555914076,0.0,0,,-0.4008809835856779
2023-03-20,63381.153555914076,0.0,0,,-0.4008809835856779
2023-03-21,63381.153555914076,0.0,0,,-0.4008809835856779
2023-03-22,63381.153555914076,0.0,0,,-0.4008809835856779
2023-03-23,63381.153555914076,0.0,0,,-0.4008809835856779
2023-03-24,62599.15909742746,-0.012337965067119705,1,7.282856958253043,-0.4082728930812449
2023-03-27,61377.71322709977,-0.019512176967531936,1,7.282856958253043,-0.41981877710792936
2023-03-28,61072.35175951784,-0.004975119657066318,1,7.282856958253043,-0.4227052481146004
2023-03-29,62751.84347141425,0.027500033378601074,1,7.304821695600237,-0.4068296231684607
2023-03-30,62217.45544285214,-0.008515893701283028,1,7.304821695600237,-0.4118809990443081
2023-03-31,64507.67008991239,0.03680984107689622,1,7.649106928280422,-0.39023243208482616
2023-04-03,63973.28934174194,-0.008283987740149601,1,7.649106928280422,-0.3952837391417763
2023-04-04,63744.27006115342,-0.003579920353401156,1,7.649106928280422,-0.39744857519205534
2023-04-05,60919.67102572688,-0.044311418621889365,1,7.649106928280422,-0.424148483617936
2023-04-06,60066.03295573691,-0.01401251936553416,0,,-0.43221761414291193
2023-04-10,62899.9047829092,0.047179274004337746,1,7.4292861223220825,-0.4054300533857238
2023-04-11,64549.24152856452,0.0262216095771175,1,7.645714095660618,-0.3898394723793166
2023-04-12,62450.08112064576,-0.03252029548619617,1,7.645714095660618,-0.40968207303155446
2023-04-13,64324.333272285076,0.030012005076798687,1,7.645714095660618,-0.3919654484104522
2023-04-14,66048.64896963962,0.02680658484333609,1,7.814465165138245,-0.3756661186155871
2023-04-17,65973.67716764496,-0.0011350997055082912,1,7.825893402099609,-0.3763747998204854
2023-04-18,65448.88170338685,-0.007954618975149153,1,7.825893402099609,-0.3813355006712146
2023-04-19,63649.6013537422,-0.027491384158387255,1,7.825893402099609,-0.3983434440874185
2023-04-20,61100.617283559994,-0.04004713330435239,1,7.825893402099609,-0.42243806438548726
2023-04-21,60934.11415232298,-0.0027250646333782935,0,,-0.42401195798981584
2023-04-24,60934.11415232298,0.0,0,,-0.42401195798981584
2023-04-25,60934.11415232298,0.0,0,,-0.42401195798981584
2023-04-26,60934.11415232298,0.0,0,,-0.42401195798981584
2023-04-27,60934.11415232298,0.0,0,,-0.42401195798981584
2023-04-28,60934.11415232298,0.0,0,,-0.42401195798981584
2023-05-01,60934.11415232298,0.0,0,,-0.42401195798981584
2023-05-02,60934.11415232298,0.0,0,,-0.42401195798981584
2023-05-03,60934.11415232298,0.0,0,,-0.42401195798981584
2023-05-04,60934.11415232298,0.0,0,,-0.42401195798981584
2023-05-05,60934.11415232298,0.0,0,,-0.42401195798981584
2023-05-08,60934.11415232298,0.0,0,,-0.42401195798981584
2023-05-09,60934.11415232298,0.0,0,,-0.42401195798981584
2023-05-10,62156.0052111513,0.02005265975925785,1,8.823035189083644,-0.4124618657579844
2023-05-11,61780.82138064683,-0.006036163830508867,1,8.823035189083644,-0.4160083421929407
2023-05-12,59404.63525484047,-0.038461549599123845,1,8.823035189083644,-0.43846956630516154
2023-05-15,59529.700507301604,0.0021053113435445248,1,8.823035189083644,-0.43728736991335837
2023-05-16,59217.043339588236,-0.00525212062296565,1,8.823035189083644,-0.44024280452263964
2023-05-17,64094.47488022262,0.08236533378851907,1,8.880535687719073,-0.3941382162766216
2023-05-18,73411.62150475633,0.14536583132860126,1,10.159821118627276,-0.30606661441544347
2023-05-19,73224.02958950409,-0.0025553435737702968,1,10.159821118627276,-0.3078398526329216
2023-05-22,74036.93584018307,0.011101632281590446,1,10.159821118627276,-0.3001557451968808
2023-05-23,79039.43263327859,0.0675675828061546,1,10.646429164069039,-0.2528689605590596
2023-05-24,76475.64862878053,-0.03243677135681522,1,10.646429164069039,-0.27710347925898504
2023-05-25,80290.05534069259,0.049877402549764804,1,10.646429164069039,-0.241047278492161
2023-05-26,85355.07879657921,0.06308406980658243,1,11.258213894707815,-0.19316945202866476
2023-05-30,91983.38809103267,0.07765571056703302,1,12.424464191709246,-0.13051445251876204
2023-05-31,91983.38809103267,0.0,1,12.424464191709246,-0.13051445251876204
2023-06-01,90920.35729887089,-0.011556769262616617,1,12.424464191709246,-0.14056289636818253
2023-06-02,90795.29800984923,-0.0013754817153938115,1,12.424464191709246,-0.1417450363897591
2023-06-05,95297.53975653966,0.049586728006576264,1,12.635535308292933,-0.09918698094892409
2023-06-06,96673.22771641481,0.01443571327643589,1,12.787678412028722,-0.0861831024902221
2023-06-07,91858.32283857153,-0.049805980327537136,1,12.787678412028722,-0.1316966489105652
2023-06-08,94984.8825888263,0.034036760672729205,1,12.787678412028722,-0.10214241555820525
2023-06-09,93921.85776010399,-0.011191515952322262,1,12.787678412028722,-0.11219080303739914
2023-06-12,97861.31779759825,0.04194401741452425,1,12.787678412028722,-0.07495251861922503
2023-06-13,100049.91200815237,0.022364242172588256,1,13.05142821584429,-0.054264532724482506
2023-06-14,99487.1302989562,-0.005625009536743164,1,13.05142821584429,-0.05958430374714363
2023-06-15,103801.78609383387,0.043368984329050786,1,13.608571325029645,-0.018799430153560004
2023-06-16,101925.84308755366,-0.018072357681633844,1,13.608571325029645,-0.03653203780924785
2023-06-20,98736.7566745078,-0.031288300556969295,1,13.608571325029645,-0.06667731298728274
2023-06-21,91545.67163429763,-0.07283088165348639,1,13.608571325029645,-0.13465202714961988
2023-06-22,87856.33017484669,-0.040300555925668946,1,13.608571325029645,-0.16952603152464096
2023-06-23,84968.37869252767,-0.0328712965425666,0,,-0.1968247876132765
2023-06-26,84968.37869252767,0.0,0,,-0.1968247876132765
2023-06-27,84968.37869252767,0.0,0,,-0.1968247876132765
2023-06-28,84968.37869252767,0.0,0,,-0.1968247876132765
2023-06-29,84968.37869252767,0.0,0,,-0.1968247876132765
2023-06-30,84968.37869252767,0.0,0,,-0.1968247876132765
2023-07-03,84968.37869252767,0.0,0,,-0.1968247876132765
2023-07-05,84968.37869252767,0.0,0,,-0.1968247876132765
2023-07-06,84968.37869252767,0.0,0,,-0.1968247876132765
2023-07-07,84968.37869252767,0.0,0,,-0.1968247876132765
2023-07-10,89974.6358454964,0.058919061773377246,1,14.201784610748291,-0.14950245765981784
2023-07-11,91023.42294135192,0.011656475027656432,1,14.486427783966064,-0.1395886542964463
2023-07-12,91575.41670382353,0.0060643046002266665,1,14.745356627873011,-0.1343708578146091
2023-07-13,92403.40208332828,0.0090415682429561,1,14.914999212537493,-0.12654421285244843
2023-07-14,90526.629607968,-0.020310642606728213,1,14.914999212537493,-0.14428466117798078
2023-07-17,96046.54617587345,0.06097561117441175,1,15.426784787859235,-0.09210689540198935
2023-07-18,99800.09112659398,0.039080478165735455,1,16.085356882640294,-0.056625998750925
2023-07-19,99634.48983933091,-0.0016593300205809403,1,16.085356882640294,-0.05819136755183307
2023-07-20,94556.1661757217,-0.05096953546707017,1,16.085356882640294,-0.10619491604659281
2023-07-21,88656.64321522208,-0.06239173180452384,0,,-0.16196096313013364
2023-07-24,88656.64321522208,0.0,0,,-0.16196096313013364
2023-07-25,88656.64321522208,0.0,0,,-0.16196096313013364
2023-07-26,88656.64321522208,0.0,0,,-0.16196096313013364
2023-07-27,88656.64321522208,0.0,0,,-0.16196096313013364
2023-07-28,88656.64321522208,0.0,0,,-0.16196096313013364
2023-07-31,88656.64321522208,0.0,0,,-0.16196096313013364
2023-08-01,88656.64321522208,0.0,0,,-0.16196096313013364
2023-08-02,88656.64321522208,0.0,0,,-0.16196096313013364
2023-08-03,88656.64321522208,0.0,0,,-0.16196096313013364
2023-08-04,88656.64321522208,0.0,0,,-0.16196096313013364
2023-08-07,88656.64321522208,0.0,0,,-0.16196096313013364
2023-08-08,88656.64321522208,0.0,0,,-0.16196096313013364
2023-08-09,88656.64321522208,0.0,0,,-0.16196096313013364
2023-08-10,88656.64321522208,0.0,0,,-0.16196096313013364
2023-08-11,88656.64321522208,0.0,0,,-0.16196096313013364
2023-08-14,88656.64321522208,0.0,0,,-0.16196096313013364
2023-08-15,88656.64321522208,0.0,0,,-0.16196096313013364
2023-08-16,88656.64321522208,0.0,0,,-0.16196096313013364
2023-08-17,88656.64321522208,0.0,0,,-0.16196096313013364
2023-08-18,88656.64321522208,0.0,0,,-0.16196096313013364
2023-08-21,88656.64321522208,0.0,0,,-0.16196096313013364
2023-08-22,88656.64321522208,0.0,0,,-0.16196096313013364
2023-08-23,88656.64321522208,0.0,0,,-0.16196096313013364
2023-08-24,88656.64321522208,0.0,0,,-0.16196096313013364
2023-08-25,88656.64321522208,0.0,0,,-0.16196096313013364
2023-08-28,88656.64321522208,0.0,0,,-0.16196096313013364
2023-08-29,88656.64321522208,0.0,0,,-0.16196096313013364
2023-08-30,88656.64321522208,0.0,0,,-0.16196096313013364
2023-08-31,88656.64321522208,0.0,0,,-0.16196096313013364
2023-09-01,88656.64321522208,0.0,0,,-0.16196096313013364
2023-09-05,88656.64321522208,0.0,0,,-0.16196096313013364
2023-09-06,88656.64321522208,0.0,0,,-0.16196096313013364
2023-09-07,88656.64321522208,0.0,0,,-0.16196096313013364
2023-09-08,88656.64321522208,0.0,0,,-0.16196096313013364
2023-09-11,88656.64321522208,0.0,0,,-0.16196096313013364
2023-09-12,89268.23722003162,0.006898456591964974,1,13.34803581237793,-0.15617978721191472
2023-09-13,89363.03082054965,0.0010618961846908803,0,,-0.1552837377473899
2023-09-14,90025.37041501202,0.007411785258183645,1,13.924642596926008,-0.14902288220747806
2023-09-15,87181.8653345036,-0.031585597120011966,1,13.924642596926008,-0.17590150260842163
2023-09-18,87921.17730626244,0.008480111877879892,1,13.924642596926008,-0.16891305515214838
2023-09-19,86158.2017699828,-0.02005177353504417,1,13.924642596926008,-0.18557782235816933
2023-09-20,83826.52847173478,-0.027062696880244763,1,13.924642596926008,-0.2076182828842391
2023-09-21,79070.79956134014,-0.056732981755271084,0,,-0.2525724603845779
2023-09-22,79070.79956134014,0.0,0,,-0.2525724603845779
2023-09-25,79070.79956134014,0.0,0,,-0.2525724603845779
2023-09-26,79070.79956134014,0.0,0,,-0.2525724603845779
2023-09-27,79070.79956134014,0.0,0,,-0.2525724603845779
2023-09-28,79070.79956134014,0.0,0,,-0.2525724603845779
2023-09-29,79070.79956134014,0.0,0,,-0.2525724603845779
2023-10-02,78213.57497736297,-0.010841228224993227,1,14.301250730242048,-0.2606754929231938
2023-10-03,73386.79023476985,-0.06171287713149676,1,14.301250730242048,-0.30630133538872917
2023-10-04,76030.73618541655,0.03602754585925494,0,,-0.2813090749369427
2023-10-05,77136.6047701483,0.01454502008286318,1,13.95267881665911,-0.27085570099852896
2023-10-06,81039.78610417224,0.05060089623667818,1,14.641072034835815,-0.23396034598319004
2023-10-09,85918.76160846374,0.06020469375400195,1,15.455179112298147,-0.18784116320968647
2023-10-10,86845.7602540259,0.01078924589004826,1,15.627677985600062,-0.17907858181778025
2023-10-11,87431.24140914007,0.006741620470609444,1,15.810178552355085,-0.1735442411802013
2023-10-12,87528.82315264364,0.001116096968667435,1,15.810178552355085,-0.17262183641304474
2023-10-13,84699.01773239086,-0.03232998363656525,1,15.810178552355085,-0.19937095890306245
2023-10-16,84699.01773239086,0.0,1,15.810178552355085,-0.19937095890306245
2023-10-17,87040.92374103304,0.027649742244254982,1,15.810178552355085,-0.17723377228346715
2023-10-18,83918.3823961768,-0.03587440494251326,1,15.810178552355085,-0.20675002110959417
2023-10-19,83235.31949755906,-0.008139609929479152,1,15.810178552355085,-0.21320676651432957
2023-10-20,77021.76766460227,-0.07465042328742433,0,,-0.2719412144337161
2023-10-23,77021.76766460227,0.0,0,,-0.2719412144337161
2023-10-24,77021.76766460227,0.0,0,,-0.2719412144337161
2023-10-25,77021.76766460227,0.0,0,,-0.2719412144337161
2023-10-26,77021.76766460227,0.0,0,,-0.2719412144337161
2023-10-27,77021.76766460227,0.0,0,,-0.2719412144337161
2023-10-30,77021.76766460227,0.0,0,,-0.2719412144337161
2023-10-31,77021.76766460227,0.0,0,,-0.2719412144337161
2023-11-01,77021.76766460227,0.0,0,,-0.2719412144337161
2023-11-02,77021.76766460227,0.0,0,,-0.2719412144337161
2023-11-03,80619.42088055384,0.04670956438727614,1,16.24732119696481,-0.2379339057115858
2023-11-06,79125.6847659734,-0.018528241685009883,1,16.24732119696481,-0.25205365048651296
2023-11-07,80235.31498244707,0.014023641245640706,1,16.24732119696481,-0.24156471920994926
2023-11-08,78912.28807799671,-0.016489333963975894,1,16.24732119696481,-0.25407081184495817
2023-11-09,77973.3670716531,-0.011898286429302019,1,16.24732119696481,-0.2629460909816037
2023-11-10,83948.33595072872,0.0766283296908925,1,17.06303596496582,-0.2064668810413809
2023-11-13,84119.04516085879,0.0020335032040450507,1,17.129820619310653,-0.20485322890146251
2023-11-14,85100.65364504904,0.011669277537722289,1,17.441964762551443,-0.19557444054629003
2023-11-15,85143.33298264438,0.0005015159786356804,1,17.470000505447388,-0.195171008274601
2023-11-16,84375.12118643084,-0.009022571342962693,1,17.470000505447388,-0.20243263527132815
2023-11-17,87447.96023103368,0.036418780813520346,1,17.972321033477783,-0.17338620423125772
2023-11-20,91075.62252412466,0.04148366964200023,1,18.70624988419669,-0.13909523060606732
2023-11-21,84503.15105896555,-0.07216499083954275,1,18.70624988419669,-0.20122241540309904
2023-11-22,84033.69462591941,-0.005555490264718799,1,18.70624988419669,-0.2056600164980027
2023-11-24,81942.4559252555,-0.024885716497092814,1,18.70624988419669,-0.22542773612973888
2023-11-27,79715.45529997622,-0.02717761629344695,0,,-0.24647876390875134
2023-11-28,79715.45529997622,0.0,0,,-0.24647876390875134
2023-11-29,79715.45529997622,0.0,0,,-0.24647876390875134
2023-11-30,79715.45529997622,0.0,0,,-0.24647876390875134
2023-12-01,79715.45529997622,0.0,0,,-0.24647876390875134
2023-12-04,79715.45529997622,0.0,0,,-0.24647876390875134
2023-12-05,79715.45529997622,0.0,0,,-0.24647876390875134
2023-12-06,79715.45529997622,0.0,0,,-0.24647876390875134
2023-12-07,79715.45529997622,0.0,0,,-0.24647876390875134
2023-12-08,79715.45529997622,0.0,0,,-0.24647876390875134
2023-12-11,79715.45529997622,0.0,0,,-0.24647876390875134
2023-12-12,79715.45529997622,0.0,0,,-0.24647876390875134
2023-12-13,79715.45529997622,0.0,0,,-0.24647876390875134
2023-12-14,79715.45529997622,0.0,0,,-0.24647876390875134
2023-12-15,79715.45529997622,0.0,0,,-0.24647876390875134
2023-12-18,79715.45529997622,0.0,0,,-0.24647876390875134
2023-12-19,79715.45529997622,0.0,0,,-0.24647876390875134
2023-12-20,79715.45529997622,0.0,0,,-0.24647876390875134
2023-12-21,79715.45529997622,0.0,0,,-0.24647876390875134
2023-12-22,79715.45529997622,0.0,0,,-0.24647876390875134
2023-12-26,79715.45529997622,0.0,0,,-0.24647876390875134
2023-12-27,79715.45529997622,0.0,0,,-0.24647876390875134
2023-12-28,79715.45529997622,0.0,0,,-0.24647876390875134
2023-12-29,79715.45529997622,0.0,0,,-0.24647876390875134
2024-01-02,79715.45529997622,0.0,0,,-0.24647876390875134
2024-01-03,79715.45529997622,0.0,0,,-0.24647876390875134
2024-01-04,79715.45529997622,0.0,0,,-0.24647876390875134
2024-01-05,79715.45529997622,0.0,0,,-0.24647876390875134
2024-01-08,79715.45529997622,0.0,0,,-0.24647876390875134
2024-01-09,79715.45529997622,0.0,0,,-0.24647876390875134
2024-01-10,79715.45529997622,0.0,0,,-0.24647876390875134
2024-01-11,79715.45529997622,0.0,0,,-0.24647876390875134
2024-01-12,79715.45529997622,0.0,0,,-0.24647876390875134
2024-01-16,79715.45529997622,0.0,0,,-0.24647876390875134
2024-01-17,79715.45529997622,0.0,0,,-0.24647876390875134
2024-01-18,79715.45529997622,0.0,0,,-0.24647876390875134
2024-01-19,79715.45529997622,0.0,0,,-0.24647876390875134
2024-01-22,79715.45529997622,0.0,0,,-0.24647876390875134
2024-01-23,78197.26657554468,-0.019045098829561513,1,15.951427902494158,-0.2608296503202825
2024-01-24,78890.9584778517,0.008871050519865253,0,,-0.2542724328054874
2024-01-25,78890.9584778517,0.0,0,,-0.2542724328054874
2024-01-26,78890.9584778517,0.0,0,,-0.2542724328054874
2024-01-29,78890.9584778517,0.0,0,,-0.2542724328054874
2024-01-30,78890.9584778517,0.0,0,,-0.2542724328054874
2024-01-31,78890.9584778517,0.0,0,,-0.2542724328054874
2024-02-01,78890.9584778517,0.0,0,,-0.2542724328054874
2024-02-02,82050.98330886071,0.04005560195971225,1,15.27589362008231,-0.2244018662035594
2024-02-05,80604.72078062862,-0.01762638873915745,1,15.27589362008231,-0.23807286041522047
2024-02-06,105432.14016226238,0.30801445797701255,1,19.072322300502233,-0.0033882854980390453
2024-02-07,113772.22005336602,0.07910377118654788,1,20.484464236668178,0.0
2024-02-08,118159.19891839994,0.03855931494503806,1,21.19625002997262,0.0
2024-02-09,117532.4823976497,-0.005304001097562017,1,21.19625002997262,-0.005304001097562017
2024-02-12,120762.4567571306,0.027481546323108175,1,21.531784330095565,0.0
2024-02-13,115748.77056640088,-0.04151692773866722,1,21.531784330095565,-0.04151692773866722
2024-02-14,121437.38294832736,0.04914620132974212,1,21.531784330095565,0.0
2024-02-15,122497.96811298734,0.008733597010331273,1,21.531784330095565,0.0
2024-02-16,117821.74042032879,-0.03817392047144308,1,21.531784330095565,-0.03817392047144308
2024-02-20,112808.04503454463,-0.04255322801970007,1,21.531784330095565,-0.0791027249489159
2024-02-21,109626.28034551024,-0.02820512214408155,1,21.531784330095565,-0.10507674507388365
2024-02-22,113724.01038291951,0.037379084873575996,1,21.531784330095565,-0.07162533277266336
2024-02-23,110735.07518061674,-0.02628235842403681,1,21.531784330095565,-0.09602520852852814
2024-02-26,113579.38137157996,0.025685684380707396,1,21.531784330095565,-0.07280599734667614
2024-02-27,118255.61825929297,0.04117152982559835,1,21.531784330095565,-0.03463200181231896
2024-02-28,117725.32107943576,-0.004484329689050881,1,21.531784330095565,-0.03896103018745156
2024-02-29,120907.08576847015,0.027027020694107673,1,21.971428326198033,-0.012987010062483817
2024-03-01,120183.95910188132,-0.005980846052096367,1,21.971428326198033,-0.01889018280671939
2024-03-04,115893.39957774043,-0.0356999349680579,1,21.971428326198033,-0.053915739477042646
2024-03-05,114784.59554757949,-0.009567447621701364,1,21.971428326198033,-0.06296735108531215
2024-03-06,126113.61064098592,0.09869804427468165,1,23.09714262826102,0.0
2024-03-07,127559.86397416357,0.011467860810795205,1,23.291784695216588,0.0
2024-03-08,125535.11298573663,-0.015872947221369227,1,23.291784695216588,-0.015872947221369227
2024-03-11,122208.71928536269,-0.02649771543003976,1,23.291784695216588,-0.04195006581290117
2024-03-12,119075.16426677482,-0.02564101020706122,1,23.291784695216588,-0.06651543395426696
2024-03-13,118896.55152037466,-0.0014999999999999458,0,,-0.06791566080333555
2024-03-14,116805.97504275429,-0.017583154859307393,1,21.66357163020543,-0.08430464408136573
2024-03-15,113861.80027653615,-0.025205686311342346,0,,-0.10738537397940373
2024-03-18,113861.80027653615,0.0,0,,-0.10738537397940373
2024-03-19,113861.80027653615,0.0,0,,-0.10738537397940373
2024-03-20,117517.63789614824,0.03210767448550045,1,21.40142801829747,-0.07872559412613767
2024-03-21,117135.00044467981,-0.003256000191278252,1,21.40142801829747,-0.0817252637678827
2024-03-22,115652.2814605892,-0.012658206159232965,1,21.40142801829747,-0.0933489746899242
2024-03-25,117230.66208824604,0.013647639352403873,1,21.62785714013236,-0.08097532847800504
2024-03-26,119048.18770202197,0.015503841583763833,1,22.354284967694962,-0.06672691555915733
2024-03-27,117230.66208824604,-0.015267142229205555,1,22.354284967694962,-0.08097532847800504
2024-03-28,110056.20303111566,-0.061199509832417176,1,22.354284967694962,-0.1372191878990493
2024-04-01,109747.84149991767,-0.0028018550768174055,0,,-0.13963657469761492
2024-04-02,109747.84149991767,0.0,0,,-0.13963657469761492
2024-04-03,109747.84149991767,0.0,0,,-0.13963657469761492
2024-04-04,109747.84149991767,0.0,0,,-0.13963657469761492
2024-04-05,109747.84149991767,0.0,0,,-0.13963657469761492
2024-04-08,109747.84149991767,0.0,0,,-0.13963657469761492
2024-04-09,109747.84149991767,0.0,0,,-0.13963657469761492
2024-04-10,109747.84149991767,0.0,0,,-0.13963657469761492
2024-04-11,109747.84149991767,0.0,0,,-0.13963657469761492
2024-04-12,109747.84149991767,0.0,0,,-0.13963657469761492
2024-04-15,109747.84149991767,0.0,0,,-0.13963657469761492
2024-04-16,109747.84149991767,0.0,0,,-0.13963657469761492
2024-04-17,109747.84149991767,0.0,0,,-0.13963657469761492
2024-04-18,109747.84149991767,0.0,0,,-0.13963657469761492
2024-04-19,109747.84149991767,0.0,0,,-0.13963657469761492
2024-04-22,109747.84149991767,0.0,0,,-0.13963657469761492
2024-04-23,109747.84149991767,0.0,0,,-0.13963657469761492
2024-04-24,109747.84149991767,0.0,0,,-0.13963657469761492
2024-04-25,109747.84149991767,0.0,0,,-0.13963657469761492
2024-04-26,109747.84149991767,0.0,0,,-0.13963657469761492
2024-04-29,109747.84149991767,0.0,0,,-0.13963657469761492
2024-04-30,109747.84149991767,0.0,0,,-0.13963657469761492
2024-05-01,109747.84149991767,0.0,0,,-0.13963657469761492
2024-05-02,109747.84149991767,0.0,0,,-0.13963657469761492
2024-05-03,108883.40333356924,-0.00787658467386887,1,21.186249324253627,-0.14641330006730902
2024-05-06,117657.5442490401,0.08058290471129825,1,22.72071293422154,-0.07762880436380148
2024-05-07,102475.54664296795,-0.1290354792204157,0,,-0.19664741361182614
2024-05-08,102475.54664296795,0.0,0,,-0.19664741361182614
2024-05-09,102475.54664296795,0.0,0,,-0.19664741361182614
2024-05-10,102475.54664296795,0.0,0,,-0.19664741361182614
2024-05-13,102475.54664296795,0.0,0,,-0.19664741361182614
2024-05-14,102475.54664296795,0.0,0,,-0.19664741361182614
2024-05-15,102475.54664296795,0.0,0,,-0.19664741361182614
2024-05-16,101898.46642578127,-0.005631394377404675,1,18.944642543792725,-0.20117140884988594
2024-05-17,102416.19823632276,0.005080859690058004,1,19.04767860685076,-0.19711267286184553
2024-05-20,101757.27336994487,-0.006433795412493559,1,19.04767860685076,-0.20227828566393613
2024-05-21,99968.75019380776,-0.017576366945631694,1,19.04767860685076,-0.21629933523560518
2024-05-22,99771.80032519542,-0.001970114343037399,0,,-0.2178433151559055
2024-05-23,99771.80032519542,0.0,0,,-0.2178433151559055
2024-05-24,99771.80032519542,0.0,0,,-0.2178433151559055
2024-05-28,99771.80032519542,0.0,0,,-0.2178433151559055
2024-05-29,99771.80032519542,0.0,0,,-0.2178433151559055
2024-05-30,99771.80032519542,0.0,0,,-0.2178433151559055
2024-05-31,99771.80032519542,0.0,0,,-0.2178433151559055
2024-06-03,99771.80032519542,0.0,0,,-0.2178433151559055
2024-06-04,99771.80032519542,0.0,0,,-0.2178433151559055
2024-06-05,99771.80032519542,0.0,0,,-0.2178433151559055
2024-06-06,103133.8661442981,0.03369755590401691,1,21.991071428571427,-0.19148654654267117
2024-06-07,101052.97487294662,-0.02017660492277118,1,21.991071428571427,-0.20779960306782508
2024-06-10,100272.64167977657,-0.007722020990981848,1,21.991071428571427,-0.21391699116199947
2024-06-11,103393.97445245676,0.03112845857445601,1,21.991071428571427,-0.189447438785302
2024-06-12,103047.16061868053,-0.003354294441362371,1,21.991071428571427,-0.1921662707358165
2024-06-13,100879.57209040552,-0.02103491755872855,1,21.991071428571427,-0.2091589866320489
2024-06-14,102180.12189989291,0.012892102757155577,1,21.991071428571427,-0.1989633830231362
2024-06-17,108466.13193936805,0.06151891309773161,1,22.72089297430856,-0.14968448099523557
2024-06-18,111934.27027713045,0.031974389385444946,1,23.38071366718837,-0.12249616149009057
2024-06-20,110807.12325018416,-0.010069722383999613,1,23.38071366718837,-0.13133238153477944
2024-06-21,103350.62168964797,-0.06729261929939867,1,23.38071366718837,-0.1897873008818748
2024-06-24,101207.49415557685,-0.020736474527523807,0,,-0.20658825587901397
2024-06-25,101207.49415557685,0.0,0,,-0.20658825587901397
2024-06-26,101207.49415557685,0.0,0,,-0.20658825587901397
2024-06-27,101207.49415557685,0.0,0,,-0.20658825587901397
2024-06-28,101207.49415557685,0.0,0,,-0.20658825587901397
2024-07-01,101207.49415557685,0.0,0,,-0.20658825587901397
2024-07-02,101207.49415557685,0.0,0,,-0.20658825587901397
2024-07-03,101207.49415557685,0.0,0,,-0.20658825587901397
2024-07-05,101207.49415557685,0.0,0,,-0.20658825587901397
2024-07-08,101207.49415557685,0.0,0,,-0.20658825587901397
2024-07-09,101207.49415557685,0.0,0,,-0.20658825587901397
2024-07-10,101207.49415557685,0.0,0,,-0.20658825587901397
2024-07-11,101207.49415557685,0.0,0,,-0.20658825587901397
2024-07-12,101207.49415557685,0.0,0,,-0.20658825587901397
2024-07-15,101207.49415557685,0.0,0,,-0.20658825587901397
2024-07-16,101207.49415557685,0.0,0,,-0.20658825587901397
2024-07-17,101207.49415557685,0.0,0,,-0.20658825587901397
2024-07-18,101207.49415557685,0.0,0,,-0.20658825587901397
2024-07-19,101207.49415557685,0.0,0,,-0.20658825587901397
2024-07-22,101207.49415557685,0.0,0,,-0.20658825587901397
2024-07-23,101207.49415557685,0.0,0,,-0.20658825587901397
2024-07-24,101207.49415557685,0.0,0,,-0.20658825587901397
2024-07-25,101207.49415557685,0.0,0,,-0.20658825587901397
2024-07-26,101207.49415557685,0.0,0,,-0.20658825587901397
2024-07-29,101207.49415557685,0.0,0,,-0.20658825587901397
2024-07-30,101207.49415557685,0.0,0,,-0.20658825587901397
2024-07-31,101207.49415557685,0.0,0,,-0.20658825587901397
2024-08-01,101207.49415557685,0.0,0,,-0.20658825587901397
2024-08-02,101207.49415557685,0.0,0,,-0.20658825587901397
2024-08-05,101207.49415557685,0.0,0,,-0.20658825587901397
2024-08-06,101207.49415557685,0.0,0,,-0.20658825587901397
2024-08-07,101207.49415557685,0.0,0,,-0.20658825587901397
2024-08-08,101207.49415557685,0.0,0,,-0.20658825587901397
2024-08-09,103575.40368228916,0.023396582896048734,1,25.253214086805073,-0.1880251322369888
2024-08-12,101401.0413213216,-0.020993037764422184,1,25.253214086805073,-0.20507095129969943
2024-08-13,104886.91871644944,0.03437713606985282,1,25.58142736979893,-0.17774356722665052
2024-08-14,106992.25223800003,0.020072412721381827,1,26.33928496497018,-0.16123889674521275
2024-08-15,107751.5497227294,0.007096752043693311,1,26.567320006234304,-0.15528641717151892
2024-08-16,110719.73057108729,0.027546525836479763,1,27.302322387695312,-0.1320174926377089
2024-08-19,112169.29670112906,0.013092211501644524,1,27.860534872327534,-0.12065368207159399
2024-08-20,111548.05031228118,-0.005538470928485584,1,27.860534872327534,-0.1255239160895114
2024-08-21,112307.35437996301,0.00680696852662277,1,28.06749963760376,-0.11957138490904828
2024-08-22,110167.50643870393,-0.019053497903792294,1,28.06749963760376,-0.13634662968112254
2024-08-23,109684.31772869,-0.004385945780508105,1,28.06749963760376,-0.14013456653649414
2024-08-26,106474.54910827761,-0.0292636968244806,1,28.06749963760376,-0.16529740789122083
2024-08-27,106440.03468856913,-0.0003241565237659394,1,28.06749963760376,-0.1655679821818572
2024-08-28,104783.38204027642,-0.015564187414442987,1,28.06749963760376,-0.17855523849179056
2024-08-29,106992.25223800003,0.021080348378854197,1,28.156427587781632,-0.16123889674521275
2024-08-30,108648.90488629273,0.015483856201171875,1,28.83821303503854,-0.14825164043527939
2024-09-03,105301.08516999884,-0.030813193375465397,1,28.83821303503854,-0.1744967273457826
2024-09-04,105577.1939447143,0.002622088597374894,1,28.83821303503854,-0.17233218462746025
2024-09-05,104093.10681201157,-0.014056891239976221,1,28.83821303503854,-0.18396662109098083
2024-09-06,104679.83878115096,0.005636607332693222,1,28.83821303503854,-0.1793669613636999
2024-09-09,119417.15368314774,0.14078465417593322,1,31.2648195539202,-0.06383442281394314
2024-09-10,119969.37123257865,0.004624273250525723,1,31.35339089802333,-0.05950533737729857
2024-09-11,120279.99442700259,0.0025891874837098428,1,31.35339089802333,-0.057070220368339974
2024-09-12,120487.08094525352,0.0017217037566177318,1,31.477677277156285,-0.05544677462452141
2024-09-13,122834.00882181106,0.019478668236837304,1,32.12339196886335,-0.03704813571539789
2024-09-16,125318.99437720257,0.020230436010570507,1,32.77732229232788,-0.01756719964372866
2024-09-17,125802.1830872165,0.0038556701832410667,1,32.83875049863543,-0.01377926278835695
2024-09-18,125560.58873220954,-0.001920430544829821,1,32.83875049863543,-0.015673231216042804
2024-09-19,127113.70470432923,0.012369454363041488,1,33.24750144141061,-0.00349764617124948
2024-09-20,128390.70531878101,0.010046128522664954,1,33.47821419579642,0.0
2024-09-23,130979.22755034553,0.020161289909090163,1,34.19321434838431,0.0
2024-09-24,127355.29905933619,-0.02766796352968548,1,34.19321434838431,-0.02766796352968548
2024-09-25,128114.58996111312,0.005961989076113561,1,34.19321434838431,-0.021870930549894307
2024-09-26,128045.56112169614,-0.0005388054509476436,1,34.19321434838431,-0.022397951824244422
2024-09-27,127148.21254108526,-0.0070080412999090624,1,34.19321434838431,-0.029249027352735824
2024-09-30,128390.70531878101,0.009772003497841242,1,34.234822273254395,-0.01976284545249396
2024-10-01,125836.69092397254,-0.0198925178303766,1,34.234822273254395,-0.0392622305273278
2024-10-02,129391.60374146981,0.028250208992264936,1,34.359466280256,-0.012121187752962448
2024-10-03,135431.48894845368,0.046679112340641815,1,35.96660859244211,0.0
2024-10-04,138089.02685353026,0.019622747454900002,1,36.79196194240025,0.0
2024-10-07,134223.50400751396,-0.027992976227694255,1,36.79196194240025,-0.027992976227694255
2024-10-08,143058.99796431328,0.06582672701127446,1,37.9541072845459,0.0
2024-10-09,148857.28881629018,0.04053076656823307,1,39.459106990269255,0.0
2024-10-10,150203.31827015895,0.009042415487829691,1,39.86910697392055,0.0
2024-10-11,150168.797267498,-0.00022982849552533047,1,39.86910697392055,-0.00022982849552533047
2024-10-14,149789.158399562,-0.0025280808985888026,1,39.86910697392055,-0.0027573283690845996
2024-10-15,146441.33210031566,-0.022350257755745062,1,39.86910697392055,-0.025045959125063466
2024-10-16,144715.65061260597,-0.011784114928205969,1,39.86910697392055,-0.036534929592452414
2024-10-17,144957.24496761293,0.0016694417914320248,1,39.86910697392055,-0.034926480739329024
2024-10-18,148305.07126685928,0.02309526715959831,1,39.86910697392055,-0.012637849983350269
2024-10-21,147373.20168358748,-0.006283464046856424,1,39.86910697392055,-0.018841904554206756
2024-10-22,148201.52142478136,0.005620558770055739,1,39.86910697392055,-0.01332724781603778
2024-10-23,146993.54964974656,-0.008150872969599599,1,39.86910697392055,-0.021369492081654506
2024-10-24,150341.3759489929,0.022775327946181756,1,39.86910697392055,0.0
2024-10-25,154828.1451838571,0.029843875024706756,1,40.88714190891811,0.0
2024-10-28,155207.797217698,0.002452086688696564,1,41.37928594861712,0.0
2024-10-29,155069.73953886406,-0.0008895022112859197,1,41.53571401323591,-0.0008895022112859197
2024-10-30,150790.0436563459,-0.027598523704526978,1,41.53571401323591,-0.028463476967949486
2024-10-31,143139.793264635,-0.050734453059420814,0,,-0.077753851091232
2024-11-01,143139.793264635,0.0,0,,-0.077753851091232
2024-11-04,143139.793264635,0.0,0,,-0.077753851091232
2024-11-05,143139.793264635,0.0,0,,-0.077753851091232
2024-11-06,143139.793264635,0.0,0,,-0.077753851091232
2024-11-07,143139.793264635,0.0,0,,-0.077753851091232
2024-11-08,143139.793264635,0.0,0,,-0.077753851091232
2024-11-11,143139.793264635,0.0,0,,-0.077753851091232
2024-11-12,143139.793264635,0.0,0,,-0.077753851091232
2024-11-13,143139.793264635,0.0,0,,-0.077753851091232
2024-11-14,143139.793264635,0.0,0,,-0.077753851091232
2024-11-15,143139.793264635,0.0,0,,-0.077753851091232
2024-11-18,143139.793264635,0.0,0,,-0.077753851091232
2024-11-19,143139.793264635,0.0,0,,-0.077753851091232
2024-11-20,143139.793264635,0.0,0,,-0.077753851091232
2024-11-21,143139.793264635,0.0,0,,-0.077753851091232
2024-11-22,143139.793264635,0.0,0,,-0.077753851091232
2024-11-25,143139.793264635,0.0,0,,-0.077753851091232
2024-11-26,143139.793264635,0.0,0,,-0.077753851091232
2024-11-27,143139.793264635,0.0,0,,-0.077753851091232
2024-11-29,143139.793264635,0.0,0,,-0.077753851091232
2024-12-02,143139.793264635,0.0,0,,-0.077753851091232
2024-12-03,143139.793264635,0.0,0,,-0.077753851091232
2024-12-04,143139.793264635,0.0,0,,-0.077753851091232
2024-12-05,143139.793264635,0.0,0,,-0.077753851091232
2024-12-06,143139.793264635,0.0,0,,-0.077753851091232
2024-12-09,143139.793264635,0.0,0,,-0.077753851091232
2024-12-10,143139.793264635,0.0,0,,-0.077753851091232
2024-12-11,143139.793264635,0.0,0,,-0.077753851091232
2024-12-12,143139.793264635,0.0,0,,-0.077753851091232
2024-12-13,143139.793264635,0.0,0,,-0.077753851091232
2024-12-16,143139.793264635,0.0,0,,-0.077753851091232
2024-12-17,143139.793264635,0.0,0,,-0.077753851091232
2024-12-18,143139.793264635,0.0,0,,-0.077753851091232
2024-12-19,143139.793264635,0.0,0,,-0.077753851091232
2024-12-20,143139.793264635,0.0,0,,-0.077753851091232
2024-12-23,143139.793264635,0.0,0,,-0.077753851091232
2024-12-24,143139.793264635,0.0,0,,-0.077753851091232
2024-12-26,143139.793264635,0.0,0,,-0.077753851091232
2024-12-27,143139.793264635,0.0,0,,-0.077753851091232
2024-12-30,143139.793264635,0.0,0,,-0.077753851091232
2024-12-31,143139.793264635,0.0,0,,-0.077753851091232
2025-01-02,143139.793264635,0.0,0,,-0.077753851091232
2025-01-03,143139.793264635,0.0,0,,-0.077753851091232
2025-01-06,143139.793264635,0.0,0,,-0.077753851091232
2025-01-07,143139.793264635,0.0,0,,-0.077753851091232
2025-01-08,143139.793264635,0.0,0,,-0.077753851091232
2025-01-10,143139.793264635,0.0,0,,-0.077753851091232
2025-01-13,143139.793264635,0.0,0,,-0.077753851091232
2025-01-14,143139.793264635,0.0,0,,-0.077753851091232
2025-01-15,143139.793264635,0.0,0,,-0.077753851091232
2025-01-16,143139.793264635,0.0,0,,-0.077753851091232
2025-01-17,143139.793264635,0.0,0,,-0.077753851091232
2025-01-21,143139.793264635,0.0,0,,-0.077753851091232
2025-01-22,147472.16492573457,0.030266717327793957,1,67.03339576721191,-0.0498404875955637
2025-01-23,151520.1205246044,0.027448946727732126,1,69.352324622018,-0.023759609756726308
2025-01-24,151426.93064773016,-0.0006150330170777707,0,,-0.02436002982933083
2025-01-27,151426.93064773016,0.0,0,,-0.02436002982933083
2025-01-28,151426.93064773016,0.0,0,,-0.02436002982933083
2025-01-29,151426.93064773016,0.0,0,,-0.02436002982933083
2025-01-30,153467.57429475876,0.013476094630590074,1,71.90124893188477,-0.01121221326592492
2025-01-31,155867.2701977946,0.015636501157090255,1,72.9641034262521,0.0
2025-02-03,158229.18185730278,0.01515335231386894,1,73.871246610369,0.0
2025-02-04,196189.83354522014,0.2399092963910523,1,90.40410668509347,0.0
2025-02-05,191522.6937994776,-0.023788897015740718,1,90.40410668509347,-0.023788897015740718
2025-02-06,210266.82126950307,0.09786896319268767,1,96.14606748308454,0.0
2025-02-07,209454.32308199367,-0.0038641293124795917,1,96.14606748308454,-0.0038641293124795917
2025-02-10,220413.5989484976,0.0523229872042974,1,100.13124792916435,0.0
2025-02-11,212798.7980647975,-0.03454778162521355,1,100.13124792916435,-0.03454778162521355
2025-02-12,221811.8466144563,0.04235479068314252,1,100.13124792916435,0.0
2025-02-13,222794.40993775195,0.004429715266757173,1,100.25910786220005,0.0
2025-02-14,225156.32159726016,0.010601305751648527,1,101.94482394627163,0.0
2025-02-18,235473.1499960762,0.04582073612514348,1,107.42803682599748,0.0
2025-02-19,211740.65183848183,-0.1007864300366722,1,107.42803682599748,-0.1007864300366722
2025-02-20,194159.79281861815,-0.08303015442341488,0,,-0.17544827161035748
2025-02-21,194159.79281861815,0.0,0,,-0.17544827161035748
2025-02-24,194159.79281861815,0.0,0,,-0.17544827161035748
2025-02-25,194159.79281861815,0.0,0,,-0.17544827161035748
2025-02-26,194159.79281861815,0.0,0,,-0.17544827161035748
2025-02-27,194159.79281861815,0.0,0,,-0.17544827161035748
2025-02-28,194159.79281861815,0.0,0,,-0.17544827161035748
2025-03-03,194159.79281861815,0.0,0,,-0.17544827161035748
2025-03-04,194159.79281861815,0.0,0,,-0.17544827161035748
2025-03-05,194159.79281861815,0.0,0,,-0.17544827161035748
2025-03-06,194159.79281861815,0.0,0,,-0.17544827161035748
2025-03-07,194159.79281861815,0.0,0,,-0.17544827161035748
2025-03-10,194159.79281861815,0.0,0,,-0.17544827161035748
2025-03-11,194159.79281861815,0.0,0,,-0.17544827161035748
2025-03-12,194159.79281861815,0.0,0,,-0.17544827161035748
2025-03-13,194159.79281861815,0.0,0,,-0.17544827161035748
2025-03-14,194159.79281861815,0.0,0,,-0.17544827161035748
2025-03-17,194159.79281861815,0.0,0,,-0.17544827161035748
2025-03-18,194159.79281861815,0.0,0,,-0.17544827161035748
2025-03-19,194159.79281861815,0.0,0,,-0.17544827161035748
2025-03-20,194159.79281861815,0.0,0,,-0.17544827161035748
2025-03-21,194159.79281861815,0.0,0,,-0.17544827161035748
2025-03-24,194159.79281861815,0.0,0,,-0.17544827161035748
2025-03-25,192433.2157569084,-0.008892557190368966,1,80.95268086024693,-0.18278064501147995
2025-03-26,184017.99912065992,-0.0437305825979597,1,80.95268086024693,-0.21851812351545685
2025-03-27,179650.85702412846,-0.023732146406330257,1,80.95268086024693,-0.23706436582208168
2025-03-28,171195.7645502674,-0.04706402526499209,1,80.95268086024693,-0.27297118778459406
2025-03-31,159290.83186178078,-0.06953987862819488,0,,-0.32352868314525407
2025-04-01,159290.83186178078,0.0,0,,-0.32352868314525407
2025-04-02,159290.83186178078,0.0,0,,-0.32352868314525407
2025-04-03,159290.83186178078,0.0,0,,-0.32352868314525407
2025-04-04,147014.58304992758,-0.0770681442765363,1,66.61196708679199,-0.37566307219155404
2025-04-07,132195.97512398523,-0.10079685714518405,0,,-0.438594272314325
2025-04-08,122536.72131842493,-0.07306768452292889,1,66.71053913661412,-0.4796148889142273
2025-04-09,123729.62825918617,0.009735097593001063,0,,-0.47454888907186255
2025-04-10,123809.84095313666,0.0006482901070588021,1,68.75911031450545,-0.4742082443149048
2025-04-11,123753.9479336087,-0.00045144246287431855,1,69.1037540435791,-0.4744456090400503
2025-04-14,129442.01696765127,0.0459627278888437,1,72.1576818738665,-0.45028969557757126
2025-04-15,137519.91243165632,0.06240551293343799,1,77.95732498168945,-0.41598474206529323
2025-04-16,129567.79225539489,-0.05782522716638161,1,77.95732498168945,-0.4497555570240006
2025-04-17,131063.18109739025,0.011541362370733,1,77.95732498168945,-0.4434049865151325
2025-04-21,126898.45807764411,-0.03177645304253229,1,77.95732498168945,-0.4610916018248421
2025-04-22,129799.05742866904,0.022857640628305864,0,,-0.44877342732777836
2025-04-23,129799.05742866904,0.0,0,,-0.44877342732777836
2025-04-24,137582.8743776446,0.05996820857696239,1,85.8730343409947,-0.41571735724460646
2025-04-25,143965.45351736865,0.04639079659147716,1,91.82660647800991,-0.3886120200126103
2025-04-28,146352.54162168087,0.0165809786027884,1,95.42696680341447,-0.3784746089984373
2025-04-29,148177.95964520366,0.01247274562707279,1,98.08982276916504,-0.3707224808957079
2025-04-30,151190.53777827683,0.020330811277780247,1,101.84625325884139,-0.35792875841344884
2025-05-01,148331.1353115696,-0.01891257554028003,1,101.84625325884139,-0.3700719792721958
2025-05-02,158645.38553873394,0.06953530157710475,1,107.60410690307617,-0.32626974437901923
2025-05-05,157994.35973955007,-0.004103654177983751,1,107.96642657688686,-0.3290345003573324
2025-05-06,137614.12113341904,-0.1289934567267298,0,,-0.4155846595006174
2025-05-07,137614.12113341904,0.0,0,,-0.4155846595006174
2025-05-08,137614.12113341904,0.0,0,,-0.4155846595006174
2025-05-09,137614.12113341904,0.0,0,,-0.4155846595006174
2025-05-12,137614.12113341904,0.0,0,,-0.4155846595006174
2025-05-13,137614.12113341904,0.0,0,,-0.4155846595006174
2025-05-14,137614.12113341904,0.0,0,,-0.4155846595006174
2025-05-15,137614.12113341904,0.0,0,,-0.4155846595006174
2025-05-16,137614.12113341904,0.0,0,,-0.4155846595006174
2025-05-19,137614.12113341904,0.0,0,,-0.4155846595006174
2025-05-20,137614.12113341904,0.0,0,,-0.4155846595006174
2025-05-21,137614.12113341904,0.0,0,,-0.4155846595006174
2025-05-22,137614.12113341904,0.0,0,,-0.4155846595006174
2025-05-23,137614.12113341904,0.0,0,,-0.4155846595006174
2025-05-27,137614.12113341904,0.0,0,,-0.4155846595006174
2025-05-28,137614.12113341904,0.0,0,,-0.4155846595006174
2025-05-29,137614.12113341904,0.0,0,,-0.4155846595006174
2025-05-30,137614.12113341904,0.0,0,,-0.4155846595006174
2025-06-02,137614.12113341904,0.0,0,,-0.4155846595006174
2025-06-03,137614.12113341904,0.0,0,,-0.4155846595006174
2025-06-04,137614.12113341904,0.0,0,,-0.4155846595006174
2025-06-05,137614.12113341904,0.0,0,,-0.4155846595006174
2025-06-06,137614.12113341904,0.0,0,,-0.4155846595006174
2025-06-09,137614.12113341904,0.0,0,,-0.4155846595006174
2025-06-10,137614.12113341904,0.0,0,,-0.4155846595006174
2025-06-11,137614.12113341904,0.0,0,,-0.4155846595006174
2025-06-12,137614.12113341904,0.0,0,,-0.4155846595006174
2025-06-13,137614.12113341904,0.0,0,,-0.4155846595006174
2025-06-16,137614.12113341904,0.0,0,,-0.4155846595006174
2025-06-17,137614.12113341904,0.0,0,,-0.4155846595006174
2025-06-18,137614.12113341904,0.0,0,,-0.4155846595006174
2025-06-20,137614.12113341904,0.0,0,,-0.4155846595006174
2025-06-23,137614.12113341904,0.0,0,,-0.4155846595006174
2025-06-24,137614.12113341904,0.0,0,,-0.4155846595006174
2025-06-25,137614.12113341904,0.0,0,,-0.4155846595006174
2025-06-26,137614.12113341904,0.0,0,,-0.4155846595006174
2025-06-27,137614.12113341904,0.0,0,,-0.4155846595006174
2025-06-30,137614.12113341904,0.0,0,,-0.4155846595006174
2025-07-01,137614.12113341904,0.0,0,,-0.4155846595006174
2025-07-02,137614.12113341904,0.0,0,,-0.4155846595006174
2025-07-03,137614.12113341904,0.0,0,,-0.4155846595006174
2025-07-07,142254.80624495505,0.03372244849085493,1,123.19178118024554,-0.39587674328336153
2025-07-08,142858.11265894136,0.004241026576968121,1,124.38804353986468,-0.39331464049586173
2025-07-09,146355.17414511813,0.024479264222996067,1,127.7776848929269,-0.3784634292803365
2025-07-10,145710.97327045325,-0.004401626921820445,1,127.7776848929269,-0.3811992013829122
2025-07-11,145301.96625319726,-0.002806974712171062,1,127.7776848929269,-0.3829361595765016
2025-07-14,152510.81244869405,0.049612860592230135,1,133.50177873883928,-0.3523218572850645
2025-07-15,151927.97666897337,-0.0038216030087490083,1,133.50177873883928,-0.3547970260239649
2025-07-16,154310.4807709026,0.015681799719615253,1,136.13750403267997,-0.3446790822075725
2025-07-17,157459.88473215,0.02040952724347478,1,139.29875891549247,-0.3313042920826691
2025-07-18,156979.29290543456,-0.003052154061543799,1,140.86625834873743,-0.3333452544035259
2025-07-21,155210.29932938932,-0.011268961296130198,1,140.86625834873743,-0.3408577609295341
2025-07-22,152429.0235273369,-0.017919402346811886,1,140.86625834873743,-0.3526691959152163
2025-07-23,158114.30532133015,0.037297895521673174,1,142.30376161847795,-0.3285251192165014
2025-07-24,158349.48357612148,0.0014873939098261069,1,142.61322021484375,-0.32752637156822284
2025-07-25,162378.2666668251,0.025442350677240544,1,146.8103632245745,-0.3104170616924652
2025-07-28,161437.53804504225,-0.005793439239704878,1,146.8103632245745,-0.31441211854628703
2025-07-29,159760.58431010455,-0.010387631992193946,1,146.8103632245745,-0.32153375315713606
2025-07-30,162183.98287271234,0.015168939028814776,1,146.8103632245745,-0.31124214002566786
2025-07-31,161918.1298717577,-0.0016392062659066342,1,146.8103632245745,-0.3123711562254302
2025-08-01,157746.19276475272,-0.02576571944296313,1,146.8103632245745,-0.33008840809501494
2025-08-04,164280.17894203888,0.041420880357032175,1,147.80036217825753,-0.3023400801969296
2025-08-05,177174.3225341465,0.07848873598230566,1,158.29714856828963,-0.24758163494606988
2025-08-06,183585.59412416178,0.03618623454185732,1,163.72588511875696,-0.22035444751462763
2025-08-07,186305.53603650513,0.014815660920016516,1,165.7983899797712,-0.20880348337120547
2025-08-08,191172.8037959864,0.026125191247819757,1,170.2530414036342,-0.18813332305966934
2025-08-11,186796.34757773584,-0.022892671610973414,1,170.2530414036342,-0.20671912028675654
2025-08-12,191183.02351050163,0.023483735038985598,1,170.3132155282157,-0.18808992229607746
2025-08-13,188524.43109048496,-0.013906006774030533,1,170.3132155282157,-0.19938034933653181
2025-08-14,185098.95441376764,-0.01816993509490139,1,170.3132155282157,-0.21392755642478967
2025-08-15,181162.195561554,-0.02126840135149266,1,170.3132155282157,-0.23064606064609572
2025-08-18,177951.44210797994,-0.017723087554892936,1,170.3132155282157,-0.2442813878739668
2025-08-19,173889.6816760956,-0.022825105454440053,0,,-0.2615307448896266
2025-08-20,173889.6816760956,0.0,0,,-0.2615307448896266
2025-08-21,173889.6816760956,0.0,0,,-0.2615307448896266
2025-08-22,173889.6816760956,0.0,0,,-0.2615307448896266
2025-08-25,173889.6816760956,0.0,0,,-0.2615307448896266
2025-08-26,173889.6816760956,0.0,0,,-0.2615307448896266
2025-08-27,167639.06564302425,-0.03594587081201506,1,141.521790095738,-0.2880756653324691
2025-08-28,168359.5527707964,0.00429784743197259,0,,-0.2850159231589594
2025-08-29,168359.5527707964,0.0,0,,-0.2850159231589594
2025-09-02,174656.0190271517,0.037398924817335644,1,136.22570855276925,-0.2582762874235892
2025-09-03,175404.27889827604,0.0042841917232065985,0,,-0.2550986008332632
2025-09-04,175404.27889827604,0.0,0,,-0.2550986008332632
2025-09-05,175404.27889827604,0.0,0,,-0.2550986008332632
2025-09-08,175404.27889827604,0.0,0,,-0.2550986008332632
2025-09-09,175404.27889827604,0.0,0,,-0.2550986008332632
2025-09-10,175404.27889827604,0.0,0,,-0.2550986008332632
2025-09-11,175404.27889827604,0.0,0,,-0.2550986008332632
2025-09-12,175404.27889827604,0.0,0,,-0.2550986008332632
2025-09-15,175404.27889827604,0.0,0,,-0.2550986008332632
2025-09-16,175404.27889827604,0.0,0,,-0.2550986008332632
2025-09-17,175404.27889827604,0.0,0,,-0.2550986008332632
2025-09-18,182033.255818087,0.03779256105636608,1,160.32393755231584,-0.22694686922428176
2025-09-19,187608.32451004427,0.030626649327904376,1,165.33500834873743,-0.20327084207617518
2025-09-22,184460.7779510569,-0.016777222264563574,1,165.33500834873743,-0.21663774424332172
2025-09-23,187772.90600609267,0.017955730707774453,1,166.15750776018416,-0.20257190253232005
2025-09-24,184697.35404202936,-0.01637910404370868,1,166.15750776018416,-0.2156330603081198
2025-09-25,184244.762775574,-0.0024504480251101857,1,166.15750776018416,-0.2175551107264494
2025-09-26,182650.42858059076,-0.008653348789757875,1,166.15750776018416,-0.2243258792620969
2025-09-29,183977.32961601188,0.007264702556313285,1,166.15750776018416,-0.2186908374943063
2025-09-30,187639.18157863393,0.01990382168425242,1,166.2864281790597,-0.20313979924352032
2025-10-01,190241.565665397,0.013869086748667714,1,168.36249705723353,-0.19208807599266797
2025-10-02,192401.6546388048,0.0113544533017933,1,170.86786106654577,-0.18291467777956483
2025-10-03,175492.89371528634,-0.08788261699339972,0,,-0.25472227420319193
2025-10-06,175492.89371528634,0.0,0,,-0.25472227420319193
2025-10-07,175492.89371528634,0.0,0,,-0.25472227420319193
2025-10-08,175492.89371528634,0.0,0,,-0.25472227420319193
2025-10-09,175492.89371528634,0.0,0,,-0.25472227420319193
2025-10-10,175492.89371528634,0.0,0,,-0.25472227420319193
2025-10-13,175492.89371528634,0.0,0,,-0.25472227420319193
2025-10-14,175492.89371528634,0.0,0,,-0.25472227420319193
2025-10-15,175492.89371528634,0.0,0,,-0.25472227420319193
2025-10-16,175492.89371528634,0.0,0,,-0.25472227420319193
2025-10-17,175492.89371528634,0.0,0,,-0.25472227420319193
2025-10-20,175492.89371528634,0.0,0,,-0.25472227420319193
2025-10-21,174700.67885870562,-0.004514227555367456,1,161.25107192993164,-0.2580866274493854
2025-10-22,174842.26348861074,0.0008104412119636084,0,,-0.2574853502765635
2025-10-23,174842.26348861074,0.0,0,,-0.2574853502765635
2025-10-24,176250.9729485651,0.008057030559125211,1,165.50339344569616,-0.2515028870531436
2025-10-27,180594.4694237119,0.024643815591386176,1,169.79623794555664,-0.23305706223099643
2025-10-28,180995.4214538905,0.0022201788983795545,1,169.86982236589705,-0.23135431170430032
2025-10-29,189787.43744195162,0.04857590273520218,1,178.61909920828683,-0.19401665351181585
2025-10-30,185720.7735372307,-0.02142746621975311,1,178.61909920828683,-0.21128683444237495
2025-10-31,191372.10544177462,0.0304291856904797,1,181.02196339198522,-0.18728693507109595
2025-11-03,197777.57850225965,0.03347129951723238,1,188.53016662597656,-0.16008437265329267
2025-11-04,179704.17311690788,-0.09138247885437267,0,,-0.2368379447087603
2025-11-05,179704.17311690788,0.0,0,,-0.2368379447087603
2025-11-06,179704.17311690788,0.0,0,,-0.2368379447087603
2025-11-07,179704.17311690788,0.0,0,,-0.2368379447087603
2025-11-10,188489.03969050953,0.04888515620550771,1,167.67964499337333,-0.19953064842573165
2025-11-11,185909.137809618,-0.01368727797185243,1,167.67964499337333,-0.21048689494867712
2025-11-12,179298.7241631741,-0.035557228247776296,1,167.67964499337333,-0.2385597926295977
2025-11-13,167586.9173854284,-0.06532007872564205,1,167.67964499337333,-0.2882971269199016
2025-11-14,162314.6997359147,-0.031459601571334206,0,,-0.31068701574417534
2025-11-17,162314.6997359147,0.0,0,,-0.31068701574417534
2025-11-18,162314.6997359147,0.0,0,,-0.31068701574417534
2025-11-19,162314.6997359147,0.0,0,,-0.31068701574417534
2025-11-20,162314.6997359147,0.0,0,,-0.31068701574417534
2025-11-21,162314.6997359147,0.0,0,,-0.31068701574417534
2025-11-24,162314.6997359147,0.0,0,,-0.31068701574417534
2025-11-25,162314.6997359147,0.0,0,,-0.31068701574417534
2025-11-26,162314.6997359147,0.0,0,,-0.31068701574417534
2025-11-28,162314.6997359147,0.0,0,,-0.31068701574417534
2025-12-01,162314.6997359147,0.0,0,,-0.31068701574417534
2025-12-02,162314.6997359147,0.0,0,,-0.31068701574417534
2025-12-03,162314.6997359147,0.0,0,,-0.31068701574417534
2025-12-04,162314.6997359147,0.0,0,,-0.31068701574417534
2025-12-05,162314.6997359147,0.0,0,,-0.31068701574417534
2025-12-08,161431.16789192084,-0.00544332611544962,1,162.50428608485632,-0.3144391711130936
2025-12-09,161742.47666433593,0.001928430404613879,1,163.39856175013952,-0.3131171147664559
2025-12-10,164261.98724794996,0.015577296920231909,0,,-0.30241733611374744
2025-12-11,164261.98724794996,0.0,0,,-0.30241733611374744
2025-12-12,162038.70609989765,-0.013534970477961594,1,169.326600755964,-0.3118590968753856
2025-12-15,161756.2330885668,-0.0017432440564953966,1,169.326600755964,-0.31305869441478895
2025-12-16,165728.41889428877,0.024556616643929052,1,171.9780333382743,-0.2961897401166528
2025-12-17,156495.28773949327,-0.055712419248293954,1,171.9780333382743,-0.3354007123865246
2025-12-18,163910.04265827365,0.04738005230625997,1,171.9780333382743,-0.3039119633766951
2025-12-19,170698.06900132282,0.04141312047121559,1,174.60786056518555,-0.2750847856574423
2025-12-22,171227.68569398636,0.0031026519266568187,1,175.53106253487724,-0.27283562607099954
2025-12-23,171360.09996894313,0.0007733228094515265,1,176.6533944266183,-0.2722732932744196
2025-12-24,171395.40236083223,0.00020601290437793907,1,176.9916043962751,-0.2721233721819737
2025-12-26,166575.82445922677,-0.028119645190125886,1,176.9916043962751,-0.2925910046984018
2025-12-29,162577.14502326984,-0.02400516070647274,1,176.9916043962751,-0.3095724713158211
2025-12-30,159628.9036800404,-0.018134414543984234,1,176.9916043962751,-0.32209297033355866
2025-12-31,156901.33932601774,-0.017086907766339032,1,176.9916043962751,-0.333676305223622
2026-01-02,155997.54964594878,-0.00576024197085423,0,,-0.3375144909364476
2026-01-05,155997.54964594878,0.0,0,,-0.3375144909364476
2026-01-06,155997.54964594878,0.0,0,,-0.3375144909364476
2026-01-07,155997.54964594878,0.0,0,,-0.3375144909364476
2026-01-08,148416.9022123122,-0.048594657100970884,1,167.24642617361886,-0.369707747083753
2026-01-09,148328.34689698572,-0.0005966659727192347,0,,-0.3700838210239368
2026-01-12,148328.34689698572,0.0,0,,-0.3700838210239368
2026-01-13,148328.34689698572,0.0,0,,-0.3700838210239368
2026-01-14,148328.34689698572,0.0,0,,-0.3700838210239368
2026-01-15,148328.34689698572,0.0,0,,-0.3700838210239368
2026-01-16,148328.34689698572,0.0,0,,-0.3700838210239368
2026-01-20,148328.34689698572,0.0,0,,-0.3700838210239368
2026-01-21,148328.34689698572,0.0,0,,-0.3700838210239368
2026-01-22,148328.34689698572,0.0,0,,-0.3700838210239368
2026-01-23,148328.34689698572,0.0,0,,-0.3700838210239368
2026-01-26,148328.34689698572,0.0,0,,-0.3700838210239368
2026-01-27,148328.34689698572,0.0,0,,-0.3700838210239368
2026-01-28,148328.34689698572,0.0,0,,-0.3700838210239368
2026-01-29,148328.34689698572,0.0,0,,-0.3700838210239368
2026-01-30,148328.34689698572,0.0,0,,-0.3700838210239368
2026-02-02,148328.34689698572,0.0,0,,-0.3700838210239368
2026-02-03,148328.34689698572,0.0,0,,-0.3700838210239368
2026-02-04,148328.34689698572,0.0,0,,-0.3700838210239368
2026-02-05,148328.34689698572,0.0,0,,-0.3700838210239368
2026-02-06,148328.34689698572,0.0,0,,-0.3700838210239368
2026-02-09,148328.34689698572,0.0,0,,-0.3700838210239368
2026-02-10,148328.34689698572,0.0,0,,-0.3700838210239368
2026-02-11,148328.34689698572,0.0,0,,-0.3700838210239368
2026-02-12,148328.34689698572,0.0,0,,-0.3700838210239368
2026-02-13,148328.34689698572,0.0,0,,-0.3700838210239368
2026-02-17,148328.34689698572,0.0,0,,-0.3700838210239368
2026-02-18,148328.34689698572,0.0,0,,-0.3700838210239368
2026-02-19,148328.34689698572,0.0,0,,-0.3700838210239368
2026-02-20,148328.34689698572,0.0,0,,-0.3700838210239368
2026-02-23,148328.34689698572,0.0,0,,-0.3700838210239368
2026-02-24,148328.34689698572,0.0,0,,-0.3700838210239368
2026-02-25,148328.34689698572,0.0,0,,-0.3700838210239368
2026-02-26,148328.34689698572,0.0,0,,-0.3700838210239368
2026-02-27,148328.34689698572,0.0,0,,-0.3700838210239368
2026-03-02,148328.34689698572,0.0,0,,-0.3700838210239368
2026-03-03,148328.34689698572,0.0,0,,-0.3700838210239368
2026-03-04,148328.34689698572,0.0,0,,-0.3700838210239368
2026-03-05,148328.34689698572,0.0,0,,-0.3700838210239368
2026-03-06,154721.9397122024,0.04310432192477043,1,139.66481835501534,-0.3429317112597312
2026-03-09,154003.25357588273,-0.004645017621007774,1,139.66481835501534,-0.3459838050391352
2026-03-10,148795.32532936332,-0.0338170014307736,1,139.66481835501534,-0.3681006716398758
2026-03-11,149248.1958396185,0.003043580228429432,1,139.66481835501534,-0.36617743533772107
2026-03-12,151118.71463737468,0.012532940765101364,1,139.66481835501534,-0.3582337746792241
2026-03-13,148608.2704451726,-0.01661239773132117,1,139.66481835501534,-0.36889505046478155
2026-03-16,150350.8161817,0.011725765539881694,1,139.66481835501534,-0.36149486179547274
2026-03-17,152674.2054897114,0.015453120688108335,1,139.66481835501534,-0.35162796483482095
2026-03-18,150400.04352313053,-0.014895521868192207,1,139.66481835501534,-0.36128580466334814
2026-03-19,153264.88852065126,0.01904816601386239,1,139.88427407400948,-0.349119470635165
2026-03-20,148342.45481910813,-0.03211716492313166,1,139.88427407400948,-0.37002390794203066
2026-03-23,158344.84370594192,0.0674276888503087,1,145.27463368007116,-0.3275460760236124
2026-03-24,152378.8564632037,-0.037677180406439414,1,145.27463368007116,-0.35288224383228883
2026-03-25,152556.0718879385,0.001162992221152459,1,145.27463368007116,-0.35212965091569615
2026-03-26,145270.86099640935,-0.04775431617615711,1,145.27463368007116,-0.38306825640702524
2026-03-27,142806.41913538173,-0.016964461035916423,0,,-0.39353417093302834
2026-03-30,142806.41913538173,0.0,0,,-0.39353417093302834
2026-03-31,142806.41913538173,0.0,0,,-0.39353417093302834
2026-04-01,142806.41913538173,0.0,0,,-0.39353417093302834
2026-04-02,142806.41913538173,0.0,0,,-0.39353417093302834
2026-04-06,142806.41913538173,0.0,0,,-0.39353417093302834
2026-04-07,142806.41913538173,0.0,0,,-0.39353417093302834
2026-04-08,142806.41913538173,0.0,0,,-0.39353417093302834
2026-04-09,142806.41913538173,0.0,0,,-0.39353417093302834
2026-04-10,142806.41913538173,0.0,0,,-0.39353417093302834
2026-04-13,142806.41913538173,0.0,0,,-0.39353417093302834
2026-04-14,142806.41913538173,0.0,0,,-0.39353417093302834
2026-04-15,142806.41913538173,0.0,0,,-0.39353417093302834
2026-04-16,142806.41913538173,0.0,0,,-0.39353417093302834
2026-04-17,142806.41913538173,0.0,0,,-0.39353417093302834
2026-04-20,142806.41913538173,0.0,0,,-0.39353417093302834
2026-04-21,142806.41913538173,0.0,0,,-0.39353417093302834
2026-04-22,142806.41913538173,0.0,0,,-0.39353417093302834
2026-04-23,142806.41913538173,0.0,0,,-0.39353417093302834
2026-04-24,142806.41913538173,0.0,0,,-0.39353417093302834
2026-04-27,142806.41913538173,0.0,0,,-0.39353417093302834
2026-04-28,141470.21754934217,-0.009356733360654013,1,124.77087756565639,-0.3992087099879559
2026-04-29,138253.62728839554,-0.02273687223125065,1,124.77087756565639,-0.412868824786608
2026-04-30,138551.53080843348,0.0021547609699710257,0,,-0.411603697446005
2026-05-01,138551.53080843348,0.0,0,,-0.411603697446005
2026-05-04,138551.53080843348,0.0,0,,-0.411603697446005
2026-05-05,138551.53080843348,0.0,0,,-0.411603697446005
2026-05-06,138551.53080843348,0.0,0,,-0.411603697446005
2026-05-07,138551.53080843348,0.0,0,,-0.411603697446005
2026-05-08,140314.3185439125,0.01272297552537549,1,122.04803357805524,-0.40411754568938907
2026-05-11,139387.71084512034,-0.006603800014195693,1,122.04803357805524,-0.40805263424962457
2026-05-12,138481.47241915952,-0.006501566174422546,1,122.04803357805524,-0.4119012192198257
2026-05-13,132422.91110826185,-0.04374997756060428,1,122.04803357805524,-0.437630527682377
2026-05-14,131817.57993264208,-0.0045711967102496365,0,,-0.44020122916418014
2026-05-15,131817.57993264208,0.0,0,,-0.44020122916418014
2026-05-18,131817.57993264208,0.0,0,,-0.44020122916418014
2026-05-19,131817.57993264208,0.0,0,,-0.44020122916418014
2026-05-20,131817.57993264208,0.0,0,,-0.44020122916418014
2026-05-21,131817.57993264208,0.0,0,,-0.44020122916418014
2026-05-22,131817.57993264208,0.0,0,,-0.44020122916418014
2026-05-26,131817.57993264208,0.0,0,,-0.44020122916418014
2026-05-27,131817.57993264208,0.0,0,,-0.44020122916418014
2026-05-28,131817.57993264208,0.0,0,,-0.44020122916418014
2026-05-29,139379.79216625067,0.057368768547206184,1,141.5323121207101,-0.4080862630470895
2026-06-01,143039.24697296496,0.026255275243554088,1,145.14392253330774,-0.3925454049629501
2026-06-02,135488.84392730577,-0.05278553407853337,1,145.14392253330774,-0.42461022019044004
2026-06-03,129039.13011756146,-0.047603283213522696,0,,-0.4520006628368809
2026-06-04,129039.13011756146,0.0,0,,-0.4520006628368809
2026-06-05,129039.13011756146,0.0,0,,-0.4520006628368809
2026-06-08,129039.13011756146,0.0,0,,-0.4520006628368809
2026-06-09,129039.13011756146,0.0,0,,-0.4520006628368809
2026-06-10,129039.13011756146,0.0,0,,-0.4520006628368809
2026-06-11,129039.13011756146,0.0,0,,-0.4520006628368809
2026-06-12,125967.0959136997,-0.023806997157087006,1,111.89945902143205,-0.4650468814988089
2026-06-15,127773.07022672181,0.0143368734503444,0,,-0.45737732633699013
2026-06-16,126311.47691844337,-0.01143897775708902,1,115.33696174621582,-0.4635843750315135
2026-06-17,124711.70961100973,-0.01266525692250886,0,,-0.4703782167389876
2026-06-18,124711.70961100973,0.0,0,,-0.4703782167389876
2026-06-22,124711.70961100973,0.0,0,,-0.4703782167389876
2026-06-23,124711.70961100973,0.0,0,,-0.4703782167389876
2026-06-24,124711.70961100973,0.0,0,,-0.4703782167389876
2026-06-25,124711.70961100973,0.0,0,,-0.4703782167389876
2026-06-26,124711.70961100973,0.0,0,,-0.4703782167389876
2026-06-29,124711.70961100973,0.0,0,,-0.4703782167389876
2026-06-30,124711.70961100973,0.0,0,,-0.4703782167389876
2026-07-01,124711.70961100973,0.0,0,,-0.4703782167389876
2026-07-02,124711.70961100973,0.0,0,,-0.4703782167389876
2026-07-06,124711.70961100973,0.0,0,,-0.4703782167389876
2026-07-07,124711.70961100973,0.0,0,,-0.4703782167389876
2026-07-08,124711.70961100973,0.0,0,,-0.4703782167389876
2026-07-09,124711.70961100973,0.0,0,,-0.4703782167389876
2026-07-10,124711.70961100973,0.0,0,,-0.4703782167389876
2026-07-13,124711.70961100973,0.0,0,,-0.4703782167389876
2026-07-14,124711.70961100973,0.0,0,,-0.4703782167389876
2026-07-15,123987.29616787341,-0.005808704294054223,1,115.97856957571847,-0.4734546330656405
2026-07-16,123171.94926173943,-0.006576051993504528,0,,-0.4769172227755397
2026-07-17,123542.74894589024,0.0030104231229048928,1,114.45429011753627,-0.47534252228778995
2026-07-20,125847.86096772087,0.018658416147435908,1,117.16536521911621,-0.46555324473377135
2026-07-21,123804.05592292543,-0.016240284332839527,1,117.16536521911621,-0.4742328120000584
2026-07-22,116254.1141474562,-0.060982992190251495,1,117.16536521911621,-0.5062956683197494
2026-07-23,115134.22506871083,-0.009633113519964653,1,117.16536521911621,-0.5110515781921234
2026-07-24,114714.2613241205,-0.0036476012613947395,1,117.16536521911621,-0.5128350670722669
2026-07-27,122749.48646835773,0.07004556409541829,1,117.16536521911621,-0.47871132453783727
2026-07-28,115283.54028983903,-0.06082262658136062,1,117.16536521911621,-0.5104174709865644
2026-07-29,114788.92249472515,-0.004290445920296593,1,117.16536521911621,-0.5125179983508186
2026-07-30,114098.32446683488,-0.006016242794874227,1,117.16536521911621,-0.5154508084308713
2026-07-31,113955.13114485265,-0.0012549993407120486,0,,-0.5160589173468332
2026-08-03,113955.13114485265,0.0,0,,-0.5160589173468332
2026-08-04,113955.13114485265,0.0,0,,-0.5160589173468332
2026-08-05,111276.97708157946,-0.02350182950400792,1,140.97321156093054,-0.5274324181613329
2026-08-06,109514.0242688273,-0.015842925095455374,1,140.97321156093054,-0.5349192709629433
2026-08-07,120815.20609364887,0.10319392333789357,1,148.8403489249093,-0.4869257658647618
2026-08-10,123076.84857678719,0.018719849564178492,1,151.148741040911,-0.477321093386494
2026-08-11,122873.16507147484,-0.0016549294824141914,1,151.57124873570032,-0.4781860901188847
2026-08-12,120133.90325583219,-0.022293409745319348,1,151.57124873570032,-0.4898191014226716
2026-08-13,125731.8183235384,0.04659729615032249,1,154.45195307050432,-0.46604605100142615
2026-08-14,122241.0227829277,-0.02776381974869757,1,154.45195307050432,-0.4808706521955277
2026-08-17,121194.49361024998,-0.008561194506169323,1,154.45195307050432,-0.4853150195159427
2026-08-18,120485.08984368145,-0.005853432325480967,1,154.45195307050432,-0.4883276932181476
2026-08-19,123048.75836539947,0.02127789027708027,1,154.45195307050432,-0.47744038601662275
2026-08-20,122184.84236015225,-0.007020924198859246,1,154.45195307050432,-0.48110923745578515
2026-08-21,126385.03094996736,0.034375692669264435,1,155.90731838771276,-0.463272008073645
2026-08-24,123540.41744491558,-0.022507519155317457,1,157.25731495448522,-0.47535242363312247
2026-08-25,121320.91563754092,-0.017965794946130043,1,157.25731495448522,-0.4847781344091139
2026-08-26,124671.23868648475,0.027615378859761286,1,158.2065990992955,-0.4705500873939886
2026-08-27,130592.23941328836,0.047492916483274694,1,167.9098069327218,-0.4454049669125143
2026-08-28,130845.0941852344,0.0019362159120790423,1,169.11623982020788,-0.44433115118469035
2026-08-31,130908.315916244,0.00048317998778091287,1,169.39732142857142,-0.4440626631171095
2026-09-01,126370.98048559144,-0.03466040639889967,1,169.39732142857142,-0.4633316771457925
2026-09-02,118801.66440469632,-0.05989758132610323,0,,-0.49547681165909585
2026-09-03,118801.66440469632,0.0,0,,-0.49547681165909585
2026-09-04,118801.66440469632,0.0,0,,-0.49547681165909585
2026-09-08,118801.66440469632,0.0,0,,-0.49547681165909585
2026-09-09,118801.66440469632,0.0,0,,-0.49547681165909585
2026-09-10,118801.66440469632,0.0,0,,-0.49547681165909585
2026-09-11,118801.66440469632,0.0,0,,-0.49547681165909585
2026-09-14,118801.66440469632,0.0,0,,-0.49547681165909585
2026-09-15,118801.66440469632,0.0,0,,-0.49547681165909585
2026-09-16,121373.67521955988,0.02164961936982679,1,156.14624731881278,-0.4845540766682639
2026-09-17,122696.44164706054,0.01089829755181948,1,158.77607618059432,-0.4789365936239224
2026-09-18,123671.10270057996,0.007943678239040297,1,159.86178261893136,-0.4747974335815326
2026-09-21,127465.33336157816,0.030680009946902675,1,164.87070792061942,-0.45868421361967515
2026-09-22,128788.09978907881,0.010377460228722768,1,167.35821860177177,-0.45306673057533364
2026-09-23,133522.17990389743,0.036758676636830634,1,174.75820650373186,-0.4329621873826278
2026-09-24,134726.50661965582,0.009019675357496482,0,,-0.42784769039739423
