timestamp,equity,daily_return,position,stop_price,drawdown
2020-01-02,100000.0,0.0,0,,0.0
2020-01-03,100000.0,0.0,0,,0.0
2020-01-06,100000.0,0.0,0,,0.0
2020-01-07,100000.0,0.0,0,,0.0
2020-01-08,100000.0,0.0,0,,0.0
2020-01-09,100000.0,0.0,0,,0.0
2020-01-10,100000.0,0.0,0,,0.0
2020-01-13,100000.0,0.0,0,,0.0
2020-01-14,100000.0,0.0,0,,0.0
2020-01-15,100000.0,0.0,0,,0.0
2020-01-16,100000.0,0.0,0,,0.0
2020-01-17,100000.0,0.0,0,,0.0
2020-01-21,100000.0,0.0,0,,0.0
2020-01-22,100000.0,0.0,0,,0.0
2020-01-23,100000.0,0.0,0,,0.0
2020-01-24,100000.0,0.0,0,,0.0
2020-01-27,100000.0,0.0,0,,0.0
2020-01-28,100000.0,0.0,0,,0.0
2020-01-29,100000.0,0.0,0,,0.0
2020-01-30,100000.0,0.0,0,,0.0
2020-01-31,100000.0,0.0,0,,0.0
2020-02-03,100000.0,0.0,0,,0.0
2020-02-04,100151.53458195471,0.0015153458195471536,1,319.91357421875,0.0
2020-02-05,101308.08539846879,0.011548008938072396,1,323.3082013811384,0.0
2020-02-06,101648.9724310013,0.0033648551464744436,1,324.6675120762416,0.0
2020-02-07,101107.21831131727,-0.005329656628371482,1,324.6675120762416,-0.005329656628371482
2020-02-10,101862.01637708447,0.007465323231850007,1,324.7853491646903,0.0
2020-02-11,102038.54832281654,0.001733049786473595,1,325.26536669049943,0.0
2020-02-12,102695.95938179638,0.006442771577855,1,327.491446358817,0.0
2020-02-13,102586.38622785544,-0.0010669665544831286,1,327.59750475202287,-0.0010669665544831286
2020-02-14,102750.74131465588,0.0016021140118473998,1,328.9553680419922,0.0
2020-02-18,102485.95268427969,-0.0025769997081123153,1,328.9553680419922,-0.0025769997081123153
2020-02-19,102975.96211967069,0.004781235111318338,1,330.01143319266185,0.0
2020-02-20,102552.91147607083,-0.004108246574168639,1,330.01143319266185,-0.004108246574168639
2020-02-21,101496.79420313251,-0.010298267087080704,1,330.01143319266185,-0.014364205840769029
2020-02-24,98202.22494104433,-0.03245983568204658,0,,-0.046357781761521055
2020-02-25,98202.22494104433,0.0,0,,-0.046357781761521055
2020-02-26,98202.22494104433,0.0,0,,-0.046357781761521055
2020-02-27,98202.22494104433,0.0,0,,-0.046357781761521055
2020-02-28,98202.22494104433,0.0,0,,-0.046357781761521055
2020-03-02,98202.22494104433,0.0,0,,-0.046357781761521055
2020-03-03,98202.22494104433,0.0,0,,-0.046357781761521055
2020-03-04,98202.22494104433,0.0,0,,-0.046357781761521055
2020-03-05,98202.22494104433,0.0,0,,-0.046357781761521055
2020-03-06,98202.22494104433,0.0,0,,-0.046357781761521055
2020-03-09,98202.22494104433,0.0,0,,-0.046357781761521055
2020-03-10,98202.22494104433,0.0,0,,-0.046357781761521055
2020-03-11,98202.22494104433,0.0,0,,-0.046357781761521055
2020-03-12,98202.22494104433,0.0,0,,-0.046357781761521055
2020-03-13,98202.22494104433,0.0,0,,-0.046357781761521055
2020-03-16,98202.22494104433,0.0,0,,-0.046357781761521055
2020-03-17,98202.22494104433,0.0,0,,-0.046357781761521055
2020-03-18,98202.22494104433,0.0,0,,-0.046357781761521055
2020-03-19,98202.22494104433,0.0,0,,-0.046357781761521055
2020-03-20,98202.22494104433,0.0,0,,-0.046357781761521055
2020-03-23,98202.22494104433,0.0,0,,-0.046357781761521055
2020-03-24,98202.22494104433,0.0,0,,-0.046357781761521055
2020-03-25,98202.22494104433,0.0,0,,-0.046357781761521055
2020-03-26,98202.22494104433,0.0,0,,-0.046357781761521055
2020-03-27,98202.22494104433,0.0,0,,-0.046357781761521055
2020-03-30,98202.22494104433,0.0,0,,-0.046357781761521055
2020-03-31,98202.22494104433,0.0,0,,-0.046357781761521055
2020-04-01,98202.22494104433,0.0,0,,-0.046357781761521055
2020-04-02,98202.22494104433,0.0,0,,-0.046357781761521055
2020-04-03,98202.22494104433,0.0,0,,-0.046357781761521055
2020-04-06,98202.22494104433,0.0,0,,-0.046357781761521055
2020-04-07,98202.22494104433,0.0,0,,-0.046357781761521055
2020-04-08,98202.22494104433,0.0,0,,-0.046357781761521055
2020-04-09,98202.22494104433,0.0,0,,-0.046357781761521055
2020-04-13,97531.49829289579,-0.00683005551606608,1,247.04536655970983,-0.05287121105455428
2020-04-14,100407.98217454444,0.029492870836560936,1,256.6221487862723,-0.024937664016597805
2020-04-15,98274.50322280634,-0.021248101052656954,1,256.6221487862723,-0.04565588706421286
2020-04-16,98748.60845680923,0.004824295401707701,1,256.6221487862723,-0.041051849148529884
2020-04-17,101416.34523674802,0.027015436689475925,1,263.36680276053295,-0.01514544609071189
2020-04-20,99629.59400083814,-0.017617980925449972,1,263.36680276053295,-0.03249659483582834
2020-04-21,96604.51561167743,-0.030363251195576146,1,263.36680276053295,-0.06187314375940334
2020-04-22,98748.60845680923,0.022194540612888503,1,263.36680276053295,-0.041051849148529884
2020-04-23,98741.52532958006,-7.172888144812983e-05,1,263.36680276053295,-0.041120633426757314
2020-04-24,100117.85469184935,0.013938708741589423,1,263.36680276053295,-0.02775509321777314
2020-04-27,101561.39818064551,0.014418442077481775,1,268.4785592215402,-0.01373683634420697
2020-04-28,101094.37607387178,-0.004598421399664487,1,268.4785592215402,-0.01827208998166263
2020-04-29,103740.87426957308,0.026178490817010847,1,275.6903512137277,0.0
2020-04-30,102774.97757839442,-0.009310666581320182,1,275.6903512137277,-0.009310666581320182
2020-05-01,100054.17133148703,-0.026473430702838363,1,275.6903512137277,-0.03553761199762073
2020-05-04,100330.1433571738,0.0027582260890699484,1,275.6903512137277,-0.032877406677106036
2020-05-05,101257.12603839218,0.00923932379841541,1,275.6903512137277,-0.023941847884632494
2020-05-06,100570.73213906481,-0.006778721915009833,1,275.6903512137277,-0.030558274670700936
2020-05-07,101784.30073936368,0.012066816801341362,1,275.6903512137277,-0.01886019897157598
2020-05-08,103468.4438075009,0.0165461967700673,1,276.6953571864537,-0.002626066764815027
2020-05-11,103489.67159428833,0.00020516194122843778,1,277.7285712105887,-0.0024214435925418165
2020-05-12,101426.95913014174,-0.01993157802483969,1,277.7285712105887,-0.02230475842548396
2020-05-13,99633.13556445274,-0.01768586558320584,1,277.7285712105887,-0.03959614504931086
2020-05-14,98115.98485126272,-0.015227370940349094,0,,-0.05422057080118636
2020-05-15,98115.98485126272,0.0,0,,-0.05422057080118636
2020-05-18,98115.98485126272,0.0,0,,-0.05422057080118636
2020-05-19,97176.89008455489,-0.009571271879209475,1,277.10000501360213,-0.06327288285581167
2020-05-20,98827.7327822131,0.016988017379665044,1,280.3442829677037,-0.047359746309762696
2020-05-21,98145.43173210825,-0.006903943163488746,1,280.3442829677037,-0.05393672047649167
2020-05-22,98331.81670649453,0.0018990692801170717,1,280.3442829677037,-0.05214008076530163
2020-05-26,99543.31904000537,0.012320552737543622,1,283.64605930873324,-0.04046192264256665
2020-05-27,101024.42444573066,0.014879003633885723,1,287.735353742327,-0.026184952102713654
2020-05-28,100838.03947134438,-0.0018449496288533984,1,287.735353742327,-0.027981591813903695
2020-05-29,101287.36438207605,0.004455906849114788,1,288.6521519252232,-0.02365036833140166
2020-06-01,101696.74094925124,0.004041733830006056,1,290.0553468976702,-0.019704222995172715
2020-06-02,102538.80490192406,0.008280146883891115,1,293.42284611293246,-0.011587229971914526
2020-06-03,103903.41715935309,0.01330825201965502,1,298.0746372767857,0.0
2020-06-04,103630.49267642341,-0.00262671325343522,1,298.71891239711215,-0.00262671325343522
2020-06-05,106286.49379725693,0.025629532893630458,1,305.82034955705916,0.0
2020-06-08,107571.22968201165,0.012087480157218833,1,310.8232214791434,0.0
2020-06-09,106769.103915676,-0.007456694217466864,1,310.8232214791434,-0.007456694217466864
2020-06-10,106173.3322168952,-0.0055800009265912776,1,310.8232214791434,-0.012995086783415322
2020-06-11,103296.66284983838,-0.027094085746317553,0,,-0.03973708253414221
2020-06-12,103296.66284983838,0.0,0,,-0.03973708253414221
2020-06-15,103296.66284983838,0.0,0,,-0.03973708253414221
2020-06-16,103296.66284983838,0.0,0,,-0.03973708253414221
2020-06-17,103296.66284983838,0.0,0,,-0.03973708253414221
2020-06-18,103296.66284983838,0.0,0,,-0.03973708253414221
2020-06-19,103296.66284983838,0.0,0,,-0.03973708253414221
2020-06-22,103296.66284983838,0.0,0,,-0.03973708253414221
2020-06-23,103296.66284983838,0.0,0,,-0.03973708253414221
2020-06-24,103296.66284983838,0.0,0,,-0.03973708253414221
2020-06-25,103296.66284983838,0.0,0,,-0.03973708253414221
2020-06-26,103296.66284983838,0.0,0,,-0.03973708253414221
2020-06-29,103296.66284983838,0.0,0,,-0.03973708253414221
2020-06-30,103296.66284983838,0.0,0,,-0.03973708253414221
2020-07-01,103458.46302869155,0.001566364046904134,1,293.9503391810826,-0.038232961224648365
2020-07-02,104540.83917526001,0.010461939167492718,0,,-0.02817101297168101
2020-07-06,104608.62202897368,0.0006483863554991309,1,302.51426369803295,-0.027540892316613386
2020-07-07,103901.53538250078,-0.006759353414263147,0,,-0.03411408710636432
2020-07-08,103901.53538250078,0.0,0,,-0.03411408710636432
2020-07-09,103901.53538250078,0.0,0,,-0.03411408710636432
2020-07-10,103901.53538250078,0.0,0,,-0.03411408710636432
2020-07-13,102031.56053842726,-0.017997566996381997,1,306.2139347621373,-0.051497683534529104
2020-07-14,103353.78933890484,0.01295901771471586,1,306.2139347621373,-0.03920602521300409
2020-07-15,104303.32474912408,0.009187233639839087,1,307.51786150251115,-0.030378986486886306
2020-07-16,103959.80675163887,-0.0032934520381919796,1,307.51786150251115,-0.03357238679011487
2020-07-17,104261.19350396696,0.0028990699554503063,1,308.94142477852955,-0.030770645532540497
2020-07-20,105103.78873721817,0.008081580547216305,1,311.750356401716,-0.022937740435685305
2020-07-21,105327.40081538771,0.0021275358467678362,1,313.04571860177174,-0.020859005453938373
2020-07-22,105926.9304119661,0.005692057260856753,1,315.0439115251814,-0.015285678846530093
2020-07-23,104663.0425070711,-0.011931695745166393,1,315.0439115251814,-0.027034990522441293
2020-07-24,103988.97225444832,-0.006440384652273479,1,315.0439115251814,-0.03330125943667961
2020-07-27,104747.30499738532,0.0072924342504459005,1,315.0439115251814,-0.02625167243113291
2020-07-28,104082.95657903237,-0.006342391514221113,1,315.0439115251814,-0.03242756556089266
2020-07-29,105363.04424438917,0.012298725050001735,1,315.0439115251814,-0.020527658223765233
2020-07-30,104987.11683601668,-0.0035679247032813777,1,315.0439115251814,-0.024022341788169532
2020-07-31,105816.74632692024,0.007902202821698623,1,316.18069349016463,-0.01630996838353327
2020-08-03,106552.40138320341,0.006952160993595191,1,319.2828565325056,-0.009471196915940894
2020-08-04,106963.97222057737,0.003862614375942597,1,320.8956996372768,-0.005645166121363232
2020-08-05,107628.32063893032,0.0062109550025213345,1,323.022471836635,0.0
2020-08-06,108347.76604478803,0.006684536203731106,1,325.15319279261996,0.0
2020-08-07,108425.55060891026,0.0007179157167862549,1,325.73785509381975,0.0
2020-08-10,108749.62493785583,0.0029889110742402636,1,326.7699966430664,0.0
2020-08-11,107851.93271709986,-0.008254669579494611,1,326.7699966430664,-0.008254669579494611
2020-08-12,109355.64235058986,0.013942352219447951,1,328.1828493390764,0.0
2020-08-13,109157.95186715196,-0.001807775796370037,1,328.1828493390764,-0.001807775796370037
2020-08-14,109161.19577522979,2.9717560858788516e-05,1,328.1828493390764,-0.0017781119581985472
2020-08-17,109507.95768079282,0.0031766041320859806,1,329.2635617937361,0.0
2020-08-18,109744.53550131,0.002160371040858866,1,330.3632114955357,0.0
2020-08-19,109287.5895107011,-0.0041637243123002765,1,330.3632114955357,-0.0041637243123002765
2020-08-20,109627.8636001085,0.0031135656933312106,1,330.7549852643694,-0.0010631226481442324
2020-08-21,110016.75675082864,0.0035473933172567307,1,332.1210675920759,0.0
2020-08-24,111131.5732335985,0.010133151673383134,1,335.3200029645647,0.0
2020-08-25,111520.45649435498,0.0034993049179556923,1,336.5896301269531,0.0
2020-08-26,112638.51688520265,0.010025608090155735,1,339.966427394322,0.0
2020-08-27,112884.806650026,0.002186550139632537,1,340.5853391374861,0.0
2020-08-28,113613.97389015353,0.006459392204906322,1,342.8781945364816,0.0
2020-08-31,113202.40305277957,-0.0036225371165335973,1,342.8781945364816,-0.0036225371165335973
2020-09-01,114268.61036420031,0.009418592562241201,1,345.84464590890065,0.0
2020-09-02,115921.39141981545,0.014463998908776032,1,350.2785840715681,0.0
2020-09-03,113346.02263138197,-0.0222165103169496,0,,-0.0222165103169496
2020-09-04,113346.02263138197,0.0,0,,-0.0222165103169496
2020-09-08,113346.02263138197,0.0,0,,-0.0222165103169496
2020-09-09,113346.02263138197,0.0,0,,-0.0222165103169496
2020-09-10,110550.6457002303,-0.024662329266220917,1,327.5592956542969,-0.046330928690587414
2020-09-11,111022.87982408462,0.004271654144244685,0,,-0.042257184249890556
2020-09-14,111022.87982408462,0.0,0,,-0.042257184249890556
2020-09-15,110547.87150049671,-0.0042784723684033965,1,324.5967810494559,-0.04635486042311432
2020-09-16,110109.14881664663,-0.003968621719216969,1,324.5967810494559,-0.050139517236464815
2020-09-17,109140.70992261503,-0.008795262741012055,1,324.5967810494559,-0.058493789749674674
2020-09-18,108824.48777194558,-0.0028973803715740543,0,,-0.061221691362969066
2020-09-21,108824.48777194558,0.0,0,,-0.061221691362969066
2020-09-22,108824.48777194558,0.0,0,,-0.061221691362969066
2020-09-23,108824.48777194558,0.0,0,,-0.061221691362969066
2020-09-24,108824.48777194558,0.0,0,,-0.061221691362969066
2020-09-25,108824.48777194558,0.0,0,,-0.061221691362969066
2020-09-28,108824.48777194558,0.0,0,,-0.061221691362969066
2020-09-29,108824.48777194558,0.0,0,,-0.061221691362969066
2020-09-30,108824.48777194558,0.0,0,,-0.061221691362969066
2020-10-01,108824.48777194558,0.0,0,,-0.061221691362969066
2020-10-02,108824.48777194558,0.0,0,,-0.061221691362969066
2020-10-05,108824.48777194558,0.0,0,,-0.061221691362969066
2020-10-06,108824.48777194558,0.0,0,,-0.061221691362969066
2020-10-07,109509.9160422556,0.0062984745836471845,1,324.4243044172014,-0.05530882004633941
2020-10-08,110480.44877455365,0.008862510057295214,1,328.29786464146207,-0.0469364849629621
2020-10-09,111467.05587248025,0.00893015107080064,1,332.32322474888394,-0.0384254837936131
2020-10-12,113260.29405634465,0.016087606959996226,1,337.5228587559291,-0.022956050914136328
2020-10-13,112521.14784526355,-0.006526084160733192,1,337.5228587559291,-0.029332321954605778
2020-10-14,111814.13075059438,-0.006283415235342593,1,337.5228587559291,-0.03543143003129079
2020-10-15,111675.94416627078,-0.0012358597557926565,1,337.5228587559291,-0.036623501508617706
2020-10-16,111608.4592914141,-0.0006042919570593552,1,337.5228587559291,-0.03720566217827603
2020-10-19,109911.62807163068,-0.015203428401004304,1,337.5228587559291,-0.051843436958240896
2020-10-20,110351.90288663814,0.004005716435394158,1,337.5228587559291,-0.04804539063033775
2020-10-21,110143.01459284763,-0.0018929287880526946,1,337.5228587559291,-0.04984737291533303
2020-10-22,110747.18124679275,0.005485292518808249,1,337.5228587559291,-0.044635507818259534
2020-10-23,111123.18802155377,0.003395181444149964,1,337.5228587559291,-0.04139187202200445
2020-10-26,108306.88964999521,-0.02534393065659979,0,,-0.06568676994433165
2020-10-27,108306.88964999521,0.0,0,,-0.06568676994433165
2020-10-28,108306.88964999521,0.0,0,,-0.06568676994433165
2020-10-29,108306.88964999521,0.0,0,,-0.06568676994433165
2020-10-30,108306.88964999521,0.0,0,,-0.06568676994433165
2020-11-02,108306.88964999521,0.0,0,,-0.06568676994433165
2020-11-03,108306.88964999521,0.0,0,,-0.06568676994433165
2020-11-04,108994.9637968503,0.00635300440330866,1,326.8596616472517,-0.05975107387971845
2020-11-05,111120.66748060628,0.019502769758408034,1,332.66678619384766,-0.04141361555800427
2020-11-06,111095.29013493627,-0.00022837646898088426,1,333.3778642926897,-0.04163253413169621
2020-11-09,112491.27652232953,0.012565666696560118,1,336.10821424211775,-0.02959000798276812
2020-11-10,112326.29956968875,-0.0014665755224853028,1,336.10821424211775,-0.03101318752383575
2020-11-11,113160.72141243667,0.007428552760524676,1,338.15930938720703,-0.023815017863104027
2020-11-12,112062.95998650172,-0.009700905157134398,1,338.15930938720703,-0.033284895790632985
2020-11-13,113614.41529393448,0.01384449694724843,1,339.9232297624861,-0.019901211481547332
2020-11-16,115032.61291023543,0.0124825499707224,1,343.937876020159,-0.007667079377621233
2020-11-17,114413.93239378258,-0.005378305341422029,1,343.937876020159,-0.013004148825073392
2020-11-18,113036.98143622039,-0.012034818913688627,1,343.937876020159,-0.02488246516252568
2020-11-19,113512.88654662589,0.004210171789433614,1,343.937876020159,-0.020777052825970976
2020-11-20,112735.5709933712,-0.006847817696322922,1,343.937876020159,-0.02748259305227474
2020-11-23,113411.3577993173,0.00599444168323604,1,343.937876020159,-0.02165289417039462
2020-11-24,115238.83652161495,0.016113718747035932,1,349.45214298793246,-0.005888084070079791
2020-11-25,115061.16605498205,-0.0015417585945479706,1,350.1260746547154,-0.0074207646604071975
2020-11-27,115381.6119276623,0.0027850045646775623,1,351.53965759277344,-0.004656426959182225
2020-11-30,114870.802074357,-0.004427133966767305,1,351.6653562273298,-0.009062946299994712
2020-12-01,116127.18885477951,0.010937390161245952,1,355.45570264543807,0.0
2020-12-02,116371.49300813545,0.002103763604072606,1,356.3614382062639,0.0
2020-12-03,116339.76406431223,-0.000272652202038981,1,356.7560729980469,-0.000272652202038981
2020-12-04,117342.33865877752,0.008617643352887283,1,360.36786215645924,0.0
2020-12-07,117101.21030449818,-0.0020549134867724472,1,360.36786215645924,-0.0020549134867724472
2020-12-08,117443.86740608611,0.00292616191324524,1,361.3432290213449,0.0
2020-12-09,116390.52843796654,-0.008968871609766005,1,361.3432290213449,-0.008968871609766005
2020-12-10,116352.45757830437,-0.0003270958571380822,1,361.3432290213449,-0.009293033786157312
2020-12-11,116216.02408809596,-0.0011725879542904272,1,361.3432290213449,-0.010454724840971319
2020-12-14,115695.70620218937,-0.004477161303609645,1,361.3432290213449,-0.01488507865508315
2020-12-15,117259.84534130001,0.01351942254777505,1,361.3432290213449,-0.0015668937753029466
2020-12-16,117443.86740608611,0.0015693527844120592,1,361.3432290213449,0.0
2020-12-17,118100.60909988686,0.00559196242686677,1,363.16501072474887,0.0
2020-12-18,117129.7634492448,-0.008220496558328017,1,363.16501072474887,-0.008220496558328017
2020-12-21,115048.55759839168,-0.017768377477812902,0,,-0.02584280915023751
2020-12-22,115048.55759839168,0.0,0,,-0.02584280915023751
2020-12-23,115048.55759839168,0.0,0,,-0.02584280915023751
2020-12-24,115048.55759839168,0.0,0,,-0.02584280915023751
2020-12-28,115048.55759839168,0.0,0,,-0.02584280915023751
2020-12-29,115048.55759839168,0.0,0,,-0.02584280915023751
2020-12-30,115048.55759839168,0.0,0,,-0.02584280915023751
2020-12-31,115048.55759839168,0.0,0,,-0.02584280915023751
2021-01-04,115048.55759839168,0.0,0,,-0.02584280915023751
2021-01-05,115048.55759839168,0.0,0,,-0.02584280915023751
2021-01-06,115048.55759839168,0.0,0,,-0.02584280915023751
2021-01-07,115048.55759839168,0.0,0,,-0.02584280915023751
2021-01-08,115048.55759839168,0.0,0,,-0.02584280915023751
2021-01-11,115048.55759839168,0.0,0,,-0.02584280915023751
2021-01-12,115048.55759839168,0.0,0,,-0.02584280915023751
2021-01-13,115048.55759839168,0.0,0,,-0.02584280915023751
2021-01-14,115048.55759839168,0.0,0,,-0.02584280915023751
2021-01-15,115048.55759839168,0.0,0,,-0.02584280915023751
2021-01-19,115048.55759839168,0.0,0,,-0.02584280915023751
2021-01-20,115048.55759839168,0.0,0,,-0.02584280915023751
2021-01-21,115048.55759839168,0.0,0,,-0.02584280915023751
2021-01-22,115048.55759839168,0.0,0,,-0.02584280915023751
2021-01-25,115048.55759839168,0.0,0,,-0.02584280915023751
2021-01-26,115048.55759839168,0.0,0,,-0.02584280915023751
2021-01-27,115048.55759839168,0.0,0,,-0.02584280915023751
2021-01-28,115048.55759839168,0.0,0,,-0.02584280915023751
2021-01-29,115048.55759839168,0.0,0,,-0.02584280915023751
2021-02-01,115048.55759839168,0.0,0,,-0.02584280915023751
2021-02-02,115451.15213517114,0.0034993444957809317,1,367.95892442975725,-0.022433897546412007
2021-02-03,115541.93305699645,0.0007863145594166898,1,368.2214388166155,-0.0216652230872606
2021-02-04,116855.14913222216,0.011365709751263164,1,372.3185806274414,-0.010545753973303595
2021-02-05,117315.07440669612,0.003935858007879212,1,374.27249690464566,-0.006651402555649444
2021-02-08,118162.31683965256,0.0072219400383219945,1,377.19394247872486,0.0
2021-02-09,118083.64188756714,-0.0006658210010572763,1,377.7232208251953,-0.0006658210010572763
2021-02-10,118032.19844178452,-0.00043565260149747154,1,377.7232208251953,-0.0011011835359034938
2021-02-11,118222.82822005346,0.0016150658954552366,1,377.7232208251953,0.0
2021-02-12,118806.82352460016,0.004939784585932028,1,379.91859327043807,0.0
2021-02-16,118703.93663303493,-0.0008660015352057737,1,379.91859327043807,-0.0008660015352057737
2021-02-17,118731.17737348704,0.00022948472666350916,1,381.1185869489397,-0.000636715542667976
2021-02-18,118225.85702102576,-0.004256003887434856,1,381.1185869489397,-0.004890009566277942
2021-02-19,118017.07290522163,-0.0017659767589335296,1,381.1185869489397,-0.006647350681966535
2021-02-22,117109.3190918643,-0.007691716045917785,1,381.1185869489397,-0.014287937193980915
2021-02-23,115147.63595609802,-0.01675087133097808,0,,-0.030799473127437582
2021-02-24,115147.63595609802,0.0,0,,-0.030799473127437582
2021-02-25,115147.63595609802,0.0,0,,-0.030799473127437582
2021-02-26,115147.63595609802,0.0,0,,-0.030799473127437582
2021-03-01,115147.63595609802,0.0,0,,-0.030799473127437582
2021-03-02,115147.63595609802,0.0,0,,-0.030799473127437582
2021-03-03,115147.63595609802,0.0,0,,-0.030799473127437582
2021-03-04,115147.63595609802,0.0,0,,-0.030799473127437582
2021-03-05,115147.63595609802,0.0,0,,-0.030799473127437582
2021-03-08,115147.63595609802,0.0,0,,-0.030799473127437582
2021-03-09,115147.63595609802,0.0,0,,-0.030799473127437582
2021-03-10,115147.63595609802,0.0,0,,-0.030799473127437582
2021-03-11,115147.63595609802,0.0,0,,-0.030799473127437582
2021-03-12,115558.74109892819,0.003570243882270452,1,375.0760748726981,-0.027339190875677377
2021-03-15,116247.88424611274,0.005963574374651337,1,378.1564374651228,-0.021538655799155926
2021-03-16,116101.25842540665,-0.001261320338490357,1,378.4082271030971,-0.02277280899302303
2021-03-17,116497.14993117904,0.0034098812634899556,1,380.8796615600586,-0.019440580304235455
2021-03-18,114802.15580178997,-0.014549661776192768,1,380.8796615600586,-0.03370738821226871
2021-03-19,114215.65251896565,-0.005108817676184874,1,380.8796615600586,-0.03864400098773668
2021-03-22,114205.37193599738,-9.001028091637497e-05,0,,-0.03873053291126838
2021-03-23,113333.08004977372,-0.007637923430716564,1,376.6832253592355,-0.04607263549717788
2021-03-24,112756.95490570966,-0.005083468514321177,1,376.6832253592355,-0.05092189521957724
2021-03-25,112140.40315148134,-0.005467970953489276,0,,-0.05611142672910929
2021-03-26,113418.90013031443,0.011400859484213433,1,382.9996588570731,-0.04535028573649302
2021-03-29,113361.61146951154,-0.0005051068273195236,1,383.55857522147045,-0.04583248582486621
2021-03-30,113060.86785285235,-0.002652958199523159,1,383.55857522147045,-0.048363852355315706
2021-03-31,113519.14217518589,0.0040533416294838975,1,384.8710610525949,-0.04450654594194581
2021-04-01,114745.04434357514,0.010799078859293987,1,388.9135513305664,-0.034188096782033606
2021-04-05,116391.9928199007,0.01435311202978129,1,394.3653346470424,-0.020325690335449842
2021-04-06,116323.25341975514,-0.0005905853012750928,1,394.3653346470424,-0.020904271582774636
2021-04-07,116457.87390572178,0.0011572964304982225,1,395.3489227294922,-0.019771167591161154
2021-04-08,117010.67364427785,0.004746778556197873,1,398.0860617501395,-0.01511823838931603
2021-04-09,117861.35868516864,0.007270149076117116,1,401.23642185756137,-0.007958001160057515
2021-04-12,117904.329551282,0.0003645882466716266,1,401.8971633911133,-0.007596314307075858
2021-04-13,118253.76066270348,0.002963683460576405,1,403.54391697474887,-0.004655143917572713
2021-04-14,117849.90794582598,-0.003415136352656223,1,403.54391697474887,-0.008054382319009123
2021-04-15,119115.90518395933,0.01074245419619091,1,407.2914276123047,0.0
2021-04-16,119514.04127218791,0.0033424259137662116,1,409.49037061418807,0.0
2021-04-19,118926.86309253667,-0.004913047650308866,1,409.49037061418807,-0.004913047650308866
2021-04-20,118056.13488728504,-0.007321543531961572,1,409.49037061418807,-0.012198620090024037
2021-04-21,119173.19384476222,0.009462100030156906,1,409.49037061418807,-0.002851944623388891
2021-04-22,118084.77047666408,-0.009133122416069117,1,409.49037061418807,-0.011959019880088628
2021-04-23,119365.09425050936,0.01084241235069583,1,409.49037061418807,-0.001246272154242778
2021-04-26,119614.28331705938,0.002087620908898691,1,409.49037061418807,0.0
2021-04-27,119588.5060420048,-0.00021550331899955477,1,409.49037061418807,-0.00021550331899955477
2021-04-28,119554.13634193203,-0.00028739969425406464,1,409.49037061418807,-0.0005028410776656278
2021-04-29,120316.03007729401,0.006372792767143753,1,411.40284729003906,0.0
2021-04-30,119525.49201153057,-0.006570513216365037,1,411.40284729003906,-0.006570513216365037
2021-05-03,119783.28224412119,0.0021567803508037997,1,411.40284729003906,-0.004427904019361106
2021-05-04,119044.29872846692,-0.006169337672248809,1,411.40284729003906,-0.010569924456534152
2021-05-05,119081.53548388656,0.00031279746965928723,1,411.40284729003906,-0.010260433232499255
2021-05-06,120032.47131067122,0.007985585867032574,1,411.40284729003906,-0.0023567829360778836
2021-05-07,120906.06657126972,0.007277991122397687,1,412.21997833251953,0.0
2021-05-10,119708.80873328191,-0.009902380186043613,1,412.21997833251953,-0.009902380186043613
2021-05-11,117893.34045701844,-0.015165703305163203,0,,-0.024917906931290257
2021-05-12,117893.34045701844,0.0,0,,-0.024917906931290257
2021-05-13,117893.34045701844,0.0,0,,-0.024917906931290257
2021-05-14,117893.34045701844,0.0,0,,-0.024917906931290257
2021-05-17,117893.34045701844,0.0,0,,-0.024917906931290257
2021-05-18,116623.9682838839,-0.010767123640858411,1,403.06248474121094,-0.0354167363873481
2021-05-19,115029.95950655127,-0.01366793465175642,0,,-0.048600597400583756
2021-05-20,115029.95950655127,0.0,0,,-0.048600597400583756
2021-05-21,114325.91376698857,-0.0061205423576855544,1,402.961058480399,-0.05442367774327017
2021-05-24,114814.68884147695,0.004275278092109369,0,,-0.05038107600830877
2021-05-25,114072.68958541466,-0.0064625812563648966,1,406.41033608572826,-0.05651806546718674
2021-05-26,114299.07224621014,0.0019845474111135353,1,406.41033608572826,-0.05464568083657739
2021-05-27,114359.07638628202,0.000524974865435679,1,406.41033608572826,-0.054149393580085525
2021-05-28,114645.05935154583,0.0025007456714483123,0,,-0.051784061770244194
2021-06-01,113687.74692178477,-0.0083502283934066,1,410.0896475655692,-0.05970188142073096
2021-06-02,113866.53229464908,0.0015726001939972978,1,410.10498482840404,-0.05822316841703801
2021-06-03,113443.93215176194,-0.0037113639483952188,1,410.10498482840404,-0.06171844499720891
2021-06-04,114481.47593541196,0.00914587289042501,1,413.4375010899135,-0.05313704115972295
2021-06-07,114370.40678326029,-0.0009701932233502353,1,413.4375010899135,-0.05405568118583115
2021-06-08,114394.7866068327,0.00021316548797978285,1,413.658570425851,-0.05385403850350934
2021-06-09,114224.11957467647,-0.0014919126755557066,1,413.87856728690014,-0.055265605656391825
2021-06-10,114755.07724471299,0.004648384877148359,1,416.3189163208008,-0.05087411658480312
2021-06-11,114944.70911758643,0.0016524922245406692,1,417.4010740007673,-0.04930569344234925
2021-06-14,115202.06547832192,0.002238957866883773,1,418.9064461844308,-0.04717712894568038
2021-06-15,114990.76540687836,-0.0018341691233246804,1,418.9064461844308,-0.048924767235765665
2021-06-16,114348.73031754077,-0.005583362168830153,1,418.9064461844308,-0.054234964710092814
2021-06-17,114310.80890325572,-0.00033162951770215887,1,418.9064461844308,-0.05454860831260555
2021-06-18,112819.34233907875,-0.01304746750098873,0,,-0.06688435461941145
2021-06-21,112819.34233907875,0.0,0,,-0.06688435461941145
2021-06-22,113255.30319743892,0.003864238607683923,1,414.2903562273298,-0.06327857311709795
2021-06-23,113118.79530029261,-0.001205311303686396,1,414.2903562273298,-0.06440761404132522
2021-06-24,113787.97888800288,0.005915759498090534,1,416.94288635253906,-0.05887287449774892
2021-06-25,114192.1602202333,0.0035520565193292164,1,418.3814381190709,-0.05552993775609116
2021-06-28,114422.36362215302,0.0020159300032134286,1,419.443240574428,-0.053625952220476836
2021-06-29,114483.93145297054,0.0005380751530430494,1,419.74825395856584,-0.05311673185988197
2021-06-30,114580.28996860323,0.0008416772066590639,1,420.3725269862584,-0.05231976179572162
2021-07-01,115214.67470275337,0.00553659564244402,1,422.5764465332031,-0.04707283951844954
2021-07-02,116095.32259142867,0.007643539253548326,1,425.61645071847096,-0.039789103361536404
2021-07-06,115883.85829046364,-0.00182147132412247,1,425.61645071847096,-0.04153809997487323
2021-07-07,116293.39831939252,0.003534055863952723,1,426.2885774884905,-0.03815084207671415
2021-07-08,115345.84024069116,-0.008147995435639044,1,426.2885774884905,-0.045987984625246336
2021-07-09,116577.13150708209,0.010674778247933281,1,427.15213993617465,-0.03580411791525684
2021-07-12,116994.70141231369,0.003581919539736189,1,429.38356236049106,-0.0323504458450844
2021-07-13,116595.87060803677,-0.0034089646750014024,1,429.38356236049106,-0.03564912899297945
2021-07-14,116769.85670709245,0.0014922149313552069,1,429.38356236049106,-0.03421011022419729
2021-07-15,116371.02590281551,-0.0034155287633637066,1,429.38356236049106,-0.03750879337209245
2021-07-16,115458.25850892931,-0.007843596692603483,1,429.38356236049106,-0.04505818621705904
2021-07-19,113908.62233906715,-0.013421613922423026,0,,-0.05787504656003206
2021-07-20,113908.62233906715,0.0,0,,-0.05787504656003206
2021-07-21,113908.62233906715,0.0,0,,-0.05787504656003206
2021-07-22,113908.62233906715,0.0,0,,-0.05787504656003206
2021-07-23,113908.62233906715,0.0,0,,-0.05787504656003206
2021-07-26,113908.62233906715,0.0,0,,-0.05787504656003206
2021-07-27,113908.62233906715,0.0,0,,-0.05787504656003206
2021-07-28,113908.62233906715,0.0,0,,-0.05787504656003206
2021-07-29,113908.62233906715,0.0,0,,-0.05787504656003206
2021-07-30,113908.62233906715,0.0,0,,-0.05787504656003206
2021-08-02,113908.62233906715,0.0,0,,-0.05787504656003206
2021-08-03,113908.62233906715,0.0,0,,-0.05787504656003206
2021-08-04,113908.62233906715,0.0,0,,-0.05787504656003206
2021-08-05,113908.62233906715,0.0,0,,-0.05787504656003206
2021-08-06,113908.62233906715,0.0,0,,-0.05787504656003206
2021-08-09,113908.62233906715,0.0,0,,-0.05787504656003206
2021-08-10,113908.62233906715,0.0,0,,-0.05787504656003206
2021-08-11,113908.62233906715,0.0,0,,-0.05787504656003206
2021-08-12,113908.62233906715,0.0,0,,-0.05787504656003206
2021-08-13,113908.62233906715,0.0,0,,-0.05787504656003206
2021-08-16,113908.62233906715,0.0,0,,-0.05787504656003206
2021-08-17,113908.62233906715,0.0,0,,-0.05787504656003206
2021-08-18,113908.62233906715,0.0,0,,-0.05787504656003206
2021-08-19,113908.62233906715,0.0,0,,-0.05787504656003206
2021-08-20,113908.62233906715,0.0,0,,-0.05787504656003206
2021-08-23,113908.62233906715,0.0,0,,-0.05787504656003206
2021-08-24,113908.62233906715,0.0,0,,-0.05787504656003206
2021-08-25,113908.62233906715,0.0,0,,-0.05787504656003206
2021-08-26,113908.62233906715,0.0,0,,-0.05787504656003206
2021-08-27,113908.62233906715,0.0,0,,-0.05787504656003206
2021-08-30,113908.62233906715,0.0,0,,-0.05787504656003206
2021-08-31,113908.62233906715,0.0,0,,-0.05787504656003206
2021-09-01,113908.62233906715,0.0,0,,-0.05787504656003206
2021-09-02,113908.62233906715,0.0,0,,-0.05787504656003206
2021-09-03,113908.62233906715,0.0,0,,-0.05787504656003206
2021-09-07,113908.62233906715,0.0,0,,-0.05787504656003206
2021-09-08,113908.62233906715,0.0,0,,-0.05787504656003206
2021-09-09,113908.62233906715,0.0,0,,-0.05787504656003206
2021-09-10,113908.62233906715,0.0,0,,-0.05787504656003206
2021-09-13,113908.62233906715,0.0,0,,-0.05787504656003206
2021-09-14,113908.62233906715,0.0,0,,-0.05787504656003206
2021-09-15,113908.62233906715,0.0,0,,-0.05787504656003206
2021-09-16,113699.87705306805,-0.0018325679102477732,1,438.8378590175084,-0.05960155451714977
2021-09-17,112232.76053899761,-0.012903413372959749,1,438.8378590175084,-0.07173590439450372
2021-09-20,110409.09028073766,-0.01624900117845962,0,,-0.08681926877791923
2021-09-21,110409.09028073766,0.0,0,,-0.08681926877791923
2021-09-22,110409.09028073766,0.0,0,,-0.08681926877791923
2021-09-23,110409.09028073766,0.0,0,,-0.08681926877791923
2021-09-24,110409.09028073766,0.0,0,,-0.08681926877791923
2021-09-27,110409.09028073766,0.0,0,,-0.08681926877791923
2021-09-28,110409.09028073766,0.0,0,,-0.08681926877791923
2021-09-29,110409.09028073766,0.0,0,,-0.08681926877791923
2021-09-30,110409.09028073766,0.0,0,,-0.08681926877791923
2021-10-01,110409.09028073766,0.0,0,,-0.08681926877791923
2021-10-04,110409.09028073766,0.0,0,,-0.08681926877791923
2021-10-05,110409.09028073766,0.0,0,,-0.08681926877791923
2021-10-06,110409.09028073766,0.0,0,,-0.08681926877791923
2021-10-07,110409.09028073766,0.0,0,,-0.08681926877791923
2021-10-08,110409.09028073766,0.0,0,,-0.08681926877791923
2021-10-11,110409.09028073766,0.0,0,,-0.08681926877791923
2021-10-12,110409.09028073766,0.0,0,,-0.08681926877791923
2021-10-13,110409.09028073766,0.0,0,,-0.08681926877791923
2021-10-14,110409.09028073766,0.0,0,,-0.08681926877791923
2021-10-15,110409.09028073766,0.0,0,,-0.08681926877791923
2021-10-18,111043.29432027666,0.005744128838725215,1,432.7453624180385,-0.0815738410047383
2021-10-19,111899.97876944234,0.007714868821297571,1,436.15966360909596,-0.07448830366604164
2021-10-20,112339.49085583918,0.003927722696912994,1,438.9832229614258,-0.07085315037009221
2021-10-21,112632.49891343706,0.0026082373648450563,1,441.2846439906529,-0.06842971483945925
2021-10-22,112515.79128670905,-0.00103618074582279,1,441.57535334995816,-0.0693949900323233
2021-10-25,113119.19116242127,0.005362801690428132,1,444.6017739432199,-0.06440433991174777
2021-10-26,113221.0005881138,0.0009000190387356,1,445.84034620012557,-0.06356228600511005
2021-10-27,112719.41013809411,-0.004430189164680076,1,445.84034620012557,-0.06771088221904786
2021-10-28,113807.02428123482,0.00964886297584644,1,448.50750514439176,-0.058715352267706744
2021-10-29,114037.95397520984,0.0020291339259022045,1,449.7303575788225,-0.05680535965506239
2021-11-01,114234.12372607716,0.001720214577946244,1,450.6667960030692,-0.05518286248490023
2021-11-02,114695.98311402719,0.004043094767878008,1,452.9410629272461,-0.05136287725961142
2021-11-03,115396.22887439521,0.006105233516956465,1,456.32535661969865,-0.0455712261024277
2021-11-04,115940.03594596556,0.004712520303954415,1,458.77964673723494,-0.04107346112675714
2021-11-05,116342.3025297737,0.0034696089278050124,1,460.4960719517299,-0.03774636104637352
2021-11-08,116441.62639598525,0.0008537209944432522,1,461.1621355329241,-0.03692486491281932
2021-11-09,116056.74357269357,-0.003305371414023428,1,461.1621355329241,-0.0401081859338932
2021-11-10,115123.08255886953,-0.008044866546158325,1,461.1621355329241,-0.0478303874768049
2021-11-11,115160.3280614582,0.0003235276693500655,1,461.1621355329241,-0.047522334261239196
2021-11-12,116029.42515217837,0.007546844519723539,1,461.1621355329241,-0.04033413340939962
2021-11-15,116069.15621424804,0.00034242229518555156,1,461.1621355329241,-0.040005522420750506
2021-11-16,116528.53762064231,0.003957824984497371,1,461.1621355329241,-0.03620603229240793
2021-11-17,116245.46422304316,-0.002429219514628156,1,461.1621355329241,-0.03854729940684409
2021-11-18,116640.28170633357,0.0033964119454403807,1,461.99430084228516,-0.03528180996957364
2021-11-19,116431.69931391177,-0.0017882535035962377,1,461.99430084228516,-0.0370069706528785
2021-11-22,116103.92373528096,-0.0028151747381707226,1,461.99430084228516,-0.03971796430213104
2021-11-23,116257.87686459764,0.001325994198677627,1,461.99430084228516,-0.038444635893701395
2021-11-24,116568.26868271198,0.00266985624101701,1,461.99430084228516,-0.035877421303758705
2021-11-26,114547.32169632523,-0.01733702498308154,0,,-0.0525924385373685
2021-11-29,114547.32169632523,0.0,0,,-0.0525924385373685
2021-11-30,114547.32169632523,0.0,0,,-0.0525924385373685
2021-12-01,114547.32169632523,0.0,0,,-0.0525924385373685
2021-12-02,114547.32169632523,0.0,0,,-0.0525924385373685
2021-12-03,114547.32169632523,0.0,0,,-0.0525924385373685
2021-12-06,114547.32169632523,0.0,0,,-0.0525924385373685
2021-12-07,114547.32169632523,0.0,0,,-0.0525924385373685
2021-12-08,114547.32169632523,0.0,0,,-0.0525924385373685
2021-12-09,113935.99522466995,-0.005336890139395534,1,449.3678414481027,-0.057648648610127196
2021-12-10,115008.53131220878,0.009413496458462456,1,451.6132016863142,-0.048777827501191195
2021-12-13,113989.74467830648,-0.008858357047762389,1,451.6132016863142,-0.057204093136933865
2021-12-14,112969.81878935618,-0.00894752323403003,0,,-0.06563978141853954
2021-12-15,112969.81878935618,0.0,0,,-0.06563978141853954
2021-12-16,111339.79889429253,-0.014428808619255995,1,452.4271469116211,-0.0791214861938977
2021-12-17,110004.9269020644,-0.011989171935683829,0,,-0.090162057027796
2021-12-20,110004.9269020644,0.0,0,,-0.090162057027796
2021-12-21,110004.9269020644,0.0,0,,-0.090162057027796
2021-12-22,110004.9269020644,0.0,0,,-0.090162057027796
2021-12-23,110004.9269020644,0.0,0,,-0.090162057027796
2021-12-27,111050.11922245272,0.009501322802739853,1,460.79393986293246,-0.0815173930334363
2021-12-28,110959.36958426543,-0.0008171953242617214,1,461.73964146205356,-0.08226797272526498
2021-12-29,111101.30968737384,0.0012792079086265673,1,462.4443054199219,-0.08109400265797528
2021-12-30,110794.16689784704,-0.0027645289726202504,1,462.4443054199219,-0.08363434491074184
2021-12-31,110514.94488902074,-0.0025201869073463445,1,462.4443054199219,-0.08594375763703965
2022-01-03,111154.82215007958,0.005789961364061735,1,463.2082181658064,-0.08065140730917864
2022-01-04,111117.5920755087,-0.00033493890638958135,1,463.3910685947963,-0.08095933292140534
2022-01-05,108983.8962396879,-0.019202142486770768,1,463.3910685947963,-0.09860688276178542
2022-01-06,108881.51530984564,-0.0009394133755055156,1,463.3910685947963,-0.09945366351270768
2022-01-07,108720.5186419281,-0.00147864095626693,0,,-0.10078524820885382
2022-01-10,108720.5186419281,0.0,0,,-0.10078524820885382
2022-01-11,108720.5186419281,0.0,0,,-0.10078524820885382
2022-01-12,108426.46925505817,-0.002704635615641049,1,458.61142076764787,-0.10321729645265809
2022-01-13,106932.50563774623,-0.01377858771549223,1,458.61142076764787,-0.11557369559522135
2022-01-14,106004.40953594727,-0.008679270127112337,0,,-0.12324987039867408
2022-01-18,106004.40953594727,0.0,0,,-0.12324987039867408
2022-01-19,106004.40953594727,0.0,0,,-0.12324987039867408
2022-01-20,106004.40953594727,0.0,0,,-0.12324987039867408
2022-01-21,106004.40953594727,0.0,0,,-0.12324987039867408
2022-01-24,106004.40953594727,0.0,0,,-0.12324987039867408
2022-01-25,106004.40953594727,0.0,0,,-0.12324987039867408
2022-01-26,106004.40953594727,0.0,0,,-0.12324987039867408
2022-01-27,106004.40953594727,0.0,0,,-0.12324987039867408
2022-01-28,106004.40953594727,0.0,0,,-0.12324987039867408
2022-01-31,106004.40953594727,0.0,0,,-0.12324987039867408
2022-02-01,106004.40953594727,0.0,0,,-0.12324987039867408
2022-02-02,106004.40953594727,0.0,0,,-0.12324987039867408
2022-02-03,106004.40953594727,0.0,0,,-0.12324987039867408
2022-02-04,106004.40953594727,0.0,0,,-0.12324987039867408
2022-02-07,106004.40953594727,0.0,0,,-0.12324987039867408
2022-02-08,106004.40953594727,0.0,0,,-0.12324987039867408
2022-02-09,106004.40953594727,0.0,0,,-0.12324987039867408
2022-02-10,106004.40953594727,0.0,0,,-0.12324987039867408
2022-02-11,106004.40953594727,0.0,0,,-0.12324987039867408
2022-02-14,106004.40953594727,0.0,0,,-0.12324987039867408
2022-02-15,106004.40953594727,0.0,0,,-0.12324987039867408
2022-02-16,106004.40953594727,0.0,0,,-0.12324987039867408
2022-02-17,106004.40953594727,0.0,0,,-0.12324987039867408
2022-02-18,106004.40953594727,0.0,0,,-0.12324987039867408
2022-02-22,106004.40953594727,0.0,0,,-0.12324987039867408
2022-02-23,106004.40953594727,0.0,0,,-0.12324987039867408
2022-02-24,106004.40953594727,0.0,0,,-0.12324987039867408
2022-02-25,106004.40953594727,0.0,0,,-0.12324987039867408
2022-02-28,106972.62437722718,0.009133722318896309,1,413.30321829659596,-0.11524187817183917
2022-03-01,106423.2069403439,-0.005136056445112835,0,,-0.11978604582582053
2022-03-02,106423.2069403439,0.0,0,,-0.11978604582582053
2022-03-03,106423.2069403439,0.0,0,,-0.11978604582582053
2022-03-04,106423.2069403439,0.0,0,,-0.11978604582582053
2022-03-07,106423.2069403439,0.0,0,,-0.11978604582582053
2022-03-08,106423.2069403439,0.0,0,,-0.11978604582582053
2022-03-09,106423.2069403439,0.0,0,,-0.11978604582582053
2022-03-10,106423.2069403439,0.0,0,,-0.11978604582582053
2022-03-11,106423.2069403439,0.0,0,,-0.11978604582582053
2022-03-14,106423.2069403439,0.0,0,,-0.11978604582582053
2022-03-15,106423.2069403439,0.0,0,,-0.11978604582582053
2022-03-16,106423.2069403439,0.0,0,,-0.11978604582582053
2022-03-17,106423.2069403439,0.0,0,,-0.11978604582582053
2022-03-18,106423.2069403439,0.0,0,,-0.11978604582582053
2022-03-21,106275.7730913429,-0.0013853543154703774,1,421.1471677507673,-0.12100545402577301
2022-03-22,107519.34755496951,0.011701391836103303,1,426.9810812813895,-0.1107199944215308
2022-03-23,106134.66830018506,-0.01287841943122403,1,426.9810812813895,-0.1221725153251716
2022-03-24,107734.58089499413,0.015074363734608909,1,428.3382121494838,-0.10893982452494622
2022-03-25,108260.7133246294,0.004883598425542424,1,432.03643580845426,-0.10458824445493276
2022-03-28,109030.7758998563,0.007113038068738753,1,436.37072099958147,-0.09821914655054453
2022-03-29,110379.57684940998,0.012370827763277914,1,443.2785633632115,-0.08706337093229943
2022-03-30,109698.00582237738,-0.006174792896356696,1,443.2785633632115,-0.09270056554429051
2022-03-31,108009.60897764603,-0.015391317572948426,1,443.2785633632115,-0.10666509927375478
2022-04-01,108315.72040081419,0.0028341128726010467,1,443.2785633632115,-0.10413328733206273
2022-04-04,109243.61540665965,0.008566577431344813,1,443.2785633632115,-0.09645877576982853
2022-04-05,107863.7238183177,-0.01263132479829876,1,443.2785633632115,-0.10787169844173239
2022-04-06,106785.15598670139,-0.00999935653466788,1,443.2785633632115,-0.11679240740368124
2022-04-07,107323.24298589892,0.005038968143330269,1,443.2785633632115,-0.11234195248064105
2022-04-08,107036.26763195678,-0.002673934796955768,1,443.2785633632115,-0.11471549222170085
2022-04-11,105850.95480922089,-0.011073936423227959,0,,-0.12451907657730632
2022-04-12,105850.95480922089,0.0,0,,-0.12451907657730632
2022-04-13,105850.95480922089,0.0,0,,-0.12451907657730632
2022-04-14,105850.95480922089,0.0,0,,-0.12451907657730632
2022-04-18,105850.95480922089,0.0,0,,-0.12451907657730632
2022-04-19,105850.95480922089,0.0,0,,-0.12451907657730632
2022-04-20,105169.76659420272,-0.006435352578971987,1,430.5039487566267,-0.13015310499569532
2022-04-21,105916.416630767,0.007099474124015348,0,,-0.12397764947275725
2022-04-22,105916.416630767,0.0,0,,-0.12397764947275725
2022-04-25,105916.416630767,0.0,0,,-0.12397764947275725
2022-04-26,105916.416630767,0.0,0,,-0.12397764947275725
2022-04-27,105916.416630767,0.0,0,,-0.12397764947275725
2022-04-28,105916.416630767,0.0,0,,-0.12397764947275725
2022-04-29,105916.416630767,0.0,0,,-0.12397764947275725
2022-05-02,105916.416630767,0.0,0,,-0.12397764947275725
2022-05-03,105916.416630767,0.0,0,,-0.12397764947275725
2022-05-04,105916.416630767,0.0,0,,-0.12397764947275725
2022-05-05,105916.416630767,0.0,0,,-0.12397764947275725
2022-05-06,105916.416630767,0.0,0,,-0.12397764947275725
2022-05-09,105916.416630767,0.0,0,,-0.12397764947275725
2022-05-10,105916.416630767,0.0,0,,-0.12397764947275725
2022-05-11,105916.416630767,0.0,0,,-0.12397764947275725
2022-05-12,105916.416630767,0.0,0,,-0.12397764947275725
2022-05-13,105916.416630767,0.0,0,,-0.12397764947275725
2022-05-16,105916.416630767,0.0,0,,-0.12397764947275725
2022-05-17,105916.416630767,0.0,0,,-0.12397764947275725
2022-05-18,105916.416630767,0.0,0,,-0.12397764947275725
2022-05-19,105916.416630767,0.0,0,,-0.12397764947275725
2022-05-20,105916.416630767,0.0,0,,-0.12397764947275725
2022-05-23,105916.416630767,0.0,0,,-0.12397764947275725
2022-05-24,105916.416630767,0.0,0,,-0.12397764947275725
2022-05-25,105916.416630767,0.0,0,,-0.12397764947275725
2022-05-26,105916.416630767,0.0,0,,-0.12397764947275725
2022-05-27,105916.416630767,0.0,0,,-0.12397764947275725
2022-05-31,105599.22764764534,-0.002994710293375946,1,387.6621191842215,-0.12660108262310854
2022-06-01,106012.81352227178,0.003916561549166531,0,,-0.12318036200622662
2022-06-02,106012.81352227178,0.0,0,,-0.12318036200622662
2022-06-03,106012.81352227178,0.0,0,,-0.12318036200622662
2022-06-06,106012.81352227178,0.0,0,,-0.12318036200622662
2022-06-07,107835.71126844082,0.017195069969405896,1,391.5703353881836,-0.10810338698037458
2022-06-08,106663.30485658695,-0.010872153557139663,1,391.5703353881836,-0.11780022391421674
2022-06-09,104126.54354099784,-0.023782886898168876,1,391.5703353881836,-0.13878148141045488
2022-06-10,101414.1740514196,-0.026048780621535705,0,,-0.16121517366839788
2022-06-13,101414.1740514196,0.0,0,,-0.16121517366839788
2022-06-14,101414.1740514196,0.0,0,,-0.16121517366839788
2022-06-15,101414.1740514196,0.0,0,,-0.16121517366839788
2022-06-16,101414.1740514196,0.0,0,,-0.16121517366839788
2022-06-17,101414.1740514196,0.0,0,,-0.16121517366839788
2022-06-21,101414.1740514196,0.0,0,,-0.16121517366839788
2022-06-22,101414.1740514196,0.0,0,,-0.16121517366839788
2022-06-23,101414.1740514196,0.0,0,,-0.16121517366839788
2022-06-24,101414.1740514196,0.0,0,,-0.16121517366839788
2022-06-27,101414.1740514196,0.0,0,,-0.16121517366839788
2022-06-28,101414.1740514196,0.0,0,,-0.16121517366839788
2022-06-29,101414.1740514196,0.0,0,,-0.16121517366839788
2022-06-30,101414.1740514196,0.0,0,,-0.16121517366839788
2022-07-01,101414.1740514196,0.0,0,,-0.16121517366839788
2022-07-05,101414.1740514196,0.0,0,,-0.16121517366839788
2022-07-06,101414.1740514196,0.0,0,,-0.16121517366839788
2022-07-07,101414.1740514196,0.0,0,,-0.16121517366839788
2022-07-08,101414.1740514196,0.0,0,,-0.16121517366839788
2022-07-11,101414.1740514196,0.0,0,,-0.16121517366839788
2022-07-12,101414.1740514196,0.0,0,,-0.16121517366839788
2022-07-13,101414.1740514196,0.0,0,,-0.16121517366839788
2022-07-14,102427.74643157939,0.00999438579114087,1,359.52607291085377,-0.15283203451828475
2022-07-15,104384.63682109944,0.019105080973613298,1,367.5835745675223,-0.1366468219395054
2022-07-18,103522.739860731,-0.008256933075751482,1,367.5835745675223,-0.14377547135148827
2022-07-19,106319.83958629286,0.027019181769385003,1,374.22356087820873,-0.12064098517652799
2022-07-20,106997.43309691054,0.006373161521445958,1,376.4771259852818,-0.11503668813971835
2022-07-21,108087.00875568307,0.010183194374258298,1,380.6560767037528,-0.10602493472095786
2022-07-22,107084.16705140684,-0.009278096561475047,1,380.6560767037528,-0.11431932170016779
2022-07-25,107214.26798315128,0.0012149408761985558,1,380.6560767037528,-0.11324327204084195
2022-07-26,105945.81491641223,-0.01183100990754693,1,380.6560767037528,-0.12373449967491057
2022-07-27,108696.84291523897,0.025966367817333857,1,383.1792962210519,-0.1009810673878292
2022-07-28,110060.16072774553,0.012542386475471679,1,387.55394090924943,-0.0897052244862413
2022-07-29,111664.6975289013,0.014578724858715253,1,393.1542848859514,-0.07643428741370029
2022-08-01,111334.03156486368,-0.002961239956361772,1,393.1542848859514,-0.07916918710413656
2022-08-02,110599.52251534756,-0.00659734529678091,1,393.1542848859514,-0.08524422593672609
2022-08-03,112331.45549876081,0.015659497835290637,1,396.2625220162528,-0.07091960987296275
2022-08-04,112255.56535642785,-0.0006755911956807248,1,396.8200236729213,-0.07154728840461222
2022-08-05,112065.83586489283,-0.001690156661120601,1,396.8200236729213,-0.07311651893965054
2022-08-08,111935.73493314839,-0.0011609330420850883,1,397.24535042899,-0.07419256859897638
2022-08-09,111491.23789131387,-0.003971002129927403,1,397.24535042899,-0.07786895188097243
2022-08-10,113832.99676287788,0.021003972292843898,1,404.40249415806363,-0.058500536895909394
2022-08-11,113832.99676287788,0.0,1,404.7042748587472,-0.058500536895909394
2022-08-12,115760.07700820525,0.016929012677594724,1,411.10714939662387,-0.04256188054907151
2022-08-15,116237.09721512458,0.004120766150540245,1,413.03141130719865,-0.03861650195520139
2022-08-16,116464.77591352866,0.0019587438421893033,1,415.1464353288923,-0.036733397948423674
2022-08-17,115638.106867732,-0.0070980177423810575,1,415.1464353288923,-0.043570681380428966
2022-08-18,115974.19887355388,0.002906412210693654,1,415.1464353288923,-0.0407909035301276
2022-08-19,114415.73379913322,-0.013438032679318979,1,415.1464353288923,-0.05368078671478982
2022-08-22,112351.43189564675,-0.018042115668379433,0,,-0.07075438742009132
2022-08-23,112351.43189564675,0.0,0,,-0.07075438742009132
2022-08-24,112351.43189564675,0.0,0,,-0.07075438742009132
2022-08-25,112351.43189564675,0.0,0,,-0.07075438742009132
2022-08-26,112351.43189564675,0.0,0,,-0.07075438742009132
2022-08-29,112351.43189564675,0.0,0,,-0.07075438742009132
2022-08-30,112351.43189564675,0.0,0,,-0.07075438742009132
2022-08-31,112351.43189564675,0.0,0,,-0.07075438742009132
2022-09-01,112351.43189564675,0.0,0,,-0.07075438742009132
2022-09-02,112351.43189564675,0.0,0,,-0.07075438742009132
2022-09-06,112351.43189564675,0.0,0,,-0.07075438742009132
2022-09-07,112351.43189564675,0.0,0,,-0.07075438742009132
2022-09-08,112351.43189564675,0.0,0,,-0.07075438742009132
2022-09-09,112351.43189564675,0.0,0,,-0.07075438742009132
2022-09-12,112351.43189564675,0.0,0,,-0.07075438742009132
2022-09-13,112351.43189564675,0.0,0,,-0.07075438742009132
2022-09-14,112351.43189564675,0.0,0,,-0.07075438742009132
2022-09-15,112351.43189564675,0.0,0,,-0.07075438742009132
2022-09-16,112351.43189564675,0.0,0,,-0.07075438742009132
2022-09-19,112351.43189564675,0.0,0,,-0.07075438742009132
2022-09-20,112351.43189564675,0.0,0,,-0.07075438742009132
2022-09-21,112351.43189564675,0.0,0,,-0.07075438742009132
2022-09-22,112351.43189564675,0.0,0,,-0.07075438742009132
2022-09-23,112351.43189564675,0.0,0,,-0.07075438742009132
2022-09-26,112351.43189564675,0.0,0,,-0.07075438742009132
2022-09-27,112351.43189564675,0.0,0,,-0.07075438742009132
2022-09-28,112351.43189564675,0.0,0,,-0.07075438742009132
2022-09-29,112351.43189564675,0.0,0,,-0.07075438742009132
2022-09-30,112351.43189564675,0.0,0,,-0.07075438742009132
2022-10-03,112351.43189564675,0.0,0,,-0.07075438742009132
2022-10-04,112351.43189564675,0.0,0,,-0.07075438742009132
2022-10-05,112351.43189564675,0.0,0,,-0.07075438742009132
2022-10-06,112351.43189564675,0.0,0,,-0.07075438742009132
2022-10-07,112351.43189564675,0.0,0,,-0.07075438742009132
2022-10-10,112351.43189564675,0.0,0,,-0.07075438742009132
2022-10-11,112351.43189564675,0.0,0,,-0.07075438742009132
2022-10-12,112351.43189564675,0.0,0,,-0.07075438742009132
2022-10-13,112351.43189564675,0.0,0,,-0.07075438742009132
2022-10-14,112351.43189564675,0.0,0,,-0.07075438742009132
2022-10-17,112351.43189564675,0.0,0,,-0.07075438742009132
2022-10-18,112351.43189564675,0.0,0,,-0.07075438742009132
2022-10-19,112351.43189564675,0.0,0,,-0.07075438742009132
2022-10-20,112351.43189564675,0.0,0,,-0.07075438742009132
2022-10-21,112351.43189564675,0.0,0,,-0.07075438742009132
2022-10-24,113072.52267703002,0.006418171706552345,1,355.8556921822684,-0.06479032952099317
2022-10-25,114878.1310425174,0.015968586556123432,1,362.25035204206193,-0.04985635294982549
2022-10-26,114012.62815089466,-0.00753409620933343,1,362.25035204206193,-0.0570148265993885
2022-10-27,113403.80331723075,-0.00533997718970336,1,362.25035204206193,-0.06205034591557623
2022-10-28,116101.75547409266,0.023790667313994485,1,366.9199709211077,-0.03973589773797748
2022-10-31,115263.12080583867,-0.007223272936998093,1,366.9199709211077,-0.046672147440217526
2022-11-01,114758.7450520368,-0.004375864112264427,1,366.9199709211077,-0.05084378057745598
2022-11-02,111878.7356352026,-0.025096208707478307,1,366.9199709211077,-0.07466400315608512
2022-11-03,110697.7224435169,-0.010556190012162459,0,,-0.08443202576386333
2022-11-04,110697.7224435169,0.0,0,,-0.08443202576386333
2022-11-07,111187.4375437926,0.004423894994999289,1,361.0910862513951,-0.08038164918505841
2022-11-08,111787.33985297335,0.005395414467974202,1,362.9446498325893,-0.07541992703005695
2022-11-09,109484.28797128152,-0.02060208145860598,1,362.9446498325893,-0.0944682010083876
2022-11-10,115500.90429185434,0.054954153075837064,1,373.8525074550084,-0.04470546791156449
2022-11-11,116618.7798337216,0.009678500343534457,1,377.88858468191967,-0.03545964945457003
2022-11-14,115626.73606510526,-0.00850672396016161,1,377.88858468191967,-0.04366472796509757
2022-11-15,116612.92137784846,0.008529042212070292,1,377.88858468191967,-0.03550810406102012
2022-11-16,115723.31128128237,-0.007628743762310708,1,377.88858468191967,-0.042865965595963784
2022-11-17,115369.21406273029,-0.0030598607543418366,1,377.88858468191967,-0.045794662464481606
2022-11-18,115893.03682071697,0.00454040328039218,1,377.88858468191967,-0.04146218541976765
2022-11-21,115471.63880420756,-0.0036360943510462818,1,377.88858468191967,-0.044947519352627086
2022-11-22,117025.54064112112,0.01345699994392846,1,382.3589205060686,-0.03209537817410657
2022-11-23,117762.99163529905,0.006301624330362632,1,385.31822422572543,-0.02599600685973802
2022-11-25,117736.64644501587,-0.0002237136634977155,1,386.5674830845424,-0.026213904861304815
2022-11-28,115857.92180777,-0.015957008238070114,1,386.5674830845424,-0.04175261760355109
2022-11-29,115658.93078068862,-0.0017175435565947028,1,386.5674830845424,-0.04339844922080982
2022-11-30,119302.25626310274,0.03150059798946758,1,391.0978524344308,-0.013264928333613368
2022-12-01,119214.46873073535,-0.0007358413421267862,1,393.5942938668387,-0.013991008793071913
2022-12-02,119076.92897631113,-0.0011537169597666264,1,393.5942938668387,-0.015128584088709762
2022-12-05,116934.82388081716,-0.017989253786685366,1,393.5942938668387,-0.03284568593679016
2022-12-06,115007.48901582288,-0.016482129112869504,0,,-0.04878644821324862
2022-12-07,115007.48901582288,0.0,0,,-0.04878644821324862
2022-12-08,115007.48901582288,0.0,0,,-0.04878644821324862
2022-12-09,115007.48901582288,0.0,0,,-0.04878644821324862
2022-12-12,115007.48901582288,0.0,0,,-0.04878644821324862
2022-12-13,112525.76637582197,-0.02157879161816556,1,395.5842993600028,-0.06931248723163008
2022-12-14,111806.32949528121,-0.006393530155021865,1,395.5842993600028,-0.07526286590941689
2022-12-15,110213.08757215968,-0.014250015453631137,0,,-0.0884403843607543
2022-12-16,110213.08757215968,0.0,0,,-0.0884403843607543
2022-12-19,110213.08757215968,0.0,0,,-0.0884403843607543
2022-12-20,110213.08757215968,0.0,0,,-0.0884403843607543
2022-12-21,110213.08757215968,0.0,0,,-0.0884403843607543
2022-12-22,110213.08757215968,0.0,0,,-0.0884403843607543
2022-12-23,110213.08757215968,0.0,0,,-0.0884403843607543
2022-12-27,110213.08757215968,0.0,0,,-0.0884403843607543
2022-12-28,110213.08757215968,0.0,0,,-0.0884403843607543
2022-12-29,110213.08757215968,0.0,0,,-0.0884403843607543
2022-12-30,110213.08757215968,0.0,0,,-0.0884403843607543
2023-01-03,110213.08757215968,0.0,0,,-0.0884403843607543
2023-01-04,110213.08757215968,0.0,0,,-0.0884403843607543
2023-01-05,110213.08757215968,0.0,0,,-0.0884403843607543
2023-01-06,110213.08757215968,0.0,0,,-0.0884403843607543
2023-01-09,110213.08757215968,0.0,0,,-0.0884403843607543
2023-01-10,110213.08757215968,0.0,0,,-0.0884403843607543
2023-01-11,110213.08757215968,0.0,0,,-0.0884403843607543
2023-01-12,110213.08757215968,0.0,0,,-0.0884403843607543
2023-01-13,110213.08757215968,0.0,0,,-0.0884403843607543
2023-01-17,110213.08757215968,0.0,0,,-0.0884403843607543
2023-01-18,107973.97428157936,-0.020316219606081876,1,384.19750213623047,-0.10695982969611673
2023-01-19,107187.94348054938,-0.007279817254666643,1,384.19750213623047,-0.11346099893700545
2023-01-20,109184.75192741999,0.018629039629190602,1,384.19750213623047,-0.09694562875337975
2023-01-23,110494.81448490825,0.011998585281936869,1,385.01571873256137,-0.08611025386575144
2023-01-24,110376.221368164,-0.0010732912426442143,1,385.4946594238281,-0.08709112372701966
2023-01-25,110417.59008135051,0.00037479733110745705,1,385.4946594238281,-0.08674896791664821
2023-01-26,111631.12003018442,0.010990368001509765,1,389.8392857142857,-0.07671200299629344
2023-01-27,111887.61446876955,0.0022976965430050456,1,391.6889201572963,-0.07459056735738012
2023-01-30,110483.78002244893,-0.012546826143231993,1,391.6889201572963,-0.08620151862005399
2023-01-31,112108.26163381217,0.014703349315466685,1,392.32286834716797,-0.07276562034438172
2023-02-01,113299.72265772746,0.010627771821197562,1,395.5178473336356,-0.06291118493263204
2023-02-02,114949.02549700261,0.01455698920162063,1,401.24070957728793,-0.04926999317073677
2023-02-03,113727.2218055314,-0.010629091340170427,1,401.24070957728793,-0.05937538925316588
2023-02-06,113032.19375668303,-0.006111360480051453,1,401.24070957728793,-0.06512388532584779
2023-02-07,114510.50030356809,0.013078632712971272,1,401.24070957728793,-0.05289698398989506
2023-02-08,113258.35394454094,-0.010934773280246723,1,401.24070957728793,-0.06325334074300348
2023-02-09,112276.49720638026,-0.008669177186183319,1,401.24070957728793,-0.07137416351066761
2023-02-10,112538.5130846094,0.0023336663037101246,1,401.24070957728793,-0.06920706068729776
2023-02-13,113859.60168772825,0.011738991096546858,1,401.24070957728793,-0.0582804906599772
2023-02-14,113807.20692891114,-0.00046016987623764827,1,401.24070957728793,-0.058713841610040896
2023-02-15,114176.78146142523,0.0032473737163669636,1,401.24070957728793,-0.05565713367970515
2023-02-16,112604.70302570781,-0.013768810222142602,1,401.24070957728793,-0.06865961139070353
2023-02-17,112323.38735921078,-0.002498258589011204,1,401.24070957728793,-0.07098634051583974
2023-02-21,110497.25358147219,-0.016257823242977976,0,,-0.08609008038204535
2023-02-22,110497.25358147219,0.0,0,,-0.08609008038204535
2023-02-23,110497.25358147219,0.0,0,,-0.08609008038204535
2023-02-24,110599.61680268375,0.0009263870177198541,1,381.68893541608537,-0.08524344609714596
2023-02-27,111406.04844979776,0.007291450643565289,0,,-0.07857354383348536
2023-02-28,111406.04844979776,0.0,0,,-0.07857354383348536
2023-03-01,111406.04844979776,0.0,0,,-0.07857354383348536
2023-03-02,111406.04844979776,0.0,0,,-0.07857354383348536
2023-03-03,111406.04844979776,0.0,0,,-0.07857354383348536
2023-03-06,111406.04844979776,0.0,0,,-0.07857354383348536
2023-03-07,111406.04844979776,0.0,0,,-0.07857354383348536
2023-03-08,111406.04844979776,0.0,0,,-0.07857354383348536
2023-03-09,111406.04844979776,0.0,0,,-0.07857354383348536
2023-03-10,111406.04844979776,0.0,0,,-0.07857354383348536
2023-03-13,111406.04844979776,0.0,0,,-0.07857354383348536
2023-03-14,111406.04844979776,0.0,0,,-0.07857354383348536
2023-03-15,111406.04844979776,0.0,0,,-0.07857354383348536
2023-03-16,111406.04844979776,0.0,0,,-0.07857354383348536
2023-03-17,111406.04844979776,0.0,0,,-0.07857354383348536
2023-03-20,111406.04844979776,0.0,0,,-0.07857354383348536
2023-03-21,111406.04844979776,0.0,0,,-0.07857354383348536
2023-03-22,111406.04844979776,0.0,0,,-0.07857354383348536
2023-03-23,111406.04844979776,0.0,0,,-0.07857354383348536
2023-03-24,111406.04844979776,0.0,0,,-0.07857354383348536
2023-03-27,111406.04844979776,0.0,0,,-0.07857354383348536
2023-03-28,111406.04844979776,0.0,0,,-0.07857354383348536
2023-03-29,111406.04844979776,0.0,0,,-0.07857354383348536
2023-03-30,111131.83358350546,-0.002461400167297567,1,386.84285409109935,-0.0808415430668461
2023-03-31,112698.1956971727,0.014094630342711634,1,393.2007173810686,-0.06788634438999619
2023-04-03,113127.63682630354,0.003810541299922532,1,395.6821496146066,-0.06433448680907239
2023-04-04,112499.99145288335,-0.0055481170740256935,1,395.6821496146066,-0.06952566861838405
2023-04-05,112205.43640633252,-0.0026182672793729767,1,395.6821496146066,-0.07196189911453699
2023-04-06,112643.13569560138,0.003900874175862601,1,396.504275730678,-0.06834173925257625
2023-04-10,112758.74993753374,0.0010263762742257487,1,397.00640542166576,-0.0673855073180587
2023-04-11,112789.035458691,0.0002685868828276039,1,397.72535596575057,-0.06713501929858934
2023-04-12,112329.30880840292,-0.004075987071070042,1,397.72535596575057,-0.07093736489898228
2023-04-13,113821.34748082793,0.013282719249790409,1,403.04320744105746,-0.05859688675146513
2023-04-14,113543.30875455316,-0.0024427643181925696,1,403.04320744105746,-0.06089651268554408
2023-04-17,113950.73092364149,0.003588253447581513,1,403.85249873570035,-0.0575267713595522
2023-04-18,114025.05436488372,0.0006522418999843627,1,404.0974851335798,-0.05691205083021944
2023-04-19,114005.79092521283,-0.00016894041207160537,1,404.577511378697,-0.057071376496972026
2023-04-20,113383.64819155907,-0.005457115192173734,1,404.577511378697,-0.062217046613425864
2023-04-21,113471.74083368252,0.0007769430912525355,1,404.577511378697,-0.061488442626697615
2023-04-24,113590.11059598647,0.0010431651214151128,1,404.577511378697,-0.060509420104000844
2023-04-25,111787.00055673458,-0.015873829418699414,1,404.577511378697,-0.07542273330974492
2023-04-26,111206.33427710601,-0.005194398961745672,0,,-0.08022535650389451
2023-04-27,111206.33427710601,0.0,0,,-0.08022535650389451
2023-04-28,111206.33427710601,0.0,0,,-0.08022535650389451
2023-05-01,111206.33427710601,0.0,0,,-0.08022535650389451
2023-05-02,111206.33427710601,0.0,0,,-0.08022535650389451
2023-05-03,111206.33427710601,0.0,0,,-0.08022535650389451
2023-05-04,111206.33427710601,0.0,0,,-0.08022535650389451
2023-05-05,111206.33427710601,0.0,0,,-0.08022535650389451
2023-05-08,110977.92903800959,-0.002053886953303219,1,400.96463666643416,-0.08211446964415026
2023-05-09,110491.25513829243,-0.004385321513347695,1,400.96463666643416,-0.08613969280721034
2023-05-10,111007.51021164778,0.004672361380176238,1,400.96463666643416,-0.08186980720100678
2023-05-11,110813.91558483902,-0.001743977740241598,1,400.96463666643416,-0.08347100581989197
2023-05-12,110994.03317253616,0.0016254058594225018,0,,-0.08198127422242107
2023-05-15,110994.03317253616,0.0,0,,-0.08198127422242107
2023-05-16,110994.03317253616,0.0,0,,-0.08198127422242107
2023-05-17,110994.03317253616,0.0,0,,-0.08198127422242107
2023-05-18,111984.42257284866,0.008922906682496956,1,408.03001076834545,-0.07378987879952303
2023-05-19,111821.47556744401,-0.0014550863563068672,1,408.03001076834545,-0.07513759450995516
2023-05-22,111866.88943342576,0.0004061283018428341,1,408.23822348458424,-0.0747619817117754
2023-05-23,110611.42551315099,-0.011222837486886017,1,408.23822348458424,-0.08514577762771247
2023-05-24,109810.06764535868,-0.007244801918740551,1,408.23822348458424,-0.09177371525332323
2023-05-25,110761.01166299217,0.008659898295524604,1,408.23822348458424,-0.08390856799809476
2023-05-26,112195.44094204699,0.012950669712364915,1,409.5432009015764,-0.07204457043591062
2023-05-30,112238.18100654929,0.00038094297008361977,1,409.5432009015764,-0.07169107233846728
2023-05-31,111615.79664937081,-0.005545210654671617,1,409.5432009015764,-0.07683874089496279
2023-06-01,112676.26055382263,0.009501019894013307,1,410.7485787527902,-0.06806776740682341
2023-06-02,114305.6898487004,0.014461158782416383,1,416.428946358817,-0.05459094741684156
2023-06-05,114086.65007506374,-0.0019162630830240612,1,416.428946358817,-0.056402599882663385
2023-06-06,114335.06905763924,0.0021774588210983215,1,416.56214686802457,-0.05434795540021242
2023-06-07,113939.72957486821,-0.003457727240027575,1,416.56214686802457,-0.05761776223441284
2023-06-08,114628.9019061965,0.0060485691329945634,1,418.255005972726,-0.05191769811958169
2023-06-09,114834.5808242697,0.0017943024372815142,1,419.06963784354076,-0.050216551734574066
2023-06-12,115876.34442203293,0.009071863112013467,1,422.80177416120256,-0.041600246305854016
2023-06-13,116640.30982828182,0.006592936721117715,1,425.9439359392439,-0.035281577376213735
2023-06-14,116779.20892403899,0.0011908327057914558,1,426.2389232090541,-0.034132759126673795
2023-06-15,118226.99905865727,0.012397670338390565,1,431.1946552821568,-0.022158255483675338
2023-06-16,117388.24057748778,-0.007094474932526573,1,431.1946552821568,-0.029095529228124417
2023-06-20,116779.20892403899,-0.0051881828235322835,1,431.1946552821568,-0.034132759126673795
2023-06-21,116180.86432467421,-0.005123725403500368,1,431.1946552821568,-0.039081597645145294
2023-06-22,116600.24356525896,0.0036097101103738094,1,431.1946552821568,-0.03561296077292064
2023-06-23,115718.74501958716,-0.007560006040454259,1,431.1946552821568,-0.04290373261481317
2023-06-26,115007.63923866802,-0.006145121784709828,0,,-0.04878520573758627
2023-06-27,115007.63923866802,0.0,0,,-0.04878520573758627
2023-06-28,115007.63923866802,0.0,0,,-0.04878520573758627
2023-06-29,115007.63923866802,0.0,0,,-0.04878520573758627
2023-06-30,115007.63923866802,0.0,0,,-0.04878520573758627
2023-07-03,115007.63923866802,0.0,0,,-0.04878520573758627
2023-07-05,115007.63923866802,0.0,0,,-0.04878520573758627
2023-07-06,115007.63923866802,0.0,0,,-0.04878520573758627
2023-07-07,115007.63923866802,0.0,0,,-0.04878520573758627
2023-07-10,115007.63923866802,0.0,0,,-0.04878520573758627
2023-07-11,115007.63923866802,0.0,0,,-0.04878520573758627
2023-07-12,115007.63923866802,0.0,0,,-0.04878520573758627
2023-07-13,115007.63923866802,0.0,0,,-0.04878520573758627
2023-07-14,115007.63923866802,0.0,0,,-0.04878520573758627
2023-07-17,115007.63923866802,0.0,0,,-0.04878520573758627
2023-07-18,115007.63923866802,0.0,0,,-0.04878520573758627
2023-07-19,115007.63923866802,0.0,0,,-0.04878520573758627
2023-07-20,115007.63923866802,0.0,0,,-0.04878520573758627
2023-07-21,115007.63923866802,0.0,0,,-0.04878520573758627
2023-07-24,115007.63923866802,0.0,0,,-0.04878520573758627
2023-07-25,115007.63923866802,0.0,0,,-0.04878520573758627
2023-07-26,115007.63923866802,0.0,0,,-0.04878520573758627
2023-07-27,115007.63923866802,0.0,0,,-0.04878520573758627
2023-07-28,115007.63923866802,0.0,0,,-0.04878520573758627
2023-07-31,115007.63923866802,0.0,0,,-0.04878520573758627
2023-08-01,115007.63923866802,0.0,0,,-0.04878520573758627
2023-08-02,115007.63923866802,0.0,0,,-0.04878520573758627
2023-08-03,115007.63923866802,0.0,0,,-0.04878520573758627
2023-08-04,115007.63923866802,0.0,0,,-0.04878520573758627
2023-08-07,115007.63923866802,0.0,0,,-0.04878520573758627
2023-08-08,115007.63923866802,0.0,0,,-0.04878520573758627
2023-08-09,115007.63923866802,0.0,0,,-0.04878520573758627
2023-08-10,115007.63923866802,0.0,0,,-0.04878520573758627
2023-08-11,115007.63923866802,0.0,0,,-0.04878520573758627
2023-08-14,115007.63923866802,0.0,0,,-0.04878520573758627
2023-08-15,115007.63923866802,0.0,0,,-0.04878520573758627
2023-08-16,115007.63923866802,0.0,0,,-0.04878520573758627
2023-08-17,115007.63923866802,0.0,0,,-0.04878520573758627
2023-08-18,115007.63923866802,0.0,0,,-0.04878520573758627
2023-08-21,115007.63923866802,0.0,0,,-0.04878520573758627
2023-08-22,115007.63923866802,0.0,0,,-0.04878520573758627
2023-08-23,115007.63923866802,0.0,0,,-0.04878520573758627
2023-08-24,115007.63923866802,0.0,0,,-0.04878520573758627
2023-08-25,115007.63923866802,0.0,0,,-0.04878520573758627
2023-08-28,115007.63923866802,0.0,0,,-0.04878520573758627
2023-08-29,115007.63923866802,0.0,0,,-0.04878520573758627
2023-08-30,115007.63923866802,0.0,0,,-0.04878520573758627
2023-08-31,114504.85454816902,-0.0043717503796039114,1,439.20892551967074,-0.05294367937548794
2023-09-01,114718.42989442771,0.0018652077861802674,1,439.20892551967074,-0.05117722255230783
2023-09-05,114222.62471821562,-0.0043219313293283435,1,439.20892551967074,-0.055277969440139296
2023-09-06,113838.03579789899,-0.003367011756781113,0,,-0.0584588596239245
2023-09-07,113838.03579789899,0.0,0,,-0.0584588596239245
2023-09-08,113838.03579789899,0.0,0,,-0.0584588596239245
2023-09-11,113838.03579789899,0.0,0,,-0.0584588596239245
2023-09-12,113423.38341054425,-0.003642476650694282,1,436.1446533203125,-0.06188840124341244
2023-09-13,113311.6565775973,-0.0009850423218512594,0,,-0.06281248087080726
2023-09-14,113466.95005067308,0.0013704986562388388,1,440.831421988351,-0.06152806663519694
2023-09-15,111705.84138521431,-0.015520895420845227,1,440.831421988351,-0.07609399136835049
2023-09-18,111771.35012499685,0.0005864396970667318,1,440.831421988351,-0.07555217620853039
2023-09-19,110899.65553916157,-0.0077989089767677156,0,,-0.08276186064005098
2023-09-20,110899.65553916157,0.0,0,,-0.08276186064005098
2023-09-21,110899.65553916157,0.0,0,,-0.08276186064005098
2023-09-22,110899.65553916157,0.0,0,,-0.08276186064005098
2023-09-25,110899.65553916157,0.0,0,,-0.08276186064005098
2023-09-26,110899.65553916157,0.0,0,,-0.08276186064005098
2023-09-27,110899.65553916157,0.0,0,,-0.08276186064005098
2023-09-28,110899.65553916157,0.0,0,,-0.08276186064005098
2023-09-29,110899.65553916157,0.0,0,,-0.08276186064005098
2023-10-02,110899.65553916157,0.0,0,,-0.08276186064005098
2023-10-03,110899.65553916157,0.0,0,,-0.08276186064005098
2023-10-04,110899.65553916157,0.0,0,,-0.08276186064005098
2023-10-05,110899.65553916157,0.0,0,,-0.08276186064005098
2023-10-06,110899.65553916157,0.0,0,,-0.08276186064005098
2023-10-09,110899.65553916157,0.0,0,,-0.08276186064005098
2023-10-10,110899.65553916157,0.0,0,,-0.08276186064005098
2023-10-11,110899.65553916157,0.0,0,,-0.08276186064005098
2023-10-12,110899.65553916157,0.0,0,,-0.08276186064005098
2023-10-13,110899.65553916157,0.0,0,,-0.08276186064005098
2023-10-16,110899.65553916157,0.0,0,,-0.08276186064005098
2023-10-17,110899.65553916157,0.0,0,,-0.08276186064005098
2023-10-18,110899.65553916157,0.0,0,,-0.08276186064005098
2023-10-19,110899.65553916157,0.0,0,,-0.08276186064005098
2023-10-20,110899.65553916157,0.0,0,,-0.08276186064005098
2023-10-23,110899.65553916157,0.0,0,,-0.08276186064005098
2023-10-24,110899.65553916157,0.0,0,,-0.08276186064005098
2023-10-25,110899.65553916157,0.0,0,,-0.08276186064005098
2023-10-26,110899.65553916157,0.0,0,,-0.08276186064005098
2023-10-27,110899.65553916157,0.0,0,,-0.08276186064005098
2023-10-30,110899.65553916157,0.0,0,,-0.08276186064005098
2023-10-31,110899.65553916157,0.0,0,,-0.08276186064005098
2023-11-01,110899.65553916157,0.0,0,,-0.08276186064005098
2023-11-02,110899.65553916157,0.0,0,,-0.08276186064005098
2023-11-03,111129.81427509955,0.0020753782761453454,1,419.77213287353516,-0.08085824453157142
2023-11-06,111385.46730059116,0.002300489991450494,1,421.34713309151783,-0.07874376812239203
2023-11-07,111702.47455558917,0.0028460378421049093,1,423.2746244158064,-0.07612183802419348
2023-11-08,111784.28539620517,0.0007323995367289893,1,424.28570229666576,-0.0754451900863683
2023-11-09,110912.50764304945,-0.007798750513686392,1,424.28570229666576,-0.08265556238511351
2023-11-10,112643.27581693961,0.01560480608246917,1,427.6349792480469,-0.06834058032530155
2023-11-13,112535.90591530339,-0.0009531851844464256,1,427.6349792480469,-0.06922862428108545
2023-11-14,114719.18493753685,0.019400732632628648,1,435.43180193219865,-0.05117097767865875
2023-11-15,114962.05063060716,0.0021170451411640645,1,436.9710671561105,-0.049162263807157935
2023-11-16,115102.66447577426,0.001223132715498565,1,438.0478733607701,-0.047999263064889885
2023-11-17,115245.82954589666,0.0012438032670609722,1,439.2989414760045,-0.04681516143804543
2023-11-20,116132.94585642898,0.00769760011297449,1,442.71715545654297,-0.03947792571704545
2023-11-21,115879.8440558927,-0.0021794142796410787,1,442.71715545654297,-0.041571301241648206
2023-11-22,116327.236850503,0.0038608335923762116,1,444.932485307966,-0.03787096752558461
2023-11-24,116398.8193855642,0.0006153548988119262,1,446.06248583112443,-0.037278916712162324
2023-11-27,116189.18983411358,-0.0018009594303206589,1,446.06248583112443,-0.03901273832587804
2023-11-28,116304.2290144381,0.000990102267592663,1,446.06248583112443,-0.03806126265896681
2023-11-29,116222.41817382211,-0.0007034210304238675,1,446.06248583112443,-0.03873791059679188
2023-11-30,116680.0392739872,0.003937459806426347,1,447.5410624912807,-0.034952979756325386
2023-12-01,117370.30556357902,0.005915890103284527,1,450.70714896065846,-0.029243867640061705
2023-12-04,116754.1808359149,-0.005249408908886033,1,450.70714896065846,-0.03433976352962764
2023-12-05,116731.17299985001,-0.00019706220282789122,1,450.70714896065846,-0.034530058663009844
2023-12-06,116260.77236917478,-0.004029777295871395,1,450.70714896065846,-0.038420687512455864
2023-12-07,117147.88867970712,0.007630400972353568,1,450.70714896065846,-0.031083451791455774
2023-12-08,117651.52545200202,0.004299153642212783,1,451.85893685477123,-0.026917930684224767
2023-12-11,118109.13875025595,0.003889565362589442,1,453.9899869646345,-0.0231330643724571
2023-12-12,118648.57069103705,0.004567232870283933,1,455.86786215645924,-0.018671485594165427
2023-12-13,120284.7484938011,0.013790118104538118,1,461.63392966134205,-0.005138849481157948
2023-12-14,120670.78705890501,0.003209372509298758,1,462.4814355032785,-0.0019459694541135164
2023-12-15,119985.631021135,-0.00567789482831127,1,462.4814355032785,-0.00761281527252522
2023-12-18,120660.55875335021,0.0056250713228847005,1,462.4814355032785,-0.002030566578516524
2023-12-19,121394.28168820534,0.0060808846108113546,1,464.79712459019254,0.0
2023-12-20,119712.08821331148,-0.013857271129248838,1,464.79712459019254,-0.013857271129248838
2023-12-21,120847.18827064711,0.00948191677446153,1,464.79712459019254,-0.004506747846355852
2023-12-22,121090.05396371744,0.0020096925426713597,1,464.79712459019254,-0.0025061124812230107
2023-12-26,121601.36001470065,0.004222527236930729,1,464.8928418840681,0.0
2023-12-27,121821.22567361724,0.0018080855254416495,1,466.2457166399275,0.0
2023-12-28,121867.24134574705,0.00037773115379002853,1,466.9346389770508,0.0
2023-12-29,121514.43892226284,-0.002894973411954771,1,466.9346389770508,-0.002894973411954771
2024-01-02,120834.40093822582,-0.005596355380219964,1,466.9346389770508,-0.008475127492145185
2024-01-03,119847.58400474559,-0.008166688673242328,1,466.9346389770508,-0.016572602437693207
2024-01-04,119461.54543964169,-0.0032210792425203527,1,466.9346389770508,-0.019740300014506884
2024-01-05,119194.19328157233,-0.0022379767236850867,0,,-0.021934098406240943
2024-01-08,119194.19328157233,0.0,0,,-0.021934098406240943
2024-01-09,119194.19328157233,0.0,0,,-0.021934098406240943
2024-01-10,119194.19328157233,0.0,0,,-0.021934098406240943
2024-01-11,119194.19328157233,0.0,0,,-0.021934098406240943
2024-01-12,119194.19328157233,0.0,0,,-0.021934098406240943
2024-01-16,119194.19328157233,0.0,0,,-0.021934098406240943
2024-01-17,119194.19328157233,0.0,0,,-0.021934098406240943
2024-01-18,119194.19328157233,0.0,0,,-0.021934098406240943
2024-01-19,119194.19328157233,0.0,0,,-0.021934098406240943
2024-01-22,119194.19328157233,0.0,0,,-0.021934098406240943
2024-01-23,119194.19328157233,0.0,0,,-0.021934098406240943
2024-01-24,119194.19328157233,0.0,0,,-0.021934098406240943
2024-01-25,119194.19328157233,0.0,0,,-0.021934098406240943
2024-01-26,119194.19328157233,0.0,0,,-0.021934098406240943
2024-01-29,119194.19328157233,0.0,0,,-0.021934098406240943
2024-01-30,119194.19328157233,0.0,0,,-0.021934098406240943
2024-01-31,119194.19328157233,0.0,0,,-0.021934098406240943
2024-02-01,119194.19328157233,0.0,0,,-0.021934098406240943
2024-02-02,119194.19328157233,0.0,0,,-0.021934098406240943
2024-02-05,119194.19328157233,0.0,0,,-0.021934098406240943
2024-02-06,119194.19328157233,0.0,0,,-0.021934098406240943
2024-02-07,119194.19328157233,0.0,0,,-0.021934098406240943
2024-02-08,119194.19328157233,0.0,0,,-0.021934098406240943
2024-02-09,119194.19328157233,0.0,0,,-0.021934098406240943
2024-02-12,119194.19328157233,0.0,0,,-0.021934098406240943
2024-02-13,119194.19328157233,0.0,0,,-0.021934098406240943
2024-02-14,119194.19328157233,0.0,0,,-0.021934098406240943
2024-02-15,119194.19328157233,0.0,0,,-0.021934098406240943
2024-02-16,119194.19328157233,0.0,0,,-0.021934098406240943
2024-02-20,119194.19328157233,0.0,0,,-0.021934098406240943
2024-02-21,119194.19328157233,0.0,0,,-0.021934098406240943
2024-02-22,119194.19328157233,0.0,0,,-0.021934098406240943
2024-02-23,119194.19328157233,0.0,0,,-0.021934098406240943
2024-02-26,119194.19328157233,0.0,0,,-0.021934098406240943
2024-02-27,119194.19328157233,0.0,0,,-0.021934098406240943
2024-02-28,119194.19328157233,0.0,0,,-0.021934098406240943
2024-02-29,119194.19328157233,0.0,0,,-0.021934098406240943
2024-03-01,119194.19328157233,0.0,0,,-0.021934098406240943
2024-03-04,119194.19328157233,0.0,0,,-0.021934098406240943
2024-03-05,119194.19328157233,0.0,0,,-0.021934098406240943
2024-03-06,119194.19328157233,0.0,0,,-0.021934098406240943
2024-03-07,119194.19328157233,0.0,0,,-0.021934098406240943
2024-03-08,119194.19328157233,0.0,0,,-0.021934098406240943
2024-03-11,119194.19328157233,0.0,0,,-0.021934098406240943
2024-03-12,119194.19328157233,0.0,0,,-0.021934098406240943
2024-03-13,119194.19328157233,0.0,0,,-0.021934098406240943
2024-03-14,119194.19328157233,0.0,0,,-0.021934098406240943
2024-03-15,119194.19328157233,0.0,0,,-0.021934098406240943
2024-03-18,119194.19328157233,0.0,0,,-0.021934098406240943
2024-03-19,119194.19328157233,0.0,0,,-0.021934098406240943
2024-03-20,119194.19328157233,0.0,0,,-0.021934098406240943
2024-03-21,119194.19328157233,0.0,0,,-0.021934098406240943
2024-03-22,119194.19328157233,0.0,0,,-0.021934098406240943
2024-03-25,119194.19328157233,0.0,0,,-0.021934098406240943
2024-03-26,119194.19328157233,0.0,0,,-0.021934098406240943
2024-03-27,119194.19328157233,0.0,0,,-0.021934098406240943
2024-03-28,119194.19328157233,0.0,0,,-0.021934098406240943
2024-04-01,119194.19328157233,0.0,0,,-0.021934098406240943
2024-04-02,119194.19328157233,0.0,0,,-0.021934098406240943
2024-04-03,119194.19328157233,0.0,0,,-0.021934098406240943
2024-04-04,119194.19328157233,0.0,0,,-0.021934098406240943
2024-04-05,119194.19328157233,0.0,0,,-0.021934098406240943
2024-04-08,119194.19328157233,0.0,0,,-0.021934098406240943
2024-04-09,119194.19328157233,0.0,0,,-0.021934098406240943
2024-04-10,119194.19328157233,0.0,0,,-0.021934098406240943
2024-04-11,119194.19328157233,0.0,0,,-0.021934098406240943
2024-04-12,118201.20965278159,-0.008330805397919083,1,502.43785095214844,-0.03008217509875888
2024-04-15,119012.73464742537,0.006865623431669299,0,,-0.023423084553323203
2024-04-16,119012.73464742537,0.0,0,,-0.023423084553323203
2024-04-17,119012.73464742537,0.0,0,,-0.023423084553323203
2024-04-18,119012.73464742537,0.0,0,,-0.023423084553323203
2024-04-19,119012.73464742537,0.0,0,,-0.023423084553323203
2024-04-22,119012.73464742537,0.0,0,,-0.023423084553323203
2024-04-23,119012.73464742537,0.0,0,,-0.023423084553323203
2024-04-24,119012.73464742537,0.0,0,,-0.023423084553323203
2024-04-25,119012.73464742537,0.0,0,,-0.023423084553323203
2024-04-26,119012.73464742537,0.0,0,,-0.023423084553323203
2024-04-29,119012.73464742537,0.0,0,,-0.023423084553323203
2024-04-30,119012.73464742537,0.0,0,,-0.023423084553323203
2024-05-01,119012.73464742537,0.0,0,,-0.023423084553323203
2024-05-02,119012.73464742537,0.0,0,,-0.023423084553323203
2024-05-03,119012.73464742537,0.0,0,,-0.023423084553323203
2024-05-06,119012.73464742537,0.0,0,,-0.023423084553323203
2024-05-07,119012.73464742537,0.0,0,,-0.023423084553323203
2024-05-08,119012.73464742537,0.0,0,,-0.023423084553323203
2024-05-09,119475.29933093645,0.0038866822519576516,1,505.95034463065014,-0.019627440388385153
2024-05-10,119629.19844768906,0.0012881249732326072,1,507.3650338309152,-0.018364598011277544
2024-05-13,119645.264068731,0.0001342951490974631,1,508.0831952776228,-0.018232769138608163
2024-05-14,120194.21484426377,0.004588152985457228,1,510.6464189801897,-0.013728270887307437
2024-05-15,121682.58388475454,0.012383033929039389,1,517.3300290788923,-0.0015152346024526198
2024-05-16,121432.2209474176,-0.002057508390634233,1,517.3300290788923,-0.0035696253851784654
2024-05-17,121606.7838734336,0.0014375338328991294,1,517.8410764421735,-0.0021372230095413336
2024-05-20,121746.88842552192,0.0011521113183465825,1,519.4671282087054,-0.0009875740100138142
2024-05-21,122045.47626371773,0.0024525295229904653,1,521.8153294154575,0.0
2024-05-22,121694.06533644158,-0.0028793441431358424,1,521.8153294154575,-0.0028793441431358424
2024-05-23,120805.18508531971,-0.007304220207159817,1,521.8153294154575,-0.010162532986621953
2024-05-24,121604.48477932288,0.006616435324681369,1,521.8153294154575,-0.0036133374041815713
2024-05-28,121689.46714822015,0.0006988423909815022,1,521.8153294154575,-0.002917020166550932
2024-05-29,120837.33034627013,-0.007002551838871218,1,521.8153294154575,-0.009899145420490862
2024-05-30,119673.43110630594,-0.009631950959433921,0,,-0.019435748296694255
2024-05-31,119673.43110630594,0.0,0,,-0.019435748296694255
2024-06-03,119673.43110630594,0.0,0,,-0.019435748296694255
2024-06-04,119673.43110630594,0.0,0,,-0.019435748296694255
2024-06-05,119673.43110630594,0.0,0,,-0.019435748296694255
2024-06-06,119673.43110630594,0.0,0,,-0.019435748296694255
2024-06-07,119673.43110630594,0.0,0,,-0.019435748296694255
2024-06-10,119673.43110630594,0.0,0,,-0.019435748296694255
2024-06-11,119673.43110630594,0.0,0,,-0.019435748296694255
2024-06-12,119673.43110630594,0.0,0,,-0.019435748296694255
2024-06-13,119673.43110630594,0.0,0,,-0.019435748296694255
2024-06-14,119673.43110630594,0.0,0,,-0.019435748296694255
2024-06-17,119673.43110630594,0.0,0,,-0.019435748296694255
2024-06-18,119673.43110630594,0.0,0,,-0.019435748296694255
2024-06-20,119673.43110630594,0.0,0,,-0.019435748296694255
2024-06-21,119673.43110630594,0.0,0,,-0.019435748296694255
2024-06-24,119673.43110630594,0.0,0,,-0.019435748296694255
2024-06-25,119673.43110630594,0.0,0,,-0.019435748296694255
2024-06-26,119673.43110630594,0.0,0,,-0.019435748296694255
2024-06-27,119673.43110630594,0.0,0,,-0.019435748296694255
2024-06-28,119673.43110630594,0.0,0,,-0.019435748296694255
2024-07-01,119673.43110630594,0.0,0,,-0.019435748296694255
2024-07-02,119673.43110630594,0.0,0,,-0.019435748296694255
2024-07-03,119673.43110630594,0.0,0,,-0.019435748296694255
2024-07-05,119673.43110630594,0.0,0,,-0.019435748296694255
2024-07-08,119673.43110630594,0.0,0,,-0.019435748296694255
2024-07-09,119673.43110630594,0.0,0,,-0.019435748296694255
2024-07-10,119673.43110630594,0.0,0,,-0.019435748296694255
2024-07-11,119673.43110630594,0.0,0,,-0.019435748296694255
2024-07-12,119673.43110630594,0.0,0,,-0.019435748296694255
2024-07-15,119673.43110630594,0.0,0,,-0.019435748296694255
2024-07-16,119673.43110630594,0.0,0,,-0.019435748296694255
2024-07-17,119673.43110630594,0.0,0,,-0.019435748296694255
2024-07-18,119673.43110630594,0.0,0,,-0.019435748296694255
2024-07-19,119673.43110630594,0.0,0,,-0.019435748296694255
2024-07-22,119673.43110630594,0.0,0,,-0.019435748296694255
2024-07-23,119673.43110630594,0.0,0,,-0.019435748296694255
2024-07-24,119673.43110630594,0.0,0,,-0.019435748296694255
2024-07-25,119673.43110630594,0.0,0,,-0.019435748296694255
2024-07-26,119673.43110630594,0.0,0,,-0.019435748296694255
2024-07-29,119673.43110630594,0.0,0,,-0.019435748296694255
2024-07-30,118562.31414611683,-0.009284575113436055,1,528.7171325683594,-0.028539870745183826
2024-07-31,119909.04870647348,0.01135887545765124,0,,-0.017505176124904764
2024-08-01,117658.01872872192,-0.018772811577063564,1,533.6039101736886,-0.03594936632895207
2024-08-02,115910.81099182407,-0.014849882360557953,0,,-0.050265404828588545
2024-08-05,115910.81099182407,0.0,0,,-0.050265404828588545
2024-08-06,115910.81099182407,0.0,0,,-0.050265404828588545
2024-08-07,115910.81099182407,0.0,0,,-0.050265404828588545
2024-08-08,115910.81099182407,0.0,0,,-0.050265404828588545
2024-08-09,115910.81099182407,0.0,0,,-0.050265404828588545
2024-08-12,115910.81099182407,0.0,0,,-0.050265404828588545
2024-08-13,115910.81099182407,0.0,0,,-0.050265404828588545
2024-08-14,115910.81099182407,0.0,0,,-0.050265404828588545
2024-08-15,115910.81099182407,0.0,0,,-0.050265404828588545
2024-08-16,116343.78860270805,0.0037354376798772737,1,527.6510456630161,-0.04671773043590233
2024-08-19,117456.19982043449,0.009561414761256382,1,533.4992490495954,-0.03760300327204813
2024-08-20,117265.2061100057,-0.0016260845380726696,1,534.0160598754883,-0.03916794214791497
2024-08-21,117668.1901564849,0.003436518468241667,1,537.3753280639648,-0.03586602503622771
2024-08-22,116744.6717055619,-0.007848497114596786,1,537.3753280639648,-0.04343302775681568
2024-08-23,117985.12518874783,0.010625354160183287,1,542.8085523332868,-0.0332691648987975
2024-08-26,117703.86776622022,-0.002383837980234005,1,542.8095986502511,-0.03557369458017512
2024-08-27,117865.48669778972,0.0013730978823101037,1,545.3296269008091,-0.034249442862559154
2024-08-28,117181.24522878294,-0.005805274200081922,1,545.3296269008091,-0.03985588965562392
2024-08-29,117191.7371362778,8.953572284009503e-05,1,545.3296269008091,-0.0397699224586735
2024-08-30,118310.4511848803,0.009546014727144003,1,548.0192544119699,-0.030603551997017364
2024-09-03,115875.73935700237,-0.020579008899841544,1,548.0192544119699,-0.05055277012794557
2024-09-04,115638.5633187115,-0.0020468135919301522,1,548.0192544119699,-0.05249611162286816
2024-09-05,114850.89320324243,-0.006811483062948209,0,,-0.05895001831062652
2024-09-06,114850.89320324243,0.0,0,,-0.05895001831062652
2024-09-09,114850.89320324243,0.0,0,,-0.05895001831062652
2024-09-10,114850.89320324243,0.0,0,,-0.05895001831062652
2024-09-11,114850.89320324243,0.0,0,,-0.05895001831062652
2024-09-12,114850.89320324243,0.0,0,,-0.05895001831062652
2024-09-13,114850.89320324243,0.0,0,,-0.05895001831062652
2024-09-16,114850.89320324243,0.0,0,,-0.05895001831062652
2024-09-17,114850.89320324243,0.0,0,,-0.05895001831062652
2024-09-18,114850.89320324243,0.0,0,,-0.05895001831062652
2024-09-19,114850.89320324243,0.0,0,,-0.05895001831062652
2024-09-20,114850.89320324243,0.0,0,,-0.05895001831062652
2024-09-23,114850.89320324243,0.0,0,,-0.05895001831062652
2024-09-24,114850.89320324243,0.0,0,,-0.05895001831062652
2024-09-25,114850.89320324243,0.0,0,,-0.05895001831062652
2024-09-26,114850.89320324243,0.0,0,,-0.05895001831062652
2024-09-27,114850.89320324243,0.0,0,,-0.05895001831062652
2024-09-30,114850.89320324243,0.0,0,,-0.05895001831062652
2024-10-01,114850.89320324243,0.0,0,,-0.05895001831062652
2024-10-02,114850.89320324243,0.0,0,,-0.05895001831062652
2024-10-03,114850.89320324243,0.0,0,,-0.05895001831062652
2024-10-04,114850.89320324243,0.0,0,,-0.05895001831062652
2024-10-07,114850.89320324243,0.0,0,,-0.05895001831062652
2024-10-08,114850.89320324243,0.0,0,,-0.05895001831062652
2024-10-09,114850.89320324243,0.0,0,,-0.05895001831062652
2024-10-10,114850.89320324243,0.0,0,,-0.05895001831062652
2024-10-11,114850.89320324243,0.0,0,,-0.05895001831062652
2024-10-14,114850.89320324243,0.0,0,,-0.05895001831062652
2024-10-15,114850.89320324243,0.0,0,,-0.05895001831062652
2024-10-16,114850.89320324243,0.0,0,,-0.05895001831062652
2024-10-17,114850.89320324243,0.0,0,,-0.05895001831062652
2024-10-18,114850.89320324243,0.0,0,,-0.05895001831062652
2024-10-21,114850.89320324243,0.0,0,,-0.05895001831062652
2024-10-22,114850.89320324243,0.0,0,,-0.05895001831062652
2024-10-23,114850.89320324243,0.0,0,,-0.05895001831062652
2024-10-24,114850.89320324243,0.0,0,,-0.05895001831062652
2024-10-25,114850.89320324243,0.0,0,,-0.05895001831062652
2024-10-28,114850.89320324243,0.0,0,,-0.05895001831062652
2024-10-29,114850.89320324243,0.0,0,,-0.05895001831062652
2024-10-30,114850.89320324243,0.0,0,,-0.05895001831062652
2024-10-31,114850.89320324243,0.0,0,,-0.05895001831062652
2024-11-01,114850.89320324243,0.0,0,,-0.05895001831062652
2024-11-04,114850.89320324243,0.0,0,,-0.05895001831062652
2024-11-05,115876.42303164283,0.008929228147887436,1,563.067853655134,-0.050547168325556946
2024-11-06,118757.75459134688,0.024865554910313614,1,575.3953268868582,-0.026938496804803314
2024-11-07,119676.00687286195,0.0077321458684938005,1,579.5064043317523,-0.019414643323082292
2024-11-08,120194.41010747863,0.004331722357409529,1,582.1257019042969,-0.015167019810216398
2024-11-11,120308.94176767321,0.0009528867448342915,1,582.8653542654855,-0.014228585517518044
2024-11-12,119935.21462207202,-0.003106395419244068,1,582.8653542654855,-0.01729078132388806
2024-11-13,119993.47995214851,0.000485806693723001,1,582.8653542654855,-0.01681337460747201
2024-11-14,119221.90275960733,-0.006430159312396655,1,582.8653542654855,-0.023135421242563625
2024-11-15,117694.83848461976,-0.012808588351979733,1,582.8653542654855,-0.035647677507497755
2024-11-18,118177.07576293343,0.004097352819568911,1,582.8653542654855,-0.031696385799875215
2024-11-19,118609.06823861114,0.003655467635231613,1,582.8653542654855,-0.028156783277088815
2024-11-20,118649.25672243784,0.000338831460557909,1,582.8653542654855,-0.02782749222053338
2024-11-21,119286.20188096938,0.005368302980789608,1,582.8653542654855,-0.022608575649179063
2024-11-22,119655.91876285031,0.003099410292649374,1,582.8653542654855,-0.019579238608598892
2024-11-25,120061.80160103425,0.003392083253218603,1,582.8653542654855,-0.016253569762775366
2024-11-26,120688.70270455997,0.005221486727384761,1,587.4179186139788,-0.011116950834179407
2024-11-27,120323.00835020274,-0.0030300628489845494,1,587.4179186139788,-0.014113328623447385
2024-11-29,121070.46264140515,0.006212064520751737,1,589.5946982247489,-0.007988937010707131
2024-12-02,121287.47064302664,0.0017924107737512518,1,590.910420009068,-0.006210845693724765
2024-12-03,121343.7247093413,0.00046380772899645706,1,591.7439662388393,-0.005749918602964699
2024-12-04,122097.21279182925,0.006209534809425099,1,595.5421731131418,0.0
2024-12-05,121896.28263649913,-0.00164565718361398,1,595.5421731131418,-0.00164565718361398
2024-12-06,122127.35722065014,0.0018956655539701384,1,597.4886147635324,0.0
2024-12-09,121498.44485336258,-0.005149643631043976,1,597.4886147635324,-0.005149643631043976
2024-12-10,121120.69518023769,-0.003109090602606557,1,597.4886147635324,-0.008242723525030526
2024-12-11,122057.03657180598,0.007730647435394422,1,597.895769391741,-0.0005757976791155306
2024-12-12,121428.12420451842,-0.005152610492206833,1,597.895769391741,-0.005725441310159507
2024-12-13,121404.01356698308,-0.00019855892276432474,1,597.895769391741,-0.0059228633954649945
2024-12-16,121922.40453779632,0.004269965675617771,1,598.1739283970425,-0.0016781881432472723
2024-12-17,121420.07914947101,-0.004120041679210651,1,598.1739283970425,-0.005791315617362236
2024-12-18,120010.89357672696,-0.011605869330799212,0,,-0.01732997169585293
2024-12-19,120010.89357672696,0.0,0,,-0.01732997169585293
2024-12-20,120010.89357672696,0.0,0,,-0.01732997169585293
2024-12-23,120010.89357672696,0.0,0,,-0.01732997169585293
2024-12-24,120010.89357672696,0.0,0,,-0.01732997169585293
2024-12-26,120198.94089870663,0.001566918771914949,1,584.9811008998325,-0.015790207581904858
2024-12-27,118933.66448920396,-0.010526518786625028,1,584.9811008998325,-0.0261505104517743
2024-12-30,117334.21747915223,-0.013448227774037202,0,,-0.039247060204848694
2024-12-31,117334.21747915223,0.0,0,,-0.039247060204848694
2025-01-02,117334.21747915223,0.0,0,,-0.039247060204848694
2025-01-03,117334.21747915223,0.0,0,,-0.039247060204848694
2025-01-06,117334.21747915223,0.0,0,,-0.039247060204848694
2025-01-07,117334.21747915223,0.0,0,,-0.039247060204848694
2025-01-08,117334.21747915223,0.0,0,,-0.039247060204848694
2025-01-10,117334.21747915223,0.0,0,,-0.039247060204848694
2025-01-13,117334.21747915223,0.0,0,,-0.039247060204848694
2025-01-14,117334.21747915223,0.0,0,,-0.039247060204848694
2025-01-15,117334.21747915223,0.0,0,,-0.039247060204848694
2025-01-16,117334.21747915223,0.0,0,,-0.039247060204848694
2025-01-17,117334.21747915223,0.0,0,,-0.039247060204848694
2025-01-21,117334.21747915223,0.0,0,,-0.039247060204848694
2025-01-22,117259.0288409839,-0.0006408074284186549,1,587.5042920793805,-0.0398627178255444
2025-01-23,117899.0379063889,0.005458079192118603,1,591.169655936105,-0.03462221250413078
2025-01-24,117554.85792845245,-0.0029192772396474664,1,591.169655936105,-0.03744041790682873
2025-01-27,115891.9979897883,-0.01414539533258774,1,591.169655936105,-0.05105620372670705
2025-01-28,115959.49289429917,0.0005823948648879806,0,,-0.05050354373269017
2025-01-29,115419.50560893722,-0.0046566889168285774,1,585.3021218436105,-0.05492505335715814
2025-01-30,116038.97479413192,0.005367110021191612,1,587.5453295026507,-0.04985273214025432
2025-01-31,115421.42535471145,-0.00532191395620385,1,587.5453295026507,-0.05490933414552601
2025-02-03,114644.68919100029,-0.006729566554252053,1,587.5453295026507,-0.061269384681196026
2025-02-04,115413.75807738147,0.006708281838506247,1,587.5453295026507,-0.054972115143203104
2025-02-05,115881.70781561547,0.004054540342757651,1,587.5628335135324,-0.05114046145902029
2025-02-06,116284.46813789428,0.003475616038725038,1,589.5914372035435,-0.0478425900283701
2025-02-07,115220.05104645551,-0.009153562023232031,1,589.5914372035435,-0.056558221936425346
2025-02-10,116002.53474172243,0.0067912111491030824,1,589.5914372035435,-0.050151109614710365
2025-02-11,116090.7611069683,0.000760555495121773,1,589.5914372035435,-0.049428696821592455
2025-02-12,115716.77355976903,-0.0032215099947072723,1,589.5914372035435,-0.05249097177546358
2025-02-13,116938.45762972426,0.010557536581541571,1,592.3585575648716,-0.04248761054864214
2025-02-14,116932.7100981685,-4.9150054415414424e-05,1,594.3660845075335,-0.04253467233468711
2025-02-18,117276.00512451402,0.0029358340027978436,1,597.0507071358817,-0.03972371306922717
2025-02-19,117552.1792833632,0.0023549076262954216,1,598.7817927769253,-0.03746235111778329
2025-02-20,117063.12404737965,-0.004160324708269991,1,598.7817927769253,-0.04146682028106796
2025-02-21,115060.86432216482,-0.017104102948802602,1,598.7817927769253,-0.05786167046682367
2025-02-24,115286.59547516584,0.001961841277056564,0,,-0.05601334460324847
2025-02-25,115286.59547516584,0.0,0,,-0.05601334460324847
2025-02-26,115286.59547516584,0.0,0,,-0.05601334460324847
2025-02-27,115286.59547516584,0.0,0,,-0.05601334460324847
2025-02-28,115286.59547516584,0.0,0,,-0.05601334460324847
2025-03-03,115286.59547516584,0.0,0,,-0.05601334460324847
2025-03-04,115286.59547516584,0.0,0,,-0.05601334460324847
2025-03-05,115286.59547516584,0.0,0,,-0.05601334460324847
2025-03-06,115286.59547516584,0.0,0,,-0.05601334460324847
2025-03-07,115286.59547516584,0.0,0,,-0.05601334460324847
2025-03-10,115286.59547516584,0.0,0,,-0.05601334460324847
2025-03-11,115286.59547516584,0.0,0,,-0.05601334460324847
2025-03-12,115286.59547516584,0.0,0,,-0.05601334460324847
2025-03-13,115286.59547516584,0.0,0,,-0.05601334460324847
2025-03-14,115286.59547516584,0.0,0,,-0.05601334460324847
2025-03-17,115286.59547516584,0.0,0,,-0.05601334460324847
2025-03-18,115286.59547516584,0.0,0,,-0.05601334460324847
2025-03-19,115286.59547516584,0.0,0,,-0.05601334460324847
2025-03-20,115286.59547516584,0.0,0,,-0.05601334460324847
2025-03-21,115286.59547516584,0.0,0,,-0.05601334460324847
2025-03-24,115286.59547516584,0.0,0,,-0.05601334460324847
2025-03-25,115286.59547516584,0.0,0,,-0.05601334460324847
2025-03-26,115286.59547516584,0.0,0,,-0.05601334460324847
2025-03-27,115286.59547516584,0.0,0,,-0.05601334460324847
2025-03-28,115286.59547516584,0.0,0,,-0.05601334460324847
2025-03-31,115286.59547516584,0.0,0,,-0.05601334460324847
2025-04-01,115286.59547516584,0.0,0,,-0.05601334460324847
2025-04-02,115286.59547516584,0.0,0,,-0.05601334460324847
2025-04-03,115286.59547516584,0.0,0,,-0.05601334460324847
2025-04-04,115286.59547516584,0.0,0,,-0.05601334460324847
2025-04-07,115286.59547516584,0.0,0,,-0.05601334460324847
2025-04-08,115286.59547516584,0.0,0,,-0.05601334460324847
2025-04-09,115286.59547516584,0.0,0,,-0.05601334460324847
2025-04-10,115286.59547516584,0.0,0,,-0.05601334460324847
2025-04-11,115286.59547516584,0.0,0,,-0.05601334460324847
2025-04-14,115286.59547516584,0.0,0,,-0.05601334460324847
2025-04-15,115286.59547516584,0.0,0,,-0.05601334460324847
2025-04-16,115286.59547516584,0.0,0,,-0.05601334460324847
2025-04-17,115286.59547516584,0.0,0,,-0.05601334460324847
2025-04-21,115286.59547516584,0.0,0,,-0.05601334460324847
2025-04-22,115286.59547516584,0.0,0,,-0.05601334460324847
2025-04-23,115286.59547516584,0.0,0,,-0.05601334460324847
2025-04-24,115286.59547516584,0.0,0,,-0.05601334460324847
2025-04-25,115286.59547516584,0.0,0,,-0.05601334460324847
2025-04-28,115286.59547516584,0.0,0,,-0.05601334460324847
2025-04-29,115286.59547516584,0.0,0,,-0.05601334460324847
2025-04-30,115286.59547516584,0.0,0,,-0.05601334460324847
2025-05-01,115286.59547516584,0.0,0,,-0.05601334460324847
2025-05-02,115286.59547516584,0.0,0,,-0.05601334460324847
2025-05-05,115306.26930759668,0.0001706515172015255,1,535.4510748726981,-0.055852251848287016
2025-05-06,114342.49749766968,-0.008358364343191038,1,535.4510748726981,-0.06374378272114234
2025-05-07,114823.36554050578,0.0042055058561747405,1,535.4510748726981,-0.059806351716496065
2025-05-08,115623.43015085105,0.0069677857514378605,1,538.3921410696847,-0.053255283810393905
2025-05-09,115476.10865815451,-0.0012741491279435468,1,540.0310974121094,-0.054461577764912006
2025-05-12,119292.29233311603,0.0330473871981487,1,558.1024911063058,-0.023214003414582574
2025-05-13,120080.09264150911,0.006603949785734642,1,564.0846710205078,-0.01676335774172366
2025-05-14,120233.5587742876,0.0012780314322096142,1,566.3650294712612,-0.015506750407617398
2025-05-15,120820.82150992479,0.004884349607746863,1,569.5010942731585,-0.010698141190141452
2025-05-16,121586.10396045657,0.00633402786844095,1,573.8321555001395,-0.004431875646139449
2025-05-19,121719.10044873442,0.0010938461217664397,1,574.3856942313058,-0.0033428773143605595
2025-05-20,121309.85742799178,-0.0033621922872737464,1,574.3856942313058,-0.006693830205310669
2025-05-21,119265.69053763928,-0.016850789652983478,1,574.3856942313058,-0.02343182353353168
2025-05-22,119312.76197761667,0.00039467712604679406,1,574.3856942313058,-0.02304639441225509
2025-05-23,118498.35987374686,-0.006825775301577464,1,574.3856942313058,-0.029714860204063
2025-05-27,120962.01085164523,0.02079059136787431,1,574.3856942313058,-0.009542058352244975
2025-05-28,120262.19629401912,-0.005785407771406903,1,574.3856942313058,-0.015272261425105627
2025-05-29,120736.91969677327,0.003947403401760141,1,574.3856942313058,-0.011385143800047515
2025-05-30,120601.87499513479,-0.0011185037847383228,1,574.3856942313058,-0.012490913258355607
2025-06-02,121281.21990826026,0.005632954820585345,1,575.1028725760324,-0.00692831918782244
2025-06-03,121972.84161244376,0.005702628195087822,1,578.6632254464286,-0.0012652006210795985
2025-06-04,121940.09517688508,-0.0002684731709599042,1,578.6781877790179,-0.0015333341196168693
2025-06-05,121350.78422788723,-0.004832790626766448,1,578.6781877790179,-0.006358714463622239
2025-06-06,122596.93472125511,0.010268994150278488,1,581.0596248081753,0.0
2025-06-09,122707.4258407775,0.0009012551559597348,1,582.4353158133371,0.0
2025-06-10,123403.14397168232,0.005669731282665458,1,585.9907073974609,0.0
2025-06-11,123051.18847950861,-0.0028520788113346462,1,585.9907073974609,-0.0028520788113346462
2025-06-12,123540.23688668146,0.003974349319302073,1,587.7714102608817,0.0
2025-06-13,122159.04169167508,-0.011180124223602483,1,587.7714102608817,-0.011180124223602483
2025-06-16,123321.29037189146,0.00951422558757331,1,587.7714102608817,-0.0017722688599896008
2025-06-17,122267.49708694269,-0.00854510427008115,1,587.7714102608817,-0.010302228907867583
2025-06-18,122249.0756558027,-0.00015066498929705574,1,587.7714102608817,-0.010451341711956497
2025-06-20,121602.47717823592,-0.005289189092826496,1,587.7714102608817,-0.0156852516821947
2025-06-23,122803.60444498707,0.00987749011881256,1,587.7714102608817,-0.00596269248188408
2025-06-24,124160.24605787736,0.011047245877038092,1,591.6568254743304,0.0
2025-06-25,124229.81037750433,0.0005602785258216336,1,591.8878653390067,0.0
2025-06-26,125201.76255176807,0.007823824018649228,1,597.1307242257254,0.0
2025-06-27,125823.80744721876,0.004968339764334306,1,600.567136492048,0.0
2025-06-30,126425.39518727467,0.004781191670012674,1,603.2303553989956,0.0
2025-07-01,126384.48087648509,-0.00032362414789344207,1,603.2303553989956,-0.00032362414789344207
2025-07-02,126957.4186077036,0.004533291803274775,1,606.3625204903739,0.0
2025-07-03,127958.02079080473,0.00788139987465386,1,610.966814313616,0.0
2025-07-07,127004.47755857512,-0.007452000479036269,1,610.966814313616,-0.007452000479036269
2025-07-08,126934.91323894815,-0.0005477312372305088,1,610.966814313616,-0.00799565002282454
2025-07-09,127696.09926275864,0.005996663994070728,1,610.9725123814175,-0.002046933255354877
2025-07-10,128056.23511926908,0.002820257303000284,1,612.8914533342634,0.0
2025-07-11,127606.06529863103,-0.0035154072757079824,1,612.8914533342634,-0.0035154072757079824
2025-07-14,127849.56539553712,0.0019082172648787754,1,613.2385929652622,-0.0016138981716858902
2025-07-15,127303.22945979536,-0.004273271747553653,1,613.2385929652622,-0.005880273293779048
2025-07-16,127728.83320921147,0.0033432282214844733,1,613.2385929652622,-0.0025567041679203095
2025-07-17,128510.4888775226,0.006119649327969823,1,616.336421421596,0.0
2025-07-18,128416.37097577954,-0.0007323752525193461,1,616.336421421596,-0.0007323752525193461
2025-07-21,128659.87107268564,0.0018961764380649448,1,617.5843353271484,0.0
2025-07-22,128678.28001471978,0.00014308223598136216,1,617.6332332066128,0.0
2025-07-23,129773.01258866982,0.008507516372031176,1,622.7207641601562,0.0
2025-07-24,129815.97511282006,0.0003310590028946514,1,623.5860791887555,0.0
2025-07-25,130364.35926192248,0.004224319453948855,1,627.0357142857143,0.0
2025-07-28,130331.62531546965,-0.0002510958258695739,1,627.0357142857143,-0.0002510958258695739
2025-07-29,129987.86267673854,-0.002637599568784732,1,627.0357142857143,-0.002888033104412324
2025-07-30,129824.16796626266,-0.0012593076546152382,1,627.0357142857143,-0.00414370383683238
2025-07-31,129337.16777245046,-0.003751229077306739,1,627.0357142857143,-0.00787938893181872
2025-08-01,127962.21777356185,-0.010630741515135322,0,,-0.01842636669992259
2025-08-04,127962.21777356185,0.0,0,,-0.01842636669992259
2025-08-05,126998.01963121588,-0.007535022127017066,1,618.143552507673,-0.025822545746135184
2025-08-06,127970.78575732918,0.007659695237280717,1,619.1086011614118,-0.0183606433395207
2025-08-07,127863.59484981766,-0.0008376201402310324,1,619.1086011614118,-0.019182884235102837
2025-08-08,128860.61594291164,0.007797536853746623,1,622.383544921875,-0.011534926628140596
2025-08-11,128605.79683942616,-0.0019774785462640665,1,622.383544921875,-0.013489595104464791
2025-08-12,129974.93726563273,0.010646024206172111,1,627.4774802071707,-0.00298718145430632
2025-08-13,130419.85853017127,0.0034231312120525104,1,629.4364253452846,0.0
2025-08-14,130431.99218540893,9.303533506632711e-05,1,629.4750061035156,0.0
2025-08-15,130126.61412785079,-0.002341281862229372,1,629.4750061035156,-0.002341281862229372
2025-08-18,130098.29815113137,-0.00021760326977837696,1,629.4750061035156,-0.0025583756614191433
2025-08-19,129392.49712723584,-0.00542513648468812,1,629.4750061035156,-0.007969632608964994
2025-08-20,129048.69377084266,-0.0026570578976855552,1,629.4750061035156,-0.010605514731385268
2025-08-21,128530.97057487816,-0.004011843753210287,1,629.4750061035156,-0.01457481081657086
2025-08-22,130504.79411683489,0.015356793254796441,1,631.8367701939175,0.0
2025-08-25,129930.43896743155,-0.0044010272058599975,1,631.8367701939175,-0.0044010272058599975
2025-08-26,130474.45380699342,0.004186969919329098,1,632.4260341099331,-0.00023248425505584258
2025-08-27,130771.74687555802,0.0022785538462906096,1,634.7746342250279,0.0
2025-08-28,131234.86245120573,0.003541403909580021,1,637.2896248953683,0.0
2025-08-29,130452.21082964016,-0.0059637477949624484,1,637.2896248953683,-0.0059637477949624484
2025-09-02,128689.46332307509,-0.01351259204696087,0,,-0.019395754150899003
2025-09-03,128689.46332307509,0.0,0,,-0.019395754150899003
2025-09-04,128689.46332307509,0.0,0,,-0.019395754150899003
2025-09-05,128689.46332307509,0.0,0,,-0.019395754150899003
2025-09-08,128689.46332307509,0.0,0,,-0.019395754150899003
2025-09-09,128689.46332307509,0.0,0,,-0.019395754150899003
2025-09-10,128689.46332307509,0.0,0,,-0.019395754150899003
2025-09-11,128689.46332307509,0.0,0,,-0.019395754150899003
2025-09-12,128689.46332307509,0.0,0,,-0.019395754150899003
2025-09-15,128689.46332307509,0.0,0,,-0.019395754150899003
2025-09-16,128689.46332307509,0.0,0,,-0.019395754150899003
2025-09-17,128689.46332307509,0.0,0,,-0.019395754150899003
2025-09-18,128689.46332307509,0.0,0,,-0.019395754150899003
2025-09-19,128689.46332307509,0.0,0,,-0.019395754150899003
2025-09-22,128689.46332307509,0.0,0,,-0.019395754150899003
2025-09-23,128689.46332307509,0.0,0,,-0.019395754150899003
2025-09-24,128689.46332307509,0.0,0,,-0.019395754150899003
2025-09-25,128689.46332307509,0.0,0,,-0.019395754150899003
2025-09-26,128689.46332307509,0.0,0,,-0.019395754150899003
2025-09-29,128689.46332307509,0.0,0,,-0.019395754150899003
2025-09-30,128689.46332307509,0.0,0,,-0.019395754150899003
2025-10-01,128689.46332307509,0.0,0,,-0.019395754150899003
2025-10-02,128689.46332307509,0.0,0,,-0.019395754150899003
2025-10-03,128689.46332307509,0.0,0,,-0.019395754150899003
2025-10-06,128689.46332307509,0.0,0,,-0.019395754150899003
2025-10-07,128689.46332307509,0.0,0,,-0.019395754150899003
2025-10-08,128689.46332307509,0.0,0,,-0.019395754150899003
2025-10-09,128689.46332307509,0.0,0,,-0.019395754150899003
2025-10-10,128689.46332307509,0.0,0,,-0.019395754150899003
2025-10-13,128689.46332307509,0.0,0,,-0.019395754150899003
2025-10-14,129486.10165870315,0.006190392865561112,1,644.7978275844029,-0.01332542862345576
2025-10-15,130060.96155063268,0.00443954899070742,1,646.9146183558872,-0.008945038525944415
2025-10-16,129175.21498501749,-0.006810241559457975,1,646.9146183558872,-0.015694362212282043
2025-10-17,128758.8789886757,-0.0032230331212538266,0,,-0.01886681188430872
2025-10-20,129332.8139192213,0.0044574396348704415,1,650.5356968470982,-0.014493469924515168
2025-10-21,129330.885435416,-1.4911017141461258e-05,1,651.114970615932,-0.01450816482927808
2025-10-22,128658.50309403344,-0.005198930936866741,1,651.114970615932,-0.019631668819176773
2025-10-23,129421.44186093169,0.00592995214891201,1,651.114970615932,-0.013818131526965871
2025-10-24,130479.14467385017,0.008172546972973871,1,655.5196315220425,-0.0057585138829747695
2025-10-27,132018.49807618855,0.011797696913067535,1,662.979269845145,0.0
2025-10-28,132369.14111637193,0.002656014462314449,1,664.8010755266462,0.0
2025-10-29,132432.7222867087,0.00048033227231480957,1,664.8010755266462,0.0
2025-10-30,130976.21137466482,-0.010998119550020502,1,664.8010755266462,-0.010998119550020502
2025-10-31,131405.83993753215,0.0032802030105936186,1,664.8010755266462,-0.007753992604285775
2025-11-03,131652.45068365798,0.0018767107020742912,1,665.4596688406808,-0.005891833903115651
2025-11-04,130091.89571850895,-0.011853596017736279,1,665.4596688406808,-0.01767559050196077
2025-11-05,130542.72584418692,0.0034654743340312155,1,665.4596688406808,-0.014271370473152856
2025-11-06,129142.08216725863,-0.010729388925125316,1,665.4596688406808,-0.02484763631397724
2025-11-07,128486.6733584498,-0.00507509866504996,0,,-0.02979663077314043
2025-11-10,129089.86922664319,0.00469461814542127,1,662.8382088797433,-0.025241896431219213
2025-11-11,129385.3902998283,0.0022892661907207845,1,665.0874895368304,-0.023010415660588146
2025-11-12,129457.377239914,0.0005563761095350728,1,665.6282130650112,-0.022466841996597098
2025-11-13,127309.15791238054,-0.016594027882646745,1,665.6282130650112,-0.038688054476717415
2025-11-14,125858.44209666201,-0.011395219633115294,0,,-0.0496424152318925
2025-11-17,125858.44209666201,0.0,0,,-0.0496424152318925
2025-11-18,125858.44209666201,0.0,0,,-0.0496424152318925
2025-11-19,125858.44209666201,0.0,0,,-0.0496424152318925
2025-11-20,125858.44209666201,0.0,0,,-0.0496424152318925
2025-11-21,125858.44209666201,0.0,0,,-0.0496424152318925
2025-11-24,125858.44209666201,0.0,0,,-0.0496424152318925
2025-11-25,125858.44209666201,0.0,0,,-0.0496424152318925
2025-11-26,125858.44209666201,0.0,0,,-0.0496424152318925
2025-11-28,125858.44209666201,0.0,0,,-0.0496424152318925
2025-12-01,125940.23502128612,0.0006498803199970205,1,655.361081804548,-0.049024796540591775
2025-12-02,126056.32867392167,0.0009218154358370256,0,,-0.0481481729189448
2025-12-03,126056.32867392167,0.0,0,,-0.0481481729189448
2025-12-04,125700.39463554382,-0.002823611016774641,1,660.9043077741351,-0.05083583222422783
2025-12-05,125939.1605074882,0.0018994838690573612,1,663.7025015694754,-0.04903291019845046
2025-12-08,125560.80532912326,-0.0030042694967975514,1,663.7025015694754,-0.05188987161879954
2025-12-09,125452.43640644678,-0.0008630792259768372,1,663.7025015694754,-0.052708165774543514
2025-12-10,126284.45683067854,0.006632158354710205,1,668.1557377406529,-0.046425576321836526
2025-12-11,126578.32079458059,0.0023270002601829542,1,672.7182072230747,-0.04420660838983359
2025-12-12,125217.34747736347,-0.010752025375860397,1,672.7182072230747,-0.05448332319050575
2025-12-15,125028.16428308518,-0.0015108385386656265,1,672.7182072230747,-0.055911846224780626
2025-12-16,124686.54490275591,-0.0027323394075896568,1,672.7182072230747,-0.05849141549157921
2025-12-17,123371.32468777921,-0.010548212848486949,0,,-0.06842264843965173
2025-12-18,123371.32468777921,0.0,0,,-0.06842264843965173
2025-12-19,123371.32468777921,0.0,0,,-0.06842264843965173
2025-12-22,123371.32468777921,0.0,0,,-0.06842264843965173
2025-12-23,123371.32468777921,0.0,0,,-0.06842264843965173
2025-12-24,123371.32468777921,0.0,0,,-0.06842264843965173
2025-12-26,123371.32468777921,0.0,0,,-0.06842264843965173
2025-12-29,123371.32468777921,0.0,0,,-0.06842264843965173
2025-12-30,123371.32468777921,0.0,0,,-0.06842264843965173
2025-12-31,123371.32468777921,0.0,0,,-0.06842264843965173
2026-01-02,123371.32468777921,0.0,0,,-0.06842264843965173
2026-01-05,123371.32468777921,0.0,0,,-0.06842264843965173
2026-01-06,123881.3312596163,0.004133915017349388,1,678.6671447753906,-0.06457158683621389
2026-01-07,123482.01215447675,-0.0032234001772446508,1,678.6671447753906,-0.06758684694900574
2026-01-08,123469.47605272518,-0.00010152168346500012,1,678.6671447753906,-0.06768150710198839
2026-01-09,124286.02766385068,0.006613388484590255,1,682.8521488734654,-0.06151572271708605
2026-01-12,124481.20613384144,0.0015703975230316747,1,683.7921207972935,-0.060041929332636745
2026-01-13,124232.30932025092,-0.001999473023445053,1,683.7921207972935,-0.061921350138105624
2026-01-14,123621.67984783613,-0.004915222744839132,1,683.7921207972935,-0.06653221565435474
2026-01-15,123958.32937368758,0.0027232240029890775,1,683.7921207972935,-0.06399017377800775
2026-01-16,123854.46662308156,-0.0008378844014016451,1,683.7921207972935,-0.06477444181095782
2026-01-20,121850.29371789632,-0.016181676445181536,0,,-0.07990795919683724
2026-01-21,121850.29371789632,0.0,0,,-0.07990795919683724
2026-01-22,121850.29371789632,0.0,0,,-0.07990795919683724
2026-01-23,121850.29371789632,0.0,0,,-0.07990795919683724
2026-01-26,121850.29371789632,0.0,0,,-0.07990795919683724
2026-01-27,121850.29371789632,0.0,0,,-0.07990795919683724
2026-01-28,121850.29371789632,0.0,0,,-0.07990795919683724
2026-01-29,121850.29371789632,0.0,0,,-0.07990795919683724
2026-01-30,121850.29371789632,0.0,0,,-0.07990795919683724
2026-02-02,121850.29371789632,0.0,0,,-0.07990795919683724
2026-02-03,121850.29371789632,0.0,0,,-0.07990795919683724
2026-02-04,121850.29371789632,0.0,0,,-0.07990795919683724
2026-02-05,121850.29371789632,0.0,0,,-0.07990795919683724
2026-02-06,121850.29371789632,0.0,0,,-0.07990795919683724
2026-02-09,122467.24472348363,0.005063188497646642,1,673.3499930245536,-0.07524935975906644
2026-02-10,122459.75762065426,-6.113555380682367e-05,0,,-0.07530589490159079
2026-02-11,122459.75762065426,0.0,0,,-0.07530589490159079
2026-02-12,122459.75762065426,0.0,0,,-0.07530589490159079
2026-02-13,122459.75762065426,0.0,0,,-0.07530589490159079
2026-02-17,122459.75762065426,0.0,0,,-0.07530589490159079
2026-02-18,122459.75762065426,0.0,0,,-0.07530589490159079
2026-02-19,122390.77218957688,-0.0005633314357119668,1,661.8656921386719,-0.07582680415941034
2026-02-20,121821.5440148298,-0.004650907617981037,0,,-0.0801250483162792
2026-02-23,120677.04984739648,-0.009394842075667542,1,664.9943019321987,-0.08876712821671007
2026-02-24,120409.51208032027,-0.0022169730484340455,0,,-0.09078730693430082
2026-02-25,120409.51208032027,0.0,0,,-0.09078730693430082
2026-02-26,120409.51208032027,0.0,0,,-0.09078730693430082
2026-02-27,120409.51208032027,0.0,0,,-0.09078730693430082
2026-03-02,120409.51208032027,0.0,0,,-0.09078730693430082
2026-03-03,120409.51208032027,0.0,0,,-0.09078730693430082
2026-03-04,120409.51208032027,0.0,0,,-0.09078730693430082
2026-03-05,120409.51208032027,0.0,0,,-0.09078730693430082
2026-03-06,120409.51208032027,0.0,0,,-0.09078730693430082
2026-03-09,120409.51208032027,0.0,0,,-0.09078730693430082
2026-03-10,120409.51208032027,0.0,0,,-0.09078730693430082
2026-03-11,120409.51208032027,0.0,0,,-0.09078730693430082
2026-03-12,120409.51208032027,0.0,0,,-0.09078730693430082
2026-03-13,120409.51208032027,0.0,0,,-0.09078730693430082
2026-03-16,120409.51208032027,0.0,0,,-0.09078730693430082
2026-03-17,120409.51208032027,0.0,0,,-0.09078730693430082
2026-03-18,120409.51208032027,0.0,0,,-0.09078730693430082
2026-03-19,120409.51208032027,0.0,0,,-0.09078730693430082
2026-03-20,120409.51208032027,0.0,0,,-0.09078730693430082
2026-03-23,120409.51208032027,0.0,0,,-0.09078730693430082
2026-03-24,120409.51208032027,0.0,0,,-0.09078730693430082
2026-03-25,120409.51208032027,0.0,0,,-0.09078730693430082
2026-03-26,120409.51208032027,0.0,0,,-0.09078730693430082
2026-03-27,120409.51208032027,0.0,0,,-0.09078730693430082
2026-03-30,120409.51208032027,0.0,0,,-0.09078730693430082
2026-03-31,120409.51208032027,0.0,0,,-0.09078730693430082
2026-04-01,120409.51208032027,0.0,0,,-0.09078730693430082
2026-04-02,120409.51208032027,0.0,0,,-0.09078730693430082
2026-04-06,120409.51208032027,0.0,0,,-0.09078730693430082
2026-04-07,120409.51208032027,0.0,0,,-0.09078730693430082
2026-04-08,120409.51208032027,0.0,0,,-0.09078730693430082
2026-04-09,120409.51208032027,0.0,0,,-0.09078730693430082
2026-04-10,119900.94592203341,-0.004223637730112362,1,653.317160470145,-0.0946274919694301
2026-04-13,121072.66566030358,0.009772397784351794,1,660.7303314208984,-0.08577983167793912
2026-04-14,122547.92165374597,0.012184880752370342,1,668.8528747558594,-0.07464016794552297
2026-04-15,123514.94667448197,0.007890994867038925,1,674.6239275251116,-0.06733815826061706
2026-04-16,123818.46138851054,0.002457311622604319,1,677.7278267996652,-0.06504631747695133
2026-04-17,125314.89232616087,0.012085685130224011,1,686.4310825892857,-0.053746761658634346
2026-04-20,125064.30420208037,-0.001999667552905815,1,686.4310825892857,-0.05563895355617754
2026-04-21,124245.51456137188,-0.006546949154936144,1,686.4310825892857,-0.06182163731114754
2026-04-22,125503.71122082499,0.010126696838070659,1,690.8635820661273,-0.052320989452160016
2026-04-23,125016.66596289839,-0.0038807239498251933,1,690.8635820661273,-0.05599867008513959
2026-04-24,125985.45735741369,0.007749297960023993,1,693.8060738699777,-0.04868332250497043
2026-04-27,126202.50592083113,0.0017228064887020444,1,695.9681919642857,-0.04704438796017152
2026-04-28,125588.4109976568,-0.004865948728146163,1,695.9681919642857,-0.05168142110855656
2026-04-29,125569.00242722814,-0.00015454109399481997,1,695.9681919642857,-0.05182797529919403
2026-04-30,126818.36721778476,0.009949627427204177,1,701.1974770682199,-0.042394016916523225
2026-05-01,127169.54171213896,0.0027691138283709726,1,703.8143048967634,-0.03974229694663589
2026-05-04,126703.67139842031,-0.0036633796697419507,1,703.8143048967634,-0.04326008549371474
2026-05-05,127720.11180268943,0.008022185884992261,1,707.0057438441685,-0.035584940055953695
2026-05-06,129495.34976260178,0.013899439445017592,1,715.8925258091518,-0.022180111330398433
2026-05-07,129098.30340284489,-0.0030661051573263043,1,715.8925258091518,-0.025178209933984563
2026-05-08,130164.14842007529,0.008256073001242203,1,720.0128675188337,-0.01713001007199788
2026-05-11,130460.60840955848,0.002277585595431564,1,722.4607260567801,-0.01489143954075578
2026-05-12,130262.96841656968,-0.0015149399914520245,1,722.4607260567801,-0.016383819894917218
2026-05-13,130991.76992968029,0.005594848036780231,1,725.7457318987165,-0.010880636840711055
2026-05-14,132025.85253059876,0.007894256268722755,1,731.3914184570312,-0.003072275107575795
2026-05-15,130437.66709157122,-0.012029351892724582,1,731.3914184570312,-0.015064669521920093
2026-05-18,130345.91259019403,-0.0007034356211904624,1,731.3914184570312,-0.015757508117947405
2026-05-19,129477.6967953806,-0.006660859382243034,1,731.3914184570312,-0.02231340895440226
2026-05-20,130804.71740879548,0.010249028568310337,1,731.3914184570312,-0.01229307115192202
2026-05-21,131064.11586062882,0.0019830970699830086,1,731.3914184570312,-0.010334352435321437
2026-05-22,131579.4015578806,0.003931554368395762,1,731.3914184570312,-0.006443428135387341
2026-05-26,132452.9057034601,0.0066386085909901915,1,731.8007572719029,0.0
2026-05-27,132429.96438547285,-0.0001732035840619206,1,733.0386047363281,-0.0001732035840619206
2026-05-28,133160.5215017909,0.0055165545026620855,1,737.2606942313058,0.0
2026-05-29,133492.27665514464,0.002491392716190921,1,739.6799774169922,0.0
2026-06-01,133855.7942248103,0.00272313559086812,1,741.5167497907366,0.0
2026-06-02,134037.55839492902,0.0013579103629497435,1,743.2289123535156,0.0
2026-06-03,133096.99666916707,-0.007017150543660811,1,743.2289123535156,-0.007017150543660811
2026-06-04,133599.92852053553,0.003778686701838785,1,743.2289123535156,-0.0032649794552662703
2026-06-05,130957.19538438093,-0.01978094723118351,0,,-0.022981342300134155
2026-06-08,130957.19538438093,0.0,0,,-0.022981342300134155
2026-06-09,130957.19538438093,0.0,0,,-0.022981342300134155
2026-06-10,130957.19538438093,0.0,0,,-0.022981342300134155
2026-06-11,130957.19538438093,0.0,0,,-0.022981342300134155
2026-06-12,130957.19538438093,0.0,0,,-0.022981342300134155
2026-06-15,130957.19538438093,0.0,0,,-0.022981342300134155
2026-06-16,130029.746633722,-0.007082075543361488,1,729.3213784354074,-0.02990066224123822
2026-06-17,128405.95701675773,-0.012487831892330603,1,729.3213784354074,-0.04201509969003092
2026-06-18,129407.60667957837,0.007800647930141791,1,729.3213784354074,-0.03454219676032089
2026-06-22,129000.36356911343,-0.003146979693962715,1,729.3213784354074,-0.037580472862494
2026-06-23,127127.02622202606,-0.014521954010491611,1,729.3213784354074,-0.05155668497438404
2026-06-24,127211.458273807,0.0006641550132187035,0,,-0.05092677159195602
2026-06-25,127211.458273807,0.0,0,,-0.05092677159195602
2026-06-26,127211.458273807,0.0,0,,-0.05092677159195602
2026-06-29,127211.458273807,0.0,0,,-0.05092677159195602
2026-06-30,127211.458273807,0.0,0,,-0.05092677159195602
2026-07-01,127211.458273807,0.0,0,,-0.05092677159195602
2026-07-02,127211.458273807,0.0,0,,-0.05092677159195602
2026-07-06,127211.458273807,0.0,0,,-0.05092677159195602
2026-07-07,127211.458273807,0.0,0,,-0.05092677159195602
2026-07-08,127403.79651963619,0.0015119569293451374,1,720.737527029855,-0.04949181374780842
2026-07-09,128482.30150845266,0.00846525000257925,1,728.1832580566406,-0.04144552432168547
2026-07-10,129036.0807451389,0.0043101596888019955,1,731.414311000279,-0.03731400146109598
2026-07-13,128048.1579489256,-0.007656174850540931,1,731.414311000279,-0.044684493792077395
2026-07-14,128502.81107780171,0.003550641697301682,1,731.414311000279,-0.04129251072165674
2026-07-15,129012.1494368547,0.003963635929681075,1,733.2814265659878,-0.037492543271098855
2026-07-16,128468.77280813783,-0.004211825251255297,0,,-0.04154645648187116
2026-07-17,128485.51278121298,0.00013030382955503406,1,724.0596313476562,-0.041421566314700065
2026-07-20,128278.0885643011,-0.0016143782471809143,1,724.0596313476562,-0.04296907448625842
2026-07-21,128810.58828299683,0.004151135432835851,0,,-0.038996309501038606
2026-07-22,128753.74859137101,-0.0004412656784157365,1,729.7760663713727,-0.03942036744648658
2026-07-23,127163.73156259516,-0.012349287272575893,1,729.7760663713727,-0.051282841277075275
2026-07-24,127292.93148621573,0.0010160123647910968,1,729.7760663713727,-0.05031893291312328
2026-07-27,127320.50002460548,0.00021657556368515074,1,729.7760663713727,-0.05011325520069798
2026-07-28,127625.40469461468,0.00239478065158627,1,729.7760663713727,-0.047838484803054415
2026-07-29,127280.87680108954,-0.002699524396020836,0,,-0.05040886804228073
2026-07-30,127280.87680108954,0.0,0,,-0.05040886804228073
2026-07-31,127280.87680108954,0.0,0,,-0.05040886804228073
2026-08-03,128485.8837870895,0.009467305822249195,1,735.4396384102957,-0.041418798389941114
2026-08-04,130802.35613484928,0.018029002715958642,1,747.2496752057757,-0.024136535302646367
2026-08-05,130541.19588767683,-0.0019966020100066206,1,747.2496752057757,-0.02608494625775326
2026-08-06,130332.61546198648,-0.001597813044932006,1,747.2496752057757,-0.027641080435278242
2026-08-07,131129.64482285813,0.006115348472417681,1,750.4314553397043,-0.02169476680187654
2026-08-10,131090.64467180608,-0.00029741673673211455,1,750.8300388881138,-0.021985731151862198
2026-08-11,130671.77601126305,-0.0031952597501652136,1,750.8300388881138,-0.025110740780199925
2026-08-12,130999.06469927191,0.0025046624297864195,1,751.3792811802456,-0.022668972279429878
2026-08-13,131913.10486365834,0.006977455651952624,1,756.6889365059989,-0.01584968837623235
2026-08-14,131651.95496684447,-0.0019797115463531245,1,756.6889365059989,-0.017798022111500944
2026-08-17,131029.58790666379,-0.004727366641364528,1,756.6889365059989,-0.022441250976853233
2026-08-18,130144.38384122404,-0.006755757074274671,1,756.6889365059989,-0.029045400411085498
2026-08-19,130417.40559930562,0.00209783741736147,1,756.6889365059989,-0.027008495521508635
2026-08-20,129321.91329901322,-0.008399893367440514,1,756.6889365059989,-0.035181520406553424
2026-08-21,129851.00292785598,0.0040912604472485015,1,756.6889365059989,-0.031234196722218277
2026-08-24,129469.44730991984,-0.0029384110198065194,1,756.6889365059989,-0.03408082883418151
2026-08-25,129883.2235940516,0.003195937672779925,1,756.6889365059989,-0.03099381136619228
2026-08-26,129912.05969299827,0.0002220155779071309,1,756.6889365059989,-0.030778676897227242
2026-08-27,130763.34563343864,0.006552786111251541,1,758.9910583496094,-0.024427576872470436
2026-08-28,130466.58015282165,-0.002269485222937684,1,758.9910583496094,-0.02664162407066395
2026-08-31,130076.5475912253,-0.002989520850009919,1,758.9910583496094,-0.029551499230036526
2026-09-01,129182.86658212535,-0.0068704238054380085,1,758.9910583496094,-0.036218891711678136
2026-09-02,129102.53774433056,-0.0006218226915077896,0,,-0.036818192674458294
2026-09-03,129102.53774433056,0.0,0,,-0.036818192674458294
2026-09-04,128605.2716532809,-0.003851714301963849,1,758.2350071498325,-0.04052809381712552
2026-09-08,128225.62901810274,-0.002951999014485729,0,,-0.043360453938604104
2026-09-09,128225.62901810274,0.0,0,,-0.043360453938604104
2026-09-10,128225.62901810274,0.0,0,,-0.043360453938604104
2026-09-11,128225.62901810274,0.0,0,,-0.043360453938604104
2026-09-14,128225.62901810274,0.0,0,,-0.043360453938604104
2026-09-15,128225.62901810274,0.0,0,,-0.043360453938604104
2026-09-16,128225.62901810274,0.0,0,,-0.043360453938604104
2026-09-17,128225.62901810274,0.0,0,,-0.043360453938604104
2026-09-18,128225.62901810274,0.0,0,,-0.043360453938604104
2026-09-21,128225.62901810274,0.0,0,,-0.043360453938604104
2026-09-22,127926.05704399815,-0.002336287810779991,1,756.3799918038504,-0.04559543924937737
2026-09-23,127004.7129826121,-0.00720216101922988,1,756.3799918038504,-0.05246921457339071
2026-09-24,126875.31561101534,-0.0010188391324853496,0,,-0.05343459601681799
