timestamp,equity,daily_return,position,stop_price,drawdown
2020-01-02,100000.0,0.0,0,,0.0
2020-01-03,100000.0,0.0,0,,0.0
2020-01-06,100000.0,0.0,0,,0.0
2020-01-07,100000.0,0.0,0,,0.0
2020-01-08,100000.0,0.0,0,,0.0
2020-01-09,100000.0,0.0,0,,0.0
2020-01-10,100000.0,0.0,0,,0.0
2020-01-13,100000.0,0.0,0,,0.0
2020-01-14,100000.0,0.0,0,,0.0
2020-01-15,100000.0,0.0,0,,0.0
2020-01-16,100000.0,0.0,0,,0.0
2020-01-17,100000.0,0.0,0,,0.0
2020-01-20,100000.0,0.0,0,,0.0
2020-01-21,100000.0,0.0,0,,0.0
2020-01-22,100000.0,0.0,0,,0.0
2020-01-23,100000.0,0.0,0,,0.0
2020-01-24,100000.0,0.0,0,,0.0
2020-01-27,100000.0,0.0,0,,0.0
2020-01-28,100000.0,0.0,0,,0.0
2020-01-29,100000.0,0.0,0,,0.0
2020-01-30,100000.0,0.0,0,,0.0
2020-01-31,100000.0,0.0,0,,0.0
2020-02-03,100000.0,0.0,0,,0.0
2020-02-04,100000.0,0.0,0,,0.0
2020-02-05,100000.0,0.0,0,,0.0
2020-02-06,100000.0,0.0,0,,0.0
2020-02-07,100000.0,0.0,0,,0.0
2020-02-10,100000.0,0.0,0,,0.0
2020-02-11,100000.0,0.0,0,,0.0
2020-02-12,100000.0,0.0,0,,0.0
2020-02-13,100000.0,0.0,0,,0.0
2020-02-14,100000.0,0.0,0,,0.0
2020-02-17,100000.0,0.0,0,,0.0
2020-02-18,100000.0,0.0,0,,0.0
2020-02-19,100000.0,0.0,0,,0.0
2020-02-20,100000.0,0.0,0,,0.0
2020-02-21,100000.0,0.0,0,,0.0
2020-02-26,100000.0,0.0,0,,0.0
2020-02-27,100000.0,0.0,0,,0.0
2020-02-28,100000.0,0.0,0,,0.0
2020-03-02,100000.0,0.0,0,,0.0
2020-03-03,95814.38228655483,-0.041856177134451666,1,38.108335086277556,-0.041856177134451666
2020-03-04,102536.67764543928,0.07015956475907648,1,38.44077219281878,0.0
2020-03-05,103283.15396660575,0.007280090776372816,1,39.10154914855957,0.0
2020-03-06,95662.46833310736,-0.07378440085168547,0,,-0.07378440085168547
2020-03-09,95662.46833310736,0.0,0,,-0.07378440085168547
2020-03-10,95662.46833310736,0.0,0,,-0.07378440085168547
2020-03-11,95662.46833310736,0.0,0,,-0.07378440085168547
2020-03-12,95662.46833310736,0.0,0,,-0.07378440085168547
2020-03-13,95662.46833310736,0.0,0,,-0.07378440085168547
2020-03-16,95662.46833310736,0.0,0,,-0.07378440085168547
2020-03-17,95662.46833310736,0.0,0,,-0.07378440085168547
2020-03-18,95662.46833310736,0.0,0,,-0.07378440085168547
2020-03-19,95662.46833310736,0.0,0,,-0.07378440085168547
2020-03-20,95662.46833310736,0.0,0,,-0.07378440085168547
2020-03-23,95662.46833310736,0.0,0,,-0.07378440085168547
2020-03-24,95662.46833310736,0.0,0,,-0.07378440085168547
2020-03-25,95662.46833310736,0.0,0,,-0.07378440085168547
2020-03-26,95662.46833310736,0.0,0,,-0.07378440085168547
2020-03-27,95662.46833310736,0.0,0,,-0.07378440085168547
2020-03-30,95662.46833310736,0.0,0,,-0.07378440085168547
2020-03-31,95662.46833310736,0.0,0,,-0.07378440085168547
2020-04-01,95662.46833310736,0.0,0,,-0.07378440085168547
2020-04-02,95662.46833310736,0.0,0,,-0.07378440085168547
2020-04-03,95662.46833310736,0.0,0,,-0.07378440085168547
2020-04-06,95662.46833310736,0.0,0,,-0.07378440085168547
2020-04-07,95519.18954878418,-0.0014977533699450651,1,37.3020841053554,-0.07517164338660565
2020-04-08,97960.23514404146,0.025555551787953323,1,38.47220325469971,-0.05153714442420432
2020-04-09,91863.5186617408,-0.06223664605680057,1,38.47220325469971,-0.11056629146469743
2020-04-13,91195.26962062044,-0.007274368006531362,1,38.47220325469971,-0.11703635957799707
2020-04-14,96285.7033630734,0.05581905469033166,1,38.47220325469971,-0.06775016384370702
2020-04-15,95519.18954878418,-0.007960826867503323,1,38.47220325469971,-0.07517164338660565
2020-04-16,93082.0756240886,-0.02551439073350692,1,38.47220325469971,-0.09876807543866684
2020-04-17,93082.0756240886,0.0,1,38.47220325469971,-0.09876807543866684
2020-04-20,90825.77356044175,-0.024239919968683354,1,38.47220325469971,-0.120613865163256
2020-04-22,93612.73418946538,0.030684689155650258,1,38.47220325469971,-0.09363017496800186
2020-04-23,94410.69237129032,0.008524034563609062,1,38.47220325469971,-0.08590424725201684
2020-04-24,94410.69237129032,0.0,1,38.47220325469971,-0.08590424725201684
2020-04-27,94410.69237129032,0.0,1,38.47220325469971,-0.08590424725201684
2020-04-28,98726.74895833069,0.045715760351238144,1,39.54720074789865,-0.04411566488130558
2020-04-29,104194.5331051279,0.05538300617095149,1,41.40303339276995,0.0
2020-04-30,102728.33487914043,-0.014071738528816491,1,41.40303339276995,-0.014071738528816491
2020-05-04,95595.70913827667,-0.06943192206176874,0,,-0.08252663273777894
2020-05-05,95595.70913827667,0.0,0,,-0.08252663273777894
2020-05-06,95595.70913827667,0.0,0,,-0.08252663273777894
2020-05-07,95595.70913827667,0.0,0,,-0.08252663273777894
2020-05-08,95595.70913827667,0.0,0,,-0.08252663273777894
2020-05-11,95595.70913827667,0.0,0,,-0.08252663273777894
2020-05-12,95595.70913827667,0.0,0,,-0.08252663273777894
2020-05-13,95595.70913827667,0.0,0,,-0.08252663273777894
2020-05-14,95595.70913827667,0.0,0,,-0.08252663273777894
2020-05-15,95595.70913827667,0.0,0,,-0.08252663273777894
2020-05-18,95595.70913827667,0.0,0,,-0.08252663273777894
2020-05-19,95595.70913827667,0.0,0,,-0.08252663273777894
2020-05-20,95595.70913827667,0.0,0,,-0.08252663273777894
2020-05-21,95595.70913827667,0.0,0,,-0.08252663273777894
2020-05-22,95595.70913827667,0.0,0,,-0.08252663273777894
2020-05-25,95595.70913827667,0.0,0,,-0.08252663273777894
2020-05-26,95595.70913827667,0.0,0,,-0.08252663273777894
2020-05-27,95595.70913827667,0.0,0,,-0.08252663273777894
2020-05-28,95595.70913827667,0.0,0,,-0.08252663273777894
2020-05-29,95595.70913827667,0.0,0,,-0.08252663273777894
2020-06-01,95595.70913827667,0.0,0,,-0.08252663273777894
2020-06-02,95452.53034276252,-0.0014977533699451762,1,40.1876791545323,-0.0839007815654308
2020-06-03,92188.25088868933,-0.03419793527056236,0,,-0.11522948333886907
2020-06-04,92188.25088868933,0.0,0,,-0.11522948333886907
2020-06-05,92188.25088868933,0.0,0,,-0.11522948333886907
2020-06-08,92188.25088868933,0.0,0,,-0.11522948333886907
2020-06-09,92188.25088868933,0.0,0,,-0.11522948333886907
2020-06-10,92188.25088868933,0.0,0,,-0.11522948333886907
2020-06-12,91693.45136096624,-0.005367273193202515,1,38.94237927028111,-0.11997828841508029
2020-06-15,95189.04766369509,0.03812263854010545,0,,-0.08642953879688353
2020-06-16,95189.04766369509,0.0,0,,-0.08642953879688353
2020-06-17,95046.47794677493,-0.0014977533699450651,1,42.21243681226458,-0.08779784203383267
2020-06-18,95541.00521092134,0.005203004622889251,1,42.63327407836914,-0.08305164998892522
2020-06-19,95851.83913919491,0.003253408602801988,1,42.75374780382429,-0.08006844233867405
2020-06-22,95081.80825256096,-0.008033553592182163,1,42.75374780382429,-0.08745876180828593
2020-06-23,90691.18098824659,-0.04617736394591676,1,42.75374780382429,-0.1295975106799222
2020-06-24,91302.27400727241,0.006738174675495978,1,42.75374780382429,-0.12373258666889697
2020-06-25,91450.62895262107,0.0016248767838669131,1,42.75374780382429,-0.12230876009251623
2020-06-26,93567.1887824463,0.023144289482380564,0,,-0.10199521995994798
2020-06-29,93427.04821013112,-0.0014977533699449541,1,41.762081963675364,-0.10334020964547963
2020-06-30,99039.89856200924,0.06007735938797931,1,43.757438387189595,-0.049471257171600835
2020-07-01,94493.6325191869,-0.04590337943425815,1,43.757438387189595,-0.0931037387168212
2020-07-02,94493.6325191869,0.0,1,43.757438387189595,-0.0931037387168212
2020-07-03,94493.6325191869,0.0,1,43.757438387189595,-0.0931037387168212
2020-07-06,96027.94895066437,0.016237246791903415,1,43.757438387189595,-0.07837824030771168
2020-07-07,96027.94895066437,0.0,1,43.757438387189595,-0.07837824030771168
2020-07-08,96027.94895066437,0.0,1,43.757438387189595,-0.07837824030771168
2020-07-09,96027.94895066437,0.0,1,43.757438387189595,-0.07837824030771168
2020-07-10,94964.90886552526,-0.011070111324415266,1,43.757438387189595,-0.08858069578650873
2020-07-13,94964.90886552526,0.0,1,43.757438387189595,-0.08858069578650873
2020-07-14,94964.90886552526,0.0,1,43.757438387189595,-0.08858069578650873
2020-07-15,94964.90886552526,0.0,1,43.757438387189595,-0.08858069578650873
2020-07-16,94535.87477367604,-0.00451781712818522,0,,-0.09269832153004309
2020-07-17,94535.87477367604,0.0,0,,-0.09269832153004309
2020-07-20,94535.87477367604,0.0,0,,-0.09269832153004309
2020-07-21,94535.87477367604,0.0,0,,-0.09269832153004309
2020-07-22,94394.28334865306,-0.0014977533699451762,1,43.36755779811314,-0.09405723567652835
2020-07-23,97478.31786232481,0.03267183566912224,1,44.32815565381731,-0.06445842255492151
2020-07-24,97478.31786232481,0.0,1,44.45702430180141,-0.06445842255492151
2020-07-27,97478.31786232481,0.0,1,44.45702430180141,-0.06445842255492151
2020-07-28,97478.31786232481,0.0,1,44.45702430180141,-0.06445842255492151
2020-07-29,93051.1567098389,-0.04541688089795193,0,,-0.10694780295282669
2020-07-30,93051.1567098389,0.0,0,,-0.10694780295282669
2020-07-31,93051.1567098389,0.0,0,,-0.10694780295282669
2020-08-03,93051.1567098389,0.0,0,,-0.10694780295282669
2020-08-04,93051.1567098389,0.0,0,,-0.10694780295282669
2020-08-05,92911.78902629945,-0.0014977533699451762,1,44.02773598262242,-0.10828537489049106
2020-08-06,89604.56880635461,-0.03559527003627816,0,,-0.14002619776656255
2020-08-07,89604.56880635461,0.0,0,,-0.14002619776656255
2020-08-10,89604.56880635461,0.0,0,,-0.14002619776656255
2020-08-11,89604.56880635461,0.0,0,,-0.14002619776656255
2020-08-12,89604.56880635461,0.0,0,,-0.14002619776656255
2020-08-13,89604.56880635461,0.0,0,,-0.14002619776656255
2020-08-14,89604.56880635461,0.0,0,,-0.14002619776656255
2020-08-17,89604.56880635461,0.0,0,,-0.14002619776656255
2020-08-18,89604.56880635461,0.0,0,,-0.14002619776656255
2020-08-19,89604.56880635461,0.0,0,,-0.14002619776656255
2020-08-20,89604.56880635461,0.0,0,,-0.14002619776656255
2020-08-21,89604.56880635461,0.0,0,,-0.14002619776656255
2020-08-24,89604.56880635461,0.0,0,,-0.14002619776656255
2020-08-25,89604.56880635461,0.0,0,,-0.14002619776656255
2020-08-26,89604.56880635461,0.0,0,,-0.14002619776656255
2020-08-27,89604.56880635461,0.0,0,,-0.14002619776656255
2020-08-28,89604.56880635461,0.0,0,,-0.14002619776656255
2020-08-31,89604.56880635461,0.0,0,,-0.14002619776656255
2020-09-01,89604.56880635461,0.0,0,,-0.14002619776656255
2020-09-02,89604.56880635461,0.0,0,,-0.14002619776656255
2020-09-03,89604.56880635461,0.0,0,,-0.14002619776656255
2020-09-04,89604.56880635461,0.0,0,,-0.14002619776656255
2020-09-08,89604.56880635461,0.0,0,,-0.14002619776656255
2020-09-09,89604.56880635461,0.0,0,,-0.14002619776656255
2020-09-10,89604.56880635461,0.0,0,,-0.14002619776656255
2020-09-11,89604.56880635461,0.0,0,,-0.14002619776656255
2020-09-14,89604.56880635461,0.0,0,,-0.14002619776656255
2020-09-15,89470.36326146241,-0.0014977533699451762,1,41.05672332218715,-0.14131422642692237
2020-09-16,89470.36326146241,0.0,1,41.187081064496724,-0.14131422642692237
2020-09-17,93078.32527457304,0.04032577807432114,1,42.83470221928188,-0.10668705448623761
2020-09-18,93078.32527457304,0.0,1,42.83470221928188,-0.10668705448623761
2020-09-21,91718.80196898861,-0.014606228695820955,1,42.83470221928188,-0.11973498766534907
2020-09-22,91718.80196898861,0.0,1,42.83470221928188,-0.11973498766534907
2020-09-23,91718.80196898861,0.0,1,42.83470221928188,-0.11973498766534907
2020-09-24,91718.80196898861,0.0,1,42.83470221928188,-0.11973498766534907
2020-09-25,91718.80196898861,0.0,1,42.83470221928188,-0.11973498766534907
2020-09-28,91718.80196898861,0.0,1,42.83470221928188,-0.11973498766534907
2020-09-29,91718.80196898861,0.0,1,42.83470221928188,-0.11973498766534907
2020-09-30,93423.4281627994,0.01858535171869291,1,43.57261575971331,-0.10337495280545006
2020-10-01,93772.02572341944,0.0037313719639207044,1,43.786902700151714,-0.10002931124219916
2020-10-02,92199.86197499587,-0.01676580767339575,1,43.786902700151714,-0.11511804672160597
2020-10-05,92063.91283591907,-0.0014745048003832473,1,43.786902700151714,-0.11642280940948746
2020-10-06,92653.03641019069,0.006399071646254972,1,43.786902700151714,-0.11076873566190204
2020-10-07,95166.40798719546,0.027126704902337373,1,44.55118942260742,-0.08664682156427006
2020-10-08,97257.97739350745,0.0219780219780219,1,45.37261799403599,-0.06657312533491333
2020-10-09,97257.97739350745,0.0,1,45.48958274296352,-0.06657312533491333
2020-10-13,102486.90090928742,0.053763440860215006,1,47.543154171534944,-0.01638888476152156
2020-10-14,100499.90837755021,-0.01938777067223374,1,47.543154171534944,-0.03545891149442526
2020-10-15,100499.90837755021,0.0,1,47.543154171534944,-0.03545891149442526
2020-10-16,102378.83734102307,0.018695827626173056,1,47.543154171534944,-0.01742601756536377
2020-10-19,104369.31656644985,0.019442291757978403,1,47.9431551524571,0.0
2020-10-20,104369.31656644985,0.0,1,47.9431551524571,0.0
2020-10-21,104895.68763301332,0.005043350707660821,1,48.354342869349885,0.0
2020-10-22,105129.24823798986,0.002226598731052354,1,48.5112487248012,0.0
2020-10-23,103211.97362263584,-0.01823730928821754,1,48.5112487248012,-0.01823730928821754
2020-10-26,102382.32403471264,-0.008038307560676694,1,48.5112487248012,-0.026129019747756388
2020-10-27,102835.49049120335,0.0044262177164200445,1,48.5112487248012,-0.021818454761456385
2020-10-28,101250.66639841889,-0.015411256223064607,0,,-0.0368934611878009
2020-10-29,101250.66639841889,0.0,0,,-0.0368934611878009
2020-10-30,101250.66639841889,0.0,0,,-0.0368934611878009
2020-11-03,101250.66639841889,0.0,0,,-0.0368934611878009
2020-11-04,101250.66639841889,0.0,0,,-0.0368934611878009
2020-11-05,101250.66639841889,0.0,0,,-0.0368934611878009
2020-11-06,101250.66639841889,0.0,0,,-0.0368934611878009
2020-11-09,101250.66639841889,0.0,0,,-0.0368934611878009
2020-11-10,101250.66639841889,0.0,0,,-0.0368934611878009
2020-11-11,101250.66639841889,0.0,0,,-0.0368934611878009
2020-11-12,101250.66639841889,0.0,0,,-0.0368934611878009
2020-11-13,101250.66639841889,0.0,0,,-0.0368934611878009
2020-11-16,101250.66639841889,0.0,0,,-0.0368934611878009
2020-11-17,101250.66639841889,0.0,0,,-0.0368934611878009
2020-11-18,101250.66639841889,0.0,0,,-0.0368934611878009
2020-11-19,101250.66639841889,0.0,0,,-0.0368934611878009
2020-11-23,101250.66639841889,0.0,0,,-0.0368934611878009
2020-11-24,101250.66639841889,0.0,0,,-0.0368934611878009
2020-11-25,101250.66639841889,0.0,0,,-0.0368934611878009
2020-11-26,101250.66639841889,0.0,0,,-0.0368934611878009
2020-11-27,101250.66639841889,0.0,0,,-0.0368934611878009
2020-11-30,101250.66639841889,0.0,0,,-0.0368934611878009
2020-12-01,101250.66639841889,0.0,0,,-0.0368934611878009
2020-12-02,101250.66639841889,0.0,0,,-0.0368934611878009
2020-12-03,101250.66639841889,0.0,0,,-0.0368934611878009
2020-12-04,101250.66639841889,0.0,0,,-0.0368934611878009
2020-12-07,101250.66639841889,0.0,0,,-0.0368934611878009
2020-12-08,101250.66639841889,0.0,0,,-0.0368934611878009
2020-12-09,101250.66639841889,0.0,0,,-0.0368934611878009
2020-12-10,101250.66639841889,0.0,0,,-0.0368934611878009
2020-12-11,101250.66639841889,0.0,0,,-0.0368934611878009
2020-12-14,101250.66639841889,0.0,0,,-0.0368934611878009
2020-12-15,101250.66639841889,0.0,0,,-0.0368934611878009
2020-12-16,101250.66639841889,0.0,0,,-0.0368934611878009
2020-12-17,101250.66639841889,0.0,0,,-0.0368934611878009
2020-12-18,101250.66639841889,0.0,0,,-0.0368934611878009
2020-12-21,101250.66639841889,0.0,0,,-0.0368934611878009
2020-12-22,101250.66639841889,0.0,0,,-0.0368934611878009
2020-12-23,101250.66639841889,0.0,0,,-0.0368934611878009
2020-12-28,101250.66639841889,0.0,0,,-0.0368934611878009
2020-12-29,101250.66639841889,0.0,0,,-0.0368934611878009
2020-12-30,101250.66639841889,0.0,0,,-0.0368934611878009
2021-01-04,101250.66639841889,0.0,0,,-0.0368934611878009
2021-01-05,101250.66639841889,0.0,0,,-0.0368934611878009
2021-01-06,101250.66639841889,0.0,0,,-0.0368934611878009
2021-01-07,101250.66639841889,0.0,0,,-0.0368934611878009
2021-01-08,101250.66639841889,0.0,0,,-0.0368934611878009
2021-01-11,101250.66639841889,0.0,0,,-0.0368934611878009
2021-01-12,101250.66639841889,0.0,0,,-0.0368934611878009
2021-01-13,101250.66639841889,0.0,0,,-0.0368934611878009
2021-01-14,101250.66639841889,0.0,0,,-0.0368934611878009
2021-01-15,101250.66639841889,0.0,0,,-0.0368934611878009
2021-01-18,101250.66639841889,0.0,0,,-0.0368934611878009
2021-01-19,101250.66639841889,0.0,0,,-0.0368934611878009
2021-01-20,101250.66639841889,0.0,0,,-0.0368934611878009
2021-01-21,101250.66639841889,0.0,0,,-0.0368934611878009
2021-01-22,101250.66639841889,0.0,0,,-0.0368934611878009
2021-01-26,101250.66639841889,0.0,0,,-0.0368934611878009
2021-01-27,101250.66639841889,0.0,0,,-0.0368934611878009
2021-01-28,101250.66639841889,0.0,0,,-0.0368934611878009
2021-01-29,101250.66639841889,0.0,0,,-0.0368934611878009
2021-02-01,101250.66639841889,0.0,0,,-0.0368934611878009
2021-02-02,101250.66639841889,0.0,0,,-0.0368934611878009
2021-02-03,101250.66639841889,0.0,0,,-0.0368934611878009
2021-02-04,101250.66639841889,0.0,0,,-0.0368934611878009
2021-02-05,101250.66639841889,0.0,0,,-0.0368934611878009
2021-02-08,101250.66639841889,0.0,0,,-0.0368934611878009
2021-02-09,101250.66639841889,0.0,0,,-0.0368934611878009
2021-02-10,101250.66639841889,0.0,0,,-0.0368934611878009
2021-02-11,101250.66639841889,0.0,0,,-0.0368934611878009
2021-02-12,101250.66639841889,0.0,0,,-0.0368934611878009
2021-02-17,101250.66639841889,0.0,0,,-0.0368934611878009
2021-02-18,101250.66639841889,0.0,0,,-0.0368934611878009
2021-02-19,101250.66639841889,0.0,0,,-0.0368934611878009
2021-02-22,101250.66639841889,0.0,0,,-0.0368934611878009
2021-02-23,101250.66639841889,0.0,0,,-0.0368934611878009
2021-02-24,101250.66639841889,0.0,0,,-0.0368934611878009
2021-02-25,101250.66639841889,0.0,0,,-0.0368934611878009
2021-02-26,101250.66639841889,0.0,0,,-0.0368934611878009
2021-03-01,101250.66639841889,0.0,0,,-0.0368934611878009
2021-03-02,101250.66639841889,0.0,0,,-0.0368934611878009
2021-03-03,101250.66639841889,0.0,0,,-0.0368934611878009
2021-03-04,101250.66639841889,0.0,0,,-0.0368934611878009
2021-03-05,101250.66639841889,0.0,0,,-0.0368934611878009
2021-03-08,101250.66639841889,0.0,0,,-0.0368934611878009
2021-03-09,101250.66639841889,0.0,0,,-0.0368934611878009
2021-03-10,101250.66639841889,0.0,0,,-0.0368934611878009
2021-03-11,101250.66639841889,0.0,0,,-0.0368934611878009
2021-03-12,101250.66639841889,0.0,0,,-0.0368934611878009
2021-03-15,101250.66639841889,0.0,0,,-0.0368934611878009
2021-03-16,101250.66639841889,0.0,0,,-0.0368934611878009
2021-03-17,101250.66639841889,0.0,0,,-0.0368934611878009
2021-03-18,101250.66639841889,0.0,0,,-0.0368934611878009
2021-03-19,101250.66639841889,0.0,0,,-0.0368934611878009
2021-03-22,101250.66639841889,0.0,0,,-0.0368934611878009
2021-03-23,101250.66639841889,0.0,0,,-0.0368934611878009
2021-03-24,101250.66639841889,0.0,0,,-0.0368934611878009
2021-03-25,101250.66639841889,0.0,0,,-0.0368934611878009
2021-03-26,101250.66639841889,0.0,0,,-0.0368934611878009
2021-03-29,101250.66639841889,0.0,0,,-0.0368934611878009
2021-03-30,101250.66639841889,0.0,0,,-0.0368934611878009
2021-03-31,101250.66639841889,0.0,0,,-0.0368934611878009
2021-04-01,101250.66639841889,0.0,0,,-0.0368934611878009
2021-04-05,103302.0253727677,0.02026020220229241,1,81.26934133257184,-0.017380727969115828
2021-04-06,100888.7522262535,-0.02336133427980569,1,81.26934133257184,-0.04033602525280866
2021-04-07,101857.14336761211,0.009598603610310175,1,81.26934133257184,-0.031124591160115678
2021-04-08,102432.01605304335,0.00564391132938491,1,81.54833439418248,-0.02565634426340191
2021-04-09,104148.88966471149,0.01676110339153203,1,83.00874873570034,-0.009325269510717438
2021-04-12,105668.99963311115,0.014595546561210426,1,84.48666409083775,0.0
2021-04-13,101855.21829471774,-0.03609177101737582,1,84.48666409083775,-0.03609177101737582
2021-04-14,99501.74603646377,-0.023106054826216194,1,84.48666409083775,-0.05836388740368925
2021-04-15,97642.03980163434,-0.018690186945542808,0,,-0.07596324238278851
2021-04-16,97642.03980163434,0.0,0,,-0.07596324238278851
2021-04-19,94025.79543669269,-0.037035731456330434,1,77.99000004359654,-0.11018561959367779
2021-04-20,95626.73407648382,0.017026589696537364,0,,-0.09503511523242059
2021-04-22,95626.73407648382,0.0,0,,-0.09503511523242059
2021-04-23,95626.73407648382,0.0,0,,-0.09503511523242059
2021-04-26,95364.15624845073,-0.0027458621333138478,1,72.81845229012626,-0.09752002404148263
2021-04-27,97389.19783889697,0.021234829417149603,1,74.6282125200544,-0.07835601569961037
2021-04-28,94921.18040158784,-0.025341798598565002,0,,-0.10171213192932982
2021-04-29,94921.18040158784,0.0,0,,-0.10171213192932982
2021-04-30,94921.18040158784,0.0,0,,-0.10171213192932982
2021-05-03,94921.18040158784,0.0,0,,-0.10171213192932982
2021-05-04,94921.18040158784,0.0,0,,-0.10171213192932982
2021-05-05,94921.18040158784,0.0,0,,-0.10171213192932982
2021-05-06,94921.18040158784,0.0,0,,-0.10171213192932982
2021-05-07,94921.18040158784,0.0,0,,-0.10171213192932982
2021-05-10,94921.18040158784,0.0,0,,-0.10171213192932982
2021-05-11,94921.18040158784,0.0,0,,-0.10171213192932982
2021-05-12,94921.18040158784,0.0,0,,-0.10171213192932982
2021-05-13,94921.18040158784,0.0,0,,-0.10171213192932982
2021-05-14,94921.18040158784,0.0,0,,-0.10171213192932982
2021-05-17,94921.18040158784,0.0,0,,-0.10171213192932982
2021-05-18,94921.18040158784,0.0,0,,-0.10171213192932982
2021-05-19,94921.18040158784,0.0,0,,-0.10171213192932982
2021-05-20,94921.18040158784,0.0,0,,-0.10171213192932982
2021-05-21,94921.18040158784,0.0,0,,-0.10171213192932982
2021-05-24,94921.18040158784,0.0,0,,-0.10171213192932982
2021-05-25,94921.18040158784,0.0,0,,-0.10171213192932982
2021-05-26,94921.18040158784,0.0,0,,-0.10171213192932982
2021-05-27,94921.18040158784,0.0,0,,-0.10171213192932982
2021-05-28,94921.18040158784,0.0,0,,-0.10171213192932982
2021-05-31,94921.18040158784,0.0,0,,-0.10171213192932982
2021-06-01,94921.18040158784,0.0,0,,-0.10171213192932982
2021-06-02,94921.18040158784,0.0,0,,-0.10171213192932982
2021-06-04,94921.18040158784,0.0,0,,-0.10171213192932982
2021-06-07,94921.18040158784,0.0,0,,-0.10171213192932982
2021-06-08,94921.18040158784,0.0,0,,-0.10171213192932982
2021-06-09,94921.18040158784,0.0,0,,-0.10171213192932982
2021-06-10,94921.18040158784,0.0,0,,-0.10171213192932982
2021-06-11,94921.18040158784,0.0,0,,-0.10171213192932982
2021-06-14,94921.18040158784,0.0,0,,-0.10171213192932982
2021-06-15,94921.18040158784,0.0,0,,-0.10171213192932982
2021-06-16,94921.18040158784,0.0,0,,-0.10171213192932982
2021-06-17,94921.18040158784,0.0,0,,-0.10171213192932982
2021-06-18,94921.18040158784,0.0,0,,-0.10171213192932982
2021-06-21,94921.18040158784,0.0,0,,-0.10171213192932982
2021-06-22,94921.18040158784,0.0,0,,-0.10171213192932982
2021-06-23,94921.18040158784,0.0,0,,-0.10171213192932982
2021-06-24,94921.18040158784,0.0,0,,-0.10171213192932982
2021-06-25,94921.18040158784,0.0,0,,-0.10171213192932982
2021-06-28,94921.18040158784,0.0,0,,-0.10171213192932982
2021-06-29,94921.18040158784,0.0,0,,-0.10171213192932982
2021-06-30,94921.18040158784,0.0,0,,-0.10171213192932982
2021-07-01,94921.18040158784,0.0,0,,-0.10171213192932982
2021-07-02,94921.18040158784,0.0,0,,-0.10171213192932982
2021-07-05,94921.18040158784,0.0,0,,-0.10171213192932982
2021-07-06,94921.18040158784,0.0,0,,-0.10171213192932982
2021-07-07,91703.74277541976,-0.033895887225126264,1,66.07970428466797,-0.13216039620115239
2021-07-08,90210.8061863785,-0.016279996255958995,1,66.07970428466797,-0.1462888217017705
2021-07-12,91887.00545552348,0.018580914415972538,1,66.07970428466797,-0.13042608736185202
2021-07-13,90961.75041583717,-0.010069487356775042,1,66.07970428466797,-0.13918225088094327
2021-07-14,89243.08347599993,-0.018894391675404854,1,66.07970428466797,-0.15544687859393902
2021-07-15,88964.17092053412,-0.003125312848931472,0,,-0.15808637131587466
2021-07-16,88964.17092053412,0.0,0,,-0.15808637131587466
2021-07-19,88964.17092053412,0.0,0,,-0.15808637131587466
2021-07-20,88964.17092053412,0.0,0,,-0.15808637131587466
2021-07-21,89257.71096180732,0.0032995310160919278,1,61.7413661139352,-0.1553084511851609
2021-07-22,87773.9929158053,-0.01662285566158972,1,61.7413661139352,-0.16934963687967464
2021-07-23,88620.87613711538,0.00964845272702175,1,61.7413661139352,-0.1613351461184248
2021-07-26,88377.31819351301,-0.002748313424768334,1,61.7413661139352,-0.1636400599952289
2021-07-27,87974.77992725729,-0.004554768966561262,0,,-0.1674494862948377
2021-07-28,87974.77992725729,0.0,0,,-0.1674494862948377
2021-07-29,87974.77992725729,0.0,0,,-0.1674494862948377
2021-07-30,87974.77992725729,0.0,0,,-0.1674494862948377
2021-08-02,87974.77992725729,0.0,0,,-0.1674494862948377
2021-08-03,87974.77992725729,0.0,0,,-0.1674494862948377
2021-08-04,89147.84335437418,0.013334087656563076,1,65.91535949707031,-0.15634818476657641
2021-08-05,89089.1021852996,-0.0006589185656581398,1,66.06422642299107,-0.15690408261058497
2021-08-06,90123.31935498955,0.011608795512820791,1,66.9385758808681,-0.14711675450791706
2021-08-09,88415.71539454984,-0.018947415304507054,1,66.9385758808681,-0.16327668756651148
2021-08-10,84127.61349313008,-0.04849931804865648,0,,-0.20385719761494858
2021-08-11,84127.61349313008,0.0,0,,-0.20385719761494858
2021-08-12,84127.61349313008,0.0,0,,-0.20385719761494858
2021-08-13,84127.61349313008,0.0,0,,-0.20385719761494858
2021-08-16,84127.61349313008,0.0,0,,-0.20385719761494858
2021-08-17,84127.61349313008,0.0,0,,-0.20385719761494858
2021-08-18,84127.61349313008,0.0,0,,-0.20385719761494858
2021-08-19,84127.61349313008,0.0,0,,-0.20385719761494858
2021-08-20,84127.61349313008,0.0,0,,-0.20385719761494858
2021-08-23,84127.61349313008,0.0,0,,-0.20385719761494858
2021-08-24,84127.61349313008,0.0,0,,-0.20385719761494858
2021-08-25,84127.61349313008,0.0,0,,-0.20385719761494858
2021-08-26,84127.61349313008,0.0,0,,-0.20385719761494858
2021-08-27,84127.61349313008,0.0,0,,-0.20385719761494858
2021-08-30,84127.61349313008,0.0,0,,-0.20385719761494858
2021-08-31,84127.61349313008,0.0,0,,-0.20385719761494858
2021-09-01,84127.61349313008,0.0,0,,-0.20385719761494858
2021-09-02,84127.61349313008,0.0,0,,-0.20385719761494858
2021-09-03,84127.61349313008,0.0,0,,-0.20385719761494858
2021-09-06,84127.61349313008,0.0,0,,-0.20385719761494858
2021-09-08,84127.61349313008,0.0,0,,-0.20385719761494858
2021-09-09,84127.61349313008,0.0,0,,-0.20385719761494858
2021-09-10,84127.61349313008,0.0,0,,-0.20385719761494858
2021-09-13,83807.19593261289,-0.0038087085466100845,1,60.85333415440151,-0.20688947351071463
2021-09-14,83614.94634064143,-0.002293950893262675,1,60.85333415440151,-0.20870883011141073
2021-09-15,83223.95050090562,-0.004676147708603695,1,60.85333415440151,-0.21240902450232357
2021-09-16,84932.63030462399,0.02053110665180191,1,62.103508949279785,-0.19623891018638417
2021-09-17,84360.19285584157,-0.006739900162390899,1,62.103508949279785,-0.20165617968614247
2021-09-20,83468.05467884037,-0.010575345394547853,1,62.103508949279785,-0.2100989413295643
2021-09-21,82744.40435275996,-0.008669787847156663,1,62.103508949279785,-0.21694721592848143
2021-09-22,83008.52491507152,0.003192005119591501,0,,-0.21444770743281472
2021-09-23,83668.26721191088,0.00794788604561214,1,61.98678057534354,-0.20820422732862132
2021-09-24,84312.10435695286,0.007695117474003643,1,62.40398679460798,-0.2021112658424955
2021-09-27,85646.50625225774,0.015826931441011327,1,63.24380234309605,-0.18948313554942942
2021-09-28,85017.55112969452,-0.00734361680452833,1,63.24380234309605,-0.19543526081556228
2021-09-29,82550.59814331957,-0.029016984770728116,1,63.24380234309605,-0.21878130359954195
2021-09-30,82444.3521749957,-0.001287040563163644,1,63.24380234309605,-0.2197867637505111
2021-10-01,80509.38211138277,-0.023470013561459946,0,,-0.2380983789861172
2021-10-04,80509.38211138277,0.0,0,,-0.2380983789861172
2021-10-05,79995.08594913766,-0.006388027690159115,1,61.10786056518555,-0.24296542763833096
2021-10-06,79199.99688095508,-0.009939223875428005,0,,-0.2504897637344725
2021-10-07,79199.99688095508,0.0,0,,-0.2504897637344725
2021-10-08,78430.41977072696,-0.009716883087569572,1,61.097384861537385,-0.25777266707320123
2021-10-11,77871.35705701222,-0.007128136191914103,0,,-0.26306336458766466
2021-10-13,77871.35705701222,0.0,0,,-0.26306336458766466
2021-10-14,77871.35705701222,0.0,0,,-0.26306336458766466
2021-10-15,77871.35705701222,0.0,0,,-0.26306336458766466
2021-10-18,77871.35705701222,0.0,0,,-0.26306336458766466
2021-10-19,77871.35705701222,0.0,0,,-0.26306336458766466
2021-10-20,77871.35705701222,0.0,0,,-0.26306336458766466
2021-10-21,77871.35705701222,0.0,0,,-0.26306336458766466
2021-10-22,77871.35705701222,0.0,0,,-0.26306336458766466
2021-10-25,77871.35705701222,0.0,0,,-0.26306336458766466
2021-10-26,77871.35705701222,0.0,0,,-0.26306336458766466
2021-10-27,77871.35705701222,0.0,0,,-0.26306336458766466
2021-10-28,77871.35705701222,0.0,0,,-0.26306336458766466
2021-10-29,79324.72340879451,0.01866368337100166,1,60.86089175088065,-0.24930941255983763
2021-11-01,81034.87105966329,0.021558822739988104,1,61.982084138052805,-0.23312540725263764
2021-11-03,80766.77084295738,-0.003308454905894931,1,62.08470140184675,-0.23566257726121886
2021-11-04,82151.94599852439,0.017150309974139466,1,63.235949107578826,-0.22255395353641394
2021-11-05,82663.77791106001,0.006230307831597948,1,63.60506139482771,-0.21771022534448692
2021-11-08,83977.8650427356,0.01589677080921037,1,64.57446370806012,-0.20527434409039935
2021-11-09,84451.1033916859,0.005635274827592518,1,65.0190510068621,-0.20079584660680994
2021-11-10,82119.45153821827,-0.027609489513161,1,65.0190510068621,-0.22286146529879403
2021-11-11,81784.32626733588,-0.004080948722927413,1,65.0190510068621,-0.22603292780952056
2021-11-12,85730.65992949113,0.048252933566457434,1,65.8663661139352,-0.1886867460924877
2021-11-16,85917.51934672498,0.0021796101579940608,1,66.37297534942627,-0.18691839948295574
2021-11-17,84540.47013058787,-0.016027571869014823,1,66.37297534942627,-0.19995012327061623
2021-11-18,87229.57964224985,0.03180854693034196,1,67.21839278084892,-0.17450169922005532
2021-11-19,94791.18466539288,0.08668624856562479,1,72.60166931152344,-0.1029423483281442
2021-11-22,95841.23455007751,0.01107750566037602,1,73.00499997820172,-0.09300518711406569
2021-11-23,96873.0057197516,0.010765420275705928,1,73.59392711094448,-0.08324100676546331
2021-11-24,98217.56047558259,0.013879560625182918,1,74.50023596627372,-0.0705167947401828
2021-11-25,97082.20682171095,-0.011559579044461143,1,74.50023596627372,-0.08126122932188284
2021-11-26,94433.717709785,-0.027280891098714122,1,74.50023596627372,-0.10632524167291912
2021-11-29,98483.63385613779,0.04288633598858249,1,74.50023596627372,-0.06799880572278871
2021-11-30,97019.24473724942,-0.014869365208715957,1,74.50023596627372,-0.08185707185545599
2021-12-01,99326.51877242731,0.023781612003129116,1,74.50023596627372,-0.06002215297490554
2021-12-02,95262.38688077894,-0.040916886465737656,1,74.50023596627372,-0.09848311982193991
2021-12-03,93444.59377599765,-0.019081960512455587,1,74.50023596627372,-0.11568582933080973
2021-12-06,95288.7915352194,0.0197357352062828,1,74.50023596627372,-0.09823323901931913
2021-12-07,97577.77755797321,0.024021566292062646,1,74.50023596627372,-0.07657138899044302
2021-12-08,96387.58775906997,-0.012197344812409971,1,74.50023596627372,-0.08783476616857144
2021-12-09,96284.00527487241,-0.0010746454663485006,1,74.50023596627372,-0.08881502040166911
2021-12-10,97606.2183459779,0.013732426973003697,1,74.50023596627372,-0.0763022392104371
2021-12-13,97581.84052768817,-0.00024975681573202735,1,74.50023596627372,-0.07653293902187075
2021-12-14,96194.63853597044,-0.014215780151473068,1,74.50023596627372,-0.08966074373786281
2021-12-15,98449.10326226742,0.02343649043864282,1,74.50023596627372,-0.06832558646255404
2021-12-16,95849.36048950742,-0.026406972604253287,1,74.50023596627372,-0.09292828717692114
2021-12-17,95528.45096392061,-0.0033480612071683513,1,74.50023596627372,-0.09596521879074382
2021-12-20,95757.9576170412,0.002402495286009332,1,74.50023596627372,-0.09379327949050009
2021-12-21,102840.09825966514,0.07395876874219787,0,,-0.02677134621571242
2021-12-22,101512.2295762977,-0.012911974082469801,1,78.76398386274066,-0.039337649369692085
2021-12-23,106461.82009415422,0.04875856375646204,1,82.11327035086495,0.0
2021-12-27,105423.04307517206,-0.009757272776883541,1,82.11327035086495,-0.009757272776883541
2021-12-28,104340.56961280447,-0.010267901881714114,1,82.11327035086495,-0.019924987939091476
2021-12-29,109649.66020795182,0.050882323288522935,1,84.51118877955845,0.0
2021-12-30,100562.14524426217,-0.08287773027709411,0,,-0.08287773027709411
2022-01-03,100562.14524426217,0.0,0,,-0.08287773027709411
2022-01-04,100562.14524426217,0.0,0,,-0.08287773027709411
2022-01-05,100562.14524426217,0.0,0,,-0.08287773027709411
2022-01-06,100562.14524426217,0.0,0,,-0.08287773027709411
2022-01-07,100562.14524426217,0.0,0,,-0.08287773027709411
2022-01-10,100562.14524426217,0.0,0,,-0.08287773027709411
2022-01-11,100562.14524426217,0.0,0,,-0.08287773027709411
2022-01-12,100562.14524426217,0.0,0,,-0.08287773027709411
2022-01-13,100562.14524426217,0.0,0,,-0.08287773027709411
2022-01-14,100562.14524426217,0.0,0,,-0.08287773027709411
2022-01-17,100562.14524426217,0.0,0,,-0.08287773027709411
2022-01-18,100562.14524426217,0.0,0,,-0.08287773027709411
2022-01-19,100562.14524426217,0.0,0,,-0.08287773027709411
2022-01-20,100562.14524426217,0.0,0,,-0.08287773027709411
2022-01-21,100562.14524426217,0.0,0,,-0.08287773027709411
2022-01-24,100562.14524426217,0.0,0,,-0.08287773027709411
2022-01-25,100562.14524426217,0.0,0,,-0.08287773027709411
2022-01-26,100562.14524426217,0.0,0,,-0.08287773027709411
2022-01-27,100562.14524426217,0.0,0,,-0.08287773027709411
2022-01-28,100562.14524426217,0.0,0,,-0.08287773027709411
2022-01-31,100562.14524426217,0.0,0,,-0.08287773027709411
2022-02-01,100562.14524426217,0.0,0,,-0.08287773027709411
2022-02-02,100562.14524426217,0.0,0,,-0.08287773027709411
2022-02-03,100562.14524426217,0.0,0,,-0.08287773027709411
2022-02-04,100562.14524426217,0.0,0,,-0.08287773027709411
2022-02-07,100562.14524426217,0.0,0,,-0.08287773027709411
2022-02-08,100562.14524426217,0.0,0,,-0.08287773027709411
2022-02-09,100562.14524426217,0.0,0,,-0.08287773027709411
2022-02-10,100562.14524426217,0.0,0,,-0.08287773027709411
2022-02-11,100562.14524426217,0.0,0,,-0.08287773027709411
2022-02-14,100562.14524426217,0.0,0,,-0.08287773027709411
2022-02-15,100562.14524426217,0.0,0,,-0.08287773027709411
2022-02-16,100562.14524426217,0.0,0,,-0.08287773027709411
2022-02-17,100562.14524426217,0.0,0,,-0.08287773027709411
2022-02-18,96347.93553342042,-0.0419065215902622,1,73.43939890180316,-0.12131113447414732
2022-02-21,90801.59507674086,-0.05756574259710712,0,,-0.17189351152995258
2022-02-22,90801.59507674086,0.0,0,,-0.17189351152995258
2022-02-23,85099.92989626895,-0.06279256631618813,1,66.67410251072475,-0.22389244312407375
2022-02-24,84956.5835437016,-0.0016844473637296353,0,,-0.22519975545222404
2022-02-25,85600.08377751235,0.007574459882555562,1,65.46863392421177,-0.21933106208290276
2022-03-02,88170.44131199154,0.030027511902440907,1,67.78869111197335,-0.1958895162577312
2022-03-03,82784.56633901225,-0.06108481360461093,1,67.78869111197335,-0.2450084552746412
2022-03-04,76308.52596559239,-0.07822762937356875,1,67.78869111197335,-0.3040696540155947
2022-03-07,76030.87405974885,-0.003638543692597751,0,,-0.30660182698646365
2022-03-08,76030.87405974885,0.0,0,,-0.30660182698646365
2022-03-09,76030.87405974885,0.0,0,,-0.30660182698646365
2022-03-10,76030.87405974885,0.0,0,,-0.30660182698646365
2022-03-11,76030.87405974885,0.0,0,,-0.30660182698646365
2022-03-14,76030.87405974885,0.0,0,,-0.30660182698646365
2022-03-15,76030.87405974885,0.0,0,,-0.30660182698646365
2022-03-16,76030.87405974885,0.0,0,,-0.30660182698646365
2022-03-17,76030.87405974885,0.0,0,,-0.30660182698646365
2022-03-18,76030.87405974885,0.0,0,,-0.30660182698646365
2022-03-21,76030.87405974885,0.0,0,,-0.30660182698646365
2022-03-22,76030.87405974885,0.0,0,,-0.30660182698646365
2022-03-23,76030.87405974885,0.0,0,,-0.30660182698646365
2022-03-24,76030.87405974885,0.0,0,,-0.30660182698646365
2022-03-25,76030.87405974885,0.0,0,,-0.30660182698646365
2022-03-28,76030.87405974885,0.0,0,,-0.30660182698646365
2022-03-29,76030.87405974885,0.0,0,,-0.30660182698646365
2022-03-30,76030.87405974885,0.0,0,,-0.30660182698646365
2022-03-31,76030.87405974885,0.0,0,,-0.30660182698646365
2022-04-01,76030.87405974885,0.0,0,,-0.30660182698646365
2022-04-04,76030.87405974885,0.0,0,,-0.30660182698646365
2022-04-05,76030.87405974885,0.0,0,,-0.30660182698646365
2022-04-06,76030.87405974885,0.0,0,,-0.30660182698646365
2022-04-07,76030.87405974885,0.0,0,,-0.30660182698646365
2022-04-08,76030.87405974885,0.0,0,,-0.30660182698646365
2022-04-11,76030.87405974885,0.0,0,,-0.30660182698646365
2022-04-12,76030.87405974885,0.0,0,,-0.30660182698646365
2022-04-13,76030.87405974885,0.0,0,,-0.30660182698646365
2022-04-14,76030.87405974885,0.0,0,,-0.30660182698646365
2022-04-18,76030.87405974885,0.0,0,,-0.30660182698646365
2022-04-19,76030.87405974885,0.0,0,,-0.30660182698646365
2022-04-20,76030.87405974885,0.0,0,,-0.30660182698646365
2022-04-22,76030.87405974885,0.0,0,,-0.30660182698646365
2022-04-25,76030.87405974885,0.0,0,,-0.30660182698646365
2022-04-26,76030.87405974885,0.0,0,,-0.30660182698646365
2022-04-27,76030.87405974885,0.0,0,,-0.30660182698646365
2022-04-28,76030.87405974885,0.0,0,,-0.30660182698646365
2022-04-29,76030.87405974885,0.0,0,,-0.30660182698646365
2022-05-02,76030.87405974885,0.0,0,,-0.30660182698646365
2022-05-03,76030.87405974885,0.0,0,,-0.30660182698646365
2022-05-04,76599.36490622812,0.007477105235335291,1,54.779881068638396,-0.3014172158768522
2022-05-05,75689.5431137986,-0.011877667570002859,1,54.779881068638396,-0.30971474995679393
2022-05-06,74190.88373870963,-0.019800084839140197,1,54.779881068638396,-0.3233824564708565
2022-05-09,75219.41477229289,0.013863307481355891,0,,-0.31400229941763236
2022-05-10,75267.7465546396,0.0006425439827340007,1,53.7616673878261,-0.31356151572295377
2022-05-11,73236.28604738957,-0.02698978779410266,1,53.7616673878261,-0.33208834474729676
2022-05-12,72812.62592198439,-0.005784839022708432,1,53.7616673878261,-0.33595210615432436
2022-05-13,76811.9937965134,0.05492684577554119,1,54.56267888205392,-0.29947804990148996
2022-05-16,76811.9937965134,0.0,1,54.81357152121408,-0.29947804990148996
2022-05-17,77655.07652486916,0.010975925590334334,1,55.62928308759417,-0.2917891731028128
2022-05-18,75159.70912574312,-0.03213398931268707,1,55.62928308759417,-0.31454681224545633
2022-05-19,72463.10304583903,-0.03587834640754972,1,55.62928308759417,-0.339139739161873
2022-05-20,70597.940866321,-0.025739474313405397,0,,-0.3561499348704664
2022-05-23,70597.940866321,0.0,0,,-0.3561499348704664
2022-05-24,70597.940866321,0.0,0,,-0.3561499348704664
2022-05-25,70597.940866321,0.0,0,,-0.3561499348704664
2022-05-26,70597.940866321,0.0,0,,-0.3561499348704664
2022-05-27,70597.940866321,0.0,0,,-0.3561499348704664
2022-05-30,70850.96566951761,0.003584025257559853,1,53.42827320098877,-0.3538423599749607
2022-05-31,69573.95144981108,-0.0180239493934794,0,,-0.3654886725789821
2022-06-01,69573.95144981108,0.0,0,,-0.3654886725789821
2022-06-02,69573.95144981108,0.0,0,,-0.3654886725789821
2022-06-03,67190.9308070563,-0.03425162137691484,1,52.8032751083374,-0.3872217143251704
2022-06-06,67607.82804243846,0.006204665278105814,0,,-0.3834196301728665
2022-06-07,67607.82804243846,0.0,0,,-0.3834196301728665
2022-06-08,67607.82804243846,0.0,0,,-0.3834196301728665
2022-06-09,67607.82804243846,0.0,0,,-0.3834196301728665
2022-06-10,67607.82804243846,0.0,0,,-0.3834196301728665
2022-06-13,67607.82804243846,0.0,0,,-0.3834196301728665
2022-06-14,67607.82804243846,0.0,0,,-0.3834196301728665
2022-06-15,67607.82804243846,0.0,0,,-0.3834196301728665
2022-06-17,67607.82804243846,0.0,0,,-0.3834196301728665
2022-06-20,67607.82804243846,0.0,0,,-0.3834196301728665
2022-06-21,67607.82804243846,0.0,0,,-0.3834196301728665
2022-06-22,67607.82804243846,0.0,0,,-0.3834196301728665
2022-06-23,67607.82804243846,0.0,0,,-0.3834196301728665
2022-06-24,67607.82804243846,0.0,0,,-0.3834196301728665
2022-06-27,67607.82804243846,0.0,0,,-0.3834196301728665
2022-06-28,67607.82804243846,0.0,0,,-0.3834196301728665
2022-06-29,67607.82804243846,0.0,0,,-0.3834196301728665
2022-06-30,67607.82804243846,0.0,0,,-0.3834196301728665
2022-07-01,67607.82804243846,0.0,0,,-0.3834196301728665
2022-07-04,67607.82804243846,0.0,0,,-0.3834196301728665
2022-07-05,67607.82804243846,0.0,0,,-0.3834196301728665
2022-07-06,67607.82804243846,0.0,0,,-0.3834196301728665
2022-07-07,67607.82804243846,0.0,0,,-0.3834196301728665
2022-07-08,67607.82804243846,0.0,0,,-0.3834196301728665
2022-07-11,67607.82804243846,0.0,0,,-0.3834196301728665
2022-07-12,69108.94180532686,0.022203253770349374,1,49.14398711068289,-0.3697295397517788
2022-07-13,68656.66012269736,-0.006544474142051504,1,49.14398711068289,-0.3738543284813721
2022-07-14,69087.40481708263,0.006273895258165574,1,49.18148735591343,-0.3699259561219106
2022-07-15,71465.12479755052,0.03441611371512954,1,50.8429160799299,-0.3482412561788508
2022-07-18,70222.42233670599,-0.017388935713257614,1,50.8429160799299,-0.3595746470757103
2022-07-19,72953.35582568018,0.038889764808735405,1,52.05440657479422,-0.33466865572293325
2022-07-20,74566.50039972625,0.022111999589170983,1,53.184881755283904,-0.3199568493116163
2022-07-21,74924.0173622809,0.004794605629043991,1,53.618987219674246,-0.3166963105933329
2022-07-22,72550.60576536196,-0.031677580573966635,1,53.618987219674246,-0.33834171827100123
2022-07-25,69184.61428373406,-0.04639508445338081,0,,-0.369039410131097
2022-07-26,69184.61428373406,0.0,0,,-0.369039410131097
2022-07-27,69184.61428373406,0.0,0,,-0.369039410131097
2022-07-28,69184.61428373406,0.0,0,,-0.369039410131097
2022-07-29,69184.61428373406,0.0,0,,-0.369039410131097
2022-08-01,69184.61428373406,0.0,0,,-0.369039410131097
2022-08-02,69184.61428373406,0.0,0,,-0.369039410131097
2022-08-03,69184.61428373406,0.0,0,,-0.369039410131097
2022-08-04,69184.61428373406,0.0,0,,-0.369039410131097
2022-08-05,69184.61428373406,0.0,0,,-0.369039410131097
2022-08-08,69184.61428373406,0.0,0,,-0.369039410131097
2022-08-09,69184.61428373406,0.0,0,,-0.369039410131097
2022-08-10,69184.61428373406,0.0,0,,-0.369039410131097
2022-08-11,69184.61428373406,0.0,0,,-0.369039410131097
2022-08-12,68919.80291697364,-0.0038276048728752565,1,50.376429421561106,-0.3714544779594715
2022-08-15,68816.42321259818,-0.0014999999999999458,0,,-0.37239729624253226
2022-08-16,68950.32976077862,0.0019458516140362647,1,50.47136933462961,-0.37117607450845225
2022-08-17,68413.44716979265,-0.007786512303112558,0,,-0.37607241974078376
2022-08-18,68413.44716979265,0.0,0,,-0.37607241974078376
2022-08-19,68413.44716979265,0.0,0,,-0.37607241974078376
2022-08-22,68413.44716979265,0.0,0,,-0.37607241974078376
2022-08-23,68413.44716979265,0.0,0,,-0.37607241974078376
2022-08-24,68413.44716979265,0.0,0,,-0.37607241974078376
2022-08-25,68413.44716979265,0.0,0,,-0.37607241974078376
2022-08-26,68413.44716979265,0.0,0,,-0.37607241974078376
2022-08-29,68413.44716979265,0.0,0,,-0.37607241974078376
2022-08-30,68413.44716979265,0.0,0,,-0.37607241974078376
2022-08-31,68413.44716979265,0.0,0,,-0.37607241974078376
2022-09-01,68413.44716979265,0.0,0,,-0.37607241974078376
2022-09-02,68413.44716979265,0.0,0,,-0.37607241974078376
2022-09-05,68413.44716979265,0.0,0,,-0.37607241974078376
2022-09-06,68413.44716979265,0.0,0,,-0.37607241974078376
2022-09-08,68413.44716979265,0.0,0,,-0.37607241974078376
2022-09-09,68413.44716979265,0.0,0,,-0.37607241974078376
2022-09-12,68413.44716979265,0.0,0,,-0.37607241974078376
2022-09-13,68413.44716979265,0.0,0,,-0.37607241974078376
2022-09-14,68413.44716979265,0.0,0,,-0.37607241974078376
2022-09-15,68413.44716979265,0.0,0,,-0.37607241974078376
2022-09-16,68413.44716979265,0.0,0,,-0.37607241974078376
2022-09-19,68413.44716979265,0.0,0,,-0.37607241974078376
2022-09-20,68413.44716979265,0.0,0,,-0.37607241974078376
2022-09-21,68413.44716979265,0.0,0,,-0.37607241974078376
2022-09-22,68413.44716979265,0.0,0,,-0.37607241974078376
2022-09-23,68413.44716979265,0.0,0,,-0.37607241974078376
2022-09-26,68413.44716979265,0.0,0,,-0.37607241974078376
2022-09-27,68413.44716979265,0.0,0,,-0.37607241974078376
2022-09-28,68413.44716979265,0.0,0,,-0.37607241974078376
2022-09-29,68413.44716979265,0.0,0,,-0.37607241974078376
2022-09-30,68413.44716979265,0.0,0,,-0.37607241974078376
2022-10-03,68413.44716979265,0.0,0,,-0.37607241974078376
2022-10-04,68413.44716979265,0.0,0,,-0.37607241974078376
2022-10-05,68413.44716979265,0.0,0,,-0.37607241974078376
2022-10-06,68413.44716979265,0.0,0,,-0.37607241974078376
2022-10-07,68413.44716979265,0.0,0,,-0.37607241974078376
2022-10-10,68413.44716979265,0.0,0,,-0.37607241974078376
2022-10-11,68413.44716979265,0.0,0,,-0.37607241974078376
2022-10-13,72911.34938532278,0.06574587894053874,1,43.89053685324533,-0.33505175258139797
2022-10-14,70923.22563583507,-0.027267685569510647,1,43.89053685324533,-0.3531833523120056
2022-10-17,71157.26892115876,0.0032999526350565578,1,43.89053685324533,-0.35104888801106915
2022-10-18,69614.58313536104,-0.021679946535145822,1,43.89053685324533,-0.36511811342291256
2022-10-19,70231.15286728708,0.008856904748350658,1,43.89053685324533,-0.3594950250270461
2022-10-20,70744.54241192223,0.007309997396814483,1,43.89053685324533,-0.35481293532734703
2022-10-21,72772.9348316132,0.028672069258435462,1,43.89053685324533,-0.336314087124406
2022-10-24,75163.71648276837,0.032852621055989184,1,44.928629466465544,-0.3145102653285059
2022-10-25,74655.36124191775,-0.006763306348311904,1,44.928629466465544,-0.3191464424027123
2022-10-26,75015.2390815627,0.004820522379883396,1,45.02404717036656,-0.3158643725908913
2022-10-27,69866.24648393058,-0.0686392879723241,1,45.02404717036656,-0.36282295493275174
2022-10-28,71849.33592963377,0.028384084525842068,1,45.02404717036656,-0.3447372678276367
2022-10-31,70299.10444823225,-0.021576142094336892,1,45.02404717036656,-0.35887530964611103
2022-11-01,70704.27950179197,0.005763587697736439,1,45.02404717036656,-0.35518013126807224
2022-11-03,67856.71058187133,-0.04027435029372539,0,,-0.38114983253773593
2022-11-04,67856.71058187133,0.0,0,,-0.38114983253773593
2022-11-07,67856.71058187133,0.0,0,,-0.38114983253773593
2022-11-08,68023.80634474373,0.002462479560821018,1,45.11315482003348,-0.3796259266491495
2022-11-09,66666.40709182348,-0.019954767688843633,1,45.11315482003348,-0.39200534716304747
2022-11-10,74349.14534712558,0.11524152253653375,1,48.82071467808315,-0.32193911767604577
2022-11-11,76283.03397417637,0.026010905949513496,1,50.020772797720774,-0.30430213983787324
2022-11-14,75630.74510262567,-0.008550903622573713,1,50.020772797720774,-0.3102509851905504
2022-11-16,71202.54887203648,-0.05855021294025908,1,50.020772797720774,-0.3506359368829777
2022-11-17,72681.67731299068,0.02077353218931033,1,50.020772797720774,-0.33714635161523476
2022-11-18,71625.15774901165,-0.014536257321488555,1,50.020772797720774,-0.34678176281464324
2022-11-21,69275.55206419076,-0.032804195601974895,1,50.020772797720774,-0.3682100616380489
2022-11-22,71990.35057003127,0.03918840665932155,1,50.020772797720774,-0.3434512206102531
2022-11-23,72555.3588357378,0.007848388863683997,1,50.020772797720774,-0.33829837048162537
2022-11-24,73244.39356254664,0.009496675888114314,1,50.020772797720774,-0.33201440457145226
2022-11-25,72073.03137282096,-0.015992516734067874,1,50.020772797720774,-0.34269717538445954
2022-11-28,68828.7008903307,-0.04501448628833049,0,,-0.37228532437039663
2022-11-29,68828.7008903307,0.0,0,,-0.37228532437039663
2022-11-30,68828.7008903307,0.0,0,,-0.37228532437039663
2022-12-01,68828.7008903307,0.0,0,,-0.37228532437039663
2022-12-02,68828.7008903307,0.0,0,,-0.37228532437039663
2022-12-05,68828.7008903307,0.0,0,,-0.37228532437039663
2022-12-06,68828.7008903307,0.0,0,,-0.37228532437039663
2022-12-07,68828.7008903307,0.0,0,,-0.37228532437039663
2022-12-08,68828.7008903307,0.0,0,,-0.37228532437039663
2022-12-09,68828.7008903307,0.0,0,,-0.37228532437039663
2022-12-12,68828.7008903307,0.0,0,,-0.37228532437039663
2022-12-13,68828.7008903307,0.0,0,,-0.37228532437039663
2022-12-14,68828.7008903307,0.0,0,,-0.37228532437039663
2022-12-15,68828.7008903307,0.0,0,,-0.37228532437039663
2022-12-16,68828.7008903307,0.0,0,,-0.37228532437039663
2022-12-19,68828.7008903307,0.0,0,,-0.37228532437039663
2022-12-20,68828.7008903307,0.0,0,,-0.37228532437039663
2022-12-21,68828.7008903307,0.0,0,,-0.37228532437039663
2022-12-22,68828.7008903307,0.0,0,,-0.37228532437039663
2022-12-23,68828.7008903307,0.0,0,,-0.37228532437039663
2022-12-26,68828.7008903307,0.0,0,,-0.37228532437039663
2022-12-27,68828.7008903307,0.0,0,,-0.37228532437039663
2022-12-28,68828.7008903307,0.0,0,,-0.37228532437039663
2022-12-29,68828.7008903307,0.0,0,,-0.37228532437039663
2023-01-02,68828.7008903307,0.0,0,,-0.37228532437039663
2023-01-03,65718.86911071812,-0.045182194918478524,1,43.60714040483747,-0.4006468511978829
2023-01-04,67192.88813514674,0.02242915991060812,0,,-0.38720386358047376
2023-01-05,66982.7088864158,-0.0031279984320394805,1,44.25571128300258,-0.3891206889343539
2023-01-06,68050.71151600961,0.01594445264082789,1,44.814285687037874,-0.3793805526898062
2023-01-09,67749.47933545797,-0.004426583849615917,1,44.814285687037874,-0.382127776712027
2023-01-10,67639.94368456416,-0.0016167747998689919,1,44.814285687037874,-0.383126736952178
2023-01-11,69817.0189367411,0.032186236912461474,1,46.08107212611607,-0.36327190796275766
2023-01-12,66695.1719267236,-0.04471469933206529,1,46.08107212611607,-0.39174301315448257
2023-01-13,65983.17191472651,-0.010675435588941129,1,46.08107212611607,-0.39823642143907534
2023-01-16,67941.17064191944,0.029674213445260778,1,46.08107212611607,-0.38037956056527455
2023-01-17,66229.63365823306,-0.02519145560071301,1,46.08107212611607,-0.39598870135458875
2023-01-18,66982.7088864158,0.01137066878655646,1,46.08107212611607,-0.3891206889343539
2023-01-19,66996.40410727524,0.00020445904752319777,1,46.08107212611607,-0.38899578913226174
2023-01-20,69543.171974712,0.03801350089415001,1,46.490001269749236,-0.3657693800161115
2023-01-23,72829.31984947203,0.04725335042173473,1,49.03642749786377,-0.3357998582818187
2023-01-24,71624.4015736582,-0.016544412034936395,1,49.03642749786377,-0.3467886591000674
2023-01-25,71227.32373987582,-0.005543890420836806,1,49.03642749786377,-0.3504099911956645
2023-01-26,72295.32114627329,0.014994209389332491,1,49.22499983651297,-0.3406699025864339
2023-01-27,75923.78164096695,0.05018942356383316,1,51.51428699493408,-0.3075785050589611
2023-01-30,72569.16810830239,-0.04418396265518043,1,51.51428699493408,-0.3381724305330802
2023-01-31,69725.96287100257,-0.03917924528301897,0,,-0.36410233521228885
2023-02-01,69725.96287100257,0.0,0,,-0.36410233521228885
2023-02-02,69725.96287100257,0.0,0,,-0.36410233521228885
2023-02-03,69725.96287100257,0.0,0,,-0.36410233521228885
2023-02-06,69725.96287100257,0.0,0,,-0.36410233521228885
2023-02-07,69725.96287100257,0.0,0,,-0.36410233521228885
2023-02-08,69725.96287100257,0.0,0,,-0.36410233521228885
2023-02-09,69725.96287100257,0.0,0,,-0.36410233521228885
2023-02-10,69725.96287100257,0.0,0,,-0.36410233521228885
2023-02-13,69725.96287100257,0.0,0,,-0.36410233521228885
2023-02-14,69725.96287100257,0.0,0,,-0.36410233521228885
2023-02-15,69725.96287100257,0.0,0,,-0.36410233521228885
2023-02-16,69725.96287100257,0.0,0,,-0.36410233521228885
2023-02-17,69725.96287100257,0.0,0,,-0.36410233521228885
2023-02-22,69725.96287100257,0.0,0,,-0.36410233521228885
2023-02-23,69725.96287100257,0.0,0,,-0.36410233521228885
2023-02-24,69725.96287100257,0.0,0,,-0.36410233521228885
2023-02-27,69725.96287100257,0.0,0,,-0.36410233521228885
2023-02-28,69725.96287100257,0.0,0,,-0.36410233521228885
2023-03-01,69725.96287100257,0.0,0,,-0.36410233521228885
2023-03-02,69725.96287100257,0.0,0,,-0.36410233521228885
2023-03-03,69725.96287100257,0.0,0,,-0.36410233521228885
2023-03-06,69725.96287100257,0.0,0,,-0.36410233521228885
2023-03-07,69725.96287100257,0.0,0,,-0.36410233521228885
2023-03-08,69725.96287100257,0.0,0,,-0.36410233521228885
2023-03-09,69725.96287100257,0.0,0,,-0.36410233521228885
2023-03-10,69725.96287100257,0.0,0,,-0.36410233521228885
2023-03-13,69725.96287100257,0.0,0,,-0.36410233521228885
2023-03-14,69725.96287100257,0.0,0,,-0.36410233521228885
2023-03-15,69725.96287100257,0.0,0,,-0.36410233521228885
2023-03-16,69725.96287100257,0.0,0,,-0.36410233521228885
2023-03-17,69725.96287100257,0.0,0,,-0.36410233521228885
2023-03-20,69725.96287100257,0.0,0,,-0.36410233521228885
2023-03-21,69725.96287100257,0.0,0,,-0.36410233521228885
2023-03-22,69094.09555819862,-0.009062152558193315,1,47.79249790736607,-0.36986493686199406
2023-03-23,73489.39424470236,0.06361323136217245,1,50.27749879019601,-0.3297800093011789
2023-03-24,72204.61359684842,-0.017482531473533847,1,50.27749879019601,-0.3414971513827626
2023-03-27,70500.59237603862,-0.023599893911546044,1,50.27749879019601,-0.35703774875058025
2023-03-28,67893.27614050834,-0.03698289826592205,0,,-0.38081635627736576
2023-03-29,67893.27614050834,0.0,0,,-0.38081635627736576
2023-03-30,67893.27614050834,0.0,0,,-0.38081635627736576
2023-03-31,67893.27614050834,0.0,0,,-0.38081635627736576
2023-04-03,67893.27614050834,0.0,0,,-0.38081635627736576
2023-04-04,67893.27614050834,0.0,0,,-0.38081635627736576
2023-04-05,67893.27614050834,0.0,0,,-0.38081635627736576
2023-04-06,67893.27614050834,0.0,0,,-0.38081635627736576
2023-04-10,65182.35106174835,-0.0399292129186638,1,49.71000017438616,-0.40553987182332085
2023-04-11,64344.9700622154,-0.012846744339425342,1,49.71000017438616,-0.4131767491099887
2023-04-12,61857.094950986306,-0.03866464012375104,1,49.71000017438616,-0.43586605892190067
2023-04-13,62925.05791660563,0.01726500357744798,1,49.71000017438616,-0.4261262844110274
2023-04-14,62330.39745635316,-0.009450296589962104,1,49.71000017438616,-0.43154956122852683
2023-04-17,62245.44596203137,-0.001362922390817034,1,49.71000017438616,-0.43232431505959823
2023-04-18,62099.810860757556,-0.0023396908644955916,1,49.71000017438616,-0.43365250067364947
2023-04-19,62560.97942243953,0.007426247444070722,1,49.71000017438616,-0.4294466640043213
2023-04-20,61352.304715927676,-0.01931994539839832,0,,-0.4404697233026319
2023-04-24,59893.47664187713,-0.02377788545687376,1,45.42571490151541,-0.4537741701315948
2023-04-25,59504.31893185191,-0.006497497421165344,0,,-0.45732327105253867
2023-04-26,59504.31893185191,0.0,0,,-0.45732327105253867
2023-04-27,59504.31893185191,0.0,0,,-0.45732327105253867
2023-04-28,62572.355493268624,0.051559897104787034,1,49.13499995640346,-0.42934291474684516
2023-05-02,61501.36145687325,-0.01711608949275667,0,,-0.4391103324877138
2023-05-03,61501.36145687325,0.0,0,,-0.4391103324877138
2023-05-04,61501.36145687325,0.0,0,,-0.4391103324877138
2023-05-05,61227.780940739365,-0.004448365201244031,1,47.42785848890032,-0.4416053745664128
2023-05-08,61288.26982232458,0.0009879319592485114,1,47.55821432386126,-0.4410537186700745
2023-05-09,61203.58446510411,-0.0013817547381574924,1,47.55821432386126,-0.44182604534267755
2023-05-10,60187.35556345261,-0.016604074917064948,1,47.55821432386126,-0.4510940075025621
2023-05-11,61607.05127709506,0.023587939698492377,0,,-0.4381464460513914
2023-05-12,61607.05127709506,0.0,0,,-0.4381464460513914
2023-05-15,61607.05127709506,0.0,0,,-0.4381464460513914
2023-05-16,61690.399129546306,0.0013528946885701387,1,48.989999771118164,-0.4373863173625001
2023-05-17,62673.886433259366,0.015942307353982166,1,49.98892838614328,-0.4284169571123373
2023-05-18,65577.51455224167,0.046329153722967975,1,52.22249848502023,-0.401935998452953
2023-05-19,66479.04495283833,0.013747553666104029,1,53.204998697553364,-0.39371408149592
2023-05-22,64172.53651806551,-0.03469527031275954,1,53.204998697553364,-0.41474933532523883
2023-05-23,64032.0351415949,-0.002189431555834842,1,53.204998697553364,-0.41603070159855104
2023-05-24,62199.9304298663,-0.02861231425297106,0,,-0.4327394146785004
2023-05-25,62199.9304298663,0.0,0,,-0.4327394146785004
2023-05-26,62199.9304298663,0.0,0,,-0.4327394146785004
2023-05-29,62199.9304298663,0.0,0,,-0.4327394146785004
2023-05-30,62199.9304298663,0.0,0,,-0.4327394146785004
2023-05-31,62199.9304298663,0.0,0,,-0.4327394146785004
2023-06-01,62199.9304298663,0.0,0,,-0.4327394146785004
2023-06-02,62199.9304298663,0.0,0,,-0.4327394146785004
2023-06-05,62199.9304298663,0.0,0,,-0.4327394146785004
2023-06-06,62199.9304298663,0.0,0,,-0.4327394146785004
2023-06-07,62199.9304298663,0.0,0,,-0.4327394146785004
2023-06-09,62199.9304298663,0.0,0,,-0.4327394146785004
2023-06-12,62199.9304298663,0.0,0,,-0.4327394146785004
2023-06-13,62199.9304298663,0.0,0,,-0.4327394146785004
2023-06-14,62199.9304298663,0.0,0,,-0.4327394146785004
2023-06-15,62199.9304298663,0.0,0,,-0.4327394146785004
2023-06-16,62199.9304298663,0.0,0,,-0.4327394146785004
2023-06-19,62199.9304298663,0.0,0,,-0.4327394146785004
2023-06-20,62199.9304298663,0.0,0,,-0.4327394146785004
2023-06-21,62199.9304298663,0.0,0,,-0.4327394146785004
2023-06-22,62199.9304298663,0.0,0,,-0.4327394146785004
2023-06-23,62199.9304298663,0.0,0,,-0.4327394146785004
2023-06-26,62199.9304298663,0.0,0,,-0.4327394146785004
2023-06-27,62199.9304298663,0.0,0,,-0.4327394146785004
2023-06-28,62199.9304298663,0.0,0,,-0.4327394146785004
2023-06-29,62199.9304298663,0.0,0,,-0.4327394146785004
2023-06-30,62199.9304298663,0.0,0,,-0.4327394146785004
2023-07-03,62199.9304298663,0.0,0,,-0.4327394146785004
2023-07-04,62199.9304298663,0.0,0,,-0.4327394146785004
2023-07-05,62199.9304298663,0.0,0,,-0.4327394146785004
2023-07-06,62199.9304298663,0.0,0,,-0.4327394146785004
2023-07-07,62199.9304298663,0.0,0,,-0.4327394146785004
2023-07-10,62199.9304298663,0.0,0,,-0.4327394146785004
2023-07-11,62199.9304298663,0.0,0,,-0.4327394146785004
2023-07-12,62199.9304298663,0.0,0,,-0.4327394146785004
2023-07-13,62199.9304298663,0.0,0,,-0.4327394146785004
2023-07-14,62199.9304298663,0.0,0,,-0.4327394146785004
2023-07-17,62199.9304298663,0.0,0,,-0.4327394146785004
2023-07-18,62199.9304298663,0.0,0,,-0.4327394146785004
2023-07-19,62199.9304298663,0.0,0,,-0.4327394146785004
2023-07-20,62199.9304298663,0.0,0,,-0.4327394146785004
2023-07-21,62199.9304298663,0.0,0,,-0.4327394146785004
2023-07-24,61653.69599969273,-0.008781913844573719,1,48.86143044063023,-0.4377210482662163
2023-07-25,61668.36144065941,0.00023786799361968924,0,,-0.4375873001001128
2023-07-26,61668.36144065941,0.0,0,,-0.4375873001001128
2023-07-27,61668.36144065941,0.0,0,,-0.4375873001001128
2023-07-28,61740.99375834973,0.001177788998986351,1,52.974644252232146,-0.43692489660928047
2023-07-31,61729.99176620963,-0.0001781959030845437,1,53.05749865940639,-0.4370252342858336
2023-08-01,62158.97714700134,0.006949383411817278,1,53.33142702920096,-0.433112906787708
2023-08-02,59992.05045479315,-0.034861041665527503,1,53.33142702920096,-0.4528751813638314
2023-08-03,62070.98219003331,0.034653453573932014,1,53.33142702920096,-0.433915416862077
2023-08-04,62257.974096109465,0.003012549495409411,1,53.33142702920096,-0.4322100590367858
2023-08-07,62081.979986142855,-0.0028268525039848447,1,53.33142702920096,-0.43381511745313506
2023-08-08,60619.029733801115,-0.02356481305313196,1,53.33142702920096,-0.4471571583638614
2023-08-09,60454.03341994405,-0.002721856726866534,1,53.33142702920096,-0.4486619173712687
2023-08-10,58574.668409304904,-0.031087504080730688,0,,-0.46580164226485166
2023-08-11,58574.668409304904,0.0,0,,-0.46580164226485166
2023-08-14,58574.668409304904,0.0,0,,-0.46580164226485166
2023-08-15,58574.668409304904,0.0,0,,-0.46580164226485166
2023-08-16,58574.668409304904,0.0,0,,-0.46580164226485166
2023-08-17,58574.668409304904,0.0,0,,-0.46580164226485166
2023-08-18,58574.668409304904,0.0,0,,-0.46580164226485166
2023-08-21,58574.668409304904,0.0,0,,-0.46580164226485166
2023-08-22,58574.668409304904,0.0,0,,-0.46580164226485166
2023-08-23,58574.668409304904,0.0,0,,-0.46580164226485166
2023-08-24,58574.668409304904,0.0,0,,-0.46580164226485166
2023-08-25,58574.668409304904,0.0,0,,-0.46580164226485166
2023-08-28,58574.668409304904,0.0,0,,-0.46580164226485166
2023-08-29,58574.668409304904,0.0,0,,-0.46580164226485166
2023-08-30,58574.668409304904,0.0,0,,-0.46580164226485166
2023-08-31,60575.75721666936,0.03416304115255686,1,53.789285387311665,-0.4475518017859176
2023-09-01,59949.11304600158,-0.010344801277949789,1,53.789285387311665,-0.4532667686128037
2023-09-04,59949.11304600158,0.0,1,53.789285387311665,-0.4532667686128037
2023-09-05,61285.95606828296,0.02229962970854249,1,54.92642879486084,-0.4410748200035144
2023-09-06,60993.52265318553,-0.004771621980925178,1,54.92642879486084,-0.44374179967807814
2023-09-08,60742.862594454535,-0.004109617674589283,1,54.92642879486084,-0.4460278082097563
2023-09-11,60043.110070012386,-0.011519913526532255,1,54.92642879486084,-0.45240951995528345
2023-09-12,60899.525629174714,0.01426334442309396,1,54.92642879486084,-0.4445990483355984
2023-09-13,60419.09418194918,-0.007888919367795233,1,54.92642879486084,-0.4489805616600755
2023-09-14,61191.95904427215,0.012791732030863034,1,55.095355306352886,-0.4419320686610345
2023-09-15,59406.01957217314,-0.029185852193535533,1,55.095355306352886,-0.4582197568190457
2023-09-18,59343.35356146377,-0.0010548764445198477,1,55.095355306352886,-0.4587912680356835
2023-09-19,59823.78102458284,0.008095724867005938,1,55.095355306352886,-0.45440979104607926
2023-09-20,59479.1279259475,-0.00576113867650252,1,55.095355306352886,-0.45755301190040476
2023-09-21,58466.04933206499,-0.017032505842113355,1,55.095355306352886,-0.46679224339424796
2023-09-22,59573.124949958314,0.018935358734529117,1,55.095355306352886,-0.4566957632428845
2023-09-25,59103.13982990424,-0.007889213809899376,1,55.095355306352886,-0.4609820065304856
2023-09-26,58779.371417398885,-0.005478023899189499,1,55.095355306352886,-0.4639347599808048
2023-09-27,59750.67267080848,0.016524526036732823,1,55.095355306352886,-0.4550765359647202
2023-09-28,57455.80521557867,-0.038407391124668955,0,,-0.47600562458093265
2023-09-29,57455.80521557867,0.0,0,,-0.47600562458093265
2023-10-02,57455.80521557867,0.0,0,,-0.47600562458093265
2023-10-03,57455.80521557867,0.0,0,,-0.47600562458093265
2023-10-04,57616.05726598081,0.002789135924574637,1,55.22106892721994,-0.4745441330441763
2023-10-05,57854.27210685919,0.004134521732000573,0,,-0.47237162434304025
2023-10-06,54879.23964205315,-0.05142286570144783,1,56.88392639160156,-0.49950378744472124
2023-10-09,54796.920782590074,-0.0014999999999999458,0,,-0.5002545317635541
2023-10-10,53891.57903826448,-0.016521763109967336,1,55.13571384974888,-0.5085112080050364
2023-10-11,53921.57992892471,0.0005566897685245209,0,,-0.5082376012231883
2023-10-13,53440.64823853573,-0.008919094934215721,1,55.33214092254639,-0.5126236767429563
2023-10-16,52913.155541861386,-0.009870626836707697,1,55.33214092254639,-0.5174343865588731
2023-10-17,52503.891873272965,-0.007734629779632796,1,55.33214092254639,-0.5211668529232216
2023-10-18,52885.8724537439,0.007275281257109523,1,55.33214092254639,-0.5176832071030111
2023-10-19,51749.030857312304,-0.021496130132407698,1,55.33214092254639,-0.5280511516481703
2023-10-20,51517.0269682335,-0.004483250898331015,0,,-0.53016701674651
2023-10-23,51642.45996100178,0.002434787101468938,1,52.80499907902309,-0.5290230734590398
2023-10-24,52098.298599415975,0.008826818837801786,0,,-0.5248658454516779
2023-10-25,50914.6294699311,-0.02271991910112292,1,53.39749676840646,-0.5356608550051963
2023-10-26,51390.249415003665,0.009341518342060429,0,,-0.5313232223652907
2023-10-27,51390.249415003665,0.0,0,,-0.5313232223652907
2023-10-30,51390.249415003665,0.0,0,,-0.5313232223652907
2023-10-31,51390.249415003665,0.0,0,,-0.5313232223652907
2023-11-01,51390.249415003665,0.0,0,,-0.5313232223652907
2023-11-03,51390.249415003665,0.0,0,,-0.5313232223652907
2023-11-06,51443.404166580534,0.0010343353492530127,1,55.83035632542202,-0.5308384534068091
2023-11-07,50881.16370049911,-0.010929301339794972,0,,-0.5359660613265704
2023-11-08,50822.1670107854,-0.0011594996148472925,1,55.66000120980399,-0.5365041084997383
2023-11-09,50952.146347710215,0.0025575323637268,0,,-0.535318702756772
2023-11-10,51957.22775642863,0.019725987632777775,1,58.247857093811035,-0.5261524052341688
2023-11-13,51169.23609622594,-0.015166160594570766,1,58.247857093811035,-0.5333388539537386
2023-11-14,52435.052928803714,0.024737848933240825,1,58.514285223824636,-0.5217946610198332
2023-11-16,52342.84049241143,-0.0017586029047684804,1,58.7274991444179,-0.5226356343180394
2023-11-17,53063.77059748919,0.013773232371335986,1,59.89107131958008,-0.5160607839837064
2023-11-20,53306.87553019186,0.0045813731283199655,1,60.2364296231951,-0.5138436778637092
2023-11-21,52384.757561915874,-0.017298293308406598,1,60.2364296231951,-0.522253352517759
2023-11-22,52761.98560486841,0.0072011031549907845,1,60.2364296231951,-0.5188130496272884
2023-11-23,50419.866721637074,-0.04439027182887567,0,,-0.5401730691548408
2023-11-24,50419.866721637074,0.0,0,,-0.5401730691548408
2023-11-27,50419.866721637074,0.0,0,,-0.5401730691548408
2023-11-28,50419.866721637074,0.0,0,,-0.5401730691548408
2023-11-29,50419.866721637074,0.0,0,,-0.5401730691548408
2023-11-30,50419.866721637074,0.0,0,,-0.5401730691548408
2023-12-01,50419.866721637074,0.0,0,,-0.5401730691548408
2023-12-04,50419.866721637074,0.0,0,,-0.5401730691548408
2023-12-05,50419.866721637074,0.0,0,,-0.5401730691548408
2023-12-06,50419.866721637074,0.0,0,,-0.5401730691548408
2023-12-07,50419.866721637074,0.0,0,,-0.5401730691548408
2023-12-08,50419.866721637074,0.0,0,,-0.5401730691548408
2023-12-11,50419.866721637074,0.0,0,,-0.5401730691548408
2023-12-12,50419.866721637074,0.0,0,,-0.5401730691548408
2023-12-13,50419.866721637074,0.0,0,,-0.5401730691548408
2023-12-14,50419.866721637074,0.0,0,,-0.5401730691548408
2023-12-15,50419.866721637074,0.0,0,,-0.5401730691548408
2023-12-18,50419.866721637074,0.0,0,,-0.5401730691548408
2023-12-19,50419.866721637074,0.0,0,,-0.5401730691548408
2023-12-20,50419.866721637074,0.0,0,,-0.5401730691548408
2023-12-21,50419.866721637074,0.0,0,,-0.5401730691548408
2023-12-22,50419.866721637074,0.0,0,,-0.5401730691548408
2023-12-26,50419.866721637074,0.0,0,,-0.5401730691548408
2023-12-27,50419.866721637074,0.0,0,,-0.5401730691548408
2023-12-28,50419.866721637074,0.0,0,,-0.5401730691548408
2024-01-02,50419.866721637074,0.0,0,,-0.5401730691548408
2024-01-03,50419.866721637074,0.0,0,,-0.5401730691548408
2024-01-04,50419.866721637074,0.0,0,,-0.5401730691548408
2024-01-05,50419.866721637074,0.0,0,,-0.5401730691548408
2024-01-08,50419.866721637074,0.0,0,,-0.5401730691548408
2024-01-09,50419.866721637074,0.0,0,,-0.5401730691548408
2024-01-10,50419.866721637074,0.0,0,,-0.5401730691548408
2024-01-11,50419.866721637074,0.0,0,,-0.5401730691548408
2024-01-12,50419.866721637074,0.0,0,,-0.5401730691548408
2024-01-15,50419.866721637074,0.0,0,,-0.5401730691548408
2024-01-16,50419.866721637074,0.0,0,,-0.5401730691548408
2024-01-17,50419.866721637074,0.0,0,,-0.5401730691548408
2024-01-18,50419.866721637074,0.0,0,,-0.5401730691548408
2024-01-19,50419.866721637074,0.0,0,,-0.5401730691548408
2024-01-22,50419.866721637074,0.0,0,,-0.5401730691548408
2024-01-23,50419.866721637074,0.0,0,,-0.5401730691548408
2024-01-24,50419.866721637074,0.0,0,,-0.5401730691548408
2024-01-25,50419.866721637074,0.0,0,,-0.5401730691548408
2024-01-26,50419.866721637074,0.0,0,,-0.5401730691548408
2024-01-29,50419.866721637074,0.0,0,,-0.5401730691548408
2024-01-30,50419.866721637074,0.0,0,,-0.5401730691548408
2024-01-31,50419.866721637074,0.0,0,,-0.5401730691548408
2024-02-01,50419.866721637074,0.0,0,,-0.5401730691548408
2024-02-02,50419.866721637074,0.0,0,,-0.5401730691548408
2024-02-05,50419.866721637074,0.0,0,,-0.5401730691548408
2024-02-06,50419.866721637074,0.0,0,,-0.5401730691548408
2024-02-07,50419.866721637074,0.0,0,,-0.5401730691548408
2024-02-08,50419.866721637074,0.0,0,,-0.5401730691548408
2024-02-09,50419.866721637074,0.0,0,,-0.5401730691548408
2024-02-14,50419.866721637074,0.0,0,,-0.5401730691548408
2024-02-15,50419.866721637074,0.0,0,,-0.5401730691548408
2024-02-16,50419.866721637074,0.0,0,,-0.5401730691548408
2024-02-19,50419.866721637074,0.0,0,,-0.5401730691548408
2024-02-20,50419.866721637074,0.0,0,,-0.5401730691548408
2024-02-21,50419.866721637074,0.0,0,,-0.5401730691548408
2024-02-22,50419.866721637074,0.0,0,,-0.5401730691548408
2024-02-23,50419.866721637074,0.0,0,,-0.5401730691548408
2024-02-26,50419.866721637074,0.0,0,,-0.5401730691548408
2024-02-27,50041.745265360216,-0.0074994537047158305,1,71.09607287815639,-0.5436215199348955
2024-02-28,48745.80337428141,-0.025897216098413778,1,71.09607287815639,-0.5554404520558072
2024-02-29,49028.673964815905,0.005802973198791195,1,71.09607287815639,-0.5528606849138203
2024-03-01,51732.389022115705,0.05514558805404457,1,72.44357000078473,-0.5282029244413102
2024-03-04,52212.61305494181,0.009282850490836658,1,72.83785956246513,-0.5238233027268848
2024-03-05,51311.373029539696,-0.017260963829827114,1,72.83785956246513,-0.5320425714751227
2024-03-06,51666.60621432068,0.006923088660607091,1,72.83785956246513,-0.5288028607080553
2024-03-07,53205.94499613174,0.02979368870147292,1,74.06570952279228,-0.5147641598229665
2024-03-08,53469.081246218375,0.004945617451316275,1,74.56928144182477,-0.5123643689837829
2024-03-11,51436.36387758482,-0.0380166877989383,1,74.56928144182477,-0.5309026605277647
2024-03-12,53173.056101687485,0.03376389956793746,1,74.56928144182477,-0.5150641050702375
2024-03-13,50989.033758109494,-0.041073854009844646,1,74.56928144182477,-0.5349822912227159
2024-03-14,49679.93229412777,-0.02567417672968786,1,74.56928144182477,-0.5469212380602984
2024-03-15,50956.13984475872,0.025688592791858422,1,74.56928144182477,-0.5352822822421901
2024-03-18,52067.88786644884,0.021817744143828977,1,74.56928144182477,-0.525143189977046
2024-03-19,51758.703149015026,-0.0059381075381211845,1,74.56928144182477,-0.5279629407801715
2024-03-20,52206.03326849035,0.008642606793826335,1,74.56928144182477,-0.5238833100852204
2024-03-21,59994.83415005304,0.14919350109412965,1,82.27499498639789,-0.4528497941874863
2024-03-22,60317.17844038977,0.005372867429394246,1,82.64893014090401,-0.4499100286676898
2024-03-25,64402.35253701126,0.0677282028478634,1,87.70357322692871,-0.4126534235047198
2024-03-26,65125.97346056962,0.011235939294958364,1,88.38214302062988,-0.4060540330261172
2024-03-27,64665.4887870979,-0.007070676244870566,1,88.38214302062988,-0.41025363266553616
2024-03-28,64764.16048933718,0.00152587885887856,1,88.43928446088519,-0.40935375115152006
2024-04-01,68823.02547796587,0.06267146764446907,1,93.76821763174874,-0.37233708387748554
2024-04-02,68737.50331081646,-0.0012426388778387087,1,93.76821763174874,-0.373117042219237
2024-04-03,70388.67838667626,0.024021458393586492,1,95.9428574698312,-0.35805839933125805
2024-04-04,69073.0021551496,-0.01869158878504662,1,95.9428574698312,-0.3700573077549728
2024-04-05,69757.15439781224,0.009904770624069803,1,95.9428574698312,-0.36381786988197684
2024-04-08,67842.84307186582,-0.02744250883614674,1,95.9428574698312,-0.38127630360913933
2024-04-09,69724.26048446147,0.027731995408899257,1,95.9428574698312,-0.3641178609014508
2024-04-10,69717.68571691653,-9.429669815430586e-05,1,95.9428574698312,-0.3641778224875831
2024-04-11,72289.83013971975,0.03689371493550753,1,98.02750342232841,-0.34071998032076645
2024-04-12,70382.0986002248,-0.026390040422113903,1,98.02750342232841,-0.3581184066895935
2024-04-15,68809.86590506296,-0.022338531053076705,1,98.02750342232841,-0.3724570985941563
2024-04-16,70651.8146367629,0.02676867201341837,1,98.02750342232841,-0.3556586084920744
2024-04-17,68257.28429689689,-0.033891986386716755,1,98.02750342232841,-0.3774966181614592
2024-04-18,65389.10971065625,-0.042020051277824266,1,98.02750342232841,-0.4036542421869337
2024-04-19,64389.49880211136,-0.015287116049876204,0,,-0.4127706489924734
2024-04-22,64389.49880211136,0.0,0,,-0.4127706489924734
2024-04-23,64389.49880211136,0.0,0,,-0.4127706489924734
2024-04-24,64389.49880211136,0.0,0,,-0.4127706489924734
2024-04-25,64389.49880211136,0.0,0,,-0.4127706489924734
2024-04-26,65517.05291879143,0.017511459751307967,1,82.23643248421806,-0.4024874058475184
2024-04-29,64532.537125270115,-0.015026863231189957,1,82.23643248421806,-0.4114661458787613
2024-04-30,63764.87725454508,-0.011895702616416037,0,,-0.41846716958708063
2024-05-02,63764.87725454508,0.0,0,,-0.41846716958708063
2024-05-03,63764.87725454508,0.0,0,,-0.41846716958708063
2024-05-06,63764.87725454508,0.0,0,,-0.41846716958708063
2024-05-07,63764.87725454508,0.0,0,,-0.41846716958708063
2024-05-08,63764.87725454508,0.0,0,,-0.41846716958708063
2024-05-09,63764.87725454508,0.0,0,,-0.41846716958708063
2024-05-10,63764.87725454508,0.0,0,,-0.41846716958708063
2024-05-13,63764.87725454508,0.0,0,,-0.41846716958708063
2024-05-14,63764.87725454508,0.0,0,,-0.41846716958708063
2024-05-15,65091.387586277175,0.02080315039950209,1,101.26964596339634,-0.4063694546537525
2024-05-16,65252.03160726169,0.0024679765932411613,1,102.20749936785016,-0.40490438836280496
2024-05-17,63419.475938565476,-0.02808426992321078,1,102.20749936785016,-0.4216172141501422
2024-05-20,65894.61676995421,0.03902808710980854,1,102.8249991280692,-0.39904404040118024
2024-05-21,64639.19752297015,-0.019051924246966667,1,102.8249991280692,-0.41049340781922006
2024-05-22,64383.35368260426,-0.003958029340865088,1,102.8249991280692,-0.41282669220770496
2024-05-23,64347.65602002487,-0.0005544548479933242,1,102.8249991280692,-0.41315225329482264
2024-05-24,66489.60202295607,0.03328708666970903,1,102.86785752432687,-0.3936178014883239
2024-05-27,68423.30409521205,0.029082774049216775,1,105.00535828726632,-0.3759825250215415
2024-05-28,67935.41636932563,-0.007130432128906294,1,105.00535828726632,-0.38043203927412683
2024-05-29,67935.41636932563,0.0,1,105.00535828726632,-0.38043203927412683
2024-05-31,64591.59761327946,-0.049220552912603854,1,105.00535828726632,-0.4109275168679888
2024-06-03,66192.10939645514,0.024778947143531127,1,105.00535828726632,-0.3963309209447521
2024-06-04,66263.50926099117,0.0010786763737711258,1,105.00535828726632,-0.395679757371599
2024-06-05,70446.25486329377,0.06312291107052714,1,106.12857273646763,-0.3575333044380471
2024-06-06,68423.30409521205,-0.028716228733626892,1,106.12857273646763,-0.3759825250215415
2024-06-07,70844.89389335447,0.035391301694123634,1,106.12857273646763,-0.35389773430217364
2024-06-10,71755.22060414693,0.012849574059110136,1,107.3910710471017,-0.3455955953893305
2024-06-11,71695.72298672219,-0.000829174754447104,1,107.3910710471017,-0.34613821100083264
2024-06-12,74486.20527590156,0.038921182086359085,1,111.05428886413574,-0.3206891372518835
2024-06-13,77348.08289023972,0.03842157891837261,1,116.12500054495675,-0.29458894132869906
2024-06-14,75057.39057405807,-0.02961537287785454,1,116.12500054495675,-0.3154799528634117
2024-06-17,79436.47785992458,0.05834318582586118,1,120.09749576023647,-0.27554287255179455
2024-06-18,85082.89117926368,0.07108086198504138,1,128.55000032697404,-0.22404783546156903
2024-06-19,85148.33992024406,0.0007692350374235435,1,128.55000032697404,-0.2234509458692414
2024-06-20,78389.30708299293,-0.07937950221439571,1,128.55000032697404,-0.2850930232312008
2024-06-21,76370.62643622987,-0.02575198993181349,0,,-0.3035033004991341
2024-06-24,76370.62643622987,0.0,0,,-0.3035033004991341
2024-06-25,76370.62643622987,0.0,0,,-0.3035033004991341
2024-06-26,76370.62643622987,0.0,0,,-0.3035033004991341
2024-06-27,76370.62643622987,0.0,0,,-0.3035033004991341
2024-06-28,76370.62643622987,0.0,0,,-0.3035033004991341
2024-07-01,76370.62643622987,0.0,0,,-0.3035033004991341
2024-07-02,76370.62643622987,0.0,0,,-0.3035033004991341
2024-07-03,76370.62643622987,0.0,0,,-0.3035033004991341
2024-07-04,76370.62643622987,0.0,0,,-0.3035033004991341
2024-07-05,76370.62643622987,0.0,0,,-0.3035033004991341
2024-07-08,76370.62643622987,0.0,0,,-0.3035033004991341
2024-07-09,76370.62643622987,0.0,0,,-0.3035033004991341
2024-07-10,76370.62643622987,0.0,0,,-0.3035033004991341
2024-07-11,76370.62643622987,0.0,0,,-0.3035033004991341
2024-07-12,76370.62643622987,0.0,0,,-0.3035033004991341
2024-07-15,76370.62643622987,0.0,0,,-0.3035033004991341
2024-07-16,76370.62643622987,0.0,0,,-0.3035033004991341
2024-07-17,76370.62643622987,0.0,0,,-0.3035033004991341
2024-07-18,76370.62643622987,0.0,0,,-0.3035033004991341
2024-07-19,76370.62643622987,0.0,0,,-0.3035033004991341
2024-07-22,76370.62643622987,0.0,0,,-0.3035033004991341
2024-07-23,76370.62643622987,0.0,0,,-0.3035033004991341
2024-07-24,76370.62643622987,0.0,0,,-0.3035033004991341
2024-07-25,76370.62643622987,0.0,0,,-0.3035033004991341
2024-07-26,76370.62643622987,0.0,0,,-0.3035033004991341
2024-07-29,76370.62643622987,0.0,0,,-0.3035033004991341
2024-07-30,76370.62643622987,0.0,0,,-0.3035033004991341
2024-07-31,76370.62643622987,0.0,0,,-0.3035033004991341
2024-08-01,76370.62643622987,0.0,0,,-0.3035033004991341
2024-08-02,76370.62643622987,0.0,0,,-0.3035033004991341
2024-08-05,76370.62643622987,0.0,0,,-0.3035033004991341
2024-08-06,76370.62643622987,0.0,0,,-0.3035033004991341
2024-08-07,76370.62643622987,0.0,0,,-0.3035033004991341
2024-08-08,76370.62643622987,0.0,0,,-0.3035033004991341
2024-08-09,76370.62643622987,0.0,0,,-0.3035033004991341
2024-08-12,76370.62643622987,0.0,0,,-0.3035033004991341
2024-08-13,76370.62643622987,0.0,0,,-0.3035033004991341
2024-08-14,76370.62643622987,0.0,0,,-0.3035033004991341
2024-08-15,76370.62643622987,0.0,0,,-0.3035033004991341
2024-08-16,76370.62643622987,0.0,0,,-0.3035033004991341
2024-08-19,76370.62643622987,0.0,0,,-0.3035033004991341
2024-08-20,76370.62643622987,0.0,0,,-0.3035033004991341
2024-08-21,76370.62643622987,0.0,0,,-0.3035033004991341
2024-08-22,76370.62643622987,0.0,0,,-0.3035033004991341
2024-08-23,76370.62643622987,0.0,0,,-0.3035033004991341
2024-08-26,76370.62643622987,0.0,0,,-0.3035033004991341
2024-08-27,76370.62643622987,0.0,0,,-0.3035033004991341
2024-08-28,76370.62643622987,0.0,0,,-0.3035033004991341
2024-08-29,76370.62643622987,0.0,0,,-0.3035033004991341
2024-08-30,76370.62643622987,0.0,0,,-0.3035033004991341
2024-09-02,75429.65906027028,-0.012321063998935622,1,80.86536134992328,-0.31208488090873165
2024-09-03,70309.92288768706,-0.06787431146271539,1,80.86536134992328,-0.35877664596184344
2024-09-04,70911.88947162128,0.008561616329686439,0,,-0.35328673762293394
2024-09-05,71572.00929647527,0.009309014747352906,1,75.7578569139753,-0.3472664743261571
2024-09-06,70144.5020470389,-0.019945049237379275,0,,-0.3602852766346101
2024-09-09,70144.5020470389,0.0,0,,-0.3602852766346101
2024-09-10,70144.5020470389,0.0,0,,-0.3602852766346101
2024-09-11,70144.5020470389,0.0,0,,-0.3602852766346101
2024-09-12,70144.5020470389,0.0,0,,-0.3602852766346101
2024-09-13,70144.5020470389,0.0,0,,-0.3602852766346101
2024-09-16,70144.5020470389,0.0,0,,-0.3602852766346101
2024-09-17,70144.5020470389,0.0,0,,-0.3602852766346101
2024-09-18,70144.5020470389,0.0,0,,-0.3602852766346101
2024-09-19,70144.5020470389,0.0,0,,-0.3602852766346101
2024-09-20,70144.5020470389,0.0,0,,-0.3602852766346101
2024-09-23,70144.5020470389,0.0,0,,-0.3602852766346101
2024-09-24,70144.5020470389,0.0,0,,-0.3602852766346101
2024-09-25,70144.5020470389,0.0,0,,-0.3602852766346101
2024-09-26,70144.5020470389,0.0,0,,-0.3602852766346101
2024-09-27,68572.53525521385,-0.02241040631767388,1,88.99535860334124,-0.3746215435126269
2024-09-30,66031.77527004674,-0.03705215179387622,1,88.99535860334124,-0.397793161011017
2024-10-01,63926.17023226334,-0.031887754481417674,1,88.99535860334124,-0.41699618483972833
2024-10-02,64010.39100668315,0.0013174694200170922,1,88.99535860334124,-0.4162280951415014
2024-10-03,65547.4843978108,0.024013185468077625,1,88.99535860334124,-0.4022098721190813
2024-10-04,64564.867642545774,-0.014990914819880463,1,88.99535860334124,-0.4111712930063096
2024-10-07,66284.4483029672,0.026633380090572478,1,88.99535860334124,-0.3954887942447064
2024-10-08,66586.25190590938,0.00455315855632854,1,88.99535860334124,-0.39273635887582514
2024-10-09,66424.81983022054,-0.0024244055051626523,1,88.99535860334124,-0.39420861219045167
2024-10-10,68790.11808373622,0.035608651398096214,1,88.99535860334124,-0.37263719784197247
2024-10-11,69941.18174267137,0.01673297983780153,1,89.21250207083565,-0.36213954872247556
2024-10-14,70916.77831512457,0.013948814534513243,1,90.73643003191266,-0.3532421515887044
2024-10-15,69056.82612744979,-0.02622725160201056,1,90.73643003191266,-0.3702048324045625
2024-10-16,72116.97254408145,0.04431345296674816,1,93.66250147138324,-0.3422964338666368
2024-10-17,74201.5223882599,0.0289051213693734,1,96.40928840637207,-0.3232854324624822
2024-10-18,74440.1550555567,0.003216007699251122,1,97.11714145115444,-0.3211091132030861
2024-10-21,73675.12112881405,-0.010277167291923073,1,97.11714145115444,-0.32808618841966
2024-10-22,72285.41944775157,-0.018862563912622754,1,97.11714145115444,-0.34076020563436804
2024-10-23,70186.83459278,-0.029031924709082557,1,97.11714145115444,-0.3598992057096222
2024-10-24,70720.25603503767,0.007600021362304643,1,97.11714145115444,-0.35503442599898705
2024-10-25,71903.67368439432,0.01673378626868005,0,,-0.34424170993299763
2024-10-28,71431.81984689551,-0.006562305002243862,1,93.61821256365094,-0.3485449958401672
2024-10-29,74086.00281373392,0.037156871720856355,1,96.19892965044293,-0.3243389658186904
2024-10-30,71081.66386725387,-0.04055204535779222,1,96.19892965044293,-0.3517384027233036
2024-10-31,67268.20701310031,-0.053648953143179745,0,,-0.38651695878012393
2024-11-01,67268.20701310031,0.0,0,,-0.38651695878012393
2024-11-04,67268.20701310031,0.0,0,,-0.38651695878012393
2024-11-05,67268.20701310031,0.0,0,,-0.38651695878012393
2024-11-06,67268.20701310031,0.0,0,,-0.38651695878012393
2024-11-07,67268.20701310031,0.0,0,,-0.38651695878012393
2024-11-08,67268.20701310031,0.0,0,,-0.38651695878012393
2024-11-11,67268.20701310031,0.0,0,,-0.38651695878012393
2024-11-12,67268.20701310031,0.0,0,,-0.38651695878012393
2024-11-13,67268.20701310031,0.0,0,,-0.38651695878012393
2024-11-14,67268.20701310031,0.0,0,,-0.38651695878012393
2024-11-18,67268.20701310031,0.0,0,,-0.38651695878012393
2024-11-19,67268.20701310031,0.0,0,,-0.38651695878012393
2024-11-21,67268.20701310031,0.0,0,,-0.38651695878012393
2024-11-22,67268.20701310031,0.0,0,,-0.38651695878012393
2024-11-25,67268.20701310031,0.0,0,,-0.38651695878012393
2024-11-26,64780.19032509051,-0.036986517085631054,1,91.14857237679618,-0.4092075597659478
2024-11-27,65330.1165827618,0.008489111484723422,0,,-0.4041922568764691
2024-11-28,65330.1165827618,0.0,0,,-0.4041922568764691
2024-11-29,65330.1165827618,0.0,0,,-0.4041922568764691
2024-12-02,65330.1165827618,0.0,0,,-0.4041922568764691
2024-12-03,65615.03096687286,0.0043611491761248455,1,90.79356901986259,-0.4015938504284171
2024-12-04,67684.55944463053,0.03154046332466898,1,94.44249997820172,-0.3827198432145982
2024-12-05,65264.702936338064,-0.03575197250522166,1,94.44249997820172,-0.40478882640800873
2024-12-06,65736.8566596992,0.007234442234751226,0,,-0.400482805555179
2024-12-09,65736.8566596992,0.0,0,,-0.400482805555179
2024-12-10,65736.8566596992,0.0,0,,-0.400482805555179
2024-12-11,65736.8566596992,0.0,0,,-0.400482805555179
2024-12-12,65736.8566596992,0.0,0,,-0.400482805555179
2024-12-13,65736.8566596992,0.0,0,,-0.400482805555179
2024-12-16,68059.5913318993,0.03533382626163917,1,98.62785802568708,-0.3792995691658003
2024-12-17,69044.16505012727,0.014466347783762101,1,100.17856843130929,-0.37032030086382184
2024-12-18,65019.16888128576,-0.058295964125560595,1,100.17856843130929,-0.4070280860152583
2024-12-19,59554.78435536157,-0.08404266956874296,0,,-0.45686302864582307
2024-12-20,59554.78435536157,0.0,0,,-0.45686302864582307
2024-12-23,59554.78435536157,0.0,0,,-0.45686302864582307
2024-12-26,59554.78435536157,0.0,0,,-0.45686302864582307
2024-12-27,59554.78435536157,0.0,0,,-0.45686302864582307
2024-12-30,59554.78435536157,0.0,0,,-0.45686302864582307
2025-01-02,59554.78435536157,0.0,0,,-0.45686302864582307
2025-01-03,59554.78435536157,0.0,0,,-0.45686302864582307
2025-01-06,59554.78435536157,0.0,0,,-0.45686302864582307
2025-01-07,61035.40270052986,0.024861450867381008,1,86.32321112496513,-0.443359855518243
2025-01-08,61458.54140831214,0.0069326765952280045,0,,-0.4395008494166299
2025-01-09,58289.55595410225,-0.051562978580244834,1,89.05892944335938,-0.46840185511240573
2025-01-10,57772.226102921275,-0.008875172279375843,0,,-0.4731198802316797
2025-01-13,57772.226102921275,0.0,0,,-0.4731198802316797
2025-01-14,57772.226102921275,0.0,0,,-0.4731198802316797
2025-01-15,57772.226102921275,0.0,0,,-0.4731198802316797
2025-01-16,57580.349389789735,-0.0033212622409548587,1,90.21499988010952,-0.474869787278976
2025-01-17,59149.4634639366,0.027250860593511783,1,92.78178296770368,-0.46055953705867425
2025-01-20,59985.29238228778,0.014130794590567763,0,,-0.4529368146830096
2025-01-21,59985.29238228778,0.0,0,,-0.4529368146830096
2025-01-22,57894.46198447692,-0.03485571737295112,1,98.7124993460519,-0.47200509445556493
2025-01-23,55405.30082037584,-0.042994806044980405,1,98.7124993460519,-0.4947061330121857
2025-01-24,55528.68778136753,0.002226988377731276,1,98.7124993460519,-0.4935808494430649
2025-01-27,51315.51421703197,-0.07587381824911921,0,,-0.5320048040302952
2025-01-28,51315.51421703197,0.0,0,,-0.5320048040302952
2025-01-29,51315.51421703197,0.0,0,,-0.5320048040302952
2025-01-30,54070.56878320127,0.05368853081189395,1,80.72285543169293,-0.5068788295316573
2025-01-31,51554.59141497109,-0.04653136493381682,1,80.72285543169293,-0.5298244306713106
2025-02-03,51477.25952784863,-0.0014999999999999458,0,,-0.5305296940253036
2025-02-04,51477.25952784863,0.0,0,,-0.5305296940253036
2025-02-05,51477.25952784863,0.0,0,,-0.5305296940253036
2025-02-06,51477.25952784863,0.0,0,,-0.5305296940253036
2025-02-07,51477.25952784863,0.0,0,,-0.5305296940253036
2025-02-10,51477.25952784863,0.0,0,,-0.5305296940253036
2025-02-11,51477.25952784863,0.0,0,,-0.5305296940253036
2025-02-12,51477.25952784863,0.0,0,,-0.5305296940253036
2025-02-13,51477.25952784863,0.0,0,,-0.5305296940253036
2025-02-14,51477.25952784863,0.0,0,,-0.5305296940253036
2025-02-17,51477.25952784863,0.0,0,,-0.5305296940253036
2025-02-18,51477.25952784863,0.0,0,,-0.5305296940253036
2025-02-19,51477.25952784863,0.0,0,,-0.5305296940253036
2025-02-20,51477.25952784863,0.0,0,,-0.5305296940253036
2025-02-21,51477.25952784863,0.0,0,,-0.5305296940253036
2025-02-24,51477.25952784863,0.0,0,,-0.5305296940253036
2025-02-25,49310.721919447155,-0.04208727559067915,1,82.06607164655414,-0.5502884201745011
2025-02-26,51545.598908331645,0.04532233359988802,0,,-0.5299064419299172
2025-02-27,48122.60310417733,-0.06640714002065917,1,85.02392714364188,-0.561124010663487
2025-02-28,47648.883663034816,-0.009844011142061349,0,,-0.5654443107924989
2025-03-05,48562.21480539136,0.01916794418134704,1,78.30178369794574,-0.5571147715980826
2025-03-06,47613.609241215934,-0.019533820028120208,0,,-0.5657660119427987
2025-03-07,47613.609241215934,0.0,0,,-0.5657660119427987
2025-03-10,47613.609241215934,0.0,0,,-0.5657660119427987
2025-03-11,47613.609241215934,0.0,0,,-0.5657660119427987
2025-03-12,47613.609241215934,0.0,0,,-0.5657660119427987
2025-03-13,47613.609241215934,0.0,0,,-0.5657660119427987
2025-03-14,48692.960589188,0.02266896723800005,1,83.76535224914551,-0.5559223758939038
2025-03-17,49640.867859177786,0.019467028878918935,1,86.10499736240932,-0.5472775039609488
2025-03-18,48272.235251088336,-0.027570682526583012,1,86.10499736240932,-0.5597593721718837
2025-03-19,48490.203067509436,0.004515386853070735,1,86.10499736240932,-0.557771515428801
2025-03-20,50441.77321880433,0.040246689595790475,1,88.61535617283413,-0.5399732828798471
2025-03-21,47769.603800368095,-0.05297532675635741,0,,-0.5643433485359417
2025-03-24,47769.603800368095,0.0,0,,-0.5643433485359417
2025-03-25,47769.603800368095,0.0,0,,-0.5643433485359417
2025-03-26,47769.603800368095,0.0,0,,-0.5643433485359417
2025-03-27,47769.603800368095,0.0,0,,-0.5643433485359417
2025-03-28,47769.603800368095,0.0,0,,-0.5643433485359417
2025-03-31,47769.603800368095,0.0,0,,-0.5643433485359417
2025-04-01,47769.603800368095,0.0,0,,-0.5643433485359417
2025-04-02,47769.603800368095,0.0,0,,-0.5643433485359417
2025-04-03,47769.603800368095,0.0,0,,-0.5643433485359417
2025-04-04,47769.603800368095,0.0,0,,-0.5643433485359417
2025-04-07,47769.603800368095,0.0,0,,-0.5643433485359417
2025-04-08,47769.603800368095,0.0,0,,-0.5643433485359417
2025-04-09,47769.603800368095,0.0,0,,-0.5643433485359417
2025-04-10,47769.603800368095,0.0,0,,-0.5643433485359417
2025-04-11,47769.603800368095,0.0,0,,-0.5643433485359417
2025-04-14,47769.603800368095,0.0,0,,-0.5643433485359417
2025-04-15,47769.603800368095,0.0,0,,-0.5643433485359417
2025-04-16,47769.603800368095,0.0,0,,-0.5643433485359417
2025-04-17,47769.603800368095,0.0,0,,-0.5643433485359417
2025-04-22,47769.603800368095,0.0,0,,-0.5643433485359417
2025-04-23,47769.603800368095,0.0,0,,-0.5643433485359417
2025-04-24,47769.603800368095,0.0,0,,-0.5643433485359417
2025-04-25,47769.603800368095,0.0,0,,-0.5643433485359417
2025-04-28,47769.603800368095,0.0,0,,-0.5643433485359417
2025-04-29,47769.603800368095,0.0,0,,-0.5643433485359417
2025-04-30,47769.603800368095,0.0,0,,-0.5643433485359417
2025-05-02,47769.603800368095,0.0,0,,-0.5643433485359417
2025-05-05,47769.603800368095,0.0,0,,-0.5643433485359417
2025-05-06,47769.603800368095,0.0,0,,-0.5643433485359417
2025-05-07,47914.8651187873,0.0030408734187175046,1,69.81250136239188,-0.5630185718048171
2025-05-08,50021.01402285823,0.04395606455010381,1,72.94821793692452,-0.5438105879398731
2025-05-09,50795.33312537926,0.015479876160990669,1,74.4285752432687,-0.5367488323352272
2025-05-12,54047.473355967566,0.0640243902439026,1,79.0464335850307,-0.5070894587957142
2025-05-13,55738.58835534373,0.03128943675568596,1,81.20500755310059,-0.4916665655904918
2025-05-14,55998.75843953429,0.004667683410493506,1,81.98571940830776,-0.48929382605169947
2025-05-15,56122.64760551016,0.002212355584805259,1,82.09643064226422,-0.48816396239557036
2025-05-16,56184.5921884981,0.0011037359360406285,1,82.43750027247837,-0.48759903056750575
2025-05-19,57169.52854446058,0.01753036406597097,1,84.01500429425921,-0.4786164550255977
2025-05-20,57237.669003567935,0.0011919017148158684,1,84.26071957179478,-0.47799501708426595
2025-05-21,56246.54149755477,-0.01731600051622273,1,84.26071957179478,-0.4870340556379056
2025-05-22,56023.537217943216,-0.0039647642979301345,1,84.26071957179478,-0.4890678447001665
2025-05-23,53774.91151953817,-0.04013716038059911,1,84.26071957179478,-0.509575210561041
2025-05-26,53911.19243775286,0.002534284378416407,1,84.26071957179478,-0.5083323346783777
2025-05-27,56283.707302133786,0.04400783505429384,1,84.26071957179478,-0.48669510516137393
2025-05-28,57051.83052853539,0.013647345976665726,1,84.26071957179478,-0.4796898556699952
2025-05-29,56835.02212504325,-0.0038002006505943875,1,84.26071957179478,-0.481667138618989
2025-05-30,56166.00928620859,-0.011771137123211872,1,84.26071957179478,-0.4877685058057716
2025-06-02,57578.36657303594,0.025146121377972896,1,85.54642432076591,-0.47488787047914316
2025-06-03,59077.45194732889,0.02603556619466474,1,87.60393033708844,-0.4612162788713815
2025-06-04,60111.941134040484,0.01751072791077557,1,89.57392856052944,-0.4517817837279431
2025-06-05,62527.81767911983,0.0401896278759708,1,93.08643041338239,-0.42974909762114066
2025-06-06,62571.179359818256,0.0006934782358942737,1,93.08643041338239,-0.429353641031342
2025-06-09,63506.553432894165,0.01494896025048531,1,94.1199951171875,-0.4208230712940353
2025-06-10,65581.7324085055,0.032676611521740506,1,97.28785760062081,-0.40189753179235577
2025-06-11,66356.05151102653,0.01180693272476896,1,98.5217868259975,-0.3948357761877098
2025-06-12,66405.60434177563,0.000746771841011018,1,98.9357100895473,-0.3943838565861796
2025-06-13,65959.60050862127,-0.00671635831907913,1,98.9357100895473,-0.39845139160916554
2025-06-16,67811.77047855231,0.028080369736153132,1,101.0985745021275,-0.3815596842712825
2025-06-17,68456.00453897804,0.009500327979631296,1,101.8314323425293,-0.3756842984360329
2025-06-18,69199.34898697074,0.010858717989733702,1,103.1867869240897,-0.36890503029618704
2025-06-20,70524.98291240123,0.019156739836961423,1,105.39464432852608,-0.3568153081491561
2025-06-23,69100.23859940379,-0.020201980265165176,1,105.39464432852608,-0.3698089126007832
2025-06-24,73201.02954167115,0.059345539543516734,1,109.48607417515346,-0.3324098825035612
2025-06-25,73715.1785600016,0.007023794904930547,1,110.22857502528599,-0.3277208664377078
2025-06-26,71503.72339224431,-0.029999997435497527,1,110.22857502528599,-0.347889238720515
2025-06-27,70487.81710782222,-0.01420773962845523,1,110.22857502528599,-0.3571542586256876
2025-06-30,68970.14883123977,-0.021530930291981387,1,110.22857502528599,-0.3709953254717151
2025-07-01,68179.25051905785,-0.01146725540809157,0,,-0.37820828272741447
2025-07-02,68179.25051905785,0.0,0,,-0.37820828272741447
2025-07-03,68179.25051905785,0.0,0,,-0.37820828272741447
2025-07-04,68179.25051905785,0.0,0,,-0.37820828272741447
2025-07-07,68179.25051905785,0.0,0,,-0.37820828272741447
2025-07-08,68179.25051905785,0.0,0,,-0.37820828272741447
2025-07-09,68179.25051905785,0.0,0,,-0.37820828272741447
2025-07-10,68179.25051905785,0.0,0,,-0.37820828272741447
2025-07-11,68179.25051905785,0.0,0,,-0.37820828272741447
2025-07-14,68179.25051905785,0.0,0,,-0.37820828272741447
2025-07-15,68179.25051905785,0.0,0,,-0.37820828272741447
2025-07-16,68179.25051905785,0.0,0,,-0.37820828272741447
2025-07-17,68179.25051905785,0.0,0,,-0.37820828272741447
2025-07-18,68179.25051905785,0.0,0,,-0.37820828272741447
2025-07-21,68179.25051905785,0.0,0,,-0.37820828272741447
2025-07-22,68179.25051905785,0.0,0,,-0.37820828272741447
2025-07-23,68179.25051905785,0.0,0,,-0.37820828272741447
2025-07-24,68179.25051905785,0.0,0,,-0.37820828272741447
2025-07-25,68179.25051905785,0.0,0,,-0.37820828272741447
2025-07-28,68179.25051905785,0.0,0,,-0.37820828272741447
2025-07-29,68179.25051905785,0.0,0,,-0.37820828272741447
2025-07-30,68179.25051905785,0.0,0,,-0.37820828272741447
2025-07-31,68179.25051905785,0.0,0,,-0.37820828272741447
2025-08-01,68179.25051905785,0.0,0,,-0.37820828272741447
2025-08-04,68179.25051905785,0.0,0,,-0.37820828272741447
2025-08-05,68179.25051905785,0.0,0,,-0.37820828272741447
2025-08-06,68179.25051905785,0.0,0,,-0.37820828272741447
2025-08-07,68179.25051905785,0.0,0,,-0.37820828272741447
2025-08-08,68179.25051905785,0.0,0,,-0.37820828272741447
2025-08-11,68179.25051905785,0.0,0,,-0.37820828272741447
2025-08-12,69197.49861148205,0.014934867788544803,1,104.82642800467355,-0.36892190563793625
2025-08-13,67583.21133928545,-0.023328694022022645,1,104.82642800467355,-0.3836441334053099
2025-08-14,68378.3077810817,0.011764703482417538,1,104.82642800467355,-0.3763928893951749
2025-08-15,65312.369210882476,-0.044837883090278585,1,104.82642800467355,-0.4043541121147405
2025-08-18,67143.50138498121,0.028036529622533113,1,104.82642800467355,-0.38765426853450524
2025-08-19,67625.37537045893,0.007176777730353967,1,104.82642800467355,-0.38325959932564635
2025-08-20,63047.059449464585,-0.06770115353761585,0,,-0.42501363588455154
2025-08-21,63047.059449464585,0.0,0,,-0.42501363588455154
2025-08-22,63047.059449464585,0.0,0,,-0.42501363588455154
2025-08-25,63047.059449464585,0.0,0,,-0.42501363588455154
2025-08-26,63047.059449464585,0.0,0,,-0.42501363588455154
2025-08-27,63047.059449464585,0.0,0,,-0.42501363588455154
2025-08-28,63047.059449464585,0.0,0,,-0.42501363588455154
2025-08-29,63047.059449464585,0.0,0,,-0.42501363588455154
2025-09-01,63047.059449464585,0.0,0,,-0.42501363588455154
2025-09-02,63047.059449464585,0.0,0,,-0.42501363588455154
2025-09-03,63047.059449464585,0.0,0,,-0.42501363588455154
2025-09-04,63047.059449464585,0.0,0,,-0.42501363588455154
2025-09-05,63047.059449464585,0.0,0,,-0.42501363588455154
2025-09-08,63047.059449464585,0.0,0,,-0.42501363588455154
2025-09-09,63047.059449464585,0.0,0,,-0.42501363588455154
2025-09-10,63047.059449464585,0.0,0,,-0.42501363588455154
2025-09-11,63047.059449464585,0.0,0,,-0.42501363588455154
2025-09-12,63047.059449464585,0.0,0,,-0.42501363588455154
2025-09-15,63047.059449464585,0.0,0,,-0.42501363588455154
2025-09-16,63047.059449464585,0.0,0,,-0.42501363588455154
2025-09-17,63047.059449464585,0.0,0,,-0.42501363588455154
2025-09-18,63047.059449464585,0.0,0,,-0.42501363588455154
2025-09-19,63047.059449464585,0.0,0,,-0.42501363588455154
2025-09-22,63047.059449464585,0.0,0,,-0.42501363588455154
2025-09-23,63047.059449464585,0.0,0,,-0.42501363588455154
2025-09-24,63047.059449464585,0.0,0,,-0.42501363588455154
2025-09-25,63047.059449464585,0.0,0,,-0.42501363588455154
2025-09-26,63047.059449464585,0.0,0,,-0.42501363588455154
2025-09-29,63047.059449464585,0.0,0,,-0.42501363588455154
2025-09-30,63047.059449464585,0.0,0,,-0.42501363588455154
2025-10-01,63047.059449464585,0.0,0,,-0.42501363588455154
2025-10-02,63047.059449464585,0.0,0,,-0.42501363588455154
2025-10-03,63047.059449464585,0.0,0,,-0.42501363588455154
2025-10-06,63047.059449464585,0.0,0,,-0.42501363588455154
2025-10-07,63047.059449464585,0.0,0,,-0.42501363588455154
2025-10-08,63047.059449464585,0.0,0,,-0.42501363588455154
2025-10-09,63047.059449464585,0.0,0,,-0.42501363588455154
2025-10-10,63047.059449464585,0.0,0,,-0.42501363588455154
2025-10-13,63047.059449464585,0.0,0,,-0.42501363588455154
2025-10-14,63047.059449464585,0.0,0,,-0.42501363588455154
2025-10-15,63047.059449464585,0.0,0,,-0.42501363588455154
2025-10-16,63047.059449464585,0.0,0,,-0.42501363588455154
2025-10-17,63047.059449464585,0.0,0,,-0.42501363588455154
2025-10-20,63047.059449464585,0.0,0,,-0.42501363588455154
2025-10-21,63047.059449464585,0.0,0,,-0.42501363588455154
2025-10-22,63047.059449464585,0.0,0,,-0.42501363588455154
2025-10-23,63047.059449464585,0.0,0,,-0.42501363588455154
2025-10-24,63047.059449464585,0.0,0,,-0.42501363588455154
2025-10-27,63047.059449464585,0.0,0,,-0.42501363588455154
2025-10-28,63047.059449464585,0.0,0,,-0.42501363588455154
2025-10-29,63047.059449464585,0.0,0,,-0.42501363588455154
2025-10-30,63047.059449464585,0.0,0,,-0.42501363588455154
2025-10-31,63047.059449464585,0.0,0,,-0.42501363588455154
2025-11-03,63047.059449464585,0.0,0,,-0.42501363588455154
2025-11-04,63047.059449464585,0.0,0,,-0.42501363588455154
2025-11-05,63047.059449464585,0.0,0,,-0.42501363588455154
2025-11-06,63047.059449464585,0.0,0,,-0.42501363588455154
2025-11-07,63047.059449464585,0.0,0,,-0.42501363588455154
2025-11-10,63047.059449464585,0.0,0,,-0.42501363588455154
2025-11-11,63047.059449464585,0.0,0,,-0.42501363588455154
2025-11-12,63047.059449464585,0.0,0,,-0.42501363588455154
2025-11-13,63047.059449464585,0.0,0,,-0.42501363588455154
2025-11-14,63047.059449464585,0.0,0,,-0.42501363588455154
2025-11-17,63047.059449464585,0.0,0,,-0.42501363588455154
2025-11-18,63047.059449464585,0.0,0,,-0.42501363588455154
2025-11-19,63047.059449464585,0.0,0,,-0.42501363588455154
2025-11-21,63047.059449464585,0.0,0,,-0.42501363588455154
2025-11-24,63047.059449464585,0.0,0,,-0.42501363588455154
2025-11-25,63047.059449464585,0.0,0,,-0.42501363588455154
2025-11-26,63047.059449464585,0.0,0,,-0.42501363588455154
2025-11-27,63047.059449464585,0.0,0,,-0.42501363588455154
2025-11-28,63047.059449464585,0.0,0,,-0.42501363588455154
2025-12-01,63047.059449464585,0.0,0,,-0.42501363588455154
2025-12-02,63047.059449464585,0.0,0,,-0.42501363588455154
2025-12-03,63047.059449464585,0.0,0,,-0.42501363588455154
2025-12-04,63047.059449464585,0.0,0,,-0.42501363588455154
2025-12-05,63047.059449464585,0.0,0,,-0.42501363588455154
2025-12-08,64665.90269419863,0.02567674462330216,1,193.87321090698242,-0.4102498578512782
2025-12-09,66151.31748207673,0.02297060314618271,1,199.91250228881836,-0.39670294138057505
2025-12-10,69228.8601793658,0.046522772552835656,1,211.5485725402832,-0.36863588954062887
2025-12-11,67091.59620835763,-0.03087244200569983,1,211.5485725402832,-0.3881276414252661
2025-12-12,62834.3777358422,-0.0634538260096591,1,211.5485725402832,-0.42695328360638696
2025-12-15,60479.348755581465,-0.037479944341318294,0,,-0.4484310426417948
2025-12-16,60479.348755581465,0.0,0,,-0.4484310426417948
2025-12-17,60479.348755581465,0.0,0,,-0.4484310426417948
2025-12-18,58596.40392565039,-0.03113368230105662,1,206.37357439313615,-0.4656034153273102
2025-12-19,63248.37146837006,0.07938998353247562,1,213.69678715297152,-0.42317767927033423
2025-12-22,65975.20878755553,0.04311316253493014,1,224.0535659790039,-0.3983090448029406
2025-12-23,65911.3782821899,-0.0009674922829145949,1,224.16249356951033,-0.3988911761587932
2025-12-26,66432.23738768019,0.007902415623298076,1,224.16249356951033,-0.3941409643979681
2025-12-29,69672.27446338446,0.04877206011888946,1,236.83536093575614,-0.3645919710900134
2025-12-30,68170.97973049522,-0.021547950665486315,1,236.83536093575614,-0.3782837119494198
2026-01-02,73346.35430048918,0.07591756184895848,1,248.78427941458565,-0.33108452719883497
2026-01-05,71717.40634867843,-0.022208983218677703,1,248.78427941458565,-0.3459404597089899
2026-01-06,78973.65383523004,0.10117833111912766,1,267.1100071498326,-0.27976380696980174
2026-01-07,78128.53856753386,-0.010701230431346409,1,267.1100071498326,-0.2874712204364135
2026-01-08,76553.19826671376,-0.020163442574295476,1,267.1100071498326,-0.30183825356567673
2026-01-09,78894.50463192145,0.030584043752822643,1,267.1100071498326,-0.28048564416618227
2026-01-12,79226.42014309883,0.004207080236144689,1,268.987489427839,-0.2774585895401315
2026-01-13,77617.8945246088,-0.02030289410508157,1,268.987489427839,-0.2921282712832344
2026-01-14,76162.55588554849,-0.018750040154708048,1,268.987489427839,-0.30540089462105635
2026-01-15,78636.62689686517,0.03248408594683383,1,269.77927126203264,-0.282837477583333
2026-01-16,82724.33495385938,0.0519822405703565,1,283.6517780848912,-0.24555776281502617
2026-01-19,85042.65548034286,0.028024649914400124,1,293.87462071010043,-0.22441478323728048
2026-01-20,83658.8144874294,-0.016272316346393145,1,293.87462071010043,-0.23703535123802932
2026-01-21,88405.24993140064,0.05673562879240235,1,304.1839163643973,-0.19374807214414447
2026-01-22,89485.26488723865,0.012216638227662502,1,309.0496357509068,-0.1838983840211741
2026-01-23,89975.47880503326,0.005478152390925306,1,310.8856898716518,-0.17942765500236169
2026-01-26,87728.64813288688,-0.024971588948306755,1,310.8856898716518,-0.1999186503039908
2026-01-27,92934.66009876679,0.05934221120099914,1,323.4096167428153,-0.15244005387234982
2026-01-28,97208.75603648015,0.045990332704408,1,340.2424981253488,-0.11346048996300906
2026-01-29,98043.65624161111,0.00858873458701237,1,342.8464137486049,-0.10584623741040133
2026-01-30,93447.85985528558,-0.04687500000000011,1,342.8464137486049,-0.14775969503178887
2026-02-02,98301.53397666739,0.05193991739241821,1,342.8464137486049,-0.10349440399325072
2026-02-03,93606.1582619028,-0.04776502995242238,1,342.8464137486049,-0.14631602063902738
2026-02-04,87404.93505035817,-0.06624802605608593,0,,-0.2028708991473962
2026-02-05,87404.93505035817,0.0,0,,-0.2028708991473962
2026-02-06,87404.93505035817,0.0,0,,-0.2028708991473962
2026-02-09,87404.93505035817,0.0,0,,-0.2028708991473962
2026-02-10,87404.93505035817,0.0,0,,-0.2028708991473962
2026-02-11,87404.93505035817,0.0,0,,-0.2028708991473962
2026-02-12,87404.93505035817,0.0,0,,-0.2028708991473962
2026-02-13,87404.93505035817,0.0,0,,-0.2028708991473962
2026-02-18,87404.93505035817,0.0,0,,-0.2028708991473962
2026-02-19,87404.93505035817,0.0,0,,-0.2028708991473962
2026-02-20,87404.93505035817,0.0,0,,-0.2028708991473962
2026-02-23,87404.93505035817,0.0,0,,-0.2028708991473962
2026-02-24,87404.93505035817,0.0,0,,-0.2028708991473962
2026-02-25,87404.93505035817,0.0,0,,-0.2028708991473962
2026-02-26,87404.93505035817,0.0,0,,-0.2028708991473962
2026-02-27,87404.93505035817,0.0,0,,-0.2028708991473962
2026-03-02,87404.93505035817,0.0,0,,-0.2028708991473962
2026-03-03,87404.93505035817,0.0,0,,-0.2028708991473962
2026-03-04,87404.93505035817,0.0,0,,-0.2028708991473962
2026-03-05,87404.93505035817,0.0,0,,-0.2028708991473962
2026-03-06,87404.93505035817,0.0,0,,-0.2028708991473962
2026-03-09,87404.93505035817,0.0,0,,-0.2028708991473962
2026-03-10,87404.93505035817,0.0,0,,-0.2028708991473962
2026-03-11,89941.33482484608,0.029018953827110172,1,314.9196450369699,-0.17973904657550854
2026-03-12,88085.59889310923,-0.02063273727647874,1,314.9196450369699,-0.19666327532566996
2026-03-13,93553.83561549558,0.06207866883010005,1,327.1714379446847,-0.14679320083555503
2026-03-16,95261.11116249172,0.018249124001852968,1,334.3357140677316,-0.1312229241583791
2026-03-17,99299.19436219323,0.04238962941355506,1,349.98429107666016,-0.0943957858704606
2026-03-18,101372.67118474861,0.020881104180889842,1,361.360718863351,-0.07548576992856892
2026-03-19,95755.97407762155,-0.05540642306732557,1,361.360718863351,-0.12670979649166936
2026-03-20,91797.07075658294,-0.04134366925064592,1,361.360718863351,-0.16281481782534712
2026-03-23,89277.8913610013,-0.02744291702141255,0,,-0.18578962131132215
2026-03-24,89277.8913610013,0.0,0,,-0.18578962131132215
2026-03-25,89277.8913610013,0.0,0,,-0.18578962131132215
2026-03-26,89277.8913610013,0.0,0,,-0.18578962131132215
2026-03-27,89277.8913610013,0.0,0,,-0.18578962131132215
2026-03-30,89277.8913610013,0.0,0,,-0.18578962131132215
2026-03-31,89277.8913610013,0.0,0,,-0.18578962131132215
2026-04-01,89277.8913610013,0.0,0,,-0.18578962131132215
2026-04-02,89277.8913610013,0.0,0,,-0.18578962131132215
2026-04-06,89277.8913610013,0.0,0,,-0.18578962131132215
2026-04-07,90458.12347093117,0.013219757903527585,1,266.6825169154576,-0.17502595722251835
2026-04-08,97421.05124141563,0.0769740461476851,0,,-0.11152436718312209
2026-04-09,97421.05124141563,0.0,0,,-0.11152436718312209
2026-04-10,97421.05124141563,0.0,0,,-0.11152436718312209
2026-04-13,97421.05124141563,0.0,0,,-0.11152436718312209
2026-04-14,97421.05124141563,0.0,0,,-0.11152436718312209
2026-04-15,97828.42148104099,0.00418154222762257,1,323.89286041259766,-0.10780916880628466
2026-04-16,95841.87564085466,-0.020306428439830437,0,,-0.12592637807459262
2026-04-17,95841.87564085466,0.0,0,,-0.12592637807459262
2026-04-20,95841.87564085466,0.0,0,,-0.12592637807459262
2026-04-22,95841.87564085466,0.0,0,,-0.12592637807459262
2026-04-23,96927.70360871802,0.011329368927756045,1,350.6660723005022,-0.11602367554177972
2026-04-24,98834.43944275686,0.019671732260737818,1,359.2957240513393,-0.09863432996220667
2026-04-27,104978.89649553932,0.06216919008622712,1,381.89107295445035,-0.04259715628442762
2026-04-28,101724.67123103925,-0.030998851894374235,1,381.89107295445035,-0.07227554524001933
2026-04-29,103773.6278790578,0.020142180094786744,1,381.89107295445035,-0.05358915219390603
2026-04-30,102447.83240092815,-0.012775842044134733,1,381.89107295445035,-0.06568034769433229
2026-05-04,114756.03492392725,0.12014117072610309,1,410.85106658935547,0.0
2026-05-05,125834.86934321586,0.09654249928235026,1,448.38787732805525,0.0
2026-05-06,131687.6460942192,0.04651156536778234,1,472.74641745431086,0.0
2026-05-07,128240.58079363243,-0.026176071961378167,1,472.74641745431086,-0.026176071961378167
2026-05-08,147042.77121074393,0.1466165413533833,1,522.4285779680524,0.0
2026-05-11,157227.2910200127,0.06926229508196746,1,557.2017985752651,0.0
2026-05-12,150658.57706018846,-0.04177845917976253,1,557.2017985752651,-0.04177845917976253
2026-05-13,160541.77971533683,0.0656000000000001,1,559.0625098092215,0.0
2026-05-14,155720.7052494108,-0.03003003003003002,1,559.0625098092215,-0.03003003003003002
2026-05-15,147040.35831947072,-0.055743049172794046,1,559.0625098092215,-0.0840991137621997
2026-05-18,134561.95339557063,-0.08486380927329207,0,,-0.1618259518851235
2026-05-19,134561.95339557063,0.0,0,,-0.1618259518851235
2026-05-20,134561.95339557063,0.0,0,,-0.1618259518851235
2026-05-21,134561.95339557063,0.0,0,,-0.1618259518851235
2026-05-22,134561.95339557063,0.0,0,,-0.1618259518851235
2026-05-25,134561.95339557063,0.0,0,,-0.1618259518851235
2026-05-26,134561.95339557063,0.0,0,,-0.1618259518851235
2026-05-27,134561.95339557063,0.0,0,,-0.1618259518851235
2026-05-28,134561.95339557063,0.0,0,,-0.1618259518851235
2026-05-29,134561.95339557063,0.0,0,,-0.1618259518851235
2026-06-01,134561.95339557063,0.0,0,,-0.1618259518851235
2026-06-02,134561.95339557063,0.0,0,,-0.1618259518851235
2026-06-03,134561.95339557063,0.0,0,,-0.1618259518851235
2026-06-05,134561.95339557063,0.0,0,,-0.1618259518851235
2026-06-08,134561.95339557063,0.0,0,,-0.1618259518851235
2026-06-09,134561.95339557063,0.0,0,,-0.1618259518851235
2026-06-10,134561.95339557063,0.0,0,,-0.1618259518851235
2026-06-11,134561.95339557063,0.0,0,,-0.1618259518851235
2026-06-12,134561.95339557063,0.0,0,,-0.1618259518851235
2026-06-15,134561.95339557063,0.0,0,,-0.1618259518851235
2026-06-16,134561.95339557063,0.0,0,,-0.1618259518851235
2026-06-17,134561.95339557063,0.0,0,,-0.1618259518851235
2026-06-18,134561.95339557063,0.0,0,,-0.1618259518851235
2026-06-19,134561.95339557063,0.0,0,,-0.1618259518851235
2026-06-22,134561.95339557063,0.0,0,,-0.1618259518851235
2026-06-23,134561.95339557063,0.0,0,,-0.1618259518851235
2026-06-24,134561.95339557063,0.0,0,,-0.1618259518851235
2026-06-25,134561.95339557063,0.0,0,,-0.1618259518851235
2026-06-26,134561.95339557063,0.0,0,,-0.1618259518851235
2026-06-29,134561.95339557063,0.0,0,,-0.1618259518851235
2026-06-30,134561.95339557063,0.0,0,,-0.1618259518851235
2026-07-01,134561.95339557063,0.0,0,,-0.1618259518851235
2026-07-02,134561.95339557063,0.0,0,,-0.1618259518851235
2026-07-03,134561.95339557063,0.0,0,,-0.1618259518851235
2026-07-06,130698.78112120733,-0.028709246387102927,1,663.303963797433,-0.18588929714772906
2026-07-07,124349.38248954344,-0.048580396673903126,1,663.303963797433,-0.22543911802876238
2026-07-08,119669.4917487353,-0.037635013918960736,0,,-0.2545897276028325
2026-07-09,116602.68975469767,-0.025627266809796878,1,669.341088431222,-0.273692555536318
2026-07-10,115640.16755153389,-0.008254716981132115,1,669.341088431222,-0.2796880179316551
2026-07-13,110525.04787907228,-0.04423307040075064,1,669.341088431222,-0.31154962854498847
2026-07-14,115157.78923668046,0.04191575978937334,0,,-0.2826927081481754
2026-07-15,115157.78923668046,0.0,0,,-0.2826927081481754
2026-07-16,115157.78923668046,0.0,0,,-0.2826927081481754
2026-07-17,115157.78923668046,0.0,0,,-0.2826927081481754
2026-07-20,115157.78923668046,0.0,0,,-0.2826927081481754
2026-07-21,115157.78923668046,0.0,0,,-0.2826927081481754
2026-07-22,115157.78923668046,0.0,0,,-0.2826927081481754
2026-07-23,115157.78923668046,0.0,0,,-0.2826927081481754
2026-07-24,115157.78923668046,0.0,0,,-0.2826927081481754
2026-07-27,115157.78923668046,0.0,0,,-0.2826927081481754
2026-07-28,115157.78923668046,0.0,0,,-0.2826927081481754
2026-07-29,115157.78923668046,0.0,0,,-0.2826927081481754
2026-07-30,115157.78923668046,0.0,0,,-0.2826927081481754
2026-07-31,115157.78923668046,0.0,0,,-0.2826927081481754
2026-08-03,115157.78923668046,0.0,0,,-0.2826927081481754
2026-08-04,115157.78923668046,0.0,0,,-0.2826927081481754
2026-08-05,115157.78923668046,0.0,0,,-0.2826927081481754
2026-08-06,115157.78923668046,0.0,0,,-0.2826927081481754
2026-08-07,115157.78923668046,0.0,0,,-0.2826927081481754
2026-08-10,115157.78923668046,0.0,0,,-0.2826927081481754
2026-08-11,115157.78923668046,0.0,0,,-0.2826927081481754
2026-08-12,115157.78923668046,0.0,0,,-0.2826927081481754
2026-08-13,121279.86045449934,0.05316245873074532,1,671.2857099260602,-0.24455888884784005
2026-08-14,125012.67450590518,0.030778515389257688,1,705.0482025146484,-0.22130753298256545
2026-08-17,128233.14153064747,0.025761124121779888,1,735.6964154924665,-0.20124753968703424
2026-08-18,119171.91482809153,-0.07066212832655527,1,735.6964154924665,-0.2576890885388209
2026-08-19,121318.65167528343,0.01801378160524325,0,,-0.24431726189657
2026-08-20,121318.65167528343,0.0,0,,-0.24431726189657
2026-08-21,117435.93497193554,-0.03200428499436514,1,725.8624965122768,-0.2685023476121544
2026-08-24,111882.99319000765,-0.04728486032196966,1,725.8624965122768,-0.30309111193116245
2026-08-25,114019.61686366104,0.01909694773739945,1,725.8624965122768,-0.2897822793179827
2026-08-26,114873.69639072966,0.0074906367041198685,1,725.8624965122768,-0.28446229639152565
2026-08-27,113336.35497963539,-0.013382884501820014,1,725.8624965122768,-0.2940382548356154
2026-08-28,114482.24327415654,0.010110509507095466,1,725.8624965122768,-0.2869006218994852
2026-08-31,117293.58838409076,0.02455704072116882,1,725.8624965122768,-0.2693890114332307
2026-09-01,114233.1367454282,-0.026092233009708754,1,725.8624965122768,-0.28845228358636843
2026-09-02,115919.94033613024,0.014766324717679247,1,725.8624965122768,-0.2779453389536817
2026-09-03,116052.33030839455,0.0011420810939033466,1,725.8624965122768,-0.2771206939765358
2026-09-04,122418.06554650249,0.054852282769262795,1,758.7982286725726,-0.23746911387448832
2026-09-08,120813.81672128514,-0.013104673873546413,1,758.7982286725726,-0.24746183245566955
2026-09-09,124967.48911201798,0.034380772857423025,1,783.1885550362723,-0.22158898865078658
2026-09-10,118292.86421096785,-0.05341089069227556,1,783.1885550362723,-0.26316461409162306
2026-09-11,118869.36615410991,0.004873514112515798,1,783.1885550362723,-0.2595736364397976
2026-09-14,111316.99212081675,-0.06353507449094808,0,,-0.3066166806036569
2026-09-15,111316.99212081675,0.0,0,,-0.3066166806036569
2026-09-16,111316.99212081675,0.0,0,,-0.3066166806036569
2026-09-17,111316.99212081675,0.0,0,,-0.3066166806036569
2026-09-18,115115.19894620776,0.03412063830532408,1,780.5464215959821,-0.28295799915558917
2026-09-21,117613.10947492532,0.021699224355984592,1,798.375017438616,-0.26739874390660223
2026-09-22,123177.22780466778,0.04730865763674674,1,837.6375013078962,-0.2327403618978291
2026-09-23,122053.83034078401,-0.009120171673819732,1,837.6375013078962,-0.23973790151571361
2026-09-24,122271.92382477532,0.0017868630864132928,0,,-0.23837941723593292
