timestamp,equity,daily_return,position,stop_price,drawdown
2020-01-02,100000.0,0.0,0,,0.0
2020-01-03,100000.0,0.0,0,,0.0
2020-01-06,100000.0,0.0,0,,0.0
2020-01-07,100000.0,0.0,0,,0.0
2020-01-08,100000.0,0.0,0,,0.0
2020-01-09,100000.0,0.0,0,,0.0
2020-01-10,100000.0,0.0,0,,0.0
2020-01-13,100000.0,0.0,0,,0.0
2020-01-14,100000.0,0.0,0,,0.0
2020-01-15,100000.0,0.0,0,,0.0
2020-01-16,100000.0,0.0,0,,0.0
2020-01-17,100000.0,0.0,0,,0.0
2020-01-21,100000.0,0.0,0,,0.0
2020-01-22,100000.0,0.0,0,,0.0
2020-01-23,100000.0,0.0,0,,0.0
2020-01-24,100000.0,0.0,0,,0.0
2020-01-27,100000.0,0.0,0,,0.0
2020-01-28,100000.0,0.0,0,,0.0
2020-01-29,100000.0,0.0,0,,0.0
2020-01-30,100000.0,0.0,0,,0.0
2020-01-31,100000.0,0.0,0,,0.0
2020-02-03,100000.0,0.0,0,,0.0
2020-02-04,100296.64968927795,0.002966496892779613,1,5.738651531083244,0.0
2020-02-05,101769.87317638758,0.01468866100386923,1,5.824446388653347,0.0
2020-02-06,103186.27076975742,0.013917651159051081,1,5.903794441904341,0.0
2020-02-07,102106.72586566422,-0.010462098262103314,1,5.903794441904341,-0.010462098262103314
2020-02-10,106725.25212106486,0.04523234112390351,1,6.078312839780535,0.0
2020-02-11,108722.00766721385,0.018709307370705197,1,6.183991057532174,0.0
2020-02-12,110609.190876367,0.0173578767504885,1,6.300866007804871,0.0
2020-02-13,109894.89999708119,-0.006457789570888495,1,6.300866007804871,-0.006457789570888495
2020-02-14,117610.03106442944,0.07020463249480335,1,6.73608934879303,0.0
2020-02-18,120361.6629905968,0.02339623500872956,1,6.890499881335668,0.0
2020-02-19,127719.64474785577,0.06113227064529525,1,7.281517710004534,0.0
2020-02-20,125284.57663104514,-0.019065728859627984,1,7.281517710004534,-0.019065728859627984
2020-02-21,118029.60103278076,-0.05790797074431442,0,,-0.07586964193492007
2020-02-24,118029.60103278076,0.0,0,,-0.07586964193492007
2020-02-25,118029.60103278076,0.0,0,,-0.07586964193492007
2020-02-26,118029.60103278076,0.0,0,,-0.07586964193492007
2020-02-27,118029.60103278076,0.0,0,,-0.07586964193492007
2020-02-28,118029.60103278076,0.0,0,,-0.07586964193492007
2020-03-02,118029.60103278076,0.0,0,,-0.07586964193492007
2020-03-03,118029.60103278076,0.0,0,,-0.07586964193492007
2020-03-04,118029.60103278076,0.0,0,,-0.07586964193492007
2020-03-05,118029.60103278076,0.0,0,,-0.07586964193492007
2020-03-06,118029.60103278076,0.0,0,,-0.07586964193492007
2020-03-09,118029.60103278076,0.0,0,,-0.07586964193492007
2020-03-10,118029.60103278076,0.0,0,,-0.07586964193492007
2020-03-11,118029.60103278076,0.0,0,,-0.07586964193492007
2020-03-12,118029.60103278076,0.0,0,,-0.07586964193492007
2020-03-13,118029.60103278076,0.0,0,,-0.07586964193492007
2020-03-16,118029.60103278076,0.0,0,,-0.07586964193492007
2020-03-17,118029.60103278076,0.0,0,,-0.07586964193492007
2020-03-18,118029.60103278076,0.0,0,,-0.07586964193492007
2020-03-19,118029.60103278076,0.0,0,,-0.07586964193492007
2020-03-20,118029.60103278076,0.0,0,,-0.07586964193492007
2020-03-23,118029.60103278076,0.0,0,,-0.07586964193492007
2020-03-24,118029.60103278076,0.0,0,,-0.07586964193492007
2020-03-25,118029.60103278076,0.0,0,,-0.07586964193492007
2020-03-26,118029.60103278076,0.0,0,,-0.07586964193492007
2020-03-27,119139.77799492527,0.009405919806813268,1,4.717893140656608,-0.06717734589591817
2020-03-30,120199.01361613236,0.008890696617314564,0,,-0.05888390268052068
2020-03-31,120199.01361613236,0.0,0,,-0.05888390268052068
2020-04-01,120199.01361613236,0.0,0,,-0.05888390268052068
2020-04-02,120199.01361613236,0.0,0,,-0.05888390268052068
2020-04-03,120199.01361613236,0.0,0,,-0.05888390268052068
2020-04-06,120199.01361613236,0.0,0,,-0.05888390268052068
2020-04-07,112111.49688822325,-0.0672843851592444,1,5.582723072596959,-0.12220632065212944
2020-04-08,113836.20490322741,0.015383863946832443,0,,-0.10870246211565227
2020-04-09,109883.81151269165,-0.03472000312989787,1,5.584419659205846,-0.13964831542066714
2020-04-13,112767.24518479871,0.026240750410937652,1,5.608571444238936,-0.11707204159999107
2020-04-14,118659.47401219612,0.0522512438584577,1,6.070446525301253,-0.07093795753618204
2020-04-15,117359.83697767384,-0.01095266134745132,1,6.070446525301253,-0.0811136594580596
2020-04-16,123151.77183616896,0.04935193340117672,1,6.374062316758292,-0.035764841976382744
2020-04-17,122157.20126956103,-0.008075974480749037,1,6.374062316758292,-0.04355198050602249
2020-04-20,119954.92648551092,-0.018028202686065198,1,6.374062316758292,-0.06079501926014563
2020-04-21,112625.16139797107,-0.06110432728600934,1,6.374062316758292,-0.1181845077919238
2020-04-22,119578.82609477553,0.06174166243574186,1,6.374062316758292,-0.06373975334140525
2020-04-23,118684.54152647711,-0.007478619731470126,1,6.374062316758292,-0.07074168769585731
2020-04-24,121016.36235491798,0.01964721604389119,1,6.374062316758292,-0.052484348873436226
2020-04-27,124146.35037336967,0.0258641720635433,1,6.580750073705401,-0.027977641039798495
2020-04-28,121756.02539395187,-0.019254089807947627,1,6.580750073705401,-0.04669304683455133
2020-04-29,124723.03870190964,0.024368513166865835,1,6.649134159088135,-0.023462373794274405
2020-04-30,122140.48693650945,-0.02070629285718839,1,6.649134159088135,-0.04368284786855381
2020-05-01,118170.54191012157,-0.03250310462943806,1,6.649134159088135,-0.0747661243232084
2020-05-04,121726.7733184634,0.03009406025273753,1,6.649134159088135,-0.04692208032071732
2020-05-05,122750.60393115258,0.008410890922168957,1,6.649134159088135,-0.038905845897967195
2020-05-06,124443.04771886906,0.013787661596074363,1,6.729437214987619,-0.025654604939243097
2020-05-07,127401.69987500463,0.023775150242378418,1,6.916705097470964,-0.0024893967837040787
2020-05-08,130590.19204443328,0.025027077131285713,1,7.109017712729318,0.0
2020-05-11,134819.2291596027,0.03238403320312511,1,7.3914375475474765,0.0
2020-05-12,130423.03277273188,-0.0326080813120988,1,7.3914375475474765,-0.0326080813120988
2020-05-13,130046.94035258926,-0.002883634984918504,1,7.3914375475474765,-0.035397686492954716
2020-05-14,134234.1876498333,0.032197968563438595,1,7.3914375475474765,-0.004339451526434779
2020-05-15,141927.51538567166,0.0573127298680971,1,7.718205571174622,0.0
2020-05-18,146265.19168037997,0.03056261700151075,1,7.959981935364859,0.0
2020-05-19,147188.72832416688,0.006314124592302406,1,7.996169686317444,0.0
2020-05-20,149938.43936126848,0.018681532671752432,1,8.148348450660706,0.0
2020-05-21,146683.0898596335,-0.021711240396409592,1,8.148348450660706,-0.021711240396409592
2020-05-22,150878.68236751418,0.02860310968289248,1,8.180535674095154,0.0
2020-05-26,145721.93201794318,-0.03417812422970434,1,8.180535674095154,-0.03417812422970434
2020-05-27,136536.9955992786,-0.06303056987697375,0,,-0.09505442745915382
2020-05-28,136536.9955992786,0.0,0,,-0.09505442745915382
2020-05-29,136536.9955992786,0.0,0,,-0.09505442745915382
2020-06-01,136536.9955992786,0.0,0,,-0.09505442745915382
2020-06-02,136536.9955992786,0.0,0,,-0.09505442745915382
2020-06-03,136536.9955992786,0.0,0,,-0.09505442745915382
2020-06-04,136536.9955992786,0.0,0,,-0.09505442745915382
2020-06-05,136536.9955992786,0.0,0,,-0.09505442745915382
2020-06-08,136536.9955992786,0.0,0,,-0.09505442745915382
2020-06-09,136536.9955992786,0.0,0,,-0.09505442745915382
2020-06-10,136536.9955992786,0.0,0,,-0.09505442745915382
2020-06-11,136536.9955992786,0.0,0,,-0.09505442745915382
2020-06-12,136536.9955992786,0.0,0,,-0.09505442745915382
2020-06-15,136536.9955992786,0.0,0,,-0.09505442745915382
2020-06-16,136536.9955992786,0.0,0,,-0.09505442745915382
2020-06-17,136536.9955992786,0.0,0,,-0.09505442745915382
2020-06-18,136536.9955992786,0.0,0,,-0.09505442745915382
2020-06-19,136536.9955992786,0.0,0,,-0.09505442745915382
2020-06-22,136536.9955992786,0.0,0,,-0.09505442745915382
2020-06-23,136536.9955992786,0.0,0,,-0.09505442745915382
2020-06-24,136536.9955992786,0.0,0,,-0.09505442745915382
2020-06-25,136536.9955992786,0.0,0,,-0.09505442745915382
2020-06-26,136536.9955992786,0.0,0,,-0.09505442745915382
2020-06-29,136536.9955992786,0.0,0,,-0.09505442745915382
2020-06-30,136536.9955992786,0.0,0,,-0.09505442745915382
2020-07-01,136536.9955992786,0.0,0,,-0.09505442745915382
2020-07-02,136536.9955992786,0.0,0,,-0.09505442745915382
2020-07-06,136536.9955992786,0.0,0,,-0.09505442745915382
2020-07-07,136536.9955992786,0.0,0,,-0.09505442745915382
2020-07-08,136536.9955992786,0.0,0,,-0.09505442745915382
2020-07-09,136536.9955992786,0.0,0,,-0.09505442745915382
2020-07-10,136536.9955992786,0.0,0,,-0.09505442745915382
2020-07-13,136536.9955992786,0.0,0,,-0.09505442745915382
2020-07-14,136536.9955992786,0.0,0,,-0.09505442745915382
2020-07-15,136536.9955992786,0.0,0,,-0.09505442745915382
2020-07-16,136536.9955992786,0.0,0,,-0.09505442745915382
2020-07-17,136536.9955992786,0.0,0,,-0.09505442745915382
2020-07-20,136536.9955992786,0.0,0,,-0.09505442745915382
2020-07-21,136536.9955992786,0.0,0,,-0.09505442745915382
2020-07-22,136536.9955992786,0.0,0,,-0.09505442745915382
2020-07-23,136536.9955992786,0.0,0,,-0.09505442745915382
2020-07-24,136536.9955992786,0.0,0,,-0.09505442745915382
2020-07-27,136536.9955992786,0.0,0,,-0.09505442745915382
2020-07-28,136536.9955992786,0.0,0,,-0.09505442745915382
2020-07-29,136536.9955992786,0.0,0,,-0.09505442745915382
2020-07-30,136536.9955992786,0.0,0,,-0.09505442745915382
2020-07-31,136536.9955992786,0.0,0,,-0.09505442745915382
2020-08-03,136536.9955992786,0.0,0,,-0.09505442745915382
2020-08-04,136536.9955992786,0.0,0,,-0.09505442745915382
2020-08-05,136536.9955992786,0.0,0,,-0.09505442745915382
2020-08-06,136536.9955992786,0.0,0,,-0.09505442745915382
2020-08-07,136536.9955992786,0.0,0,,-0.09505442745915382
2020-08-10,136536.9955992786,0.0,0,,-0.09505442745915382
2020-08-11,136536.9955992786,0.0,0,,-0.09505442745915382
2020-08-12,136536.9955992786,0.0,0,,-0.09505442745915382
2020-08-13,136536.9955992786,0.0,0,,-0.09505442745915382
2020-08-14,136536.9955992786,0.0,0,,-0.09505442745915382
2020-08-17,136536.9955992786,0.0,0,,-0.09505442745915382
2020-08-18,136536.9955992786,0.0,0,,-0.09505442745915382
2020-08-19,136536.9955992786,0.0,0,,-0.09505442745915382
2020-08-20,136536.9955992786,0.0,0,,-0.09505442745915382
2020-08-21,136536.9955992786,0.0,0,,-0.09505442745915382
2020-08-24,136536.9955992786,0.0,0,,-0.09505442745915382
2020-08-25,136536.9955992786,0.0,0,,-0.09505442745915382
2020-08-26,136536.9955992786,0.0,0,,-0.09505442745915382
2020-08-27,136536.9955992786,0.0,0,,-0.09505442745915382
2020-08-28,136536.9955992786,0.0,0,,-0.09505442745915382
2020-08-31,136536.9955992786,0.0,0,,-0.09505442745915382
2020-09-01,136536.9955992786,0.0,0,,-0.09505442745915382
2020-09-02,136536.9955992786,0.0,0,,-0.09505442745915382
2020-09-03,136536.9955992786,0.0,0,,-0.09505442745915382
2020-09-04,136536.9955992786,0.0,0,,-0.09505442745915382
2020-09-08,136536.9955992786,0.0,0,,-0.09505442745915382
2020-09-09,136536.9955992786,0.0,0,,-0.09505442745915382
2020-09-10,136536.9955992786,0.0,0,,-0.09505442745915382
2020-09-11,136536.9955992786,0.0,0,,-0.09505442745915382
2020-09-14,136536.9955992786,0.0,0,,-0.09505442745915382
2020-09-15,136536.9955992786,0.0,0,,-0.09505442745915382
2020-09-16,136536.9955992786,0.0,0,,-0.09505442745915382
2020-09-17,136536.9955992786,0.0,0,,-0.09505442745915382
2020-09-18,136536.9955992786,0.0,0,,-0.09505442745915382
2020-09-21,136536.9955992786,0.0,0,,-0.09505442745915382
2020-09-22,136536.9955992786,0.0,0,,-0.09505442745915382
2020-09-23,136536.9955992786,0.0,0,,-0.09505442745915382
2020-09-24,136536.9955992786,0.0,0,,-0.09505442745915382
2020-09-25,136536.9955992786,0.0,0,,-0.09505442745915382
2020-09-28,136277.6096779303,-0.0018997482712272973,1,11.391473463603429,-0.09677359624614301
2020-09-29,135055.38614907768,-0.00896863051634933,0,,-0.10487430013402232
2020-09-30,135055.38614907768,0.0,0,,-0.10487430013402232
2020-10-01,135055.38614907768,0.0,0,,-0.10487430013402232
2020-10-02,135055.38614907768,0.0,0,,-0.10487430013402232
2020-10-05,138994.67259812888,0.029167932959762943,1,12.31031278201512,-0.07876533372977057
2020-10-06,139952.3768465641,0.0068902227008671435,1,12.418508938380649,-0.07241782171940969
2020-10-07,142270.22789224389,0.016561712619007185,1,12.676767792020526,-0.05705547225221386
2020-10-08,140994.13745777364,-0.008969483309162585,1,12.676767792020526,-0.06551319745531381
2020-10-09,140219.82007686846,-0.0054918409720197126,1,12.676767792020526,-0.07064525036534042
2020-10-12,144939.57853100233,0.03365970981524935,1,13.057606935501099,-0.03936343917721408
2020-10-13,145166.27128327233,0.0015640500308307104,1,13.136642796652659,-0.03786095553464208
2020-10-14,143607.453760141,-0.010738152253628508,1,13.136642796652659,-0.048192551083271806
2020-10-15,142331.36332567077,-0.008885962399985292,1,13.136642796652659,-0.05665027628637176
2020-10-16,140716.50174977304,-0.01134578871560965,1,13.136642796652659,-0.06735332293655527
2020-10-19,137519.91143777187,-0.02271652771531707,1,13.136642796652659,-0.0885398170246654
2020-10-20,139025.24031484232,0.010946261245605937,1,13.136642796652659,-0.07856273574684947
2020-10-21,137794.99173906696,-0.008849102314006374,1,13.136642796652659,-0.08671662837416372
2020-10-22,136126.65123348366,-0.012107410324045165,1,13.136642796652659,-0.09777412489656523
2020-10-23,138462.33182785037,0.01715814334079635,1,13.136642796652659,-0.08229360400576502
2020-10-26,133640.05788590014,-0.03482733446917352,0,,-0.11425487160355596
2020-10-27,133640.05788590014,0.0,0,,-0.11425487160355596
2020-10-28,133640.05788590014,0.0,0,,-0.11425487160355596
2020-10-29,133640.05788590014,0.0,0,,-0.11425487160355596
2020-10-30,133640.05788590014,0.0,0,,-0.11425487160355596
2020-11-02,133640.05788590014,0.0,0,,-0.11425487160355596
2020-11-03,133640.05788590014,0.0,0,,-0.11425487160355596
2020-11-04,133640.05788590014,0.0,0,,-0.11425487160355596
2020-11-05,133640.05788590014,0.0,0,,-0.11425487160355596
2020-11-06,137716.95885900155,0.030506578922482985,1,13.250750201089042,-0.08723381793892504
2020-11-09,128909.85857601989,-0.06395073167422038,1,13.250750201089042,-0.1456058831292154
2020-11-10,128487.49839387345,-0.0032763993911091305,0,,-0.14840521949349816
2020-11-11,128487.49839387345,0.0,0,,-0.14840521949349816
2020-11-12,128487.49839387345,0.0,0,,-0.14840521949349816
2020-11-13,128487.49839387345,0.0,0,,-0.14840521949349816
2020-11-16,128487.49839387345,0.0,0,,-0.14840521949349816
2020-11-17,127062.04135783967,-0.011094130198286645,1,11.875491244452341,-0.1578529228646186
2020-11-18,127277.90030132087,0.0016988468088063868,0,,-0.15642224399008153
2020-11-19,127277.90030132087,0.0,0,,-0.15642224399008153
2020-11-20,123627.65027813401,-0.028679370217022493,1,11.951411826269966,-0.18061552276153503
2020-11-23,124229.77066713688,0.004870434628889475,0,,-0.17662476422921825
2020-11-24,124229.77066713688,0.0,0,,-0.17662476422921825
2020-11-25,124229.77066713688,0.0,0,,-0.17662476422921825
2020-11-27,122988.74972712467,-0.009989722538709556,1,12.039107833589828,-0.18485005437981283
2020-11-30,124289.47161077471,0.010575941999052318,1,12.261544738497054,-0.17622907583440306
2020-12-01,124182.8227291862,-0.0008580685089923934,1,12.375402246202743,-0.1769359277230531
2020-12-02,125615.70148700241,0.011538461812395706,1,12.57021474838257,-0.16743903435593077
2020-12-03,124238.46447027703,-0.01096389225568184,1,12.57021474838257,-0.1765671430795387
2020-12-04,124538.27482797955,0.0024131846685391256,0,,-0.17458004753364686
2020-12-07,124538.27482797955,0.0,0,,-0.17458004753364686
2020-12-08,124538.27482797955,0.0,0,,-0.17458004753364686
2020-12-09,124538.27482797955,0.0,0,,-0.17458004753364686
2020-12-10,125349.43634309902,0.006513351146383739,1,12.146178483963014,-0.16920379754000214
2020-12-11,125113.16910158971,-0.0018848687987923496,0,,-0.17076973938017415
2020-12-14,125113.16910158971,0.0,0,,-0.17076973938017415
2020-12-15,124189.13792603477,-0.007385562864326789,1,12.653678212847028,-0.17689407159898396
2020-12-16,124578.28871399857,0.0031335332096078528,0,,-0.17431484183731427
2020-12-17,124578.28871399857,0.0,0,,-0.17431484183731427
2020-12-18,124578.28871399857,0.0,0,,-0.17431484183731427
2020-12-21,124578.28871399857,0.0,0,,-0.17431484183731427
2020-12-22,124008.78881656345,-0.004571421740609649,1,12.555768081120082,-0.17808939692023784
2020-12-23,121496.53219644277,-0.020258698146281118,1,12.555768081120082,-0.19474023573125865
2020-12-24,121351.77330282237,-0.001191465229528843,1,12.555768081120082,-0.19569967474112349
2020-12-28,121810.85898429016,0.0037830982520723477,0,,-0.19265692758649544
2020-12-29,121810.85898429016,0.0,0,,-0.19265692758649544
2020-12-30,121810.85898429016,0.0,0,,-0.19265692758649544
2020-12-31,121810.85898429016,0.0,0,,-0.19265692758649544
2021-01-04,121810.85898429016,0.0,0,,-0.19265692758649544
2021-01-05,121810.85898429016,0.0,0,,-0.19265692758649544
2021-01-06,121810.85898429016,0.0,0,,-0.19265692758649544
2021-01-07,121810.85898429016,0.0,0,,-0.19265692758649544
2021-01-08,121810.85898429016,0.0,0,,-0.19265692758649544
2021-01-11,123466.15734323571,0.0135890869890265,1,12.563107320240563,-0.1816858723454804
2021-01-12,122226.64449112967,-0.010039292375968234,1,12.563107320240563,-0.18990116712838956
2021-01-13,122652.65490928358,0.003485413674960469,1,12.563107320240563,-0.18707763757822937
2021-01-14,119647.9169797429,-0.024497944473872435,1,12.563107320240563,-0.20699256447440717
2021-01-15,119719.59574588848,0.0005990807692684008,0,,-0.20651748896989697
2021-01-19,119719.59574588848,0.0,0,,-0.20651748896989697
2021-01-20,119719.59574588848,0.0,0,,-0.20651748896989697
2021-01-21,123540.25783244777,0.031913422884160436,1,12.639866522380283,-0.1811947460442077
2021-01-22,122159.41598128548,-0.011177262176634506,1,12.639866522380283,-0.19034674703927734
2021-01-25,121631.58147363146,-0.004320866332030215,1,12.639866522380283,-0.19384515052061413
2021-01-26,119689.50765393458,-0.01596685495796102,1,12.639866522380283,-0.20671690807590837
2021-01-27,115079.29870524204,-0.03851807095758397,1,12.639866522380283,-0.23727264250009206
2021-01-28,116266.36561675432,0.010315208077108506,1,12.639866522380283,-0.22940495110137749
2021-01-29,115720.71516520141,-0.004693106631986077,1,12.639866522380283,-0.23302143583593926
2021-02-01,116111.9863635891,0.0033811681670745664,0,,-0.23042815232995917
2021-02-02,117305.23776465151,0.010276728858344741,1,12.51652731214251,-0.22251947111443893
2021-02-03,117078.10006577683,-0.0019362963086984042,1,12.51652731214251,-0.22402490379260487
2021-02-04,118235.42543740531,0.009885071341081408,1,12.607643433979579,-0.21635433460769216
2021-02-05,117601.59366582081,-0.005360760273324883,1,12.607643433979579,-0.22055527115909046
2021-02-08,124937.09745504326,0.062375887609713576,1,13.320089442389351,-0.1719367143549262
2021-02-09,123418.51380253067,-0.012154785755760233,1,13.320089442389351,-0.18200164618415293
2021-02-10,127753.61317313982,0.03512519505416578,1,13.67219614982605,-0.15326929445238469
2021-02-11,131963.24836305177,0.03295120259500428,1,14.110883474349974,-0.12536849943047423
2021-02-12,129458.23931143364,-0.018982626471322095,1,14.110883474349974,-0.14197130250583756
2021-02-16,132651.15582367263,0.0246636794167876,1,14.17591915811811,-0.12080915778043766
2021-02-17,128980.1649991138,-0.027674020642824426,1,14.17591915811811,-0.145139903297004
2021-02-18,128313.89441574812,-0.0051656825169222875,1,14.17591915811811,-0.14955583915295712
2021-02-19,129157.5510835828,0.006574943981523695,1,14.17591915811811,-0.1439642164359739
2021-02-22,124218.90496790578,-0.03823737810328287,1,14.17591915811811,-0.1766967803620516
2021-02-23,121609.07462444199,-0.021009928755514995,0,,-0.19399432235083103
2021-02-24,121609.07462444199,0.0,0,,-0.19399432235083103
2021-02-25,121609.07462444199,0.0,0,,-0.19399432235083103
2021-02-26,121609.07462444199,0.0,0,,-0.19399432235083103
2021-03-01,121609.07462444199,0.0,0,,-0.19399432235083103
2021-03-02,121609.07462444199,0.0,0,,-0.19399432235083103
2021-03-03,121609.07462444199,0.0,0,,-0.19399432235083103
2021-03-04,121609.07462444199,0.0,0,,-0.19399432235083103
2021-03-05,121609.07462444199,0.0,0,,-0.19399432235083103
2021-03-08,121609.07462444199,0.0,0,,-0.19399432235083103
2021-03-09,121609.07462444199,0.0,0,,-0.19399432235083103
2021-03-10,121609.07462444199,0.0,0,,-0.19399432235083103
2021-03-11,121609.07462444199,0.0,0,,-0.19399432235083103
2021-03-12,121609.07462444199,0.0,0,,-0.19399432235083103
2021-03-15,121609.07462444199,0.0,0,,-0.19399432235083103
2021-03-16,121609.07462444199,0.0,0,,-0.19399432235083103
2021-03-17,121609.07462444199,0.0,0,,-0.19399432235083103
2021-03-18,121609.07462444199,0.0,0,,-0.19399432235083103
2021-03-19,121609.07462444199,0.0,0,,-0.19399432235083103
2021-03-22,121609.07462444199,0.0,0,,-0.19399432235083103
2021-03-23,121609.07462444199,0.0,0,,-0.19399432235083103
2021-03-24,121609.07462444199,0.0,0,,-0.19399432235083103
2021-03-25,121609.07462444199,0.0,0,,-0.19399432235083103
2021-03-26,121609.07462444199,0.0,0,,-0.19399432235083103
2021-03-29,121609.07462444199,0.0,0,,-0.19399432235083103
2021-03-30,121609.07462444199,0.0,0,,-0.19399432235083103
2021-03-31,121609.07462444199,0.0,0,,-0.19399432235083103
2021-04-01,123569.67072738807,0.016122120072049606,1,12.685768263680595,-0.1809998020370175
2021-04-05,125142.0523330822,0.012724656434207171,1,12.889821563448224,-0.17057830589839085
2021-04-06,124014.7637553425,-0.009008071681126606,1,12.889821563448224,-0.1780497959727395
2021-04-07,126537.73970276228,0.020344157993939627,1,13.054170097623553,-0.16132791115885814
2021-04-08,128089.9937454279,0.01226712320223089,1,13.280572005680627,-0.15103981731877136
2021-04-09,128832.56345205488,0.00579724992494568,1,13.37714270183018,-0.1461181829634408
2021-04-12,136070.44876869206,0.056180558103470224,1,14.06748196056911,-0.09814662592792156
2021-04-13,140279.8738886258,0.03093563046219816,1,14.493160452161517,-0.0702472232165412
2021-04-14,136678.8318777145,-0.02567041095125533,1,14.493160452161517,-0.09411435907964338
2021-04-15,144375.23997398347,0.056310168813521244,1,14.867875984736852,-0.04310378571367335
2021-04-16,142364.46315168607,-0.013927435359828655,1,14.867875984736852,-0.0564308958842108
2021-04-19,137437.05825164003,-0.03461119995090345,1,14.867875984736852,-0.08908895481425727
2021-04-20,135732.71696396254,-0.012400885971794673,1,14.867875984736852,-0.10038505881605397
2021-04-21,137425.88101231516,0.012474251501221945,1,14.867875984736852,-0.08916303578546858
2021-04-22,132818.9879863205,-0.03352274689497392,0,,-0.1196967927994188
2021-04-23,132818.9879863205,0.0,0,,-0.1196967927994188
2021-04-26,132818.9879863205,0.0,0,,-0.1196967927994188
2021-04-27,132818.9879863205,0.0,0,,-0.1196967927994188
2021-04-28,132818.9879863205,0.0,0,,-0.1196967927994188
2021-04-29,132818.9879863205,0.0,0,,-0.1196967927994188
2021-04-30,132818.9879863205,0.0,0,,-0.1196967927994188
2021-05-03,132818.9879863205,0.0,0,,-0.1196967927994188
2021-05-04,132818.9879863205,0.0,0,,-0.1196967927994188
2021-05-05,132818.9879863205,0.0,0,,-0.1196967927994188
2021-05-06,132818.9879863205,0.0,0,,-0.1196967927994188
2021-05-07,132818.9879863205,0.0,0,,-0.1196967927994188
2021-05-10,132818.9879863205,0.0,0,,-0.1196967927994188
2021-05-11,132818.9879863205,0.0,0,,-0.1196967927994188
2021-05-12,132818.9879863205,0.0,0,,-0.1196967927994188
2021-05-13,132818.9879863205,0.0,0,,-0.1196967927994188
2021-05-14,132818.9879863205,0.0,0,,-0.1196967927994188
2021-05-17,132818.9879863205,0.0,0,,-0.1196967927994188
2021-05-18,132818.9879863205,0.0,0,,-0.1196967927994188
2021-05-19,132818.9879863205,0.0,0,,-0.1196967927994188
2021-05-20,132818.9879863205,0.0,0,,-0.1196967927994188
2021-05-21,132818.9879863205,0.0,0,,-0.1196967927994188
2021-05-24,132818.9879863205,0.0,0,,-0.1196967927994188
2021-05-25,131625.36629182435,-0.008986830216016206,1,14.405553238732475,-0.12760792826114498
2021-05-26,132064.8808151058,0.003339132385067778,1,14.405553238732475,-0.12469489564192526
2021-05-27,130281.58521211932,-0.013503178074140254,1,14.405553238732475,-0.13651429633527634
2021-05-28,136645.0877500739,0.04884422098175878,1,14.920213597161428,-0.09433800981088714
2021-06-01,136813.3271196851,0.0012312141796044784,1,14.96159781728472,-0.09322294592663749
2021-06-02,141134.87765591324,0.03158720445741103,1,15.459945883069718,-0.06458039372233337
2021-06-03,142745.73031167666,0.011413568938577257,1,15.641758135386874,-0.053903917559586456
2021-06-04,147864.30804265742,0.03585800934153793,1,16.24517035484314,-0.019978795397445737
2021-06-07,148207.0761041083,0.0023181257599500515,1,16.24517035484314,-0.01770698299775919
2021-06-08,146844.37892514982,-0.00919454870023384,1,16.24517035484314,-0.026738723980485823
2021-06-09,146013.70706531283,-0.005656817550097726,1,16.24517035484314,-0.03224428544750357
2021-06-10,146575.18951609614,0.0038454091884136954,1,16.24517035484314,-0.028522868730623485
2021-06-11,149942.01452036886,0.022969951568119873,1,16.566053799220494,-0.0062080860758298995
2021-06-14,151569.68148657976,0.01085530944357016,1,16.826784746987478,0.0
2021-06-15,149632.87507981298,-0.012778323394037616,1,16.826784746987478,-0.012778323394037616
2021-06-16,149815.82697106575,0.0012226717635090978,1,16.826784746987478,-0.011571275325727326
2021-06-17,156940.602227788,0.047556893025049174,1,17.303454773766656,0.0
2021-06-18,156784.98963520175,-0.0009915381384888455,1,17.303454773766656,-0.0009915381384888455
2021-06-21,155005.89760982714,-0.011347336435165833,1,17.303454773766656,-0.012327623256808917
2021-06-22,158871.10326813694,0.024935861911777657,1,17.492418834141322,0.0
2021-06-23,160305.3093990654,0.00902748266629616,1,17.73613289424351,0.0
2021-06-24,161552.36006112918,0.007779222452073409,1,17.943043981279644,0.0
2021-06-25,160084.50926511636,-0.009085913665745293,1,17.943043981279644,-0.009085913665745293
2021-06-28,168109.34750065024,0.05012876181694703,1,18.6317411831447,0.0
2021-06-29,168460.53876151427,0.002089064445762956,1,18.65161623273577,0.0
2021-06-30,168256.55293801273,-0.0012108819371065005,1,18.65161623273577,-0.0012108819371065005
2021-07-01,170018.81460875052,0.010473658469557723,1,18.85079465593611,0.0
2021-07-02,172332.04978624187,0.013605759943772222,1,19.14070463180542,0.0
2021-07-06,174111.1418116165,0.010323628295383136,1,19.31631190436227,0.0
2021-07-07,171362.5956884555,-0.015786158740690115,1,19.31631190436227,-0.015786158740690115
2021-07-08,167417.473922952,-0.02302207053793648,1,19.31631190436227,-0.038444799218575354
2021-07-09,168658.2031744086,0.007410990157620034,1,19.31631190436227,-0.03131872308957573
2021-07-12,172546.56059796244,0.023054659366511077,1,19.31631190436227,-0.00898610621568885
2021-07-13,170338.46299333606,-0.012797111672201322,1,19.31631190436227,-0.021668221683149747
2021-07-14,166902.24687008865,-0.020172872661072594,1,19.31631190436227,-0.0414039840674163
2021-07-15,162240.76119349213,-0.027929436325832557,0,,-0.06817703045660217
2021-07-16,162240.76119349213,0.0,0,,-0.06817703045660217
2021-07-19,162240.76119349213,0.0,0,,-0.06817703045660217
2021-07-20,160977.1696920283,-0.0077883726146774634,1,17.245357172829763,-0.07543441495432135
2021-07-21,167879.15974271164,0.042875583313384036,1,17.77383940560477,-0.03579312618400776
2021-07-22,169470.5955076331,0.009479650525773708,1,17.92971420288086,-0.026652781985683327
2021-07-23,169159.23373724957,-0.0018372613222421563,1,17.92971420288086,-0.02844107518245298
2021-07-26,166875.87009613888,-0.013498309200533298,1,17.92971420288086,-0.04155547795617798
2021-07-27,166132.0430925984,-0.00445736704241273,1,17.92971420288086,-0.04582761698071702
2021-07-28,166841.45632258998,0.004270177003699027,0,,-0.041753132013183314
2021-07-29,166841.45632258998,0.0,0,,-0.041753132013183314
2021-07-30,166841.45632258998,0.0,0,,-0.041753132013183314
2021-08-02,166841.45632258998,0.0,0,,-0.041753132013183314
2021-08-03,166841.45632258998,0.0,0,,-0.041753132013183314
2021-08-04,166841.45632258998,0.0,0,,-0.041753132013183314
2021-08-05,166841.45632258998,0.0,0,,-0.041753132013183314
2021-08-06,165309.08868824702,-0.009184573595306555,1,18.829267093113494,-0.05055422089468031
2021-08-09,164732.79464474253,-0.0034861606707621284,1,18.829267093113494,-0.053864141428818346
2021-08-10,164704.52689088334,-0.0001715976100579164,0,,-0.054026496080939235
2021-08-11,164704.52689088334,0.0,0,,-0.054026496080939235
2021-08-12,164704.52689088334,0.0,0,,-0.054026496080939235
2021-08-13,166796.01692333005,0.012698436842797367,1,18.795499324798588,-0.04201411128646315
2021-08-16,164829.63692032435,-0.011789130455732488,1,18.795499324798588,-0.05330793190325789
2021-08-17,160764.66078812917,-0.02466168225657206,1,18.795499324798588,-0.07665495088147689
2021-08-18,157311.09362657522,-0.021482128874736883,1,18.795499324798588,-0.09649036822249124
2021-08-19,160820.4987784541,0.022308694644317173,0,,-0.07633424773896724
2021-08-20,167206.52753216628,0.03970904705692746,1,19.085106304713655,-0.03965636091756153
2021-08-23,176379.7542687874,0.05486165445817548,1,20.19514240537371,0.0
2021-08-24,175054.36850085985,-0.007514387200629469,1,20.19514240537371,-0.007514387200629469
2021-08-25,178428.05962172046,0.01927224752945267,1,20.41264172962734,0.0
2021-08-26,177263.34478073908,-0.006527643933642802,1,20.41264172962734,-0.006527643933642802
2021-08-27,181825.85061557486,0.02573857466403595,1,20.762070860181538,0.0
2021-08-30,182243.54599855692,0.002297227713044858,1,20.832464218139652,0.0
2021-08-31,179809.6733196463,-0.01335505554160965,1,20.832464218139652,-0.01335505554160965
2021-09-01,180259.49675963278,0.0025016642969304392,1,20.832464218139652,-0.01088680111031115
2021-09-02,179898.02930664908,-0.002005261633819422,1,20.832464218139652,-0.012870231859549164
2021-09-03,183488.60396349226,0.019958943801006157,1,21.02782235826765,0.0
2021-09-07,182034.7059675468,-0.00792364192947237,1,21.02782235826765,-0.00792364192947237
2021-09-08,179440.17768265193,-0.014252931995052731,1,21.02782235826765,-0.0220636387949511
2021-09-09,178138.89178771822,-0.007251920454710459,1,21.02782235826765,-0.02915555549617921
2021-09-10,180556.70809860752,0.01357264708804018,1,21.05550139290946,-0.01597862647354431
2021-09-13,177938.0799407188,-0.014503078758273502,1,21.05550139290946,-0.03024996595362306
2021-09-14,178661.01484668622,0.004062845379742663,1,21.05550139290946,-0.026310021508292536
2021-09-15,179456.23405067323,0.004450994553397258,1,21.05550139290946,-0.021976132717328456
2021-09-16,178661.01484668622,-0.004431270990354452,1,21.05550139290946,-0.026310021508292536
2021-09-17,175913.85913981774,-0.015376357898928772,1,21.05550139290946,-0.041281827100181245
2021-09-20,168876.65017409198,-0.04000372114020034,0,,-0.0796341215409081
2021-09-21,168876.65017409198,0.0,0,,-0.0796341215409081
2021-09-22,168876.65017409198,0.0,0,,-0.0796341215409081
2021-09-23,171228.4785625488,0.013926308853428493,1,20.95307207107544,-0.0668168220593297
2021-09-24,168174.35588453783,-0.01783653457444756,1,20.95307207107544,-0.08346157607696136
2021-09-27,164967.91929728532,-0.019066144599679147,1,20.95307207107544,-0.10093643019864007
2021-09-28,161328.72280920894,-0.022060025389047055,0,,-0.12076979537482535
2021-09-29,161328.72280920894,0.0,0,,-0.12076979537482535
2021-09-30,161328.72280920894,0.0,0,,-0.12076979537482535
2021-10-01,161328.72280920894,0.0,0,,-0.12076979537482535
2021-10-04,161328.72280920894,0.0,0,,-0.12076979537482535
2021-10-05,161328.72280920894,0.0,0,,-0.12076979537482535
2021-10-06,161328.72280920894,0.0,0,,-0.12076979537482535
2021-10-07,161328.72280920894,0.0,0,,-0.12076979537482535
2021-10-08,161328.72280920894,0.0,0,,-0.12076979537482535
2021-10-11,161328.72280920894,0.0,0,,-0.12076979537482535
2021-10-12,161328.72280920894,0.0,0,,-0.12076979537482535
2021-10-13,161328.72280920894,0.0,0,,-0.12076979537482535
2021-10-14,161328.72280920894,0.0,0,,-0.12076979537482535
2021-10-15,161328.72280920894,0.0,0,,-0.12076979537482535
2021-10-18,161328.72280920894,0.0,0,,-0.12076979537482535
2021-10-19,161188.345394238,-0.0008701328103672967,1,20.776608330862864,-0.12153484242373569
2021-10-20,159836.06797735253,-0.008389424269962142,1,20.776608330862864,-0.1289046593370221
2021-10-21,164095.36529606607,0.026647911029174187,1,21.201106752668107,-0.1056917882011068
2021-10-22,164341.2364251067,0.0014983429214896482,1,21.345464638301305,-0.10435180782232778
2021-10-25,167523.06482996437,0.019361107863562266,1,21.836715289524623,-0.0870110665657714
2021-10-26,178738.98685408413,0.06695150924742155,1,23.12824950899397,-0.025885079546156153
2021-10-27,176815.43767558056,-0.010761777340015266,1,23.12824950899397,-0.036368287423667045
2021-10-28,180358.83153408294,0.0200400706243975,1,23.306893008095876,-0.017057039847728328
2021-10-29,184885.69611590987,0.02509921218341593,1,23.89432110105242,0.0
2021-11-01,186765.86681910584,0.010169368116056177,1,24.12967838559832,0.0
2021-11-02,190916.6972602936,0.02222478074758749,1,24.603856359209335,0.0
2021-11-03,192341.29052647552,0.0074618579025576,1,24.84853546960013,0.0
2021-11-04,215503.53430759656,0.1204226285355654,1,27.248322010040283,0.0
2021-11-05,215149.1963010301,-0.001644232925018696,1,27.248322010040283,-0.001644232925018696
2021-11-08,222756.64985726716,0.03535896804184624,1,27.831858158111572,0.0
2021-11-09,221693.62204472985,-0.004772148500250983,1,27.831858158111572,-0.004772148500250983
2021-11-10,213030.38191587178,-0.039077534342012554,1,27.831858158111572,-0.04366319904535976
2021-11-11,219762.83162631013,0.03160323729362258,1,27.831858158111572,-0.013439860192166364
2021-11-12,219762.83162631013,0.0,1,27.831858158111572,-0.013439860192166364
2021-11-15,217123.36519475747,-0.012010522489266373,1,27.831858158111572,-0.025288962938342152
2021-11-16,218410.55420942465,0.005928376310456507,1,27.831858158111572,-0.019510509116685393
2021-11-17,211598.5612026115,-0.031188936960809155,1,27.831858158111572,-0.050090934038581
2021-11-18,229055.2044719263,0.08249887508733833,1,27.831858158111572,0.0
2021-11-19,238528.3738372028,0.04135758184196847,1,28.55053561074393,0.0
2021-11-22,231087.23432079362,-0.031196035074166018,1,28.55053561074393,-0.031196035074166018
2021-11-23,229568.6428640803,-0.006571507340839222,1,28.55053561074393,-0.03756253744151028
2021-11-24,236279.39644044585,0.02923201310354373,1,28.55053561074393,-0.00942855292465905
2021-11-26,227811.40772540457,-0.035838879066950935,1,28.55053561074393,-0.0449295232235668
2021-11-29,241355.85044265608,0.059454628951582045,1,28.960998943873815,0.0
2021-11-30,236293.8513346024,-0.020973177566525836,1,28.960998943873815,-0.020973177566525836
2021-12-01,227319.6654673234,-0.037978922500912504,1,28.960998943873815,-0.058155561382041476
2021-12-02,232316.57617315877,0.021981867233363817,1,28.960998943873815,-0.03745206197785933
2021-12-03,221953.96186076498,-0.04460557435501267,1,28.960998943873815,-0.08038706559757003
2021-12-06,209114.9863627508,-0.0578452188479891,0,,-0.1335822770435201
2021-12-07,209114.9863627508,0.0,0,,-0.1335822770435201
2021-12-08,209114.9863627508,0.0,0,,-0.1335822770435201
2021-12-09,209114.9863627508,0.0,0,,-0.1335822770435201
2021-12-10,209114.9863627508,0.0,0,,-0.1335822770435201
2021-12-13,209114.9863627508,0.0,0,,-0.1335822770435201
2021-12-14,209114.9863627508,0.0,0,,-0.1335822770435201
2021-12-15,209114.9863627508,0.0,0,,-0.1335822770435201
2021-12-16,190268.87424986917,-0.0901232017880792,1,26.561999320983887,-0.211666616322295
2021-12-17,187293.04657303632,-0.01564011816733024,0,,-0.22399624359826564
2021-12-20,187293.04657303632,0.0,0,,-0.22399624359826564
2021-12-21,187293.04657303632,0.0,0,,-0.22399624359826564
2021-12-22,187293.04657303632,0.0,0,,-0.22399624359826564
2021-12-23,187293.04657303632,0.0,0,,-0.22399624359826564
2021-12-27,187293.04657303632,0.0,0,,-0.22399624359826564
2021-12-28,187293.04657303632,0.0,0,,-0.22399624359826564
2021-12-29,187293.04657303632,0.0,0,,-0.22399624359826564
2021-12-30,187293.04657303632,0.0,0,,-0.22399624359826564
2021-12-31,187293.04657303632,0.0,0,,-0.22399624359826564
2022-01-03,187293.04657303632,0.0,0,,-0.22399624359826564
2022-01-04,187293.04657303632,0.0,0,,-0.22399624359826564
2022-01-05,187293.04657303632,0.0,0,,-0.22399624359826564
2022-01-06,187293.04657303632,0.0,0,,-0.22399624359826564
2022-01-07,187293.04657303632,0.0,0,,-0.22399624359826564
2022-01-10,187293.04657303632,0.0,0,,-0.22399624359826564
2022-01-11,187293.04657303632,0.0,0,,-0.22399624359826564
2022-01-12,187293.04657303632,0.0,0,,-0.22399624359826564
2022-01-13,187293.04657303632,0.0,0,,-0.22399624359826564
2022-01-14,187293.04657303632,0.0,0,,-0.22399624359826564
2022-01-18,187293.04657303632,0.0,0,,-0.22399624359826564
2022-01-19,187293.04657303632,0.0,0,,-0.22399624359826564
2022-01-20,187293.04657303632,0.0,0,,-0.22399624359826564
2022-01-21,187293.04657303632,0.0,0,,-0.22399624359826564
2022-01-24,187293.04657303632,0.0,0,,-0.22399624359826564
2022-01-25,187293.04657303632,0.0,0,,-0.22399624359826564
2022-01-26,187293.04657303632,0.0,0,,-0.22399624359826564
2022-01-27,187293.04657303632,0.0,0,,-0.22399624359826564
2022-01-28,187293.04657303632,0.0,0,,-0.22399624359826564
2022-01-31,187293.04657303632,0.0,0,,-0.22399624359826564
2022-02-01,187293.04657303632,0.0,0,,-0.22399624359826564
2022-02-02,187293.04657303632,0.0,0,,-0.22399624359826564
2022-02-03,187293.04657303632,0.0,0,,-0.22399624359826564
2022-02-04,187293.04657303632,0.0,0,,-0.22399624359826564
2022-02-07,187293.04657303632,0.0,0,,-0.22399624359826564
2022-02-08,187293.04657303632,0.0,0,,-0.22399624359826564
2022-02-09,187293.04657303632,0.0,0,,-0.22399624359826564
2022-02-10,187293.04657303632,0.0,0,,-0.22399624359826564
2022-02-11,187293.04657303632,0.0,0,,-0.22399624359826564
2022-02-14,187293.04657303632,0.0,0,,-0.22399624359826564
2022-02-15,187293.04657303632,0.0,0,,-0.22399624359826564
2022-02-16,188807.2248431783,0.00808454076564713,1,22.904927866799493,-0.2177226095953405
2022-02-17,174535.0499565047,-0.07559125398155686,1,22.904927866799493,-0.2768559384974486
2022-02-18,168374.65584655752,-0.03529602857123759,1,22.904927866799493,-0.3023800519533635
2022-02-22,166579.94520090264,-0.010659030818096715,1,22.904927866799493,-0.30981600447891156
2022-02-23,162880.65309334008,-0.02220730774704638,0,,-0.32514313286953445
2022-02-24,162880.65309334008,0.0,0,,-0.32514313286953445
2022-02-25,162880.65309334008,0.0,0,,-0.32514313286953445
2022-02-28,162880.65309334008,0.0,0,,-0.32514313286953445
2022-03-01,162880.65309334008,0.0,0,,-0.32514313286953445
2022-03-02,162880.65309334008,0.0,0,,-0.32514313286953445
2022-03-03,162880.65309334008,0.0,0,,-0.32514313286953445
2022-03-04,162880.65309334008,0.0,0,,-0.32514313286953445
2022-03-07,162880.65309334008,0.0,0,,-0.32514313286953445
2022-03-08,162880.65309334008,0.0,0,,-0.32514313286953445
2022-03-09,162880.65309334008,0.0,0,,-0.32514313286953445
2022-03-10,162880.65309334008,0.0,0,,-0.32514313286953445
2022-03-11,162880.65309334008,0.0,0,,-0.32514313286953445
2022-03-14,162880.65309334008,0.0,0,,-0.32514313286953445
2022-03-15,162880.65309334008,0.0,0,,-0.32514313286953445
2022-03-16,162880.65309334008,0.0,0,,-0.32514313286953445
2022-03-17,162880.65309334008,0.0,0,,-0.32514313286953445
2022-03-18,162880.65309334008,0.0,0,,-0.32514313286953445
2022-03-21,164029.47783508006,0.007053168807480414,1,23.349177837371826,-0.3203832534647759
2022-03-22,162741.00468720615,-0.007855131680473804,1,23.349177837371826,-0.3257217325010653
2022-03-23,157280.31271292517,-0.03355449344052297,1,23.349177837371826,-0.3483467982049455
2022-03-24,172717.5083273272,0.0981508451256623,1,24.44267858777728,-0.2843864857199172
2022-03-25,169907.39637310305,-0.01626998896312548,1,24.44267858777728,-0.29602950969911757
2022-03-28,173140.86713384386,0.019030782825018244,1,24.74292884554182,-0.28263240018297997
2022-03-29,175822.1317732806,0.015486029865866557,1,25.31207193647112,-0.2715232241074086
2022-03-30,169895.1318875538,-0.03371020374937517,1,25.31207193647112,-0.2960803246494358
2022-03-31,167416.3365844601,-0.014590149085226933,1,25.31207193647112,-0.30635061765682503
2022-04-01,163894.49827751805,-0.02103640766960224,1,25.31207193647112,-0.3209425088435639
2022-04-04,167870.38001035666,0.024258787052792607,1,25.31207193647112,-0.3044693977689963
2022-04-05,159102.5835510259,-0.052229562230036275,1,25.31207193647112,-0.34079665664111514
2022-04-06,152755.90074628362,-0.039890507514649065,0,,-0.3670926125630545
2022-04-07,152755.90074628362,0.0,0,,-0.3670926125630545
2022-04-08,152755.90074628362,0.0,0,,-0.3670926125630545
2022-04-11,152755.90074628362,0.0,0,,-0.3670926125630545
2022-04-12,152755.90074628362,0.0,0,,-0.3670926125630545
2022-04-13,152755.90074628362,0.0,0,,-0.3670926125630545
2022-04-14,152755.90074628362,0.0,0,,-0.3670926125630545
2022-04-18,152755.90074628362,0.0,0,,-0.3670926125630545
2022-04-19,152755.90074628362,0.0,0,,-0.3670926125630545
2022-04-20,152755.90074628362,0.0,0,,-0.3670926125630545
2022-04-21,152755.90074628362,0.0,0,,-0.3670926125630545
2022-04-22,152755.90074628362,0.0,0,,-0.3670926125630545
2022-04-25,152755.90074628362,0.0,0,,-0.3670926125630545
2022-04-26,152755.90074628362,0.0,0,,-0.3670926125630545
2022-04-27,152755.90074628362,0.0,0,,-0.3670926125630545
2022-04-28,152755.90074628362,0.0,0,,-0.3670926125630545
2022-04-29,152755.90074628362,0.0,0,,-0.3670926125630545
2022-05-02,152755.90074628362,0.0,0,,-0.3670926125630545
2022-05-03,152755.90074628362,0.0,0,,-0.3670926125630545
2022-05-04,152755.90074628362,0.0,0,,-0.3670926125630545
2022-05-05,152755.90074628362,0.0,0,,-0.3670926125630545
2022-05-06,152755.90074628362,0.0,0,,-0.3670926125630545
2022-05-09,152755.90074628362,0.0,0,,-0.3670926125630545
2022-05-10,152755.90074628362,0.0,0,,-0.3670926125630545
2022-05-11,152755.90074628362,0.0,0,,-0.3670926125630545
2022-05-12,152755.90074628362,0.0,0,,-0.3670926125630545
2022-05-13,152755.90074628362,0.0,0,,-0.3670926125630545
2022-05-16,152755.90074628362,0.0,0,,-0.3670926125630545
2022-05-17,152755.90074628362,0.0,0,,-0.3670926125630545
2022-05-18,152755.90074628362,0.0,0,,-0.3670926125630545
2022-05-19,152755.90074628362,0.0,0,,-0.3670926125630545
2022-05-20,152755.90074628362,0.0,0,,-0.3670926125630545
2022-05-23,152755.90074628362,0.0,0,,-0.3670926125630545
2022-05-24,152755.90074628362,0.0,0,,-0.3670926125630545
2022-05-25,152755.90074628362,0.0,0,,-0.3670926125630545
2022-05-26,152755.90074628362,0.0,0,,-0.3670926125630545
2022-05-27,152755.90074628362,0.0,0,,-0.3670926125630545
2022-05-31,150051.97065920854,-0.01770098617379179,1,15.91178522791181,-0.37829569747736647
2022-06-01,150244.14875023247,0.0012807435329216244,0,,-0.377499453712521
2022-06-02,150244.14875023247,0.0,0,,-0.377499453712521
2022-06-03,150244.14875023247,0.0,0,,-0.377499453712521
2022-06-06,150244.14875023247,0.0,0,,-0.377499453712521
2022-06-07,153706.25470764143,0.02304319992630388,1,16.096893038068497,-0.36315504917018526
2022-06-08,151448.49719405282,-0.014688780999075224,1,16.096893038068497,-0.37250952518329117
2022-06-09,146575.63401329287,-0.03217505139398169,1,16.096893038068497,-0.3926990634597528
2022-06-10,137853.219298304,-0.059507944643772404,1,16.096893038068497,-0.42883829397350093
2022-06-13,129748.02113479709,-0.05879585696122103,0,,-0.46242023594276194
2022-06-14,129748.02113479709,0.0,0,,-0.46242023594276194
2022-06-15,129748.02113479709,0.0,0,,-0.46242023594276194
2022-06-16,129748.02113479709,0.0,0,,-0.46242023594276194
2022-06-17,129748.02113479709,0.0,0,,-0.46242023594276194
2022-06-21,129748.02113479709,0.0,0,,-0.46242023594276194
2022-06-22,129748.02113479709,0.0,0,,-0.46242023594276194
2022-06-23,129748.02113479709,0.0,0,,-0.46242023594276194
2022-06-24,134468.87478974374,0.03638478347228191,1,14.910820586340769,-0.44286051262845894
2022-06-27,132450.97815154665,-0.015006421681986182,1,14.910820586340769,-0.4512211827116419
2022-06-28,132495.34155866827,0.0003349420875613518,0,,-0.4510373735889699
2022-06-29,132495.34155866827,0.0,0,,-0.4510373735889699
2022-06-30,132495.34155866827,0.0,0,,-0.4510373735889699
2022-07-01,132495.34155866827,0.0,0,,-0.4510373735889699
2022-07-05,132495.34155866827,0.0,0,,-0.4510373735889699
2022-07-06,132495.34155866827,0.0,0,,-0.4510373735889699
2022-07-07,132495.34155866827,0.0,0,,-0.4510373735889699
2022-07-08,132495.34155866827,0.0,0,,-0.4510373735889699
2022-07-11,132495.34155866827,0.0,0,,-0.4510373735889699
2022-07-12,132495.34155866827,0.0,0,,-0.4510373735889699
2022-07-13,132495.34155866827,0.0,0,,-0.4510373735889699
2022-07-14,132495.34155866827,0.0,0,,-0.4510373735889699
2022-07-15,132495.34155866827,0.0,0,,-0.4510373735889699
2022-07-18,132495.34155866827,0.0,0,,-0.4510373735889699
2022-07-19,136357.4504950757,0.029149016795411598,1,15.071286201477049,-0.43503565277166145
2022-07-20,142897.6535966996,0.04796366518938466,1,15.829142025538852,-0.40793789197726227
2022-07-21,144847.68087429553,0.013646321185227572,1,16.091070788247244,-0.39985842228958113
2022-07-22,138981.55825261172,-0.04049856087633641,1,16.091070788247244,-0.42416329250890705
2022-07-25,136614.2408722772,-0.01703332017642012,1,16.091070788247244,-0.43397170351693837
2022-07-26,135327.59434802047,-0.00941809957762485,0,,-0.43930261437696927
2022-07-27,135327.59434802047,0.0,0,,-0.43930261437696927
2022-07-28,135192.55491859565,-0.0009978706122385494,1,15.926071984427315,-0.4398621178204415
2022-07-29,136538.17234839452,0.009953339742777345,1,16.149072068078176,-0.4342868751763085
2022-08-01,138628.00304940087,0.015305834735167556,1,16.373143196105957,-0.4256281635802419
2022-08-02,139266.97346050772,0.0046092448643233475,1,16.46957070486886,-0.42298074314301215
2022-08-03,142025.85625116195,0.019810029054997624,1,16.82121389252799,-0.41154997489938205
2022-08-04,144446.4563717407,0.017043376357457785,1,17.124642951147898,-0.40152079965403675
2022-08-05,142747.52977086016,-0.01176163571993949,1,17.124642951147898,-0.4085598939944667
2022-08-08,133756.73546796668,-0.06298388712803371,1,17.124642951147898,-0.4458110908741114
2022-08-09,128539.34844260664,-0.039006536808081305,0,,-0.46742808095656085
2022-08-10,128539.34844260664,0.0,0,,-0.46742808095656085
2022-08-11,128539.34844260664,0.0,0,,-0.46742808095656085
2022-08-12,128539.34844260664,0.0,0,,-0.46742808095656085
2022-08-15,128539.34844260664,0.0,0,,-0.46742808095656085
2022-08-16,128539.34844260664,0.0,0,,-0.46742808095656085
2022-08-17,128539.34844260664,0.0,0,,-0.46742808095656085
2022-08-18,128539.34844260664,0.0,0,,-0.46742808095656085
2022-08-19,128539.34844260664,0.0,0,,-0.46742808095656085
2022-08-22,128539.34844260664,0.0,0,,-0.46742808095656085
2022-08-23,128539.34844260664,0.0,0,,-0.46742808095656085
2022-08-24,128539.34844260664,0.0,0,,-0.46742808095656085
2022-08-25,128539.34844260664,0.0,0,,-0.46742808095656085
2022-08-26,128539.34844260664,0.0,0,,-0.46742808095656085
2022-08-29,128539.34844260664,0.0,0,,-0.46742808095656085
2022-08-30,128539.34844260664,0.0,0,,-0.46742808095656085
2022-08-31,128539.34844260664,0.0,0,,-0.46742808095656085
2022-09-01,128539.34844260664,0.0,0,,-0.46742808095656085
2022-09-02,128539.34844260664,0.0,0,,-0.46742808095656085
2022-09-06,128539.34844260664,0.0,0,,-0.46742808095656085
2022-09-07,128539.34844260664,0.0,0,,-0.46742808095656085
2022-09-08,128539.34844260664,0.0,0,,-0.46742808095656085
2022-09-09,128539.34844260664,0.0,0,,-0.46742808095656085
2022-09-12,128539.34844260664,0.0,0,,-0.46742808095656085
2022-09-13,128539.34844260664,0.0,0,,-0.46742808095656085
2022-09-14,128539.34844260664,0.0,0,,-0.46742808095656085
2022-09-15,128539.34844260664,0.0,0,,-0.46742808095656085
2022-09-16,128539.34844260664,0.0,0,,-0.46742808095656085
2022-09-19,128539.34844260664,0.0,0,,-0.46742808095656085
2022-09-20,128539.34844260664,0.0,0,,-0.46742808095656085
2022-09-21,128539.34844260664,0.0,0,,-0.46742808095656085
2022-09-22,128539.34844260664,0.0,0,,-0.46742808095656085
2022-09-23,128539.34844260664,0.0,0,,-0.46742808095656085
2022-09-26,128539.34844260664,0.0,0,,-0.46742808095656085
2022-09-27,128539.34844260664,0.0,0,,-0.46742808095656085
2022-09-28,128539.34844260664,0.0,0,,-0.46742808095656085
2022-09-29,128539.34844260664,0.0,0,,-0.46742808095656085
2022-09-30,128539.34844260664,0.0,0,,-0.46742808095656085
2022-10-03,128539.34844260664,0.0,0,,-0.46742808095656085
2022-10-04,128539.34844260664,0.0,0,,-0.46742808095656085
2022-10-05,128539.34844260664,0.0,0,,-0.46742808095656085
2022-10-06,128539.34844260664,0.0,0,,-0.46742808095656085
2022-10-07,128539.34844260664,0.0,0,,-0.46742808095656085
2022-10-10,128539.34844260664,0.0,0,,-0.46742808095656085
2022-10-11,128539.34844260664,0.0,0,,-0.46742808095656085
2022-10-12,128539.34844260664,0.0,0,,-0.46742808095656085
2022-10-13,128539.34844260664,0.0,0,,-0.46742808095656085
2022-10-14,128539.34844260664,0.0,0,,-0.46742808095656085
2022-10-17,128539.34844260664,0.0,0,,-0.46742808095656085
2022-10-18,128539.34844260664,0.0,0,,-0.46742808095656085
2022-10-19,128539.34844260664,0.0,0,,-0.46742808095656085
2022-10-20,128539.34844260664,0.0,0,,-0.46742808095656085
2022-10-21,128539.34844260664,0.0,0,,-0.46742808095656085
2022-10-24,128539.34844260664,0.0,0,,-0.46742808095656085
2022-10-25,134079.66085577497,0.04310207325846305,1,11.423678330012729,-0.4444731270865503
2022-10-26,130389.2116659321,-0.027524302838240033,1,11.423678330012729,-0.45976361697140056
2022-10-27,133220.2402568109,0.021712138256745783,1,11.423678330012729,-0.4480339299317594
2022-10-28,139873.16371295904,0.04993928432588901,1,11.990606784820555,-0.4204691394203779
2022-10-31,136465.81641796054,-0.02436026471804764,1,11.990606784820555,-0.4345866645963755
2022-11-01,136930.91927551563,0.0034082004546149847,1,11.990606784820555,-0.43265962260960755
2022-11-02,133655.00801350843,-0.02392382435858631,1,11.990606784820555,-0.4462325741498293
2022-11-03,135697.39147913433,0.015281009638033805,1,11.990606784820555,-0.4377704487781837
2022-11-04,143128.85478853955,0.05476496805428965,1,12.356356927326747,-0.4069799653663434
2022-11-07,144594.91955004577,0.010242971367808495,1,12.575642211096625,-0.40090567813105416
2022-11-08,147638.28420449301,0.02104752133697141,1,12.84825004850115,-0.3882962276086591
2022-11-09,139286.73973684356,-0.056567607193820924,1,12.84825004850115,-0.4228988463242709
2022-11-10,159245.51010528786,0.14329268102730164,1,13.726428440638951,-0.34020447479012683
2022-11-11,165079.45333532538,0.03663489932105657,1,14.256821019308907,-0.31603293215157957
2022-11-14,164755.91106762757,-0.00195991845842014,1,14.256821019308907,-0.3173734518328071
2022-11-15,168507.03045918574,0.022767737844734626,1,14.606535911560059,-0.30183158953828026
2022-11-16,160863.24072864722,-0.045361844604993706,1,14.606535911560059,-0.33350179648176026
2022-11-17,158507.4202673193,-0.014644865108131455,1,14.606535911560059,-0.3432625727670968
2022-11-18,155797.7224374359,-0.01709508504594648,1,14.606535911560059,-0.35448955493849943
2022-11-21,154867.52636476076,-0.005970537040736801,1,14.606535911560059,-0.3583435989609216
2022-11-22,162157.42908430874,0.047071861291165806,1,14.606535911560059,-0.3281396378546214
2022-11-23,167020.72622638254,0.02999120773890218,1,14.606535911560059,-0.3079897341619854
2022-11-25,164503.14427364082,-0.015073470278948231,1,14.606535911560059,-0.3184207303368217
2022-11-28,160024.0403161099,-0.027228075045667266,1,14.606535911560059,-0.3369788218407819
2022-11-29,158123.2077979062,-0.011878418482928033,1,14.606535911560059,-0.3448544648580011
2022-11-30,171105.51244250458,0.08210246190547044,1,14.927107300077168,-0.2910654035164659
2022-12-01,173249.0064826992,0.01252732310956306,1,15.38321443966457,-0.28218435076276904
2022-12-02,170630.29467051852,-0.015115306375174997,1,15.38321443966457,-0.29303435422188495
2022-12-05,167940.82666949698,-0.015761960712866396,1,15.38321443966457,-0.3041775189559859
2022-12-06,161641.78058190434,-0.037507532935925014,1,15.38321443966457,-0.33027610358130133
2022-12-07,162986.52422485023,0.008319282540101058,1,15.38321443966457,-0.32470448126313667
2022-12-08,173592.77857925885,0.06507442504741445,1,15.41882143701826,-0.28076001364423986
2022-12-09,171894.1479253224,-0.009785145832900466,1,15.41882143701826,-0.2877978817995843
2022-12-12,177293.33304109756,0.031409941414182185,1,15.772321053913661,-0.2654276549918527
2022-12-13,182722.85325773034,0.030624503039683892,1,16.252357380730764,-0.24293174197928302
2022-12-14,178698.73724332362,-0.022023058105001825,1,16.252357380730764,-0.2596047002151258
2022-12-15,171398.71960934476,-0.040850974923448136,1,16.252357380730764,-0.2898505700400765
2022-12-16,167546.48964321785,-0.02247525521139826,1,16.252357380730764,-0.30581135971665474
2022-12-19,164078.271053692,-0.02070003732642356,0,,-0.3201810904820992
2022-12-20,164078.271053692,0.0,0,,-0.3201810904820992
2022-12-21,164078.271053692,0.0,0,,-0.3201810904820992
2022-12-22,164078.271053692,0.0,0,,-0.3201810904820992
2022-12-23,164078.271053692,0.0,0,,-0.3201810904820992
2022-12-27,164078.271053692,0.0,0,,-0.3201810904820992
2022-12-28,164078.271053692,0.0,0,,-0.3201810904820992
2022-12-29,164078.271053692,0.0,0,,-0.3201810904820992
2022-12-30,164078.271053692,0.0,0,,-0.3201810904820992
2023-01-03,164078.271053692,0.0,0,,-0.3201810904820992
2023-01-04,164078.271053692,0.0,0,,-0.3201810904820992
2023-01-05,164078.271053692,0.0,0,,-0.3201810904820992
2023-01-06,164078.271053692,0.0,0,,-0.3201810904820992
2023-01-09,164078.271053692,0.0,0,,-0.3201810904820992
2023-01-10,164078.271053692,0.0,0,,-0.3201810904820992
2023-01-11,164078.271053692,0.0,0,,-0.3201810904820992
2023-01-12,164078.271053692,0.0,0,,-0.3201810904820992
2023-01-13,164078.271053692,0.0,0,,-0.3201810904820992
2023-01-17,164078.271053692,0.0,0,,-0.3201810904820992
2023-01-18,161143.25587201753,-0.01788789681184566,1,15.78432137625558,-0.3323416209862968
2023-01-19,155467.94386896185,-0.0352190476253198,1,15.78432137625558,-0.3558559132342243
2023-01-20,165427.54910653096,0.06406211460520561,1,15.929000684193202,-0.31459068092556963
2023-01-23,177983.68497863036,0.07590111767909691,1,17.09889360836574,-0.26256734754015154
2023-01-24,178651.3541774877,0.0037512943893565076,1,17.21107067380633,-0.25980102056845067
2023-01-25,179189.21453215685,0.003010670460044773,1,17.237285273415704,-0.25757252536652075
2023-01-26,183631.1567962722,0.024789116218365992,1,17.665035247802734,-0.23916840441412346
2023-01-27,188852.0582507467,0.028431457632577928,1,18.183927876608713,-0.21753685313869697
2023-01-30,177696.2094173019,-0.05907189435358284,1,18.183927876608713,-0.26375843348565986
2023-01-31,181173.72096358077,0.019569981586451624,1,18.183927876608713,-0.24935019958579385
2023-02-01,194212.07219459844,0.07196601781799594,1,18.502107654299056,-0.19532892267411006
2023-02-02,201315.45835910743,0.03657540998476905,1,19.24953522000994,-0.16589774811802993
2023-02-03,195667.98654146557,-0.02805284732565283,1,19.24953522000994,-0.189296691244058
2023-02-06,195565.9825076145,-0.0005213118183206022,1,19.24953522000994,-0.18971932046006412
2023-02-07,205618.30582138392,0.05140118534356053,1,19.5826427595956,-0.1480699330707257
2023-02-08,205915.04965282473,0.0014431780782133696,1,19.5826427595956,-0.14684044627396242
2023-02-09,207139.13343411437,0.0059446057165488675,1,19.74074963160924,-0.14176874911375426
2023-02-10,197198.08242430835,-0.04799214346895975,1,19.74074963160924,-0.18295710643583185
2023-02-13,202048.05851136634,0.024594438381111416,1,19.74074963160924,-0.16286239533534286
2023-02-14,213018.45350487213,0.05429596836679651,1,20.124215057918008,-0.11740919843381492
2023-02-15,211098.86033931145,-0.009011393773529441,1,20.124215057918008,-0.12536257168762277
2023-02-16,204032.56494279028,-0.03347386805008368,1,20.124215057918008,-0.15464006955461584
2023-02-17,198338.7163995099,-0.027906567487777867,1,20.124215057918008,-0.17823116350505308
2023-02-21,191541.3423365541,-0.03427154408554289,1,20.124215057918008,-0.206394450413115
2023-02-22,192459.3963287521,0.004792980883390197,1,20.124215057918008,-0.20259071418499264
2023-02-23,219444.8845128731,0.14021392926965937,1,20.735963276454388,-0.09078282498475765
2023-02-24,215939.55046871875,-0.015973642092115936,1,20.735963276454388,-0.10530633472245587
2023-02-27,217933.32517025506,0.009233022376904154,1,20.735963276454388,-0.0970456080904738
2023-02-28,215290.41781008616,-0.012127137316443881,1,20.735963276454388,-0.10799585999164674
2023-03-01,210486.81844866672,-0.02231218374826527,1,20.735963276454388,-0.12789842026772646
2023-03-02,216199.20353217178,0.027138920743857486,1,20.735963276454388,-0.10423052461477944
2023-03-03,221540.66324826048,0.024706195160861588,1,21.285177298954558,-0.08209946913676958
2023-03-06,218424.82648682405,-0.014064401161175466,1,21.285177298954558,-0.095009190428886
2023-03-07,215958.10469648184,-0.011293229941015892,1,21.285177298954558,-0.10522945973587872
2023-03-08,224239.21560418018,0.038345913987979374,1,21.768499033791674,-0.07091866555993287
2023-03-09,217330.569237261,-0.030809269236448444,1,21.768499033791674,-0.09954298253525562
2023-03-10,212962.80850912124,-0.020097314167393687,1,21.768499033791674,-0.11763975010947902
2023-03-13,212972.07677923358,4.352060426526805e-05,1,21.768499033791674,-0.11760134925822407
2023-03-14,223144.9583546172,0.04776626931205086,1,21.768499033791674,-0.07545245766630226
2023-03-15,224675.0719249983,0.006857038499384238,1,22.06639289855957,-0.06911279957400895
2023-03-16,236850.99647203053,0.054193482359702116,1,23.204928125653947,-0.018664780498850453
2023-03-17,238557.29561223835,0.007204103700738873,1,23.341785294669016,-0.01159513981237692
2023-03-20,240180.12725881982,0.006802691330049626,1,23.467677456992018,-0.004871326639399598
2023-03-21,242952.86115071518,0.01154439346643965,1,23.71971321105957,0.0
2023-03-22,245447.40543893282,0.01026760613726685,1,23.909785406930105,0.0
2023-03-23,252152.0437381499,0.027315987664351837,1,24.58617789404733,0.0
2023-03-24,248331.41163479164,-0.01515209651572691,1,24.58617789404733,-0.01515209651572691
2023-03-27,246031.62483170215,-0.009260958120238416,1,24.58617789404733,-0.024272731704699346
2023-03-28,244909.54508426366,-0.004560713478220735,1,24.58617789404733,-0.028722744208281248
2023-03-29,250232.4505725892,0.021734169186807817,1,24.58617789404733,-0.007612840003605514
2023-03-30,253932.5244143333,0.014786546801893508,1,24.99139199938093,0.0
2023-03-31,257586.23921797724,0.01438852629087517,1,25.433964320591517,0.0
2023-04-03,259329.62912617286,0.0067681795172307435,1,25.72714274270194,0.0
2023-04-04,254581.6570729659,-0.018308637039298414,1,25.72714274270194,-0.018308637039298414
2023-04-05,249277.30581240344,-0.02083555948825555,1,25.72714274270194,-0.038762725831372746
2023-04-06,250723.95188915823,0.005803360526703827,1,25.72714274270194,-0.033184319377666194
2023-04-10,255750.11354604294,0.020046595544675805,1,25.72714274270194,-0.01380295646197982
2023-04-11,251948.03567044777,-0.014866378055041096,1,25.72714274270194,-0.028464134547979802
2023-04-12,245697.7902322735,-0.024807676795502775,1,25.72714274270194,-0.05256568229335268
2023-04-13,245401.02871329428,-0.0012078314530166168,1,25.72714274270194,-0.05371002326194607
2023-04-14,248136.67183720187,0.01114764326071227,1,25.72714274270194,-0.04316112018008256
2023-04-17,250399.38555984193,0.009118820309335751,1,25.72714274270194,-0.0344358783700186
2023-04-18,256566.16350438984,0.0246277678787441,1,25.788785593850275,-0.010656189310472075
2023-04-19,259014.3310669689,0.009542051567283938,1,26.03492832183838,-0.0012158196510995145
2023-04-20,251345.26204991533,-0.029608666769371572,1,26.03492832183838,-0.03078848762157005
2023-04-21,251484.3568517542,0.0005534013281349726,1,26.03492832183838,-0.030252124683376125
2023-04-24,250125.63750930244,-0.005402798645057216,0,,-0.03549147719018397
2023-04-25,242031.03254695478,-0.03236215624656469,1,25.132284845624653,-0.06670505270649851
2023-04-26,248676.4737198255,0.027456979805188686,0,,-0.041079592186376135
2023-04-27,247060.80945652915,-0.00649705313545923,1,25.35300077710833,-0.04730974902861751
2023-04-28,251806.7501501767,0.01920960553835882,1,25.747571604592462,-0.0290089451072173
2023-05-01,262342.1732066052,0.041839319438995215,1,26.79339259011405,0.0
2023-05-02,255990.05551843246,-0.02421310157848766,1,26.79339259011405,-0.02421310157848766
2023-05-03,252287.6911101749,-0.014462922791119825,1,26.79339259011405,-0.038325832150944206
2023-05-04,250109.82663917722,-0.0086324642372132,1,26.79339259011405,-0.046627450012753036
2023-05-05,260255.0552520818,0.040563094818104384,1,26.79339259011405,-0.007955708870642342
2023-05-08,264529.1071368118,0.016422550872605246,1,26.948320661272323,0.0
2023-05-09,259265.93033820202,-0.019896399513750884,1,26.948320661272323,-0.019896399513750884
2023-05-10,262115.31556948368,0.010990203099823903,1,26.948320661272323,-0.009124861885538182
2023-05-11,259329.4511689212,-0.010628392295619182,1,26.948320661272323,-0.019656271569394534
2023-05-12,257169.7429244697,-0.008328048490893192,1,26.948320661272323,-0.02782062167750765
2023-05-15,262732.36765012913,0.02163016792878758,1,26.948320661272323,-0.006792218467487787
2023-05-16,265091.7251540753,0.008980079329578672,1,27.08514247621809,0.0
2023-05-17,273848.5649503673,0.033033244591857525,1,28.029428482055664,0.0
2023-05-18,287460.23087519896,0.049705084002534816,1,29.35746431350708,0.0
2023-05-19,283703.41509543115,-0.013068993120647798,1,29.35746431350708,-0.013068993120647798
2023-05-22,282904.86998183717,-0.0028147180157326313,1,29.35746431350708,-0.01584692560599632
2023-05-23,278476.5334417855,-0.01565309406068538,1,29.35746431350708,-0.03125196624959836
2023-05-24,277115.3703109279,-0.004887891679900225,1,29.35746431350708,-0.035987101703686686
2023-05-25,344647.3770627868,0.24369635894280006,1,34.36660725729806,0.0
2023-05-26,353413.28631828766,0.025434429039348005,1,35.19867828914097,0.0
2023-05-30,363985.0218278085,0.029913237330867704,1,35.9545716558184,0.0
2023-05-31,343322.5090768933,-0.056767480835214545,1,35.9545716558184,-0.056767480835214545
2023-06-01,360890.6400409874,0.05117092675143953,1,35.9545716558184,-0.008501398687457473
2023-06-02,356870.6541710058,-0.011139069357756215,1,35.9545716558184,-0.019545770375596128
2023-06-05,355455.0569767663,-0.003966695433469725,1,35.9545716558184,-0.02343493369097338
2023-06-06,350763.55034650076,-0.013198593009670412,1,35.9545716558184,-0.03632421854864809
2023-06-07,340064.77317554154,-0.030501393774782115,1,35.9545716558184,-0.0657176730299166
2023-06-08,349456.8212790252,0.02761840932767079,1,35.9545716558184,-0.039914281296048126
2023-06-09,351816.19609109964,0.0067515488850355965,1,35.9545716558184,-0.03343221563239385
2023-06-12,358277.1819060364,0.018364662817466515,1,35.9545716558184,-0.01568152418225699
2023-06-13,372251.833896765,0.039005140981581476,1,35.9545716558184,0.0
2023-06-14,390173.8814675473,0.0481449544067325,1,37.411643505096436,0.0
2023-06-15,387052.2566868429,-0.008000599037955025,1,38.46049840109689,-0.008000599037955025
2023-06-16,387406.173293531,0.0009143897253502953,1,38.59807096208845,-0.007093524978161625
2023-06-20,397533.22837176116,0.026140665214844372,1,40.01335375649588,0.0
2023-06-21,390609.42320711596,-0.017416921833186327,1,40.01335375649588,-0.017416921833186327
2023-06-22,390427.964790424,-0.00046455207148388133,1,40.01335375649588,-0.017873382837553797
2023-06-23,383023.2013576523,-0.018965760909945173,1,40.01335375649588,-0.0365001614419499
2023-06-26,368712.80629490985,-0.03736169248238297,1,40.01335375649588,-0.07249814611698147
2023-06-27,380001.40986075945,0.03061625029866888,1,40.01335375649588,-0.044101517206019514
2023-06-28,373113.91714920645,-0.01812491357354895,1,40.01335375649588,-0.06142709459174689
2023-06-29,370436.9381835362,-0.00717469609851018,1,40.01335375649588,-0.0681610699543469
2023-06-30,383867.11107541923,0.03625495059358519,1,40.01335375649588,-0.03437729558436253
2023-07-03,384874.37490771693,0.002623990967800749,1,40.01335375649588,-0.031843510329672475
2023-07-05,384003.2568123231,-0.0022633829430777075,1,40.01335375649588,-0.03403481921462226
2023-07-06,382061.3194376559,-0.005057085689292196,1,40.01335375649588,-0.038919787906726566
2023-07-07,385691.0762478571,0.009500456145478786,1,40.01335375649588,-0.029789087499446976
2023-07-10,382760.0485755667,-0.007599417909287753,1,40.01335375649588,-0.03716212568369015
2023-07-11,384801.7846177889,0.005334245436064977,1,40.01335375649588,-0.03202611214694784
2023-07-12,398386.24216499366,0.03530248062829999,1,40.74182210649763,0.0
2023-07-13,417215.7202842621,0.047264378450775135,1,42.62735843658447,0.0
2023-07-14,412605.9080193901,-0.011048989864838266,1,42.62735843658447,-0.011048989864838266
2023-07-17,421607.7270630932,0.021816990180567375,1,43.00635692051479,0.0
2023-07-18,430981.63624815893,0.02223372244708144,1,43.91971465519496,0.0
2023-07-19,427197.59478263604,-0.008780052668750038,1,43.91971465519496,-0.008780052668750038
2023-07-20,413068.6927528421,-0.03307345875152434,1,43.91971465519496,-0.04156312471049828
2023-07-21,402079.5198059141,-0.026603742040318012,1,43.91971465519496,-0.06706113210262865
2023-07-24,404829.0890615124,0.006838371814922306,1,43.91971465519496,-0.060681349243353666
2023-07-25,414511.532940965,0.023917362020349664,1,43.91971465519496,-0.03821532502074054
2023-07-26,412451.6233640684,-0.004969486765015851,1,43.91971465519496,-0.042994901233845084
2023-07-27,416516.99114635127,0.00985659299659103,1,43.91971465519496,-0.03356209147964473
2023-07-28,424230.2546572533,0.018518484659349133,1,43.91971465519496,-0.015665125896496934
2023-07-31,424039.6921650958,-0.00044919590261527365,1,43.91971465519496,-0.016107285088745482
2023-08-01,422025.1645005005,-0.004750799752517021,1,43.91971465519496,-0.020781562355249195
2023-08-02,397949.16845023073,-0.05704872144002493,0,,-0.07664472223338104
2023-08-03,397949.16845023073,0.0,0,,-0.07664472223338104
2023-08-04,397949.16845023073,0.0,0,,-0.07664472223338104
2023-08-07,397949.16845023073,0.0,0,,-0.07664472223338104
2023-08-08,397949.16845023073,0.0,0,,-0.07664472223338104
2023-08-09,397949.16845023073,0.0,0,,-0.07664472223338104
2023-08-10,397949.16845023073,0.0,0,,-0.07664472223338104
2023-08-11,397949.16845023073,0.0,0,,-0.07664472223338104
2023-08-14,397949.16845023073,0.0,0,,-0.07664472223338104
2023-08-15,397949.16845023073,0.0,0,,-0.07664472223338104
2023-08-16,397949.16845023073,0.0,0,,-0.07664472223338104
2023-08-17,397949.16845023073,0.0,0,,-0.07664472223338104
2023-08-18,397949.16845023073,0.0,0,,-0.07664472223338104
2023-08-21,397949.16845023073,0.0,0,,-0.07664472223338104
2023-08-22,376988.126764453,-0.052672661102442286,1,43.294997623988564,-0.12528030185633354
2023-08-23,378054.69295739767,0.002829177147032791,0,,-0.12280556487628624
2023-08-24,354538.1494453122,-0.062204077743681085,1,45.30314159393311,-0.17737063571504608
2023-08-25,340046.22392682155,-0.040875503922959466,0,,-0.21099602552201746
2023-08-28,340046.22392682155,0.0,0,,-0.21099602552201746
2023-08-29,354947.26437262096,0.043820632012094185,1,43.050427981785376,-0.17642137270033809
2023-08-30,358439.6906400724,0.009839282107510838,1,43.57274954659599,-0.16831795024862017
2023-08-31,359101.7941981556,0.0018471825954899934,1,43.835713659014026,-0.1667816816413379
2023-09-01,352946.38214657945,-0.017141134216053344,1,43.835713659014026,-0.18106398866759799
2023-09-05,353230.15270947374,0.0008040047362674052,1,43.835713659014026,-0.1804055602357868
2023-09-06,342410.90040306817,-0.030629469832673784,1,43.835713659014026,-0.20550930340357187
2023-09-07,336444.66872675496,-0.017424187341261832,1,43.835713659014026,-0.2193526581419577
2023-09-08,331577.07654487086,-0.014467734621282813,1,43.835713659014026,-0.23064685671676977
2023-09-11,328710.394344365,-0.008645598273491983,1,43.835713659014026,-0.23729837492404482
2023-09-12,326469.4007001312,-0.006817532036684115,1,43.835713659014026,-0.24249811768743124
2023-09-13,330944.0883350345,0.013706300269817229,1,43.835713659014026,-0.23211556943350342
2023-09-14,331642.5791395921,0.002110600639738669,1,43.835713659014026,-0.23049487206310448
2023-09-15,318465.6335843008,-0.03973236967785432,0,,-0.26106913427529765
2023-09-18,318465.6335843008,0.0,0,,-0.26106913427529765
2023-09-19,318465.6335843008,0.0,0,,-0.26106913427529765
2023-09-20,318465.6335843008,0.0,0,,-0.26106913427529765
2023-09-21,318465.6335843008,0.0,0,,-0.26106913427529765
2023-09-22,318465.6335843008,0.0,0,,-0.26106913427529765
2023-09-25,318465.6335843008,0.0,0,,-0.26106913427529765
2023-09-26,318465.6335843008,0.0,0,,-0.26106913427529765
2023-09-27,318465.6335843008,0.0,0,,-0.26106913427529765
2023-09-28,318465.6335843008,0.0,0,,-0.26106913427529765
2023-09-29,318465.6335843008,0.0,0,,-0.26106913427529765
2023-10-02,318465.6335843008,0.0,0,,-0.26106913427529765
2023-10-03,318465.6335843008,0.0,0,,-0.26106913427529765
2023-10-04,318465.6335843008,0.0,0,,-0.26106913427529765
2023-10-05,318465.6335843008,0.0,0,,-0.26106913427529765
2023-10-06,318465.6335843008,0.0,0,,-0.26106913427529765
2023-10-09,321045.0047779104,0.008099370612078438,1,41.92121165139335,-0.25508425933708945
2023-10-10,324767.9549207153,0.011596349693652197,1,42.53710651397705,-0.24644595591605645
2023-10-11,331915.99430778535,0.022009681924483937,1,43.580462728227886,-0.22986047109286034
2023-10-12,332901.6863812564,0.002969703450195871,1,43.68714196341379,-0.22757338507673253
2023-10-13,322378.16967326344,-0.031611485127596706,1,43.68714196341379,-0.2519909375265392
2023-10-16,326874.0811560804,0.013946079188220661,1,43.68714196341379,-0.24155914390777766
2023-10-17,309334.49871871347,-0.05365852922732006,0,,-0.28225596475159587
2023-10-18,309334.49871871347,0.0,0,,-0.28225596475159587
2023-10-19,309334.49871871347,0.0,0,,-0.28225596475159587
2023-10-20,305162.39024065644,-0.013487368836447966,1,37.893033845084055,-0.29193644328515156
2023-10-23,303541.3919804258,-0.005311920184372321,0,,-0.2956976203838837
2023-10-24,307209.8066143762,0.012085385159553264,1,39.614247458321714,-0.287185854857433
2023-10-25,293954.12210706424,-0.04314863725672369,1,39.614247458321714,-0.3179428138376512
2023-10-26,294033.07798778306,0.0002685993315993951,0,,-0.3177596137333355
2023-10-27,294033.07798778306,0.0,0,,-0.3177596137333355
2023-10-30,294033.07798778306,0.0,0,,-0.3177596137333355
2023-10-31,294033.07798778306,0.0,0,,-0.3177596137333355
2023-11-01,294033.07798778306,0.0,0,,-0.3177596137333355
2023-11-02,294033.07798778306,0.0,0,,-0.3177596137333355
2023-11-03,294033.07798778306,0.0,0,,-0.3177596137333355
2023-11-06,294033.07798778306,0.0,0,,-0.3177596137333355
2023-11-07,295108.2052567687,0.003656484081121958,1,42.014645031520296,-0.3152650126214529
2023-11-08,299083.22035139776,0.013469686792241031,1,42.72346632821219,-0.30604184680577473
2023-11-09,304360.5372883696,0.017644978313298365,0,,-0.293796970242326
2023-11-10,309246.9987898773,0.016054845825423048,1,44.576786586216514,-0.28245898947812
2023-11-13,311070.4258952288,0.005896345356581678,1,44.85982118334089,-0.27822811987257234
2023-11-14,317698.7424309259,0.021308089692620102,1,46.05546283721924,-0.262848539913206
2023-11-15,312785.0980490812,-0.015466363965582874,1,46.05546283721924,-0.27424959269266924
2023-11-16,316572.7040114214,0.012109291606168027,1,46.05546283721924,-0.26546126937728953
2023-11-17,315408.2743130327,-0.0036782378380503244,1,46.05546283721924,-0.2681630775297794
2023-11-20,322516.4452251713,0.02253641229806158,1,47.12114415849959,-0.2516700989100461
2023-11-21,319541.3773789233,-0.00922454619072488,1,47.12114415849959,-0.25857310264855093
2023-11-22,311684.6375445613,-0.024587550754171072,1,47.12114415849959,-0.2768029741176873
2023-11-24,305670.5326581966,-0.019295480629855866,1,47.12114415849959,-0.2907574083221688
2023-11-27,308651.99498319067,0.009753842802793233,1,47.12114415849959,-0.2838395675738976
2023-11-28,305958.430640217,-0.008726865164504716,1,47.12114415849959,-0.2900894031038336
2023-11-29,307999.392054974,0.006670714745419248,1,47.12114415849959,-0.285353792017189
2023-11-30,301028.5419994864,-0.022632674723732538,0,,-0.30152814718501286
2023-12-01,301028.5419994864,0.0,0,,-0.30152814718501286
2023-12-04,301028.5419994864,0.0,0,,-0.30152814718501286
2023-12-05,301028.5419994864,0.0,0,,-0.30152814718501286
2023-12-06,301028.5419994864,0.0,0,,-0.30152814718501286
2023-12-07,301028.5419994864,0.0,0,,-0.30152814718501286
2023-12-08,306454.4014057222,0.01802440183975995,1,44.066891533987864,-0.28893860983611386
2023-12-11,300784.08793873014,-0.0185029597910229,1,44.066891533987864,-0.3020953501472651
2023-12-12,296590.6023050261,-0.013941846666297941,0,,-0.31182542976320826
2023-12-13,296590.6023050261,0.0,0,,-0.31182542976320826
2023-12-14,296590.6023050261,0.0,0,,-0.31182542976320826
2023-12-15,296590.6023050261,0.0,0,,-0.31182542976320826
2023-12-18,296590.6023050261,0.0,0,,-0.31182542976320826
2023-12-19,297224.9364598605,0.0021387533856584984,1,46.09132194519043,-0.3103535940711901
2023-12-20,297084.22252452327,-0.00047342573948605526,0,,-0.31068009043090095
2023-12-21,297084.22252452327,0.0,0,,-0.31068009043090095
2023-12-22,294438.3753638812,-0.008906050742643168,1,45.65482098715646,-0.3168192085234375
2023-12-26,297145.77017785236,0.009195115312755187,1,45.98846394675119,-0.31053728236635114
2023-12-27,297977.8946514401,0.0028003914479066694,1,46.37289319719587,-0.30860651686823937
2023-12-28,298611.02783740597,0.002124765619632596,1,46.594679015023374,-0.3071374677656429
2023-12-29,298611.02783740597,0.0,1,46.594679015023374,-0.3071374677656429
2024-01-02,290446.58851220016,-0.02734138583003487,1,46.594679015023374,-0.3260812895866375
2024-01-03,286834.70457421266,-0.012435621834944621,1,46.594679015023374,-0.3344618878168316
2024-01-04,289421.52230695466,0.009018496337749538,1,46.594679015023374,-0.328459734789475
2024-01-05,296048.33932217816,0.02289676649615302,1,46.594679015023374,-0.31308363414418494
2024-01-08,315078.58623271086,0.06428087708278896,1,49.01746273040772,-0.2689280476644512
2024-01-09,320427.0837683025,0.0169751223005723,1,49.70946325574603,-0.25651801186303724
2024-01-10,327723.2162947062,0.022770024433014013,1,50.86981950487409,-0.2395889088276527
2024-01-11,330569.31385568465,0.008684455111715561,1,51.36235564095634,-0.23298515283991572
2024-01-12,329893.97179065435,-0.0020429665934604824,1,51.36235564095634,-0.23455213854935197
2024-01-16,339975.91333742195,0.030561157247109172,1,52.76789311000279,-0.2111591660910952
2024-01-17,337992.0960213955,-0.0058351701935351885,1,52.76789311000279,-0.21576218661256386
2024-01-18,344347.5570985686,0.018803578994849524,1,53.151284762791235,-0.2010157089377852
2024-01-19,358722.77420431795,0.04174624390215875,1,55.19225147792272,-0.1676611158491087
2024-01-22,359705.6315304991,0.0027398799208140368,1,55.352571214948384,-0.16538060725311088
2024-01-23,361026.1828913093,0.0036712001288150553,1,55.679072516305105,-0.162316552430947
2024-01-24,370004.6440264387,0.024869279738174654,1,56.79092815944127,-0.1414839684413136
2024-01-25,371542.26633642096,0.004155683813180433,1,56.88932159968785,-0.13791624726560925
2024-01-26,368008.7506005982,-0.009510400446939293,1,56.88932159968785,-0.14611500897291352
2024-01-29,376655.59025917645,0.023496288184632563,1,58.08285781315395,-0.12605188114720878
2024-01-30,378518.80749185977,0.004946739888823215,1,58.6422131402152,-0.12172868712691765
2024-01-31,370999.57746243395,-0.019864878258625263,1,58.6422131402152,-0.13917543983518443
2024-02-01,380044.3766941419,0.02437954052016078,1,58.80735806056432,-0.11818893258989671
2024-02-02,398935.9668618952,0.049708905923260716,1,61.41661153520857,-0.07435506919791779
2024-02-05,418062.6846382568,0.047944330331546325,1,64.37218039376395,-0.029975642865821328
2024-02-06,411375.5560803047,-0.015995516470785565,1,64.37218039376395,-0.04549168344742427
2024-02-07,422687.58167378977,0.027498049960160476,1,64.6398927143642,-0.019244566071472846
2024-02-08,419925.9018709401,-0.006533619445155625,1,64.6398927143642,-0.025652448845530196
2024-02-09,434952.35482631956,0.03578358202823528,1,66.63300541469029,0.0
2024-02-12,435645.77655290003,0.0015942475512229493,1,66.63300541469029,0.0
2024-02-13,434922.17605284136,-0.0016609836224840135,1,66.63300541469029,-0.0016609836224840135
2024-02-14,445607.1180163245,0.024567480233946393,1,67.80732713426863,0.0
2024-02-15,438117.99775403505,-0.016806554382767014,1,67.80732713426863,-0.016806554382767014
2024-02-16,437846.6648180985,-0.000619314744720656,1,67.80732713426863,-0.017415460580550435
2024-02-20,408255.80325176736,-0.0675827040469168,0,,-0.08382118070921118
2024-02-21,408255.80325176736,0.0,0,,-0.08382118070921118
2024-02-22,408255.80325176736,0.0,0,,-0.08382118070921118
2024-02-23,408255.80325176736,0.0,0,,-0.08382118070921118
2024-02-26,408255.80325176736,0.0,0,,-0.08382118070921118
2024-02-27,408255.80325176736,0.0,0,,-0.08382118070921118
2024-02-28,408255.80325176736,0.0,0,,-0.08382118070921118
2024-02-29,408255.80325176736,0.0,0,,-0.08382118070921118
2024-03-01,408255.80325176736,0.0,0,,-0.08382118070921118
2024-03-04,408255.80325176736,0.0,0,,-0.08382118070921118
2024-03-05,408255.80325176736,0.0,0,,-0.08382118070921118
2024-03-06,408255.80325176736,0.0,0,,-0.08382118070921118
2024-03-07,408255.80325176736,0.0,0,,-0.08382118070921118
2024-03-08,408255.80325176736,0.0,0,,-0.08382118070921118
2024-03-11,408255.80325176736,0.0,0,,-0.08382118070921118
2024-03-12,408255.80325176736,0.0,0,,-0.08382118070921118
2024-03-13,408255.80325176736,0.0,0,,-0.08382118070921118
2024-03-14,408255.80325176736,0.0,0,,-0.08382118070921118
2024-03-15,408255.80325176736,0.0,0,,-0.08382118070921118
2024-03-18,408255.80325176736,0.0,0,,-0.08382118070921118
2024-03-19,408255.80325176736,0.0,0,,-0.08382118070921118
2024-03-20,408255.80325176736,0.0,0,,-0.08382118070921118
2024-03-21,408255.80325176736,0.0,0,,-0.08382118070921118
2024-03-22,408255.80325176736,0.0,0,,-0.08382118070921118
2024-03-25,408255.80325176736,0.0,0,,-0.08382118070921118
2024-03-26,408255.80325176736,0.0,0,,-0.08382118070921118
2024-03-27,408255.80325176736,0.0,0,,-0.08382118070921118
2024-03-28,408255.80325176736,0.0,0,,-0.08382118070921118
2024-04-01,408255.80325176736,0.0,0,,-0.08382118070921118
2024-04-02,408255.80325176736,0.0,0,,-0.08382118070921118
2024-04-03,408255.80325176736,0.0,0,,-0.08382118070921118
2024-04-04,408255.80325176736,0.0,0,,-0.08382118070921118
2024-04-05,408255.80325176736,0.0,0,,-0.08382118070921118
2024-04-08,408255.80325176736,0.0,0,,-0.08382118070921118
2024-04-09,408255.80325176736,0.0,0,,-0.08382118070921118
2024-04-10,408255.80325176736,0.0,0,,-0.08382118070921118
2024-04-11,408255.80325176736,0.0,0,,-0.08382118070921118
2024-04-12,408255.80325176736,0.0,0,,-0.08382118070921118
2024-04-15,393474.83163183555,-0.03620517210582441,1,80.93335805620467,-0.11699159254134517
2024-04-16,394858.1527726168,0.003515653428312726,0,,-0.11388724100643399
2024-04-17,394858.1527726168,0.0,0,,-0.11388724100643399
2024-04-18,394858.1527726168,0.0,0,,-0.11388724100643399
2024-04-19,394858.1527726168,0.0,0,,-0.11388724100643399
2024-04-22,394858.1527726168,0.0,0,,-0.11388724100643399
2024-04-23,394858.1527726168,0.0,0,,-0.11388724100643399
2024-04-24,394858.1527726168,0.0,0,,-0.11388724100643399
2024-04-25,394858.1527726168,0.0,0,,-0.11388724100643399
2024-04-26,394858.1527726168,0.0,0,,-0.11388724100643399
2024-04-29,394858.1527726168,0.0,0,,-0.11388724100643399
2024-04-30,394858.1527726168,0.0,0,,-0.11388724100643399
2024-05-01,394858.1527726168,0.0,0,,-0.11388724100643399
2024-05-02,394858.1527726168,0.0,0,,-0.11388724100643399
2024-05-03,394858.1527726168,0.0,0,,-0.11388724100643399
2024-05-06,406396.0017450402,0.029220237423000617,1,81.25017901829311,-0.08799481580509183
2024-05-07,399400.73945145914,-0.017212921051250052,1,81.25017901829311,-0.10369308903896957
2024-05-08,398774.4366719318,-0.0015681062092861575,1,81.25017901829311,-0.10509859347147366
2024-05-09,391430.7236324876,-0.018415706635392604,1,81.25017901829311,-0.12157883524170321
2024-05-10,397705.0349224609,0.016029174285931314,0,,-0.10749846929534168
2024-05-13,396762.6616444456,-0.0023695281559587,1,81.64043263026647,-0.10961327680158262
2024-05-14,400962.9531197381,0.010586408151119109,1,82.98707607814245,-0.10018727953746664
2024-05-15,415332.5669507017,0.0358377593719299,1,86.54571369716098,-0.0679400077817287
2024-05-16,414143.1607738275,-0.0028637440728681574,1,86.98596654619489,-0.07060918906000124
2024-05-17,405891.7893639002,-0.019923959131691538,1,86.98596654619489,-0.08912633359453948
2024-05-20,415990.9260397649,0.024881352470055518,1,87.33374922616142,-0.06646256484501356
2024-05-21,418650.68202594493,0.006393783661343022,1,88.46243095397949,-0.060493728444867445
2024-05-22,416737.05071412056,-0.00457094994462659,1,88.46243095397949,-0.06478816458480874
2024-05-23,455575.48202298133,0.09319649223006987,1,95.53953960963659,0.0
2024-05-24,467294.1465632751,0.025722772630908608,1,98.20168086460657,0.0
2024-05-28,499913.3095942408,0.06980434758462972,1,104.679929460798,0.0
2024-05-29,503968.7426483295,0.00811227262058778,1,105.10089084080289,0.0
2024-05-30,484986.26207447,-0.037665987922400834,1,105.10089084080289,-0.037665987922400834
2024-05-31,481180.99944682914,-0.007846124571373014,1,105.10089084080289,-0.045216580460430866
2024-06-03,504736.83383315883,0.048954207280440754,1,105.10089084080289,0.0
2024-06-04,511043.83421081223,0.012495621390964606,1,105.10089084080289,0.0
2024-06-05,537391.1231895619,0.05155582988186702,1,110.63018199375696,0.0
2024-06-06,531062.1563014347,-0.011777207726400452,1,110.63018199375696,-0.011777207726400452
2024-06-07,530579.3618684907,-0.0009091109716919954,1,110.63018199375696,-0.01267561190933253
2024-06-10,534538.2561273113,0.0074614554265339805,1,110.63018199375696,-0.005308734996064102
2024-06-11,530675.9341492932,-0.007225529573879785,1,110.63018199375696,-0.01249590614822993
2024-06-12,549504.7830919732,0.03548087963111368,1,110.75357082911901,0.0
2024-06-13,568860.3594885446,0.035223672281178064,1,116.37250246320453,0.0
2024-06-14,578823.4444387157,0.017514113585149094,1,118.45590128217425,0.0
2024-06-17,574873.2899043369,-0.006824454973846539,1,118.45590128217425,-0.006824454973846539
2024-06-18,595062.7900460906,0.03511991337275977,1,122.74000603812081,0.0
2024-06-20,573995.5001092755,-0.03540347386732645,1,122.74000603812081,-0.03540347386732645
2024-06-21,555517.7469932997,-0.03219145988506533,1,122.74000603812081,-0.06645524424359983
2024-06-24,537899.781993873,-0.03171449534201687,0,,-0.09606214505160049
2024-06-25,537899.781993873,0.0,0,,-0.09606214505160049
2024-06-26,537899.781993873,0.0,0,,-0.09606214505160049
2024-06-27,537899.781993873,0.0,0,,-0.09606214505160049
2024-06-28,537899.781993873,0.0,0,,-0.09606214505160049
2024-07-01,537899.781993873,0.0,0,,-0.09606214505160049
2024-07-02,537899.781993873,0.0,0,,-0.09606214505160049
2024-07-03,537899.781993873,0.0,0,,-0.09606214505160049
2024-07-05,537899.781993873,0.0,0,,-0.09606214505160049
2024-07-08,537899.781993873,0.0,0,,-0.09606214505160049
2024-07-09,537899.781993873,0.0,0,,-0.09606214505160049
2024-07-10,537899.781993873,0.0,0,,-0.09606214505160049
2024-07-11,537899.781993873,0.0,0,,-0.09606214505160049
2024-07-12,537899.781993873,0.0,0,,-0.09606214505160049
2024-07-15,537899.781993873,0.0,0,,-0.09606214505160049
2024-07-16,537899.781993873,0.0,0,,-0.09606214505160049
2024-07-17,537899.781993873,0.0,0,,-0.09606214505160049
2024-07-18,537899.781993873,0.0,0,,-0.09606214505160049
2024-07-19,537899.781993873,0.0,0,,-0.09606214505160049
2024-07-22,537899.781993873,0.0,0,,-0.09606214505160049
2024-07-23,537899.781993873,0.0,0,,-0.09606214505160049
2024-07-24,514919.91715423233,-0.04272146152292433,1,105.72714124407088,-0.1346796913408933
2024-07-25,508702.3027105285,-0.01207491541221839,0,,-0.14512836087242675
2024-07-26,508702.3027105285,0.0,0,,-0.14512836087242675
2024-07-29,508702.3027105285,0.0,0,,-0.14512836087242675
2024-07-30,508702.3027105285,0.0,0,,-0.14512836087242675
2024-07-31,508702.3027105285,0.0,0,,-0.14512836087242675
2024-08-01,508702.3027105285,0.0,0,,-0.14512836087242675
2024-08-02,508702.3027105285,0.0,0,,-0.14512836087242675
2024-08-05,508702.3027105285,0.0,0,,-0.14512836087242675
2024-08-06,508702.3027105285,0.0,0,,-0.14512836087242675
2024-08-07,508702.3027105285,0.0,0,,-0.14512836087242675
2024-08-08,508702.3027105285,0.0,0,,-0.14512836087242675
2024-08-09,508702.3027105285,0.0,0,,-0.14512836087242675
2024-08-12,508702.3027105285,0.0,0,,-0.14512836087242675
2024-08-13,508702.3027105285,0.0,0,,-0.14512836087242675
2024-08-14,508702.3027105285,0.0,0,,-0.14512836087242675
2024-08-15,525476.2189595419,0.032973934184368,1,101.5814312526158,-0.11693987970775133
2024-08-16,532832.7201281143,0.013999684292351988,1,103.50857462201799,-0.10457731681249338
2024-08-19,556014.2285965838,0.043506165430110544,1,109.44107191903251,-0.06562090942786436
2024-08-20,544252.3891455022,-0.02115384615384619,1,109.44107191903251,-0.08538662095919802
2024-08-21,549598.6798050848,0.00982318271119853,1,111.71964263916016,-0.07640220662677355
2024-08-22,529239.9958366673,-0.03704281818078203,1,111.71964263916016,-0.11061487175886942
2024-08-23,553319.6772202064,0.045498604740694004,1,114.53784860883441,-0.07014908934677466
2024-08-26,540873.5295329059,-0.02249359312473398,1,114.53784860883441,-0.09106477739767171
2024-08-27,548743.2863520191,0.014550086830667164,1,114.53784860883441,-0.07783969098535615
2024-08-28,537238.0584106235,-0.020966503331423025,1,114.53784860883441,-0.09717416817641766
2024-08-29,502936.2392652875,-0.06384845341526091,1,114.53784860883441,-0.15481820124169987
2024-08-30,510549.3845747147,0.015137396582415308,1,114.53784860883441,-0.14202434916965645
2024-09-03,489147.2809926488,-0.04191975199400888,0,,-0.17799047566936277
2024-09-04,489147.2809926488,0.0,0,,-0.17799047566936277
2024-09-05,489147.2809926488,0.0,0,,-0.17799047566936277
2024-09-06,489147.2809926488,0.0,0,,-0.17799047566936277
2024-09-09,489147.2809926488,0.0,0,,-0.17799047566936277
2024-09-10,489728.4582943354,0.0011881437846432696,1,92.2035677773612,-0.1770138101621117
2024-09-11,494829.2267838061,0.010415503536870263,0,,-0.16844199459105968
2024-09-12,503814.2514471471,0.018157829362142053,1,102.37928227015905,-0.15334270622412105
2024-09-13,503645.0972469049,-0.0003357471523608435,1,102.9642827170236,-0.15362696899953188
2024-09-16,493135.8610745562,-0.020866352576041747,0,,-0.17128768707524067
2024-09-17,493135.8610745562,0.0,0,,-0.17128768707524067
2024-09-18,493135.8610745562,0.0,0,,-0.17128768707524067
2024-09-19,493135.8610745562,0.0,0,,-0.17128768707524067
2024-09-20,493135.8610745562,0.0,0,,-0.17128768707524067
2024-09-23,493135.8610745562,0.0,0,,-0.17128768707524067
2024-09-24,493135.8610745562,0.0,0,,-0.17128768707524067
2024-09-25,493135.8610745562,0.0,0,,-0.17128768707524067
2024-09-26,493135.8610745562,0.0,0,,-0.17128768707524067
2024-09-27,493135.8610745562,0.0,0,,-0.17128768707524067
2024-09-30,505424.10885941016,0.02491858482584819,1,109.49893052237374,-0.1506373490094003
2024-10-01,486945.1543784589,-0.03656128419091975,1,109.49893052237374,-0.18169113827342054
2024-10-02,494644.70816120086,0.015811952770265814,1,109.49893052237374,-0.16875207720031005
2024-10-03,511292.40574678924,0.033655869174209485,1,111.11249923706055,-0.14077570585923027
2024-10-04,519907.58797721274,0.01684981457496959,1,113.45571299961637,-0.1262979358246492
2024-10-07,531560.9889883097,0.022414369939158796,1,115.94321605137418,-0.10671445454161621
2024-10-08,553078.1304969715,0.04047915846799466,1,120.88464300973075,-0.07055500738983722
2024-10-09,552079.2457797027,-0.0018060463109820235,1,121.20713778904508,-0.07223362809000144
2024-10-10,561069.0177173428,0.016283481051608595,1,123.22964205060687,-0.05712636195268539
2024-10-11,561027.4213355123,-7.413772729736312e-05,1,123.22964205060687,-0.05719626446133874
2024-10-14,574636.9318933903,0.02425819138301799,1,126.7807241167341,-0.034325551008017596
2024-10-15,547709.275968227,-0.046860294614964104,1,126.7807241167341,-0.07957734018992502
2024-10-16,564856.3841594865,0.031306952326026094,1,126.7807241167341,-0.05076171185945677
2024-10-17,569892.2771158081,0.008915351047709352,1,126.7807241167341,-0.0422989192927572
2024-10-18,574345.5667027977,0.007814265547740673,1,126.7807241167341,-0.03481518873275258
2024-10-21,598110.1829488327,0.04137686024541454,1,131.88500785827637,0.0
2024-10-22,597610.7088372351,-0.0008350871224681589,1,132.05071149553572,-0.0008350871224681589
2024-10-23,580838.158600229,-0.028066013525159805,1,132.05071149553572,-0.028877663081154026
2024-10-24,584375.8197395371,0.006090614204537825,1,132.05071149553572,-0.022962931581572144
2024-10-25,589078.7511234358,0.008047785731440493,1,132.05071149553572,-0.015099946603265857
2024-10-28,584833.6339633778,-0.007206366130100839,1,132.05071149553572,-0.022197496989598497
2024-10-29,587871.8209910883,0.005194959474408067,1,132.05071149553572,-0.017117852612484885
2024-10-30,579922.5301525474,-0.013522149820243579,1,132.05071149553572,-0.03040853226510154
2024-10-31,552537.0600035435,-0.047222635309237315,1,132.05071149553572,-0.0761951965448947
2024-11-01,563524.5378697946,0.019885503908426916,1,132.05071149553572,-0.05782487251516477
2024-11-04,566229.8268310087,0.004800658674847469,1,132.05071149553572,-0.05330181131617917
2024-11-05,582294.8575413385,0.02837192593728277,1,132.05071149553572,-0.026442160421881966
2024-11-06,606017.8138996166,0.0407404531416351,1,134.86178588867188,0.0
2024-11-07,619627.3244574944,0.02245727806300457,1,137.89072036743164,0.0
2024-11-08,614424.9189619981,-0.008396023367838512,1,137.89072036743164,-0.008396023367838512
2024-11-11,604561.114958507,-0.016053717385282607,1,137.89072036743164,-0.024314953366813552
2024-11-12,617171.7407991161,0.020859141497174605,1,137.89072036743164,-0.003963000922414639
2024-11-13,608764.699242661,-0.013621883506152788,1,137.89072036743164,-0.017530900891667422
2024-11-14,610804.0015531026,0.003349902372753677,1,137.89072036743164,-0.014239725325407404
2024-11-15,590910.0080187987,-0.032570175512470656,1,137.89072036743164,-0.04634611048478021
2024-11-18,573029.9170042812,-0.030258568600768476,0,,-0.07520231212206618
2024-11-19,573029.9170042812,0.0,0,,-0.07520231212206618
2024-11-20,566271.765712432,-0.011793714588550386,1,135.24750082833427,-0.08610911210504979
2024-11-21,569299.329547197,0.0053464855888691876,1,135.24750082833427,-0.08122300764312063
2024-11-22,550978.653444692,-0.032181095518023284,1,135.24750082833427,-0.11079025779391949
2024-11-25,527961.3977230863,-0.04177522228438968,1,135.24750082833427,-0.1479371924320234
2024-11-26,533680.5627911073,0.010832543994098387,0,,-0.13870718458330822
2024-11-27,533680.5627911073,0.0,0,,-0.13870718458330822
2024-11-29,533680.5627911073,0.0,0,,-0.13870718458330822
2024-12-02,532113.5781727019,-0.0029361845411987053,1,125.28000313895089,-0.1412360992333802
2024-12-03,538370.0852828089,0.011757841496155885,1,127.23142187935966,-0.13113888940554574
2024-12-04,557101.3611122275,0.03479256433718647,1,131.7364283970424,-0.10090898331510889
2024-12-05,556794.2842956403,-0.0005512045706982382,1,131.8099981035505,-0.10140456639297935
2024-12-06,554196.1228126896,-0.004666286196233882,0,,-0.10559766986081853
2024-12-09,554196.1228126896,0.0,0,,-0.10559766986081853
2024-12-10,554196.1228126896,0.0,0,,-0.10559766986081853
2024-12-11,554196.1228126896,0.0,0,,-0.10559766986081853
2024-12-12,554196.1228126896,0.0,0,,-0.10559766986081853
2024-12-13,554196.1228126896,0.0,0,,-0.10559766986081853
2024-12-16,554196.1228126896,0.0,0,,-0.10559766986081853
2024-12-17,554196.1228126896,0.0,0,,-0.10559766986081853
2024-12-18,554196.1228126896,0.0,0,,-0.10559766986081853
2024-12-19,554196.1228126896,0.0,0,,-0.10559766986081853
2024-12-20,554196.1228126896,0.0,0,,-0.10559766986081853
2024-12-23,554196.1228126896,0.0,0,,-0.10559766986081853
2024-12-24,554196.1228126896,0.0,0,,-0.10559766986081853
2024-12-26,554277.1104630298,0.00014613536076213407,1,126.61213520595005,-0.10546696605363715
2024-12-27,542710.6970252017,-0.02086756465221118,1,126.61213520595005,-0.12413369197305157
2024-12-30,544612.0699718074,0.0035034742396415908,1,126.61213520595005,-0.12106511692550925
2024-12-31,545930.9124262183,0.0024216181152194594,0,,-0.11893667229055782
2025-01-02,545930.9124262183,0.0,0,,-0.11893667229055782
2025-01-03,545930.9124262183,0.0,0,,-0.11893667229055782
2025-01-06,545930.9124262183,0.0,0,,-0.11893667229055782
2025-01-07,499197.3475093265,-0.08560344148529553,1,139.5014283316476,-0.1943587253089728
2025-01-08,507127.1278248918,0.015885060998680922,0,,-0.1815610645174509
2025-01-10,500694.2211646194,-0.012684998114503743,1,122.06606674194336,-0.19194296087088347
2025-01-13,490821.037076929,-0.019718989495675188,1,122.06606674194336,-0.20787702913737682
2025-01-14,500458.1657658396,0.019634709926665384,0,,-0.19232392437824075
2025-01-15,500458.1657658396,0.0,0,,-0.19232392437824075
2025-01-16,481434.52133609564,-0.03801245684668275,1,123.59713581630162,-0.2230256763489109
2025-01-17,496356.5735573635,0.030994977634457133,1,123.59713581630162,-0.19894337456479805
2025-01-21,507602.16218841064,0.02265627016975036,1,125.1907103402274,-0.1807944192376696
2025-01-22,530093.3944486887,0.044308779464831805,1,131.30393164498466,-0.14449641982331207
2025-01-23,530634.0265951107,0.0010198809343477944,1,131.5842846461705,-0.1436239080326236
2025-01-24,514053.9441278425,-0.031245795852287594,1,131.5842846461705,-0.17038206057501604
2025-01-27,449149.52382794773,-0.12625994030648535,0,,-0.2751295720840039
2025-01-28,449149.52382794773,0.0,0,,-0.2751295720840039
2025-01-29,449149.52382794773,0.0,0,,-0.2751295720840039
2025-01-30,449149.52382794773,0.0,0,,-0.2751295720840039
2025-01-31,449149.52382794773,0.0,0,,-0.2751295720840039
2025-02-03,449149.52382794773,0.0,0,,-0.2751295720840039
2025-02-04,449149.52382794773,0.0,0,,-0.2751295720840039
2025-02-05,449149.52382794773,0.0,0,,-0.2751295720840039
2025-02-06,449149.52382794773,0.0,0,,-0.2751295720840039
2025-02-07,449149.52382794773,0.0,0,,-0.2751295720840039
2025-02-10,449149.52382794773,0.0,0,,-0.2751295720840039
2025-02-11,449149.52382794773,0.0,0,,-0.2751295720840039
2025-02-12,449149.52382794773,0.0,0,,-0.2751295720840039
2025-02-13,449149.52382794773,0.0,0,,-0.2751295720840039
2025-02-14,449149.52382794773,0.0,0,,-0.2751295720840039
2025-02-18,442540.2597360609,-0.014715064229743224,1,125.88250596182687,-0.28579608698902925
2025-02-19,442000.5822817306,-0.0012194991132608024,1,125.99249621800013,-0.2866670580276335
2025-02-20,443873.4675163058,0.004237291328683002,0,,-0.28364445853815
2025-02-21,443873.4675163058,0.0,0,,-0.28364445853815
2025-02-24,443873.4675163058,0.0,0,,-0.28364445853815
2025-02-25,443873.4675163058,0.0,0,,-0.28364445853815
2025-02-26,447606.9633624511,0.00841117146973458,1,118.17820984976632,-0.27761906924561985
2025-02-27,409658.5758003049,-0.0847806014389848,1,118.17820984976632,-0.3388629590230299
2025-02-28,401792.60317983653,-0.01920128879299421,0,,-0.3515576422785742
2025-03-03,370494.88147427095,-0.07789521623313,1,107.84035791669575,-0.40206819994800536
2025-03-04,358879.24941107974,-0.03135166676789258,0,,-0.42081435849316173
2025-03-05,358879.24941107974,0.0,0,,-0.42081435849316173
2025-03-06,358879.24941107974,0.0,0,,-0.42081435849316173
2025-03-07,358879.24941107974,0.0,0,,-0.42081435849316173
2025-03-10,358879.24941107974,0.0,0,,-0.42081435849316173
2025-03-11,358879.24941107974,0.0,0,,-0.42081435849316173
2025-03-12,358879.24941107974,0.0,0,,-0.42081435849316173
2025-03-13,358879.24941107974,0.0,0,,-0.42081435849316173
2025-03-14,358879.24941107974,0.0,0,,-0.42081435849316173
2025-03-17,358879.24941107974,0.0,0,,-0.42081435849316173
2025-03-18,358879.24941107974,0.0,0,,-0.42081435849316173
2025-03-19,358879.24941107974,0.0,0,,-0.42081435849316173
2025-03-20,358879.24941107974,0.0,0,,-0.42081435849316173
2025-03-21,358879.24941107974,0.0,0,,-0.42081435849316173
2025-03-24,358879.24941107974,0.0,0,,-0.42081435849316173
2025-03-25,358879.24941107974,0.0,0,,-0.42081435849316173
2025-03-26,358879.24941107974,0.0,0,,-0.42081435849316173
2025-03-27,358879.24941107974,0.0,0,,-0.42081435849316173
2025-03-28,358879.24941107974,0.0,0,,-0.42081435849316173
2025-03-31,358879.24941107974,0.0,0,,-0.42081435849316173
2025-04-01,358879.24941107974,0.0,0,,-0.42081435849316173
2025-04-02,358879.24941107974,0.0,0,,-0.42081435849316173
2025-04-03,358879.24941107974,0.0,0,,-0.42081435849316173
2025-04-04,358879.24941107974,0.0,0,,-0.42081435849316173
2025-04-07,358879.24941107974,0.0,0,,-0.42081435849316173
2025-04-08,358879.24941107974,0.0,0,,-0.42081435849316173
2025-04-09,358879.24941107974,0.0,0,,-0.42081435849316173
2025-04-10,358879.24941107974,0.0,0,,-0.42081435849316173
2025-04-11,358879.24941107974,0.0,0,,-0.42081435849316173
2025-04-14,358879.24941107974,0.0,0,,-0.42081435849316173
2025-04-15,358879.24941107974,0.0,0,,-0.42081435849316173
2025-04-16,358879.24941107974,0.0,0,,-0.42081435849316173
2025-04-17,358879.24941107974,0.0,0,,-0.42081435849316173
2025-04-21,358879.24941107974,0.0,0,,-0.42081435849316173
2025-04-22,358879.24941107974,0.0,0,,-0.42081435849316173
2025-04-23,358879.24941107974,0.0,0,,-0.42081435849316173
2025-04-24,358879.24941107974,0.0,0,,-0.42081435849316173
2025-04-25,358879.24941107974,0.0,0,,-0.42081435849316173
2025-04-28,358879.24941107974,0.0,0,,-0.42081435849316173
2025-04-29,358879.24941107974,0.0,0,,-0.42081435849316173
2025-04-30,373605.63664870855,0.04103437928438258,1,94.32178660801479,-0.3970478352035016
2025-05-01,387293.0205322118,0.03663591375730002,0,,-0.37495813169423975
2025-05-02,387796.7488460299,0.0013006387595777547,1,101.58750179835727,-0.3741451780139624
2025-05-05,385493.6754175454,-0.005938867294111638,1,101.58750179835727,-0.3778620467471173
2025-05-06,384545.35562460055,-0.002460013881985801,1,101.58750179835727,-0.3793925147486297
2025-05-07,396467.1307698416,0.0310022601257971,1,105.71178681509836,-0.3601522800548498
2025-05-08,397517.0784032674,0.002648258965092687,1,106.30929074968611,-0.3584577975942109
2025-05-09,395078.52702725126,-0.006134456878711392,1,106.30929074968611,-0.36239331057074275
2025-05-12,416585.1537821981,0.05443633425681815,1,111.9357144492013,-0.3276843397005884
2025-05-13,440056.1461769122,0.05634140386814024,1,118.45320756094796,-0.289805131556784
2025-05-14,458379.13160408364,0.041637835504302334,1,123.56320980616977,-0.2602341544485458
2025-05-15,456651.84591255256,-0.0037682467905694184,1,123.56320980616977,-0.26302177472181787
2025-05-16,458582.3356054929,0.004227486892300902,1,124.45356478009904,-0.2599062089345432
2025-05-19,459158.14918222267,0.001255638370739831,1,124.4950065612793,-0.25897691877253504
2025-05-20,455127.7642224307,-0.008777770724466505,1,124.4950065612793,-0.26548144948108754
2025-05-21,446389.6304049651,-0.01919929853630098,1,124.4950065612793,-0.27958369041295117
2025-05-22,449878.10357463063,0.007814861573959053,1,124.4950065612793,-0.2739537366779059
2025-05-23,444662.29303388123,-0.011593830638356839,1,124.4950065612793,-0.28237139409047407
2025-05-27,458921.04339421005,0.032066470631100685,1,124.4950065612793,-0.25935957747503857
2025-05-28,456584.09401889856,-0.005092268940267486,1,124.4950065612793,-0.263131117694569
2025-05-29,471418.60627640446,0.03249020816062842,1,127.62749562944684,-0.23919009432137606
2025-05-30,457667.9175991514,-0.0291687440719951,1,127.62749562944684,-0.2613819637475546
2025-06-02,465288.37772931356,0.01665063212238649,1,127.62749562944684,-0.24908350654695555
2025-06-03,478293.950615031,0.027951639259047978,1,130.24321256365096,-0.22809415960828672
2025-06-04,480664.7500973931,0.004956783332328518,1,131.41821016584123,-0.2242679896045061
2025-06-05,474128.11354748375,-0.01359915939037526,1,131.41821016584123,-0.23481729285809072
2025-06-06,479987.3861995115,0.012357994568573227,1,131.41821016584123,-0.22536116911926474
2025-06-09,483069.4513663586,0.006421137837080648,1,131.82107380458288,-0.2203871064122246
2025-06-10,487573.996222623,0.009324838992661011,1,133.1850073678153,-0.21311734170291596
2025-06-11,483746.81526424026,-0.007849436163603896,1,133.1850073678153,-0.21929392689746585
2025-06-12,491096.3194993392,0.01519287363387467,1,134.80357033865792,-0.2074327581836205
2025-06-13,480834.1039917517,-0.02089654330549573,1,134.80357033865792,-0.2239946738747538
2025-06-16,490046.3977056897,0.019158985682296903,1,134.80357033865792,-0.20912719894213405
2025-06-17,488115.8563331967,-0.003939507323248326,1,134.80357033865792,-0.21224284813365946
2025-06-18,492722.0031901657,0.00943658518199153,1,136.5067868913923,-0.20480911066734964
2025-06-20,487201.4383268552,-0.011204218256069653,1,136.5067868913923,-0.2137186029466709
2025-06-23,488285.21022755525,0.0022244841977929752,1,136.5067868913923,-0.21196953240390715
2025-06-24,500918.2252175049,0.02587220486170838,1,139.68035125732422,-0.19158144670899324
2025-06-25,522628.0818136373,0.04334012120781927,1,145.42964117867606,-0.1565444886227111
2025-06-26,525032.7830826028,0.00460117118203951,1,146.5771473475865,-0.15266360543042945
2025-06-27,534278.9269035914,0.017610602840268497,1,149.23392813546317,-0.13774150071355973
2025-06-30,535091.7945887811,0.0015214294336867162,1,149.57750538417272,-0.13642963525329876
2025-07-01,519207.36053762573,-0.029685437548827576,1,149.57750538417272,-0.16206509938500524
2025-07-02,532585.491319111,0.025766450551919284,1,149.57750538417272,-0.1404744912025816
2025-07-03,539664.0396591467,0.013290914708366408,1,149.8864244733538,-0.12905061097548987
2025-07-07,535938.5123810213,-0.006903419543163314,1,149.8864244733538,-0.13506314000878783
2025-07-08,541899.3870337536,0.011122310703610028,1,151.32856913975306,-0.12544304351296065
2025-07-09,551653.592537818,0.018000030517578036,1,153.67643192836218,-0.10970099160683366
2025-07-10,555785.5794983146,0.007490184087241891,1,154.8321473257882,-0.10303248814127985
2025-07-11,558562.7869834952,0.004996904539494196,1,155.49678312029158,-0.09855042710949413
2025-07-14,555683.97749761,-0.005153958611228138,1,155.49678312029158,-0.10319646089828116
2025-07-15,578138.8982057254,0.04040951623121414,1,160.33749989100866,-0.06695706372873989
2025-07-16,580408.0956873829,0.003925003989006859,1,161.6682118007115,-0.06329486648196059
2025-07-17,585928.712230246,0.009511611888054494,1,163.18928800310408,-0.05438529079838872
2025-07-18,583930.4706436518,-0.003410383456015076,1,163.18928800310408,-0.0576101995584144
2025-07-21,580441.9974739862,-0.005974124223762978,1,163.18928800310408,-0.06324015329345967
2025-07-22,565709.087217185,-0.025382226511722394,1,163.18928800310408,-0.08701720390965129
2025-07-23,578409.8541007885,0.022451056860480545,1,163.18928800310408,-0.06651977524198649
2025-07-24,588435.0154999162,0.01733227974601692,1,164.24893515450614,-0.050340434849105886
2025-07-25,587622.1478147266,-0.001381406041071509,1,164.24893515450614,-0.05165230030936663
2025-07-28,598629.4791138497,0.018731988472622474,1,167.03035845075334,-0.03388786213072359
2025-07-29,594429.740259699,-0.007015589777448872,1,167.03035845075334,-0.040665708569028514
2025-07-30,607164.4089299061,0.021423337036675427,1,169.2950041634696,-0.020113566712862574
2025-07-31,602422.7582856291,-0.007809500317440987,1,169.2950041634696,-0.027765990124674622
2025-08-01,588367.2636062622,-0.023331613034285104,1,169.2950041634696,-0.050449777821857
2025-08-04,609636.8104129728,0.036150119359707134,1,169.2950041634696,-0.016123423952080662
2025-08-05,603743.6359743418,-0.009666697184244732,1,169.2950041634696,-0.025634260879407456
2025-08-06,607672.418933429,0.006507369560503795,1,169.2950041634696,-0.01929370292785637
2025-08-07,612244.7156833474,0.0075242788835858665,1,169.2950041634696,-0.011914595245796744
2025-08-08,618781.3522332568,0.010676509543432466,1,171.10892486572266,-0.0013652919922121365
2025-08-11,616613.7567523038,-0.0035030071173441923,1,171.10892486572266,-0.004863516481990349
2025-08-12,620339.335709982,0.006041997793400977,1,172.00286156790594,0.0
2025-08-13,615021.9231685281,-0.008571780371412374,1,172.00286156790594,-0.008571780371412374
2025-08-14,616478.3046445486,0.0023680155473440045,1,172.00286156790594,-0.006224062933256391
2025-08-15,611160.8921030947,-0.008625465813464017,1,172.00286156790594,-0.014795843304668876
2025-08-18,616444.4028579454,0.008645040648247893,1,172.00286156790594,-0.006278713323214946
2025-08-19,594870.0500491209,-0.03499805125782951,1,172.00286156790594,-0.04105702185032534
2025-08-20,581677.705523889,-0.02217685110242562,0,,-0.06232335749246731
2025-08-21,581677.705523889,0.0,0,,-0.06232335749246731
2025-08-22,581677.705523889,0.0,0,,-0.06232335749246731
2025-08-25,581677.705523889,0.0,0,,-0.06232335749246731
2025-08-26,581677.705523889,0.0,0,,-0.06232335749246731
2025-08-27,581677.705523889,0.0,0,,-0.06232335749246731
2025-08-28,581677.705523889,0.0,0,,-0.06232335749246731
2025-08-29,581677.705523889,0.0,0,,-0.06232335749246731
2025-09-02,581677.705523889,0.0,0,,-0.06232335749246731
2025-09-03,581677.705523889,0.0,0,,-0.06232335749246731
2025-09-04,581677.705523889,0.0,0,,-0.06232335749246731
2025-09-05,581677.705523889,0.0,0,,-0.06232335749246731
2025-09-08,581677.705523889,0.0,0,,-0.06232335749246731
2025-09-09,581677.705523889,0.0,0,,-0.06232335749246731
2025-09-10,581677.705523889,0.0,0,,-0.06232335749246731
2025-09-11,581677.705523889,0.0,0,,-0.06232335749246731
2025-09-12,581677.705523889,0.0,0,,-0.06232335749246731
2025-09-15,581677.705523889,0.0,0,,-0.06232335749246731
2025-09-16,581677.705523889,0.0,0,,-0.06232335749246731
2025-09-17,581677.705523889,0.0,0,,-0.06232335749246731
2025-09-18,581677.705523889,0.0,0,,-0.06232335749246731
2025-09-19,583780.3951289973,0.003614870546249316,1,164.69142368861608,-0.05893377781556086
2025-09-22,606712.6270270589,0.03928229191902588,1,171.11713954380582,-0.02196653976057683
2025-09-23,589596.0418108013,-0.028212014146022035,1,171.11713954380582,-0.04955883357613433
2025-09-24,593132.8799818177,0.005998748160102707,0,,-0.04385737637776321
2025-09-25,593132.8799818177,0.0,0,,-0.04385737637776321
2025-09-26,593132.8799818177,0.0,0,,-0.04385737637776321
2025-09-29,593132.8799818177,0.0,0,,-0.04385737637776321
2025-09-30,606881.4875235818,0.023179641536961615,1,173.16749354771204,-0.021694333103989827
2025-10-01,609028.2556675476,0.003537376222704891,1,173.74892534528462,-0.018233697899374346
2025-10-02,614395.126395794,0.00881218675538098,1,175.10249274117606,-0.009582189895123827
2025-10-03,610264.2330821027,-0.006723512502327611,1,175.10249274117606,-0.016241276423891837
2025-10-06,603498.6923333935,-0.011086248188821868,1,175.10249274117606,-0.027147469791375167
2025-10-07,601872.3618543289,-0.002694836790410382,1,175.10249274117606,-0.02976914858142521
2025-10-08,615110.7157771159,0.02199528465138445,1,175.69749777657648,-0.00842864482691863
2025-10-09,626364.9445301772,0.01829626515097038,1,178.5700056893485,0.0
2025-10-10,595757.3930025793,-0.04886536482426529,1,178.5700056893485,-0.04886536482426529
2025-10-13,612541.1354581272,0.028172109406748413,1,178.5700056893485,-0.022069895821546726
2025-10-14,585576.5483215009,-0.0440208592953667,1,178.5700056893485,-0.06511921933828968
2025-10-15,579956.4442699892,-0.00959755657500494,0,,-0.07409179052157533
2025-10-16,579956.4442699892,0.0,0,,-0.07409179052157533
2025-10-17,579956.4442699892,0.0,0,,-0.07409179052157533
2025-10-20,579956.4442699892,0.0,0,,-0.07409179052157533
2025-10-21,579956.4442699892,0.0,0,,-0.07409179052157533
2025-10-22,576338.470197628,-0.0062383548076876405,1,166.86678641183036,-0.07986793445165252
2025-10-23,582348.6718032464,0.010428249919804067,1,167.685001373291,-0.07027256731288889
2025-10-24,595455.963057263,0.022507634839158852,1,171.6028485979353,-0.04934660175801864
2025-10-27,612175.8241144359,0.028079089125798262,1,176.7114295959473,-0.02265312026103916
2025-10-28,642674.2996716525,0.049819797443545255,1,184.98357009887695,0.0
2025-10-29,661887.6958521486,0.029896008274039154,1,190.10606438773019,0.0
2025-10-30,648620.5494697181,-0.020044407027916766,1,190.10606438773019,-0.020044407027916766
2025-10-31,647341.8060042802,-0.0019714815796127994,1,190.10606438773019,-0.02197637142829978
2025-11-03,661376.2277345351,0.02168007936469052,1,191.51036616734095,-0.0007727415403226967
2025-11-04,635193.547958874,-0.03958817792007241,1,191.51036616734095,-0.0403303280308106
2025-11-05,624068.3237105672,-0.017514699706973613,1,191.51036616734095,-0.05713865415324082
2025-11-06,611322.5539323298,-0.02042367685392843,0,,-0.07639534959887517
2025-11-07,611322.5539323298,0.0,0,,-0.07639534959887517
2025-11-10,622733.3483152965,0.018665750690150196,1,178.72321701049805,-0.059155575458224474
2025-11-11,604306.3250284035,-0.029590551616906713,1,178.72321701049805,-0.08699568096610677
2025-11-12,606308.5805256411,0.003313312163567783,1,178.72321701049805,-0.0839706126504619
2025-11-13,584596.59413331,-0.035810125552747096,1,178.72321701049805,-0.1167737400214548
2025-11-14,594952.011520782,0.01771378330184148,1,178.72321701049805,-0.10112846144569898
2025-11-17,583783.1942473353,-0.01877263553559161,1,178.72321701049805,-0.11800264923229531
2025-11-18,567389.6945441472,-0.02808148618310946,1,178.72321701049805,-0.14277044565141783
2025-11-19,583532.9063429886,0.028451718376399482,1,178.72321701049805,-0.11838079178716554
2025-11-20,565137.151142563,-0.03152479491810012,1,178.72321701049805,-0.14617365652193293
2025-11-21,566163.7651265609,0.001816574935699089,0,,-0.14462261698693113
2025-11-24,566163.7651265609,0.0,0,,-0.14462261698693113
2025-11-25,566163.7651265609,0.0,0,,-0.14462261698693113
2025-11-26,566163.7651265609,0.0,0,,-0.14462261698693113
2025-11-28,566163.7651265609,0.0,0,,-0.14462261698693113
2025-12-01,566163.7651265609,0.0,0,,-0.14462261698693113
2025-12-02,566163.7651265609,0.0,0,,-0.14462261698693113
2025-12-03,566163.7651265609,0.0,0,,-0.14462261698693113
2025-12-04,566163.7651265609,0.0,0,,-0.14462261698693113
2025-12-05,566163.7651265609,0.0,0,,-0.14462261698693113
2025-12-08,566163.7651265609,0.0,0,,-0.14462261698693113
2025-12-09,566163.7651265609,0.0,0,,-0.14462261698693113
2025-12-10,566163.7651265609,0.0,0,,-0.14462261698693113
2025-12-11,566163.7651265609,0.0,0,,-0.14462261698693113
2025-12-12,566163.7651265609,0.0,0,,-0.14462261698693113
2025-12-15,566163.7651265609,0.0,0,,-0.14462261698693113
2025-12-16,566163.7651265609,0.0,0,,-0.14462261698693113
2025-12-17,566163.7651265609,0.0,0,,-0.14462261698693113
2025-12-18,566163.7651265609,0.0,0,,-0.14462261698693113
2025-12-19,566163.7651265609,0.0,0,,-0.14462261698693113
2025-12-22,564608.8524548657,-0.002746400895768497,1,171.38464191981726,-0.1469718261978583
2025-12-23,581575.7163908292,0.030050651636426062,1,176.35285840715684,-0.1213377737108734
2025-12-24,579731.4747169802,-0.0031711118980242148,1,176.35285840715684,-0.12412410995100331
2025-12-26,585632.9824118774,0.01017972622200336,1,177.91749245779857,-0.11520793318585099
2025-12-29,578532.7316992824,-0.012124062212741538,1,177.91749245779857,-0.1259352072492459
2025-12-30,576442.5880088526,-0.003612835671873982,1,177.91749245779857,-0.1290930597120249
2025-12-31,573245.9555953302,-0.005545448029029454,1,177.91749245779857,-0.13392262888751294
2026-01-02,580469.1807667224,0.012600568919654664,1,177.91749245779857,-0.12300956128305685
2026-01-05,578225.3424533029,-0.0038655597709006395,1,177.91749245779857,-0.12639962024242557
2026-01-06,575520.5140729422,-0.004677810157688089,1,177.91749245779857,-0.13048615697261567
2026-01-07,581268.3271448497,0.009987155855193386,1,177.91749245779857,-0.12180218670405307
2026-01-08,568758.3258695051,-0.021521904241356027,1,177.91749245779857,-0.14070267594677666
2026-01-09,568205.0815079588,-0.0009727230993945568,1,177.91749245779857,-0.14153853430313112
2026-01-12,568450.9835245395,0.0004327698300903293,1,177.91749245779857,-0.14116701808048238
2026-01-13,571125.0917407079,0.0047042019341547725,1,177.91749245779857,-0.1371268943058206
2026-01-14,562918.3054040065,-0.014369507583160579,1,177.91749245779857,-0.1495259559413984
2026-01-15,574936.5026461894,0.021349807115541353,1,177.91749245779857,-0.13136849914397286
2026-01-16,572416.0421519966,-0.004383893669287264,1,177.91749245779857,-0.1351764872815191
2026-01-20,546045.5616977161,-0.04606873063015626,0,,-0.17501780873157236
2026-01-21,546045.5616977161,0.0,0,,-0.17501780873157236
2026-01-22,546045.5616977161,0.0,0,,-0.17501780873157236
2026-01-23,546045.5616977161,0.0,0,,-0.17501780873157236
2026-01-26,546045.5616977161,0.0,0,,-0.17501780873157236
2026-01-27,546045.5616977161,0.0,0,,-0.17501780873157236
2026-01-28,546045.5616977161,0.0,0,,-0.17501780873157236
2026-01-29,548561.6568082735,0.004607848295176353,1,180.07607051304413,-0.1712164159479853
2026-01-30,544629.3446367844,-0.007168405087531471,1,180.07607051304413,-0.17715747240836632
2026-02-02,528899.9655100171,-0.028880888041861286,1,180.07607051304413,-0.20092189532382254
2026-02-03,529899.1361444547,0.001889148609556246,0,,-0.19941231803344672
2026-02-04,529899.1361444547,0.0,0,,-0.19941231803344672
2026-02-05,529899.1361444547,0.0,0,,-0.19941231803344672
2026-02-06,529899.1361444547,0.0,0,,-0.19941231803344672
2026-02-09,545702.8355076817,0.029823976461284207,1,173.26142065865653,-0.17553560985128214
2026-02-10,541395.5618696056,-0.007893075420927542,1,173.26142065865653,-0.18204316946459498
2026-02-11,545731.5787074149,0.008008962657240382,1,173.46428516932897,-0.17549218375360232
2026-02-12,536801.1629451696,-0.016364117655418342,1,173.46428516932897,-0.18898452666647036
2026-02-13,524941.7888405937,-0.02209267587929442,1,173.46428516932897,-0.20690202865192053
2026-02-17,521115.14216316945,-0.007289659079868449,0,,-0.21268344247998328
2026-02-18,521115.14216316945,0.0,0,,-0.21268344247998328
2026-02-19,522671.2124147361,0.0029860392179497097,1,170.29463468279158,-0.21033248436228735
2026-02-20,528012.0095340768,0.01021827296488409,1,172.32714898245675,-0.20226344613599934
2026-02-23,532824.2447323563,0.009113874516842646,1,174.3928598676409,-0.19499297528658444
2026-02-24,536440.3926476107,0.006786755578419568,1,176.3482197352818,-0.18952958937094377
2026-02-25,543978.6287597396,0.014052327556699717,1,179.7099958147321,-0.1781405936857714
2026-02-26,514298.4740999261,-0.05456125128938172,1,179.7099958147321,-0.222982271278224
2026-02-27,503417.0254758346,-0.021157847382563433,0,,-0.2394222937960655
2026-03-02,503417.0254758346,0.0,0,,-0.2394222937960655
2026-03-03,503417.0254758346,0.0,0,,-0.2394222937960655
2026-03-04,503417.0254758346,0.0,0,,-0.2394222937960655
2026-03-05,508683.773148007,0.010461997520235133,1,167.81857354300368,-0.23146513171981375
2026-03-06,493368.3542798009,-0.030107936751011533,1,167.81857354300368,-0.2546041309249406
2026-03-09,506769.33520545904,0.027162222322143714,1,167.81857354300368,-0.2343575226111162
2026-03-10,505316.5871729332,-0.002866684962176791,0,,-0.2365523783874508
2026-03-11,505316.5871729332,0.0,0,,-0.2365523783874508
2026-03-12,505316.5871729332,0.0,0,,-0.2365523783874508
2026-03-13,505316.5871729332,0.0,0,,-0.2365523783874508
2026-03-16,505316.5871729332,0.0,0,,-0.2365523783874508
2026-03-17,496025.896398781,-0.01838588126728702,1,168.94035938807895,-0.2505890357122117
2026-03-18,496779.17269792897,0.0015186229279899877,0,,-0.2494509630393572
2026-03-19,496779.17269792897,0.0,0,,-0.2494509630393572
2026-03-20,496779.17269792897,0.0,0,,-0.2494509630393572
2026-03-23,496779.17269792897,0.0,0,,-0.2494509630393572
2026-03-24,496779.17269792897,0.0,0,,-0.2494509630393572
2026-03-25,496779.17269792897,0.0,0,,-0.2494509630393572
2026-03-26,496779.17269792897,0.0,0,,-0.2494509630393572
2026-03-27,496779.17269792897,0.0,0,,-0.2494509630393572
2026-03-30,496779.17269792897,0.0,0,,-0.2494509630393572
2026-03-31,496779.17269792897,0.0,0,,-0.2494509630393572
2026-04-01,496779.17269792897,0.0,0,,-0.2494509630393572
2026-04-02,496779.17269792897,0.0,0,,-0.2494509630393572
2026-04-06,496779.17269792897,0.0,0,,-0.2494509630393572
2026-04-07,496779.17269792897,0.0,0,,-0.2494509630393572
2026-04-08,496779.17269792897,0.0,0,,-0.2494509630393572
2026-04-09,496779.17269792897,0.0,0,,-0.2494509630393572
2026-04-10,496779.17269792897,0.0,0,,-0.2494509630393572
2026-04-13,504780.99218273134,0.016107397259321088,1,176.63499832153317,-0.2373615715384313
2026-04-14,523979.24716195645,0.03803284053190992,1,182.94928250994002,-0.20835626580524602
2026-04-15,530272.0128109358,0.01200957038482553,1,185.55214309692383,-0.198848964659728
2026-04-16,528885.5008800792,-0.0026147182905369437,1,185.65715135846816,-0.20094374892531497
2026-04-17,537764.6617674126,0.016788436953855124,1,189.14428438459123,-0.18752884343156373
2026-04-20,538777.9164515504,0.0018841972263623497,1,189.67607334681915,-0.18599798753185803
2026-04-21,532965.1285374238,-0.010788838474320328,1,189.67607334681915,-0.19478012376214848
2026-04-22,539951.1501518316,0.013107839969903834,1,191.03928974696566,-0.184225430483837
2026-04-23,532325.1717864277,-0.014123459804205374,1,191.03928974696566,-0.1957469898256914
2026-04-24,555336.4362915661,0.04322783464835034,1,195.06465312412803,-0.16098087368643832
2026-04-27,577574.4146367816,0.040044155023784445,1,202.53322001865934,-0.12738306172441793
2026-04-28,568401.9046379548,-0.01588108781548969,1,202.53322001865934,-0.14124116795045627
2026-04-29,557949.5218235593,-0.01838907070702578,1,202.53322001865934,-0.1570329448332981
2026-04-30,539229.6692611828,-0.03355115799937247,0,,-0.1853154656894619
2026-05-01,539229.6692611828,0.0,0,,-0.1853154656894619
2026-05-04,539229.6692611828,0.0,0,,-0.1853154656894619
2026-05-05,539229.6692611828,0.0,0,,-0.1853154656894619
2026-05-06,539229.6692611828,0.0,0,,-0.1853154656894619
2026-05-07,539229.6692611828,0.0,0,,-0.1853154656894619
2026-05-08,539229.6692611828,0.0,0,,-0.1853154656894619
2026-05-11,539229.6692611828,0.0,0,,-0.1853154656894619
2026-05-12,539229.6692611828,0.0,0,,-0.1853154656894619
2026-05-13,539229.6692611828,0.0,0,,-0.1853154656894619
2026-05-14,539229.6692611828,0.0,0,,-0.1853154656894619
2026-05-15,539229.6692611828,0.0,0,,-0.1853154656894619
2026-05-18,539229.6692611828,0.0,0,,-0.1853154656894619
2026-05-19,539229.6692611828,0.0,0,,-0.1853154656894619
2026-05-20,539229.6692611828,0.0,0,,-0.1853154656894619
2026-05-21,539229.6692611828,0.0,0,,-0.1853154656894619
2026-05-22,539229.6692611828,0.0,0,,-0.1853154656894619
2026-05-26,539229.6692611828,0.0,0,,-0.1853154656894619
2026-05-27,539229.6692611828,0.0,0,,-0.1853154656894619
2026-05-28,539229.6692611828,0.0,0,,-0.1853154656894619
2026-05-29,529790.4158170244,-0.017505070626197883,1,195.1371465410505,-0.19957657600063905
2026-06-01,562961.9132313664,0.06261249056985307,1,203.89036233084542,-0.14946007191358945
2026-06-02,559097.777180527,-0.006863938678656867,1,203.89036233084542,-0.15529812582372382
2026-06-03,538848.5939452167,-0.03621760640406191,1,203.89036233084542,-0.1858912058314136
2026-06-04,548659.5367887478,0.0182072347478901,1,203.89036233084542,-0.1710685359056645
2026-06-05,514634.92389771715,-0.062014073591381336,1,203.89036233084542,-0.22247395272222215
2026-06-08,526590.5040208035,0.023231186940322113,0,,-0.20441109976694227
2026-06-09,526590.5040208035,0.0,0,,-0.20441109976694227
2026-06-10,526590.5040208035,0.0,0,,-0.20441109976694227
2026-06-11,526590.5040208035,0.0,0,,-0.20441109976694227
2026-06-12,526590.5040208035,0.0,0,,-0.20441109976694227
2026-06-15,526590.5040208035,0.0,0,,-0.20441109976694227
2026-06-16,526590.5040208035,0.0,0,,-0.20441109976694227
2026-06-17,526590.5040208035,0.0,0,,-0.20441109976694227
2026-06-18,526590.5040208035,0.0,0,,-0.20441109976694227
2026-06-22,526590.5040208035,0.0,0,,-0.20441109976694227
2026-06-23,526590.5040208035,0.0,0,,-0.20441109976694227
2026-06-24,526590.5040208035,0.0,0,,-0.20441109976694227
2026-06-25,526590.5040208035,0.0,0,,-0.20441109976694227
2026-06-26,526590.5040208035,0.0,0,,-0.20441109976694227
2026-06-29,526590.5040208035,0.0,0,,-0.20441109976694227
2026-06-30,526590.5040208035,0.0,0,,-0.20441109976694227
2026-07-01,526590.5040208035,0.0,0,,-0.20441109976694227
2026-07-02,526590.5040208035,0.0,0,,-0.20441109976694227
2026-07-06,526590.5040208035,0.0,0,,-0.20441109976694227
2026-07-07,526590.5040208035,0.0,0,,-0.20441109976694227
2026-07-08,526590.5040208035,0.0,0,,-0.20441109976694227
2026-07-09,526590.5040208035,0.0,0,,-0.20441109976694227
2026-07-10,526590.5040208035,0.0,0,,-0.20441109976694227
2026-07-13,513169.86393942125,-0.02548591358732899,1,191.53463963099887,-0.2246874097293201
2026-07-14,524157.13555642136,0.021410594013948403,0,,-0.20808750662513187
2026-07-15,524705.429954958,0.0010460496697324295,1,194.64821406773157,-0.2072591268229801
2026-07-16,512112.48456522595,-0.024000028722426348,1,194.64821406773157,-0.22628493054866994
2026-07-17,499608.5578532197,-0.024416367670907047,0,,-0.24517624215691503
2026-07-20,499608.5578532197,0.0,0,,-0.24517624215691503
2026-07-21,499608.5578532197,0.0,0,,-0.24517624215691503
2026-07-22,499608.5578532197,0.0,0,,-0.24517624215691503
2026-07-23,497193.0839056555,-0.00483473293160408,1,190.8082215445382,-0.2488256134365161
2026-07-24,492620.32171064656,-0.009197155678610791,1,190.8082215445382,-0.2557342812115255
2026-07-27,468017.8806190658,-0.04994199387907439,1,190.8082215445382,-0.2929043951836644
2026-07-28,469208.70524300827,0.002544399847218104,1,190.8082215445382,-0.2911052612348012
2026-07-29,453756.59994580137,-0.03293226473537847,0,,-0.3144507704413336
2026-07-30,453756.59994580137,0.0,0,,-0.3144507704413336
2026-07-31,453756.59994580137,0.0,0,,-0.3144507704413336
2026-08-03,473589.0871462125,0.04370732503456698,1,187.0274990626744,-0.28448724743781595
2026-08-04,485735.93003513996,0.025648485614655492,1,192.56857463291712,-0.26613542889662223
2026-08-05,502420.6376740109,0.0343493379986608,1,199.20035825456893,-0.24092766669855004
2026-08-06,501893.52062516037,-0.0010491548501885273,1,199.47036034720287,-0.24172405111867712
2026-08-07,513284.0468939398,0.022695105237842794,1,204.385007585798,-0.22451489865949048
2026-08-10,498593.24263576703,-0.028621197847608748,1,204.385007585798,-0.2467102111728301
2026-08-11,498478.6428501183,-0.00022984624709898593,1,204.385007585798,-0.2468833520037701
2026-08-12,513581.9643714929,0.030298833737428366,1,204.5042806352888,-0.22406479590124295
2026-08-13,516355.1253120356,0.005399646274448999,1,206.3535761151995,-0.2198750202672174
2026-08-14,516034.2668947859,-0.0006213909798141737,1,208.05643245152064,-0.22035978289275093
2026-08-17,515690.46753783984,-0.000666233579825759,1,208.4242793491909,-0.2208792053855705
2026-08-18,503612.41249705735,-0.023421133026656604,1,208.4242793491909,-0.2391270971600694
2026-08-19,498616.14860451885,-0.009920851370135098,1,208.4242793491909,-0.24667560414070766
2026-08-20,496988.95054951875,-0.003263428309640881,1,208.4242793491909,-0.24913402430049802
2026-08-21,492107.2864426291,-0.00982248016076015,1,208.4242793491909,-0.25650939045019616
2026-08-24,476961.8819730488,-0.030776631207930727,0,,-0.27939152674687007
2026-08-25,476961.8819730488,0.0,0,,-0.27939152674687007
2026-08-26,476961.8819730488,0.0,0,,-0.27939152674687007
2026-08-27,476961.8819730488,0.0,0,,-0.27939152674687007
2026-08-28,476961.8819730488,0.0,0,,-0.27939152674687007
2026-08-31,476961.8819730488,0.0,0,,-0.27939152674687007
2026-09-01,476961.8819730488,0.0,0,,-0.27939152674687007
2026-09-02,476961.8819730488,0.0,0,,-0.27939152674687007
2026-09-03,476961.8819730488,0.0,0,,-0.27939152674687007
2026-09-04,476961.8819730488,0.0,0,,-0.27939152674687007
2026-09-08,476961.8819730488,0.0,0,,-0.27939152674687007
2026-09-09,476961.8819730488,0.0,0,,-0.27939152674687007
2026-09-10,476961.8819730488,0.0,0,,-0.27939152674687007
2026-09-11,476961.8819730488,0.0,0,,-0.27939152674687007
2026-09-14,476961.8819730488,0.0,0,,-0.27939152674687007
2026-09-15,476961.8819730488,0.0,0,,-0.27939152674687007
2026-09-16,476961.8819730488,0.0,0,,-0.27939152674687007
2026-09-17,476961.8819730488,0.0,0,,-0.27939152674687007
2026-09-18,482587.34120862454,0.011794358099026514,1,207.42715345110207,-0.27089241236413
2026-09-21,493682.05286886793,0.022990059441793553,1,212.20679582868303,-0.2541301855849185
2026-09-22,496917.0841902892,0.006552863938686704,1,214.08964266095842,-0.24924260217508298
2026-09-23,489621.9308639714,-0.014680826154739646,1,214.08964266095842,-0.2602643410169353
2026-09-24,486047.5288116953,-0.0073003307796463135,0,,-0.2656646560170114
