timestamp,equity,daily_return,position,stop_price,drawdown
2020-01-02,100000.0,0.0,0,,0.0
2020-01-03,100000.0,0.0,0,,0.0
2020-01-06,100000.0,0.0,0,,0.0
2020-01-07,100000.0,0.0,0,,0.0
2020-01-08,100000.0,0.0,0,,0.0
2020-01-09,100000.0,0.0,0,,0.0
2020-01-10,100000.0,0.0,0,,0.0
2020-01-13,100000.0,0.0,0,,0.0
2020-01-14,100000.0,0.0,0,,0.0
2020-01-15,100000.0,0.0,0,,0.0
2020-01-16,100000.0,0.0,0,,0.0
2020-01-17,100000.0,0.0,0,,0.0
2020-01-21,100000.0,0.0,0,,0.0
2020-01-22,100000.0,0.0,0,,0.0
2020-01-23,100000.0,0.0,0,,0.0
2020-01-24,100000.0,0.0,0,,0.0
2020-01-27,100000.0,0.0,0,,0.0
2020-01-28,100000.0,0.0,0,,0.0
2020-01-29,100000.0,0.0,0,,0.0
2020-01-30,100000.0,0.0,0,,0.0
2020-01-31,100000.0,0.0,0,,0.0
2020-02-03,100000.0,0.0,0,,0.0
2020-02-04,100000.0,0.0,0,,0.0
2020-02-05,100000.0,0.0,0,,0.0
2020-02-06,100000.0,0.0,0,,0.0
2020-02-07,100000.0,0.0,0,,0.0
2020-02-10,100000.0,0.0,0,,0.0
2020-02-11,100000.0,0.0,0,,0.0
2020-02-12,100000.0,0.0,0,,0.0
2020-02-13,100000.0,0.0,0,,0.0
2020-02-14,100000.0,0.0,0,,0.0
2020-02-18,100000.0,0.0,0,,0.0
2020-02-19,100000.0,0.0,0,,0.0
2020-02-20,100000.0,0.0,0,,0.0
2020-02-21,100000.0,0.0,0,,0.0
2020-02-24,100000.0,0.0,0,,0.0
2020-02-25,100000.0,0.0,0,,0.0
2020-02-26,100000.0,0.0,0,,0.0
2020-02-27,100000.0,0.0,0,,0.0
2020-02-28,100000.0,0.0,0,,0.0
2020-03-02,100000.0,0.0,0,,0.0
2020-03-03,100000.0,0.0,0,,0.0
2020-03-04,100000.0,0.0,0,,0.0
2020-03-05,100000.0,0.0,0,,0.0
2020-03-06,100000.0,0.0,0,,0.0
2020-03-09,100000.0,0.0,0,,0.0
2020-03-10,100000.0,0.0,0,,0.0
2020-03-11,100000.0,0.0,0,,0.0
2020-03-12,100000.0,0.0,0,,0.0
2020-03-13,100000.0,0.0,0,,0.0
2020-03-16,100000.0,0.0,0,,0.0
2020-03-17,100000.0,0.0,0,,0.0
2020-03-18,100000.0,0.0,0,,0.0
2020-03-19,100000.0,0.0,0,,0.0
2020-03-20,100000.0,0.0,0,,0.0
2020-03-23,100000.0,0.0,0,,0.0
2020-03-24,100000.0,0.0,0,,0.0
2020-03-25,100000.0,0.0,0,,0.0
2020-03-26,100000.0,0.0,0,,0.0
2020-03-27,100000.0,0.0,0,,0.0
2020-03-30,100000.0,0.0,0,,0.0
2020-03-31,100000.0,0.0,0,,0.0
2020-04-01,100000.0,0.0,0,,0.0
2020-04-02,100000.0,0.0,0,,0.0
2020-04-03,100000.0,0.0,0,,0.0
2020-04-06,100000.0,0.0,0,,0.0
2020-04-07,96904.60042271022,-0.030953995772897813,1,177.05213819231304,-0.030953995772897813
2020-04-08,97621.40585112837,0.007397021661420977,0,,-0.023785941488716378
2020-04-09,96757.43388818268,-0.008850230699025463,1,179.84928294590543,-0.03242566111817313
2020-04-13,97802.75627059424,0.010803535608639336,1,182.8424982343401,-0.021972437294057623
2020-04-14,102056.30757899137,0.04349111896835178,1,192.3689275469099,0.0
2020-04-15,100885.7343869049,-0.011469875991549583,1,192.3689275469099,-0.011469875991549583
2020-04-16,102725.89223317755,0.01824002033048111,1,195.59285354614258,0.0
2020-04-17,103708.5892107517,0.009566205327703692,1,198.1346321105957,0.0
2020-04-20,102480.21982638394,-0.011844432497982615,1,198.1346321105957,-0.011844432497982615
2020-04-21,98698.74793414697,-0.03689952947645225,1,198.1346321105957,-0.048306907988343806
2020-04-22,101627.58081984191,0.02967446849122224,1,198.1346321105957,-0.020065921316129942
2020-04-23,101410.81018438874,-0.002132990214904762,1,198.1346321105957,-0.022156111117214383
2020-04-24,103010.10278522504,0.015770435103796165,1,198.23285184587752,-0.006735087525944761
2020-04-27,103838.65453218343,0.00804340277852078,1,202.0046370370047,0.0
2020-04-28,101882.88960054891,-0.01883465209026136,1,202.0046370370047,-0.01883465209026136
2020-04-29,105495.75802610029,0.03546099290780136,1,204.92321123395647,0.0
2020-04-30,105452.40536908957,-0.00041094218214909883,1,205.10107476370672,-0.00041094218214909883
2020-05-01,102480.21982638394,-0.02818509006316927,1,205.10107476370672,-0.028584449802903755
2020-05-04,103674.87292765436,0.011657401821486557,1,205.10107476370672,-0.01726026839861594
2020-05-05,104850.26063149767,0.011337247595794242,1,205.10107476370672,-0.00611870473922671
2020-05-06,105495.75802610029,0.006156373772605583,1,205.89821515764507,0.0
2020-05-07,106854.20008229942,0.012876745772688158,1,208.8432219369071,0.0
2020-05-08,108318.6128499471,0.013704774978613665,1,211.906430380685,0.0
2020-05-11,109286.85894185098,0.008938870859112491,1,214.7074977329799,0.0
2020-05-12,106998.70893900178,-0.020937100992779678,1,214.7074977329799,-0.020937100992779678
2020-05-13,105659.53963062938,-0.012515752027772886,1,214.7074977329799,-0.03319080945634656
2020-05-14,106859.0145940563,0.011352263767380633,1,214.7074977329799,-0.02221533651256724
2020-05-15,107552.68650782609,0.00649146837452097,1,214.7074977329799,-0.015868078292446852
2020-05-18,109556.61860822821,0.018632097118804314,1,214.7074977329799,0.0
2020-05-19,109282.04443009413,-0.002506230856904712,1,214.81000954764232,-0.002506230856904712
2020-05-20,111464.21637109517,0.019968256929864925,1,218.94536427089147,0.0
2020-05-21,110250.29052199802,-0.010890722499278693,1,218.94536427089147,-0.010890722499278693
2020-05-22,110630.85011237988,0.003451778572011399,1,218.94536427089147,-0.007476536289824032
2020-05-26,110332.18132426256,-0.0026996880871287265,1,218.94536427089147,-0.010156040060998128
2020-05-27,110934.32606185446,0.00545756215788229,1,218.94536427089147,-0.004753905123026758
2020-05-28,110789.81720515211,-0.0013026523154048286,1,218.94536427089147,-0.006050364752915871
2020-05-29,112413.19706557199,0.01465278941126713,1,220.93143081665045,0.0
2020-06-01,112750.3966485435,0.002999644096723042,1,222.0296412876674,0.0
2020-06-02,113506.69396715076,0.006707713153016437,1,224.01572036743167,0.0
2020-06-03,114017.31152856474,0.0044985678250990535,1,226.10786056518558,0.0
2020-06-04,113217.6615529468,-0.007013408445590286,1,226.10786056518558,-0.007013408445590286
2020-06-05,115462.45889878529,0.0198272717794008,1,229.37571498325894,0.0
2020-06-08,116358.45056233802,0.007760025830890749,1,231.5285726274763,0.0
2020-06-09,117201.45319496667,0.007244876745561513,1,233.17678833007815,0.0
2020-06-10,118608.0624199334,0.012001636384378234,1,236.16464178902763,0.0
2020-06-11,113593.59065132038,-0.042277663645319596,0,,-0.042277663645319596
2020-06-12,113593.59065132038,0.0,0,,-0.042277663645319596
2020-06-15,113593.59065132038,0.0,0,,-0.042277663645319596
2020-06-16,113593.59065132038,0.0,0,,-0.042277663645319596
2020-06-17,113593.59065132038,0.0,0,,-0.042277663645319596
2020-06-18,113593.59065132038,0.0,0,,-0.042277663645319596
2020-06-19,113593.59065132038,0.0,0,,-0.042277663645319596
2020-06-22,113593.59065132038,0.0,0,,-0.042277663645319596
2020-06-23,113593.59065132038,0.0,0,,-0.042277663645319596
2020-06-24,113593.59065132038,0.0,0,,-0.042277663645319596
2020-06-25,113593.59065132038,0.0,0,,-0.042277663645319596
2020-06-26,113593.59065132038,0.0,0,,-0.042277663645319596
2020-06-29,113593.59065132038,0.0,0,,-0.042277663645319596
2020-06-30,113593.59065132038,0.0,0,,-0.042277663645319596
2020-07-01,113593.59065132038,0.0,0,,-0.042277663645319596
2020-07-02,113593.59065132038,0.0,0,,-0.042277663645319596
2020-07-06,113593.59065132038,0.0,0,,-0.042277663645319596
2020-07-07,113593.59065132038,0.0,0,,-0.042277663645319596
2020-07-08,113593.59065132038,0.0,0,,-0.042277663645319596
2020-07-09,113593.59065132038,0.0,0,,-0.042277663645319596
2020-07-10,113593.59065132038,0.0,0,,-0.042277663645319596
2020-07-13,113593.59065132038,0.0,0,,-0.042277663645319596
2020-07-14,113593.59065132038,0.0,0,,-0.042277663645319596
2020-07-15,113593.59065132038,0.0,0,,-0.042277663645319596
2020-07-16,113593.59065132038,0.0,0,,-0.042277663645319596
2020-07-17,113593.59065132038,0.0,0,,-0.042277663645319596
2020-07-20,113593.59065132038,0.0,0,,-0.042277663645319596
2020-07-21,113593.59065132038,0.0,0,,-0.042277663645319596
2020-07-22,113593.59065132038,0.0,0,,-0.042277663645319596
2020-07-23,113593.59065132038,0.0,0,,-0.042277663645319596
2020-07-24,113593.59065132038,0.0,0,,-0.042277663645319596
2020-07-27,113593.59065132038,0.0,0,,-0.042277663645319596
2020-07-28,113593.59065132038,0.0,0,,-0.042277663645319596
2020-07-29,113593.59065132038,0.0,0,,-0.042277663645319596
2020-07-30,113593.59065132038,0.0,0,,-0.042277663645319596
2020-07-31,113593.59065132038,0.0,0,,-0.042277663645319596
2020-08-03,113593.59065132038,0.0,0,,-0.042277663645319596
2020-08-04,113593.59065132038,0.0,0,,-0.042277663645319596
2020-08-05,113593.59065132038,0.0,0,,-0.042277663645319596
2020-08-06,113593.59065132038,0.0,0,,-0.042277663645319596
2020-08-07,113593.59065132038,0.0,0,,-0.042277663645319596
2020-08-10,113593.59065132038,0.0,0,,-0.042277663645319596
2020-08-11,113593.59065132038,0.0,0,,-0.042277663645319596
2020-08-12,113593.59065132038,0.0,0,,-0.042277663645319596
2020-08-13,113593.59065132038,0.0,0,,-0.042277663645319596
2020-08-14,113593.59065132038,0.0,0,,-0.042277663645319596
2020-08-17,113593.59065132038,0.0,0,,-0.042277663645319596
2020-08-18,113593.59065132038,0.0,0,,-0.042277663645319596
2020-08-19,113593.59065132038,0.0,0,,-0.042277663645319596
2020-08-20,113593.59065132038,0.0,0,,-0.042277663645319596
2020-08-21,113593.59065132038,0.0,0,,-0.042277663645319596
2020-08-24,113593.59065132038,0.0,0,,-0.042277663645319596
2020-08-25,113593.59065132038,0.0,0,,-0.042277663645319596
2020-08-26,113593.59065132038,0.0,0,,-0.042277663645319596
2020-08-27,113593.59065132038,0.0,0,,-0.042277663645319596
2020-08-28,113593.59065132038,0.0,0,,-0.042277663645319596
2020-08-31,113593.59065132038,0.0,0,,-0.042277663645319596
2020-09-01,113593.59065132038,0.0,0,,-0.042277663645319596
2020-09-02,113593.59065132038,0.0,0,,-0.042277663645319596
2020-09-03,113593.59065132038,0.0,0,,-0.042277663645319596
2020-09-04,113593.59065132038,0.0,0,,-0.042277663645319596
2020-09-08,113593.59065132038,0.0,0,,-0.042277663645319596
2020-09-09,113593.59065132038,0.0,0,,-0.042277663645319596
2020-09-10,109951.38883171568,-0.032063444765863314,1,261.9864283970424,-0.07298554087806153
2020-09-11,109188.34857742976,-0.006939796417249289,1,261.9864283970424,-0.0794188325002142
2020-09-14,110600.7653746849,0.01293559995784288,0,,-0.06751056278871304
2020-09-15,110446.98568913063,-0.0013904034482339345,1,257.6567840576172,-0.06880709931765328
2020-09-16,108685.7499733479,-0.015946435339937448,1,257.6567840576172,-0.0836563066973931
2020-09-17,105732.69116506918,-0.027170616285970173,0,,-0.10855392957418697
2020-09-18,105732.69116506918,0.0,0,,-0.10855392957418697
2020-09-21,105732.69116506918,0.0,0,,-0.10855392957418697
2020-09-22,105732.69116506918,0.0,0,,-0.10855392957418697
2020-09-23,105732.69116506918,0.0,0,,-0.10855392957418697
2020-09-24,105732.69116506918,0.0,0,,-0.10855392957418697
2020-09-25,105732.69116506918,0.0,0,,-0.10855392957418697
2020-09-28,105732.69116506918,0.0,0,,-0.10855392957418697
2020-09-29,105732.69116506918,0.0,0,,-0.10855392957418697
2020-09-30,105732.69116506918,0.0,0,,-0.10855392957418697
2020-10-01,105732.69116506918,0.0,0,,-0.10855392957418697
2020-10-02,105732.69116506918,0.0,0,,-0.10855392957418697
2020-10-05,105732.69116506918,0.0,0,,-0.10855392957418697
2020-10-06,105732.69116506918,0.0,0,,-0.10855392957418697
2020-10-07,106345.55479222689,0.005796349458285555,1,263.11644090924943,-0.10338679662678363
2020-10-08,106911.6230635494,0.005322914271578716,1,265.8403603690011,-0.09861420141046229
2020-10-09,108545.2489763358,0.015280152578128536,1,270.70463453020363,-0.08484088887625596
2020-10-12,111896.0939576565,0.03087048961536043,1,278.59428078787664,-0.05658947903990785
2020-10-13,111892.29110674314,-3.398555551725746e-05,1,279.52891540527344,-0.05662154137054343
2020-10-14,110957.70571261246,-0.00835254497773319,1,279.52891540527344,-0.06450115237727061
2020-10-15,110213.0773592271,-0.006710920603513526,1,279.52891540527344,-0.07077921086834504
2020-10-16,109609.015360944,-0.005480855927053274,1,279.52891540527344,-0.07587213613799837
2020-10-19,107819.61168940189,-0.016325332963256556,1,279.52891540527344,-0.09095883121616855
2020-10-20,108051.36530802112,0.002149456995698129,1,279.52891540527344,-0.08900488631654868
2020-10-21,107967.78374633088,-0.0007735354518841886,1,279.52891540527344,-0.08970957333347607
2020-10-22,107963.98089541752,-3.52220892325672e-05,1,279.52891540527344,-0.08974163566411164
2020-10-23,108176.73185352764,0.001970573485208904,1,279.52891540527344,-0.08794790466666169
2020-10-26,106037.67568953149,-0.019773717761158216,0,,-0.10598256538325601
2020-10-27,106037.67568953149,0.0,0,,-0.10598256538325601
2020-10-28,106037.67568953149,0.0,0,,-0.10598256538325601
2020-10-29,106037.67568953149,0.0,0,,-0.10598256538325601
2020-10-30,106037.67568953149,0.0,0,,-0.10598256538325601
2020-11-02,106037.67568953149,0.0,0,,-0.10598256538325601
2020-11-03,106037.67568953149,0.0,0,,-0.10598256538325601
2020-11-04,106037.67568953149,0.0,0,,-0.10598256538325601
2020-11-05,106189.07270663932,0.0014277662738582109,1,276.25252423967635,-0.10470611744186908
2020-11-06,106268.41807783123,0.000747208438396596,1,277.03678131103516,-0.10403714629797678
2020-11-09,104096.9549871779,-0.02043375755403587,1,277.03678131103516,-0.12234503402794605
2020-11-10,102709.04200607889,-0.013332887415102301,0,,-0.13404670887855685
2020-11-11,102709.04200607889,0.0,0,,-0.13404670887855685
2020-11-12,102709.04200607889,0.0,0,,-0.13404670887855685
2020-11-13,102709.04200607889,0.0,0,,-0.13404670887855685
2020-11-16,103465.65650085198,0.0073665811694390015,1,273.93750762939453,-0.1276675936705679
2020-11-17,103137.46599520493,-0.003171975288673301,1,274.6414119175502,-0.1304346105069537
2020-11-18,102375.2347958877,-0.007390439467968468,1,274.6414119175502,-0.13686108088144255
2020-11-19,103176.28885895743,0.007824685966941525,1,276.53177969796315,-0.13010728989349452
2020-11-20,102470.52042653463,-0.006840413046718452,1,276.53177969796315,-0.13605771533695232
2020-11-23,102474.05271483166,3.447126336753037e-05,1,276.53177969796315,-0.1360279341549233
2020-11-24,103913.81557853866,0.014050023645630683,1,281.2467727661133,-0.12388910620063553
2020-11-25,104552.53514834758,0.006146628013347977,1,284.12998635428295,-0.11850397843800897
2020-11-27,105515.9129355065,0.009214293902983783,1,287.1528516496931,-0.11038161502102595
2020-11-30,105731.16713819306,0.0020400164932292686,1,288.8039114815848,-0.10856677884298893
2020-12-01,107086.24123614425,0.012816221882617329,1,293.08140454973494,-0.09714197288710424
2020-12-02,107223.87124966909,0.001285225925722111,1,294.01070295061385,-0.09598159634341241
2020-12-03,107375.6088780388,0.001415147826703489,1,294.8817672729492,-0.09470227666417785
2020-12-04,107813.18186000602,0.004075161822497675,1,296.4181867327009,-0.09101304194404558
2020-12-07,108423.67543095353,0.005662513251303736,1,298.39998408726285,-0.0858658912487914
2020-12-08,108790.67803118145,0.0033848935554821047,1,299.16856602260043,-0.08277164459523312
2020-12-09,106327.54232512404,-0.02264105482779899,1,299.16856602260043,-0.1035386620795643
2020-12-10,105413.50713857073,-0.008596410361469853,0,,-0.11124501161352063
2020-12-11,105413.50713857073,0.0,0,,-0.11124501161352063
2020-12-14,105413.50713857073,0.0,0,,-0.11124501161352063
2020-12-15,105413.50713857073,0.0,0,,-0.11124501161352063
2020-12-16,105413.50713857073,0.0,0,,-0.11124501161352063
2020-12-17,105413.50713857073,0.0,0,,-0.11124501161352063
2020-12-18,105413.50713857073,0.0,0,,-0.11124501161352063
2020-12-21,105413.50713857073,0.0,0,,-0.11124501161352063
2020-12-22,105413.50713857073,0.0,0,,-0.11124501161352063
2020-12-23,105413.50713857073,0.0,0,,-0.11124501161352063
2020-12-24,105413.50713857073,0.0,0,,-0.11124501161352063
2020-12-28,105413.50713857073,0.0,0,,-0.11124501161352063
2020-12-29,105413.50713857073,0.0,0,,-0.11124501161352063
2020-12-30,105413.50713857073,0.0,0,,-0.11124501161352063
2020-12-31,105413.50713857073,0.0,0,,-0.11124501161352063
2021-01-04,105413.50713857073,0.0,0,,-0.11124501161352063
2021-01-05,105413.50713857073,0.0,0,,-0.11124501161352063
2021-01-06,105413.50713857073,0.0,0,,-0.11124501161352063
2021-01-07,105413.50713857073,0.0,0,,-0.11124501161352063
2021-01-08,105413.50713857073,0.0,0,,-0.11124501161352063
2021-01-11,105413.50713857073,0.0,0,,-0.11124501161352063
2021-01-12,105413.50713857073,0.0,0,,-0.11124501161352063
2021-01-13,105413.50713857073,0.0,0,,-0.11124501161352063
2021-01-14,105413.50713857073,0.0,0,,-0.11124501161352063
2021-01-15,105413.50713857073,0.0,0,,-0.11124501161352063
2021-01-19,105413.50713857073,0.0,0,,-0.11124501161352063
2021-01-20,105413.50713857073,0.0,0,,-0.11124501161352063
2021-01-21,105413.50713857073,0.0,0,,-0.11124501161352063
2021-01-22,105413.50713857073,0.0,0,,-0.11124501161352063
2021-01-25,105413.50713857073,0.0,0,,-0.11124501161352063
2021-01-26,105413.50713857073,0.0,0,,-0.11124501161352063
2021-01-27,105413.50713857073,0.0,0,,-0.11124501161352063
2021-01-28,105413.50713857073,0.0,0,,-0.11124501161352063
2021-01-29,105413.50713857073,0.0,0,,-0.11124501161352063
2021-02-01,105413.50713857073,0.0,0,,-0.11124501161352063
2021-02-02,105413.50713857073,0.0,0,,-0.11124501161352063
2021-02-03,105413.50713857073,0.0,0,,-0.11124501161352063
2021-02-04,105413.50713857073,0.0,0,,-0.11124501161352063
2021-02-05,105413.50713857073,0.0,0,,-0.11124501161352063
2021-02-08,105413.50713857073,0.0,0,,-0.11124501161352063
2021-02-09,105413.50713857073,0.0,0,,-0.11124501161352063
2021-02-10,105413.50713857073,0.0,0,,-0.11124501161352063
2021-02-11,105413.50713857073,0.0,0,,-0.11124501161352063
2021-02-12,105413.50713857073,0.0,0,,-0.11124501161352063
2021-02-16,105413.50713857073,0.0,0,,-0.11124501161352063
2021-02-17,105413.50713857073,0.0,0,,-0.11124501161352063
2021-02-18,105413.50713857073,0.0,0,,-0.11124501161352063
2021-02-19,105413.50713857073,0.0,0,,-0.11124501161352063
2021-02-22,105413.50713857073,0.0,0,,-0.11124501161352063
2021-02-23,105413.50713857073,0.0,0,,-0.11124501161352063
2021-02-24,105413.50713857073,0.0,0,,-0.11124501161352063
2021-02-25,105413.50713857073,0.0,0,,-0.11124501161352063
2021-02-26,105413.50713857073,0.0,0,,-0.11124501161352063
2021-03-01,105413.50713857073,0.0,0,,-0.11124501161352063
2021-03-02,103356.63822547729,-0.019512384787554682,1,307.4000026157924,-0.1285867409287763
2021-03-03,102835.33970707572,-0.00504368686280543,0,,-0.13298187653562832
2021-03-04,102835.33970707572,0.0,0,,-0.13298187653562832
2021-03-05,102835.33970707572,0.0,0,,-0.13298187653562832
2021-03-08,102835.33970707572,0.0,0,,-0.13298187653562832
2021-03-09,102835.33970707572,0.0,0,,-0.13298187653562832
2021-03-10,102835.33970707572,0.0,0,,-0.13298187653562832
2021-03-11,102835.33970707572,0.0,0,,-0.13298187653562832
2021-03-12,102835.33970707572,0.0,0,,-0.13298187653562832
2021-03-15,102835.33970707572,0.0,0,,-0.13298187653562832
2021-03-16,102835.33970707572,0.0,0,,-0.13298187653562832
2021-03-17,102835.33970707572,0.0,0,,-0.13298187653562832
2021-03-18,102835.33970707572,0.0,0,,-0.13298187653562832
2021-03-19,102835.33970707572,0.0,0,,-0.13298187653562832
2021-03-22,102835.33970707572,0.0,0,,-0.13298187653562832
2021-03-23,102835.33970707572,0.0,0,,-0.13298187653562832
2021-03-24,102835.33970707572,0.0,0,,-0.13298187653562832
2021-03-25,102835.33970707572,0.0,0,,-0.13298187653562832
2021-03-26,102835.33970707572,0.0,0,,-0.13298187653562832
2021-03-29,102831.04835950019,-4.173028054132999e-05,1,299.4993013654436,-0.13301805744515482
2021-03-30,102020.26666884401,-0.007884600065747316,0,,-0.13985386332642447
2021-03-31,102020.26666884401,0.0,0,,-0.13985386332642447
2021-04-01,102340.43168459121,0.0031382491557923053,1,309.1860907418387,-0.1371545104391506
2021-04-05,104383.63957045464,0.0199648159796757,1,315.24285779680525,-0.11992795902117515
2021-04-06,104311.1242427294,-0.0006947001275644515,1,315.4700251988002,-0.12053934518030907
2021-04-07,104563.3690411622,0.002418196527590011,1,317.173583984375,-0.11841263647867195
2021-04-08,105654.34174704125,0.010433603238717337,1,321.82643127441406,-0.10921450370742358
2021-04-09,106294.42230502365,0.006058251344889243,1,323.9760753086635,-0.10381790127650137
2021-04-12,106155.6944016512,-0.0013051287204360884,1,324.46824645996094,-0.10498753427228602
2021-04-13,107394.86357280315,0.01167312953051236,1,328.4518138340541,-0.09453993782842329
2021-04-14,106105.24351746019,-0.012008209819725058,1,328.4518138340541,-0.10541289223836081
2021-04-15,107713.32094688315,0.015155494451679408,1,329.70286560058594,-0.09185498229013533
2021-04-16,107839.4529686218,0.0011709974275220247,1,330.90823800223217,-0.09079154681058021
2021-04-19,106852.52859590264,-0.009151793203238223,1,330.90823800223217,-0.09911243455280583
2021-04-20,106073.71051202553,-0.0072887192667424605,1,330.90823800223217,-0.10567875110824954
2021-04-21,106981.80718241917,0.008560996556170153,1,330.90823800223217,-0.09802246997637742
2021-04-22,105692.1871270762,-0.012054573476628416,1,330.90823800223217,-0.10889542438631505
2021-04-23,107022.799127232,0.012589501989924479,1,330.90823800223217,-0.09767686155839572
2021-04-26,107719.63332148343,0.006511081750188552,1,330.90823800223217,-0.09180176183891564
2021-04-27,107252.9698596083,-0.004332204329756673,1,330.90823800223217,-0.09573626217855447
2021-04-28,106890.36435341532,-0.003380843501747499,1,330.90823800223217,-0.09879343636043403
2021-04-29,107275.0439256648,0.0035988236598913925,1,330.90823800223217,-0.09555015285675861
2021-04-30,106571.89735681308,-0.006554614597398478,1,330.90823800223217,-0.1014784730274585
2021-05-03,106004.34174907817,-0.005325565386479658,1,330.90823800223217,-0.10626360817051028
2021-05-04,104182.43591272525,-0.017187086927680117,0,,-0.12162433322731492
2021-05-05,104182.43591272525,0.0,0,,-0.12162433322731492
2021-05-06,104182.43591272525,0.0,0,,-0.12162433322731492
2021-05-07,104182.43591272525,0.0,0,,-0.12162433322731492
2021-05-10,104182.43591272525,0.0,0,,-0.12162433322731492
2021-05-11,104182.43591272525,0.0,0,,-0.12162433322731492
2021-05-12,104182.43591272525,0.0,0,,-0.12162433322731492
2021-05-13,104182.43591272525,0.0,0,,-0.12162433322731492
2021-05-14,104182.43591272525,0.0,0,,-0.12162433322731492
2021-05-17,104182.43591272525,0.0,0,,-0.12162433322731492
2021-05-18,104182.43591272525,0.0,0,,-0.12162433322731492
2021-05-19,104182.43591272525,0.0,0,,-0.12162433322731492
2021-05-20,104182.43591272525,0.0,0,,-0.12162433322731492
2021-05-21,104182.43591272525,0.0,0,,-0.12162433322731492
2021-05-24,104182.43591272525,0.0,0,,-0.12162433322731492
2021-05-25,104182.43591272525,0.0,0,,-0.12162433322731492
2021-05-26,104182.43591272525,0.0,0,,-0.12162433322731492
2021-05-27,104182.43591272525,0.0,0,,-0.12162433322731492
2021-05-28,104182.43591272525,0.0,0,,-0.12162433322731492
2021-06-01,104182.43591272525,0.0,0,,-0.12162433322731492
2021-06-02,104182.43591272525,0.0,0,,-0.12162433322731492
2021-06-03,103853.31130770661,-0.0031591179658571056,1,319.0982175554548,-0.12439922557698824
2021-06-04,105615.67245071712,0.016969715465198876,1,324.5500161307199,-0.1095405295739218
2021-06-07,105930.37945467986,0.0029797377288829363,1,326.01787240164623,-0.10688719389385215
2021-06-08,105980.73372780537,0.0004753525228997635,1,326.2582299368722,-0.10646265046823544
2021-06-09,106005.90606232034,0.0002375180245459685,1,327.1025020054409,-0.10625041924211664
2021-06-10,107110.53071954017,0.010420406732530862,1,331.2178715297154,-0.09693718509359062
2021-06-11,107390.61495893731,0.0026149085203444056,1,332.5828508649554,-0.09457575844448562
2021-06-14,108419.71300851666,0.009582755904441465,1,336.3368028913226,-0.0858992989476951
2021-06-15,107711.62224960048,-0.006531014879743835,1,336.3368028913226,-0.091869304227852
2021-06-16,107318.23849464704,-0.0036521941340912356,1,336.3368028913226,-0.09518597382793914
2021-06-17,108680.91559600369,0.012697535111188207,1,336.3368028913226,-0.08369706596152393
2021-06-18,107828.0623044114,-0.007847314194173394,1,336.3368028913226,-0.09088758298196675
2021-06-21,108372.49927464579,0.005049121338166707,1,336.3368028913226,-0.0862973640784086
2021-06-22,109382.71567231503,0.009321704347789117,1,337.29321834019254,-0.07778009824455201
2021-06-23,109436.21048469517,0.0004890609275089997,1,338.0257001604353,-0.07732907652403231
2021-06-24,110112.83822649153,0.006182850619548708,1,340.5935810634068,-0.0716243400331793
2021-06-25,109977.50691567491,-0.0012290239085315235,1,340.5935810634068,-0.07276533591537726
2021-06-28,111315.01168251659,0.012161621083729424,1,344.4689145769392,-0.06148865927508085
2021-06-29,111717.83626342508,0.003618780385680642,1,345.7435618809291,-0.05809239284352674
2021-06-30,111541.60110953359,-0.0015775023916140274,1,345.7435618809291,-0.05957825434649555
2021-07-01,111585.66470005426,0.0003950417609426271,1,345.7435618809291,-0.05920674848406382
2021-07-02,112866.52451116557,0.011478712920286904,1,349.59714944022045,-0.048407652832569203
2021-07-06,113354.3165256696,0.004321848454328592,1,350.96856580461775,-0.044295014917812625
2021-07-07,113593.49692199189,0.0021100245994436495,1,352.18750000000006,-0.04227845388947826
2021-07-08,112907.42835424044,-0.006039681727754043,1,352.18750000000006,-0.04806278721179835
2021-07-09,113612.378573902,0.006243612399441156,1,352.18750000000006,-0.04211926022654444
2021-07-12,114056.11660198093,0.0039057190215439075,1,354.0074996948242,-0.038378047200840704
2021-07-13,114056.11660198093,0.0,1,354.0539300101144,-0.038378047200840704
2021-07-14,114260.67423373762,0.0017934823475582728,1,354.4842845371792,-0.036653395203470995
2021-07-15,113458.16561117525,-0.007023489297119934,1,354.4842845371792,-0.04341944977167633
2021-07-16,112539.22653789756,-0.008099364804001197,1,354.4842845371792,-0.051167144612387694
2021-07-19,111254.87789500538,-0.011412453083278207,0,,-0.06199565505837179
2021-07-20,111254.87789500538,0.0,0,,-0.06199565505837179
2021-07-21,111254.87789500538,0.0,0,,-0.06199565505837179
2021-07-22,111254.87789500538,0.0,0,,-0.06199565505837179
2021-07-23,111254.87789500538,0.0,0,,-0.06199565505837179
2021-07-26,111254.87789500538,0.0,0,,-0.06199565505837179
2021-07-27,111254.87789500538,0.0,0,,-0.06199565505837179
2021-07-28,111254.87789500538,0.0,0,,-0.06199565505837179
2021-07-29,111254.87789500538,0.0,0,,-0.06199565505837179
2021-07-30,111254.87789500538,0.0,0,,-0.06199565505837179
2021-08-02,111254.87789500538,0.0,0,,-0.06199565505837179
2021-08-03,111254.87789500538,0.0,0,,-0.06199565505837179
2021-08-04,111254.87789500538,0.0,0,,-0.06199565505837179
2021-08-05,111254.87789500538,0.0,0,,-0.06199565505837179
2021-08-06,111254.87789500538,0.0,0,,-0.06199565505837179
2021-08-09,111254.87789500538,0.0,0,,-0.06199565505837179
2021-08-10,111254.87789500538,0.0,0,,-0.06199565505837179
2021-08-11,111254.87789500538,0.0,0,,-0.06199565505837179
2021-08-12,111254.87789500538,0.0,0,,-0.06199565505837179
2021-08-13,111254.87789500538,0.0,0,,-0.06199565505837179
2021-08-16,111254.87789500538,0.0,0,,-0.06199565505837179
2021-08-17,111254.87789500538,0.0,0,,-0.06199565505837179
2021-08-18,111254.87789500538,0.0,0,,-0.06199565505837179
2021-08-19,111254.87789500538,0.0,0,,-0.06199565505837179
2021-08-20,111254.87789500538,0.0,0,,-0.06199565505837179
2021-08-23,111254.87789500538,0.0,0,,-0.06199565505837179
2021-08-24,111245.73706079445,-8.216119943582623e-05,1,364.72178649902344,-0.06207272262042818
2021-08-25,111373.51132895678,0.0011485767593280016,1,365.3374895368304,-0.06099544114769018
2021-08-26,110666.29118338015,-0.006349985172755868,1,365.3374895368304,-0.06695810617355258
2021-08-27,111741.98910313983,0.00972019490539533,1,366.16144125802174,-0.05788875711066033
2021-08-30,112995.98154996404,0.011222213394346703,1,370.2421569824219,-0.04731618370174295
2021-08-31,112903.86437352738,-0.0008152252422881645,1,370.2421569824219,-0.04809283559670863
2021-09-01,113091.06410508696,0.0016580453875365553,1,370.99606650216236,-0.0465145303134068
2021-09-02,113037.5784674985,-0.00047294309246892485,1,370.99606650216236,-0.04696547468006451
2021-09-03,113385.25324869617,0.003075745127516516,1,372.193225315639,-0.04403418338245679
2021-09-07,113545.71016146152,0.0014151479858972582,1,373.35105895996094,-0.042681350282483765
2021-09-08,113150.49863692059,-0.0034806380970179296,1,373.35105895996094,-0.04601343004567626
2021-09-09,112761.22693818847,-0.0034403003382355024,1,373.35105895996094,-0.04929543036496231
2021-09-10,111905.42046302778,-0.0075895456124276395,1,373.35105895996094,-0.05651084606015078
2021-09-13,111828.15738533133,-0.0006904319502734069,1,373.35105895996094,-0.057162261116767255
2021-09-14,111510.20893848683,-0.002843187746972675,1,373.35105895996094,-0.059842925823343496
2021-09-15,112339.26352641697,0.007434786427379603,1,373.35105895996094,-0.052853058768649874
2021-09-16,112416.52660411339,0.0006877655707460129,1,373.35105895996094,-0.05220164371203362
2021-09-17,110776.54114038362,-0.01458847300544297,0,,-0.06602857444734389
2021-09-20,110776.54114038362,0.0,0,,-0.06602857444734389
2021-09-21,110776.54114038362,0.0,0,,-0.06602857444734389
2021-09-22,110776.54114038362,0.0,0,,-0.06602857444734389
2021-09-23,110776.54114038362,0.0,0,,-0.06602857444734389
2021-09-24,110776.54114038362,0.0,0,,-0.06602857444734389
2021-09-27,110655.44129690612,-0.0010931903292054068,1,357.92858886718756,-0.06704958297751218
2021-09-28,109093.23875788285,-0.014117720020939917,0,,-0.08022071575845491
2021-09-29,109093.23875788285,0.0,0,,-0.08022071575845491
2021-09-30,109093.23875788285,0.0,0,,-0.08022071575845491
2021-10-01,109093.23875788285,0.0,0,,-0.08022071575845491
2021-10-04,109093.23875788285,0.0,0,,-0.08022071575845491
2021-10-05,109093.23875788285,0.0,0,,-0.08022071575845491
2021-10-06,109093.23875788285,0.0,0,,-0.08022071575845491
2021-10-07,109093.23875788285,0.0,0,,-0.08022071575845491
2021-10-08,109093.23875788285,0.0,0,,-0.08022071575845491
2021-10-11,109093.23875788285,0.0,0,,-0.08022071575845491
2021-10-12,109093.23875788285,0.0,0,,-0.08022071575845491
2021-10-13,109093.23875788285,0.0,0,,-0.08022071575845491
2021-10-14,109093.23875788285,0.0,0,,-0.08022071575845491
2021-10-15,109093.23875788285,0.0,0,,-0.08022071575845491
2021-10-18,109093.23875788285,0.0,0,,-0.08022071575845491
2021-10-19,109431.14021834868,0.0030973639091946836,1,361.855717250279,-0.07737182459902014
2021-10-20,109288.33203162487,-0.0013050050144671754,1,361.855717250279,-0.07857585899440711
2021-10-21,109955.74861828286,0.006106933597127773,1,364.6771283830915,-0.07294878295049545
2021-10-22,109031.85365143258,-0.008402425325279017,1,364.6771283830915,-0.08073826157446296
2021-10-25,110148.1074034271,0.010237868243193393,1,366.54070717947826,-0.07132698101545332
2021-10-26,110494.93490922604,0.003148737767491916,1,368.0878579275948,-0.06840283320692586
2021-10-27,110751.41328941833,0.0023211777119285237,1,369.32321820940285,-0.06624043062687002
2021-10-28,111981.33723488133,0.011105266370271316,1,373.4057213919503,-0.05587078188319161
2021-10-29,112532.1751653741,0.004919015472528043,1,375.1742837088449,-0.05122659565120913
2021-11-01,112916.89273566256,0.0034187339729556676,1,376.62107522147045,-0.047982991781125084
2021-11-02,113389.04207447958,0.0041813879870242765,1,378.3767809186663,-0.044002239299515744
2021-11-03,114592.73648938401,0.010615614991383193,1,382.81393432617193,-0.033853735139294905
2021-11-04,116061.6524613336,0.012818578358024135,1,387.2128666469029,-0.021469113537865625
2021-11-05,116172.40529772402,0.0009542586551343213,1,387.95894622802734,-0.02053534197014284
2021-11-08,116015.01921999123,-0.0013547630121752974,1,387.95894622802734,-0.021862284460574588
2021-11-09,115216.44608615905,-0.0068833599235793574,1,387.95894622802734,-0.028595158411460098
2021-11-10,112901.45023852088,-0.02009258162595129,0,,-0.0481131894829222
2021-11-11,112901.45023852088,0.0,0,,-0.0481131894829222
2021-11-12,112901.45023852088,0.0,0,,-0.0481131894829222
2021-11-15,112901.45023852088,0.0,0,,-0.0481131894829222
2021-11-16,112901.45023852088,0.0,0,,-0.0481131894829222
2021-11-17,112901.45023852088,0.0,0,,-0.0481131894829222
2021-11-18,112901.45023852088,0.0,0,,-0.0481131894829222
2021-11-19,112901.45023852088,0.0,0,,-0.0481131894829222
2021-11-22,112901.45023852088,0.0,0,,-0.0481131894829222
2021-11-23,112901.45023852088,0.0,0,,-0.0481131894829222
2021-11-24,112901.45023852088,0.0,0,,-0.0481131894829222
2021-11-26,112901.45023852088,0.0,0,,-0.0481131894829222
2021-11-29,112901.45023852088,0.0,0,,-0.0481131894829222
2021-11-30,112901.45023852088,0.0,0,,-0.0481131894829222
2021-12-01,112901.45023852088,0.0,0,,-0.0481131894829222
2021-12-02,112901.45023852088,0.0,0,,-0.0481131894829222
2021-12-03,112901.45023852088,0.0,0,,-0.0481131894829222
2021-12-06,112901.45023852088,0.0,0,,-0.0481131894829222
2021-12-07,112901.45023852088,0.0,0,,-0.0481131894829222
2021-12-08,112901.45023852088,0.0,0,,-0.0481131894829222
2021-12-09,111424.90121145996,-0.013078211342205881,1,377.18751525878906,-0.06056216636472278
2021-12-10,112636.13334480344,0.010870390013133946,1,377.18751525878906,-0.05035011072001383
2021-12-13,111008.8934492189,-0.0144468728396705,1,377.18751525878906,-0.06406958191264889
2021-12-14,109440.8081232317,-0.014125763056133112,0,,-0.07729031323557845
2021-12-15,109440.8081232317,0.0,0,,-0.07729031323557845
2021-12-16,109440.8081232317,0.0,0,,-0.07729031323557845
2021-12-17,109440.8081232317,0.0,0,,-0.07729031323557845
2021-12-20,109440.8081232317,0.0,0,,-0.07729031323557845
2021-12-21,109440.8081232317,0.0,0,,-0.07729031323557845
2021-12-22,109440.8081232317,0.0,0,,-0.07729031323557845
2021-12-23,109440.8081232317,0.0,0,,-0.07729031323557845
2021-12-27,109440.8081232317,0.0,0,,-0.07729031323557845
2021-12-28,108522.97718259279,-0.008386551199488834,1,384.6678510393415,-0.08502866526589259
2021-12-29,108506.76465322409,-0.00014939259675317285,1,384.6678510393415,-0.08516535520954327
2021-12-30,108182.5058193954,-0.0029883743641696547,1,384.6678510393415,-0.08789922360948932
2021-12-31,107506.95627418431,-0.006244535935772122,1,384.6678510393415,-0.09359486968470554
2022-01-03,108541.89454900777,0.009626709849211768,1,384.6678510393415,-0.0848691704893233
2022-01-04,107134.05160579507,-0.012970502763585356,1,384.6678510393415,-0.09673887744253373
2022-01-05,103788.95941568616,-0.031223426538719457,0,,-0.124941784747988
2022-01-06,103788.95941568616,0.0,0,,-0.124941784747988
2022-01-07,103788.95941568616,0.0,0,,-0.124941784747988
2022-01-10,103788.95941568616,0.0,0,,-0.124941784747988
2022-01-11,103788.95941568616,0.0,0,,-0.124941784747988
2022-01-12,103788.95941568616,0.0,0,,-0.124941784747988
2022-01-13,103788.95941568616,0.0,0,,-0.124941784747988
2022-01-14,103788.95941568616,0.0,0,,-0.124941784747988
2022-01-18,103788.95941568616,0.0,0,,-0.124941784747988
2022-01-19,103788.95941568616,0.0,0,,-0.124941784747988
2022-01-20,103788.95941568616,0.0,0,,-0.124941784747988
2022-01-21,103788.95941568616,0.0,0,,-0.124941784747988
2022-01-24,103788.95941568616,0.0,0,,-0.124941784747988
2022-01-25,103788.95941568616,0.0,0,,-0.124941784747988
2022-01-26,103788.95941568616,0.0,0,,-0.124941784747988
2022-01-27,103788.95941568616,0.0,0,,-0.124941784747988
2022-01-28,103788.95941568616,0.0,0,,-0.124941784747988
2022-01-31,103788.95941568616,0.0,0,,-0.124941784747988
2022-02-01,103788.95941568616,0.0,0,,-0.124941784747988
2022-02-02,103788.95941568616,0.0,0,,-0.124941784747988
2022-02-03,103788.95941568616,0.0,0,,-0.124941784747988
2022-02-04,103788.95941568616,0.0,0,,-0.124941784747988
2022-02-07,103788.95941568616,0.0,0,,-0.124941784747988
2022-02-08,103788.95941568616,0.0,0,,-0.124941784747988
2022-02-09,103788.95941568616,0.0,0,,-0.124941784747988
2022-02-10,103788.95941568616,0.0,0,,-0.124941784747988
2022-02-11,103788.95941568616,0.0,0,,-0.124941784747988
2022-02-14,103788.95941568616,0.0,0,,-0.124941784747988
2022-02-15,103788.95941568616,0.0,0,,-0.124941784747988
2022-02-16,103788.95941568616,0.0,0,,-0.124941784747988
2022-02-17,103788.95941568616,0.0,0,,-0.124941784747988
2022-02-18,103788.95941568616,0.0,0,,-0.124941784747988
2022-02-22,103788.95941568616,0.0,0,,-0.124941784747988
2022-02-23,103788.95941568616,0.0,0,,-0.124941784747988
2022-02-24,103788.95941568616,0.0,0,,-0.124941784747988
2022-02-25,103788.95941568616,0.0,0,,-0.124941784747988
2022-02-28,104931.53100382366,0.011008604331038452,1,321.4446269444057,-0.11530861508965384
2022-03-01,104456.91466094002,-0.004523105098565128,0,,-0.11931016720339849
2022-03-02,104456.91466094002,0.0,0,,-0.11931016720339849
2022-03-03,104456.91466094002,0.0,0,,-0.11931016720339849
2022-03-04,104456.91466094002,0.0,0,,-0.11931016720339849
2022-03-07,104456.91466094002,0.0,0,,-0.11931016720339849
2022-03-08,104456.91466094002,0.0,0,,-0.11931016720339849
2022-03-09,104456.91466094002,0.0,0,,-0.11931016720339849
2022-03-10,104456.91466094002,0.0,0,,-0.11931016720339849
2022-03-11,104456.91466094002,0.0,0,,-0.11931016720339849
2022-03-14,104456.91466094002,0.0,0,,-0.11931016720339849
2022-03-15,104456.91466094002,0.0,0,,-0.11931016720339849
2022-03-16,104456.91466094002,0.0,0,,-0.11931016720339849
2022-03-17,104456.91466094002,0.0,0,,-0.11931016720339849
2022-03-18,104456.91466094002,0.0,0,,-0.11931016720339849
2022-03-21,104264.71659503998,-0.0018399745629468223,1,324.84069061279297,-0.12093061409359018
2022-03-22,106313.79619625522,0.019652665524175328,1,331.8242645263672,-0.10365455747982932
2022-03-23,104785.92106556076,-0.014371372158266338,1,331.8242645263672,-0.11653627141665268
2022-03-24,107114.96265235395,0.02222666521522476,1,335.05533272879467,-0.09689981889163635
2022-03-25,107025.61695018424,-0.0008341103797019356,1,336.20177459716797,-0.09765310412660955
2022-03-28,108681.55728368349,0.01547237363060483,1,342.89212690080916,-0.08369165580923987
2022-03-29,110551.93639147471,0.017209719427456305,1,350.2631999424526,-0.06792224629667987
2022-03-30,109330.82695700906,-0.01104557255461891,1,350.2631999424526,-0.07821757875175606
2022-03-31,107975.6989692889,-0.012394747441661802,1,350.2631999424526,-0.08964283905929149
2022-04-01,107770.19476521394,-0.0019032449526760198,1,350.2631999424526,-0.09137547173098448
2022-04-04,109989.03120055162,0.020588590752495195,1,351.03747340611056,-0.07266817317077479
2022-04-05,107546.82142070502,-0.02220412120362736,1,351.03747340611056,-0.09325876144967205
2022-04-06,104393.06114794021,-0.02932453261847534,0,,-0.11984852447605787
2022-04-07,104393.06114794021,0.0,0,,-0.11984852447605787
2022-04-08,104393.06114794021,0.0,0,,-0.11984852447605787
2022-04-11,104393.06114794021,0.0,0,,-0.11984852447605787
2022-04-12,104393.06114794021,0.0,0,,-0.11984852447605787
2022-04-13,104393.06114794021,0.0,0,,-0.11984852447605787
2022-04-14,104393.06114794021,0.0,0,,-0.11984852447605787
2022-04-18,104393.06114794021,0.0,0,,-0.11984852447605787
2022-04-19,104393.06114794021,0.0,0,,-0.11984852447605787
2022-04-20,104393.06114794021,0.0,0,,-0.11984852447605787
2022-04-21,104393.06114794021,0.0,0,,-0.11984852447605787
2022-04-22,104393.06114794021,0.0,0,,-0.11984852447605787
2022-04-25,104393.06114794021,0.0,0,,-0.11984852447605787
2022-04-26,104393.06114794021,0.0,0,,-0.11984852447605787
2022-04-27,104393.06114794021,0.0,0,,-0.11984852447605787
2022-04-28,104393.06114794021,0.0,0,,-0.11984852447605787
2022-04-29,104393.06114794021,0.0,0,,-0.11984852447605787
2022-05-02,104393.06114794021,0.0,0,,-0.11984852447605787
2022-05-03,104393.06114794021,0.0,0,,-0.11984852447605787
2022-05-04,104393.06114794021,0.0,0,,-0.11984852447605787
2022-05-05,104393.06114794021,0.0,0,,-0.11984852447605787
2022-05-06,104393.06114794021,0.0,0,,-0.11984852447605787
2022-05-09,104393.06114794021,0.0,0,,-0.11984852447605787
2022-05-10,104393.06114794021,0.0,0,,-0.11984852447605787
2022-05-11,104393.06114794021,0.0,0,,-0.11984852447605787
2022-05-12,104393.06114794021,0.0,0,,-0.11984852447605787
2022-05-13,104393.06114794021,0.0,0,,-0.11984852447605787
2022-05-16,104393.06114794021,0.0,0,,-0.11984852447605787
2022-05-17,104393.06114794021,0.0,0,,-0.11984852447605787
2022-05-18,104393.06114794021,0.0,0,,-0.11984852447605787
2022-05-19,104393.06114794021,0.0,0,,-0.11984852447605787
2022-05-20,104393.06114794021,0.0,0,,-0.11984852447605787
2022-05-23,104393.06114794021,0.0,0,,-0.11984852447605787
2022-05-24,104393.06114794021,0.0,0,,-0.11984852447605787
2022-05-25,104393.06114794021,0.0,0,,-0.11984852447605787
2022-05-26,104393.06114794021,0.0,0,,-0.11984852447605787
2022-05-27,104393.06114794021,0.0,0,,-0.11984852447605787
2022-05-31,104393.06114794021,0.0,0,,-0.11984852447605787
2022-06-01,104393.06114794021,0.0,0,,-0.11984852447605787
2022-06-02,104393.06114794021,0.0,0,,-0.11984852447605787
2022-06-03,104393.06114794021,0.0,0,,-0.11984852447605787
2022-06-06,104393.06114794021,0.0,0,,-0.11984852447605787
2022-06-07,104393.06114794021,0.0,0,,-0.11984852447605787
2022-06-08,103761.1488583758,-0.0060532020290975375,1,285.6775000435965,-0.12517625917361253
2022-06-09,100981.94596171564,-0.026784619554025113,1,285.6775000435965,-0.14860808024847638
2022-06-10,97420.25883894818,-0.03527053364685373,1,285.6775000435965,-0.17863712760073192
2022-06-13,94212.84371658428,-0.032923492101024854,0,,-0.20567926164224426
2022-06-14,94212.84371658428,0.0,0,,-0.20567926164224426
2022-06-15,94212.84371658428,0.0,0,,-0.20567926164224426
2022-06-16,94212.84371658428,0.0,0,,-0.20567926164224426
2022-06-17,94212.84371658428,0.0,0,,-0.20567926164224426
2022-06-21,94212.84371658428,0.0,0,,-0.20567926164224426
2022-06-22,94212.84371658428,0.0,0,,-0.20567926164224426
2022-06-23,94212.84371658428,0.0,0,,-0.20567926164224426
2022-06-24,94212.84371658428,0.0,0,,-0.20567926164224426
2022-06-27,92943.51477842087,-0.01347299251450118,1,274.05714743477955,-0.21638113900425138
2022-06-28,92978.62889498776,0.00037780060987158137,0,,-0.21608508732066034
2022-06-29,92978.62889498776,0.0,0,,-0.21608508732066034
2022-06-30,92978.62889498776,0.0,0,,-0.21608508732066034
2022-07-01,92978.62889498776,0.0,0,,-0.21608508732066034
2022-07-05,92978.62889498776,0.0,0,,-0.21608508732066034
2022-07-06,92978.62889498776,0.0,0,,-0.21608508732066034
2022-07-07,92978.62889498776,0.0,0,,-0.21608508732066034
2022-07-08,92978.62889498776,0.0,0,,-0.21608508732066034
2022-07-11,92978.62889498776,0.0,0,,-0.21608508732066034
2022-07-12,92978.62889498776,0.0,0,,-0.21608508732066034
2022-07-13,92978.62889498776,0.0,0,,-0.21608508732066034
2022-07-14,94046.66001323299,0.011486845213124042,1,267.95036751883373,-0.20708037805845303
2022-07-15,95752.59675972258,0.018139259238441285,1,274.02177865164623,-0.19269740348080844
2022-07-18,94942.27355131245,-0.008462676061345098,1,274.02177865164623,-0.19952934383863308
2022-07-19,97862.05818485074,0.030753262212119603,1,280.52855028424943,-0.1749122598565952
2022-07-20,99413.81356299808,0.015856557760273615,1,284.9353474208287,-0.16182920844771775
2022-07-21,100840.90229188584,0.014355034554462742,1,289.5532106672015,-0.14979723777244325
2022-07-22,99072.6222089893,-0.01753534570504156,1,289.5532106672015,-0.16470583712748477
2022-07-25,98508.34843618819,-0.005695557059252954,1,289.5532106672015,-0.16946330269338616
2022-07-26,96572.76154508599,-0.019648962974503914,1,289.5532106672015,-0.18578248750773063
2022-07-27,100653.90231799644,0.042259750136741436,1,289.5532106672015,-0.15137385887284804
2022-07-28,101638.10006043254,0.009778038603279526,1,290.63678414481024,-0.14307595970515463
2022-07-29,103491.67047299842,0.01823696440078848,1,296.39927346365795,-0.1274482664881178
2022-08-01,103429.33714836862,-0.0006023028166896038,1,296.4574879237584,-0.12797380685491933
2022-08-02,103120.95438812982,-0.002981579199298423,1,296.4574879237584,-0.1305738220136442
2022-08-03,105929.20782404911,0.027232616809862886,1,304.02036939348494,-0.10689707206407806
2022-08-04,106424.58054640013,0.004676450740326965,1,305.7732031685965,-0.1027205202155439
2022-08-05,105555.20787627035,-0.00816890858922148,1,305.7732031685965,-0.11005031426488743
2022-08-08,105214.01652226156,-0.003232349789967004,1,305.7732031685965,-0.11292694294465444
2022-08-09,104023.13565202955,-0.011318652301236298,1,305.7732031685965,-0.12296741444325865
2022-08-10,106926.52099457145,0.027910957733999542,1,307.73534720284596,-0.09848859501644414
2022-08-11,106319.5970510471,-0.00567608426683186,1,307.73534720284596,-0.10360564971864084
2022-08-12,108389.70218013933,0.01947058855103001,1,312.05250876290455,-0.08615232414484464
2022-08-15,109265.63256431221,0.008081306310050662,1,315.1796286446707,-0.07876724115553113
2022-08-16,109009.74155174993,-0.002341916726759097,1,315.9907019478934,-0.08092469156270743
2022-08-17,107766.3689338414,-0.011406068854114992,1,315.9907019478934,-0.09140772781286022
2022-08-18,108025.54380931385,0.0024049699181343254,1,315.9907019478934,-0.08922259073040073
2022-08-19,105919.35623531867,-0.019497125399461135,1,315.9907019478934,-0.10698013208992652
2022-08-22,103510.27982822644,-0.022744439663511917,0,,-0.12729136859392454
2022-08-23,103510.27982822644,0.0,0,,-0.12729136859392454
2022-08-24,103510.27982822644,0.0,0,,-0.12729136859392454
2022-08-25,103510.27982822644,0.0,0,,-0.12729136859392454
2022-08-26,103510.27982822644,0.0,0,,-0.12729136859392454
2022-08-29,103510.27982822644,0.0,0,,-0.12729136859392454
2022-08-30,103510.27982822644,0.0,0,,-0.12729136859392454
2022-08-31,103510.27982822644,0.0,0,,-0.12729136859392454
2022-09-01,103510.27982822644,0.0,0,,-0.12729136859392454
2022-09-02,103510.27982822644,0.0,0,,-0.12729136859392454
2022-09-06,103510.27982822644,0.0,0,,-0.12729136859392454
2022-09-07,103510.27982822644,0.0,0,,-0.12729136859392454
2022-09-08,103510.27982822644,0.0,0,,-0.12729136859392454
2022-09-09,103510.27982822644,0.0,0,,-0.12729136859392454
2022-09-12,103510.27982822644,0.0,0,,-0.12729136859392454
2022-09-13,103510.27982822644,0.0,0,,-0.12729136859392454
2022-09-14,103510.27982822644,0.0,0,,-0.12729136859392454
2022-09-15,103510.27982822644,0.0,0,,-0.12729136859392454
2022-09-16,103510.27982822644,0.0,0,,-0.12729136859392454
2022-09-19,103510.27982822644,0.0,0,,-0.12729136859392454
2022-09-20,103510.27982822644,0.0,0,,-0.12729136859392454
2022-09-21,103510.27982822644,0.0,0,,-0.12729136859392454
2022-09-22,103510.27982822644,0.0,0,,-0.12729136859392454
2022-09-23,103510.27982822644,0.0,0,,-0.12729136859392454
2022-09-26,103510.27982822644,0.0,0,,-0.12729136859392454
2022-09-27,103510.27982822644,0.0,0,,-0.12729136859392454
2022-09-28,103510.27982822644,0.0,0,,-0.12729136859392454
2022-09-29,103510.27982822644,0.0,0,,-0.12729136859392454
2022-09-30,103510.27982822644,0.0,0,,-0.12729136859392454
2022-10-03,103510.27982822644,0.0,0,,-0.12729136859392454
2022-10-04,103510.27982822644,0.0,0,,-0.12729136859392454
2022-10-05,103510.27982822644,0.0,0,,-0.12729136859392454
2022-10-06,103510.27982822644,0.0,0,,-0.12729136859392454
2022-10-07,103510.27982822644,0.0,0,,-0.12729136859392454
2022-10-10,103510.27982822644,0.0,0,,-0.12729136859392454
2022-10-11,103510.27982822644,0.0,0,,-0.12729136859392454
2022-10-12,103510.27982822644,0.0,0,,-0.12729136859392454
2022-10-13,103510.27982822644,0.0,0,,-0.12729136859392454
2022-10-14,103510.27982822644,0.0,0,,-0.12729136859392454
2022-10-17,103510.27982822644,0.0,0,,-0.12729136859392454
2022-10-18,103510.27982822644,0.0,0,,-0.12729136859392454
2022-10-19,103510.27982822644,0.0,0,,-0.12729136859392454
2022-10-20,103510.27982822644,0.0,0,,-0.12729136859392454
2022-10-21,103510.27982822644,0.0,0,,-0.12729136859392454
2022-10-24,103510.27982822644,0.0,0,,-0.12729136859392454
2022-10-25,105130.78798078262,0.015655528660973417,1,263.8171403067453,-0.11362865360226782
2022-10-26,102807.78301953661,-0.022096333584702532,1,263.8171403067453,-0.13321421055219407
2022-10-27,102232.51767900062,-0.005595542707371393,0,,-0.13806434745519192
2022-10-28,105450.4185250737,0.03147629461867463,1,260.91107886178156,-0.11093380691335197
2022-10-31,104224.25499272427,-0.011627867859603458,1,260.91107886178156,-0.12127175112500421
2022-11-01,103159.31644201075,-0.01021776121870921,1,260.91107886178156,-0.13025038654814347
2022-11-02,102993.34555374757,-0.0016088792945471164,0,,-0.13164970869266646
2022-11-03,102993.34555374757,0.0,0,,-0.13164970869266646
2022-11-04,102993.34555374757,0.0,0,,-0.13164970869266646
2022-11-07,102993.34555374757,0.0,0,,-0.13164970869266646
2022-11-08,102991.92561270828,-1.3786726041908892e-05,1,251.1953582763672,-0.13166168040024118
2022-11-09,100615.24726172112,-0.02307635610120007,1,251.1953582763672,-0.15169976467964275
2022-11-10,108039.49708319435,0.07378851638818928,1,262.58927590506414,-0.08910494886360176
2022-11-11,110030.24812338667,0.018426141308852673,1,267.79569244384766,-0.07232066793382785
2022-11-14,109067.35388574818,-0.008751177554000567,1,267.79569244384766,-0.08043895448191551
2022-11-15,110576.66363754353,0.013838327400666595,1,269.384646824428,-0.06771376766913695
2022-11-16,109067.35388574818,-0.013649441954069808,1,269.384646824428,-0.08043895448191551
2022-11-17,108826.6274111274,-0.002207135921468706,1,269.384646824428,-0.08246855069746184
2022-11-18,108830.45216813554,3.514541522720016e-05,1,269.384646824428,-0.08243630367369215
2022-11-21,107710.89448414315,-0.010287172952867518,1,269.384646824428,-0.09187544011307325
2022-11-22,109262.22991964966,0.014402771817431104,1,269.384646824428,-0.07879592929521684
2022-11-23,110358.86238328241,0.01003670220202535,1,271.8628659929548,-0.0695500783702594
2022-11-25,109632.86986325655,-0.006578470494779554,1,271.8628659929548,-0.07567101572657065
2022-11-28,108024.20971600641,-0.014673155498497792,1,271.8628659929548,-0.08923383864458312
2022-11-29,107206.516314542,-0.007569538380462371,1,271.8628659929548,-0.09612791805858933
2022-11-30,112093.59958166604,0.04558569231729748,1,276.52071271623885,-0.054924283437013055
2022-12-01,112231.16256466841,0.0012272153228707339,1,279.53429739815846,-0.0537644720363738
2022-12-02,111784.09744596636,-0.003983431236796231,1,279.53429739815846,-0.057533736195830465
2022-12-05,109907.98416841678,-0.0167833647219493,1,279.53429739815846,-0.07335149123938878
2022-12-06,107630.64455203987,-0.02072042020975695,1,279.53429739815846,-0.0925520377276533
2022-12-07,106650.55275345188,-0.009106066424364068,0,,-0.10081531914875907
2022-12-08,106650.55275345188,0.0,0,,-0.10081531914875907
2022-12-09,106650.55275345188,0.0,0,,-0.10081531914875907
2022-12-12,106650.55275345188,0.0,0,,-0.10081531914875907
2022-12-13,106650.55275345188,0.0,0,,-0.10081531914875907
2022-12-14,105921.49340934704,-0.006835964045964538,1,273.4732012067522,-0.10696211329774019
2022-12-15,104219.59294086715,-0.016067564888862296,0,,-0.12131105749054127
2022-12-16,104219.59294086715,0.0,0,,-0.12131105749054127
2022-12-19,104219.59294086715,0.0,0,,-0.12131105749054127
2022-12-20,104219.59294086715,0.0,0,,-0.12131105749054127
2022-12-21,104219.59294086715,0.0,0,,-0.12131105749054127
2022-12-22,104219.59294086715,0.0,0,,-0.12131105749054127
2022-12-23,104219.59294086715,0.0,0,,-0.12131105749054127
2022-12-27,104219.59294086715,0.0,0,,-0.12131105749054127
2022-12-28,104219.59294086715,0.0,0,,-0.12131105749054127
2022-12-29,104219.59294086715,0.0,0,,-0.12131105749054127
2022-12-30,104219.59294086715,0.0,0,,-0.12131105749054127
2023-01-03,104219.59294086715,0.0,0,,-0.12131105749054127
2023-01-04,104219.59294086715,0.0,0,,-0.12131105749054127
2023-01-05,104219.59294086715,0.0,0,,-0.12131105749054127
2023-01-06,104219.59294086715,0.0,0,,-0.12131105749054127
2023-01-09,104219.59294086715,0.0,0,,-0.12131105749054127
2023-01-10,104219.59294086715,0.0,0,,-0.12131105749054127
2023-01-11,104219.59294086715,0.0,0,,-0.12131105749054127
2023-01-12,104219.59294086715,0.0,0,,-0.12131105749054127
2023-01-13,104219.59294086715,0.0,0,,-0.12131105749054127
2023-01-17,104219.59294086715,0.0,0,,-0.12131105749054127
2023-01-18,102141.09972671144,-0.019943401768370173,1,269.0885532924107,-0.13883510410043165
2023-01-19,101137.62225618544,-0.009824423990058007,1,269.0885532924107,-0.14729555316310317
2023-01-20,103905.44413161161,0.027366886957409076,1,269.0885532924107,-0.12395968695843773
2023-01-23,106213.80014977959,0.022215929467989115,1,274.06534249441967,-0.10449763715279115
2023-01-24,105996.9336112451,-0.0020417924810963717,1,274.41284615652904,-0.10632606714405668
2023-01-25,105761.69292539156,-0.0022193159541417096,1,274.41284615652904,-0.10830941196104449
2023-01-26,107823.77030840077,0.019497393867020207,1,278.7435640607561,-0.09092376935853408
2023-01-27,108897.08748662427,0.00995436511961656,1,282.2385777064732,-0.08187449263716406
2023-01-30,106695.31947079192,-0.020218796173982034,1,282.2385777064732,-0.10043788513266716
2023-01-31,108294.26289753601,0.0149860690672734,1,282.2385777064732,-0.08695698514896266
2023-02-01,110609.97754857414,0.021383539525350104,1,285.69680459158764,-0.06743289375255057
2023-02-02,114579.75806831357,0.03588989535773224,1,295.35394178118025,-0.033963157895266494
2023-02-03,112543.40224806544,-0.017772387152659608,1,295.35394178118025,-0.05113193865688448
2023-02-06,111591.39033791785,-0.008459064602020727,1,295.35394178118025,-0.05915847488657999
2023-02-07,113903.42567252091,0.020718760897250332,1,295.35394178118025,-0.039665404285550654
2023-02-08,111878.09658414984,-0.017781107779795913,1,295.35394178118025,-0.05674121723661607
2023-02-09,110889.32516193598,-0.008837935685383713,1,295.35394178118025,-0.06507767769335215
2023-02-10,110161.53842319304,-0.006563181241116989,1,295.35394178118025,-0.07121374234101674
2023-02-13,111925.88282809319,0.016015974632836993,1,295.35394178118025,-0.05633832519902282
2023-02-14,112752.92137115792,0.00738916256157629,1,295.35394178118025,-0.04936545568078898
2023-02-15,113616.71942628894,0.007660981592553018,1,295.35394178118025,-0.042082661935514465
2023-02-16,111484.79111815407,-0.01876421286321328,1,295.35394178118025,-0.06005722677231917
2023-02-17,110698.19140359071,-0.007055668371210411,1,295.35394178118025,-0.06668915126812958
2023-02-21,108401.19558159249,-0.020750075433696002,0,,-0.08605542178240266
2023-02-22,108401.19558159249,0.0,0,,-0.08605542178240266
2023-02-23,108401.19558159249,0.0,0,,-0.08605542178240266
2023-02-24,108401.19558159249,0.0,0,,-0.08605542178240266
2023-02-27,108401.19558159249,0.0,0,,-0.08605542178240266
2023-02-28,108401.19558159249,0.0,0,,-0.08605542178240266
2023-03-01,107478.51633668381,-0.008511707273691327,1,279.1385944911412,-0.09383465049656814
2023-03-02,106381.217367333,-0.010209472616029114,0,,-0.1030861208179179
2023-03-03,106381.217367333,0.0,0,,-0.1030861208179179
2023-03-06,106381.217367333,0.0,0,,-0.1030861208179179
2023-03-07,106381.217367333,0.0,0,,-0.1030861208179179
2023-03-08,106381.217367333,0.0,0,,-0.1030861208179179
2023-03-09,106381.217367333,0.0,0,,-0.1030861208179179
2023-03-10,106381.217367333,0.0,0,,-0.1030861208179179
2023-03-13,106381.217367333,0.0,0,,-0.1030861208179179
2023-03-14,106381.217367333,0.0,0,,-0.1030861208179179
2023-03-15,106381.217367333,0.0,0,,-0.1030861208179179
2023-03-16,106381.217367333,0.0,0,,-0.1030861208179179
2023-03-17,106381.217367333,0.0,0,,-0.1030861208179179
2023-03-20,106818.86905730609,0.004113994000105148,1,290.2575029645647,-0.09939622250035174
2023-03-21,108344.50207473124,0.014282429975987387,1,294.43106842041016,-0.08653341211210319
2023-03-22,106871.23425103108,-0.013597993395954355,1,294.43106842041016,-0.09895472474162781
2023-03-23,108138.52520997328,0.011858111004551919,1,294.43106842041016,-0.088270029847487
2023-03-24,108536.52199060217,0.0036804347003631666,1,294.43106842041016,-0.08491446722797658
2023-03-27,107792.90427722884,-0.00685131326981081,1,294.43106842041016,-0.09118400488166944
2023-03-28,107220.349748077,-0.005311616130866059,1,294.43106842041016,-0.09601128658132907
2023-03-29,109175.39866236603,0.018233935245338895,1,296.50394112723217,-0.07952801491833583
2023-03-30,110208.77755045731,0.009465309041710723,1,300.0657174246652,-0.07081546311530085
2023-03-31,112041.63390994837,0.016630765717838836,1,305.9782158987863,-0.05536241277373288
2023-04-03,111769.32424841894,-0.002430432795618609,1,305.9782158987863,-0.05765829094570163
2023-04-04,111392.28419943951,-0.0033733768322820046,1,305.9782158987863,-0.060837164635118346
2023-04-05,110292.57251457675,-0.009872422428234051,1,305.9782158987863,-0.0701089768747385
2023-04-06,111036.17957379062,0.006742131788753047,1,305.9782158987863,-0.06383952904764967
2023-04-10,110973.34134132063,-0.0005659257434036391,1,305.9782158987863,-0.06436932635811843
2023-04-11,110261.1427441823,-0.006417744915401036,1,305.9782158987863,-0.0703739653565768
2023-04-12,109287.118178419,-0.008833797124914167,1,305.9782158987863,-0.07858609314865528
2023-04-13,111427.197879976,0.019582177087542618,1,307.3628714425223,-0.060542802853767674
2023-04-14,111217.72645091655,-0.0018798949721868796,1,307.3628714425223,-0.06230888371526766
2023-04-17,111311.98379962155,0.0008475029270320622,1,307.3628714425223,-0.06151418774956452
2023-04-18,111318.96227406505,6.269293031424539e-05,1,307.3628714425223,-0.06145535132393609
2023-04-19,111266.59708034006,-0.0004704067721730265,1,307.5939200265067,-0.06189684908266002
2023-04-20,110418.24897951675,-0.007624463433628326,1,307.5939200265067,-0.06904938225380086
2023-04-21,110533.45240571174,0.0010433368329936243,1,307.5939200265067,-0.06807808718460806
2023-04-24,110303.04555332176,-0.002084498831577908,1,307.5939200265067,-0.07002067732299355
2023-04-25,108222.30951993327,-0.018863813079237568,1,307.5939200265067,-0.08756363343352858
2023-04-26,108878.64835904511,0.00606472770746902,1,307.5939200265067,-0.08202995531991042
2023-04-27,111839.1516094919,0.02719085233942331,1,308.4500089372907,-0.057069567383000286
2023-04-28,112610.69387479872,0.00689867773676256,1,310.85821206229065,-0.05056459420018955
2023-05-01,112481.52284555727,-0.001147058283692548,1,310.85821206229065,-0.05165365194724314
2023-05-02,111500.50915119098,-0.008721554167729906,1,310.85821206229065,-0.059924705991554195
2023-05-03,111462.23566016181,-0.0003432584417824014,0,,-0.06024739477213359
2023-05-04,111462.23566016181,0.0,0,,-0.06024739477213359
2023-05-05,112839.94900388621,0.012360359861477432,1,311.11322130475725,-0.0486317143907562
2023-05-08,113119.51968636956,0.002477586040682489,1,312.1024943760463,-0.04627461760678275
2023-05-09,112403.11314691976,-0.006333182296354156,1,312.1024943760463,-0.05231473431413913
2023-05-10,113626.25354642581,0.010881730632382958,1,313.73643493652344,-0.042002278528667225
2023-05-11,113996.68949993832,0.0032601264404195085,1,314.9160723005022,-0.038879084827036836
2023-05-12,113587.80644524505,-0.00358679762093872,1,314.9160723005022,-0.04232643103901379
2023-05-15,114202.87474463393,0.005414914845506491,1,315.9989220755441,-0.03714071021329768
2023-05-16,114332.17645190594,0.0011322106169493473,1,316.73856135777066,-0.036050550702772854
2023-05-17,115716.069460593,0.012104142959870945,1,321.4699826921736,-0.024382768762390317
2023-05-18,117865.29974388033,0.018573308731500315,1,327.1414064679827,-0.006262328722842714
2023-05-19,117599.71079500251,-0.002253326037900405,1,327.1414064679827,-0.008501543692373992
2023-05-22,117994.61211609024,0.0033580126891308293,1,327.898934500558,-0.005172079294839427
2023-05-23,116498.87590349674,-0.012676309415907139,1,327.898934500558,-0.0177828258332815
2023-05-24,115901.28743734927,-0.005129564225516581,1,327.898934500558,-0.022821171911575067
2023-05-25,118721.50228950972,0.024332903581290477,1,329.6557072230748,0.0
2023-05-26,121754.8879206996,0.025550431663110107,1,337.11962890625,0.0
2023-05-30,122307.05441627043,0.004535066353397399,1,338.13535962785994,0.0
2023-05-31,121611.60447982207,-0.005686098318429034,1,338.13535962785994,-0.005686098318429034
2023-06-01,123016.4754213864,0.011552112543646631,1,339.49572099958147,0.0
2023-06-02,123939.06720553183,0.007499741648304692,1,342.20892551967074,0.0
2023-06-05,124026.43437692511,0.0007049203561326767,1,342.355356488909,0.0
2023-06-06,124005.46710898576,-0.00016905483129214804,1,342.355356488909,-0.00016905483129214804
2023-06-07,121901.66946121302,-0.01696536206684951,1,342.355356488909,-0.017131548821719522
2023-06-08,123414.8641771721,0.012413240299719908,1,342.355356488909,-0.004930966554229976
2023-06-09,123886.64903568344,0.003822755562361113,1,342.355356488909,-0.0011270608716916763
2023-06-12,125979.9630494865,0.016897010534203005,1,346.4774954659598,0.0
2023-06-13,126947.99813408441,0.007684040074036558,1,349.34752001081193,0.0
2023-06-14,127870.58991822982,0.0072674780044261755,1,351.6357182094029,0.0
2023-06-15,129394.27893309649,0.011915867564551208,1,356.2760979788644,0.0
2023-06-16,128580.01092334584,-0.0062929212671888335,1,356.2760979788644,-0.0062929212671888335
2023-06-20,128220.05860380297,-0.0027994422846755462,1,356.2760979788644,-0.00907474688197496
2023-06-21,126472.7151759372,-0.01362769169576672,1,356.2760979788644,-0.022578770725017017
2023-06-22,127964.95328889485,0.011798893626042473,1,356.2760979788644,-0.011046281612965836
2023-06-23,126696.38025387422,-0.009913441160383063,1,356.2760979788644,-0.020850216110537834
2023-06-26,124997.95689622097,-0.013405460789408075,1,356.2760979788644,-0.03397617014542531
2023-06-27,127147.18717950828,0.01719412330132486,1,356.2760979788644,-0.017366237302887777
2023-06-28,127395.31762502053,0.001951521311768678,1,356.2760979788644,-0.015448606573320922
2023-06-29,127140.20164517447,-0.0020025538191048575,1,356.2760979788644,-0.017420223726332562
2023-06-30,129100.7265170076,0.015420180607425893,1,356.2760979788644,-0.002268666114988549
2023-07-03,129404.76256706617,0.002355029737330927,1,356.8989497593471,0.0
2023-07-05,129401.2644674303,-2.703223255828835e-05,1,357.019293648856,-2.703223255828835e-05
2023-07-06,128415.76021452891,-0.007615878074741955,1,357.019293648856,-0.00764270443311299
2023-07-07,127989.40799153215,-0.0033200926606243852,1,357.019293648856,-0.010937422606841718
2023-07-10,128031.34252741086,0.0003276406738399462,1,357.019293648856,-0.010613365477514902
2023-07-11,128663.89066004114,0.004940572520317543,1,357.019293648856,-0.005725229059023618
2023-07-12,130288.91791496876,0.012630017999543552,1,360.5235813685826,0.0
2023-07-13,132501.05000207413,0.01697866650906632,1,366.66428266252785,0.0
2023-07-14,132473.09719980098,-0.00021096287367317057,1,366.7039413452149,-0.00021096287367317057
2023-07-17,133710.20866797463,0.00933858643244223,1,370.7474921090262,0.0
2023-07-18,134804.04736020867,0.00818066700464315,1,373.8346415928432,0.0
2023-07-19,134772.59645829964,-0.00023330829099654782,1,373.9124973842076,-0.00023330829099654782
2023-07-20,131665.825389322,-0.023051949362264512,1,373.9124973842076,-0.023279879442351215
2023-07-21,131270.92406823428,-0.0029992697035852167,1,373.9124973842076,-0.026209326508821795
2023-07-24,131480.60741256573,0.00159733273624596,1,373.9124973842076,-0.02465385878780335
2023-07-25,132371.74829480212,0.006777736274370394,1,373.9124973842076,-0.018043219866442306
2023-07-26,131931.41433819983,-0.0033264949830656976,1,373.9124973842076,-0.021309694169143967
2023-07-27,131616.89465417157,-0.0023839635586866414,1,373.9124973842076,-0.023642856193484607
2023-07-28,134014.2553829711,0.018214688434176285,1,373.9124973842076,-0.005858815018566665
2023-07-31,134084.14272112303,0.0005214918215394881,1,373.9124973842076,-0.005340378521143219
2023-08-01,133773.1211367306,-0.0023196000517325954,1,373.9124973842076,-0.0076475910305819905
2023-08-02,130474.70291676442,-0.024656808422633958,0,,-0.032115834266280174
2023-08-03,130474.70291676442,0.0,0,,-0.032115834266280174
2023-08-04,130474.70291676442,0.0,0,,-0.032115834266280174
2023-08-07,130474.70291676442,0.0,0,,-0.032115834266280174
2023-08-08,130474.70291676442,0.0,0,,-0.032115834266280174
2023-08-09,130474.70291676442,0.0,0,,-0.032115834266280174
2023-08-10,130474.70291676442,0.0,0,,-0.032115834266280174
2023-08-11,130474.70291676442,0.0,0,,-0.032115834266280174
2023-08-14,130474.70291676442,0.0,0,,-0.032115834266280174
2023-08-15,130474.70291676442,0.0,0,,-0.032115834266280174
2023-08-16,130474.70291676442,0.0,0,,-0.032115834266280174
2023-08-17,130474.70291676442,0.0,0,,-0.032115834266280174
2023-08-18,130474.70291676442,0.0,0,,-0.032115834266280174
2023-08-21,130474.70291676442,0.0,0,,-0.032115834266280174
2023-08-22,130474.70291676442,0.0,0,,-0.032115834266280174
2023-08-23,130474.70291676442,0.0,0,,-0.032115834266280174
2023-08-24,130474.70291676442,0.0,0,,-0.032115834266280174
2023-08-25,130474.70291676442,0.0,0,,-0.032115834266280174
2023-08-28,130474.70291676442,0.0,0,,-0.032115834266280174
2023-08-29,130474.70291676442,0.0,0,,-0.032115834266280174
2023-08-30,130474.70291676442,0.0,0,,-0.032115834266280174
2023-08-31,130642.18433826335,0.0012836313688009415,1,363.4667728969029,-0.03087342778977875
2023-09-01,130503.93708910659,-0.001058212933724434,1,363.4667728969029,-0.03189897006290765
2023-09-05,130669.84011664813,0.0012712492147135546,1,363.9307174682618,-0.030668272388836848
2023-09-06,129518.90829903256,-0.008807937750502703,1,363.9307174682618,-0.03920608590522323
2023-09-07,128592.64012733437,-0.007151605768322411,1,363.9307174682618,-0.04607730520343256
2023-09-08,128772.36049647926,0.0013975945199269368,1,363.9307174682618,-0.044744108072750866
2023-09-11,130289.65227077527,0.011782744126504596,1,363.9307174682618,-0.03348857232283631
2023-09-12,128844.94900404749,-0.011088396058693273,1,363.9307174682618,-0.044205633828173774
2023-09-13,129335.72832069233,0.003809069120974451,1,363.9307174682618,-0.04056494702198732
2023-09-14,130393.33507074558,0.008177220353457804,1,365.41998617989674,-0.0327194351789547
2023-09-15,128160.61088147637,-0.017122993196376446,1,365.41998617989674,-0.0492821737093726
2023-09-18,128108.76948149121,-0.00040450337766495537,1,365.41998617989674,-0.049666742281313514
2023-09-19,127835.72404478403,-0.0021313563295651816,1,365.41998617989674,-0.051692241085348534
2023-09-20,126108.25029533189,-0.013513231628797029,0,,-0.06450694348694752
2023-09-21,126108.25029533189,0.0,0,,-0.06450694348694752
2023-09-22,126108.25029533189,0.0,0,,-0.06450694348694752
2023-09-25,126108.25029533189,0.0,0,,-0.06450694348694752
2023-09-26,126108.25029533189,0.0,0,,-0.06450694348694752
2023-09-27,126108.25029533189,0.0,0,,-0.06450694348694752
2023-09-28,126108.25029533189,0.0,0,,-0.06450694348694752
2023-09-29,126108.25029533189,0.0,0,,-0.06450694348694752
2023-10-02,126108.25029533189,0.0,0,,-0.06450694348694752
2023-10-03,126108.25029533189,0.0,0,,-0.06450694348694752
2023-10-04,126108.25029533189,0.0,0,,-0.06450694348694752
2023-10-05,126108.25029533189,0.0,0,,-0.06450694348694752
2023-10-06,126108.25029533189,0.0,0,,-0.06450694348694752
2023-10-09,126108.25029533189,0.0,0,,-0.06450694348694752
2023-10-10,126108.25029533189,0.0,0,,-0.06450694348694752
2023-10-11,126108.25029533189,0.0,0,,-0.06450694348694752
2023-10-12,126108.25029533189,0.0,0,,-0.06450694348694752
2023-10-13,126108.25029533189,0.0,0,,-0.06450694348694752
2023-10-16,126108.25029533189,0.0,0,,-0.06450694348694752
2023-10-17,126108.25029533189,0.0,0,,-0.06450694348694752
2023-10-18,126108.25029533189,0.0,0,,-0.06450694348694752
2023-10-19,126108.25029533189,0.0,0,,-0.06450694348694752
2023-10-20,124216.91111983974,-0.014997743375733452,1,343.927857535226,-0.07853722827831078
2023-10-23,123561.88714110428,-0.005273227073755882,0,,-0.08339631071361175
2023-10-24,123561.88714110428,0.0,0,,-0.08339631071361175
2023-10-25,121176.99427054303,-0.019301201412032176,1,341.23572540283203,-0.10108786313554008
2023-10-26,120573.88286273368,-0.004977111467733164,0,,-0.10556184904041277
2023-10-27,120573.88286273368,0.0,0,,-0.10556184904041277
2023-10-30,120573.88286273368,0.0,0,,-0.10556184904041277
2023-10-31,120573.88286273368,0.0,0,,-0.10556184904041277
2023-11-01,120573.88286273368,0.0,0,,-0.10556184904041277
2023-11-02,120573.88286273368,0.0,0,,-0.10556184904041277
2023-11-03,121370.29941629404,0.006605216110250334,1,351.86712864467074,-0.09965389175607187
2023-11-06,121865.40548726052,0.004079301718357575,1,353.9724884033203,-0.09598110832959583
2023-11-07,123017.35912865453,0.009452671468068274,1,357.75715637207037,-0.08743571474570822
2023-11-08,123096.57287666235,0.0006439233338197958,1,358.6560701642718,-0.08684809330882248
2023-11-09,122149.2715392199,-0.007695594729445476,1,358.6560701642718,-0.09387534030913813
2023-11-10,124895.46229702406,0.022482252437521888,1,364.1257335117885,-0.07350361697010455
2023-11-13,124505.97119908174,-0.003118536820945761,1,364.1257335117885,-0.07639293005505632
2023-11-14,127186.14378490688,0.021526458209298216,1,371.3192683628627,-0.056510941062074105
2023-11-15,127281.86711238885,0.0007526238679258501,1,372.40927342006137,-0.055800848677190484
2023-11-16,127390.79608885842,0.0008558090711647814,1,373.19464547293535,-0.05499279447850236
2023-11-17,127420.50124436134,0.0002331813318929843,1,373.7221439906529,-0.054772436439670336
2023-11-20,128971.82755628102,0.012174856453786909,1,378.2899845668248,-0.04326442653716056
2023-11-21,128222.57066181692,-0.005809461714707642,1,378.2899845668248,-0.04882254522229179
2023-11-22,128747.38188828633,0.004092970713039046,1,378.45642416817805,-0.04492940375698351
2023-11-24,128565.84702478214,-0.001410008194665302,1,378.5903625488281,-0.04627606112417004
2023-11-27,128453.6241907848,-0.0008728821580097357,1,378.5903625488281,-0.04710854973408152
2023-11-28,128790.29269277686,0.0026209342407654823,1,379.591781616211,-0.04461108390434687
2023-11-29,128664.86420979192,-0.0009738970256409907,1,379.591781616211,-0.04554153432806285
2023-11-30,128341.39128382865,-0.002514073503671055,1,379.591781616211,-0.04794111306696314
2023-12-01,128707.77501428244,0.0028547589112815075,1,379.87570844377797,-0.04522321447542621
2023-12-04,127512.92064135674,-0.009283466929586037,1,379.87570844377797,-0.0540868531889801
2023-12-05,127833.0896368334,0.0025108749283311305,1,379.87570844377797,-0.05171178358427353
2023-12-06,127093.7243879115,-0.0057838330515394,1,379.87570844377797,-0.05719652431276412
2023-12-07,128869.50644078468,0.013972224525053534,1,379.87570844377797,-0.04402346246746103
2023-12-08,129443.83633271775,0.004456677982211277,1,380.94859095982144,-0.03976298288112934
2023-12-11,130549.56516617585,0.008542151289582911,1,384.4967782156808,-0.031560493007042
2023-12-12,131589.2959735725,0.007964260976841997,1,387.58608354840965,-0.02384758803306597
2023-12-13,133262.7468379905,0.012717226367364054,1,392.461423601423,-0.011433636841033934
2023-12-14,133147.23014646536,-0.0008668340872906022,1,392.461423601423,-0.012290559862168982
2023-12-15,133790.8619949465,0.004833986015128744,1,393.25964573451455,-0.007515986241532158
2023-12-18,134365.1818139208,0.004292668500752939,1,394.8817836216518,-0.0032555813781702803
2023-12-19,135051.73453985126,0.005109602924374013,1,397.404659816197,0.0
2023-12-20,133044.8989580102,-0.014859754216995147,1,397.404659816197,-0.014859754216995147
2023-12-21,134592.93141240207,0.011635413807788764,1,397.404659816197,-0.00339723979860318
2023-12-22,134794.27978586702,0.0014959802966769686,1,397.404659816197,-0.0019063417057280097
2023-12-26,135619.45657081116,0.006121749277899768,1,399.3871558053153,0.0
2023-12-27,135824.0988018039,0.0015089444845686195,1,400.7142868041992,0.0
2023-12-28,135758.08062982486,-0.0004860563961875952,1,401.2714157104493,-0.0004860563961875952
2023-12-29,135170.55516186298,-0.004327738468577036,1,401.2714157104493,-0.004811691339800972
2024-01-02,132249.27076834775,-0.021611839871613192,0,,-0.026319541708666683
2024-01-03,132249.27076834775,0.0,0,,-0.026319541708666683
2024-01-04,132249.27076834775,0.0,0,,-0.026319541708666683
2024-01-05,132249.27076834775,0.0,0,,-0.026319541708666683
2024-01-08,132249.27076834775,0.0,0,,-0.026319541708666683
2024-01-09,132249.27076834775,0.0,0,,-0.026319541708666683
2024-01-10,132249.27076834775,0.0,0,,-0.026319541708666683
2024-01-11,132249.27076834775,0.0,0,,-0.026319541708666683
2024-01-12,132249.27076834775,0.0,0,,-0.026319541708666683
2024-01-16,132249.27076834775,0.0,0,,-0.026319541708666683
2024-01-17,132249.27076834775,0.0,0,,-0.026319541708666683
2024-01-18,132249.27076834775,0.0,0,,-0.026319541708666683
2024-01-19,132249.27076834775,0.0,0,,-0.026319541708666683
2024-01-22,132249.27076834775,0.0,0,,-0.026319541708666683
2024-01-23,132249.27076834775,0.0,0,,-0.026319541708666683
2024-01-24,132249.27076834775,0.0,0,,-0.026319541708666683
2024-01-25,132249.27076834775,0.0,0,,-0.026319541708666683
2024-01-26,132249.27076834775,0.0,0,,-0.026319541708666683
2024-01-29,132249.27076834775,0.0,0,,-0.026319541708666683
2024-01-30,132249.27076834775,0.0,0,,-0.026319541708666683
2024-01-31,132249.27076834775,0.0,0,,-0.026319541708666683
2024-02-01,132249.27076834775,0.0,0,,-0.026319541708666683
2024-02-02,132249.27076834775,0.0,0,,-0.026319541708666683
2024-02-05,132249.27076834775,0.0,0,,-0.026319541708666683
2024-02-06,132249.27076834775,0.0,0,,-0.026319541708666683
2024-02-07,132249.27076834775,0.0,0,,-0.026319541708666683
2024-02-08,132249.27076834775,0.0,0,,-0.026319541708666683
2024-02-09,132249.27076834775,0.0,0,,-0.026319541708666683
2024-02-12,132249.27076834775,0.0,0,,-0.026319541708666683
2024-02-13,132249.27076834775,0.0,0,,-0.026319541708666683
2024-02-14,132249.27076834775,0.0,0,,-0.026319541708666683
2024-02-15,132249.27076834775,0.0,0,,-0.026319541708666683
2024-02-16,132249.27076834775,0.0,0,,-0.026319541708666683
2024-02-20,132249.27076834775,0.0,0,,-0.026319541708666683
2024-02-21,132249.27076834775,0.0,0,,-0.026319541708666683
2024-02-22,132249.27076834775,0.0,0,,-0.026319541708666683
2024-02-23,132249.27076834775,0.0,0,,-0.026319541708666683
2024-02-26,132249.27076834775,0.0,0,,-0.026319541708666683
2024-02-27,132249.27076834775,0.0,0,,-0.026319541708666683
2024-02-28,132249.27076834775,0.0,0,,-0.026319541708666683
2024-02-29,132249.27076834775,0.0,0,,-0.026319541708666683
2024-03-01,132249.27076834775,0.0,0,,-0.026319541708666683
2024-03-04,132249.27076834775,0.0,0,,-0.026319541708666683
2024-03-05,132249.27076834775,0.0,0,,-0.026319541708666683
2024-03-06,132249.27076834775,0.0,0,,-0.026319541708666683
2024-03-07,132249.27076834775,0.0,0,,-0.026319541708666683
2024-03-08,132249.27076834775,0.0,0,,-0.026319541708666683
2024-03-11,132249.27076834775,0.0,0,,-0.026319541708666683
2024-03-12,132249.27076834775,0.0,0,,-0.026319541708666683
2024-03-13,132249.27076834775,0.0,0,,-0.026319541708666683
2024-03-14,132249.27076834775,0.0,0,,-0.026319541708666683
2024-03-15,132249.27076834775,0.0,0,,-0.026319541708666683
2024-03-18,132249.27076834775,0.0,0,,-0.026319541708666683
2024-03-19,132997.33950242147,0.00565650554991759,1,422.5074996948243,-0.02081191279249539
2024-03-20,134574.24562597976,0.011856674197077366,1,427.53248487200057,-0.009201998664816746
2024-03-21,135211.07719230244,0.004732194955731961,1,429.99141584123885,-0.004513349360749097
2024-03-22,135365.73879892303,0.001143853076480017,1,430.37107195172996,-0.0033746588928206256
2024-03-25,134874.47164203884,-0.003629183878011699,1,430.37107195172996,-0.006991595513184734
2024-03-26,134437.78766824756,-0.0032377066503010976,1,430.37107195172996,-0.010206665428196593
2024-03-27,134895.69226578114,0.0034060706106198158,1,430.90140424455916,-0.006835359440724109
2024-03-28,134647.03245796106,-0.0018433487655792336,1,431.56535557338174,-0.008666108254915983
2024-04-01,134932.09030903384,0.002117074887348691,1,432.3392824445453,-0.0065673801677247345
2024-04-02,133255.0612338051,-0.012428689657055236,0,,-0.01891444589481539
2024-04-03,133255.0612338051,0.0,0,,-0.01891444589481539
2024-04-04,129779.25090225297,-0.02608388979277565,1,433.74247196742465,-0.044504973365379286
2024-04-05,130013.2173823006,0.0018028034406196713,0,,-0.04278240364386732
2024-04-08,130013.2173823006,0.0,0,,-0.04278240364386732
2024-04-09,129604.55393409939,-0.0031432454055770886,1,429.6921146937779,-0.045791173455751344
2024-04-10,128473.29729734892,-0.00872852536744717,1,429.6921146937779,-0.05412000940408479
2024-04-11,128833.66395770553,0.0028049926944939685,0,,-0.051466822940595236
2024-04-12,127815.36764461426,-0.007903961447728203,1,427.3232051304409,-0.0589639926039639
2024-04-15,128727.29009858261,0.007134685529395224,0,,-0.05224999661935559
2024-04-16,128727.29009858261,0.0,0,,-0.05224999661935559
2024-04-17,128727.29009858261,0.0,0,,-0.05224999661935559
2024-04-18,128727.29009858261,0.0,0,,-0.05224999661935559
2024-04-19,128727.29009858261,0.0,0,,-0.05224999661935559
2024-04-22,128727.29009858261,0.0,0,,-0.05224999661935559
2024-04-23,128727.29009858261,0.0,0,,-0.05224999661935559
2024-04-24,128727.29009858261,0.0,0,,-0.05224999661935559
2024-04-25,128727.29009858261,0.0,0,,-0.05224999661935559
2024-04-26,128727.29009858261,0.0,0,,-0.05224999661935559
2024-04-29,128727.29009858261,0.0,0,,-0.05224999661935559
2024-04-30,128727.29009858261,0.0,0,,-0.05224999661935559
2024-05-01,128727.29009858261,0.0,0,,-0.05224999661935559
2024-05-02,128727.29009858261,0.0,0,,-0.05224999661935559
2024-05-03,128727.29009858261,0.0,0,,-0.05224999661935559
2024-05-06,128727.29009858261,0.0,0,,-0.05224999661935559
2024-05-07,128727.29009858261,0.0,0,,-0.05224999661935559
2024-05-08,128727.29009858261,0.0,0,,-0.05224999661935559
2024-05-09,128735.90347170887,6.691178785511731e-05,1,425.07713208879744,-0.052186580972189645
2024-05-10,128985.83524047748,0.0019414301840321446,0,,-0.05034646739165849
2024-05-13,128528.67234747506,-0.003544287573516103,1,428.6596320016044,-0.05371231260642784
2024-05-14,129355.40230993823,0.006432260968417314,1,431.7674876621792,-0.047625543249912194
2024-05-15,131377.26073348752,0.015630258863907898,1,438.9428449358259,-0.032739683955534615
2024-05-16,131110.39202894617,-0.0020313157927894787,1,438.9549996512277,-0.034704495111254285
2024-05-17,131046.57406002695,-0.00048674989016228576,1,438.9549996512277,-0.035174352592233005
2024-05-20,131960.32450167942,0.006972715221337467,1,442.7814243861607,-0.028446898114616093
2024-05-21,132218.49115830188,0.0019563960425026394,1,444.80176871163513,-0.02654615547100636
2024-05-22,132192.38501454506,-0.000197446994956052,1,445.326053074428,-0.026738361007336953
2024-05-23,131597.72441748867,-0.004498448204796057,1,445.326053074428,-0.03111652808006038
2024-05-24,132842.17038514288,0.009456439867502997,1,447.5750056675503,-0.021954339789232002
2024-05-28,133344.00323603657,0.003777662239624391,1,449.18713378906256,-0.018259613630025262
2024-05-29,132404.14665062728,-0.0070483603506760195,1,449.18713378906256,-0.025179273643972766
2024-05-30,130985.6508720533,-0.01071337880615586,1,449.18713378906256,-0.03562289735351687
2024-05-31,130104.78367242063,-0.006724913712060743,0,,-0.04210825015470154
2024-06-03,130104.78367242063,0.0,0,,-0.04210825015470154
2024-06-04,130104.78367242063,0.0,0,,-0.04210825015470154
2024-06-05,130104.78367242063,0.0,0,,-0.04210825015470154
2024-06-06,130104.78367242063,0.0,0,,-0.04210825015470154
2024-06-07,130104.78367242063,0.0,0,,-0.04210825015470154
2024-06-10,130104.78367242063,0.0,0,,-0.04210825015470154
2024-06-11,130104.78367242063,0.0,0,,-0.04210825015470154
2024-06-12,130104.78367242063,0.0,0,,-0.04210825015470154
2024-06-13,130104.78367242063,0.0,0,,-0.04210825015470154
2024-06-14,130104.78367242063,0.0,0,,-0.04210825015470154
2024-06-17,130104.78367242063,0.0,0,,-0.04210825015470154
2024-06-18,130104.78367242063,0.0,0,,-0.04210825015470154
2024-06-20,130104.78367242063,0.0,0,,-0.04210825015470154
2024-06-21,130104.78367242063,0.0,0,,-0.04210825015470154
2024-06-24,130104.78367242063,0.0,0,,-0.04210825015470154
2024-06-25,130104.78367242063,0.0,0,,-0.04210825015470154
2024-06-26,130104.78367242063,0.0,0,,-0.04210825015470154
2024-06-27,130104.78367242063,0.0,0,,-0.04210825015470154
2024-06-28,130104.78367242063,0.0,0,,-0.04210825015470154
2024-07-01,130104.78367242063,0.0,0,,-0.04210825015470154
2024-07-02,130104.78367242063,0.0,0,,-0.04210825015470154
2024-07-03,130104.78367242063,0.0,0,,-0.04210825015470154
2024-07-05,130104.78367242063,0.0,0,,-0.04210825015470154
2024-07-08,130104.78367242063,0.0,0,,-0.04210825015470154
2024-07-09,130104.78367242063,0.0,0,,-0.04210825015470154
2024-07-10,130104.78367242063,0.0,0,,-0.04210825015470154
2024-07-11,130104.78367242063,0.0,0,,-0.04210825015470154
2024-07-12,130104.78367242063,0.0,0,,-0.04210825015470154
2024-07-15,130104.78367242063,0.0,0,,-0.04210825015470154
2024-07-16,130104.78367242063,0.0,0,,-0.04210825015470154
2024-07-17,130104.78367242063,0.0,0,,-0.04210825015470154
2024-07-18,130104.78367242063,0.0,0,,-0.04210825015470154
2024-07-19,130104.78367242063,0.0,0,,-0.04210825015470154
2024-07-22,130104.78367242063,0.0,0,,-0.04210825015470154
2024-07-23,129696.73264284723,-0.0031363261062006265,1,463.27249690464566,-0.04511251105665559
2024-07-24,124827.9355573629,-0.03753985922599756,0,,-0.08095885296825511
2024-07-25,124827.9355573629,0.0,0,,-0.08095885296825511
2024-07-26,124827.9355573629,0.0,0,,-0.08095885296825511
2024-07-29,124827.9355573629,0.0,0,,-0.08095885296825511
2024-07-30,124827.9355573629,0.0,0,,-0.08095885296825511
2024-07-31,124827.9355573629,0.0,0,,-0.08095885296825511
2024-08-01,124827.9355573629,0.0,0,,-0.08095885296825511
2024-08-02,124827.9355573629,0.0,0,,-0.08095885296825511
2024-08-05,124827.9355573629,0.0,0,,-0.08095885296825511
2024-08-06,124827.9355573629,0.0,0,,-0.08095885296825511
2024-08-07,124827.9355573629,0.0,0,,-0.08095885296825511
2024-08-08,124827.9355573629,0.0,0,,-0.08095885296825511
2024-08-09,124827.9355573629,0.0,0,,-0.08095885296825511
2024-08-12,124827.9355573629,0.0,0,,-0.08095885296825511
2024-08-13,124827.9355573629,0.0,0,,-0.08095885296825511
2024-08-14,124827.9355573629,0.0,0,,-0.08095885296825511
2024-08-15,124827.9355573629,0.0,0,,-0.08095885296825511
2024-08-16,124827.9355573629,0.0,0,,-0.08095885296825511
2024-08-19,124827.9355573629,0.0,0,,-0.08095885296825511
2024-08-20,124827.9355573629,0.0,0,,-0.08095885296825511
2024-08-21,124827.9355573629,0.0,0,,-0.08095885296825511
2024-08-22,122072.78227328893,-0.02207160818427434,1,458.6739196777344,-0.10124356907076582
2024-08-23,123396.72472996704,0.010845517174452146,1,458.6739196777344,-0.09149609076347354
2024-08-26,122198.74725260465,-0.00970834096272788,1,458.6739196777344,-0.10031615648031289
2024-08-27,122563.79934855255,0.002987363652700026,1,458.6739196777344,-0.0976284736672608
2024-08-28,121173.01448879958,-0.011347435924353055,1,458.6739196777344,-0.10786807674228227
2024-08-29,120995.63106937206,-0.0014638855043416221,1,458.6739196777344,-0.10917405573269956
2024-08-30,122437.82652388436,0.011919401070650482,1,458.6739196777344,-0.09855594401883672
2024-09-03,118720.50238809279,-0.03036091248374473,1,458.6739196777344,-0.12592460811147266
2024-09-04,117736.41629739411,-0.008289099783976184,0,,-0.13316990625355474
2024-09-05,117736.41629739411,0.0,0,,-0.13316990625355474
2024-09-06,117736.41629739411,0.0,0,,-0.13316990625355474
2024-09-09,117736.41629739411,0.0,0,,-0.13316990625355474
2024-09-10,117736.41629739411,0.0,0,,-0.13316990625355474
2024-09-11,117736.41629739411,0.0,0,,-0.13316990625355474
2024-09-12,117736.41629739411,0.0,0,,-0.13316990625355474
2024-09-13,117736.41629739411,0.0,0,,-0.13316990625355474
2024-09-16,117736.41629739411,0.0,0,,-0.13316990625355474
2024-09-17,117736.41629739411,0.0,0,,-0.13316990625355474
2024-09-18,117736.41629739411,0.0,0,,-0.13316990625355474
2024-09-19,117736.41629739411,0.0,0,,-0.13316990625355474
2024-09-20,117547.89651334684,-0.0016012019897996277,1,459.6614368983678,-0.1345578763244798
2024-09-23,117694.08972909702,0.0012436906153703298,1,462.81858171735496,-0.13348153407711838
2024-09-24,118261.79767016359,0.004823589208033274,1,465.2485733032227,-0.12930180495633115
2024-09-25,118371.4444409002,0.0009271529174823545,1,466.44679478236617,-0.12849453458454974
2024-09-26,119260.77596947798,0.0075130580080216,1,471.01285552978516,-0.12194686346857564
2024-09-27,118598.03983568025,-0.005557033554496993,1,471.01285552978516,-0.1268262342109121
2024-09-30,118919.66342319148,0.0027118794539677804,1,471.01285552978516,-0.12445829221572502
2024-10-01,117262.8193708492,-0.01393246503268497,1,471.01285552978516,-0.13665674644408665
2024-10-02,117428.50898107052,0.0014129765181349896,1,471.01285552978516,-0.13543686269972188
2024-10-03,117340.79007734207,-0.0007469983608715536,1,471.01285552978516,-0.13608268994615513
2024-10-04,118736.92376242772,0.01189811048796785,1,471.01285552978516,-0.12580370633866655
2024-10-07,117465.0554260841,-0.010711649721432903,1,471.01285552978516,-0.13516779082414176
2024-10-08,119219.3517079987,0.014934622688860033,1,472.5856900896345,-0.12225184809092693
2024-10-09,120157.4167870585,0.007868396075138673,1,478.0446265084403,-0.11534537797748545
2024-10-10,120020.9717685439,-0.001135552196136258,1,478.0446265084403,-0.11634994947634514
2024-10-11,120208.58181007752,0.0015631438303584932,1,478.0446265084403,-0.11496867735167315
2024-10-14,121217.30830662747,0.00839146824095871,1,482.29820251464844,-0.10754196511541603
2024-10-15,119597.01813499464,-0.013366821902481063,1,482.29820251464844,-0.1194712927231566
2024-10-16,119611.63671300007,0.0001222319605740374,1,482.29820251464844,-0.11936366397292453
2024-10-17,119694.4778002628,0.000692583845010919,1,482.29820251464844,-0.11875374947326267
2024-10-18,120479.04037456971,0.00655470986402662,1,482.29820251464844,-0.11297743598229848
2024-10-21,120710.51358581548,0.0019212736964546728,1,482.29820251464844,-0.11127322286188934
2024-10-22,120842.08078786438,0.001089939874668655,1,482.29820251464844,-0.11030456410980094
2024-10-23,118990.31740498578,-0.015323829007292011,1,482.29820251464844,-0.12393810483795042
2024-10-24,119955.18816751945,0.008108817453185813,1,482.29820251464844,-0.1168342788523894
2024-10-25,120686.14681057449,0.006093597569404308,1,482.29820251464844,-0.11145262236062303
2024-10-28,120705.63576934977,0.0001614846383808377,1,482.29820251464844,-0.11130913560866074
2024-10-29,121865.42586241977,0.009608417085728904,1,485.2850003923689,-0.10277022312331174
2024-10-30,120944.41826959826,-0.007557579077935417,1,485.2850003923689,-0.10955110811313562
2024-10-31,118063.7268278993,-0.02381830830156695,0,,-0.13076009434688562
2024-11-01,118063.7268278993,0.0,0,,-0.13076009434688562
2024-11-04,118063.7268278993,0.0,0,,-0.13076009434688562
2024-11-05,118063.7268278993,0.0,0,,-0.13076009434688562
2024-11-06,118063.7268278993,0.0,0,,-0.13076009434688562
2024-11-07,118063.7268278993,0.0,0,,-0.13076009434688562
2024-11-08,118063.7268278993,0.0,0,,-0.13076009434688562
2024-11-11,118063.7268278993,0.0,0,,-0.13076009434688562
2024-11-12,118063.7268278993,0.0,0,,-0.13076009434688562
2024-11-13,118063.7268278993,0.0,0,,-0.13076009434688562
2024-11-14,118063.7268278993,0.0,0,,-0.13076009434688562
2024-11-15,118063.7268278993,0.0,0,,-0.13076009434688562
2024-11-18,118063.7268278993,0.0,0,,-0.13076009434688562
2024-11-19,118063.7268278993,0.0,0,,-0.13076009434688562
2024-11-20,118063.7268278993,0.0,0,,-0.13076009434688562
2024-11-21,118063.7268278993,0.0,0,,-0.13076009434688562
2024-11-22,118063.7268278993,0.0,0,,-0.13076009434688562
2024-11-25,118063.7268278993,0.0,0,,-0.13076009434688562
2024-11-26,118063.7268278993,0.0,0,,-0.13076009434688562
2024-11-27,118063.7268278993,0.0,0,,-0.13076009434688562
2024-11-29,118063.7268278993,0.0,0,,-0.13076009434688562
2024-12-02,118063.7268278993,0.0,0,,-0.13076009434688562
2024-12-03,118063.7268278993,0.0,0,,-0.13076009434688562
2024-12-04,118063.7268278993,0.0,0,,-0.13076009434688562
2024-12-05,118063.7268278993,0.0,0,,-0.13076009434688562
2024-12-06,118063.7268278993,0.0,0,,-0.13076009434688562
2024-12-09,118063.7268278993,0.0,0,,-0.13076009434688562
2024-12-10,118063.7268278993,0.0,0,,-0.13076009434688562
2024-12-11,118063.7268278993,0.0,0,,-0.13076009434688562
2024-12-12,118063.7268278993,0.0,0,,-0.13076009434688562
2024-12-13,118063.7268278993,0.0,0,,-0.13076009434688562
2024-12-16,118063.7268278993,0.0,0,,-0.13076009434688562
2024-12-17,118063.7268278993,0.0,0,,-0.13076009434688562
2024-12-18,118063.7268278993,0.0,0,,-0.13076009434688562
2024-12-19,118063.7268278993,0.0,0,,-0.13076009434688562
2024-12-20,118063.7268278993,0.0,0,,-0.13076009434688562
2024-12-23,118063.7268278993,0.0,0,,-0.13076009434688562
2024-12-24,118063.7268278993,0.0,0,,-0.13076009434688562
2024-12-26,118063.7268278993,0.0,0,,-0.13076009434688562
2024-12-27,118063.7268278993,0.0,0,,-0.13076009434688562
2024-12-30,118063.7268278993,0.0,0,,-0.13076009434688562
2024-12-31,118063.7268278993,0.0,0,,-0.13076009434688562
2025-01-02,118063.7268278993,0.0,0,,-0.13076009434688562
2025-01-03,118063.7268278993,0.0,0,,-0.13076009434688562
2025-01-06,118063.7268278993,0.0,0,,-0.13076009434688562
2025-01-07,115551.98417696252,-0.021274465226717165,1,501.16504342215404,-0.14925270849337768
2025-01-08,115356.26587319537,-0.0016937684381724827,0,,-0.15069367740459239
2025-01-10,115356.26587319537,0.0,0,,-0.15069367740459239
2025-01-13,115356.26587319537,0.0,0,,-0.15069367740459239
2025-01-14,115356.26587319537,0.0,0,,-0.15069367740459239
2025-01-15,115356.26587319537,0.0,0,,-0.15069367740459239
2025-01-16,115356.26587319537,0.0,0,,-0.15069367740459239
2025-01-17,115356.26587319537,0.0,0,,-0.15069367740459239
2025-01-21,115356.26587319537,0.0,0,,-0.15069367740459239
2025-01-22,115605.44854640246,0.0021601138986329094,1,508.58860560825894,-0.14885907901295714
2025-01-23,115851.2289060137,0.0021260274727672446,1,510.27039010184154,-0.14704953003174226
2025-01-24,115196.5403344145,-0.005651114604319996,1,510.27039010184154,-0.15186965088934157
2025-01-27,110819.27186592952,-0.03799826327924272,0,,-0.1840971311899644
2025-01-28,110819.27186592952,0.0,0,,-0.1840971311899644
2025-01-29,110819.27186592952,0.0,0,,-0.1840971311899644
2025-01-30,110819.27186592952,0.0,0,,-0.1840971311899644
2025-01-31,109680.99006334723,-0.01027151490364775,1,504.3414328438895,-0.19247768966687562
2025-02-03,108803.19084370908,-0.008003202917216345,1,504.3414328438895,-0.198940454576651
2025-02-04,110138.78892043734,0.012275357610116222,1,504.3414328438895,-0.18910716218958212
2025-02-05,110638.59037726102,0.004537924029514473,1,505.2035631452288,-0.18542739209552095
2025-02-06,111216.09087576458,0.005219702244346758,1,508.3178449358259,-0.18117556562585846
2025-02-07,109813.29120294137,-0.012613279803101785,1,508.3178449358259,-0.19150362732623605
2025-02-10,111142.59593927622,0.012105135196050387,1,508.3178449358259,-0.18171666942950393
2025-02-11,110877.99366008793,-0.0023807458963155392,1,508.3178449358259,-0.18366479411078296
2025-02-12,110943.09320358712,0.0005871277189481994,1,508.3178449358259,-0.18318550108345222
2025-02-13,112539.10227170601,0.014385835314597806,1,514.487540108817,-0.17143494221946298
2025-02-14,113011.60267957256,0.004198544313298136,1,519.650034223284,-0.16795617510792094
2025-02-18,113267.7967483778,0.002266971379316196,1,522.1664297921317,-0.16606995557055382
2025-02-19,113299.30190252647,0.0002781474969328901,1,522.5557447160993,-0.16583800001607862
2025-02-20,112818.39328427687,-0.004244585890417318,1,522.5557447160993,-0.1693786722715327
2025-02-21,110476.89895350786,-0.0207545442068916,1,522.5557447160993,-0.18661783933706022
2025-02-24,110688.61437124784,0.0019163772675143687,0,,-0.18505909225456407
2025-02-25,110688.61437124784,0.0,0,,-0.18505909225456407
2025-02-26,110688.61437124784,0.0,0,,-0.18505909225456407
2025-02-27,110688.61437124784,0.0,0,,-0.18505909225456407
2025-02-28,110688.61437124784,0.0,0,,-0.18505909225456407
2025-03-03,110688.61437124784,0.0,0,,-0.18505909225456407
2025-03-04,110688.61437124784,0.0,0,,-0.18505909225456407
2025-03-05,110688.61437124784,0.0,0,,-0.18505909225456407
2025-03-06,110688.61437124784,0.0,0,,-0.18505909225456407
2025-03-07,110688.61437124784,0.0,0,,-0.18505909225456407
2025-03-10,110688.61437124784,0.0,0,,-0.18505909225456407
2025-03-11,110688.61437124784,0.0,0,,-0.18505909225456407
2025-03-12,110688.61437124784,0.0,0,,-0.18505909225456407
2025-03-13,110688.61437124784,0.0,0,,-0.18505909225456407
2025-03-14,110688.61437124784,0.0,0,,-0.18505909225456407
2025-03-17,110688.61437124784,0.0,0,,-0.18505909225456407
2025-03-18,110688.61437124784,0.0,0,,-0.18505909225456407
2025-03-19,110688.61437124784,0.0,0,,-0.18505909225456407
2025-03-20,110688.61437124784,0.0,0,,-0.18505909225456407
2025-03-21,110688.61437124784,0.0,0,,-0.18505909225456407
2025-03-24,110688.61437124784,0.0,0,,-0.18505909225456407
2025-03-25,110688.61437124784,0.0,0,,-0.18505909225456407
2025-03-26,110688.61437124784,0.0,0,,-0.18505909225456407
2025-03-27,110688.61437124784,0.0,0,,-0.18505909225456407
2025-03-28,110688.61437124784,0.0,0,,-0.18505909225456407
2025-03-31,110688.61437124784,0.0,0,,-0.18505909225456407
2025-04-01,110688.61437124784,0.0,0,,-0.18505909225456407
2025-04-02,110688.61437124784,0.0,0,,-0.18505909225456407
2025-04-03,110688.61437124784,0.0,0,,-0.18505909225456407
2025-04-04,110688.61437124784,0.0,0,,-0.18505909225456407
2025-04-07,110688.61437124784,0.0,0,,-0.18505909225456407
2025-04-08,110688.61437124784,0.0,0,,-0.18505909225456407
2025-04-09,110688.61437124784,0.0,0,,-0.18505909225456407
2025-04-10,110688.61437124784,0.0,0,,-0.18505909225456407
2025-04-11,110688.61437124784,0.0,0,,-0.18505909225456407
2025-04-14,110688.61437124784,0.0,0,,-0.18505909225456407
2025-04-15,110688.61437124784,0.0,0,,-0.18505909225456407
2025-04-16,110688.61437124784,0.0,0,,-0.18505909225456407
2025-04-17,110688.61437124784,0.0,0,,-0.18505909225456407
2025-04-21,110688.61437124784,0.0,0,,-0.18505909225456407
2025-04-22,110688.61437124784,0.0,0,,-0.18505909225456407
2025-04-23,110688.61437124784,0.0,0,,-0.18505909225456407
2025-04-24,110688.61437124784,0.0,0,,-0.18505909225456407
2025-04-25,110688.61437124784,0.0,0,,-0.18505909225456407
2025-04-28,110688.61437124784,0.0,0,,-0.18505909225456407
2025-04-29,111782.80148444048,0.009885272477282658,1,434.1996394566127,-0.17700317932861642
2025-04-30,111768.69786279925,-0.00012616987098146293,1,440.85928017752514,-0.1771070167312987
2025-05-01,113228.48009278483,0.013060742926230828,1,450.9371294294085,-0.16635942302102702
2025-05-02,114909.228626836,0.014843867308594882,1,459.02105385916576,-0.15398497291329072
2025-05-05,114227.52727703904,-0.005932520459351109,1,459.02105385916576,-0.15900397437040104
2025-05-06,113165.01379539928,-0.009301728812380006,1,459.02105385916576,-0.16682669133309702
2025-05-07,113609.29222462758,0.003925934476812332,1,459.02105385916576,-0.1635557075154418
2025-05-08,114782.29603206497,0.01032489318847385,1,461.0132173810686,-0.15491950953743017
2025-05-09,114707.07193413521,-0.000655363244421836,1,462.6271416800363,-0.15547334422945736
2025-05-12,119380.26320499029,0.04074021934356775,1,481.53393009730746,-0.1210671430318756
2025-05-13,121199.7093081216,0.01524076136444008,1,490.94537680489674,-0.10767153710345889
2025-05-14,121926.06734393924,0.005993067474865388,1,495.72463771275113,-0.10232375241557701
2025-05-15,122060.05892329571,0.001098957608289819,1,496.46249716622486,-0.1013372442735131
2025-05-16,122591.319250998,0.004352450198603863,1,499.4689287458147,-0.09742585938387349
2025-05-19,122708.85421385145,0.0009587543683480249,1,499.70821053641185,-0.09656051248379982
2025-05-20,122299.83483872622,-0.0033332507075031215,1,499.70821053641185,-0.09957190279474948
2025-05-21,120600.26951954534,-0.013896709847744715,1,499.70821053641185,-0.11208489080036776
2025-05-22,120825.94181333462,0.0018712420352651193,1,499.70821053641185,-0.11042338672428642
2025-05-23,119707.00667136515,-0.009260719388375471,1,499.70821053641185,-0.11866150611429416
2025-05-27,122523.13979012404,0.023525215416087653,1,499.80564989362443,-0.09792782819114276
2025-05-28,121980.12883564233,-0.004431905315288698,1,499.80564989362443,-0.10192572664415644
2025-05-29,122219.90475107284,0.0019656965254855052,1,499.80564989362443,-0.10016038516539283
2025-05-30,122027.14569028965,-0.0015771494927588892,1,499.80564989362443,-0.10157956675749358
2025-06-02,122990.94099420562,0.00789820411240405,1,504.1171351841518,-0.09448365879698983
2025-06-03,123952.36895573015,0.007817063222321563,1,508.8303189958845,-0.0874051803089605
2025-06-04,124297.92920723467,0.002787847093329354,1,510.25926099504744,-0.0848610054934974
2025-06-05,123362.34114660115,-0.007526980269105477,1,510.25926099504744,-0.09174923864863693
2025-06-06,124568.25101327979,0.009775348420516528,1,510.3306568690709,-0.08287077100322793
2025-06-09,124751.61244214539,0.0014719756227936642,1,511.9946278163365,-0.08152077913519318
2025-06-10,125576.71017698127,0.006613924410945327,1,515.3867852347238,-0.0754460269953694
2025-06-11,125153.57283268517,-0.0033695527116434087,1,515.3867852347238,-0.07856136034216787
2025-06-12,125447.41023981877,0.0023478147725468634,1,516.0331671578543,-0.0763979930919837
2025-06-13,123872.45321560641,-0.012554719313866314,1,516.0331671578543,-0.08799355704643741
2025-06-16,125595.50544081647,0.013909890217569165,1,517.4756862095425,-0.07530764754723751
2025-06-17,124370.80031030261,-0.009751185969715803,1,517.4756862095425,-0.08432449464077851
2025-06-18,124349.63770407595,-0.00017015735344516614,1,517.4756862095425,-0.08448030356138492
2025-06-20,123841.89297746215,-0.00408320229948822,1,517.4756862095425,-0.08821855569110981
2025-06-23,124974.93174107285,0.009149074972690352,1,517.4756862095425,-0.0798765988984198
2025-06-24,126886.05138487213,0.015292023905712604,1,522.7782505580357,-0.06580604985256899
2025-06-25,127210.43468262034,0.002556492965206214,1,524.1474914550781,-0.06341778959087896
2025-06-26,128399.88793279596,0.009350280526461585,1,530.0789184570312,-0.054660483187460196
2025-06-27,128839.48189359509,0.0034236319663238923,1,532.227545601981,-0.05142398859867159
2025-06-30,129673.97726034858,0.0064770158532823086,1,535.5328914097378,-0.04528004673478192
2025-07-01,128580.89636679973,-0.00842945451849797,1,535.5328914097378,-0.05332781515873353
2025-07-02,129476.51220984175,0.006965388081345392,1,535.5328914097378,-0.04673387600549894
2025-07-03,130750.58718986472,0.009840201580021635,1,539.7949850899832,-0.037353545185987214
2025-07-07,129765.65797478137,-0.0075328855973175735,1,539.7949850899832,-0.04460505080076449
2025-07-08,129838.5290778493,0.0005615592307335326,1,539.7949850899832,-0.044068539948045604
2025-07-09,130757.64617445016,0.007078924130831554,1,541.232158115932,-0.03730157366806286
2025-07-10,130569.59310339058,-0.0014381803019662964,1,541.232158115932,-0.038686107581547446
2025-07-11,130275.755696257,-0.0022504275317830613,1,541.232158115932,-0.040849474831731514
2025-07-14,130748.24854253256,0.0036268670540449133,1,542.7528817313058,-0.03737076339212875
2025-07-15,130868.12215271816,0.000916827655604191,1,544.0592629568918,-0.03648819828591354
2025-07-16,131002.11373207463,0.0010238672119105008,1,544.0592629568918,-0.03550169014384963
2025-07-17,132062.28139261738,0.00809275232543949,1,548.3696376255581,-0.027696244203878728
2025-07-18,131935.34879784635,-0.0009611570649280532,1,548.3696376255581,-0.028630780828018176
2025-07-21,132619.3959687403,0.005184714916258493,1,550.8485586983817,-0.023594508348182885
2025-07-22,131932.99580298454,-0.005175714764358852,1,550.8485586983817,-0.028648104667326257
2025-07-23,132534.77423889295,0.004561242866091275,1,550.8485586983817,-0.024217532764275962
2025-07-24,132816.86101924715,0.0021283982409456836,1,552.6350337437221,-0.022140679077465752
2025-07-25,133136.55267480138,0.002407011076010157,1,554.5682264055524,-0.019786960861225444
2025-07-28,133552.63103451204,0.003125200039743925,1,556.3811122349331,-0.016723599032351433
2025-07-29,133345.76835208762,-0.001548922554516885,1,556.3811122349331,-0.018246618027134343
2025-07-30,133524.42379122958,0.001339790841133004,1,556.3811122349331,-0.016931273837715866
2025-07-31,132816.86101924715,-0.005299126196483206,1,556.3811122349331,-0.022140679077465752
2025-08-01,130592.28401769848,-0.016749206271531314,0,,-0.03851904654813676
2025-08-04,130592.28401769848,0.0,0,,-0.03851904654813676
2025-08-05,129215.85735720486,-0.010539877381324225,1,549.6686008998325,-0.048652937901998206
2025-08-06,130841.8058914285,0.01258319657879814,1,551.496806553432,-0.03668195080495695
2025-08-07,131284.61423240413,0.0033843031893265874,1,552.7989283970425,-0.03342179045873028
2025-08-08,132509.26638793517,0.009328222980974132,1,557.9785614013672,-0.024405333391578465
2025-08-11,132117.1901975421,-0.0029588586600820532,1,557.9785614013672,-0.027291980119602655
2025-08-12,133777.73907197994,0.012568757115973828,1,562.9285583496094,-0.01506624927296607
2025-08-13,133844.63118617763,0.0005000242541226552,1,562.9632415771484,-0.014573758508898527
2025-08-14,133740.84424215837,-0.0007754285181218457,1,562.9632415771484,-0.015337886119056288
2025-08-15,133152.73699488048,-0.0043973645494044256,1,562.9632415771484,-0.019667804391777954
2025-08-18,133099.6822014438,-0.0003984506412266775,1,562.9632415771484,-0.020058418383733234
2025-08-19,131293.84849732707,-0.013567528293445763,1,562.9632415771484,-0.033353803518235914
2025-08-20,129642.24342196787,-0.012579455124988814,0,,-0.045513685968619266
2025-08-21,129642.24342196787,0.0,0,,-0.045513685968619266
2025-08-22,129642.24342196787,0.0,0,,-0.045513685968619266
2025-08-25,129429.91202763707,-0.0016378256710638528,1,554.39499773298,-0.04707696815641893
2025-08-26,129949.60562214187,0.004015251083488547,1,557.2867606026786,-0.04325074292032782
2025-08-27,130149.31622864977,0.0015368311858414696,1,558.9114161900112,-0.041780380825017116
2025-08-28,130964.04629968517,0.006259964282901542,1,562.4996664864676,-0.03578196023380631
2025-08-29,129448.07131499537,-0.011575505091075078,1,562.4996664864676,-0.04694327106202634
2025-09-02,127194.0791437059,-0.017412327185660992,0,,-0.06353820665279009
2025-09-03,127194.0791437059,0.0,0,,-0.06353820665279009
2025-09-04,127194.0791437059,0.0,0,,-0.06353820665279009
2025-09-05,127194.0791437059,0.0,0,,-0.06353820665279009
2025-09-08,127194.0791437059,0.0,0,,-0.06353820665279009
2025-09-09,127194.0791437059,0.0,0,,-0.06353820665279009
2025-09-10,127194.0791437059,0.0,0,,-0.06353820665279009
2025-09-11,127194.0791437059,0.0,0,,-0.06353820665279009
2025-09-12,127194.0791437059,0.0,0,,-0.06353820665279009
2025-09-15,127194.0791437059,0.0,0,,-0.06353820665279009
2025-09-16,127194.0791437059,0.0,0,,-0.06353820665279009
2025-09-17,127194.0791437059,0.0,0,,-0.06353820665279009
2025-09-18,127194.0791437059,0.0,0,,-0.06353820665279009
2025-09-19,127194.0791437059,0.0,0,,-0.06353820665279009
2025-09-22,127194.0791437059,0.0,0,,-0.06353820665279009
2025-09-23,127194.0791437059,0.0,0,,-0.06353820665279009
2025-09-24,127194.0791437059,0.0,0,,-0.06353820665279009
2025-09-25,127194.0791437059,0.0,0,,-0.06353820665279009
2025-09-26,127194.0791437059,0.0,0,,-0.06353820665279009
2025-09-29,127194.0791437059,0.0,0,,-0.06353820665279009
2025-09-30,127194.0791437059,0.0,0,,-0.06353820665279009
2025-10-01,127194.0791437059,0.0,0,,-0.06353820665279009
2025-10-02,127194.0791437059,0.0,0,,-0.06353820665279009
2025-10-03,127194.0791437059,0.0,0,,-0.06353820665279009
2025-10-06,127194.0791437059,0.0,0,,-0.06353820665279009
2025-10-07,127194.0791437059,0.0,0,,-0.06353820665279009
2025-10-08,127194.0791437059,0.0,0,,-0.06353820665279009
2025-10-09,127194.0791437059,0.0,0,,-0.06353820665279009
2025-10-10,127194.0791437059,0.0,0,,-0.06353820665279009
2025-10-13,127194.0791437059,0.0,0,,-0.06353820665279009
2025-10-14,127194.0791437059,0.0,0,,-0.06353820665279009
2025-10-15,127194.0791437059,0.0,0,,-0.06353820665279009
2025-10-16,127194.0791437059,0.0,0,,-0.06353820665279009
2025-10-17,127194.0791437059,0.0,0,,-0.06353820665279009
2025-10-20,127194.0791437059,0.0,0,,-0.06353820665279009
2025-10-21,127194.0791437059,0.0,0,,-0.06353820665279009
2025-10-22,127194.0791437059,0.0,0,,-0.06353820665279009
2025-10-23,127194.0791437059,0.0,0,,-0.06353820665279009
2025-10-24,127194.0791437059,0.0,0,,-0.06353820665279009
2025-10-27,127194.0791437059,0.0,0,,-0.06353820665279009
2025-10-28,127194.0791437059,0.0,0,,-0.06353820665279009
2025-10-29,127194.0791437059,0.0,0,,-0.06353820665279009
2025-10-30,127194.0791437059,0.0,0,,-0.06353820665279009
2025-10-31,127194.0791437059,0.0,0,,-0.06353820665279009
2025-11-03,127194.0791437059,0.0,0,,-0.06353820665279009
2025-11-04,127194.0791437059,0.0,0,,-0.06353820665279009
2025-11-05,127194.0791437059,0.0,0,,-0.06353820665279009
2025-11-06,127194.0791437059,0.0,0,,-0.06353820665279009
2025-11-07,127194.0791437059,0.0,0,,-0.06353820665279009
2025-11-10,127194.0791437059,0.0,0,,-0.06353820665279009
2025-11-11,127194.0791437059,0.0,0,,-0.06353820665279009
2025-11-12,127194.0791437059,0.0,0,,-0.06353820665279009
2025-11-13,127194.0791437059,0.0,0,,-0.06353820665279009
2025-11-14,127194.0791437059,0.0,0,,-0.06353820665279009
2025-11-17,127194.0791437059,0.0,0,,-0.06353820665279009
2025-11-18,127194.0791437059,0.0,0,,-0.06353820665279009
2025-11-19,127194.0791437059,0.0,0,,-0.06353820665279009
2025-11-20,127194.0791437059,0.0,0,,-0.06353820665279009
2025-11-21,127194.0791437059,0.0,0,,-0.06353820665279009
2025-11-24,127194.0791437059,0.0,0,,-0.06353820665279009
2025-11-25,127194.0791437059,0.0,0,,-0.06353820665279009
2025-11-26,127194.0791437059,0.0,0,,-0.06353820665279009
2025-11-28,127194.0791437059,0.0,0,,-0.06353820665279009
2025-12-01,127194.0791437059,0.0,0,,-0.06353820665279009
2025-12-02,127194.0791437059,0.0,0,,-0.06353820665279009
2025-12-03,127194.0791437059,0.0,0,,-0.06353820665279009
2025-12-04,126599.1510884559,-0.004677325070908678,1,593.717529296875,-0.06791834287676113
2025-12-05,126701.46289783625,0.0008081555721402012,0,,-0.06716507589186738
2025-12-08,125920.69979063176,-0.006162226460116327,1,599.5332706996372,-0.07291341594412704
2025-12-09,126076.00463475286,0.0012333543601594776,1,599.6785779680524,-0.0717699896634364
2025-12-10,126592.3701580958,0.004095668520261775,1,602.8367745535714,-0.06796826723053861
2025-12-11,126182.91444579903,-0.0032344422636642056,1,604.269308907645,-0.07098287005808435
2025-12-12,123770.51253378461,-0.01911829285771216,1,604.269308907645,-0.08874409161814512
2025-12-15,123149.25622392466,-0.005019421000542201,1,604.269308907645,-0.09331806866154513
2025-12-16,123393.3242805795,0.001981888191115333,1,604.269308907645,-0.09152112644872779
2025-12-17,121701.60128919076,-0.013710004177713842,0,,-0.10397637560048045
2025-12-18,121701.60128919076,0.0,0,,-0.10397637560048045
2025-12-19,121701.60128919076,0.0,0,,-0.10397637560048045
2025-12-22,121701.60128919076,0.0,0,,-0.10397637560048045
2025-12-23,121701.60128919076,0.0,0,,-0.10397637560048045
2025-12-24,121701.60128919076,0.0,0,,-0.10397637560048045
2025-12-26,121701.60128919076,0.0,0,,-0.10397637560048045
2025-12-29,121701.60128919076,0.0,0,,-0.10397637560048045
2025-12-30,121701.60128919076,0.0,0,,-0.10397637560048045
2025-12-31,121701.60128919076,0.0,0,,-0.10397637560048045
2026-01-02,121701.60128919076,0.0,0,,-0.10397637560048045
2026-01-05,121701.60128919076,0.0,0,,-0.10397637560048045
2026-01-06,121701.60128919076,0.0,0,,-0.10397637560048045
2026-01-07,121701.60128919076,0.0,0,,-0.10397637560048045
2026-01-08,121701.60128919076,0.0,0,,-0.10397637560048045
2026-01-09,121701.60128919076,0.0,0,,-0.10397637560048045
2026-01-12,121701.60128919076,0.0,0,,-0.10397637560048045
2026-01-13,121319.77751925435,-0.003137376713960527,1,612.691423688616,-0.10678753925482998
2026-01-14,120023.74146206975,-0.01068280937936028,1,612.691423688616,-0.11632955770824005
2026-01-15,120455.76136391498,0.0035994537129284687,1,612.691423688616,-0.11314882685372774
2026-01-16,120355.01938828148,-0.0008363400346550476,1,612.691423688616,-0.11389053599461074
2026-01-20,118098.91483368316,-0.018745413079281903,0,,-0.13050102393085283
2026-01-21,118098.91483368316,0.0,0,,-0.13050102393085283
2026-01-22,118098.91483368316,0.0,0,,-0.13050102393085283
2026-01-23,118490.96621643323,0.0033196865805429354,1,602.0878208705357,-0.12761455984820025
2026-01-26,119012.34233681479,0.004400133926068417,1,605.2207314627511,-0.12377594707638007
2026-01-27,120091.22495671293,0.009065300276544619,1,610.7925131661551,-0.11583271292709663
2026-01-28,120488.90301596728,0.003311466423943088,1,612.8664136614118,-0.11290482264280588
2026-01-29,119767.74715213342,-0.005985247153742379,1,612.8664136614118,-0.11821430652818166
2026-01-30,118329.23312101893,-0.012010863235886404,1,612.8664136614118,-0.12880531389583283
2026-02-02,119141.7311358964,0.006866418326623602,1,612.8664136614118,-0.12282332673711005
2026-02-03,116441.11033438315,-0.02266729529414724,0,,-0.14270654941509775
2026-02-04,116441.11033438315,0.0,0,,-0.14270654941509775
2026-02-05,116441.11033438315,0.0,0,,-0.14270654941509775
2026-02-06,116441.11033438315,0.0,0,,-0.14270654941509775
2026-02-09,116441.11033438315,0.0,0,,-0.14270654941509775
2026-02-10,116441.11033438315,0.0,0,,-0.14270654941509775
2026-02-11,116441.11033438315,0.0,0,,-0.14270654941509775
2026-02-12,116441.11033438315,0.0,0,,-0.14270654941509775
2026-02-13,116441.11033438315,0.0,0,,-0.14270654941509775
2026-02-17,116441.11033438315,0.0,0,,-0.14270654941509775
2026-02-18,116441.11033438315,0.0,0,,-0.14270654941509775
2026-02-19,116441.11033438315,0.0,0,,-0.14270654941509775
2026-02-20,116441.11033438315,0.0,0,,-0.14270654941509775
2026-02-23,116441.11033438315,0.0,0,,-0.14270654941509775
2026-02-24,116441.11033438315,0.0,0,,-0.14270654941509775
2026-02-25,116441.11033438315,0.0,0,,-0.14270654941509775
2026-02-26,116441.11033438315,0.0,0,,-0.14270654941509775
2026-02-27,116441.11033438315,0.0,0,,-0.14270654941509775
2026-03-02,116441.11033438315,0.0,0,,-0.14270654941509775
2026-03-03,116441.11033438315,0.0,0,,-0.14270654941509775
2026-03-04,116441.11033438315,0.0,0,,-0.14270654941509775
2026-03-05,116441.11033438315,0.0,0,,-0.14270654941509775
2026-03-06,116158.25118257239,-0.002429203491777665,1,574.6689104352679,-0.1447890896587367
2026-03-09,117709.61212684972,0.013355581101500702,1,580.7171412876675,-0.1333672509867858
2026-03-10,117536.91923110861,-0.0014671095471371354,0,,-0.13463869616672475
2026-03-11,117536.91923110861,0.0,0,,-0.13463869616672475
2026-03-12,117536.91923110861,0.0,0,,-0.13463869616672475
2026-03-13,117536.91923110861,0.0,0,,-0.13463869616672475
2026-03-16,117536.91923110861,0.0,0,,-0.13463869616672475
2026-03-17,117536.91923110861,0.0,0,,-0.13463869616672475
2026-03-18,116075.0640409335,-0.0124374128549406,1,574.557856968471,-0.14540155197118898
2026-03-19,114850.84588020854,-0.010546779972425813,0,,-0.15441481376732547
2026-03-20,114850.84588020854,0.0,0,,-0.15441481376732547
2026-03-23,114850.84588020854,0.0,0,,-0.15441481376732547
2026-03-24,114850.84588020854,0.0,0,,-0.15441481376732547
2026-03-25,114850.84588020854,0.0,0,,-0.15441481376732547
2026-03-26,114850.84588020854,0.0,0,,-0.15441481376732547
2026-03-27,114850.84588020854,0.0,0,,-0.15441481376732547
2026-03-30,114850.84588020854,0.0,0,,-0.15441481376732547
2026-03-31,114850.84588020854,0.0,0,,-0.15441481376732547
2026-04-01,114850.84588020854,0.0,0,,-0.15441481376732547
2026-04-02,114850.84588020854,0.0,0,,-0.15441481376732547
2026-04-06,114850.84588020854,0.0,0,,-0.15441481376732547
2026-04-07,114850.84588020854,0.0,0,,-0.15441481376732547
2026-04-08,114850.84588020854,0.0,0,,-0.15441481376732547
2026-04-09,114850.84588020854,0.0,0,,-0.15441481376732547
2026-04-10,114534.50079966383,-0.002754399222054116,1,582.5057394845145,-0.15674389294646518
2026-04-13,115719.07683064803,0.010342525812865544,1,587.8239637102399,-0.14802249489240749
2026-04-14,117820.19006574595,0.018157016912369928,1,598.1160757882254,-0.13255312492321014
2026-04-15,119469.60696963793,0.013999441886586528,1,606.5161263602121,-0.12040935280587162
2026-04-16,120045.0152886278,0.004816357344643363,1,610.9200068882534,-0.11617292993197859
2026-04-17,121615.7022221176,0.013084149556009228,1,619.7803584507534,-0.1046088043655592
2026-04-20,121229.591319612,-0.0031748441644519065,1,619.7803584507534,-0.10745153187792078
2026-04-21,120768.5142014648,-0.003803338055735961,1,619.7803584507534,-0.1108461954333183
2026-04-22,122789.03274875638,0.016730507621555812,1,629.2635912214007,-0.0959702009292801
2026-04-23,122097.4056315515,-0.005632645699066963,1,629.2635912214007,-0.10106228048884414
2026-04-24,124432.82118048359,0.019127478891562744,1,637.2407531738281,-0.08386786823406489
2026-04-27,124498.41804916799,0.0005271669328243966,1,638.8121512276786,-0.08338491366809997
2026-04-28,123246.36899211114,-0.010056746717555742,1,638.8121512276786,-0.09260307942883039
2026-04-29,123999.85210320797,0.006113633344809299,1,638.8121512276786,-0.08705558735824925
2026-04-30,125156.30865333653,0.009326273624633119,1,643.3900146484375,-0.0785412179618723
2026-05-01,126357.75866083094,0.009599596060492877,1,651.6571960449219,-0.06969558586791247
2026-05-04,126119.71547220433,-0.0018838826451927915,1,651.6571960449219,-0.07144817020844219
2026-05-05,127755.99927437854,0.012974052439365336,1,659.674298967634,-0.05940109007605798
2026-05-06,130410.0526997436,0.0207743936914071,1,672.5129002162388,-0.03986071801558966
2026-05-07,130254.48035631159,-0.0011929474776779525,1,672.5129002162388,-0.04100611375025254
2026-05-08,133307.75490593186,0.023440840892904546,1,686.2050105503628,-0.018526490645403904
2026-05-11,133693.86580843746,0.0028963874065546236,1,688.677496773856,-0.015683763133042317
2026-05-12,132559.9002669998,-0.008481806809763959,1,688.677496773856,-0.02403254329386173
2026-05-13,133960.0284779197,0.010562230418850627,1,689.0136108398438,-0.013724150134831858
2026-05-14,134912.178352458,0.007107716274449949,1,695.0364183698382,-0.006713981225648147
2026-05-15,132876.66198604446,-0.01508771403198117,1,695.0364183698382,-0.02170039662888068
2026-05-18,132304.99454184703,-0.004302241158477216,1,695.0364183698382,-0.025909277447825896
2026-05-19,131489.66687684233,-0.006162485912403093,1,695.0364183698382,-0.03191209780295634
2026-05-20,133667.63392495413,0.016563788621898112,1,695.0364183698382,-0.015876894423547783
2026-05-21,133922.53965010686,0.0019070115754113992,1,695.0364183698382,-0.014000160269583728
2026-05-22,134490.4547795278,0.004240623952507905,1,695.0364183698382,-0.009818905732054017
2026-05-26,136878.35697539468,0.017755179724697978,1,701.0032414027622,0.0
2026-05-27,136722.78463196266,-0.0011365737204165338,1,701.323224748884,-0.0011365737204165338
2026-05-28,137875.48886731474,0.008430959320021136,1,707.3446110316685,0.0
2026-05-29,138383.435600216,0.003684097420608934,1,711.8242710658482,0.0
2026-06-01,139213.7610843427,0.006000179721838084,1,715.5435529436384,0.0
2026-06-02,139854.77771200103,0.004604549310825545,1,720.6492396763393,0.0
2026-06-03,139489.29310078212,-0.002613315163043972,1,720.6492396763393,-0.002613315163043972
2026-06-04,138814.5285201034,-0.004837393363168019,1,720.6492396763393,-0.007438066892786366
2026-06-05,134870.6222344214,-0.028411336534639675,0,,-0.035638078005767904
2026-06-08,134870.6222344214,0.0,0,,-0.035638078005767904
2026-06-09,134870.6222344214,0.0,0,,-0.035638078005767904
2026-06-10,134870.6222344214,0.0,0,,-0.035638078005767904
2026-06-11,134870.6222344214,0.0,0,,-0.035638078005767904
2026-06-12,135368.6089231342,0.0036923288442105573,1,681.4310782296317,-0.03207733666493029
2026-06-15,139621.04040982525,0.03141371932916659,1,702.3428410121372,-0.0016712857865829323
2026-06-16,136967.48724231852,-0.01900539603284601,1,702.3428410121372,-0.020644918371170884
2026-06-17,135588.17106181395,-0.010070391216744246,1,702.3428410121372,-0.03050740718327971
2026-06-18,138986.73960562018,0.025065376405563056,1,702.3428410121372,-0.006206710421923334
2026-06-22,138485.68343385612,-0.003605064578001027,1,702.3428410121372,-0.009789399408036359
2026-06-23,133925.48238869436,-0.03292904314791356,1,702.3428410121372,-0.0423960870004505
2026-06-24,134046.88433029433,0.0009064887386227571,0,,-0.041528029837255453
2026-06-25,134046.88433029433,0.0,0,,-0.041528029837255453
2026-06-26,134046.88433029433,0.0,0,,-0.041528029837255453
2026-06-29,134046.88433029433,0.0,0,,-0.041528029837255453
2026-06-30,134046.88433029433,0.0,0,,-0.041528029837255453
2026-07-01,134046.88433029433,0.0,0,,-0.041528029837255453
2026-07-02,134046.88433029433,0.0,0,,-0.041528029837255453
2026-07-06,134046.88433029433,0.0,0,,-0.041528029837255453
2026-07-07,134046.88433029433,0.0,0,,-0.041528029837255453
2026-07-08,135078.34434436518,0.007694770521702754,1,669.9113878522601,-0.03415280797536879
2026-07-09,136181.9448228637,0.0081700770308899,0,,-0.0262617620164588
2026-07-10,136885.50349841628,0.005166313907968512,1,686.1171133858817,-0.021231124614843666
2026-07-13,134287.44691567236,-0.0189797788395758,1,686.1171133858817,-0.03980794140471422
2026-07-14,135683.5749807694,0.010396564214775417,0,,-0.029825243009010904
2026-07-15,135683.5749807694,0.0,0,,-0.029825243009010904
2026-07-16,135683.5749807694,0.0,0,,-0.029825243009010904
2026-07-17,135683.5749807694,0.0,0,,-0.029825243009010904
2026-07-20,135683.5749807694,0.0,0,,-0.029825243009010904
2026-07-21,135683.5749807694,0.0,0,,-0.029825243009010904
2026-07-22,135683.5749807694,0.0,0,,-0.029825243009010904
2026-07-23,135683.5749807694,0.0,0,,-0.029825243009010904
2026-07-24,135683.5749807694,0.0,0,,-0.029825243009010904
2026-07-27,135683.5749807694,0.0,0,,-0.029825243009010904
2026-07-28,135683.5749807694,0.0,0,,-0.029825243009010904
2026-07-29,135683.5749807694,0.0,0,,-0.029825243009010904
2026-07-30,135683.5749807694,0.0,0,,-0.029825243009010904
2026-07-31,135683.5749807694,0.0,0,,-0.029825243009010904
2026-08-03,135683.5749807694,0.0,0,,-0.029825243009010904
2026-08-04,135683.5749807694,0.0,0,,-0.029825243009010904
2026-08-05,133810.7491807552,-0.013802892503972042,1,686.5214320591518,-0.04321646088982478
2026-08-06,133316.40428870515,-0.0036943586003115314,1,686.5214320591518,-0.04675116238617294
2026-08-07,134140.90367407358,0.006184530626725637,0,,-0.04085576575505967
2026-08-10,134140.90367407358,0.0,0,,-0.04085576575505967
2026-08-11,133043.72108045028,-0.008179329075411301,1,687.6703404017857,-0.048700922077732356
2026-08-12,134439.87641347776,0.010493958840667394,0,,-0.038718028708851326
2026-08-13,135519.53390625154,0.008030783139469921,1,697.6700265066964,-0.0309981816615299
2026-08-14,135334.41563538893,-0.0013659895774927877,1,698.5057351248605,-0.03232182804595174
2026-08-17,135112.27145060923,-0.0016414463662974832,1,698.9003644670759,-0.03391021986505105
2026-08-18,132824.21233444058,-0.016934502629578407,1,698.9003644670759,-0.0502704697871551
2026-08-19,132559.4945629537,-0.0019929933468781913,1,698.9003644670759,-0.05216327442220303
2026-08-20,131606.13094852216,-0.007191967784539122,1,698.9003644670759,-0.05898008561756163
2026-08-21,132070.77961618296,0.0035306004690811577,1,698.9003644670759,-0.055657720266428345
2026-08-24,130752.73843153885,-0.009979809224073155,1,698.9003644670759,-0.06508207606039562
2026-08-25,131567.25204410087,0.006229419148941817,1,698.9003644670759,-0.059258080442317285
2026-08-26,131687.5834396506,0.0009145998999005034,1,698.9003644670759,-0.058397677976857576
2026-08-27,133490.633590057,0.01369187666225713,1,700.9332122802734,-0.04550537511882169
2026-08-28,132624.2814382666,-0.006489984566639517,1,700.9332122802734,-0.0517000305032409
2026-08-31,132685.3736312936,0.0004606410859646637,1,700.9332122802734,-0.05126320457547173
2026-09-01,130997.09590492422,-0.012723917340435431,1,700.9332122802734,-0.06333485313828302
2026-09-02,130700.77912026473,-0.002262010333988984,0,,-0.06545359937997153
2026-09-03,130700.77912026473,0.0,0,,-0.06545359937997153
2026-09-04,130434.27590574384,-0.0020390330976961524,1,698.705324445452,-0.06735917042216866
2026-09-08,130591.85547926967,0.0012081147568887562,0,,-0.0662324332730787
2026-09-09,130591.85547926967,0.0,0,,-0.0662324332730787
2026-09-10,130591.85547926967,0.0,0,,-0.0662324332730787
2026-09-11,130591.85547926967,0.0,0,,-0.0662324332730787
2026-09-14,130591.85547926967,0.0,0,,-0.0662324332730787
2026-09-15,130591.85547926967,0.0,0,,-0.0662324332730787
2026-09-16,130591.85547926967,0.0,0,,-0.0662324332730787
2026-09-17,130591.85547926967,0.0,0,,-0.0662324332730787
2026-09-18,130871.53000967379,0.002141592439878659,1,700.6517813546317,-0.06423268371157242
2026-09-21,134503.16429449254,0.027749612803871893,1,717.5735408238003,-0.03826550301005027
2026-09-22,135589.76372787778,0.008078616135797079,1,724.3993159702846,-0.03049601918431466
2026-09-23,134456.00941542274,-0.008361651213807164,1,724.3993159702846,-0.03860267332229306
2026-09-24,134292.35532964524,-0.0012171570946439836,0,,-0.03977284489923061
