timestamp,equity,daily_return,position,stop_price,drawdown
2020-01-02,100000.0,0.0,0,,0.0
2020-01-03,100000.0,0.0,0,,0.0
2020-01-06,100000.0,0.0,0,,0.0
2020-01-07,100000.0,0.0,0,,0.0
2020-01-08,100000.0,0.0,0,,0.0
2020-01-09,100000.0,0.0,0,,0.0
2020-01-10,100000.0,0.0,0,,0.0
2020-01-13,100000.0,0.0,0,,0.0
2020-01-14,100000.0,0.0,0,,0.0
2020-01-15,100000.0,0.0,0,,0.0
2020-01-16,100000.0,0.0,0,,0.0
2020-01-17,100000.0,0.0,0,,0.0
2020-01-21,100000.0,0.0,0,,0.0
2020-01-22,100000.0,0.0,0,,0.0
2020-01-23,100000.0,0.0,0,,0.0
2020-01-24,100000.0,0.0,0,,0.0
2020-01-27,100000.0,0.0,0,,0.0
2020-01-28,100000.0,0.0,0,,0.0
2020-01-29,100000.0,0.0,0,,0.0
2020-01-30,100000.0,0.0,0,,0.0
2020-01-31,100000.0,0.0,0,,0.0
2020-02-03,100000.0,0.0,0,,0.0
2020-02-04,100000.0,0.0,0,,0.0
2020-02-05,100054.69819281848,0.0005469819281849198,1,69.41607202802386,0.0
2020-02-06,100122.84910278567,0.0006811365302992201,1,69.50714084080288,0.0
2020-02-07,97832.76844878266,-0.022872707623931232,1,69.50714084080288,-0.022872707623931232
2020-02-10,97032.69793487796,-0.008177940035741238,0,,-0.030863596028268936
2020-02-11,98046.439189758,0.010447419029412153,1,70.00786236354283,-0.020738621919318634
2020-02-12,99429.40948733824,0.014105257763656676,1,71.0087503705706,-0.006925887763496785
2020-02-13,99666.49154532778,0.0023844258877925295,1,71.33160836356026,-0.0045579761417835485
2020-02-14,99238.43146368329,-0.004294924753620033,1,71.33160836356026,-0.00883332473084586
2020-02-18,97750.0790806482,-0.014997741913925333,1,71.33160836356026,-0.023698586720216075
2020-02-19,100265.78369869447,0.025736087803782892,1,71.98482322692871,0.0
2020-02-20,98685.2433446512,-0.01576350670925697,1,71.98482322692871,-0.01576350670925697
2020-02-21,95787.57263046452,-0.029362755929645656,1,71.98482322692871,-0.04466340263880331
2020-02-24,91251.31302069689,-0.047357496230412965,0,,-0.0899057519471117
2020-02-25,91251.31302069689,0.0,0,,-0.0899057519471117
2020-02-26,91251.31302069689,0.0,0,,-0.0899057519471117
2020-02-27,91251.31302069689,0.0,0,,-0.0899057519471117
2020-02-28,91251.31302069689,0.0,0,,-0.0899057519471117
2020-03-02,91251.31302069689,0.0,0,,-0.0899057519471117
2020-03-03,91251.31302069689,0.0,0,,-0.0899057519471117
2020-03-04,91251.31302069689,0.0,0,,-0.0899057519471117
2020-03-05,91251.31302069689,0.0,0,,-0.0899057519471117
2020-03-06,91251.31302069689,0.0,0,,-0.0899057519471117
2020-03-09,91251.31302069689,0.0,0,,-0.0899057519471117
2020-03-10,91251.31302069689,0.0,0,,-0.0899057519471117
2020-03-11,91251.31302069689,0.0,0,,-0.0899057519471117
2020-03-12,91251.31302069689,0.0,0,,-0.0899057519471117
2020-03-13,91251.31302069689,0.0,0,,-0.0899057519471117
2020-03-16,91251.31302069689,0.0,0,,-0.0899057519471117
2020-03-17,91251.31302069689,0.0,0,,-0.0899057519471117
2020-03-18,91251.31302069689,0.0,0,,-0.0899057519471117
2020-03-19,91251.31302069689,0.0,0,,-0.0899057519471117
2020-03-20,91251.31302069689,0.0,0,,-0.0899057519471117
2020-03-23,91251.31302069689,0.0,0,,-0.0899057519471117
2020-03-24,91251.31302069689,0.0,0,,-0.0899057519471117
2020-03-25,91251.31302069689,0.0,0,,-0.0899057519471117
2020-03-26,91251.31302069689,0.0,0,,-0.0899057519471117
2020-03-27,91251.31302069689,0.0,0,,-0.0899057519471117
2020-03-30,91251.31302069689,0.0,0,,-0.0899057519471117
2020-03-31,91251.31302069689,0.0,0,,-0.0899057519471117
2020-04-01,91251.31302069689,0.0,0,,-0.0899057519471117
2020-04-02,91251.31302069689,0.0,0,,-0.0899057519471117
2020-04-03,91251.31302069689,0.0,0,,-0.0899057519471117
2020-04-06,91251.31302069689,0.0,0,,-0.0899057519471117
2020-04-07,87618.46881369344,-0.039811418452460834,1,54.13214029584612,-0.12613789488752292
2020-04-08,89047.27043774285,0.016307082780543825,0,,-0.11188775320067335
2020-04-09,85917.50352180342,-0.03514725269571961,1,55.58875152042934,-0.14310245876109262
2020-04-13,87041.14873937085,0.01307818746481959,1,55.58875152042934,-0.13189579207862723
2020-04-14,90849.06752791004,0.04374848957866262,1,57.94535500662668,-0.09391754418518594
2020-04-15,88400.62419354862,-0.026950671052393904,1,57.94535500662668,-0.11833707439819618
2020-04-16,90745.0302239325,0.026520242948182338,1,58.40160846710205,-0.09495515941283117
2020-04-17,91632.85049671584,0.009783679289019576,1,59.36750153132847,-0.08610049095034444
2020-04-20,89690.7396811326,-0.021194482165027062,1,59.36750153132847,-0.1054701177955244
2020-04-21,85674.73570098582,-0.04477612732846703,1,59.36750153132847,-0.14552370170023055
2020-04-22,90516.13757152941,0.0565090960705219,1,59.36750153132847,-0.09723801846962488
2020-04-23,89683.8073887516,-0.009195378913733232,1,59.36750153132847,-0.10553925695870925
2020-04-24,91494.13056352829,0.02018561909319372,1,59.44964735848563,-0.08748401310586273
2020-04-27,92624.70807347672,0.012356831011836489,1,61.0691066469465,-0.0762082072602126
2020-04-28,92007.39537468749,-0.00666466552638989,1,61.0691066469465,-0.08236497057484737
2020-04-29,96328.59484986462,0.04696578419136466,1,63.65875312260219,-0.03926752181642923
2020-04-30,92756.49571428327,-0.03708243789031418,1,63.65875312260219,-0.07489382426787916
2020-05-01,88176.26419302027,-0.049379091846801115,0,,-0.12057472708739847
2020-05-04,88176.26419302027,0.0,0,,-0.12057472708739847
2020-05-05,88176.26419302027,0.0,0,,-0.12057472708739847
2020-05-06,88176.26419302027,0.0,0,,-0.12057472708739847
2020-05-07,88176.26419302027,0.0,0,,-0.12057472708739847
2020-05-08,88176.26419302027,0.0,0,,-0.12057472708739847
2020-05-11,88176.26419302027,0.0,0,,-0.12057472708739847
2020-05-12,88176.26419302027,0.0,0,,-0.12057472708739847
2020-05-13,88176.26419302027,0.0,0,,-0.12057472708739847
2020-05-14,88176.26419302027,0.0,0,,-0.12057472708739847
2020-05-15,88176.26419302027,0.0,0,,-0.12057472708739847
2020-05-18,88176.26419302027,0.0,0,,-0.12057472708739847
2020-05-19,87754.55960164934,-0.004782518234700994,1,62.45839296068464,-0.12478059449115986
2020-05-20,90934.16756938258,0.03623296592412606,1,64.90250192369733,-0.09306879959522418
2020-05-21,88629.91722102025,-0.025339764028787015,1,64.90250192369733,-0.11605022220382577
2020-05-22,88816.57977657192,0.0021060896975246823,1,64.90250192369733,-0.1141885446836799
2020-05-26,89582.50909993333,0.008623720090192633,1,64.90250192369733,-0.10654955464034577
2020-05-27,90934.16756938258,0.015088419413899379,1,65.04089437212262,-0.09306879959522418
2020-05-28,88990.35686054177,-0.021376021365761,1,65.04089437212262,-0.11245538031235192
2020-05-29,89184.64417292397,0.002183240063714731,0,,-0.11051765734031538
2020-06-01,89000.51476844246,-0.0020645864115855783,1,64.72339766366142,-0.11235407049831592
2020-06-02,90751.19247968646,0.019670422309340907,1,66.28160667419434,-0.09489370020385024
2020-06-03,93253.98056156191,0.027578569641778072,1,68.35714503696987,-0.06993216308171002
2020-06-04,94284.16028077825,0.011047032126808354,1,69.48463984898159,-0.05965767380716247
2020-06-05,96508.85972646746,0.023595686052291898,1,71.22767611912319,-0.037469651496634504
2020-06-08,96218.13771140053,-0.0030123867994183984,1,71.22767611912319,-0.04036916521250555
2020-06-09,96395.1014537371,0.0018391931765231462,1,71.36178915841239,-0.03860421872918329
2020-06-10,96888.07325650335,0.00511407525207952,1,72.06071771894183,-0.03368756835673248
2020-06-11,90950.43995229987,-0.061283428441022636,0,,-0.09290650711301318
2020-06-12,90950.43995229987,0.0,0,,-0.09290650711301318
2020-06-15,90950.43995229987,0.0,0,,-0.09290650711301318
2020-06-16,90950.43995229987,0.0,0,,-0.09290650711301318
2020-06-17,90950.43995229987,0.0,0,,-0.09290650711301318
2020-06-18,90950.43995229987,0.0,0,,-0.09290650711301318
2020-06-19,90950.43995229987,0.0,0,,-0.09290650711301318
2020-06-22,90950.43995229987,0.0,0,,-0.09290650711301318
2020-06-23,90950.43995229987,0.0,0,,-0.09290650711301318
2020-06-24,90950.43995229987,0.0,0,,-0.09290650711301318
2020-06-25,90950.43995229987,0.0,0,,-0.09290650711301318
2020-06-26,90950.43995229987,0.0,0,,-0.09290650711301318
2020-06-29,90950.43995229987,0.0,0,,-0.09290650711301318
2020-06-30,90950.43995229987,0.0,0,,-0.09290650711301318
2020-07-01,90950.43995229987,0.0,0,,-0.09290650711301318
2020-07-02,90950.43995229987,0.0,0,,-0.09290650711301318
2020-07-06,90950.43995229987,0.0,0,,-0.09290650711301318
2020-07-07,90950.43995229987,0.0,0,,-0.09290650711301318
2020-07-08,90950.43995229987,0.0,0,,-0.09290650711301318
2020-07-09,90950.43995229987,0.0,0,,-0.09290650711301318
2020-07-10,90950.43995229987,0.0,0,,-0.09290650711301318
2020-07-13,90950.43995229987,0.0,0,,-0.09290650711301318
2020-07-14,90950.43995229987,0.0,0,,-0.09290650711301318
2020-07-15,90950.43995229987,0.0,0,,-0.09290650711301318
2020-07-16,90950.43995229987,0.0,0,,-0.09290650711301318
2020-07-17,90950.43995229987,0.0,0,,-0.09290650711301318
2020-07-20,90950.43995229987,0.0,0,,-0.09290650711301318
2020-07-21,90950.43995229987,0.0,0,,-0.09290650711301318
2020-07-22,90950.43995229987,0.0,0,,-0.09290650711301318
2020-07-23,90950.43995229987,0.0,0,,-0.09290650711301318
2020-07-24,90950.43995229987,0.0,0,,-0.09290650711301318
2020-07-27,90950.43995229987,0.0,0,,-0.09290650711301318
2020-07-28,90950.43995229987,0.0,0,,-0.09290650711301318
2020-07-29,90950.43995229987,0.0,0,,-0.09290650711301318
2020-07-30,90950.43995229987,0.0,0,,-0.09290650711301318
2020-07-31,90950.43995229987,0.0,0,,-0.09290650711301318
2020-08-03,90950.43995229987,0.0,0,,-0.09290650711301318
2020-08-04,90950.43995229987,0.0,0,,-0.09290650711301318
2020-08-05,90950.43995229987,0.0,0,,-0.09290650711301318
2020-08-06,90950.43995229987,0.0,0,,-0.09290650711301318
2020-08-07,90950.43995229987,0.0,0,,-0.09290650711301318
2020-08-10,90950.43995229987,0.0,0,,-0.09290650711301318
2020-08-11,90950.43995229987,0.0,0,,-0.09290650711301318
2020-08-12,90950.43995229987,0.0,0,,-0.09290650711301318
2020-08-13,90950.43995229987,0.0,0,,-0.09290650711301318
2020-08-14,90950.43995229987,0.0,0,,-0.09290650711301318
2020-08-17,90950.43995229987,0.0,0,,-0.09290650711301318
2020-08-18,90950.43995229987,0.0,0,,-0.09290650711301318
2020-08-19,90950.43995229987,0.0,0,,-0.09290650711301318
2020-08-20,90950.43995229987,0.0,0,,-0.09290650711301318
2020-08-21,90950.43995229987,0.0,0,,-0.09290650711301318
2020-08-24,90950.43995229987,0.0,0,,-0.09290650711301318
2020-08-25,90950.43995229987,0.0,0,,-0.09290650711301318
2020-08-26,90950.43995229987,0.0,0,,-0.09290650711301318
2020-08-27,90950.43995229987,0.0,0,,-0.09290650711301318
2020-08-28,90950.43995229987,0.0,0,,-0.09290650711301318
2020-08-31,90950.43995229987,0.0,0,,-0.09290650711301318
2020-09-01,90950.43995229987,0.0,0,,-0.09290650711301318
2020-09-02,90950.43995229987,0.0,0,,-0.09290650711301318
2020-09-03,90950.43995229987,0.0,0,,-0.09290650711301318
2020-09-04,90950.43995229987,0.0,0,,-0.09290650711301318
2020-09-08,90950.43995229987,0.0,0,,-0.09290650711301318
2020-09-09,90950.43995229987,0.0,0,,-0.09290650711301318
2020-09-10,88630.16492737732,-0.025511421672500423,1,79.47124644688198,-0.11604775170643444
2020-09-11,89252.51410368124,0.0070218663906793655,0,,-0.10984075712317631
2020-09-14,89252.51410368124,0.0,0,,-0.10984075712317631
2020-09-15,89252.51410368124,0.0,0,,-0.10984075712317631
2020-09-16,87463.95182352517,-0.020039349010139484,1,80.47303417750767,-0.12767896886578656
2020-09-17,84925.54554066087,-0.029022314107027936,0,,-0.1529957438335302
2020-09-18,84925.54554066087,0.0,0,,-0.1529957438335302
2020-09-21,84925.54554066087,0.0,0,,-0.1529957438335302
2020-09-22,84925.54554066087,0.0,0,,-0.1529957438335302
2020-09-23,84925.54554066087,0.0,0,,-0.1529957438335302
2020-09-24,84925.54554066087,0.0,0,,-0.1529957438335302
2020-09-25,84925.54554066087,0.0,0,,-0.1529957438335302
2020-09-28,84925.54554066087,0.0,0,,-0.1529957438335302
2020-09-29,84925.54554066087,0.0,0,,-0.1529957438335302
2020-09-30,84925.54554066087,0.0,0,,-0.1529957438335302
2020-10-01,84925.54554066087,0.0,0,,-0.1529957438335302
2020-10-02,84925.54554066087,0.0,0,,-0.1529957438335302
2020-10-05,84925.54554066087,0.0,0,,-0.1529957438335302
2020-10-06,84257.14284772797,-0.007870455098965223,1,83.56803485325405,-0.15966205280032086
2020-10-07,86061.16249873859,0.02141088090621457,1,84.8694646017892,-0.14166967709185563
2020-10-08,87115.08950165597,0.012246255712997423,1,86.29017775399345,-0.1311583444713028
2020-10-09,88610.52274537207,0.017166179272394277,1,87.93035289219448,-0.11624365285317328
2020-10-12,90172.42677181393,0.01762662015808303,1,89.539642061506,-0.10066601540972109
2020-10-13,89901.82056437025,-0.0030009861898079304,1,89.539642061506,-0.10336490427750145
2020-10-14,89427.07893220863,-0.0052806676125285446,1,89.539642061506,-0.1080997361877396
2020-10-15,89080.51956904575,-0.0038753291206750085,1,89.539642061506,-0.11155614325282903
2020-10-16,88525.07272869455,-0.006235334538217119,1,89.539642061506,-0.11709588791807146
2020-10-19,88088.31129638375,-0.004933759655293968,1,89.539642061506,-0.12145192460575449
2020-10-20,88159.51964361503,0.0008083745298703704,1,89.539642061506,-0.12074172871833921
2020-10-21,87594.57594230551,-0.006408198497374951,1,89.539642061506,-0.12637619025117086
2020-10-22,87561.34779492507,-0.0003793402390843692,1,89.539642061506,-0.1267075909160308
2020-10-23,87352.46031773677,-0.002385612858284536,1,89.539642061506,-0.1287909285161838
2020-10-26,84888.86704344559,-0.028202906538981054,0,,-0.15336155653515438
2020-10-27,84888.86704344559,0.0,0,,-0.15336155653515438
2020-10-28,84888.86704344559,0.0,0,,-0.15336155653515438
2020-10-29,84888.86704344559,0.0,0,,-0.15336155653515438
2020-10-30,84888.86704344559,0.0,0,,-0.15336155653515438
2020-11-02,84665.68408087996,-0.0026291193455485473,1,83.53714179992676,-0.15558747004555296
2020-11-03,85267.510720721,0.007108271153471346,0,,-0.14958515681724793
2020-11-04,86380.55876716478,0.013053600803351495,1,88.05517905099052,-0.13848418093709558
2020-11-05,89811.1528850667,0.03971488685491065,1,91.3146446772984,-0.10426917765929666
2020-11-06,91204.68383605262,0.015516234968826703,1,92.75535610743931,-0.09037080775103778
2020-11-09,90209.30559453841,-0.010913674601443435,1,92.75535610743931,-0.10029820476321682
2020-11-10,87417.60949201275,-0.030946874982869632,1,92.75535610743931,-0.1281411637422729
2020-11-11,88756.50937856508,0.015316134750569477,0,,-0.11478765632267485
2020-11-12,87563.8426257222,-0.013437513047701133,1,90.81285612923759,-0.126682708740825
2020-11-13,88854.5389894905,0.014740060795243703,1,91.04374858311245,-0.11380995877412725
2020-11-16,91354.42401741393,0.028134578788587383,1,93.54750115530831,-0.08887737523759642
2020-11-17,90303.74519757644,-0.011501126859901234,1,93.54750115530831,-0.09935631212991503
2020-11-18,89855.4010220019,-0.004964845860973011,1,93.54750115530831,-0.10382786921584819
2020-11-19,91028.35175679956,0.013053758833155182,1,93.75982230050224,-0.09212945434759712
2020-11-20,90566.4149025358,-0.005074648121696335,1,93.75982230050224,-0.09673657790683543
2020-11-23,91961.27803730613,0.015401549639250112,1,94.91214207240513,-0.08282492147414866
2020-11-24,92251.11927892332,0.0031517748317897443,1,95.5491076878139,-0.07993419214530628
2020-11-25,92246.59299293377,-4.906483547217899e-05,1,96.03875405447823,-0.0799793350227922
2020-11-27,93482.94628338644,0.013402698683379732,1,97.5028577532087,-0.06764857526762003
2020-11-30,94474.74883355846,0.010609448991535375,1,98.74696595328194,-0.057756840384736496
2020-12-01,96191.15103259332,0.018167840827592263,1,100.73928506033761,-0.04063831663995865
2020-12-02,96576.09956287316,0.004001912090119353,1,101.57321548461914,-0.03679903552052277
2020-12-03,96539.86854387597,-0.00037515512804076057,1,101.66446331569126,-0.03716038530168109
2020-12-04,99356.76635007441,0.02917859583492377,1,104.61017717633929,-0.009066077330544986
2020-12-07,99922.86306497989,0.00569761613326758,1,105.5833922794887,-0.003420116225741454
2020-12-08,100054.19446227943,0.0013143278051803708,1,105.77928243364606,-0.002110283574413452
2020-12-09,96956.51489680317,-0.03096001704000606,1,105.77928243364606,-0.03300496619899651
2020-12-10,95666.37173489407,-0.013306410232280741,0,,-0.045872198811330867
2020-12-11,95666.37173489407,0.0,0,,-0.045872198811330867
2020-12-14,95666.37173489407,0.0,0,,-0.045872198811330867
2020-12-15,95666.37173489407,0.0,0,,-0.045872198811330867
2020-12-16,95666.37173489407,0.0,0,,-0.045872198811330867
2020-12-17,95666.37173489407,0.0,0,,-0.045872198811330867
2020-12-18,95666.37173489407,0.0,0,,-0.045872198811330867
2020-12-21,95666.37173489407,0.0,0,,-0.045872198811330867
2020-12-22,95666.37173489407,0.0,0,,-0.045872198811330867
2020-12-23,95666.37173489407,0.0,0,,-0.045872198811330867
2020-12-24,95666.37173489407,0.0,0,,-0.045872198811330867
2020-12-28,95666.37173489407,0.0,0,,-0.045872198811330867
2020-12-29,95666.37173489407,0.0,0,,-0.045872198811330867
2020-12-30,95666.37173489407,0.0,0,,-0.045872198811330867
2020-12-31,95666.37173489407,0.0,0,,-0.045872198811330867
2021-01-04,95666.37173489407,0.0,0,,-0.045872198811330867
2021-01-05,95666.37173489407,0.0,0,,-0.045872198811330867
2021-01-06,95666.37173489407,0.0,0,,-0.045872198811330867
2021-01-07,95666.37173489407,0.0,0,,-0.045872198811330867
2021-01-08,95666.37173489407,0.0,0,,-0.045872198811330867
2021-01-11,95666.37173489407,0.0,0,,-0.045872198811330867
2021-01-12,95666.37173489407,0.0,0,,-0.045872198811330867
2021-01-13,95666.37173489407,0.0,0,,-0.045872198811330867
2021-01-14,95666.37173489407,0.0,0,,-0.045872198811330867
2021-01-15,95666.37173489407,0.0,0,,-0.045872198811330867
2021-01-19,95666.37173489407,0.0,0,,-0.045872198811330867
2021-01-20,95666.37173489407,0.0,0,,-0.045872198811330867
2021-01-21,95666.37173489407,0.0,0,,-0.045872198811330867
2021-01-22,95666.37173489407,0.0,0,,-0.045872198811330867
2021-01-25,95666.37173489407,0.0,0,,-0.045872198811330867
2021-01-26,95666.37173489407,0.0,0,,-0.045872198811330867
2021-01-27,95666.37173489407,0.0,0,,-0.045872198811330867
2021-01-28,95666.37173489407,0.0,0,,-0.045872198811330867
2021-01-29,95666.37173489407,0.0,0,,-0.045872198811330867
2021-02-01,95666.37173489407,0.0,0,,-0.045872198811330867
2021-02-02,95666.37173489407,0.0,0,,-0.045872198811330867
2021-02-03,95666.37173489407,0.0,0,,-0.045872198811330867
2021-02-04,95666.37173489407,0.0,0,,-0.045872198811330867
2021-02-05,95666.37173489407,0.0,0,,-0.045872198811330867
2021-02-08,95666.37173489407,0.0,0,,-0.045872198811330867
2021-02-09,95666.37173489407,0.0,0,,-0.045872198811330867
2021-02-10,95666.37173489407,0.0,0,,-0.045872198811330867
2021-02-11,95666.37173489407,0.0,0,,-0.045872198811330867
2021-02-12,95666.37173489407,0.0,0,,-0.045872198811330867
2021-02-16,95666.37173489407,0.0,0,,-0.045872198811330867
2021-02-17,95666.37173489407,0.0,0,,-0.045872198811330867
2021-02-18,95666.37173489407,0.0,0,,-0.045872198811330867
2021-02-19,95666.37173489407,0.0,0,,-0.045872198811330867
2021-02-22,95666.37173489407,0.0,0,,-0.045872198811330867
2021-02-23,95666.37173489407,0.0,0,,-0.045872198811330867
2021-02-24,95666.37173489407,0.0,0,,-0.045872198811330867
2021-02-25,95666.37173489407,0.0,0,,-0.045872198811330867
2021-02-26,95666.37173489407,0.0,0,,-0.045872198811330867
2021-03-01,95666.37173489407,0.0,0,,-0.045872198811330867
2021-03-02,95666.37173489407,0.0,0,,-0.045872198811330867
2021-03-03,95666.37173489407,0.0,0,,-0.045872198811330867
2021-03-04,95666.37173489407,0.0,0,,-0.045872198811330867
2021-03-05,95666.37173489407,0.0,0,,-0.045872198811330867
2021-03-08,95666.37173489407,0.0,0,,-0.045872198811330867
2021-03-09,95666.37173489407,0.0,0,,-0.045872198811330867
2021-03-10,95666.37173489407,0.0,0,,-0.045872198811330867
2021-03-11,95666.37173489407,0.0,0,,-0.045872198811330867
2021-03-12,95666.37173489407,0.0,0,,-0.045872198811330867
2021-03-15,95666.37173489407,0.0,0,,-0.045872198811330867
2021-03-16,95666.37173489407,0.0,0,,-0.045872198811330867
2021-03-17,95666.37173489407,0.0,0,,-0.045872198811330867
2021-03-18,95666.37173489407,0.0,0,,-0.045872198811330867
2021-03-19,95666.37173489407,0.0,0,,-0.045872198811330867
2021-03-22,95666.37173489407,0.0,0,,-0.045872198811330867
2021-03-23,95666.37173489407,0.0,0,,-0.045872198811330867
2021-03-24,95666.37173489407,0.0,0,,-0.045872198811330867
2021-03-25,95666.37173489407,0.0,0,,-0.045872198811330867
2021-03-26,95666.37173489407,0.0,0,,-0.045872198811330867
2021-03-29,94884.59411036028,-0.008171916738937357,1,109.08678354535785,-0.053669251760950054
2021-03-30,94299.97436244361,-0.006161376916854366,0,,-0.05949995218885962
2021-03-31,94299.97436244361,0.0,0,,-0.05949995218885962
2021-04-01,96018.83415437124,0.018227574329142016,1,116.91999925885882,-0.04235691766082039
2021-04-05,97616.99366814808,0.016644229518632203,1,119.10892241341728,-0.026417686401436713
2021-04-06,96280.76674450334,-0.013688466254013876,1,119.10892241341728,-0.03974453504663544
2021-04-07,96060.5916077605,-0.0022868029014259106,1,119.10892241341728,-0.0419404500300008
2021-04-08,97438.57598479449,0.014344949931816231,1,120.00160353524345,-0.028197133753982695
2021-04-09,97210.80700405201,-0.0023375647523627974,1,120.05606487819126,-0.030468785880364502
2021-04-12,96083.36734735359,-0.011597883933330833,1,120.05606487819126,-0.04171329637146537
2021-04-13,95893.56179420346,-0.00197542569947573,1,120.05606487819126,-0.043606320553279065
2021-04-14,94974.90361204554,-0.009579977685357455,1,120.05606487819126,-0.052768550660795555
2021-04-15,96193.45201952211,0.012830214731821332,1,120.05606487819126,-0.04061536776503938
2021-04-16,95817.64073142457,-0.003906828169772614,1,120.05606487819126,-0.0443635186719018
2021-04-19,93445.07131704799,-0.024761300698551536,1,120.05606487819126,-0.06802632094457262
2021-04-20,92135.41415879327,-0.014015262012174068,1,120.05606487819126,-0.08108817624498421
2021-04-21,94564.92292215257,0.026368891761555435,1,120.05606487819126,-0.056857489825974716
2021-04-22,92473.26781170427,-0.022118720618745646,1,120.05606487819126,-0.07771859551217641
2021-04-23,94599.08653154221,0.022988467587915062,1,120.05606487819126,-0.05651675933817135
2021-04-26,96216.233551521,0.017094742447006483,1,120.56036404200962,-0.040388156335990466
2021-04-27,95654.40494366446,-0.005839228861060142,1,120.56036404200962,-0.045991549508928475
2021-04-28,94124.57264866689,-0.015993328230922144,1,120.56036404200962,-0.06124931979270565
2021-04-29,94993.88532584172,0.009235767586639243,1,120.56036404200962,-0.0525792366885115
2021-04-30,92245.49883096179,-0.028932246380412807,1,120.56036404200962,-0.07999024763855822
2021-05-03,92706.01714639388,0.004992312050650538,0,,-0.07539727186512812
2021-05-04,92706.01714639388,0.0,0,,-0.07539727186512812
2021-05-05,92706.01714639388,0.0,0,,-0.07539727186512812
2021-05-06,92706.01714639388,0.0,0,,-0.07539727186512812
2021-05-07,92706.01714639388,0.0,0,,-0.07539727186512812
2021-05-10,92706.01714639388,0.0,0,,-0.07539727186512812
2021-05-11,92706.01714639388,0.0,0,,-0.07539727186512812
2021-05-12,92706.01714639388,0.0,0,,-0.07539727186512812
2021-05-13,92706.01714639388,0.0,0,,-0.07539727186512812
2021-05-14,92706.01714639388,0.0,0,,-0.07539727186512812
2021-05-17,92706.01714639388,0.0,0,,-0.07539727186512812
2021-05-18,92706.01714639388,0.0,0,,-0.07539727186512812
2021-05-19,92706.01714639388,0.0,0,,-0.07539727186512812
2021-05-20,92706.01714639388,0.0,0,,-0.07539727186512812
2021-05-21,92706.01714639388,0.0,0,,-0.07539727186512812
2021-05-24,92706.01714639388,0.0,0,,-0.07539727186512812
2021-05-25,92706.01714639388,0.0,0,,-0.07539727186512812
2021-05-26,92706.01714639388,0.0,0,,-0.07539727186512812
2021-05-27,92706.01714639388,0.0,0,,-0.07539727186512812
2021-05-28,92706.01714639388,0.0,0,,-0.07539727186512812
2021-06-01,91774.16786390648,-0.010051659117400025,1,117.88232394627163,-0.08469106330735798
2021-06-02,92312.66757025693,0.005867661008367886,1,118.40696334838867,-0.07932034074891592
2021-06-03,90734.0432037819,-0.017100842257359528,1,118.40696334838867,-0.09506473837132823
2021-06-04,92755.27153345292,0.02227640539650033,1,119.29714039393834,-0.07490603362569981
2021-06-07,92283.15988897523,-0.005089863213945889,1,119.29714039393834,-0.07961463537459168
2021-06-08,91523.35538701942,-0.008233403611990875,1,119.29714039393834,-0.08719253956012207
2021-06-09,91239.34887919597,-0.0031031041926127267,1,119.29714039393834,-0.0900250762176612
2021-06-10,92430.69829538373,0.013057408133908766,1,120.013398034232,-0.07814316224621265
2021-06-11,92755.27153345292,0.0035115307365951587,1,120.59357070922852,-0.07490603362569981
2021-06-14,94009.32266185875,0.013519998461257732,1,122.54536029270717,-0.06239876462380045
2021-06-15,93197.8754966489,-0.008631560596692456,1,122.54536029270717,-0.07049172650248381
2021-06-16,92412.25529108082,-0.008429593500726695,1,122.54536029270717,-0.07832710340363014
2021-06-17,93456.06630086008,0.011295157839092518,1,122.54536029270717,-0.06791666256056061
2021-06-18,91077.059446154,-0.025455884768864734,1,122.54536029270717,-0.0916436685933979
2021-06-21,90263.06879023317,-0.008937384022615236,0,,-0.0997619979565526
2021-06-22,90263.06879023317,0.0,0,,-0.0997619979565526
2021-06-23,90263.06879023317,0.0,0,,-0.0997619979565526
2021-06-24,90263.06879023317,0.0,0,,-0.0997619979565526
2021-06-25,90263.06879023317,0.0,0,,-0.0997619979565526
2021-06-28,90263.06879023317,0.0,0,,-0.0997619979565526
2021-06-29,90263.06879023317,0.0,0,,-0.0997619979565526
2021-06-30,90263.06879023317,0.0,0,,-0.0997619979565526
2021-07-01,90263.06879023317,0.0,0,,-0.0997619979565526
2021-07-02,90263.06879023317,0.0,0,,-0.0997619979565526
2021-07-06,90263.06879023317,0.0,0,,-0.0997619979565526
2021-07-07,90263.06879023317,0.0,0,,-0.0997619979565526
2021-07-08,90263.06879023317,0.0,0,,-0.0997619979565526
2021-07-09,90263.06879023317,0.0,0,,-0.0997619979565526
2021-07-12,90263.06879023317,0.0,0,,-0.0997619979565526
2021-07-13,90263.06879023317,0.0,0,,-0.0997619979565526
2021-07-14,90263.06879023317,0.0,0,,-0.0997619979565526
2021-07-15,90263.06879023317,0.0,0,,-0.0997619979565526
2021-07-16,90263.06879023317,0.0,0,,-0.0997619979565526
2021-07-19,90263.06879023317,0.0,0,,-0.0997619979565526
2021-07-20,90263.06879023317,0.0,0,,-0.0997619979565526
2021-07-21,92282.32821719581,0.022370826230773355,1,121.3625065939767,-0.07962293004650012
2021-07-22,91725.7605504255,-0.006031140279213254,1,121.3625065939767,-0.08517385326516091
2021-07-23,92393.64065473931,0.007281270826276165,1,121.55589893886021,-0.07851275633182586
2021-07-26,92289.50577641919,-0.001127078417758831,1,121.70821625845772,-0.07955134471640446
2021-07-27,90659.306747101,-0.017663969652925826,1,121.70821625845772,-0.09581012183041016
2021-07-28,90817.32042027416,0.0017429393499990287,0,,-0.09423417371187748
2021-07-29,90817.32042027416,0.0,0,,-0.09423417371187748
2021-07-30,90817.32042027416,0.0,0,,-0.09423417371187748
2021-08-02,90548.03409639621,-0.0029651428013046655,1,125.67179816109794,-0.09691989873136353
2021-08-03,91368.08967816982,0.009056580741450437,1,126.59732219151088,-0.08874108087822685
2021-08-04,92365.83109483558,0.010920020547437792,1,128.5001839229039,-0.07879011475738118
2021-08-05,92263.31762988109,-0.0011098635040617255,1,128.78678049360002,-0.07981253198859284
2021-08-06,91767.87237910467,-0.0053699050012911975,1,128.78678049360002,-0.08475385127519286
2021-08-09,91491.10375060073,-0.0030159643165810213,1,128.78678049360002,-0.08751420100063512
2021-08-10,90319.09674281305,-0.012810065238501145,1,128.78678049360002,-0.09920320361502277
2021-08-11,90079.91951306416,-0.002648135758376302,1,128.78678049360002,-0.10158863582256072
2021-08-12,89095.84864390682,-0.010924419942611285,1,128.78678049360002,-0.11140325884604929
2021-08-13,89676.72699593156,0.0065197016568792066,1,128.78678049360002,-0.10560987320045045
2021-08-16,89290.61484250515,-0.004305600420094757,1,128.78678049360002,-0.10946075970612723
2021-08-17,87878.47325745388,-0.015815117720289762,0,,-0.1235447426259122
2021-08-18,87878.47325745388,0.0,0,,-0.1235447426259122
2021-08-19,87878.47325745388,0.0,0,,-0.1235447426259122
2021-08-20,87878.47325745388,0.0,0,,-0.1235447426259122
2021-08-23,87878.47325745388,0.0,0,,-0.1235447426259122
2021-08-24,87597.49540843026,-0.003197345591114842,1,126.3971448625837,-0.1263470729788867
2021-08-25,88550.03733650465,0.010874077205439425,1,127.62231608799526,-0.11684690359970096
2021-08-26,88686.11620175581,0.0015367454305414974,1,127.72731563023159,-0.11548972211433917
2021-08-27,90289.18296791137,0.018075735355336464,1,129.93875013078963,-0.09950154841220282
2021-08-30,90574.6092740355,0.0031612458629242113,1,130.6178479875837,-0.09665485140755115
2021-08-31,89887.58065996882,-0.007585223050623924,1,130.6178479875837,-0.10350692585132393
2021-09-01,89748.18971515406,-0.0015507252925412995,1,130.6178479875837,-0.1048971403359944
2021-09-02,89967.24275711809,0.0024407516481308456,1,130.6178479875837,-0.10271241655602281
2021-09-03,90704.05385147575,0.008189770762974335,1,130.8860729762486,-0.0953638369391534
2021-09-07,90518.1925059336,-0.0020490963485103597,1,131.002502986363,-0.09721752359761182
2021-09-08,89323.36233553149,-0.013199889848925062,1,131.002502986363,-0.10913415284366301
2021-09-09,89691.76281836849,0.004124346343492347,1,131.002502986363,-0.10545991354440154
2021-09-10,90368.83493637697,0.007548877363237949,1,131.002502986363,-0.09870714013524806
2021-09-13,91045.90705438543,0.007492318767694073,1,132.271605355399,-0.0919543667260947
2021-09-14,91105.64603073461,0.0006561412619405793,1,132.271605355399,-0.09135856051837887
2021-09-15,91424.26403328062,0.003497236630521483,1,132.86927577427454,-0.08818082639221403
2021-09-16,91557.02069028448,0.0014520943472460246,1,132.9505239214216,-0.0868567789245075
2021-09-17,89944.0075567544,-0.017617579966767605,1,132.9505239214216,-0.10294415264291679
2021-09-20,87890.28930387076,-0.022833297166437116,0,,-0.1234268953805111
2021-09-21,87890.28930387076,0.0,0,,-0.1234268953805111
2021-09-22,87890.28930387076,0.0,0,,-0.1234268953805111
2021-09-23,87890.28930387076,0.0,0,,-0.1234268953805111
2021-09-24,87890.28930387076,0.0,0,,-0.1234268953805111
2021-09-27,87890.28930387076,0.0,0,,-0.1234268953805111
2021-09-28,87890.28930387076,0.0,0,,-0.1234268953805111
2021-09-29,87890.28930387076,0.0,0,,-0.1234268953805111
2021-09-30,87890.28930387076,0.0,0,,-0.1234268953805111
2021-10-01,87890.28930387076,0.0,0,,-0.1234268953805111
2021-10-04,87890.28930387076,0.0,0,,-0.1234268953805111
2021-10-05,87890.28930387076,0.0,0,,-0.1234268953805111
2021-10-06,87890.28930387076,0.0,0,,-0.1234268953805111
2021-10-07,87890.28930387076,0.0,0,,-0.1234268953805111
2021-10-08,87890.28930387076,0.0,0,,-0.1234268953805111
2021-10-11,87890.28930387076,0.0,0,,-0.1234268953805111
2021-10-12,87890.28930387076,0.0,0,,-0.1234268953805111
2021-10-13,87890.28930387076,0.0,0,,-0.1234268953805111
2021-10-14,87890.28930387076,0.0,0,,-0.1234268953805111
2021-10-15,87890.28930387076,0.0,0,,-0.1234268953805111
2021-10-18,87890.28930387076,0.0,0,,-0.1234268953805111
2021-10-19,88642.82207751872,0.008562183372114784,1,127.60606711251395,-0.115921515719695
2021-10-20,88252.06489104964,-0.004408221413882418,1,127.60606711251395,-0.11981872942565219
2021-10-21,87527.81064986097,-0.008206654904707178,0,,-0.12704207336684248
2021-10-22,87527.81064986097,0.0,0,,-0.12704207336684248
2021-10-25,87527.81064986097,0.0,0,,-0.12704207336684248
2021-10-26,87527.81064986097,0.0,0,,-0.12704207336684248
2021-10-27,87162.3378227508,-0.004175505183971584,1,128.70161138262068,-0.13068711371488828
2021-10-28,88822.50281638956,0.019046815804950157,1,131.02463613237654,-0.11412947129294626
2021-10-29,89076.4211559705,0.002858716333470346,1,131.48697199140275,-0.11159701874319128
2021-11-01,90098.56168327181,0.011474871958669697,1,133.1980356488909,-0.10140270828556897
2021-11-02,91091.40623313087,0.011019538284631647,1,134.72035108293807,-0.09150058102705538
2021-11-03,91993.11436486334,0.00989893744119752,1,136.46696962629045,-0.0825074021132779
2021-11-04,95801.74044546724,0.04140120819801907,1,141.32767595563615,-0.04452210004802826
2021-11-05,96550.45184997412,0.007815217145591191,1,142.4214346749442,-0.03705483278209021
2021-11-08,98288.74938433293,0.018004033135545328,1,144.76821899414062,-0.019717936083785803
2021-11-09,98418.95703992319,0.0013247462848582359,1,144.76821899414062,-0.01841931106149952
2021-11-10,95313.45428634822,-0.03155390838286609,1,144.76821899414062,-0.04939201819065553
2021-11-11,97028.97268327905,0.01799870133524828,1,144.76821899414062,-0.03228230903916596
2021-11-12,98015.31032733116,0.010165393044732074,1,144.76821899414062,-0.022445078354208503
2021-11-15,97885.10267174088,-0.0013284420072275926,1,144.76821899414062,-0.023743703376494785
2021-11-16,99154.64469860886,0.012969716455479396,1,144.76821899414062,-0.011081936021411498
2021-11-17,98565.44686134183,-0.005942211169814193,1,144.76821899414062,-0.0169582959872161
2021-11-18,100990.59549110853,0.02460445021040991,1,147.01910945347376,0.0
2021-11-19,101628.62989165331,0.006317760554258367,1,147.90090560913086,0.0
2021-11-22,100095.40419939034,-0.015086552813882825,1,147.90090560913086,-0.015086552813882825
2021-11-23,99369.4918007261,-0.007252205078449148,1,147.90090560913086,-0.022229347117398768
2021-11-24,100372.10167639924,0.010089715238594144,1,147.90090560913086,-0.012363919661159128
2021-11-26,97461.91537331334,-0.02899397596025599,1,147.90090560913086,-0.040999416431985014
2021-11-29,101374.72148627973,0.04014702664090852,1,147.90090560913086,-0.0024983944548330195
2021-11-30,99252.29795674972,-0.020936417860514256,1,147.90090560913086,-0.02338250488506044
2021-12-01,98900.73629323526,-0.0035421009966707384,1,147.90090560913086,-0.026841782687873295
2021-12-02,99157.89318440866,0.00260015143275516,1,147.90090560913086,-0.024311423954831546
2021-12-03,98031.58255895218,-0.011358759139444619,1,147.90090560913086,-0.03539403548523634
2021-12-06,96146.18424321453,-0.01923256022724973,0,,-0.05394587779333082
2021-12-07,96146.18424321453,0.0,0,,-0.05394587779333082
2021-12-08,96146.18424321453,0.0,0,,-0.05394587779333082
2021-12-09,96146.18424321453,0.0,0,,-0.05394587779333082
2021-12-10,96146.18424321453,0.0,0,,-0.05394587779333082
2021-12-13,96146.18424321453,0.0,0,,-0.05394587779333082
2021-12-14,96146.18424321453,0.0,0,,-0.05394587779333082
2021-12-15,96146.18424321453,0.0,0,,-0.05394587779333082
2021-12-16,91381.9526978352,-0.04955195656363842,1,143.11231885637557,-0.10082471056376674
2021-12-17,90439.0918984758,-0.010317800960951917,0,,-0.1101022222291762
2021-12-20,90439.0918984758,0.0,0,,-0.1101022222291762
2021-12-21,90439.0918984758,0.0,0,,-0.1101022222291762
2021-12-22,90439.0918984758,0.0,0,,-0.1101022222291762
2021-12-23,90831.07560662567,0.004334228704882426,1,142.4746469770159,-0.10624520173635077
2021-12-27,91003.75152715281,0.0019010665609087152,0,,-0.10454611437572003
2021-12-28,89612.35586114819,-0.015289431948192544,1,147.47928019932337,-0.118237095622717
2021-12-29,89598.06437359925,-0.00015948121675413152,1,147.47928019932337,-0.11837772024359572
2021-12-30,88580.2539462361,-0.01135973678091029,1,147.47928019932337,-0.12839271728181456
2021-12-31,88282.92469550805,-0.0033566086964316177,1,147.47928019932337,-0.13131836186685952
2022-01-03,90229.8999375987,0.022053814469852107,1,148.23750250680106,-0.11216061818610401
2022-01-04,89761.0204865122,-0.00519649751812612,1,148.23750250680106,-0.11677427333019452
2022-01-05,86681.88546674319,-0.034303698900478796,1,148.23750250680106,-0.1470721827190321
2022-01-06,86480.49496320618,-0.0023233285991948183,0,,-0.14905381430996978
2022-01-07,86480.49496320618,0.0,0,,-0.14905381430996978
2022-01-10,86480.49496320618,0.0,0,,-0.14905381430996978
2022-01-11,86480.49496320618,0.0,0,,-0.14905381430996978
2022-01-12,86359.43865320005,-0.0013998105591049859,1,143.63892691476005,-0.15024497776592882
2022-01-13,84857.34543188034,-0.017393503764559837,1,143.63892691476005,-0.16502519494411072
2022-01-14,84149.29242574694,-0.00834403907557768,0,,-0.17199225734461998
2022-01-18,81647.73699141952,-0.029727587270383715,1,140.53981998988561,-0.19660692977496108
2022-01-19,82281.62266442209,0.007763664938676529,0,,-0.1903696551636792
2022-01-20,82281.62266442209,0.0,0,,-0.1903696551636792
2022-01-21,82281.62266442209,0.0,0,,-0.1903696551636792
2022-01-24,82281.62266442209,0.0,0,,-0.1903696551636792
2022-01-25,82281.62266442209,0.0,0,,-0.1903696551636792
2022-01-26,82281.62266442209,0.0,0,,-0.1903696551636792
2022-01-27,82281.62266442209,0.0,0,,-0.1903696551636792
2022-01-28,82281.62266442209,0.0,0,,-0.1903696551636792
2022-01-31,82281.62266442209,0.0,0,,-0.1903696551636792
2022-02-01,82281.62266442209,0.0,0,,-0.1903696551636792
2022-02-02,82281.62266442209,0.0,0,,-0.1903696551636792
2022-02-03,82281.62266442209,0.0,0,,-0.1903696551636792
2022-02-04,82281.62266442209,0.0,0,,-0.1903696551636792
2022-02-07,82281.62266442209,0.0,0,,-0.1903696551636792
2022-02-08,82281.62266442209,0.0,0,,-0.1903696551636792
2022-02-09,82281.62266442209,0.0,0,,-0.1903696551636792
2022-02-10,82281.62266442209,0.0,0,,-0.1903696551636792
2022-02-11,82281.62266442209,0.0,0,,-0.1903696551636792
2022-02-14,82281.62266442209,0.0,0,,-0.1903696551636792
2022-02-15,82281.62266442209,0.0,0,,-0.1903696551636792
2022-02-16,82281.62266442209,0.0,0,,-0.1903696551636792
2022-02-17,82281.62266442209,0.0,0,,-0.1903696551636792
2022-02-18,82281.62266442209,0.0,0,,-0.1903696551636792
2022-02-22,82281.62266442209,0.0,0,,-0.1903696551636792
2022-02-23,82281.62266442209,0.0,0,,-0.1903696551636792
2022-02-24,82281.62266442209,0.0,0,,-0.1903696551636792
2022-02-25,82281.62266442209,0.0,0,,-0.1903696551636792
2022-02-28,82679.46846077408,0.004835171979708841,1,120.0187544141497,-0.1864549532064046
2022-03-01,80070.97466025372,-0.03154947472549263,1,120.0187544141497,-0.21212187209826894
2022-03-02,80548.13755033312,0.005959249179918524,0,,-0.20742671001069468
2022-03-03,80548.13755033312,0.0,0,,-0.20742671001069468
2022-03-04,80548.13755033312,0.0,0,,-0.20742671001069468
2022-03-07,80548.13755033312,0.0,0,,-0.20742671001069468
2022-03-08,80548.13755033312,0.0,0,,-0.20742671001069468
2022-03-09,80548.13755033312,0.0,0,,-0.20742671001069468
2022-03-10,80548.13755033312,0.0,0,,-0.20742671001069468
2022-03-11,80548.13755033312,0.0,0,,-0.20742671001069468
2022-03-14,80548.13755033312,0.0,0,,-0.20742671001069468
2022-03-15,80548.13755033312,0.0,0,,-0.20742671001069468
2022-03-16,80548.13755033312,0.0,0,,-0.20742671001069468
2022-03-17,80548.13755033312,0.0,0,,-0.20742671001069468
2022-03-18,80548.13755033312,0.0,0,,-0.20742671001069468
2022-03-21,80469.44017221946,-0.0009770229394129304,1,121.06571442740304,-0.20820107229618023
2022-03-22,81023.7630677304,0.006888613793318177,1,122.38982200622559,-0.20274667528126522
2022-03-23,78998.24100061801,-0.024999111253561246,1,122.38982200622559,-0.22267729984318052
2022-03-24,82842.53762708965,0.04866306613639115,1,125.23821749006,-0.184850393876131
2022-03-25,82497.95235145192,-0.004159521008263334,1,125.5051702771868,-0.18824102578768087
2022-03-28,83097.21836950186,0.007264010814437949,1,127.23195729936872,-0.1823443998202855
2022-03-29,84975.92318829562,0.022608516333722184,1,130.84107262747628,-0.163858419828263
2022-03-30,82509.94023215359,-0.029019784235562063,1,130.84107262747628,-0.18812306807522872
2022-03-31,80837.99206518671,-0.020263596874056766,1,130.84107262747628,-0.20457461493509832
2022-04-01,78290.99567796386,-0.03150741776427335,0,,-0.22963641484264619
2022-04-04,78290.99567796386,0.0,0,,-0.22963641484264619
2022-04-05,78290.99567796386,0.0,0,,-0.22963641484264619
2022-04-06,78290.99567796386,0.0,0,,-0.22963641484264619
2022-04-07,78290.99567796386,0.0,0,,-0.22963641484264619
2022-04-08,76746.68625960518,-0.01972524943623044,1,115.62535721915108,-0.2448320287164638
2022-04-11,75021.16739219024,-0.02248330125392195,1,115.62535721915108,-0.2618106977121446
2022-04-12,74616.99107506288,-0.005387497038195077,1,115.62535721915108,-0.2657876903918478
2022-04-13,75219.07341438717,0.008068971029917327,0,,-0.25986335253581083
2022-04-14,75219.07341438717,0.0,0,,-0.25986335253581083
2022-04-18,75219.07341438717,0.0,0,,-0.25986335253581083
2022-04-19,75219.07341438717,0.0,0,,-0.25986335253581083
2022-04-20,75219.07341438717,0.0,0,,-0.25986335253581083
2022-04-21,75219.07341438717,0.0,0,,-0.25986335253581083
2022-04-22,75219.07341438717,0.0,0,,-0.25986335253581083
2022-04-25,75219.07341438717,0.0,0,,-0.25986335253581083
2022-04-26,75219.07341438717,0.0,0,,-0.25986335253581083
2022-04-27,75219.07341438717,0.0,0,,-0.25986335253581083
2022-04-28,75219.07341438717,0.0,0,,-0.25986335253581083
2022-04-29,75219.07341438717,0.0,0,,-0.25986335253581083
2022-05-02,75219.07341438717,0.0,0,,-0.25986335253581083
2022-05-03,75219.07341438717,0.0,0,,-0.25986335253581083
2022-05-04,75219.07341438717,0.0,0,,-0.25986335253581083
2022-05-05,75219.07341438717,0.0,0,,-0.25986335253581083
2022-05-06,75219.07341438717,0.0,0,,-0.25986335253581083
2022-05-09,75219.07341438717,0.0,0,,-0.25986335253581083
2022-05-10,75219.07341438717,0.0,0,,-0.25986335253581083
2022-05-11,75219.07341438717,0.0,0,,-0.25986335253581083
2022-05-12,75219.07341438717,0.0,0,,-0.25986335253581083
2022-05-13,75219.07341438717,0.0,0,,-0.25986335253581083
2022-05-16,75219.07341438717,0.0,0,,-0.25986335253581083
2022-05-17,75219.07341438717,0.0,0,,-0.25986335253581083
2022-05-18,75219.07341438717,0.0,0,,-0.25986335253581083
2022-05-19,75219.07341438717,0.0,0,,-0.25986335253581083
2022-05-20,75219.07341438717,0.0,0,,-0.25986335253581083
2022-05-23,75219.07341438717,0.0,0,,-0.25986335253581083
2022-05-24,75219.07341438717,0.0,0,,-0.25986335253581083
2022-05-25,75219.07341438717,0.0,0,,-0.25986335253581083
2022-05-26,78374.35916118223,0.04194794755596587,1,106.00071007864815,-0.22881613926373456
2022-05-27,79538.83048984502,0.014857809889940787,0,,-0.21735803607072457
2022-05-31,79244.74130173807,-0.0036974291210440935,1,110.75696263994489,-0.22025179925950777
2022-06-01,77942.24642800305,-0.01643635719341363,1,110.75696263994489,-0.23306801920780007
2022-06-02,80696.27495045787,0.035334220511578085,1,112.91124561854771,-0.2059690754811072
2022-06-03,78318.09150701498,-0.029470795831690322,1,112.91124561854771,-0.22936979874165175
2022-06-06,78382.89118935178,0.0008273909781240096,1,112.91124561854771,-0.2287321862656606
2022-06-07,79008.22023645422,0.007977876774050152,1,112.91124561854771,-0.22257910668789693
2022-06-08,77362.28259682513,-0.020832485970487147,1,112.91124561854771,-0.23877471654098492
2022-06-09,75304.85931131405,-0.026594655902713926,1,112.91124561854771,-0.2590192410190233
2022-06-10,73057.49405952277,-0.02984356218634665,0,,-0.28113274637855834
2022-06-13,73057.49405952277,0.0,0,,-0.28113274637855834
2022-06-14,73057.49405952277,0.0,0,,-0.28113274637855834
2022-06-15,73057.49405952277,0.0,0,,-0.28113274637855834
2022-06-16,73057.49405952277,0.0,0,,-0.28113274637855834
2022-06-17,73057.49405952277,0.0,0,,-0.28113274637855834
2022-06-21,73057.49405952277,0.0,0,,-0.28113274637855834
2022-06-22,73057.49405952277,0.0,0,,-0.28113274637855834
2022-06-23,73057.49405952277,0.0,0,,-0.28113274637855834
2022-06-24,73057.49405952277,0.0,0,,-0.28113274637855834
2022-06-27,73057.49405952277,0.0,0,,-0.28113274637855834
2022-06-28,73057.49405952277,0.0,0,,-0.28113274637855834
2022-06-29,73057.49405952277,0.0,0,,-0.28113274637855834
2022-06-30,73057.49405952277,0.0,0,,-0.28113274637855834
2022-07-01,73057.49405952277,0.0,0,,-0.28113274637855834
2022-07-05,73057.49405952277,0.0,0,,-0.28113274637855834
2022-07-06,73057.49405952277,0.0,0,,-0.28113274637855834
2022-07-07,73057.49405952277,0.0,0,,-0.28113274637855834
2022-07-08,73057.49405952277,0.0,0,,-0.28113274637855834
2022-07-11,73057.49405952277,0.0,0,,-0.28113274637855834
2022-07-12,73057.49405952277,0.0,0,,-0.28113274637855834
2022-07-13,73057.49405952277,0.0,0,,-0.28113274637855834
2022-07-14,73057.49405952277,0.0,0,,-0.28113274637855834
2022-07-15,73057.49405952277,0.0,0,,-0.28113274637855834
2022-07-18,73057.49405952277,0.0,0,,-0.28113274637855834
2022-07-19,75010.57848861144,0.02673352616635638,1,102.44767951965332,-0.2619148898437328
2022-07-20,76776.99785145643,0.023548936675820586,1,104.88428660801479,-0.24453377032329682
2022-07-21,78065.64345033391,0.01678426657643839,1,106.89928708757672,-0.23185382373490615
2022-07-22,76299.22408748891,-0.022627359293705296,1,106.89928708757672,-0.24923494325534234
2022-07-25,75828.17584367268,-0.006173696383545146,1,106.89928708757672,-0.2538699387710589
2022-07-26,74684.2110718051,-0.01508627576939181,1,106.89928708757672,-0.26512626263459194
2022-07-27,78180.0389007237,0.046808124217279756,1,107.53446442740304,-0.23072820145197526
2022-07-28,79135.58642865872,0.012222397703695487,1,108.80624662126813,-0.2213258555878842
2022-07-29,79795.05191640752,0.008333361986813781,1,109.77196393694196,-0.21483688207272555
2022-08-01,79956.55167778044,0.002023932029546316,1,109.85838890075684,-0.21324776528993417
2022-08-02,79791.68402234704,-0.0020619655547154947,1,109.85838890075684,-0.2148700212980017
2022-08-03,81699.42145212629,0.02390897564268668,1,112.65374892098563,-0.19609836776087242
2022-08-04,82530.47498147492,0.010172085855413293,1,114.01909828186035,-0.18792101133842898
2022-08-05,81968.5860097529,-0.0068082604861798846,1,114.01909828186035,-0.1934498566285905
2022-08-08,80552.08878619823,-0.01728097668277606,1,114.01909828186035,-0.2073878308496815
2022-08-09,76610.83223801736,-0.048928049012382235,0,,-0.24616879790967883
2022-08-10,76610.83223801736,0.0,0,,-0.24616879790967883
2022-08-11,76610.83223801736,0.0,0,,-0.24616879790967883
2022-08-12,76610.83223801736,0.0,0,,-0.24616879790967883
2022-08-15,76610.83223801736,0.0,0,,-0.24616879790967883
2022-08-16,76610.83223801736,0.0,0,,-0.24616879790967883
2022-08-17,76610.83223801736,0.0,0,,-0.24616879790967883
2022-08-18,76610.83223801736,0.0,0,,-0.24616879790967883
2022-08-19,76610.83223801736,0.0,0,,-0.24616879790967883
2022-08-22,76610.83223801736,0.0,0,,-0.24616879790967883
2022-08-23,76610.83223801736,0.0,0,,-0.24616879790967883
2022-08-24,76610.83223801736,0.0,0,,-0.24616879790967883
2022-08-25,76610.83223801736,0.0,0,,-0.24616879790967883
2022-08-26,72399.30075717185,-0.054973054825471324,1,108.74303545270648,-0.287609201911341
2022-08-29,71716.06286900784,-0.009437078549357714,0,,-0.2943320898307433
2022-08-30,71716.06286900784,0.0,0,,-0.2943320898307433
2022-08-31,71716.06286900784,0.0,0,,-0.2943320898307433
2022-09-01,71716.06286900784,0.0,0,,-0.2943320898307433
2022-09-02,71716.06286900784,0.0,0,,-0.2943320898307433
2022-09-06,71716.06286900784,0.0,0,,-0.2943320898307433
2022-09-07,71716.06286900784,0.0,0,,-0.2943320898307433
2022-09-08,71716.06286900784,0.0,0,,-0.2943320898307433
2022-09-09,71716.06286900784,0.0,0,,-0.2943320898307433
2022-09-12,71716.06286900784,0.0,0,,-0.2943320898307433
2022-09-13,71716.06286900784,0.0,0,,-0.2943320898307433
2022-09-14,71716.06286900784,0.0,0,,-0.2943320898307433
2022-09-15,71716.06286900784,0.0,0,,-0.2943320898307433
2022-09-16,71716.06286900784,0.0,0,,-0.2943320898307433
2022-09-19,71716.06286900784,0.0,0,,-0.2943320898307433
2022-09-20,71716.06286900784,0.0,0,,-0.2943320898307433
2022-09-21,71716.06286900784,0.0,0,,-0.2943320898307433
2022-09-22,71716.06286900784,0.0,0,,-0.2943320898307433
2022-09-23,71716.06286900784,0.0,0,,-0.2943320898307433
2022-09-26,71716.06286900784,0.0,0,,-0.2943320898307433
2022-09-27,71716.06286900784,0.0,0,,-0.2943320898307433
2022-09-28,71716.06286900784,0.0,0,,-0.2943320898307433
2022-09-29,71716.06286900784,0.0,0,,-0.2943320898307433
2022-09-30,71716.06286900784,0.0,0,,-0.2943320898307433
2022-10-03,71716.06286900784,0.0,0,,-0.2943320898307433
2022-10-04,71716.06286900784,0.0,0,,-0.2943320898307433
2022-10-05,71716.06286900784,0.0,0,,-0.2943320898307433
2022-10-06,71716.06286900784,0.0,0,,-0.2943320898307433
2022-10-07,71716.06286900784,0.0,0,,-0.2943320898307433
2022-10-10,71716.06286900784,0.0,0,,-0.2943320898307433
2022-10-11,71716.06286900784,0.0,0,,-0.2943320898307433
2022-10-12,71716.06286900784,0.0,0,,-0.2943320898307433
2022-10-13,71716.06286900784,0.0,0,,-0.2943320898307433
2022-10-14,71716.06286900784,0.0,0,,-0.2943320898307433
2022-10-17,71716.06286900784,0.0,0,,-0.2943320898307433
2022-10-18,71716.06286900784,0.0,0,,-0.2943320898307433
2022-10-19,71716.06286900784,0.0,0,,-0.2943320898307433
2022-10-20,71716.06286900784,0.0,0,,-0.2943320898307433
2022-10-21,71716.06286900784,0.0,0,,-0.2943320898307433
2022-10-24,71716.06286900784,0.0,0,,-0.2943320898307433
2022-10-25,71716.06286900784,0.0,0,,-0.2943320898307433
2022-10-26,71716.06286900784,0.0,0,,-0.2943320898307433
2022-10-27,71716.06286900784,0.0,0,,-0.2943320898307433
2022-10-28,71716.06286900784,0.0,0,,-0.2943320898307433
2022-10-31,70867.0974720519,-0.011837869551018287,1,86.32053347996303,-0.3026856944976667
2022-11-01,72286.55614702462,0.02002986894634029,0,,-0.28871858034404674
2022-11-02,72286.55614702462,0.0,0,,-0.28871858034404674
2022-11-03,72286.55614702462,0.0,0,,-0.28871858034404674
2022-11-04,72286.55614702462,0.0,0,,-0.28871858034404674
2022-11-07,73175.55344847399,0.012298238411596607,1,89.62035260881696,-0.2799710718673789
2022-11-08,74753.94049053502,0.021569868182444774,1,91.57356916155133,-0.26444014280001116
2022-11-09,72721.9116936024,-0.02718289876892732,1,91.57356916155133,-0.28443479193676513
2022-11-10,80152.68812129382,0.10218070805123158,1,97.77624484470913,-0.21131783232003698
2022-11-11,82780.83323620276,0.03278923235776965,1,100.97321292332241,-0.18545754946754933
2022-11-14,81997.26604453636,-0.009465562993677623,1,100.97321292332241,-0.19316765234408872
2022-11-15,84580.4176866961,0.0315028996302964,1,103.03839302062988,-0.16775009387740814
2022-11-16,81536.1187033651,-0.03599295282044768,1,103.03839302062988,-0.1977052254833006
2022-11-17,82150.97610420552,0.0075409206449637,1,103.03839302062988,-0.191655184254801
2022-11-18,82300.94481216736,0.0018255255758814481,1,103.03839302062988,-0.19017953011952704
2022-11-21,80861.27381933993,-0.01749276385724552,1,103.03839302062988,-0.2043455283659098
2022-11-22,83211.9811150604,0.029070866493797975,1,103.03839302062988,-0.18121516344584176
2022-11-23,83935.56654426332,0.008695688042835936,1,103.03839302062988,-0.17409526593296243
2022-11-25,82949.54302702873,-0.011747386213383226,1,103.03839302062988,-0.18379748781950944
2022-11-28,80992.49572371639,-0.023593225856285316,1,103.03839302062988,-0.2030543380338512
2022-11-29,80771.29831528408,-0.002731085225313623,1,103.03839302062988,-0.20523086455662465
2022-11-30,85378.97888879805,0.05704601349266758,1,104.180173601423,-0.1598924537325661
2022-12-01,85105.29386275943,-0.003205531731587996,1,105.07678195408413,-0.1625854451300729
2022-12-02,83935.56654426332,-0.013744471881883213,1,105.07678195408413,-0.17409526593296243
2022-12-05,82934.54901659318,-0.011926023363912686,1,105.07678195408413,-0.18394502508781196
2022-12-06,81116.21776251444,-0.02192489469876957,1,105.07678195408413,-0.20183694448116873
2022-12-07,81097.47095892904,-0.0002311104252947782,1,105.07678195408413,-0.2020214082843842
2022-12-08,83163.2462906039,0.02547274664978194,1,105.07678195408413,-0.1816947017856625
2022-12-09,82495.89555143587,-0.008024587410116912,1,105.07678195408413,-0.1882612641793452
2022-12-12,83965.56028585568,0.017815004305317128,1,105.07678195408413,-0.17380013510590764
2022-12-13,85363.9848783625,0.01665474020236357,1,106.14232226780483,-0.16003999100086863
2022-12-14,83894.32586466396,-0.0172163824801842,1,106.14232226780483,-0.17450106378385666
2022-12-15,82342.20866926892,-0.01850086021191555,0,,-0.18977350420787653
2022-12-16,82342.20866926892,0.0,0,,-0.18977350420787653
2022-12-19,82342.20866926892,0.0,0,,-0.18977350420787653
2022-12-20,82342.20866926892,0.0,0,,-0.18977350420787653
2022-12-21,82342.20866926892,0.0,0,,-0.18977350420787653
2022-12-22,82342.20866926892,0.0,0,,-0.18977350420787653
2022-12-23,82342.20866926892,0.0,0,,-0.18977350420787653
2022-12-27,82342.20866926892,0.0,0,,-0.18977350420787653
2022-12-28,82342.20866926892,0.0,0,,-0.18977350420787653
2022-12-29,82342.20866926892,0.0,0,,-0.18977350420787653
2022-12-30,82342.20866926892,0.0,0,,-0.18977350420787653
2023-01-03,82342.20866926892,0.0,0,,-0.18977350420787653
2023-01-04,82342.20866926892,0.0,0,,-0.18977350420787653
2023-01-05,82342.20866926892,0.0,0,,-0.18977350420787653
2023-01-06,82342.20866926892,0.0,0,,-0.18977350420787653
2023-01-09,82342.20866926892,0.0,0,,-0.18977350420787653
2023-01-10,82342.20866926892,0.0,0,,-0.18977350420787653
2023-01-11,82342.20866926892,0.0,0,,-0.18977350420787653
2023-01-12,82342.20866926892,0.0,0,,-0.18977350420787653
2023-01-13,82342.20866926892,0.0,0,,-0.18977350420787653
2023-01-17,82912.4674746272,0.0069254737585282555,1,106.37482125418526,-0.1841623018728038
2023-01-18,82394.10552567443,-0.006251918013553293,1,106.37482125418526,-0.18926285227386108
2023-01-19,80379.060552042,-0.024456178761531944,1,106.37482125418526,-0.20909038488726606
2023-01-20,82992.77762152012,0.032517387632141403,1,106.37482125418526,-0.1833720703506576
2023-01-23,86906.05078416588,0.04715197243417779,1,110.99303736005511,-0.14486645272285215
2023-01-24,86289.1253694571,-0.007098762504361589,1,110.99303736005511,-0.15093684268448482
2023-01-25,86376.73238779056,0.00101527299017512,1,110.99303736005511,-0.15007481179390947
2023-01-26,87924.52136320835,0.017919049871775172,1,112.51035635811942,-0.13484495995916668
2023-01-27,87347.75102194602,-0.006559834871090575,1,112.51035635811942,-0.14052023415972636
2023-01-30,85256.04990727182,-0.023946822788244004,1,112.51035635811942,-0.1611020438023848
2023-01-31,86551.9575647192,0.01520018413774582,1,112.51035635811942,-0.14835064039540258
2023-02-01,90633.14789259133,0.047153067853149544,1,116.0712525503976,-0.10819276035487557
2023-02-02,92571.53115505113,0.02138713381948243,1,118.74410956246513,-0.08911955957940199
2023-02-03,90870.42432741892,-0.01837613363856938,1,118.74410956246513,-0.10585802028132973
2023-02-06,89359.14198972732,-0.016631179494070003,1,118.74410956246513,-0.12072865603921401
2023-02-07,92042.21832880666,0.03002576210263741,1,118.74410956246513,-0.09432786384178127
2023-02-08,90238.89959969818,-0.019592299727787976,1,118.74410956246513,-0.11207206378849899
2023-02-09,90596.64125486514,0.003964384060021864,1,118.74410956246513,-0.10855197643173398
2023-02-10,89074.40803988186,-0.01680231401405885,1,118.74410956246513,-0.12353036605094014
2023-02-13,90414.11920649596,0.015040360032639866,1,118.74410956246513,-0.11034794719867014
2023-02-14,92359.80491052716,0.021519710871567233,1,118.74410956246513,-0.09120289224608935
2023-02-15,92356.15647480689,-3.9502419085901685e-05,1,118.74410956246513,-0.09123879193030393
2023-02-16,89848.30531265619,-0.02715413089797436,1,118.74410956246513,-0.11591541272922967
2023-02-17,88621.75692481003,-0.013651324680838184,1,118.74410956246513,-0.12798433847538782
2023-02-21,86563.63192780888,-0.023223698879580423,0,,-0.1482357676169136
2023-02-22,86563.63192780888,0.0,0,,-0.1482357676169136
2023-02-23,86563.63192780888,0.0,0,,-0.1482357676169136
2023-02-24,86619.43394306154,0.0006446357899954069,1,110.6210744040353,-0.14768668990808143
2023-02-27,87861.95016942704,0.014344543364047668,0,,-0.13546064467171293
2023-02-28,87861.95016942704,0.0,0,,-0.13546064467171293
2023-03-01,87409.26355583745,-0.005152248643658264,1,112.19410978044782,-0.13991496639259227
2023-03-02,88182.79508791222,0.008849537229891347,1,113.02749770028251,-0.13230361186681106
2023-03-03,88057.80898971802,-0.0014173524219730504,0,,-0.13353344344406892
2023-03-06,88057.80898971802,0.0,0,,-0.13353344344406892
2023-03-07,88057.80898971802,0.0,0,,-0.13353344344406892
2023-03-08,88057.80898971802,0.0,0,,-0.13353344344406892
2023-03-09,88057.80898971802,0.0,0,,-0.13353344344406892
2023-03-10,88057.80898971802,0.0,0,,-0.13353344344406892
2023-03-13,88057.80898971802,0.0,0,,-0.13353344344406892
2023-03-14,88057.80898971802,0.0,0,,-0.13353344344406892
2023-03-15,88057.80898971802,0.0,0,,-0.13353344344406892
2023-03-16,88057.80898971802,0.0,0,,-0.13353344344406892
2023-03-17,88057.80898971802,0.0,0,,-0.13353344344406892
2023-03-20,88570.47537253074,0.00582192980605023,1,117.87178475516183,-0.1284889359725102
2023-03-21,88850.71841801383,0.00316406843594752,1,117.9262523651123,-0.12573141532324172
2023-03-22,88279.72368054629,-0.006426450428697605,1,117.9262523651123,-0.13134985904403462
2023-03-23,90626.74916423312,0.02658623504735802,1,119.9791019984654,-0.10825572222265856
2023-03-24,89194.01334250507,-0.015809193587333126,1,119.9791019984654,-0.12235348014043712
2023-03-27,88153.61457733846,-0.011664446145858265,1,119.9791019984654,-0.13259074070643884
2023-03-28,87540.58525386549,-0.00695410308938782,1,119.9791019984654,-0.1386227941162559
2023-03-29,90265.93804717578,0.031132448856799888,1,119.9791019984654,-0.11180601230766707
2023-03-30,91558.55501875802,0.014320096811121452,1,121.40552983965192,-0.09908698841685692
2023-03-31,92196.10808086184,0.006963336871941728,1,122.58428164890834,-0.09281362762488798
2023-04-03,91670.65437502785,-0.005699304631960556,1,122.58428164890834,-0.09798395911901692
2023-04-04,90262.44229193065,-0.015361645367296672,1,122.58428164890834,-0.11184040965464359
2023-04-05,88682.57472880058,-0.017503044710671545,1,122.58428164890834,-0.1273859066746701
2023-04-06,88416.34143025546,-0.0030020925684587363,1,122.58428164890834,-0.13000557495937437
2023-04-10,89754.49943347127,0.015134736198866294,1,122.58428164890834,-0.11683843884190015
2023-04-11,89278.08785970746,-0.00530794084720998,1,122.58428164890834,-0.12152620816705695
2023-04-12,87691.21809570414,-0.017774459579566138,1,122.58428164890834,-0.13714060507169978
2023-04-13,88398.83058288087,0.008069365468323708,1,122.58428164890834,-0.13017787726624663
2023-04-14,88304.24741917713,-0.0010699594449391503,1,122.58428164890834,-0.13110855166188262
2023-04-17,88241.19019497746,-0.0007140905000904141,1,122.58428164890834,-0.13172901879075072
2023-04-18,88637.03369716702,0.004485926598620127,1,122.58428164890834,-0.12783401890133406
2023-04-19,87796.30990590923,-0.009485017223502257,1,122.58428164890834,-0.13610652825380776
2023-04-20,87094.47719568903,-0.00799387481059688,0,,-0.14301238451663867
2023-04-21,87094.47719568903,0.0,0,,-0.14301238451663867
2023-04-24,87094.47719568903,0.0,0,,-0.14301238451663867
2023-04-25,87094.47719568903,0.0,0,,-0.14301238451663867
2023-04-26,87094.47719568903,0.0,0,,-0.14301238451663867
2023-04-27,87094.47719568903,0.0,0,,-0.14301238451663867
2023-04-28,87094.47719568903,0.0,0,,-0.14301238451663867
2023-05-01,87094.47719568903,0.0,0,,-0.14301238451663867
2023-05-02,87094.47719568903,0.0,0,,-0.14301238451663867
2023-05-03,87094.47719568903,0.0,0,,-0.14301238451663867
2023-05-04,87094.47719568903,0.0,0,,-0.14301238451663867
2023-05-05,87094.47719568903,0.0,0,,-0.14301238451663867
2023-05-08,87094.47719568903,0.0,0,,-0.14301238451663867
2023-05-09,87094.47719568903,0.0,0,,-0.14301238451663867
2023-05-10,87094.47719568903,0.0,0,,-0.14301238451663867
2023-05-11,87094.47719568903,0.0,0,,-0.14301238451663867
2023-05-12,87094.47719568903,0.0,0,,-0.14301238451663867
2023-05-15,87094.47719568903,0.0,0,,-0.14301238451663867
2023-05-16,87226.90676127512,0.0015205277056609123,1,120.33642060416085,-0.14170931110388796
2023-05-17,87924.9638665232,0.008002772666908076,0,,-0.13484060583852842
2023-05-18,90452.03151037272,0.02874118490040889,1,127.67302513122559,-0.10997489972260777
2023-05-19,89952.67591987985,-0.005520667498060572,1,127.67302513122559,-0.1148884323661673
2023-05-22,89878.44599469297,-0.000825210861464476,1,127.67302513122559,-0.11561883604538659
2023-05-23,88582.80481611895,-0.014415482646979894,1,127.67302513122559,-0.1283676173676903
2023-05-24,87280.4089099929,-0.014702581486661925,1,127.67302513122559,-0.14118286349975506
2023-05-25,94784.34489405686,0.08597503240162774,1,132.51714760916573,-0.06734603236207326
2023-05-26,99440.55570133353,0.049124260050338986,1,138.32964215959822,-0.02153009631884728
2023-05-30,99919.67799969263,0.00481817800574369,1,138.67893382481165,-0.016815654149648585
2023-05-31,97395.87084017944,-0.02525835961481937,1,138.67893382481165,-0.04164927792479767
2023-06-01,98860.21545810175,0.015034976383395238,1,138.67893382481165,-0.027240497451387236
2023-06-02,98617.28209356658,-0.0024573420501812215,1,138.67893382481165,-0.029630900281713335
2023-06-05,97382.37168191615,-0.012522251530708073,1,138.67893382481165,-0.041782106226012417
2023-06-06,98070.68459757262,0.007068146973301603,1,138.67893382481165,-0.0350092813203704
2023-06-07,97510.58794331539,-0.005711152691097787,1,138.67893382481165,-0.04052049066024199
2023-06-08,98637.5256825411,0.01155708075394668,1,138.67893382481165,-0.029431708489045194
2023-06-09,99089.64966437365,0.004583691436945259,1,138.67893382481165,-0.024982922922275774
2023-06-12,102018.3389002183,0.029555955094850095,1,140.48177773611886,0.0
2023-06-13,103428.70747876905,0.01382465734842242,1,142.38250132969446,0.0
2023-06-14,105001.02476911606,0.015201942755300957,1,144.64286041259766,0.0
2023-06-15,104245.22635898396,-0.0071980098460373565,1,145.19606617518835,-0.0071980098460373565
2023-06-16,103502.93740395593,-0.007120603800809477,1,145.19606617518835,-0.014267359470578778
2023-06-20,103138.53220873277,-0.00352072322161201,1,145.19606617518835,-0.01773785126839178
2023-06-21,100776.68405785662,-0.022899765008253303,1,145.19606617518835,-0.04023142365084753
2023-06-22,101276.04994519026,0.004955172835880761,1,145.19606617518835,-0.03547560447259013
2023-06-23,99555.27280446948,-0.016990958293219838,1,145.19606617518835,-0.05186379824978948
2023-06-26,99096.40439192568,-0.004609182413120805,1,145.19606617518835,-0.0562339309561396
2023-06-27,102241.02867577894,0.031732980658069954,1,145.19606617518835,-0.026285420541428017
2023-06-28,101316.53712313932,-0.009042275538632571,1,145.19606617518835,-0.03509001606487616
2023-06-29,101168.07727276556,-0.001465307190605336,1,145.19606617518835,-0.03650390560262318
2023-06-30,102740.39456311258,0.015541634601869525,1,145.19606617518835,-0.021529601363170725
2023-07-03,103651.39725432968,0.008867035162664072,1,145.92500141688757,-0.012853469932831985
2023-07-05,101694.43117978498,-0.018880267187743605,1,145.92500141688757,-0.03149106017395409
2023-07-06,100486.51908466112,-0.011877858808103214,1,145.92500141688757,-0.04299487261559365
2023-07-07,100580.99259882254,0.0009401610785406689,1,145.92500141688757,-0.0420951336428631
2023-07-10,102004.85003879579,0.014156327186513717,1,145.92500141688757,-0.028534718941157777
2023-07-11,102112.82271122049,0.0010585052807159379,1,145.92500141688757,-0.02750641781112484
2023-07-12,104258.72551724725,0.021015017987461526,1,147.08214133126395,-0.007069447688734742
2023-07-13,106762.2890877859,0.02401298843926969,1,150.56893375941686,0.0
2023-07-14,105878.27441625459,-0.008280214662730101,1,150.56893375941686,-0.008280214662730101
2023-07-17,107848.73964906257,0.018610666292701472,1,151.7146475655692,0.0
2023-07-18,108145.64905296931,0.002753016909357253,1,152.47249167306083,0.0
2023-07-19,107011.96688303234,-0.010482919838797233,1,152.47249167306083,-0.010482919838797233
2023-07-20,102736.19920249195,-0.039955976934934245,0,,-0.05002004147044181
2023-07-21,102736.19920249195,0.0,0,,-0.05002004147044181
2023-07-24,102736.19920249195,0.0,0,,-0.05002004147044181
2023-07-25,102736.19920249195,0.0,0,,-0.05002004147044181
2023-07-26,102736.19920249195,0.0,0,,-0.05002004147044181
2023-07-27,102736.19920249195,0.0,0,,-0.05002004147044181
2023-07-28,102736.19920249195,0.0,0,,-0.05002004147044181
2023-07-31,102736.19920249195,0.0,0,,-0.05002004147044181
2023-08-01,102736.19920249195,0.0,0,,-0.05002004147044181
2023-08-02,102736.19920249195,0.0,0,,-0.05002004147044181
2023-08-03,102736.19920249195,0.0,0,,-0.05002004147044181
2023-08-04,102736.19920249195,0.0,0,,-0.05002004147044181
2023-08-07,102736.19920249195,0.0,0,,-0.05002004147044181
2023-08-08,102736.19920249195,0.0,0,,-0.05002004147044181
2023-08-09,102736.19920249195,0.0,0,,-0.05002004147044181
2023-08-10,102736.19920249195,0.0,0,,-0.05002004147044181
2023-08-11,102736.19920249195,0.0,0,,-0.05002004147044181
2023-08-14,102736.19920249195,0.0,0,,-0.05002004147044181
2023-08-15,102736.19920249195,0.0,0,,-0.05002004147044181
2023-08-16,102736.19920249195,0.0,0,,-0.05002004147044181
2023-08-17,102736.19920249195,0.0,0,,-0.05002004147044181
2023-08-18,102736.19920249195,0.0,0,,-0.05002004147044181
2023-08-21,102736.19920249195,0.0,0,,-0.05002004147044181
2023-08-22,102736.19920249195,0.0,0,,-0.05002004147044181
2023-08-23,102736.19920249195,0.0,0,,-0.05002004147044181
2023-08-24,102736.19920249195,0.0,0,,-0.05002004147044181
2023-08-25,102736.19920249195,0.0,0,,-0.05002004147044181
2023-08-28,102736.19920249195,0.0,0,,-0.05002004147044181
2023-08-29,102736.19920249195,0.0,0,,-0.05002004147044181
2023-08-30,102736.19920249195,0.0,0,,-0.05002004147044181
2023-08-31,103489.8961356094,0.007336235318886164,1,146.27535792759485,-0.04305076494644322
2023-09-01,103483.27514939575,-6.397712685857204e-05,1,146.86178861345564,-0.043111987809051344
2023-09-05,103728.38304818729,0.002368575003426354,1,147.21392822265625,-0.04084552678229769
2023-09-06,102522.69640449467,-0.011623497911198655,1,147.21392822265625,-0.05199425679826053
2023-09-07,100250.45480297905,-0.0221633031631423,1,147.21392822265625,-0.07300519548524076
2023-09-08,99621.11742790225,-0.006277651072143509,1,147.21392822265625,-0.07882454541367423
2023-09-11,99693.98870975594,0.0007314842850103531,1,147.21392822265625,-0.07815072004490708
2023-09-12,98945.40282420226,-0.0075088367437385894,1,147.21392822265625,-0.08507273579042285
2023-09-13,98763.90925986767,-0.0018342799074461125,0,,-0.08675096848793706
2023-09-14,98162.1034329907,-0.0060933779493630436,1,143.52570942470007,-0.0923157399988298
2023-09-15,95192.40520143091,-0.030253001185809092,1,143.52570942470007,-0.11977591299298551
2023-09-18,95510.12744263989,0.0033376847715598235,1,143.52570942470007,-0.11683800246222198
2023-09-19,94686.64972775606,-0.008621888975893,1,143.52570942470007,-0.1244525271527206
2023-09-20,94946.02496506134,0.0027393010318883526,0,,-0.1220541390568829
2023-09-21,94946.02496506134,0.0,0,,-0.1220541390568829
2023-09-22,94946.02496506134,0.0,0,,-0.1220541390568829
2023-09-25,94946.02496506134,0.0,0,,-0.1220541390568829
2023-09-26,94946.02496506134,0.0,0,,-0.1220541390568829
2023-09-27,94946.02496506134,0.0,0,,-0.1220541390568829
2023-09-28,94946.02496506134,0.0,0,,-0.1220541390568829
2023-09-29,94946.02496506134,0.0,0,,-0.1220541390568829
2023-10-02,94946.02496506134,0.0,0,,-0.1220541390568829
2023-10-03,94946.02496506134,0.0,0,,-0.1220541390568829
2023-10-04,94946.02496506134,0.0,0,,-0.1220541390568829
2023-10-05,94946.02496506134,0.0,0,,-0.1220541390568829
2023-10-06,94946.02496506134,0.0,0,,-0.1220541390568829
2023-10-09,94946.02496506134,0.0,0,,-0.1220541390568829
2023-10-10,94946.02496506134,0.0,0,,-0.1220541390568829
2023-10-11,95294.70388554674,0.0036723909254094966,1,143.60035923549108,-0.11882997864415445
2023-10-12,95779.2985891664,0.0050852217789740806,1,144.24536405290877,-0.1143490336605768
2023-10-13,93381.51366285996,-0.02503447990981278,1,144.24536405290877,-0.13652084498450734
2023-10-16,94457.68016219296,0.011524406246169239,1,144.24536405290877,-0.12656976041700985
2023-10-17,93343.75478259852,-0.011792851334922916,1,144.24536405290877,-0.1368699933838381
2023-10-18,91474.61338589322,-0.020024279086036545,1,144.24536405290877,-0.15415354952385263
2023-10-19,90643.24852315511,-0.009088476375745058,0,,-0.161841005006513
2023-10-20,90643.24852315511,0.0,0,,-0.161841005006513
2023-10-23,90643.24852315511,0.0,0,,-0.161841005006513
2023-10-24,90643.24852315511,0.0,0,,-0.161841005006513
2023-10-25,87896.2003259809,-0.03030615343041765,1,134.06607927594865,-0.1872423801078702
2023-10-26,88030.16371192112,0.001524108954009229,0,,-0.18600364894195331
2023-10-27,88030.16371192112,0.0,0,,-0.18600364894195331
2023-10-30,88030.16371192112,0.0,0,,-0.18600364894195331
2023-10-31,88030.16371192112,0.0,0,,-0.18600364894195331
2023-11-01,88030.16371192112,0.0,0,,-0.18600364894195331
2023-11-02,88030.16371192112,0.0,0,,-0.18600364894195331
2023-11-03,89041.78537786567,0.011491761724482075,1,139.75107519967216,-0.17664939683099634
2023-11-06,89303.83209308806,0.0029429633975817104,1,140.8107179914202,-0.17422630614249313
2023-11-07,89863.6575142477,0.006268772661133903,1,142.01500538417272,-0.1690497185861557
2023-11-08,90185.25451816658,0.003578721507834226,1,142.93356922694616,-0.16607597894211912
2023-11-09,90024.4605599496,-0.0017829295828464264,1,142.93356922694616,-0.1675628067491095
2023-11-10,91132.26960971631,0.012305644964448303,0,,-0.1573191301937622
2023-11-13,91007.42216626642,-0.0013699586763784577,1,147.45000893729073,-0.15847356816277147
2023-11-14,93784.44611429711,0.030514257869618477,1,152.40072086879186,-0.13279501361759027
2023-11-15,93854.31455364652,0.0007449896250839583,1,152.85644367762976,-0.1321489548999143
2023-11-16,94203.62121654011,0.003721796537056621,1,153.51714815412248,-0.1289189898855797
2023-11-17,94646.0887597207,0.004696927118794214,1,154.46465846470423,-0.12482758586650655
2023-11-20,96002.57584831271,0.01433220438760796,1,156.84107262747628,-0.11228443595274895
2023-11-21,94587.8665408401,-0.014736159889166989,1,156.84107262747628,-0.12536595444065124
2023-11-22,94384.0976582213,-0.002154281411250736,1,156.84107262747628,-0.12725016230664676
2023-11-24,94174.5101070998,-0.0022205811818050147,1,156.84107262747628,-0.12918817417265205
2023-11-27,94116.29677168255,-0.0006181432252851948,1,156.84107262747628,-0.12972646060328552
2023-11-28,93574.85856317561,-0.0057528635005732465,1,156.84107262747628,-0.13473302548359556
2023-11-29,94436.5012085992,0.009208057149686866,1,156.84107262747628,-0.12676559773251184
2023-11-30,93429.31189943744,-0.010665254390746726,1,156.84107262747628,-0.13607886477544617
2023-12-01,93807.7385552347,0.004050406110285509,1,156.84107262747628,-0.1325796333305278
2023-12-04,91173.81326303355,-0.028077910551593477,0,,-0.1569349847965037
2023-12-05,91173.81326303355,0.0,0,,-0.1569349847965037
2023-12-06,91173.81326303355,0.0,0,,-0.1569349847965037
2023-12-07,91173.81326303355,0.0,0,,-0.1569349847965037
2023-12-08,91173.81326303355,0.0,0,,-0.1569349847965037
2023-12-11,91173.81326303355,0.0,0,,-0.1569349847965037
2023-12-12,91173.81326303355,0.0,0,,-0.1569349847965037
2023-12-13,91173.81326303355,0.0,0,,-0.1569349847965037
2023-12-14,91173.81326303355,0.0,0,,-0.1569349847965037
2023-12-15,91173.81326303355,0.0,0,,-0.1569349847965037
2023-12-18,91173.81326303355,0.0,0,,-0.1569349847965037
2023-12-19,91173.81326303355,0.0,0,,-0.1569349847965037
2023-12-20,91173.81326303355,0.0,0,,-0.1569349847965037
2023-12-21,91173.81326303355,0.0,0,,-0.1569349847965037
2023-12-22,91173.81326303355,0.0,0,,-0.1569349847965037
2023-12-26,91173.81326303355,0.0,0,,-0.1569349847965037
2023-12-27,91173.81326303355,0.0,0,,-0.1569349847965037
2023-12-28,91173.81326303355,0.0,0,,-0.1569349847965037
2023-12-29,91173.81326303355,0.0,0,,-0.1569349847965037
2024-01-02,91173.81326303355,0.0,0,,-0.1569349847965037
2024-01-03,91173.81326303355,0.0,0,,-0.1569349847965037
2024-01-04,91173.81326303355,0.0,0,,-0.1569349847965037
2024-01-05,91173.81326303355,0.0,0,,-0.1569349847965037
2024-01-08,91173.81326303355,0.0,0,,-0.1569349847965037
2024-01-09,91173.81326303355,0.0,0,,-0.1569349847965037
2024-01-10,91173.81326303355,0.0,0,,-0.1569349847965037
2024-01-11,91173.81326303355,0.0,0,,-0.1569349847965037
2024-01-12,91173.81326303355,0.0,0,,-0.1569349847965037
2024-01-16,91173.81326303355,0.0,0,,-0.1569349847965037
2024-01-17,91173.81326303355,0.0,0,,-0.1569349847965037
2024-01-18,91173.81326303355,0.0,0,,-0.1569349847965037
2024-01-19,91173.81326303355,0.0,0,,-0.1569349847965037
2024-01-22,91173.81326303355,0.0,0,,-0.1569349847965037
2024-01-23,91173.81326303355,0.0,0,,-0.1569349847965037
2024-01-24,91173.81326303355,0.0,0,,-0.1569349847965037
2024-01-25,91173.81326303355,0.0,0,,-0.1569349847965037
2024-01-26,91173.81326303355,0.0,0,,-0.1569349847965037
2024-01-29,91173.81326303355,0.0,0,,-0.1569349847965037
2024-01-30,91173.81326303355,0.0,0,,-0.1569349847965037
2024-01-31,91173.81326303355,0.0,0,,-0.1569349847965037
2024-02-01,91173.81326303355,0.0,0,,-0.1569349847965037
2024-02-02,91173.81326303355,0.0,0,,-0.1569349847965037
2024-02-05,91173.81326303355,0.0,0,,-0.1569349847965037
2024-02-06,91173.81326303355,0.0,0,,-0.1569349847965037
2024-02-07,91173.81326303355,0.0,0,,-0.1569349847965037
2024-02-08,91173.81326303355,0.0,0,,-0.1569349847965037
2024-02-09,91173.81326303355,0.0,0,,-0.1569349847965037
2024-02-12,91173.81326303355,0.0,0,,-0.1569349847965037
2024-02-13,91173.81326303355,0.0,0,,-0.1569349847965037
2024-02-14,91173.81326303355,0.0,0,,-0.1569349847965037
2024-02-15,91173.81326303355,0.0,0,,-0.1569349847965037
2024-02-16,91173.81326303355,0.0,0,,-0.1569349847965037
2024-02-20,91173.81326303355,0.0,0,,-0.1569349847965037
2024-02-21,91173.81326303355,0.0,0,,-0.1569349847965037
2024-02-22,91173.81326303355,0.0,0,,-0.1569349847965037
2024-02-23,91173.81326303355,0.0,0,,-0.1569349847965037
2024-02-26,91173.81326303355,0.0,0,,-0.1569349847965037
2024-02-27,91173.81326303355,0.0,0,,-0.1569349847965037
2024-02-28,91173.81326303355,0.0,0,,-0.1569349847965037
2024-02-29,91173.81326303355,0.0,0,,-0.1569349847965037
2024-03-01,91173.81326303355,0.0,0,,-0.1569349847965037
2024-03-04,91173.81326303355,0.0,0,,-0.1569349847965037
2024-03-05,91173.81326303355,0.0,0,,-0.1569349847965037
2024-03-06,91173.81326303355,0.0,0,,-0.1569349847965037
2024-03-07,91173.81326303355,0.0,0,,-0.1569349847965037
2024-03-08,91173.81326303355,0.0,0,,-0.1569349847965037
2024-03-11,91173.81326303355,0.0,0,,-0.1569349847965037
2024-03-12,91173.81326303355,0.0,0,,-0.1569349847965037
2024-03-13,91173.81326303355,0.0,0,,-0.1569349847965037
2024-03-14,91173.81326303355,0.0,0,,-0.1569349847965037
2024-03-15,91173.81326303355,0.0,0,,-0.1569349847965037
2024-03-18,91173.81326303355,0.0,0,,-0.1569349847965037
2024-03-19,91173.81326303355,0.0,0,,-0.1569349847965037
2024-03-20,91173.81326303355,0.0,0,,-0.1569349847965037
2024-03-21,91173.81326303355,0.0,0,,-0.1569349847965037
2024-03-22,91173.81326303355,0.0,0,,-0.1569349847965037
2024-03-25,91173.81326303355,0.0,0,,-0.1569349847965037
2024-03-26,91173.81326303355,0.0,0,,-0.1569349847965037
2024-03-27,91173.81326303355,0.0,0,,-0.1569349847965037
2024-03-28,91173.81326303355,0.0,0,,-0.1569349847965037
2024-04-01,91173.81326303355,0.0,0,,-0.1569349847965037
2024-04-02,91173.81326303355,0.0,0,,-0.1569349847965037
2024-04-03,91173.81326303355,0.0,0,,-0.1569349847965037
2024-04-04,91173.81326303355,0.0,0,,-0.1569349847965037
2024-04-05,91173.81326303355,0.0,0,,-0.1569349847965037
2024-04-08,91173.81326303355,0.0,0,,-0.1569349847965037
2024-04-09,91173.81326303355,0.0,0,,-0.1569349847965037
2024-04-10,91510.97814772009,0.003698045223948565,1,209.05891745431083,-0.15381729224355223
2024-04-11,91920.76190415035,0.0044779737330395974,0,,-0.15002810830486646
2024-04-12,90625.01578174185,-0.014096337928091063,1,210.92142268589564,-0.1620095993195798
2024-04-15,89261.61926501791,-0.01504437273707615,1,210.92142268589564,-0.17461663925750792
2024-04-16,89115.42593899542,-0.0016378072370437646,0,,-0.17596845809906747
2024-04-17,86099.79841042041,-0.03383956814210132,1,205.77249308994837,-0.20385332961246483
2024-04-18,85391.8473873613,-0.008222446929369687,0,,-0.2103996033577208
2024-04-19,85391.8473873613,0.0,0,,-0.2103996033577208
2024-04-22,85391.8473873613,0.0,0,,-0.2103996033577208
2024-04-23,85391.8473873613,0.0,0,,-0.2103996033577208
2024-04-24,85391.8473873613,0.0,0,,-0.2103996033577208
2024-04-25,85391.8473873613,0.0,0,,-0.2103996033577208
2024-04-26,85391.8473873613,0.0,0,,-0.2103996033577208
2024-04-29,85391.8473873613,0.0,0,,-0.2103996033577208
2024-04-30,85391.8473873613,0.0,0,,-0.2103996033577208
2024-05-01,85391.8473873613,0.0,0,,-0.2103996033577208
2024-05-02,85391.8473873613,0.0,0,,-0.2103996033577208
2024-05-03,85391.8473873613,0.0,0,,-0.2103996033577208
2024-05-06,85391.8473873613,0.0,0,,-0.2103996033577208
2024-05-07,85391.8473873613,0.0,0,,-0.2103996033577208
2024-05-08,85391.8473873613,0.0,0,,-0.2103996033577208
2024-05-09,85391.8473873613,0.0,0,,-0.2103996033577208
2024-05-10,85391.8473873613,0.0,0,,-0.2103996033577208
2024-05-13,84982.27381530764,-0.0047964013496010205,1,210.6357149396624,-0.2141868437658213
2024-05-14,86436.33148972587,0.017110129079134007,1,214.50678961617606,-0.20074147923057273
2024-05-15,89032.31127733993,0.030033433197273363,1,221.50713784354073,-0.17673700183969254
2024-05-16,88385.21995020885,-0.007268050417284622,1,221.50713784354073,-0.18272051881700657
2024-05-17,87642.96796296598,-0.008397919784111085,1,221.50713784354073,-0.18958396634118124
2024-05-20,89451.02050509014,0.02062975027144409,1,222.95892715454102,-0.17286528595082562
2024-05-21,89325.40773676508,-0.0014042631108710513,1,223.5753517150879,-0.17402680071748566
2024-05-22,90056.24090944619,0.008181694225620761,1,225.88820920671736,-0.16726894056239838
2024-05-23,91285.72081995558,0.013652356550676537,1,228.8253631591797,-0.15590019922813358
2024-05-24,92975.76926469867,0.018513831402793057,1,233.3242792401995,-0.14027267782951203
2024-05-28,95095.95155989949,0.02280360046459773,1,238.17106900896346,-0.12066779946623774
2024-05-29,93504.86230259444,-0.016731408973838846,1,238.17106900896346,-0.13538026613723375
2024-05-30,92218.29412742204,-0.01375937190313048,1,238.17106900896346,-0.1472768906102373
2024-05-31,90522.07748882369,-0.018393493987804765,0,,-0.16296144799606005
2024-06-03,90522.07748882369,0.0,0,,-0.16296144799606005
2024-06-04,90522.07748882369,0.0,0,,-0.16296144799606005
2024-06-05,90522.07748882369,0.0,0,,-0.16296144799606005
2024-06-06,90522.07748882369,0.0,0,,-0.16296144799606005
2024-06-07,90522.07748882369,0.0,0,,-0.16296144799606005
2024-06-10,90522.07748882369,0.0,0,,-0.16296144799606005
2024-06-11,90522.07748882369,0.0,0,,-0.16296144799606005
2024-06-12,90522.07748882369,0.0,0,,-0.16296144799606005
2024-06-13,90522.07748882369,0.0,0,,-0.16296144799606005
2024-06-14,90522.07748882369,0.0,0,,-0.16296144799606005
2024-06-17,90522.07748882369,0.0,0,,-0.16296144799606005
2024-06-18,90522.07748882369,0.0,0,,-0.16296144799606005
2024-06-20,90522.07748882369,0.0,0,,-0.16296144799606005
2024-06-21,90522.07748882369,0.0,0,,-0.16296144799606005
2024-06-24,90522.07748882369,0.0,0,,-0.16296144799606005
2024-06-25,90522.07748882369,0.0,0,,-0.16296144799606005
2024-06-26,90522.07748882369,0.0,0,,-0.16296144799606005
2024-06-27,90522.07748882369,0.0,0,,-0.16296144799606005
2024-06-28,90522.07748882369,0.0,0,,-0.16296144799606005
2024-07-01,90522.07748882369,0.0,0,,-0.16296144799606005
2024-07-02,90522.07748882369,0.0,0,,-0.16296144799606005
2024-07-03,90522.07748882369,0.0,0,,-0.16296144799606005
2024-07-05,90522.07748882369,0.0,0,,-0.16296144799606005
2024-07-08,90522.07748882369,0.0,0,,-0.16296144799606005
2024-07-09,90522.07748882369,0.0,0,,-0.16296144799606005
2024-07-10,90522.07748882369,0.0,0,,-0.16296144799606005
2024-07-11,90522.07748882369,0.0,0,,-0.16296144799606005
2024-07-12,90522.07748882369,0.0,0,,-0.16296144799606005
2024-07-15,90522.07748882369,0.0,0,,-0.16296144799606005
2024-07-16,90522.07748882369,0.0,0,,-0.16296144799606005
2024-07-17,90522.07748882369,0.0,0,,-0.16296144799606005
2024-07-18,90522.07748882369,0.0,0,,-0.16296144799606005
2024-07-19,90522.07748882369,0.0,0,,-0.16296144799606005
2024-07-22,90522.07748882369,0.0,0,,-0.16296144799606005
2024-07-23,90522.07748882369,0.0,0,,-0.16296144799606005
2024-07-24,90522.07748882369,0.0,0,,-0.16296144799606005
2024-07-25,90522.07748882369,0.0,0,,-0.16296144799606005
2024-07-26,90522.07748882369,0.0,0,,-0.16296144799606005
2024-07-29,90522.07748882369,0.0,0,,-0.16296144799606005
2024-07-30,90522.07748882369,0.0,0,,-0.16296144799606005
2024-07-31,90522.07748882369,0.0,0,,-0.16296144799606005
2024-08-01,90522.07748882369,0.0,0,,-0.16296144799606005
2024-08-02,90522.07748882369,0.0,0,,-0.16296144799606005
2024-08-05,90522.07748882369,0.0,0,,-0.16296144799606005
2024-08-06,90522.07748882369,0.0,0,,-0.16296144799606005
2024-08-07,90522.07748882369,0.0,0,,-0.16296144799606005
2024-08-08,90522.07748882369,0.0,0,,-0.16296144799606005
2024-08-09,90522.07748882369,0.0,0,,-0.16296144799606005
2024-08-12,90522.07748882369,0.0,0,,-0.16296144799606005
2024-08-13,90522.07748882369,0.0,0,,-0.16296144799606005
2024-08-14,90522.07748882369,0.0,0,,-0.16296144799606005
2024-08-15,90522.07748882369,0.0,0,,-0.16296144799606005
2024-08-16,90522.07748882369,0.0,0,,-0.16296144799606005
2024-08-19,90522.07748882369,0.0,0,,-0.16296144799606005
2024-08-20,90522.07748882369,0.0,0,,-0.16296144799606005
2024-08-21,90522.07748882369,0.0,0,,-0.16296144799606005
2024-08-22,86771.32205938909,-0.041434703372751125,1,228.59678976876395,-0.1976438921099004
2024-08-23,88908.2121778997,0.02462668618841657,1,228.59678976876395,-0.1778845200295316
2024-08-26,86825.01603192603,-0.02343086307713982,1,228.59678976876395,-0.1971473952743168
2024-08-27,87698.38009117376,0.010058898911421865,1,228.59678976876395,-0.18907158208260932
2024-08-28,86223.6774020522,-0.016815620625927452,1,228.59678976876395,-0.20270784671309172
2024-08-29,85944.23409384373,-0.0032409115063076754,0,,-0.2052918000265681
2024-08-30,86173.00517723714,0.0026618549319272766,1,224.52251161847795,-0.20317640208502574
2024-09-03,79350.8475890092,-0.07916815218636519,0,,-0.2662594539504455
2024-09-04,79350.8475890092,0.0,0,,-0.2662594539504455
2024-09-05,79350.8475890092,0.0,0,,-0.2662594539504455
2024-09-06,79350.8475890092,0.0,0,,-0.2662594539504455
2024-09-09,79350.8475890092,0.0,0,,-0.2662594539504455
2024-09-10,79350.8475890092,0.0,0,,-0.2662594539504455
2024-09-11,79350.8475890092,0.0,0,,-0.2662594539504455
2024-09-12,79350.8475890092,0.0,0,,-0.2662594539504455
2024-09-13,79350.8475890092,0.0,0,,-0.2662594539504455
2024-09-16,79350.8475890092,0.0,0,,-0.2662594539504455
2024-09-17,79350.8475890092,0.0,0,,-0.2662594539504455
2024-09-18,79350.8475890092,0.0,0,,-0.2662594539504455
2024-09-19,79350.8475890092,0.0,0,,-0.2662594539504455
2024-09-20,79350.8475890092,0.0,0,,-0.2662594539504455
2024-09-23,79350.8475890092,0.0,0,,-0.2662594539504455
2024-09-24,79350.8475890092,0.0,0,,-0.2662594539504455
2024-09-25,79984.4796653945,0.007985196070836365,1,228.3953459603446,-0.2604003918251171
2024-09-26,82290.78526925202,0.02883441404514575,1,235.51820046561105,-0.239074470495375
2024-09-27,80701.13209045118,-0.019317511354394856,1,235.51820046561105,-0.2537736580514295
2024-09-30,79955.16342178939,-0.009243596085191208,1,235.51820046561105,-0.26067147294453186
2024-10-01,77814.99313944035,-0.02676713036103673,1,235.51820046561105,-0.2804611760078588
2024-10-02,78935.57150894015,0.014400545759758465,1,235.51820046561105,-0.27009942424703726
2024-10-03,79661.99104465876,0.009202689254442564,1,235.51820046561105,-0.263382376061744
2024-10-04,80727.19263050232,0.013371515974869519,1,235.51820046561105,-0.25353268173588317
2024-10-07,80857.4903602182,0.0016140500551315995,1,235.51820046561105,-0.25232784611968506
2024-10-08,82258.21332209295,0.017323354405814007,1,236.0699942452567,-0.2393756564186581
2024-10-09,83114.93058752744,0.010414975366410006,1,240.05534308297294,-0.2314537726171667
2024-10-10,82952.05594011271,-0.001959631636137993,1,240.05534308297294,-0.2329598401181806
2024-10-11,83616.58728506713,0.00801102923156205,1,241.64178466796875,-0.2268150589755853
2024-10-14,85111.77535540493,0.017881476856265177,1,246.32642364501953,-0.21298937034704446
2024-10-15,80120.297812034,-0.05864614528985912,0,,-0.2591445100783353
2024-10-16,80120.297812034,0.0,0,,-0.2591445100783353
2024-10-17,80120.297812034,0.0,0,,-0.2591445100783353
2024-10-18,80120.297812034,0.0,0,,-0.2591445100783353
2024-10-21,80120.297812034,0.0,0,,-0.2591445100783353
2024-10-22,80120.297812034,0.0,0,,-0.2591445100783353
2024-10-23,80120.297812034,0.0,0,,-0.2591445100783353
2024-10-24,80120.297812034,0.0,0,,-0.2591445100783353
2024-10-25,80120.297812034,0.0,0,,-0.2591445100783353
2024-10-28,79506.5668344019,-0.007660118526667592,1,238.65036828177315,-0.2648195509422676
2024-10-29,81313.75213071879,0.02273001298220967,1,242.97359194074357,-0.2481088897909186
2024-10-30,79338.82034574292,-0.02428779552320981,1,242.97359194074357,-0.266370667331396
2024-10-31,76784.43778878612,-0.032195872661394564,0,,-0.28999050390665826
2024-11-01,76784.43778878612,0.0,0,,-0.28999050390665826
2024-11-04,76784.43778878612,0.0,0,,-0.28999050390665826
2024-11-05,76784.43778878612,0.0,0,,-0.28999050390665826
2024-11-06,76784.43778878612,0.0,0,,-0.28999050390665826
2024-11-07,76784.43778878612,0.0,0,,-0.28999050390665826
2024-11-08,76251.91706682263,-0.006935268881284484,1,246.89215741838728,-0.29491461067033087
2024-11-11,74543.64430422444,-0.02240301396096267,1,246.89215741838728,-0.31071064849115426
2024-11-12,74305.59075391474,-0.0031934788342001807,0,,-0.3129118794458373
2024-11-13,73300.35965112037,-0.013528337404967283,1,235.98928669520788,-0.32220703936763895
2024-11-14,73463.160209346,0.0022210062679159925,1,235.98928669520788,-0.3207016569537252
2024-11-15,72167.75716348088,-0.017633369462648152,0,,-0.3326799756120248
2024-11-18,72167.75716348088,0.0,0,,-0.3326799756120248
2024-11-19,72167.75716348088,0.0,0,,-0.3326799756120248
2024-11-20,72167.75716348088,0.0,0,,-0.3326799756120248
2024-11-21,72167.75716348088,0.0,0,,-0.3326799756120248
2024-11-22,72167.75716348088,0.0,0,,-0.3326799756120248
2024-11-25,72167.75716348088,0.0,0,,-0.3326799756120248
2024-11-26,72167.75716348088,0.0,0,,-0.3326799756120248
2024-11-27,72167.75716348088,0.0,0,,-0.3326799756120248
2024-11-29,72167.75716348088,0.0,0,,-0.3326799756120248
2024-12-02,73398.10570592403,0.017048451979130297,1,233.7592827933175,-0.3213032022215344
2024-12-03,73560.9700417724,0.002218917426846101,1,234.65928704398019,-0.3197972300693991
2024-12-04,74807.61757432664,0.016947132859263858,1,238.86750629970007,-0.3082697433561459
2024-12-05,73525.43764790053,-0.017139697373093954,1,238.86750629970007,-0.32012579061883417
2024-12-06,73290.9681463611,-0.003188957577678786,0,,-0.32229388063070874
2024-12-09,73290.9681463611,0.0,0,,-0.32229388063070874
2024-12-10,73290.9681463611,0.0,0,,-0.32229388063070874
2024-12-11,73290.9681463611,0.0,0,,-0.32229388063070874
2024-12-12,73290.9681463611,0.0,0,,-0.32229388063070874
2024-12-13,73290.9681463611,0.0,0,,-0.32229388063070874
2024-12-16,73984.58273892933,0.009463848139965592,1,239.1624973842076,-0.31588017283347225
2024-12-17,73023.44244085069,-0.012991088987691302,1,239.1624973842076,-0.32476763438643663
2024-12-18,70695.08226417753,-0.03188510564342595,1,239.1624973842076,-0.34629748969788554
2024-12-19,70883.65735499105,0.0026674428372379655,0,,-0.3445537756190957
2024-12-20,70883.65735499105,0.0,0,,-0.3445537756190957
2024-12-23,70883.65735499105,0.0,0,,-0.3445537756190957
2024-12-24,71040.31873254667,0.0022101198414614665,1,235.89856665475028,-0.34310516091358045
2024-12-26,70915.96851458997,-0.0017504175118477905,1,235.89856665475028,-0.34425500114335983
2024-12-27,70200.95907366439,-0.010082488555147928,1,235.89856665475028,-0.3508665425894274
2024-12-30,69143.99084568337,-0.015056321764377989,1,235.89856665475028,-0.3606401047922241
2024-12-31,68440.28400987864,-0.010177411329572617,1,235.89856665475028,-0.3671471334333861
2025-01-02,69000.76862138328,0.00818939634183491,0,,-0.36196445048300574
2025-01-03,69000.76862138328,0.0,0,,-0.36196445048300574
2025-01-06,69000.76862138328,0.0,0,,-0.36196445048300574
2025-01-07,66444.08114038967,-0.037053029003524696,1,247.08787209647042,-0.3856056002045388
2025-01-08,65970.67684254097,-0.007124852804397119,1,247.08787209647042,-0.38998306986692743
2025-01-10,64528.81737399007,-0.021856066021458842,0,,-0.40331564016612353
2025-01-13,64528.81737399007,0.0,0,,-0.40331564016612353
2025-01-14,64528.81737399007,0.0,0,,-0.40331564016612353
2025-01-15,64938.839066407214,0.006354086578726159,1,235.4742933000837,-0.39952425608356723
2025-01-16,65218.02011945389,0.004299138344022069,1,235.8685635157994,-0.3969427277882408
2025-01-17,66588.88016041774,0.021019651293507025,0,,-0.3842666742163361
2025-01-21,66894.51274975322,0.00458984425926956,1,245.4007235935756,-0.38144055414574696
2025-01-22,68113.14025626829,0.01821715199681395,1,249.89500972202845,-0.37017216270155495
2025-01-23,68031.5566104171,-0.0011977666210108984,1,249.89500972202845,-0.3709265494620545
2025-01-24,66675.25767405874,-0.019936320788971673,1,249.89500972202845,-0.38346795957180435
2025-01-27,61725.86375174312,-0.0742313430044872,0,,-0.4292339609380861
2025-01-28,61725.86375174312,0.0,0,,-0.4292339609380861
2025-01-29,61725.86375174312,0.0,0,,-0.4292339609380861
2025-01-30,61725.86375174312,0.0,0,,-0.4292339609380861
2025-01-31,60994.97111588374,-0.011840946265231356,1,225.7271363394601,-0.4359923709366371
2025-02-03,59783.18455177756,-0.019866991359073216,1,225.7271363394601,-0.4471975056296903
2025-02-04,59701.00928259018,-0.0013745548987308398,0,,-0.4479573630063576
2025-02-05,59701.00928259018,0.0,0,,-0.4479573630063576
2025-02-06,59701.00928259018,0.0,0,,-0.4479573630063576
2025-02-07,59701.00928259018,0.0,0,,-0.4479573630063576
2025-02-10,59701.00928259018,0.0,0,,-0.4479573630063576
2025-02-11,60133.824623263376,0.007249715639219723,1,230.34142357962472,-0.44395521086742873
2025-02-12,59806.52626896495,-0.005442832820778287,1,230.34142357962472,-0.4469816696955422
2025-02-13,60627.17927328346,0.013721796859222701,1,232.82892881120955,-0.4393932645076779
2025-02-14,60786.016049381295,0.002619893882607638,1,238.25678907121932,-0.4379245343508129
2025-02-18,61662.01992821136,0.014411273114500966,1,242.63785879952567,-0.42982431130438226
2025-02-19,61511.853708885326,-0.0024353113878018418,0,,-0.43121286665211045
2025-02-20,61511.853708885326,0.0,0,,-0.43121286665211045
2025-02-21,61511.853708885326,0.0,0,,-0.43121286665211045
2025-02-24,61511.853708885326,0.0,0,,-0.43121286665211045
2025-02-25,61511.853708885326,0.0,0,,-0.43121286665211045
2025-02-26,61984.09440036271,0.0076772306962547,1,229.97000776018416,-0.42684615661233727
2025-02-27,58375.44302641086,-0.05821899003062203,0,,-0.46021459450653623
2025-02-28,58375.44302641086,0.0,0,,-0.46021459450653623
2025-03-03,58375.44302641086,0.0,0,,-0.46021459450653623
2025-03-04,58375.44302641086,0.0,0,,-0.46021459450653623
2025-03-05,58375.44302641086,0.0,0,,-0.46021459450653623
2025-03-06,58375.44302641086,0.0,0,,-0.46021459450653623
2025-03-07,58375.44302641086,0.0,0,,-0.46021459450653623
2025-03-10,58375.44302641086,0.0,0,,-0.46021459450653623
2025-03-11,58375.44302641086,0.0,0,,-0.46021459450653623
2025-03-12,58375.44302641086,0.0,0,,-0.46021459450653623
2025-03-13,58375.44302641086,0.0,0,,-0.46021459450653623
2025-03-14,58375.44302641086,0.0,0,,-0.46021459450653623
2025-03-17,58375.44302641086,0.0,0,,-0.46021459450653623
2025-03-18,58375.44302641086,0.0,0,,-0.46021459450653623
2025-03-19,58375.44302641086,0.0,0,,-0.46021459450653623
2025-03-20,58375.44302641086,0.0,0,,-0.46021459450653623
2025-03-21,58375.44302641086,0.0,0,,-0.46021459450653623
2025-03-24,58375.44302641086,0.0,0,,-0.46021459450653623
2025-03-25,58375.44302641086,0.0,0,,-0.46021459450653623
2025-03-26,58375.44302641086,0.0,0,,-0.46021459450653623
2025-03-27,58375.44302641086,0.0,0,,-0.46021459450653623
2025-03-28,58375.44302641086,0.0,0,,-0.46021459450653623
2025-03-31,58375.44302641086,0.0,0,,-0.46021459450653623
2025-04-01,58375.44302641086,0.0,0,,-0.46021459450653623
2025-04-02,58375.44302641086,0.0,0,,-0.46021459450653623
2025-04-03,58375.44302641086,0.0,0,,-0.46021459450653623
2025-04-04,58375.44302641086,0.0,0,,-0.46021459450653623
2025-04-07,58375.44302641086,0.0,0,,-0.46021459450653623
2025-04-08,58375.44302641086,0.0,0,,-0.46021459450653623
2025-04-09,58375.44302641086,0.0,0,,-0.46021459450653623
2025-04-10,58375.44302641086,0.0,0,,-0.46021459450653623
2025-04-11,58375.44302641086,0.0,0,,-0.46021459450653623
2025-04-14,58375.44302641086,0.0,0,,-0.46021459450653623
2025-04-15,58375.44302641086,0.0,0,,-0.46021459450653623
2025-04-16,58375.44302641086,0.0,0,,-0.46021459450653623
2025-04-17,58375.44302641086,0.0,0,,-0.46021459450653623
2025-04-21,58375.44302641086,0.0,0,,-0.46021459450653623
2025-04-22,58375.44302641086,0.0,0,,-0.46021459450653623
2025-04-23,58375.44302641086,0.0,0,,-0.46021459450653623
2025-04-24,58375.44302641086,0.0,0,,-0.46021459450653623
2025-04-25,58375.44302641086,0.0,0,,-0.46021459450653623
2025-04-28,58375.44302641086,0.0,0,,-0.46021459450653623
2025-04-29,58375.44302641086,0.0,0,,-0.46021459450653623
2025-04-30,58375.44302641086,0.0,0,,-0.46021459450653623
2025-05-01,58375.44302641086,0.0,0,,-0.46021459450653623
2025-05-02,58375.44302641086,0.0,0,,-0.46021459450653623
2025-05-05,58443.78280782453,0.001170694008827411,1,199.96356800624304,-0.4595826709662726
2025-05-06,57901.2678009799,-0.00928268124992071,1,199.96356800624304,-0.46459919277362616
2025-05-07,59091.04042557797,0.020548300059466618,1,203.51999991280692,-0.453597616334658
2025-05-08,59609.38090831168,0.008771896365347143,1,205.48213686261857,-0.44880463125136694
2025-05-09,59998.8083540972,0.006532989268660971,1,207.7749911717006,-0.44520367782239656
2025-05-12,63761.49373427792,0.06271266852458712,1,220.03500039236886,-0.4104109199710124
2025-05-13,65950.34751781388,0.03432877204316864,1,228.5242816380092,-0.39017105084355586
2025-05-14,66602.9777073777,0.009895780903770524,1,232.11321640014648,-0.38413631717392704
2025-05-15,66372.0062963901,-0.0034678841538042793,1,232.11321640014648,-0.38627206108050305
2025-05-16,66181.31892880147,-0.0028730089420093696,1,232.11321640014648,-0.38803530693697974
2025-05-19,66071.20374608226,-0.0016638408617645206,1,232.11321640014648,-0.3890535187992552
2025-05-20,65944.9749460035,-0.0019104964481028164,1,232.11321640014648,-0.3902207298815701
2025-05-21,64851.892221706,-0.01657567881696098,1,232.11321640014648,-0.4003282352122941
2025-05-22,64674.634234607525,-0.002733273941992187,1,232.11321640014648,-0.40196730242073686
2025-05-23,63769.55054295771,-0.013994415312294173,1,232.11321640014648,-0.4103364203609926
2025-05-27,65791.89148301595,0.03171326946543096,1,232.11321640014648,-0.39163626036595023
2025-05-28,65090.92044137338,-0.010654368279159776,1,232.11321640014648,-0.39811799169569817
2025-05-29,65552.86326334857,0.007096885692241095,1,232.11321640014648,-0.39384650388254605
2025-05-30,64389.949399730824,-0.017740092586740475,1,232.11321640014648,-0.4045997230254461
2025-06-02,65343.37804153093,0.014807103448416292,1,232.11321640014648,-0.3957835695310682
2025-06-03,66817.83140293416,0.02256469447395415,1,234.73642240251814,-0.3821496103813936
2025-06-04,67612.80400993633,0.011897611615202308,1,237.6303585597447,-0.37479866640941006
2025-06-05,67491.94778166793,-0.0017874754647158042,1,237.6303585597447,-0.37591619845371094
2025-06-06,67876.00265564308,0.0056903806542603075,1,238.22106988089425,-0.3723649240627547
2025-06-09,69012.05775828048,0.016737212832066417,1,242.10642405918665,-0.3618600622159228
2025-06-10,70384.46094178742,0.01988642605490587,1,246.75393785749162,-0.34916973953049757
2025-06-11,70333.4317547677,-0.0007250064337626094,1,247.16036333356584,-0.34964159565662534
2025-06-12,70674.51425040294,0.0048495073697596425,1,248.31427928379603,-0.346487677781777
2025-06-13,69020.11456696027,-0.02340871672044398,1,248.31427928379603,-0.361785562605903
2025-06-16,70736.2885810434,0.02486483867566136,1,248.42107554844446,-0.3459164635796208
2025-06-17,70255.54380676767,-0.006796296270547564,1,248.42107554844446,-0.3503618090788212
2025-06-18,70524.1150242848,0.0038227761535203353,1,248.42107554844446,-0.3478783876941516
2025-06-20,69901.02783257072,-0.008835094088022521,1,248.42107554844446,-0.3536399434957067
2025-06-23,70344.17689838847,0.006339664516510357,1,248.42107554844446,-0.34954223758059677
2025-06-24,72927.83069952032,0.0367287516188286,1,256.6917926243373,-0.3256517359861556
2025-06-25,73910.80233917016,0.013478690236926383,1,260.4446569170271,-0.3165624046237039
2025-06-26,74447.94477420441,0.007267441538103769,1,263.03394317626953,-0.31159556185436454
2025-06-27,74775.60198742103,0.004401158611031963,1,264.1521600995745,-0.30856578473354723
2025-06-30,74899.14245255884,0.0016521493890291339,1,265.3764397757394,-0.307423432117241
2025-07-01,74082.68365638671,-0.010900776289785585,1,265.3764397757394,-0.3149730543472784
2025-07-02,75535.65492669152,0.019612832562114546,1,267.20357622419084,-0.30153773556165486
2025-07-03,76172.16740082421,0.008426649305555589,1,269.57357134137834,-0.29565203900606873
2025-07-07,75135.48643535681,-0.013609708123602404,1,269.57357134137834,-0.30523800917265065
2025-07-08,76134.57169236624,0.013297115709352658,1,270.34787205287387,-0.2959996785901592
2025-07-09,76655.60051004091,0.006843524644493559,1,272.2539509364537,-0.2911818350408596
2025-07-10,77219.59350991239,0.007357492422195522,1,274.4057137625558,-0.28596671076345814
2025-07-11,77211.53670123259,-0.00010433632597106612,1,275.1632101876395,-0.28604121037347807
2025-07-14,76628.74174906057,-0.007548029440562987,1,275.1632101876395,-0.2914301923369278
2025-07-15,78100.50677552284,0.019206436029993945,1,278.76070513044084,-0.27782109165326185
2025-07-16,77692.28147550832,-0.00522692254978363,1,278.76070513044084,-0.28159586487427757
2025-07-17,78344.90756700058,0.008400140645863141,1,278.76070513044084,-0.2755611690986518
2025-07-18,77968.90950170523,-0.004799266180431694,1,278.76070513044084,-0.27903794387958814
2025-07-21,78022.6270236659,0.0006889607960913757,1,278.76070513044084,-0.27854122928745173
2025-07-22,76642.16703147918,-0.017693072443818125,1,278.76070513044084,-0.2913060515828968
2025-07-23,76975.19271843463,0.004345201862816062,1,278.76070513044084,-0.2882266333180683
2025-07-24,77294.79312297146,0.004151992262050985,1,278.76070513044084,-0.2852713558072708
2025-07-25,77211.53670123259,-0.0010771284633159794,1,278.76070513044084,-0.28604121037347807
2025-07-28,78264.33948020269,0.013635304048459584,1,279.4528568812779,-0.2763061651988502
2025-07-29,78664.50797153742,0.005113037355102934,1,280.7714146205357,-0.2726058915878543
2025-07-30,79566.91152438938,0.011471546395211307,1,283.97964368547713,-0.2642615563256011
2025-07-31,77557.99586674976,-0.025248129142524722,1,283.97964368547713,-0.2828375755666124
2025-08-01,75867.51190511016,-0.02179638530815009,0,,-0.2984691240980897
2025-08-04,75867.51190511016,0.0,0,,-0.2984691240980897
2025-08-05,75867.51190511016,0.0,0,,-0.2984691240980897
2025-08-06,75867.51190511016,0.0,0,,-0.2984691240980897
2025-08-07,75867.51190511016,0.0,0,,-0.2984691240980897
2025-08-08,75867.51190511016,0.0,0,,-0.2984691240980897
2025-08-11,75867.51190511016,0.0,0,,-0.2984691240980897
2025-08-12,75867.51190511016,0.0,0,,-0.2984691240980897
2025-08-13,75867.51190511016,0.0,0,,-0.2984691240980897
2025-08-14,75867.51190511016,0.0,0,,-0.2984691240980897
2025-08-15,75867.51190511016,0.0,0,,-0.2984691240980897
2025-08-18,75867.51190511016,0.0,0,,-0.2984691240980897
2025-08-19,75867.51190511016,0.0,0,,-0.2984691240980897
2025-08-20,75867.51190511016,0.0,0,,-0.2984691240980897
2025-08-21,75867.51190511016,0.0,0,,-0.2984691240980897
2025-08-22,75867.51190511016,0.0,0,,-0.2984691240980897
2025-08-25,75797.72509024982,-0.0009198511076471405,1,279.4057279314314,-0.2991144280513366
2025-08-26,76527.53774135881,0.009628424207191344,1,282.43929399762834,-0.29236600444391503
2025-08-27,76762.21453865233,0.003066566679391425,1,284.12965393066406,-0.29019599761193815
2025-08-28,77076.83522765608,0.004098640078255222,1,285.0764465332031,-0.2872867664800445
2025-08-29,74861.59927501561,-0.028740618969337328,1,285.0764465332031,-0.30777058595904583
2025-09-02,72895.31291787913,-0.02626562050742509,0,,-0.3259524210523228
2025-09-03,72895.31291787913,0.0,0,,-0.3259524210523228
2025-09-04,72895.31291787913,0.0,0,,-0.3259524210523228
2025-09-05,72344.58493880383,-0.007555053363934694,1,280.01465606689453,-0.3310448864811034
2025-09-08,73143.80667123444,0.011047429923147334,1,281.4557113647461,-0.3236546517427724
2025-09-09,73462.01839088231,0.004350494377167946,1,283.3903601510184,-0.3207122151081556
2025-09-10,74206.9715163024,0.01014065692364019,1,287.32999093191967,-0.3138237907291479
2025-09-11,74971.66278676086,0.010304844071024721,1,290.2978504725865,-0.306752851887365
2025-09-12,75067.8693060554,0.0012832384359431348,1,291.99679129464283,-0.3058632505012988
2025-09-15,75770.89204708813,0.009365161786682119,1,294.74858529227123,-0.2993625475401618
2025-09-16,75780.75359171066,0.00013014951198409008,1,294.82784380231584,-0.2992713599176464
2025-09-17,75297.27442882395,-0.006379973013881379,1,294.82784380231584,-0.30374198973142563
2025-09-18,78188.29538941833,0.03839476239378592,1,302.6789245605469,-0.2770093288623936
2025-09-19,77877.48359218569,-0.003975170397111705,1,302.6789245605469,-0.2798833399756877
2025-09-22,79471.0038126323,0.02046188637515911,1,309.19321986607144,-0.26514839470141127
2025-09-23,79355.06667619606,-0.0014588608533193659,1,309.19321986607144,-0.2662204409413802
2025-09-24,79209.52232220226,-0.0018340902489274447,1,309.19321986607144,-0.267566258875512
2025-09-25,79197.19162747577,-0.00015567187334286636,1,309.19321986607144,-0.26768027820809237
2025-09-26,79384.66636585695,0.0023671892213428247,1,309.19321986607144,-0.26594673885608977
2025-09-29,79591.87172137982,0.0026101433061131996,1,309.19321986607144,-0.26403075465018444
2025-09-30,80504.56144014272,0.01146712219506374,1,312.68855721609935,-0.2555913053819493
2025-10-01,82312.68693852743,0.02245991365009936,1,319.077504839216,-0.23887195038044473
2025-10-02,83435.05116291717,0.0136353734294683,1,322.94534846714566,-0.22849368519623925
2025-10-03,83050.24014153231,-0.004612102659749873,1,322.94534846714566,-0.23205195152275948
2025-10-06,84702.9597413007,0.019900238662186487,1,326.2764336722238,-0.2167696020779022
2025-10-07,83141.50836061893,-0.018434437066316756,1,326.2764336722238,-0.2312080135568233
2025-10-08,85366.51372015337,0.026761666986887755,1,328.79857853480746,-0.21063385843344296
2025-10-09,85154.37006442256,-0.002485092180597337,1,328.79857853480746,-0.2125955060594783
2025-10-10,80984.440113163,-0.04896906580490057,0,,-0.25115396853832606
2025-10-13,80984.440113163,0.0,0,,-0.25115396853832606
2025-10-14,80984.440113163,0.0,0,,-0.25115396853832606
2025-10-15,80984.440113163,0.0,0,,-0.25115396853832606
2025-10-16,80984.440113163,0.0,0,,-0.25115396853832606
2025-10-17,80984.440113163,0.0,0,,-0.25115396853832606
2025-10-20,80984.440113163,0.0,0,,-0.25115396853832606
2025-10-21,80984.440113163,0.0,0,,-0.25115396853832606
2025-10-22,80984.440113163,0.0,0,,-0.25115396853832606
2025-10-23,80984.440113163,0.0,0,,-0.25115396853832606
2025-10-24,80984.440113163,0.0,0,,-0.25115396853832606
2025-10-27,80984.440113163,0.0,0,,-0.25115396853832606
2025-10-28,80984.440113163,0.0,0,,-0.25115396853832606
2025-10-29,80984.440113163,0.0,0,,-0.25115396853832606
2025-10-30,80984.440113163,0.0,0,,-0.25115396853832606
2025-10-31,80984.440113163,0.0,0,,-0.25115396853832606
2025-11-03,80984.440113163,0.0,0,,-0.25115396853832606
2025-11-04,80984.440113163,0.0,0,,-0.25115396853832606
2025-11-05,80984.440113163,0.0,0,,-0.25115396853832606
2025-11-06,80984.440113163,0.0,0,,-0.25115396853832606
2025-11-07,80984.440113163,0.0,0,,-0.25115396853832606
2025-11-10,80984.440113163,0.0,0,,-0.25115396853832606
2025-11-11,80984.440113163,0.0,0,,-0.25115396853832606
2025-11-12,80984.440113163,0.0,0,,-0.25115396853832606
2025-11-13,80984.440113163,0.0,0,,-0.25115396853832606
2025-11-14,80984.440113163,0.0,0,,-0.25115396853832606
2025-11-17,80984.440113163,0.0,0,,-0.25115396853832606
2025-11-18,80984.440113163,0.0,0,,-0.25115396853832606
2025-11-19,80984.440113163,0.0,0,,-0.25115396853832606
2025-11-20,75355.7592310124,-0.06950323882322829,1,321.15818786621094,-0.3032011931048335
2025-11-21,75219.57969347903,-0.0018071550061077302,0,,-0.3044604165569641
2025-11-24,75219.57969347903,0.0,0,,-0.3044604165569641
2025-11-25,75219.57969347903,0.0,0,,-0.3044604165569641
2025-11-26,75219.57969347903,0.0,0,,-0.3044604165569641
2025-11-28,75219.57969347903,0.0,0,,-0.3044604165569641
2025-12-01,75219.57969347903,0.0,0,,-0.3044604165569641
2025-12-02,75219.57969347903,0.0,0,,-0.3044604165569641
2025-12-03,75219.57969347903,0.0,0,,-0.3044604165569641
2025-12-04,74763.70024893415,-0.006060648655610512,1,332.86429486955916,-0.308675837598282
2025-12-05,75346.75937152536,0.0077986926897657405,1,337.1450206211635,-0.3032844129067013
2025-12-08,76200.66468199644,0.011333006456994088,1,342.1660701206752,-0.29538853065948445
2025-12-09,76293.70831359751,0.0012210343832217418,1,343.86072540283203,-0.29452817582860724
2025-12-10,77348.1754628094,0.013821154752074793,1,349.15894317626953,-0.2847777405735059
2025-12-11,76684.48399461735,-0.008580570442947022,1,349.15894317626953,-0.2909147555528786
2025-12-12,73217.14800943978,-0.045215613440405256,1,349.15894317626953,-0.3229764798620949
2025-12-15,72964.9029761754,-0.0034451633274742433,1,349.15894317626953,-0.3253089364655115
2025-12-16,72083.12363123473,-0.012084979339019974,0,,-0.33346256402854724
2025-12-17,72083.12363123473,0.0,0,,-0.33346256402854724
2025-12-18,72083.12363123473,0.0,0,,-0.33346256402854724
2025-12-19,72083.12363123473,0.0,0,,-0.33346256402854724
2025-12-22,72083.12363123473,0.0,0,,-0.33346256402854724
2025-12-23,72083.12363123473,0.0,0,,-0.33346256402854724
2025-12-24,72083.12363123473,0.0,0,,-0.33346256402854724
2025-12-26,72083.12363123473,0.0,0,,-0.33346256402854724
2025-12-29,72083.12363123473,0.0,0,,-0.33346256402854724
2025-12-30,72083.12363123473,0.0,0,,-0.33346256402854724
2025-12-31,72083.12363123473,0.0,0,,-0.33346256402854724
2026-01-02,72083.12363123473,0.0,0,,-0.33346256402854724
2026-01-05,72083.12363123473,0.0,0,,-0.33346256402854724
2026-01-06,72083.12363123473,0.0,0,,-0.33346256402854724
2026-01-07,72083.12363123473,0.0,0,,-0.33346256402854724
2026-01-08,72083.12363123473,0.0,0,,-0.33346256402854724
2026-01-09,72083.12363123473,0.0,0,,-0.33346256402854724
2026-01-12,72083.12363123473,0.0,0,,-0.33346256402854724
2026-01-13,72083.12363123473,0.0,0,,-0.33346256402854724
2026-01-14,72083.12363123473,0.0,0,,-0.33346256402854724
2026-01-15,72083.12363123473,0.0,0,,-0.33346256402854724
2026-01-16,72083.12363123473,0.0,0,,-0.33346256402854724
2026-01-20,72083.12363123473,0.0,0,,-0.33346256402854724
2026-01-21,72083.12363123473,0.0,0,,-0.33346256402854724
2026-01-22,72083.12363123473,0.0,0,,-0.33346256402854724
2026-01-23,72083.12363123473,0.0,0,,-0.33346256402854724
2026-01-26,72083.12363123473,0.0,0,,-0.33346256402854724
2026-01-27,72083.12363123473,0.0,0,,-0.33346256402854724
2026-01-28,72083.12363123473,0.0,0,,-0.33346256402854724
2026-01-29,72083.12363123473,0.0,0,,-0.33346256402854724
2026-01-30,72083.12363123473,0.0,0,,-0.33346256402854724
2026-02-02,72083.12363123473,0.0,0,,-0.33346256402854724
2026-02-03,72083.12363123473,0.0,0,,-0.33346256402854724
2026-02-04,72083.12363123473,0.0,0,,-0.33346256402854724
2026-02-05,72083.12363123473,0.0,0,,-0.33346256402854724
2026-02-06,72083.12363123473,0.0,0,,-0.33346256402854724
2026-02-09,73371.68400862635,0.017876034118383677,1,371.7857153756278,-0.3215475180819416
2026-02-10,73030.67498240703,-0.004647692510086454,1,371.7857153756278,-0.3247007566006017
2026-02-11,74838.57730311427,0.02475538287360446,1,380.33715166364397,-0.3079834652759943
2026-02-12,73274.25049844646,-0.020902679621125242,1,380.33715166364397,-0.3224484651938515
2026-02-13,73564.74497126706,0.003964482350137022,1,380.33715166364397,-0.31976232409280425
2026-02-17,73526.85630308125,-0.0005150383950982551,1,380.33715166364397,-0.3201126726136889
2026-02-18,74436.21737718179,0.012367740439658048,1,380.33715166364397,-0.31170400262036224
2026-02-19,74012.2122899881,-0.0056962202289938535,1,380.33715166364397,-0.31562468820417156
2026-02-20,74883.68469590283,0.011774710942299649,1,381.0603594098772,-0.30756636673172955
2026-02-23,74495.76221917589,-0.005180333717581753,1,381.0603594098772,-0.3111534040293368
2026-02-24,75628.8597057737,0.015210227439033552,1,388.2707214355469,-0.300675890634019
2026-02-25,76891.86670385355,0.01670006665436241,1,397.88857923235213,-0.2889971313946046
2026-02-26,74338.78937327543,-0.03320347703888127,1,397.88857923235213,-0.31260489881692244
2026-02-27,72650.89057973711,-0.022705492082510492,0,,-0.3282125428443914
2026-03-02,72650.89057973711,0.0,0,,-0.3282125428443914
2026-03-03,72486.47204006932,-0.002263131784838057,1,364.16891588483537,-0.3297328863913357
2026-03-04,73338.31273489303,0.011751719608492195,0,,-0.3218560952094133
2026-03-05,73097.1980298732,-0.003287704557526805,1,367.02248927525113,-0.3240856320158523
2026-03-06,70362.63835671968,-0.03740991100693036,1,367.02248927525113,-0.34937152837044483
2026-03-09,69370.94452098144,-0.014094039946464298,0,,-0.3585415120398988
2026-03-10,69370.94452098144,0.0,0,,-0.3585415120398988
2026-03-11,69370.94452098144,0.0,0,,-0.3585415120398988
2026-03-12,69370.94452098144,0.0,0,,-0.3585415120398988
2026-03-13,69370.94452098144,0.0,0,,-0.3585415120398988
2026-03-16,69370.94452098144,0.0,0,,-0.3585415120398988
2026-03-17,69370.94452098144,0.0,0,,-0.3585415120398988
2026-03-18,69370.94452098144,0.0,0,,-0.3585415120398988
2026-03-19,69370.94452098144,0.0,0,,-0.3585415120398988
2026-03-20,69370.94452098144,0.0,0,,-0.3585415120398988
2026-03-23,69370.94452098144,0.0,0,,-0.3585415120398988
2026-03-24,69370.94452098144,0.0,0,,-0.3585415120398988
2026-03-25,69370.94452098144,0.0,0,,-0.3585415120398988
2026-03-26,69370.94452098144,0.0,0,,-0.3585415120398988
2026-03-27,69370.94452098144,0.0,0,,-0.3585415120398988
2026-03-30,69370.94452098144,0.0,0,,-0.3585415120398988
2026-03-31,69370.94452098144,0.0,0,,-0.3585415120398988
2026-04-01,69370.94452098144,0.0,0,,-0.3585415120398988
2026-04-02,69370.94452098144,0.0,0,,-0.3585415120398988
2026-04-06,69370.94452098144,0.0,0,,-0.3585415120398988
2026-04-07,70177.82943050753,0.011631453414650217,1,367.6446304321289,-0.35108041751975894
2026-04-08,74217.57693940394,0.057564440816692874,1,387.29500797816684,-0.31372572461928205
2026-04-09,75514.43378797856,0.01747371582386026,1,396.1260648454939,-0.30173396295405386
2026-04-10,76667.39417905963,0.01526807966697108,1,403.3442873273577,-0.29107278147169613
2026-04-13,77801.04805596957,0.014786649383990325,1,410.60785021100725,-0.2805901232525506
2026-04-14,79320.7786614779,0.01953354927063522,1,419.35713958740234,-0.2665374949793228
2026-04-15,79496.267109844,0.0022123893805310324,1,419.35713958740234,-0.26491479032219734
2026-04-16,79812.14417471002,0.003973482986685983,1,422.00177110944475,-0.2619939417477781
2026-04-17,81454.71883626758,0.02058051037899622,1,431.09749930245533,-0.24680540040615617
2026-04-20,81419.6190044014,-0.00043091219720181595,1,433.0921314784459,-0.24712996114598762
2026-04-21,81542.46306045064,0.0015087770926882627,1,436.4314291817801,-0.2459940480775934
2026-04-22,83678.15447799594,0.02619115657521931,1,448.68534088134766,-0.22624576013214637
2026-04-23,84559.10991630252,0.010527902339651174,1,454.1714346749442,-0.21809975105992652
2026-04-24,88874.37021896706,0.05103247074071415,1,474.73643493652344,-0.17819744948373517
2026-04-27,88842.78358357695,-0.00035540769866815314,1,474.73643493652344,-0.17848952443697386
2026-04-28,86201.67922237766,-0.029727843440595647,1,474.73643493652344,-0.20291125923932074
2026-04-29,87670.51667832474,0.017039545739681916,1,474.73643493652344,-0.1893292291825437
2026-04-30,88923.50677029027,0.014292034990085911,1,474.73643493652344,-0.17774309416058065
2026-05-01,89467.52203132167,0.006117789106503846,1,477.8717923845564,-0.17271269981928883
2026-05-04,88935.79224699168,-0.00594327161697672,1,477.8717923845564,-0.17762949294953811
2026-05-05,91726.05750491621,0.03137392929694083,1,489.94356754847934,-0.15182849880544746
2026-05-06,96476.53108750237,0.051789793563639774,1,513.8225043160575,-0.10790187185201927
2026-05-07,94781.3066781455,-0.01757136570156459,1,513.8225043160575,-0.12357725430338862
2026-05-08,99421.22168138382,0.04895390415954437,1,526.3774664742606,-0.080672939207312
2026-05-11,101135.74724942939,0.017245066385727315,1,535.1956972394671,-0.06481908301374661
2026-05-12,98492.89164547449,-0.02613176523466887,1,535.1956972394671,-0.0892570111883737
2026-05-13,100460.12100760585,0.01997331309159245,1,535.1956972394671,-0.07106645632686637
2026-05-14,101491.9939408757,0.010271468149951168,1,535.4846496582031,-0.06152494501960659
2026-05-15,97631.24807682147,-0.0380399055545535,1,535.4846496582031,-0.09722444747636516
2026-05-18,95844.76624680548,-0.018298258653933197,1,535.4846496582031,-0.11374366804289016
2026-05-19,93734.97731090485,-0.02201256279834629,0,,-0.13325244120552804
2026-05-20,93734.97731090485,0.0,0,,-0.13325244120552804
2026-05-21,93734.97731090485,0.0,0,,-0.13325244120552804
2026-05-22,93734.97731090485,0.0,0,,-0.13325244120552804
2026-05-26,93734.97731090485,0.0,0,,-0.13325244120552804
2026-05-27,93734.97731090485,0.0,0,,-0.13325244120552804
2026-05-28,93734.97731090485,0.0,0,,-0.13325244120552804
2026-05-29,93734.97731090485,0.0,0,,-0.13325244120552804
2026-06-01,93734.97731090485,0.0,0,,-0.13325244120552804
2026-06-02,93734.97731090485,0.0,0,,-0.13325244120552804
2026-06-03,93734.97731090485,0.0,0,,-0.13325244120552804
2026-06-04,93734.97731090485,0.0,0,,-0.13325244120552804
2026-06-05,93734.97731090485,0.0,0,,-0.13325244120552804
2026-06-08,93734.97731090485,0.0,0,,-0.13325244120552804
2026-06-09,93734.97731090485,0.0,0,,-0.13325244120552804
2026-06-10,93734.97731090485,0.0,0,,-0.13325244120552804
2026-06-11,93734.97731090485,0.0,0,,-0.13325244120552804
2026-06-12,93734.97731090485,0.0,0,,-0.13325244120552804
2026-06-15,93734.97731090485,0.0,0,,-0.13325244120552804
2026-06-16,93734.97731090485,0.0,0,,-0.13325244120552804
2026-06-17,93734.97731090485,0.0,0,,-0.13325244120552804
2026-06-18,93734.97731090485,0.0,0,,-0.13325244120552804
2026-06-22,93734.97731090485,0.0,0,,-0.13325244120552804
2026-06-23,93734.97731090485,0.0,0,,-0.13325244120552804
2026-06-24,93734.97731090485,0.0,0,,-0.13325244120552804
2026-06-25,93734.97731090485,0.0,0,,-0.13325244120552804
2026-06-26,93734.97731090485,0.0,0,,-0.13325244120552804
2026-06-29,93734.97731090485,0.0,0,,-0.13325244120552804
2026-06-30,93734.97731090485,0.0,0,,-0.13325244120552804
2026-07-01,93734.97731090485,0.0,0,,-0.13325244120552804
2026-07-02,93734.97731090485,0.0,0,,-0.13325244120552804
2026-07-06,93734.97731090485,0.0,0,,-0.13325244120552804
2026-07-07,93734.97731090485,0.0,0,,-0.13325244120552804
2026-07-08,96469.13512763406,0.0291690241483753,1,513.6303296770368,-0.1079702607325066
2026-07-09,99975.98511313174,0.03635204131205194,0,,-0.0755431587990757
2026-07-10,101514.19501313561,0.015385793881033116,1,535.7585863385882,-0.061319656388447386
2026-07-13,97292.66899750673,-0.041585573476523474,1,535.7585863385882,-0.10035521678867387
2026-07-14,101008.58365203594,0.03819316185708144,0,,-0.06599493796960487
2026-07-15,101008.58365203594,0.0,0,,-0.06599493796960487
2026-07-16,101008.58365203594,0.0,0,,-0.06599493796960487
2026-07-17,101008.58365203594,0.0,0,,-0.06599493796960487
2026-07-20,101008.58365203594,0.0,0,,-0.06599493796960487
2026-07-21,101008.58365203594,0.0,0,,-0.06599493796960487
2026-07-22,101008.58365203594,0.0,0,,-0.06599493796960487
2026-07-23,101008.58365203594,0.0,0,,-0.06599493796960487
2026-07-24,101008.58365203594,0.0,0,,-0.06599493796960487
2026-07-27,101008.58365203594,0.0,0,,-0.06599493796960487
2026-07-28,101008.58365203594,0.0,0,,-0.06599493796960487
2026-07-29,101008.58365203594,0.0,0,,-0.06599493796960487
2026-07-30,101008.58365203594,0.0,0,,-0.06599493796960487
2026-07-31,101008.58365203594,0.0,0,,-0.06599493796960487
2026-08-03,101008.58365203594,0.0,0,,-0.06599493796960487
2026-08-04,101008.58365203594,0.0,0,,-0.06599493796960487
2026-08-05,101008.58365203594,0.0,0,,-0.06599493796960487
2026-08-06,101008.58365203594,0.0,0,,-0.06599493796960487
2026-08-07,101008.58365203594,0.0,0,,-0.06599493796960487
2026-08-10,101008.58365203594,0.0,0,,-0.06599493796960487
2026-08-11,101008.58365203594,0.0,0,,-0.06599493796960487
2026-08-12,101008.58365203594,0.0,0,,-0.06599493796960487
2026-08-13,101008.58365203594,0.0,0,,-0.06599493796960487
2026-08-14,100910.51469844017,-0.0009708972252656656,1,534.2235815865653,-0.06690176089271427
2026-08-17,101983.44639352857,0.010632506417143306,1,543.6432244437082,-0.05698058787758087
2026-08-18,97811.89005859458,-0.04090424948806892,1,543.6432244437082,-0.09555408918312835
2026-08-19,98571.93564978197,0.007770482614456009,0,,-0.08852610795741012
2026-08-20,98571.93564978197,0.0,0,,-0.08852610795741012
2026-08-21,98571.93564978197,0.0,0,,-0.08852610795741012
2026-08-24,98571.93564978197,0.0,0,,-0.08852610795741012
2026-08-25,98571.93564978197,0.0,0,,-0.08852610795741012
2026-08-26,98655.07165322527,0.0008434043918816858,1,518.7378540039062,-0.08775736687377589
2026-08-27,101713.57588697628,0.031001996983000657,1,535.4624851771763,-0.05947602351383208
2026-08-28,98182.88738028008,-0.034712067449280126,1,535.4624851771763,-0.09212355522328508
2026-08-31,98807.72817210457,0.0063640498715868965,1,535.4624851771763,-0.0863457842514872
2026-09-01,96782.3261172902,-0.020498417404016256,1,535.4624851771763,-0.10507424972883928
2026-09-02,96638.92680239337,-0.001481668406306369,0,,-0.10640023293900613
2026-09-03,96638.92680239337,0.0,0,,-0.10640023293900613
2026-09-04,96638.92680239337,0.0,0,,-0.10640023293900613
2026-09-08,96638.92680239337,0.0,0,,-0.10640023293900613
2026-09-09,97237.48255912263,0.006193733483331965,1,541.20066179548,-0.1008655141410627
2026-09-10,94865.34966902317,-0.024395251992020084,1,541.20066179548,-0.12280012649830696
2026-09-11,96168.54477817594,0.013737314137348466,0,,-0.1107497562747719
2026-09-14,96168.54477817594,0.0,0,,-0.1107497562747719
2026-09-15,96168.54477817594,0.0,0,,-0.1107497562747719
2026-09-16,96168.54477817594,0.0,0,,-0.1107497562747719
2026-09-17,96168.54477817594,0.0,0,,-0.1107497562747719
2026-09-18,96168.54477817594,0.0,0,,-0.1107497562747719
2026-09-21,98356.22602648198,0.022748407531300252,1,556.3335920061384,-0.09052072933320243
2026-09-22,100242.39096422242,0.019176873838495867,1,567.4278804234096,-0.0730797601008979
2026-09-23,99244.01849847217,-0.009959583526958915,1,567.4278804234096,-0.08231149965300177
2026-09-24,98841.40816278875,-0.004056771801210557,0,,-0.08603435248350477
