timestamp,equity,daily_return,position,stop_price,drawdown
2020-01-02,100000.0,0.0,0,,0.0
2020-01-03,100000.0,0.0,0,,0.0
2020-01-06,100000.0,0.0,0,,0.0
2020-01-07,100000.0,0.0,0,,0.0
2020-01-08,100000.0,0.0,0,,0.0
2020-01-09,100000.0,0.0,0,,0.0
2020-01-10,100000.0,0.0,0,,0.0
2020-01-13,100000.0,0.0,0,,0.0
2020-01-14,100000.0,0.0,0,,0.0
2020-01-15,100000.0,0.0,0,,0.0
2020-01-16,100000.0,0.0,0,,0.0
2020-01-17,100000.0,0.0,0,,0.0
2020-01-21,100000.0,0.0,0,,0.0
2020-01-22,100000.0,0.0,0,,0.0
2020-01-23,100000.0,0.0,0,,0.0
2020-01-24,100000.0,0.0,0,,0.0
2020-01-27,100000.0,0.0,0,,0.0
2020-01-28,100000.0,0.0,0,,0.0
2020-01-29,100000.0,0.0,0,,0.0
2020-01-30,100000.0,0.0,0,,0.0
2020-01-31,100000.0,0.0,0,,0.0
2020-02-03,100000.0,0.0,0,,0.0
2020-02-04,100000.0,0.0,0,,0.0
2020-02-05,100240.67611149719,0.002406761114971845,1,81.62202426365444,0.0
2020-02-06,100298.65808081297,0.000578427556207739,1,81.72321019853864,0.0
2020-02-07,97932.78491623705,-0.023588283331464677,1,81.72321019853864,-0.023588283331464677
2020-02-10,96874.92082586643,-0.010801940241722208,0,,-0.03413542434623551
2020-02-11,97736.76975078732,0.00889651230239541,1,81.97154562813895,-0.025542598266483973
2020-02-12,99243.4507675435,0.015415703021472549,1,83.26940100533622,-0.010520652354284343
2020-02-13,99347.87961326893,0.0010522492408091555,1,83.6198809487479,-0.00947947346192779
2020-02-14,99015.95909127832,-0.0033409925132038554,1,83.63749667576381,-0.012788795125266317
2020-02-18,97744.23017347525,-0.012843676206082177,1,83.63749667576381,-0.025468216187693682
2020-02-19,100209.37064276368,0.02522031699378391,1,84.64880698067802,-0.0008902156794295957
2020-02-20,98754.90404887022,-0.014514277303252276,1,84.64880698067802,-0.015391572145450949
2020-02-21,95819.85084572283,-0.02972058179201853,1,84.64880698067802,-0.044654707458612775
2020-02-24,91185.19725677397,-0.04836840746507731,0,,-0.09086323783809813
2020-02-25,91185.19725677397,0.0,0,,-0.09086323783809813
2020-02-26,91185.19725677397,0.0,0,,-0.09086323783809813
2020-02-27,91185.19725677397,0.0,0,,-0.09086323783809813
2020-02-28,91185.19725677397,0.0,0,,-0.09086323783809813
2020-03-02,91185.19725677397,0.0,0,,-0.09086323783809813
2020-03-03,91185.19725677397,0.0,0,,-0.09086323783809813
2020-03-04,91185.19725677397,0.0,0,,-0.09086323783809813
2020-03-05,91185.19725677397,0.0,0,,-0.09086323783809813
2020-03-06,91185.19725677397,0.0,0,,-0.09086323783809813
2020-03-09,91185.19725677397,0.0,0,,-0.09086323783809813
2020-03-10,91185.19725677397,0.0,0,,-0.09086323783809813
2020-03-11,91185.19725677397,0.0,0,,-0.09086323783809813
2020-03-12,91185.19725677397,0.0,0,,-0.09086323783809813
2020-03-13,91185.19725677397,0.0,0,,-0.09086323783809813
2020-03-16,91185.19725677397,0.0,0,,-0.09086323783809813
2020-03-17,91185.19725677397,0.0,0,,-0.09086323783809813
2020-03-18,91185.19725677397,0.0,0,,-0.09086323783809813
2020-03-19,91185.19725677397,0.0,0,,-0.09086323783809813
2020-03-20,91185.19725677397,0.0,0,,-0.09086323783809813
2020-03-23,91185.19725677397,0.0,0,,-0.09086323783809813
2020-03-24,91185.19725677397,0.0,0,,-0.09086323783809813
2020-03-25,91185.19725677397,0.0,0,,-0.09086323783809813
2020-03-26,91185.19725677397,0.0,0,,-0.09086323783809813
2020-03-27,91185.19725677397,0.0,0,,-0.09086323783809813
2020-03-30,91185.19725677397,0.0,0,,-0.09086323783809813
2020-03-31,91185.19725677397,0.0,0,,-0.09086323783809813
2020-04-01,91185.19725677397,0.0,0,,-0.09086323783809813
2020-04-02,91185.19725677397,0.0,0,,-0.09086323783809813
2020-04-03,91185.19725677397,0.0,0,,-0.09086323783809813
2020-04-06,91185.19725677397,0.0,0,,-0.09086323783809813
2020-04-07,87659.54995839717,-0.038664689055271984,1,62.70666912623814,-0.12601472805580483
2020-04-08,89000.42667061061,0.015296413372528406,0,,-0.11264588805464482
2020-04-09,85723.2654566102,-0.03682185958646178,1,64.87928785596576,-0.14531991656816623
2020-04-13,86692.42377312489,0.011305662603406486,1,64.87928785596576,-0.13565719191103454
2020-04-14,90691.18582935545,0.046125853704302555,1,67.63035379137311,-0.09578864199475678
2020-04-15,87992.51287812933,-0.029756728027616086,1,67.63035379137311,-0.12269501345440026
2020-04-16,90462.69029310667,0.02807258633923282,1,68.18285683223179,-0.09806679347375935
2020-04-17,91163.94796313552,0.00775189934940812,1,69.11368710654122,-0.09107509803687897
2020-04-20,89182.29472603307,-0.02173724681058986,1,69.11368710654122,-0.11083262296314256
2020-04-21,84813.20578826341,-0.04899054180195128,1,69.11368710654122,-0.1543934145167981
2020-04-22,89946.59155525353,0.06052578391866992,1,69.11368710654122,-0.10321241304363749
2020-04-23,89048.34440279016,-0.009986450147047354,1,69.11368710654122,-0.11216813757326816
2020-04-24,90899.99684486109,0.020793788525650836,1,69.11368710654122,-0.09370674957963199
2020-04-27,92113.41274171938,0.013348910219757482,1,71.04559762137276,-0.08160872234699834
2020-04-28,91636.7100969156,-0.00517517080971075,1,71.04559762137276,-0.08636155407900103
2020-04-29,95986.10549675443,0.04746346082524,1,74.2270257132394,-0.04299711149259655
2020-04-30,92597.98739138288,-0.035298005766950524,1,74.2270257132394,-0.07677740497011909
2020-05-01,87597.38951685032,-0.05400331060540853,0,,-0.12663448152744905
2020-05-04,87597.38951685032,0.0,0,,-0.12663448152744905
2020-05-05,87597.38951685032,0.0,0,,-0.12663448152744905
2020-05-06,87597.38951685032,0.0,0,,-0.12663448152744905
2020-05-07,87597.38951685032,0.0,0,,-0.12663448152744905
2020-05-08,87597.38951685032,0.0,0,,-0.12663448152744905
2020-05-11,87597.38951685032,0.0,0,,-0.12663448152744905
2020-05-12,87597.38951685032,0.0,0,,-0.12663448152744905
2020-05-13,87597.38951685032,0.0,0,,-0.12663448152744905
2020-05-14,87597.38951685032,0.0,0,,-0.12663448152744905
2020-05-15,87597.38951685032,0.0,0,,-0.12663448152744905
2020-05-18,87597.38951685032,0.0,0,,-0.12663448152744905
2020-05-19,87162.38904775164,-0.004965906763865435,1,73.41547775268555,-0.13097153326295874
2020-05-20,90374.01456992021,0.03684646046598261,1,76.28559575762067,-0.09895091021951896
2020-05-21,88099.11488295943,-0.025172055239404467,1,76.28559575762067,-0.12163216768088836
2020-05-22,88489.71049209595,0.004433592887459037,1,76.28559575762067,-0.11773784230694562
2020-05-26,89419.20138903131,0.010503943246807035,1,76.28559575762067,-0.10847061067373232
2020-05-27,90797.16740128274,0.015410180261579365,1,76.85833140781948,-0.09473198207571876
2020-05-28,88815.21649066471,-0.02182833415781249,1,76.85833140781948,-0.11449247487335057
2020-05-29,91090.11617762549,0.025613850608582345,1,76.940828868321,-0.09181121741198117
2020-06-01,90598.24798859755,-0.005399797581428056,1,76.940828868321,-0.09671525300368
2020-06-02,92554.87661526202,0.02159676009309508,1,78.53011240277972,-0.07720722902704835
2020-06-03,95227.62340555458,0.02887742805171456,1,81.09047589983258,-0.05055934717663457
2020-06-04,96095.62560513556,0.009115025331298376,1,82.24582944597516,-0.04190517157558504
2020-06-05,98450.09305717041,0.02450129688222802,1,84.3473755972726,-0.018430605743031236
2020-06-08,98247.5644533104,-0.0020571702633372935,1,84.55476352146694,-0.02044986111229874
2020-06-09,98323.51474924826,0.0007730501652685184,1,84.65809685843331,-0.019692619715542814
2020-06-10,98670.71728467294,0.003531225834533469,1,85.38285909380231,-0.016230932968498535
2020-06-11,92502.20522146765,-0.06251613683326773,0,,-0.07773237457537596
2020-06-12,92502.20522146765,0.0,0,,-0.07773237457537596
2020-06-15,92502.20522146765,0.0,0,,-0.07773237457537596
2020-06-16,92502.20522146765,0.0,0,,-0.07773237457537596
2020-06-17,92502.20522146765,0.0,0,,-0.07773237457537596
2020-06-18,92502.20522146765,0.0,0,,-0.07773237457537596
2020-06-19,92502.20522146765,0.0,0,,-0.07773237457537596
2020-06-22,92502.20522146765,0.0,0,,-0.07773237457537596
2020-06-23,92502.20522146765,0.0,0,,-0.07773237457537596
2020-06-24,92502.20522146765,0.0,0,,-0.07773237457537596
2020-06-25,92502.20522146765,0.0,0,,-0.07773237457537596
2020-06-26,92502.20522146765,0.0,0,,-0.07773237457537596
2020-06-29,92502.20522146765,0.0,0,,-0.07773237457537596
2020-06-30,92502.20522146765,0.0,0,,-0.07773237457537596
2020-07-01,92502.20522146765,0.0,0,,-0.07773237457537596
2020-07-02,92502.20522146765,0.0,0,,-0.07773237457537596
2020-07-06,92502.20522146765,0.0,0,,-0.07773237457537596
2020-07-07,92502.20522146765,0.0,0,,-0.07773237457537596
2020-07-08,92502.20522146765,0.0,0,,-0.07773237457537596
2020-07-09,92502.20522146765,0.0,0,,-0.07773237457537596
2020-07-10,92502.20522146765,0.0,0,,-0.07773237457537596
2020-07-13,92502.20522146765,0.0,0,,-0.07773237457537596
2020-07-14,92502.20522146765,0.0,0,,-0.07773237457537596
2020-07-15,92502.20522146765,0.0,0,,-0.07773237457537596
2020-07-16,92502.20522146765,0.0,0,,-0.07773237457537596
2020-07-17,92502.20522146765,0.0,0,,-0.07773237457537596
2020-07-20,92502.20522146765,0.0,0,,-0.07773237457537596
2020-07-21,92502.20522146765,0.0,0,,-0.07773237457537596
2020-07-22,92502.20522146765,0.0,0,,-0.07773237457537596
2020-07-23,92502.20522146765,0.0,0,,-0.07773237457537596
2020-07-24,92502.20522146765,0.0,0,,-0.07773237457537596
2020-07-27,92502.20522146765,0.0,0,,-0.07773237457537596
2020-07-28,92502.20522146765,0.0,0,,-0.07773237457537596
2020-07-29,92502.20522146765,0.0,0,,-0.07773237457537596
2020-07-30,92502.20522146765,0.0,0,,-0.07773237457537596
2020-07-31,92502.20522146765,0.0,0,,-0.07773237457537596
2020-08-03,92502.20522146765,0.0,0,,-0.07773237457537596
2020-08-04,92502.20522146765,0.0,0,,-0.07773237457537596
2020-08-05,92502.20522146765,0.0,0,,-0.07773237457537596
2020-08-06,92502.20522146765,0.0,0,,-0.07773237457537596
2020-08-07,92502.20522146765,0.0,0,,-0.07773237457537596
2020-08-10,92502.20522146765,0.0,0,,-0.07773237457537596
2020-08-11,92502.20522146765,0.0,0,,-0.07773237457537596
2020-08-12,92502.20522146765,0.0,0,,-0.07773237457537596
2020-08-13,92502.20522146765,0.0,0,,-0.07773237457537596
2020-08-14,92502.20522146765,0.0,0,,-0.07773237457537596
2020-08-17,92502.20522146765,0.0,0,,-0.07773237457537596
2020-08-18,92502.20522146765,0.0,0,,-0.07773237457537596
2020-08-19,92502.20522146765,0.0,0,,-0.07773237457537596
2020-08-20,92502.20522146765,0.0,0,,-0.07773237457537596
2020-08-21,92502.20522146765,0.0,0,,-0.07773237457537596
2020-08-24,92502.20522146765,0.0,0,,-0.07773237457537596
2020-08-25,92502.20522146765,0.0,0,,-0.07773237457537596
2020-08-26,92502.20522146765,0.0,0,,-0.07773237457537596
2020-08-27,92502.20522146765,0.0,0,,-0.07773237457537596
2020-08-28,92502.20522146765,0.0,0,,-0.07773237457537596
2020-08-31,92502.20522146765,0.0,0,,-0.07773237457537596
2020-09-01,92502.20522146765,0.0,0,,-0.07773237457537596
2020-09-02,92502.20522146765,0.0,0,,-0.07773237457537596
2020-09-03,92502.20522146765,0.0,0,,-0.07773237457537596
2020-09-04,92502.20522146765,0.0,0,,-0.07773237457537596
2020-09-08,92502.20522146765,0.0,0,,-0.07773237457537596
2020-09-09,92502.20522146765,0.0,0,,-0.07773237457537596
2020-09-10,89895.40071527107,-0.02818099849571587,1,92.87463896615165,-0.10372279714011479
2020-09-11,90386.72195229378,0.005465476911092448,0,,-0.09882421478194559
2020-09-14,90386.72195229378,0.0,0,,-0.09882421478194559
2020-09-15,90386.72195229378,0.0,0,,-0.09882421478194559
2020-09-16,90386.72195229378,0.0,0,,-0.09882421478194559
2020-09-17,90386.72195229378,0.0,0,,-0.09882421478194559
2020-09-18,90386.72195229378,0.0,0,,-0.09882421478194559
2020-09-21,90386.72195229378,0.0,0,,-0.09882421478194559
2020-09-22,90386.72195229378,0.0,0,,-0.09882421478194559
2020-09-23,90386.72195229378,0.0,0,,-0.09882421478194559
2020-09-24,90386.72195229378,0.0,0,,-0.09882421478194559
2020-09-25,90386.72195229378,0.0,0,,-0.09882421478194559
2020-09-28,90386.72195229378,0.0,0,,-0.09882421478194559
2020-09-29,90386.72195229378,0.0,0,,-0.09882421478194559
2020-09-30,90386.72195229378,0.0,0,,-0.09882421478194559
2020-10-01,90386.72195229378,0.0,0,,-0.09882421478194559
2020-10-02,90386.72195229378,0.0,0,,-0.09882421478194559
2020-10-05,90386.72195229378,0.0,0,,-0.09882421478194559
2020-10-06,89750.07638467182,-0.007043574032455591,1,97.21118981497628,-0.10517171314138529
2020-10-07,91468.29644952863,0.01914449696390741,1,98.56119155883789,-0.08804067572040208
2020-10-08,92601.21576465754,0.012385923419422573,1,100.2264268057687,-0.07674521736824658
2020-10-09,94229.61402301604,0.017585063488766872,1,102.18845394679478,-0.06050972339935956
2020-10-12,95629.10727007096,0.01485194714596938,1,103.80976377214704,-0.04655646346713471
2020-10-13,95458.1513834855,-0.0017876971924736251,1,103.9261886051723,-0.048260931800576556
2020-10-14,95072.78771455435,-0.004036990695357456,1,103.9261886051723,-0.05210309356330589
2020-10-15,94817.80626031283,-0.0026819604260166496,1,103.9261886051723,-0.05464531555431262
2020-10-16,94365.79247654795,-0.00476718246912311,1,103.9261886051723,-0.05915199383310554
2020-10-19,93890.60700111848,-0.0050355691713983575,1,103.9261886051723,-0.06388969904793118
2020-10-20,93737.0398310598,-0.0016355967328750554,1,103.9261886051723,-0.065420797997779
2020-10-21,93108.28055371942,-0.006707692908519136,1,103.9261886051723,-0.07168966828349876
2020-10-22,93145.94947434186,0.00040457111224068143,1,103.9261886051723,-0.0713141007400917
2020-10-23,92818.5282982766,-0.0035151413229779216,1,103.9261886051723,-0.07457856292064702
2020-10-26,90202.34664051817,-0.02818598512304793,0,,-0.10066247777871529
2020-10-27,90202.34664051817,0.0,0,,-0.10066247777871529
2020-10-28,90202.34664051817,0.0,0,,-0.10066247777871529
2020-10-29,90202.34664051817,0.0,0,,-0.10066247777871529
2020-10-30,90202.34664051817,0.0,0,,-0.10066247777871529
2020-11-02,89550.22547802479,-0.0072295365562080605,1,97.27523667471749,-0.10716427127198369
2020-11-03,90203.39169917654,0.007293853451123322,0,,-0.10065205831071466
2020-11-04,91271.04280204723,0.011836041669378128,1,101.64655031476703,-0.0900073385976109
2020-11-05,95370.57112585404,0.044915979898444425,1,105.85083280290876,-0.049134126510329335
2020-11-06,96926.25006454764,0.01631193900098049,1,107.61845534188407,-0.03362366038385178
2020-11-09,95796.90041030852,-0.011651638781929985,1,107.61845534188407,-0.04488352842046284
2020-11-10,92922.71093618877,-0.030002948548536357,1,107.61845534188407,-0.07353983877512327
2020-11-11,94215.449455052,0.013911975940424037,0,,-0.06065094730240139
2020-11-12,92765.91769699407,-0.015385287300990536,1,105.5411878313337,-0.07510310235406725
2020-11-13,93903.55546963145,0.012263531703025965,1,105.5411878313337,-0.06376059992775607
2020-11-16,96239.4383674536,0.02487534030143901,1,108.02071571350098,-0.04047132624734384
2020-11-17,95446.12071805276,-0.008243165825343457,1,108.02071571350098,-0.04838088021925879
2020-11-18,94735.43914166129,-0.0074458927303164835,1,108.02071571350098,-0.055466534105264476
2020-11-19,96134.76726925404,0.014770904534471718,1,108.53036035810199,-0.041514920450919535
2020-11-20,95685.76974308971,-0.0046705009947835,1,108.53036035810199,-0.045991525968438585
2020-11-23,97049.28701429325,0.014249948292881065,1,109.81262288774762,-0.03239695454251856
2020-11-24,97578.16544722715,0.005449585970229709,1,110.84012195042202,-0.027123918561241855
2020-11-25,97363.30661362018,-0.0022019150762079276,1,111.24559511457171,-0.02926610907224403
2020-11-27,98522.98571617597,0.011910843446986563,1,112.78881154741559,-0.017703849668719296
2020-11-30,99663.37865505314,0.011574892199901488,1,114.52595165797642,-0.006333877620256612
2020-12-01,101307.85983543421,0.016500355522491628,1,116.67844881330218,0.0
2020-12-02,101605.35474205055,0.0029365431971377642,1,117.52416392735073,0.0
2020-12-03,101737.57750264814,0.001301336538150677,1,117.86392974853516,0.0
2020-12-04,104511.43726167541,0.02726484969582721,1,121.02238191877093,0.0
2020-12-07,105040.31569460931,0.005060483778533076,1,121.93500137329102,0.0
2020-12-08,105379.12548536622,0.0032255214439944613,1,122.38011714390346,0.0
2020-12-09,102409.6930564106,-0.0281785639734502,1,122.38011714390346,-0.0281785639734502
2020-12-10,102266.45593558204,-0.0013986676119580599,1,122.38011714390346,-0.02953781914062703
2020-12-11,100979.96859960898,-0.012579758672613184,0,,-0.041745999176735826
2020-12-14,100979.96859960898,0.0,0,,-0.041745999176735826
2020-12-15,100979.96859960898,0.0,0,,-0.041745999176735826
2020-12-16,100979.96859960898,0.0,0,,-0.041745999176735826
2020-12-17,100979.96859960898,0.0,0,,-0.041745999176735826
2020-12-18,100979.96859960898,0.0,0,,-0.041745999176735826
2020-12-21,100979.96859960898,0.0,0,,-0.041745999176735826
2020-12-22,100979.96859960898,0.0,0,,-0.041745999176735826
2020-12-23,100979.96859960898,0.0,0,,-0.041745999176735826
2020-12-24,100979.96859960898,0.0,0,,-0.041745999176735826
2020-12-28,100979.96859960898,0.0,0,,-0.041745999176735826
2020-12-29,100979.96859960898,0.0,0,,-0.041745999176735826
2020-12-30,100979.96859960898,0.0,0,,-0.041745999176735826
2020-12-31,100979.96859960898,0.0,0,,-0.041745999176735826
2021-01-04,100979.96859960898,0.0,0,,-0.041745999176735826
2021-01-05,100979.96859960898,0.0,0,,-0.041745999176735826
2021-01-06,100979.96859960898,0.0,0,,-0.041745999176735826
2021-01-07,100979.96859960898,0.0,0,,-0.041745999176735826
2021-01-08,100979.96859960898,0.0,0,,-0.041745999176735826
2021-01-11,100979.96859960898,0.0,0,,-0.041745999176735826
2021-01-12,100979.96859960898,0.0,0,,-0.041745999176735826
2021-01-13,100979.96859960898,0.0,0,,-0.041745999176735826
2021-01-14,100979.96859960898,0.0,0,,-0.041745999176735826
2021-01-15,100979.96859960898,0.0,0,,-0.041745999176735826
2021-01-19,100979.96859960898,0.0,0,,-0.041745999176735826
2021-01-20,100979.96859960898,0.0,0,,-0.041745999176735826
2021-01-21,100979.96859960898,0.0,0,,-0.041745999176735826
2021-01-22,100979.96859960898,0.0,0,,-0.041745999176735826
2021-01-25,100979.96859960898,0.0,0,,-0.041745999176735826
2021-01-26,100979.96859960898,0.0,0,,-0.041745999176735826
2021-01-27,100979.96859960898,0.0,0,,-0.041745999176735826
2021-01-28,100979.96859960898,0.0,0,,-0.041745999176735826
2021-01-29,100979.96859960898,0.0,0,,-0.041745999176735826
2021-02-01,100979.96859960898,0.0,0,,-0.041745999176735826
2021-02-02,100979.96859960898,0.0,0,,-0.041745999176735826
2021-02-03,100979.96859960898,0.0,0,,-0.041745999176735826
2021-02-04,100979.96859960898,0.0,0,,-0.041745999176735826
2021-02-05,100979.96859960898,0.0,0,,-0.041745999176735826
2021-02-08,100979.96859960898,0.0,0,,-0.041745999176735826
2021-02-09,100979.96859960898,0.0,0,,-0.041745999176735826
2021-02-10,100979.96859960898,0.0,0,,-0.041745999176735826
2021-02-11,100979.96859960898,0.0,0,,-0.041745999176735826
2021-02-12,100979.96859960898,0.0,0,,-0.041745999176735826
2021-02-16,100979.96859960898,0.0,0,,-0.041745999176735826
2021-02-17,100979.96859960898,0.0,0,,-0.041745999176735826
2021-02-18,100979.96859960898,0.0,0,,-0.041745999176735826
2021-02-19,100979.96859960898,0.0,0,,-0.041745999176735826
2021-02-22,100979.96859960898,0.0,0,,-0.041745999176735826
2021-02-23,100979.96859960898,0.0,0,,-0.041745999176735826
2021-02-24,100979.96859960898,0.0,0,,-0.041745999176735826
2021-02-25,100979.96859960898,0.0,0,,-0.041745999176735826
2021-02-26,100979.96859960898,0.0,0,,-0.041745999176735826
2021-03-01,100979.96859960898,0.0,0,,-0.041745999176735826
2021-03-02,100979.96859960898,0.0,0,,-0.041745999176735826
2021-03-03,100979.96859960898,0.0,0,,-0.041745999176735826
2021-03-04,100979.96859960898,0.0,0,,-0.041745999176735826
2021-03-05,100979.96859960898,0.0,0,,-0.041745999176735826
2021-03-08,100979.96859960898,0.0,0,,-0.041745999176735826
2021-03-09,100979.96859960898,0.0,0,,-0.041745999176735826
2021-03-10,100979.96859960898,0.0,0,,-0.041745999176735826
2021-03-11,100979.96859960898,0.0,0,,-0.041745999176735826
2021-03-12,100979.96859960898,0.0,0,,-0.041745999176735826
2021-03-15,100979.96859960898,0.0,0,,-0.041745999176735826
2021-03-16,100979.96859960898,0.0,0,,-0.041745999176735826
2021-03-17,100979.96859960898,0.0,0,,-0.041745999176735826
2021-03-18,100979.96859960898,0.0,0,,-0.041745999176735826
2021-03-19,100979.96859960898,0.0,0,,-0.041745999176735826
2021-03-22,100979.96859960898,0.0,0,,-0.041745999176735826
2021-03-23,100979.96859960898,0.0,0,,-0.041745999176735826
2021-03-24,100979.96859960898,0.0,0,,-0.041745999176735826
2021-03-25,100979.96859960898,0.0,0,,-0.041745999176735826
2021-03-26,100979.96859960898,0.0,0,,-0.041745999176735826
2021-03-29,100219.96179585658,-0.00752631253794378,1,126.29653876168388,-0.04895811827766672
2021-03-30,99280.88691463116,-0.009370138088241053,0,,-0.05786951203710555
2021-03-31,99280.88691463116,0.0,0,,-0.05786951203710555
2021-04-01,101018.919274757,0.01750621307019884,1,135.04513113839286,-0.04137637497489688
2021-04-05,103057.313391584,0.02017834017094211,1,137.98155920846122,-0.022032941373238524
2021-04-06,101905.97754605672,-0.011171801472764864,1,137.98155920846122,-0.03295859519912048
2021-04-07,101839.3243054586,-0.0006540660538582044,1,137.98155920846122,-0.033591104154676144
2021-04-08,102999.85442691436,0.01139569738281887,1,139.48154394967216,-0.022578200829558637
2021-04-09,102678.12840778365,-0.0031235579984144612,1,139.48154394967216,-0.025631234508182166
2021-04-12,101575.04673123104,-0.010743102680755401,1,139.48154394967216,-0.036098978204781695
2021-04-13,101414.18898154893,-0.0015836345131865492,1,139.48154394967216,-0.03762544513019228
2021-04-14,100299.61971996899,-0.010990269436387368,1,139.48154394967216,-0.048202200786934934
2021-04-15,101979.51071395141,0.01674872744954148,1,139.6384538922991,-0.03226079886084188
2021-04-16,101501.51356333632,-0.004687188115226948,1,139.93500627790178,-0.03679677454306052
2021-04-19,98833.44830237408,-0.02628596527575322,1,139.93500627790178,-0.062115501080915014
2021-04-20,97424.72532968232,-0.01425350422239513,1,139.93500627790178,-0.07548364174637712
2021-04-21,99980.18700993713,0.026230114291902806,1,139.93500627790178,-0.05123347200465078
2021-04-22,97803.89979371618,-0.02176718489238927,1,139.93500627790178,-0.07188544843923572
2021-04-23,99587.21061224407,0.018233534882445168,1,139.93500627790178,-0.05496263938844759
2021-04-26,101411.88515268355,0.01832237823734295,1,139.93500627790178,-0.03764730741890243
2021-04-27,100651.22187598396,-0.007500731058833532,1,139.93500627790178,-0.04486565614969751
2021-04-28,99123.00487552167,-0.015183293078600335,1,139.93500627790178,-0.059367740821813175
2021-04-29,99766.46743354961,0.006491556211759342,1,139.93500627790178,-0.05326157363676387
2021-04-30,96985.78807211343,-0.02787188353930925,1,139.93500627790178,-0.07964895679854889
2021-05-03,97528.69867278216,0.005597836667214029,0,,-0.074496981982207
2021-05-04,97528.69867278216,0.0,0,,-0.074496981982207
2021-05-05,97528.69867278216,0.0,0,,-0.074496981982207
2021-05-06,97528.69867278216,0.0,0,,-0.074496981982207
2021-05-07,97528.69867278216,0.0,0,,-0.074496981982207
2021-05-10,97528.69867278216,0.0,0,,-0.074496981982207
2021-05-11,97528.69867278216,0.0,0,,-0.074496981982207
2021-05-12,97528.69867278216,0.0,0,,-0.074496981982207
2021-05-13,97528.69867278216,0.0,0,,-0.074496981982207
2021-05-14,97528.69867278216,0.0,0,,-0.074496981982207
2021-05-17,97528.69867278216,0.0,0,,-0.074496981982207
2021-05-18,97528.69867278216,0.0,0,,-0.074496981982207
2021-05-19,97528.69867278216,0.0,0,,-0.074496981982207
2021-05-20,97528.69867278216,0.0,0,,-0.074496981982207
2021-05-21,97528.69867278216,0.0,0,,-0.074496981982207
2021-05-24,97528.69867278216,0.0,0,,-0.074496981982207
2021-05-25,97528.69867278216,0.0,0,,-0.074496981982207
2021-05-26,97528.69867278216,0.0,0,,-0.074496981982207
2021-05-27,97528.69867278216,0.0,0,,-0.074496981982207
2021-05-28,97528.69867278216,0.0,0,,-0.074496981982207
2021-06-01,96381.88211426242,-0.011758759976562616,1,136.35951941353935,-0.08537974982866248
2021-06-02,96969.36988673145,0.006095417101033007,1,136.76368277413505,-0.079804757914817
2021-06-03,95302.95503758192,-0.0171849610974687,1,136.76368277413505,-0.09561827735212658
2021-06-04,97617.17810147147,0.02428280490334167,1,138.0958355494908,-0.07365735242292026
2021-06-07,96857.68657252842,-0.007780306127611825,1,138.0958355494908,-0.08086458180013234
2021-06-08,96303.69765899815,-0.005719617442188518,1,138.0958355494908,-0.08612168476980164
2021-06-09,95830.13259331688,-0.004917413112818458,1,138.0958355494908,-0.09061560198063501
2021-06-10,96815.24036878765,0.010279728816105838,1,138.13368824550085,-0.08126737697939834
2021-06-11,97304.44028041438,0.005052922553962169,1,139.02737535749162,-0.0766250921874766
2021-06-14,98687.16805888686,0.01421032559755453,1,141.39428547450476,-0.06350363409884874
2021-06-15,97878.53259952267,-0.008193927085653918,1,141.39428547450476,-0.07117721703702262
2021-06-16,96958.20360041854,-0.009402766619619585,1,141.39428547450476,-0.07991072089620899
2021-06-17,98003.62159262336,0.010782151003056573,1,141.39428547450476,-0.06999017935261842
2021-06-18,95658.12883684288,-0.02393271511465267,1,141.39428547450476,-0.0922478394440015
2021-06-21,96011.073469056,0.0036896459977291407,1,141.39428547450476,-0.08889855531787594
2021-06-22,96464.53512915925,0.004723014166166939,1,141.39428547450476,-0.08459541028782713
2021-06-23,96866.6134662566,0.004168146734538247,1,141.39428547450476,-0.08077986963643702
2021-06-24,98512.92490982811,0.016995653968485236,1,141.39428547450476,-0.065157122379912
2021-06-25,98244.87268509655,-0.0027209853425519404,1,141.39428547450476,-0.06770081614750534
2021-06-28,100590.36544087702,0.02387394569992951,1,144.01106752668107,-0.04544315605612237
2021-06-29,101378.8974946632,0.007839041545679937,1,145.10440172467912,-0.037960345298733156
2021-06-30,101463.77967660784,0.0008372766329316494,1,145.40547016688757,-0.037154851975898184
2021-07-01,100009.57539508837,-0.01433225024885143,1,145.40547016688757,-0.05095458958827204
2021-07-02,100619.40596572014,0.006097721825361502,1,145.40547016688757,-0.04516757467594523
2021-07-06,100447.40220924614,-0.0017094491348180751,1,145.40547016688757,-0.046799812139311614
2021-07-07,98926.17975877531,-0.015144467821098129,1,145.40547016688757,-0.06123552171143254
2021-07-08,96696.77843879447,-0.022536009430638937,0,,-0.08239152684729245
2021-07-09,96696.77843879447,0.0,0,,-0.08239152684729245
2021-07-12,96696.77843879447,0.0,0,,-0.08239152684729245
2021-07-13,96696.77843879447,0.0,0,,-0.08239152684729245
2021-07-14,96696.77843879447,0.0,0,,-0.08239152684729245
2021-07-15,96696.77843879447,0.0,0,,-0.08239152684729245
2021-07-16,96696.77843879447,0.0,0,,-0.08239152684729245
2021-07-19,96696.77843879447,0.0,0,,-0.08239152684729245
2021-07-20,96696.77843879447,0.0,0,,-0.08239152684729245
2021-07-21,99138.35424458567,0.02524981540451865,1,140.27380698067802,-0.05922208228656434
2021-07-22,98552.96390890695,-0.0059047816573037926,1,140.27380698067802,-0.06477717047867515
2021-07-23,99056.00650481656,0.0051042868317443535,1,140.27380698067802,-0.06000352490520289
2021-07-26,99087.16455829515,0.00031454986505119464,1,140.55667114257812,-0.059707849140813285
2021-07-27,97268.66725527185,-0.018352501165309176,1,140.55667114257812,-0.07696456193518764
2021-07-28,97476.1391607922,0.002132977775626932,0,,-0.07499574785967922
2021-07-29,97476.1391607922,0.0,0,,-0.07499574785967922
2021-07-30,97476.1391607922,0.0,0,,-0.07499574785967922
2021-08-02,97015.75618103427,-0.004723032566959717,1,145.54071807861328,-0.07936457306711431
2021-08-03,97754.24386261609,0.007612038607458516,1,146.09761592320032,-0.07235666065390711
2021-08-04,98750.14316613696,0.010187785861455856,1,148.04237856183732,-0.06290602895684327
2021-08-05,98767.02641686486,0.00017096937975580317,1,148.55298069545202,-0.06274581458184125
2021-08-06,98275.40315482227,-0.004977605177335143,1,148.55298069545202,-0.0674110958676577
2021-08-09,97942.0265632179,-0.0033922688780951837,1,148.55298069545202,-0.07057468818320278
2021-08-10,96804.76383998671,-0.011611590684180273,1,148.55298069545202,-0.08136679447553596
2021-08-11,96473.50248402848,-0.003421953040511516,1,148.55298069545202,-0.08451031416629529
2021-08-12,95437.51028933395,-0.010738619082126033,1,148.55298069545202,-0.0943414091760787
2021-08-13,96036.74012824132,0.006278766462900265,1,148.55298069545202,-0.0886549903891759
2021-08-16,95680.1538961912,-0.003713018908950372,1,148.55298069545202,-0.09203883164243853
2021-08-17,93891.01022744687,-0.018699213952827476,0,,-0.10901699179041568
2021-08-18,93891.01022744687,0.0,0,,-0.10901699179041568
2021-08-19,93891.01022744687,0.0,0,,-0.10901699179041568
2021-08-20,93891.01022744687,0.0,0,,-0.10901699179041568
2021-08-23,95399.07214252274,0.016061835008726266,1,146.05642155238561,-0.09470616971697488
2021-08-24,95399.07214252274,0.0,1,146.26237433297294,-0.09470616971697488
2021-08-25,96125.58477484655,0.007615510465745601,1,147.36857550484794,-0.08781189507787956
2021-08-26,96215.09216792138,0.000931150570209649,1,147.3916620526995,-0.08696251060384286
2021-08-27,98051.13246048866,0.0190826641766646,1,150.08880724225725,-0.06953932281299091
2021-08-30,98246.81374621116,0.0019957065340510116,1,150.6384560721261,-0.0676823963598513
2021-08-31,97462.02077575836,-0.007987973762488276,1,150.6384560721261,-0.07512972491603476
2021-09-01,96931.18942915705,-0.005446545663388647,1,150.6384560721261,-0.08016707310199045
2021-09-02,97245.15132338891,0.0032390182776136367,0,,-0.07718771743941699
2021-09-03,97245.15132338891,0.0,0,,-0.07718771743941699
2021-09-07,96693.48096278385,-0.005672985779727746,1,150.58761269705636,-0.08242281839574128
2021-09-08,95454.80288206758,-0.012810357724043708,1,150.58761269705636,-0.09417731033151167
2021-09-09,95790.75268097188,0.003519464592256938,1,150.58761269705636,-0.09098929944836043
2021-09-10,96551.2721524355,0.007939382979863518,1,150.58761269705636,-0.08377231536388707
2021-09-13,97476.67195095065,0.00958454278110521,1,152.08630425589425,-0.07499069192325925
2021-09-14,97480.79490259413,4.229680354250753e-05,1,152.08630425589425,-0.07495156698628058
2021-09-15,98041.40311004451,0.00575096056623825,1,152.8978625706264,-0.06963164992615811
2021-09-16,98228.95495379926,0.0019129861242828117,1,153.06309727260046,-0.06785186818199485
2021-09-17,96662.5635427937,-0.015946330811951515,1,153.06309727260046,-0.0827162106577074
2021-09-20,94459.62885390756,-0.02278994688477165,0,,-0.10362105949508027
2021-09-21,94459.62885390756,0.0,0,,-0.10362105949508027
2021-09-22,94459.62885390756,0.0,0,,-0.10362105949508027
2021-09-23,94459.62885390756,0.0,0,,-0.10362105949508027
2021-09-24,94459.62885390756,0.0,0,,-0.10362105949508027
2021-09-27,94459.62885390756,0.0,0,,-0.10362105949508027
2021-09-28,94459.62885390756,0.0,0,,-0.10362105949508027
2021-09-29,94459.62885390756,0.0,0,,-0.10362105949508027
2021-09-30,94459.62885390756,0.0,0,,-0.10362105949508027
2021-10-01,94459.62885390756,0.0,0,,-0.10362105949508027
2021-10-04,94459.62885390756,0.0,0,,-0.10362105949508027
2021-10-05,94459.62885390756,0.0,0,,-0.10362105949508027
2021-10-06,94459.62885390756,0.0,0,,-0.10362105949508027
2021-10-07,94459.62885390756,0.0,0,,-0.10362105949508027
2021-10-08,94459.62885390756,0.0,0,,-0.10362105949508027
2021-10-11,94459.62885390756,0.0,0,,-0.10362105949508027
2021-10-12,94459.62885390756,0.0,0,,-0.10362105949508027
2021-10-13,94459.62885390756,0.0,0,,-0.10362105949508027
2021-10-14,94459.62885390756,0.0,0,,-0.10362105949508027
2021-10-15,94459.62885390756,0.0,0,,-0.10362105949508027
2021-10-18,94459.62885390756,0.0,0,,-0.10362105949508027
2021-10-19,95255.37542326414,0.008424197501212705,1,147.12475858415877,-0.09606978626433893
2021-10-20,95058.07059725787,-0.0020713248478581026,1,147.12475858415877,-0.09794211937677932
2021-10-21,94305.96880849093,-0.007912024555531416,0,,-0.10507922347878096
2021-10-22,94305.96880849093,0.0,0,,-0.10507922347878096
2021-10-25,94305.96880849093,0.0,0,,-0.10507922347878096
2021-10-26,94305.96880849093,0.0,0,,-0.10507922347878096
2021-10-27,94060.91184464017,-0.002598530792344622,1,147.80536488124304,-0.10740470267328028
2021-10-28,96181.90956943018,0.022549193742595675,1,151.06083515712194,-0.08727739838013027
2021-10-29,96611.40536575783,0.00446545299683021,1,151.82012721470423,-0.08320167850345228
2021-11-01,98186.88174521443,0.01630735391429261,1,154.53582981654577,-0.06825112380677867
2021-11-02,99408.18762051832,0.012438585008464509,1,156.47333145141602,-0.056661486203708145
2021-11-03,100554.186839296,0.011528217606706859,1,158.7148884364537,-0.04578647453987694
2021-11-04,103937.20001404508,0.03364368288468933,1,163.389408656529,-0.013683217285015092
2021-11-05,105091.33369349429,0.011104144418872641,1,165.24786049979073,-0.0027310132869901027
2021-11-08,106512.12487065047,0.013519584605330204,1,167.35191563197546,0.0
2021-11-09,106512.12487065047,0.0,1,167.35191563197546,0.0
2021-11-10,103371.32854029625,-0.02948768822487058,1,167.35191563197546,-0.02948768822487058
2021-11-11,105557.46717522916,0.021148404163933154,1,167.35191563197546,-0.008962901609376961
2021-11-12,106589.47213071286,0.009776711994903486,1,167.35191563197546,0.0
2021-11-15,106510.0842671143,-0.0007448002322518743,1,167.35191563197546,-0.0007448002322518743
2021-11-16,108105.92941063503,0.014983042727846785,1,168.11370086669922,0.0
2021-11-17,107352.7883027778,-0.006966695647159682,1,168.11370086669922,-0.006966695647159682
2021-11-18,109148.10943032643,0.016723563085153437,1,169.78643417358398,0.0
2021-11-19,109451.39529561625,0.0027786634772948293,1,170.3283293587821,0.0
2021-11-22,107865.7345341276,-0.014487350820937106,1,170.3283293587821,-0.014487350820937106
2021-11-23,107432.16684855198,-0.004019512660329072,1,170.3283293587821,-0.018448631391226766
2021-11-24,108612.7631492007,0.010989225436670358,1,170.3283293587821,-0.007662142123912585
2021-11-26,105590.03297138843,-0.027830340469839343,1,170.3283293587821,-0.03527924256971515
2021-11-29,109648.83999393236,0.03843930064539092,1,170.3283293587821,0.0
2021-11-30,107727.31825317026,-0.017524323475455184,1,170.3283293587821,-0.017524323475455184
2021-12-01,106866.29537480316,-0.007992614058614289,1,170.3283293587821,-0.025376872379891835
2021-12-02,107020.9992127523,0.00144763919631119,1,170.3283293587821,-0.023965969738717452
2021-12-03,106750.27914362175,-0.0025295976595431924,1,170.3283293587821,-0.02643494313730088
2021-12-06,103855.47744625685,-0.02711750939283486,0,,-0.052835602711310936
2021-12-07,103855.47744625685,0.0,0,,-0.052835602711310936
2021-12-08,103855.47744625685,0.0,0,,-0.052835602711310936
2021-12-09,103855.47744625685,0.0,0,,-0.052835602711310936
2021-12-10,103855.47744625685,0.0,0,,-0.052835602711310936
2021-12-13,103855.47744625685,0.0,0,,-0.052835602711310936
2021-12-14,103855.47744625685,0.0,0,,-0.052835602711310936
2021-12-15,103855.47744625685,0.0,0,,-0.052835602711310936
2021-12-16,98773.85250184244,-0.04892977307859425,1,166.09046718052454,-0.09918014173876988
2021-12-17,97654.54357335517,-0.011332036770221099,0,,-0.1093882654959315
2021-12-20,97654.54357335517,0.0,0,,-0.1093882654959315
2021-12-21,97654.54357335517,0.0,0,,-0.1093882654959315
2021-12-22,99031.76526083169,0.014102996512824761,1,164.2373809814453,-0.09682797130993992
2021-12-23,99989.48854957434,0.009670869606536625,1,166.6342898777553,-0.08809351238820717
2021-12-27,102729.53573348245,0.02740335232887614,1,171.75584193638392,-0.0631042176171932
2021-12-28,101596.16904552915,-0.011032530030055443,1,171.75584193638392,-0.07344054847136383
2021-12-29,101751.47460980975,0.0015286557134945866,1,171.75584193638392,-0.07202415807189222
2021-12-30,100571.88864738581,-0.011592814423057152,1,171.75584193638392,-0.08278200979644501
2021-12-31,100268.66617046588,-0.0030149824269788406,1,171.75584193638392,-0.08554740591861754
2022-01-03,102261.76553009148,0.019877589238468163,1,173.25833293369837,-0.0673702928754163
2022-01-04,101947.45584395042,-0.0030735796953219596,1,173.25833293369837,-0.0702368046064884
2022-01-05,98484.49722826973,-0.03396807293535009,1,173.25833293369837,-0.10181906864021939
2022-01-06,98321.99844345333,-0.001649993546088413,0,,-0.10330106138018269
2022-01-07,98321.99844345333,0.0,0,,-0.10330106138018269
2022-01-10,98321.99844345333,0.0,0,,-0.10330106138018269
2022-01-11,98321.99844345333,0.0,0,,-0.10330106138018269
2022-01-12,97949.60906723244,-0.0037874471849252966,1,167.76261629377092,-0.10669726125098378
2022-01-13,95663.48933968494,-0.023339753464236,1,167.76261629377092,-0.12754672694231262
2022-01-14,94763.36956071974,-0.009409230053997075,0,,-0.1357558404998751
2022-01-18,91859.74948943248,-0.03064074319800092,1,163.35393251691545,-0.16223692385149058
2022-01-19,92466.51346211013,0.006605330147862576,0,,-0.15670322214784072
2022-01-20,92466.51346211013,0.0,0,,-0.15670322214784072
2022-01-21,92466.51346211013,0.0,0,,-0.15670322214784072
2022-01-24,92466.51346211013,0.0,0,,-0.15670322214784072
2022-01-25,92466.51346211013,0.0,0,,-0.15670322214784072
2022-01-26,92466.51346211013,0.0,0,,-0.15670322214784072
2022-01-27,92466.51346211013,0.0,0,,-0.15670322214784072
2022-01-28,92466.51346211013,0.0,0,,-0.15670322214784072
2022-01-31,92466.51346211013,0.0,0,,-0.15670322214784072
2022-02-01,92466.51346211013,0.0,0,,-0.15670322214784072
2022-02-02,92466.51346211013,0.0,0,,-0.15670322214784072
2022-02-03,92466.51346211013,0.0,0,,-0.15670322214784072
2022-02-04,92466.51346211013,0.0,0,,-0.15670322214784072
2022-02-07,92466.51346211013,0.0,0,,-0.15670322214784072
2022-02-08,92466.51346211013,0.0,0,,-0.15670322214784072
2022-02-09,92466.51346211013,0.0,0,,-0.15670322214784072
2022-02-10,92466.51346211013,0.0,0,,-0.15670322214784072
2022-02-11,92466.51346211013,0.0,0,,-0.15670322214784072
2022-02-14,92466.51346211013,0.0,0,,-0.15670322214784072
2022-02-15,92466.51346211013,0.0,0,,-0.15670322214784072
2022-02-16,92466.51346211013,0.0,0,,-0.15670322214784072
2022-02-17,92466.51346211013,0.0,0,,-0.15670322214784072
2022-02-18,92466.51346211013,0.0,0,,-0.15670322214784072
2022-02-22,92466.51346211013,0.0,0,,-0.15670322214784072
2022-02-23,92466.51346211013,0.0,0,,-0.15670322214784072
2022-02-24,92466.51346211013,0.0,0,,-0.15670322214784072
2022-02-25,93870.69691093237,0.015185859142376135,1,142.63607570103235,-0.14389703606415816
2022-02-28,93300.06154956753,-0.006078950941487915,1,142.63607570103235,-0.14910124398278646
2022-03-01,89917.60225017543,-0.036253559142563896,1,142.63607570103235,-0.1799493523583906
2022-03-02,90529.32466362824,0.0068031441913989354,0,,-0.17437042955823456
2022-03-03,90529.32466362824,0.0,0,,-0.17437042955823456
2022-03-04,90529.32466362824,0.0,0,,-0.17437042955823456
2022-03-07,90529.32466362824,0.0,0,,-0.17437042955823456
2022-03-08,90529.32466362824,0.0,0,,-0.17437042955823456
2022-03-09,90529.32466362824,0.0,0,,-0.17437042955823456
2022-03-10,90529.32466362824,0.0,0,,-0.17437042955823456
2022-03-11,90529.32466362824,0.0,0,,-0.17437042955823456
2022-03-14,90529.32466362824,0.0,0,,-0.17437042955823456
2022-03-15,90529.32466362824,0.0,0,,-0.17437042955823456
2022-03-16,90529.32466362824,0.0,0,,-0.17437042955823456
2022-03-17,90529.32466362824,0.0,0,,-0.17437042955823456
2022-03-18,90529.32466362824,0.0,0,,-0.17437042955823456
2022-03-21,90564.04128179711,0.00038348478018424004,1,141.99905341012138,-0.1740538131839
2022-03-22,91065.38025698099,0.005535739881835866,1,143.36286762782507,-0.1694815899372918
2022-03-23,88771.08983304439,-0.02519388177441584,1,143.36286762782507,-0.1904055725718875
2022-03-24,93076.46474494056,0.04849974152613745,1,146.66440745762415,-0.15114045210062288
2022-03-25,92865.97858134017,-0.00226143272821111,1,147.324524470738,-0.15306009086389694
2022-03-28,93587.36888411327,0.0077680794817795995,1,149.45619147164481,-0.14648099433343653
2022-03-29,95732.40070514723,0.02292009965244457,1,153.76725878034318,-0.12691825366830345
2022-03-30,92670.80368756806,-0.03198078179412622,1,153.76725878034318,-0.1548400904861722
2022-03-31,90562.12299341474,-0.022754531203404205,1,153.76725878034318,-0.1740713080190709
2022-04-01,88137.68795688015,-0.026770960710703284,0,,-0.1961822125819349
2022-04-04,88137.68795688015,0.0,0,,-0.1961822125819349
2022-04-05,88137.68795688015,0.0,0,,-0.1961822125819349
2022-04-06,88137.68795688015,0.0,0,,-0.1961822125819349
2022-04-07,88137.68795688015,0.0,0,,-0.1961822125819349
2022-04-08,88137.68795688015,0.0,0,,-0.1961822125819349
2022-04-11,88137.68795688015,0.0,0,,-0.1961822125819349
2022-04-12,88137.68795688015,0.0,0,,-0.1961822125819349
2022-04-13,88137.68795688015,0.0,0,,-0.1961822125819349
2022-04-14,88137.68795688015,0.0,0,,-0.1961822125819349
2022-04-18,88137.68795688015,0.0,0,,-0.1961822125819349
2022-04-19,88137.68795688015,0.0,0,,-0.1961822125819349
2022-04-20,88137.68795688015,0.0,0,,-0.1961822125819349
2022-04-21,88137.68795688015,0.0,0,,-0.1961822125819349
2022-04-22,88137.68795688015,0.0,0,,-0.1961822125819349
2022-04-25,88137.68795688015,0.0,0,,-0.1961822125819349
2022-04-26,88137.68795688015,0.0,0,,-0.1961822125819349
2022-04-27,88137.68795688015,0.0,0,,-0.1961822125819349
2022-04-28,88137.68795688015,0.0,0,,-0.1961822125819349
2022-04-29,88137.68795688015,0.0,0,,-0.1961822125819349
2022-05-02,88137.68795688015,0.0,0,,-0.1961822125819349
2022-05-03,88137.68795688015,0.0,0,,-0.1961822125819349
2022-05-04,88137.68795688015,0.0,0,,-0.1961822125819349
2022-05-05,88137.68795688015,0.0,0,,-0.1961822125819349
2022-05-06,88137.68795688015,0.0,0,,-0.1961822125819349
2022-05-09,88137.68795688015,0.0,0,,-0.1961822125819349
2022-05-10,88137.68795688015,0.0,0,,-0.1961822125819349
2022-05-11,88137.68795688015,0.0,0,,-0.1961822125819349
2022-05-12,88137.68795688015,0.0,0,,-0.1961822125819349
2022-05-13,88137.68795688015,0.0,0,,-0.1961822125819349
2022-05-16,88137.68795688015,0.0,0,,-0.1961822125819349
2022-05-17,88137.68795688015,0.0,0,,-0.1961822125819349
2022-05-18,88137.68795688015,0.0,0,,-0.1961822125819349
2022-05-19,88137.68795688015,0.0,0,,-0.1961822125819349
2022-05-20,88137.68795688015,0.0,0,,-0.1961822125819349
2022-05-23,88137.68795688015,0.0,0,,-0.1961822125819349
2022-05-24,88137.68795688015,0.0,0,,-0.1961822125819349
2022-05-25,88137.68795688015,0.0,0,,-0.1961822125819349
2022-05-26,88137.68795688015,0.0,0,,-0.1961822125819349
2022-05-27,88137.68795688015,0.0,0,,-0.1961822125819349
2022-05-31,87705.18467126318,-0.004907132188770036,1,128.3672673361642,-0.20012665272047991
2022-06-01,86313.89248934534,-0.01586328319280883,1,128.3672673361642,-0.21281527014675494
2022-06-02,89320.81864277045,0.03483710520639871,1,130.73475592476981,-0.18539203289598682
2022-06-03,86649.36882244209,-0.029908478906945035,1,130.73475592476981,-0.20975571809754656
2022-06-06,86799.61149498461,0.001733915371621375,1,130.73475592476981,-0.20838550138982004
2022-06-07,87493.20372611948,0.007990729672504804,1,130.73475592476981,-0.20205992392659067
2022-06-08,85630.58840008145,-0.021288685826028053,1,130.73475592476981,-0.21904701951411432
2022-06-09,83074.39026428391,-0.029851460600206714,1,130.73475592476981,-0.24235960664170275
2022-06-10,80599.68904925649,-0.02978897837413763,0,,-0.26492893993482614
2022-06-13,80599.68904925649,0.0,0,,-0.26492893993482614
2022-06-14,80599.68904925649,0.0,0,,-0.26492893993482614
2022-06-15,80599.68904925649,0.0,0,,-0.26492893993482614
2022-06-16,80599.68904925649,0.0,0,,-0.26492893993482614
2022-06-17,80599.68904925649,0.0,0,,-0.26492893993482614
2022-06-21,80599.68904925649,0.0,0,,-0.26492893993482614
2022-06-22,80599.68904925649,0.0,0,,-0.26492893993482614
2022-06-23,80599.68904925649,0.0,0,,-0.26492893993482614
2022-06-24,80599.68904925649,0.0,0,,-0.26492893993482614
2022-06-27,80599.68904925649,0.0,0,,-0.26492893993482614
2022-06-28,80599.68904925649,0.0,0,,-0.26492893993482614
2022-06-29,80599.68904925649,0.0,0,,-0.26492893993482614
2022-06-30,80599.68904925649,0.0,0,,-0.26492893993482614
2022-07-01,80599.68904925649,0.0,0,,-0.26492893993482614
2022-07-05,80599.68904925649,0.0,0,,-0.26492893993482614
2022-07-06,80599.68904925649,0.0,0,,-0.26492893993482614
2022-07-07,80599.68904925649,0.0,0,,-0.26492893993482614
2022-07-08,80599.68904925649,0.0,0,,-0.26492893993482614
2022-07-11,80599.68904925649,0.0,0,,-0.26492893993482614
2022-07-12,80599.68904925649,0.0,0,,-0.26492893993482614
2022-07-13,80599.68904925649,0.0,0,,-0.26492893993482614
2022-07-14,80599.68904925649,0.0,0,,-0.26492893993482614
2022-07-15,80599.68904925649,0.0,0,,-0.26492893993482614
2022-07-18,80599.68904925649,0.0,0,,-0.26492893993482614
2022-07-19,82721.30834825918,0.026322921639388985,1,117.6029725755964,-0.24557972202134803
2022-07-20,84830.2256867169,0.025494245443739016,1,120.77082633972168,-0.2263463462868266
2022-07-21,86216.0879036205,0.0163368917822011,1,123.04666219438825,-0.2137072502692099
2022-07-22,84092.1085586116,-0.024635533769326923,1,123.04666219438825,-0.23307799185777978
2022-07-25,83560.57438628437,-0.006320856753838644,1,123.04666219438825,-0.23792559601261298
2022-07-26,82168.25491281158,-0.01666239711369577,1,123.04666219438825,-0.25062358236203386
2022-07-27,85927.73273307373,0.045753409564938785,1,123.04666219438825,-0.2163370562075374
2022-07-28,86986.49624001539,0.012321557584099141,1,124.35071836199079,-0.20668110811907392
2022-07-29,87655.75566649043,0.0076938312888059635,1,125.33202852521624,-0.20057744640671948
2022-08-01,87993.61154529073,0.0038543490525113633,1,125.60535894121442,-0.19749619284472109
2022-08-02,87825.75242715336,-0.0019076284651751152,1,125.60535894121442,-0.19902707195066194
2022-08-03,90266.08316417303,0.027786049872374097,1,129.33667155674524,-0.1767711982254615
2022-08-04,90918.12323979689,0.007223533499708168,1,130.5216666630336,-0.17082457739791845
2022-08-05,90210.13012479391,-0.007787150567721723,1,130.5216666630336,-0.17728149126077508
2022-08-08,88845.78224556708,-0.015124109424733523,1,130.5216666630336,-0.18972437601270065
2022-08-09,84136.79360655832,-0.05300182541016141,0,,-0.2326704631693851
2022-08-10,84136.79360655832,0.0,0,,-0.2326704631693851
2022-08-11,84136.79360655832,0.0,0,,-0.2326704631693851
2022-08-12,84136.79360655832,0.0,0,,-0.2326704631693851
2022-08-15,84136.79360655832,0.0,0,,-0.2326704631693851
2022-08-16,84136.79360655832,0.0,0,,-0.2326704631693851
2022-08-17,84136.79360655832,0.0,0,,-0.2326704631693851
2022-08-18,84136.79360655832,0.0,0,,-0.2326704631693851
2022-08-19,84136.79360655832,0.0,0,,-0.2326704631693851
2022-08-22,84136.79360655832,0.0,0,,-0.2326704631693851
2022-08-23,84136.79360655832,0.0,0,,-0.2326704631693851
2022-08-24,84136.79360655832,0.0,0,,-0.2326704631693851
2022-08-25,84136.79360655832,0.0,0,,-0.2326704631693851
2022-08-26,79423.91720755871,-0.05601445214370815,1,125.03107070922852,-0.2756520067886373
2022-08-29,78461.96975546426,-0.012111558909649212,0,,-0.28442499017950285
2022-08-30,78461.96975546426,0.0,0,,-0.28442499017950285
2022-08-31,78461.96975546426,0.0,0,,-0.28442499017950285
2022-09-01,78461.96975546426,0.0,0,,-0.28442499017950285
2022-09-02,78461.96975546426,0.0,0,,-0.28442499017950285
2022-09-06,78461.96975546426,0.0,0,,-0.28442499017950285
2022-09-07,78461.96975546426,0.0,0,,-0.28442499017950285
2022-09-08,78461.96975546426,0.0,0,,-0.28442499017950285
2022-09-09,78461.96975546426,0.0,0,,-0.28442499017950285
2022-09-12,78461.96975546426,0.0,0,,-0.28442499017950285
2022-09-13,78461.96975546426,0.0,0,,-0.28442499017950285
2022-09-14,78461.96975546426,0.0,0,,-0.28442499017950285
2022-09-15,78461.96975546426,0.0,0,,-0.28442499017950285
2022-09-16,78461.96975546426,0.0,0,,-0.28442499017950285
2022-09-19,78461.96975546426,0.0,0,,-0.28442499017950285
2022-09-20,78461.96975546426,0.0,0,,-0.28442499017950285
2022-09-21,78461.96975546426,0.0,0,,-0.28442499017950285
2022-09-22,78461.96975546426,0.0,0,,-0.28442499017950285
2022-09-23,78461.96975546426,0.0,0,,-0.28442499017950285
2022-09-26,78461.96975546426,0.0,0,,-0.28442499017950285
2022-09-27,78461.96975546426,0.0,0,,-0.28442499017950285
2022-09-28,78461.96975546426,0.0,0,,-0.28442499017950285
2022-09-29,78461.96975546426,0.0,0,,-0.28442499017950285
2022-09-30,78461.96975546426,0.0,0,,-0.28442499017950285
2022-10-03,78461.96975546426,0.0,0,,-0.28442499017950285
2022-10-04,78461.96975546426,0.0,0,,-0.28442499017950285
2022-10-05,78461.96975546426,0.0,0,,-0.28442499017950285
2022-10-06,78461.96975546426,0.0,0,,-0.28442499017950285
2022-10-07,78461.96975546426,0.0,0,,-0.28442499017950285
2022-10-10,78461.96975546426,0.0,0,,-0.28442499017950285
2022-10-11,78461.96975546426,0.0,0,,-0.28442499017950285
2022-10-12,78461.96975546426,0.0,0,,-0.28442499017950285
2022-10-13,78461.96975546426,0.0,0,,-0.28442499017950285
2022-10-14,78461.96975546426,0.0,0,,-0.28442499017950285
2022-10-17,78461.96975546426,0.0,0,,-0.28442499017950285
2022-10-18,78461.96975546426,0.0,0,,-0.28442499017950285
2022-10-19,78461.96975546426,0.0,0,,-0.28442499017950285
2022-10-20,78461.96975546426,0.0,0,,-0.28442499017950285
2022-10-21,78461.96975546426,0.0,0,,-0.28442499017950285
2022-10-24,78461.96975546426,0.0,0,,-0.28442499017950285
2022-10-25,78461.96975546426,0.0,0,,-0.28442499017950285
2022-10-26,79209.31739466045,0.009524966573301485,1,97.29976109095982,-0.27760916213027276
2022-10-27,79608.16195008937,0.00503532372892046,0,,-0.2739716904027927
2022-10-28,79608.16195008937,0.0,0,,-0.2739716904027927
2022-10-31,78465.0959358732,-0.014358653512598574,1,99.36750221252441,-0.2843964793406366
2022-11-01,79921.64276016367,0.018562990421637338,0,,-0.27111273804094693
2022-11-02,79921.64276016367,0.0,0,,-0.27111273804094693
2022-11-03,79921.64276016367,0.0,0,,-0.27111273804094693
2022-11-04,79921.64276016367,0.0,0,,-0.27111273804094693
2022-11-07,80777.68349738668,0.010711000270501092,1,102.49678475516183,-0.2633056263809387
2022-11-08,82556.1339453119,0.022016606207613698,1,104.75809451511928,-0.24708611646160317
2022-11-09,79917.2959141887,-0.03196416674345803,1,104.75809451511928,-0.27115238137848896
2022-11-10,88187.08967192963,0.1034793990855325,1,111.32047217232841,-0.19573166777861362
2022-11-11,90886.00680890522,0.030604447283791858,1,114.65070915222168,-0.171117480003121
2022-11-14,89891.03806806354,-0.010947435978056252,1,114.65070915222168,-0.1801916183241168
2022-11-15,92496.22255866259,0.028981581997378436,1,116.79296575273786,-0.1564322744884391
2022-11-16,88677.36531975209,-0.041286629153839405,1,116.79296575273786,-0.19126034233778277
2022-11-17,89371.9220291054,0.00783240127679563,1,116.79296575273786,-0.18492596881051393
2022-11-18,89571.39544198992,0.0022319472196152823,1,116.79296575273786,-0.18310676659282
2022-11-21,88086.15105332578,-0.016581681923511504,1,116.79296575273786,-0.19665223035464663
2022-11-22,90710.56613851007,0.029793730953183717,1,116.79296575273786,-0.1727175030439928
2022-11-23,91806.47899869776,0.012081424544460262,1,116.79296575273786,-0.16272275198006603
2022-11-25,90583.19095309368,-0.013324637421520347,1,116.79296575273786,-0.17387916773122003
2022-11-28,88319.27250599233,-0.024992699233499893,1,116.79296575273786,-0.19452615722264233
2022-11-29,87978.00096175248,-0.0038640665231554072,1,116.79296575273786,-0.19763856173379568
2022-11-30,93255.6770239989,0.05998858810784791,1,117.96119417463031,-0.14950603190002387
2022-12-01,92585.14755639283,-0.007190226793737375,1,118.4871403830392,-0.15562127641736823
2022-12-02,91539.70950624922,-0.01129163886147988,1,118.4871403830392,-0.1651556960263807
2022-12-05,90381.31371588599,-0.012654571405256054,1,118.4871403830392,-0.17572029288328606
2022-12-06,88480.29573119071,-0.021033307732958417,1,118.4871403830392,-0.19305762162110474
2022-12-07,88290.43211485662,-0.002145829359690432,1,118.4871403830392,-0.19478918226820863
2022-12-08,90842.74897257276,0.028908193068936994,1,118.4871403830392,-0.1715119924880214
2022-12-09,90001.59198396,-0.00925948408790156,1,118.4871403830392,-0.17918336401059587
2022-12-12,91594.98646419744,0.01770406995157847,1,118.4871403830392,-0.16465156886962018
2022-12-13,92909.5923303706,0.014352377973078312,1,119.65856606619698,-0.15266233244681904
2022-12-14,91515.67676375984,-0.015002924150761876,1,119.65856606619698,-0.16537487520320282
2022-12-15,89458.64031610696,-0.022477421578413814,0,,-0.18413509599319666
2022-12-16,89458.64031610696,0.0,0,,-0.18413509599319666
2022-12-19,89458.64031610696,0.0,0,,-0.18413509599319666
2022-12-20,89458.64031610696,0.0,0,,-0.18413509599319666
2022-12-21,89458.64031610696,0.0,0,,-0.18413509599319666
2022-12-22,89458.64031610696,0.0,0,,-0.18413509599319666
2022-12-23,89458.64031610696,0.0,0,,-0.18413509599319666
2022-12-27,89458.64031610696,0.0,0,,-0.18413509599319666
2022-12-28,89458.64031610696,0.0,0,,-0.18413509599319666
2022-12-29,89458.64031610696,0.0,0,,-0.18413509599319666
2022-12-30,89458.64031610696,0.0,0,,-0.18413509599319666
2023-01-03,89458.64031610696,0.0,0,,-0.18413509599319666
2023-01-04,89458.64031610696,0.0,0,,-0.18413509599319666
2023-01-05,89458.64031610696,0.0,0,,-0.18413509599319666
2023-01-06,89458.64031610696,0.0,0,,-0.18413509599319666
2023-01-09,89458.64031610696,0.0,0,,-0.18413509599319666
2023-01-10,89458.64031610696,0.0,0,,-0.18413509599319666
2023-01-11,90421.61040858082,0.010764416819562195,1,117.53035381862095,-0.1753527860980154
2023-01-12,90773.04781963261,0.00388665286388723,0,,-0.17214766864240671
2023-01-13,90773.04781963261,0.0,0,,-0.17214766864240671
2023-01-17,91051.55390794271,0.003068158390621578,1,120.38511902945382,-0.1696076865657563
2023-01-18,90573.51292461428,-0.00525022322860913,1,120.38511902945382,-0.17396743157860728
2023-01-19,88032.59563283311,-0.028053646256339992,1,120.38511902945382,-0.19714065704931694
2023-01-20,90787.80455649958,0.031297599529586995,1,120.38511902945382,-0.17201308685505923
2023-01-23,95346.86198930435,0.0502166282693568,1,125.42226437159947,-0.13043437582576733
2023-01-24,94626.26474011489,-0.007557639907124547,1,125.42226437159947,-0.13700623968889025
2023-01-25,94882.95332296377,0.0027126568247606286,1,125.42226437159947,-0.1346652337752564
2023-01-26,96481.92096507594,0.016852001187922294,1,127.1372732434954,-0.12008261126688646
2023-01-27,95867.28914379697,-0.006370435156462739,1,127.1372732434954,-0.12568806793485476
2023-01-30,93321.66107968651,-0.026553666916481977,1,127.1372732434954,-0.14890425576001842
2023-01-31,95061.91955227913,0.01864795860316537,1,127.1372732434954,-0.1330330575541011
2023-02-01,100018.94561861384,0.052145234281836705,1,131.87368610927038,-0.08782486322565208
2023-02-02,102336.16051365051,0.023167759674977306,1,135.11798368181502,-0.0666918088753744
2023-02-03,100339.21345820901,-0.019513601501349398,1,135.11798368181502,-0.08490401299492556
2023-02-06,98709.63118585618,-0.016240731974957567,1,135.11798368181502,-0.09976584165123425
2023-02-07,101848.6979856635,0.03180101842237559,1,135.11798368181502,-0.07113747859713326
2023-02-08,99658.6523839188,-0.021502931751302023,1,135.11798368181502,-0.0911107460012015
2023-02-09,99912.98019070335,0.0025519892222183316,1,135.11798368181502,-0.08879127042080659
2023-02-10,98323.43409324976,-0.015909305221600167,1,135.11798368181502,-0.10328796822026853
2023-02-13,99769.32858415857,0.014705492177353507,1,135.11798368181502,-0.090101376451593
2023-02-14,101580.2378618911,0.018150961858032,1,135.11798368181502,-0.07358584124088996
2023-02-15,101994.69958847323,0.004080141327741593,1,135.11798368181502,-0.0698059405451319
2023-02-16,99493.80769179192,-0.02451982217479798,1,135.11798368181502,-0.09261413347101877
2023-02-17,97944.29776923757,-0.015573933277881591,1,135.11798368181502,-0.10674570041363396
2023-02-21,95312.93300521858,-0.026865931186914382,0,,-0.1307438089587366
2023-02-22,95312.93300521858,0.0,0,,-0.1307438089587366
2023-02-23,95312.93300521858,0.0,0,,-0.1307438089587366
2023-02-24,95153.78507844747,-0.001669741154250226,1,125.59213965279716,-0.13219524179450504
2023-02-27,96598.93929100901,0.015187564124434116,0,,-0.11901540138177014
2023-02-28,97010.52956760787,0.0042608156944552444,1,127.2861911228725,-0.11526168837740425
2023-03-01,97036.56772346588,0.00026840546045958646,1,127.58000128609794,-0.11502421978348698
2023-03-02,97812.9772039877,0.008001205099652964,1,128.65309960501534,-0.10794334705774922
2023-03-03,97644.98673198312,-0.0017174660950584064,0,,-0.10947542411404887
2023-03-06,97644.98673198312,0.0,0,,-0.10947542411404887
2023-03-07,97644.98673198312,0.0,0,,-0.10947542411404887
2023-03-08,97644.98673198312,0.0,0,,-0.10947542411404887
2023-03-09,97644.98673198312,0.0,0,,-0.10947542411404887
2023-03-10,97644.98673198312,0.0,0,,-0.10947542411404887
2023-03-13,97644.98673198312,0.0,0,,-0.10947542411404887
2023-03-14,97644.98673198312,0.0,0,,-0.10947542411404887
2023-03-15,97644.98673198312,0.0,0,,-0.10947542411404887
2023-03-16,97644.98673198312,0.0,0,,-0.10947542411404887
2023-03-17,97644.98673198312,0.0,0,,-0.10947542411404887
2023-03-20,98338.16710100375,0.00709898574642942,1,133.21631513323103,-0.10315360284298947
2023-03-21,98532.57803685663,0.0019769631831068057,1,133.21631513323103,-0.10138057053490823
2023-03-22,97553.63395669873,-0.00993523258664486,1,133.21631513323103,-0.11030856357352203
2023-03-23,99959.82527515823,0.02466531712726905,1,134.72130257742745,-0.08836404214864735
2023-03-24,98226.08345880723,-0.017344386222950536,1,134.72130257742745,-0.10417580829635065
2023-03-27,97073.31288376408,-0.011735890656035197,1,134.72130257742745,-0.1146891030572158
2023-03-28,96345.96804900389,-0.0074927373255625485,1,134.72130257742745,-0.12132250505946629
2023-03-29,99442.9108038605,0.03214397880440045,1,134.72130257742745,-0.09307831428619417
2023-03-30,101080.57793541046,0.016468415076666965,1,136.40582711356026,-0.07814275152382866
2023-03-31,101707.28307201157,0.006200054940342481,1,137.67868150983537,-0.0724271859361234
2023-04-03,100828.97869001275,-0.008635609520480036,1,137.67868150983537,-0.08043734256019186
2023-04-04,98948.8632802094,-0.018646577940490183,1,137.67868150983537,-0.0975840393233075
2023-04-05,97233.423398147,-0.017336630509887874,1,137.67868150983537,-0.11322889139978487
2023-04-06,96732.50741403062,-0.005151685157327557,1,137.67868150983537,-0.11779725695790744
2023-04-10,98441.08930584186,0.01766295465182388,1,137.67868150983537,-0.10221494991384039
2023-04-11,97924.17483454412,-0.005251003162833445,1,137.67868150983537,-0.10692922205138744
2023-04-12,96133.25517886241,-0.01828884091908567,1,137.67868150983537,-0.12326245143877357
2023-04-13,96924.63584320448,0.008232121786260649,1,137.67868150983537,-0.11604504116443004
2023-04-14,96773.68676617998,-0.0015573860630098135,1,137.67868150983537,-0.11742170029764887
2023-04-17,95589.37942456575,-0.012237906616864747,0,,-0.12822261111147748
2023-04-18,95589.37942456575,0.0,0,,-0.12822261111147748
2023-04-19,95589.37942456575,0.0,0,,-0.12822261111147748
2023-04-20,95589.37942456575,0.0,0,,-0.12822261111147748
2023-04-21,95589.37942456575,0.0,0,,-0.12822261111147748
2023-04-24,95589.37942456575,0.0,0,,-0.12822261111147748
2023-04-25,95589.37942456575,0.0,0,,-0.12822261111147748
2023-04-26,95589.37942456575,0.0,0,,-0.12822261111147748
2023-04-27,95589.37942456575,0.0,0,,-0.12822261111147748
2023-04-28,95589.37942456575,0.0,0,,-0.12822261111147748
2023-05-01,95589.37942456575,0.0,0,,-0.12822261111147748
2023-05-02,95589.37942456575,0.0,0,,-0.12822261111147748
2023-05-03,95589.37942456575,0.0,0,,-0.12822261111147748
2023-05-04,95589.37942456575,0.0,0,,-0.12822261111147748
2023-05-05,95589.37942456575,0.0,0,,-0.12822261111147748
2023-05-08,95589.37942456575,0.0,0,,-0.12822261111147748
2023-05-09,95589.37942456575,0.0,0,,-0.12822261111147748
2023-05-10,95589.37942456575,0.0,0,,-0.12822261111147748
2023-05-11,95589.37942456575,0.0,0,,-0.12822261111147748
2023-05-12,95589.37942456575,0.0,0,,-0.12822261111147748
2023-05-15,95589.37942456575,0.0,0,,-0.12822261111147748
2023-05-16,95589.37942456575,0.0,0,,-0.12822261111147748
2023-05-17,95589.37942456575,0.0,0,,-0.12822261111147748
2023-05-18,98025.54118644098,0.025485694922810165,1,141.09035873413086,-0.10600475853766056
2023-05-19,97521.12728208277,-0.005145739551683071,1,141.09035873413086,-0.11060502521066973
2023-05-22,97858.13255784666,0.003455715547556082,1,141.09035873413086,-0.10753152916837205
2023-05-23,96648.86409817399,-0.012357362930033866,1,141.09035873413086,-0.11856008596605083
2023-05-24,94919.76477376724,-0.017890529190807358,1,141.09035873413086,-0.13432951247801783
2023-05-25,101241.44450639094,0.06660024651020646,1,144.7855965750558,-0.07667564461244336
2023-05-26,107858.26475383632,0.0653568336535113,1,153.2143930707659,-0.016330088309143287
2023-05-30,107767.96109319122,-0.000837243774051144,1,153.2143930707659,-0.01715365981842787
2023-05-31,105001.39814092645,-0.025671479020303756,1,153.2143930707659,-0.042384779020581353
2023-06-01,106807.5923502475,0.0172016205622032,1,153.2143930707659,-0.025912245344702933
2023-06-02,106556.48444887348,-0.0023510304450135022,1,153.2143930707659,-0.028202355312012428
2023-06-05,104906.68819402611,-0.015482833009932473,1,153.2143930707659,-0.04324853596416223
2023-06-06,106173.22829198196,0.012073015741506987,1,153.2143930707659,-0.03169766047814759
2023-06-07,105873.66132483522,-0.0028214924983057665,1,153.2143930707659,-0.03442971826520047
2023-06-08,106957.37583382087,0.010235921714850882,1,153.2143930707659,-0.024546216451176495
2023-06-09,107239.31765594665,0.0026360203766016,1,153.2143930707659,-0.021974900401308783
2023-06-12,110693.11001850493,0.03220640002241515,1,155.5127399989537,0.0
2023-06-13,112175.5077277929,0.013391960069060627,1,157.54357147216797,0.0
2023-06-14,113768.042427392,0.0141968129394483,1,159.9571473257882,0.0
2023-06-15,112827.49693107941,-0.00826722053262774,1,159.9571473257882,-0.00826722053262774
2023-06-16,111785.63710000105,-0.009234095051446345,1,159.9571473257882,-0.01742497528386444
2023-06-20,110880.33181069545,-0.008098583259813052,1,159.9571473257882,-0.025382440930540984
2023-06-21,108177.65496761417,-0.024374718211481627,1,159.9571473257882,-0.049138469296820975
2023-06-22,108682.0688719724,0.004662828978029054,1,159.9571473257882,-0.044704764597365165
2023-06-23,106767.94585698527,-0.017612132662306657,1,159.9571473257882,-0.06152955101494584
2023-06-26,107113.76370525964,0.003238966953036604,1,159.9571473257882,-0.05848987624428181
2023-06-27,110856.1022778091,0.034937980359341037,1,159.9571473257882,-0.025595414032383856
2023-06-28,110001.46423892128,-0.0077094361187809435,1,159.9571473257882,-0.03310752394174832
2023-06-29,110032.30824270795,0.0002803963019952782,1,159.9571473257882,-0.03283641086703448
2023-06-30,111732.7717479731,0.015454220059750945,1,159.9571473257882,-0.017889651926795147
2023-07-03,112726.17251327875,0.008890862991803195,1,161.9840474809919,-0.00915784337924408
2023-07-05,110234.95707830926,-0.02209970745414991,1,161.9840474809919,-0.03105516517380169
2023-07-06,108845.06113127657,-0.012608486308434252,1,161.9840474809919,-0.04327209285733591
2023-07-07,108891.32209543911,0.00042501665837413327,1,161.9840474809919,-0.04286546755926879
2023-07-10,111157.867346566,0.020814746368313264,1,161.9840474809919,-0.02294295502616084
2023-07-11,111162.27363282123,3.963989558641856e-05,1,161.9840474809919,-0.02290422458691599
2023-07-12,113232.79460228204,0.018626112095367242,1,162.79893221173967,-0.0047047291461621565
2023-07-13,115572.02845206799,0.020658625074142734,1,166.13297544206893,0.0
2023-07-14,114127.07913443209,-0.01250258680226568,1,166.13297544206893,-0.01250258680226568
2023-07-17,116858.39179665496,0.02393220507295757,1,167.502863747733,0.0
2023-07-18,117074.24940798708,0.0018471725309014975,1,168.35512106759208,0.0
2023-07-19,115684.36354398928,-0.011871832371559754,1,168.35512106759208,-0.011871832371559754
2023-07-20,111082.48892153174,-0.039779573327623274,0,,-0.0511791492728253
2023-07-21,111082.48892153174,0.0,0,,-0.0511791492728253
2023-07-24,111082.48892153174,0.0,0,,-0.0511791492728253
2023-07-25,111082.48892153174,0.0,0,,-0.0511791492728253
2023-07-26,111082.48892153174,0.0,0,,-0.0511791492728253
2023-07-27,111082.48892153174,0.0,0,,-0.0511791492728253
2023-07-28,111082.48892153174,0.0,0,,-0.0511791492728253
2023-07-31,111082.48892153174,0.0,0,,-0.0511791492728253
2023-08-01,111082.48892153174,0.0,0,,-0.0511791492728253
2023-08-02,111082.48892153174,0.0,0,,-0.0511791492728253
2023-08-03,111082.48892153174,0.0,0,,-0.0511791492728253
2023-08-04,111082.48892153174,0.0,0,,-0.0511791492728253
2023-08-07,111082.48892153174,0.0,0,,-0.0511791492728253
2023-08-08,111082.48892153174,0.0,0,,-0.0511791492728253
2023-08-09,111082.48892153174,0.0,0,,-0.0511791492728253
2023-08-10,111082.48892153174,0.0,0,,-0.0511791492728253
2023-08-11,111082.48892153174,0.0,0,,-0.0511791492728253
2023-08-14,111082.48892153174,0.0,0,,-0.0511791492728253
2023-08-15,111082.48892153174,0.0,0,,-0.0511791492728253
2023-08-16,111082.48892153174,0.0,0,,-0.0511791492728253
2023-08-17,111082.48892153174,0.0,0,,-0.0511791492728253
2023-08-18,111082.48892153174,0.0,0,,-0.0511791492728253
2023-08-21,111082.48892153174,0.0,0,,-0.0511791492728253
2023-08-22,111082.48892153174,0.0,0,,-0.0511791492728253
2023-08-23,111082.48892153174,0.0,0,,-0.0511791492728253
2023-08-24,111082.48892153174,0.0,0,,-0.0511791492728253
2023-08-25,111082.48892153174,0.0,0,,-0.0511791492728253
2023-08-28,111082.48892153174,0.0,0,,-0.0511791492728253
2023-08-29,111082.48892153174,0.0,0,,-0.0511791492728253
2023-08-30,111082.48892153174,0.0,0,,-0.0511791492728253
2023-08-31,111082.48892153174,0.0,0,,-0.0511791492728253
2023-09-01,111082.48892153174,0.0,0,,-0.0511791492728253
2023-09-05,111082.48892153174,0.0,0,,-0.0511791492728253
2023-09-06,111082.48892153174,0.0,0,,-0.0511791492728253
2023-09-07,111082.48892153174,0.0,0,,-0.0511791492728253
2023-09-08,111082.48892153174,0.0,0,,-0.0511791492728253
2023-09-11,111082.48892153174,0.0,0,,-0.0511791492728253
2023-09-12,110705.76956604041,-0.003391347809621359,1,152.9174962724958,-0.05439693078666197
2023-09-13,110508.09687756158,-0.001785568080631239,0,,-0.056085369443996114
2023-09-14,110508.09687756158,0.0,0,,-0.056085369443996114
2023-09-15,107797.68034851212,-0.02452685916808872,1,155.51726041521346,-0.07923663065434172
2023-09-18,108165.07469215612,0.003408184132128067,1,155.51726041521346,-0.07609849954949321
2023-09-19,107253.30583452793,-0.008429420126812137,1,155.51726041521346,-0.08388645345258261
2023-09-20,107580.06547260852,0.0030466160044029245,0,,-0.0810954072598209
2023-09-21,107580.06547260852,0.0,0,,-0.0810954072598209
2023-09-22,107580.06547260852,0.0,0,,-0.0810954072598209
2023-09-25,107580.06547260852,0.0,0,,-0.0810954072598209
2023-09-26,107580.06547260852,0.0,0,,-0.0810954072598209
2023-09-27,107580.06547260852,0.0,0,,-0.0810954072598209
2023-09-28,107580.06547260852,0.0,0,,-0.0810954072598209
2023-09-29,107580.06547260852,0.0,0,,-0.0810954072598209
2023-10-02,107580.06547260852,0.0,0,,-0.0810954072598209
2023-10-03,107580.06547260852,0.0,0,,-0.0810954072598209
2023-10-04,107580.06547260852,0.0,0,,-0.0810954072598209
2023-10-05,107580.06547260852,0.0,0,,-0.0810954072598209
2023-10-06,107580.06547260852,0.0,0,,-0.0810954072598209
2023-10-09,107580.06547260852,0.0,0,,-0.0810954072598209
2023-10-10,107580.06547260852,0.0,0,,-0.0810954072598209
2023-10-11,107580.06547260852,0.0,0,,-0.0810954072598209
2023-10-12,107580.06547260852,0.0,0,,-0.0810954072598209
2023-10-13,107580.06547260852,0.0,0,,-0.0810954072598209
2023-10-16,107580.06547260852,0.0,0,,-0.0810954072598209
2023-10-17,108806.48572569116,0.011400069777749877,1,150.2729835510254,-0.07061983078348799
2023-10-18,106845.33586375204,-0.01802420001766547,1,150.2729835510254,-0.08737116484589824
2023-10-19,105199.33039887574,-0.015405496660848783,1,150.2729835510254,-0.10143066531845901
2023-10-20,103678.0127254143,-0.014461286661171524,1,150.2729835510254,-0.11442513405222698
2023-10-23,102909.00769434993,-0.00741724316322534,0,,-0.12099365817220231
2023-10-24,102909.00769434993,0.0,0,,-0.12099365817220231
2023-10-25,99921.47847600214,-0.029030784430659873,1,142.03226143973214,-0.14651190179498808
2023-10-26,100213.79374299376,0.002925449777665401,0,,-0.14401506522785412
2023-10-27,100213.79374299376,0.0,0,,-0.14401506522785412
2023-10-30,100213.79374299376,0.0,0,,-0.14401506522785412
2023-10-31,100213.79374299376,0.0,0,,-0.14401506522785412
2023-11-01,100213.79374299376,0.0,0,,-0.14401506522785412
2023-11-02,100213.79374299376,0.0,0,,-0.14401506522785412
2023-11-03,100213.79374299376,0.0,0,,-0.14401506522785412
2023-11-06,100213.79374299376,0.0,0,,-0.14401506522785412
2023-11-07,100213.79374299376,0.0,0,,-0.14401506522785412
2023-11-08,100213.79374299376,0.0,0,,-0.14401506522785412
2023-11-09,100213.79374299376,0.0,0,,-0.14401506522785412
2023-11-10,100213.79374299376,0.0,0,,-0.14401506522785412
2023-11-13,99874.12333341083,-0.003389457647457683,1,153.95464270455497,-0.1469163899111261
2023-11-14,103567.80980411884,0.0369834182011024,1,159.70726667131697,-0.11536644199870316
2023-11-15,104319.99724624744,0.007262753200548033,1,161.18131038120814,-0.10894156679401712
2023-11-16,104370.95552164428,0.0004884804135543153,1,161.46046883719308,-0.10850630220206348
2023-11-17,105104.79761137768,0.007031094867970378,1,162.87951387677873,-0.10223812543864852
2023-11-20,106654.02809531125,0.014739864584125018,1,165.4247589111328,-0.0890052369788239
2023-11-21,104660.4127094872,-0.018692359036289408,1,165.4247589111328,-0.10603387816939513
2023-11-22,104994.72549700647,0.003194262079275756,1,165.4247589111328,-0.10317831608627437
2023-11-24,105070.15046313587,0.0007183690968510792,1,165.4247589111328,-0.10253406710316493
2023-11-27,104923.37831266582,-0.0013968967382562703,1,165.4247589111328,-0.10378773433752453
2023-11-28,104309.80745742975,-0.0058477992712707705,1,165.4247589111328,-0.10902860377156953
2023-11-29,105441.14462413712,0.010845932844512962,1,165.4247589111328,-0.09936518784169401
2023-11-30,104705.25897785512,-0.0069791128397286295,1,165.4247589111328,-0.10565081982313462
2023-12-01,105196.53370466213,0.004691977572119033,1,165.4247589111328,-0.10145455352810173
2023-12-04,104018.30671303824,-0.011200245389565211,1,165.4247589111328,-0.11151848302226341
2023-12-05,103427.1496606777,-0.005683202034728496,1,165.4247589111328,-0.11656790298736996
2023-12-06,102789.11211470906,-0.006168956101583523,1,165.4247589111328,-0.12201775681257077
2023-12-07,105545.1047314794,0.02681210645826715,1,165.4247589111328,-0.09847720343976119
2023-12-08,106378.83847807477,0.007899312324493923,1,165.85512324741907,-0.09135579330208066
2023-12-11,110007.28977147104,0.03410876961346143,1,171.23131561279297,-0.06036305739521497
2023-12-12,110800.24570017881,0.007208212568049488,1,172.8124989100865,-0.053589954576127696
2023-12-13,112506.42879209168,0.01539873022059668,1,175.3834468296596,-0.039016441608582864
2023-12-14,115625.26933759417,0.027721442934305562,1,179.64357103620256,-0.01237659073382924
2023-12-15,116055.38666887821,0.0037199250107535775,1,180.24750409807478,-0.008702705712494208
2023-12-18,115733.30722672523,-0.0027752218263846773,1,180.24750409807478,-0.01145377560003702
2023-12-19,116350.95586375006,0.005336826984602139,1,181.2415406363351,-0.006178075434132846
2023-12-20,112679.70185853446,-0.03155327756408577,1,181.2415406363351,-0.0375364144692335
2023-12-21,115798.54240403695,0.027678814321128398,1,181.2415406363351,-0.01089656359447988
2023-12-22,116169.53656503819,0.0032037895581342735,1,181.2415406363351,-0.007727684333009077
2023-12-26,118222.26578983662,0.01767011632734894,1,183.41821943010603,0.0
2023-12-27,118525.99054828596,0.0025690994536449185,1,184.27320861816406,0.0
2023-12-28,118303.80276299495,-0.0018745912543164378,1,184.55333382742745,-0.0018745912543164378
2023-12-29,117435.42186815778,-0.007340261889779209,1,184.55333382742745,-0.009201093153352713
2024-01-02,112691.83213759943,-0.04039317656544783,0,,-0.04922260833846204
2024-01-03,112691.83213759943,0.0,0,,-0.04922260833846204
2024-01-04,112691.83213759943,0.0,0,,-0.04922260833846204
2024-01-05,112691.83213759943,0.0,0,,-0.04922260833846204
2024-01-08,112691.83213759943,0.0,0,,-0.04922260833846204
2024-01-09,112691.83213759943,0.0,0,,-0.04922260833846204
2024-01-10,112691.83213759943,0.0,0,,-0.04922260833846204
2024-01-11,112691.83213759943,0.0,0,,-0.04922260833846204
2024-01-12,112691.83213759943,0.0,0,,-0.04922260833846204
2024-01-16,112691.83213759943,0.0,0,,-0.04922260833846204
2024-01-17,112691.83213759943,0.0,0,,-0.04922260833846204
2024-01-18,112691.83213759943,0.0,0,,-0.04922260833846204
2024-01-19,115469.17502751065,0.024645467530601595,1,188.33619798932756,-0.025790255003437457
2024-01-22,115847.52050209003,0.0032765928611617756,1,188.70893205915178,-0.0225981663077075
2024-01-23,116615.73720742806,0.006631274471896598,1,190.949403490339,-0.01611674647915884
2024-01-24,118313.50482988535,0.014558649313663574,1,193.72047805786133,-0.0017927352255625584
2024-01-25,117985.0955071733,-0.002775755169997285,1,193.72047805786133,-0.004563514201489038
2024-01-26,114804.66375305768,-0.0269562162953223,1,193.72047805786133,-0.031396715420929144
2024-01-29,115999.24552126725,0.010405341814153868,1,193.72047805786133,-0.021318067162571785
2024-01-30,114207.37286895291,-0.015447278508253892,1,193.72047805786133,-0.03643603955010777
2024-01-31,111447.4839751631,-0.024165593030115895,0,,-0.059721134076826554
2024-02-01,111447.4839751631,0.0,0,,-0.059721134076826554
2024-02-02,111447.4839751631,0.0,0,,-0.059721134076826554
2024-02-05,111447.4839751631,0.0,0,,-0.059721134076826554
2024-02-06,111447.4839751631,0.0,0,,-0.059721134076826554
2024-02-07,111447.4839751631,0.0,0,,-0.059721134076826554
2024-02-08,111447.4839751631,0.0,0,,-0.059721134076826554
2024-02-09,111447.4839751631,0.0,0,,-0.059721134076826554
2024-02-12,111447.4839751631,0.0,0,,-0.059721134076826554
2024-02-13,111447.4839751631,0.0,0,,-0.059721134076826554
2024-02-14,111447.4839751631,0.0,0,,-0.059721134076826554
2024-02-15,111447.4839751631,0.0,0,,-0.059721134076826554
2024-02-16,111447.4839751631,0.0,0,,-0.059721134076826554
2024-02-20,111447.4839751631,0.0,0,,-0.059721134076826554
2024-02-21,111447.4839751631,0.0,0,,-0.059721134076826554
2024-02-22,111447.4839751631,0.0,0,,-0.059721134076826554
2024-02-23,111447.4839751631,0.0,0,,-0.059721134076826554
2024-02-26,111447.4839751631,0.0,0,,-0.059721134076826554
2024-02-27,111447.4839751631,0.0,0,,-0.059721134076826554
2024-02-28,111447.4839751631,0.0,0,,-0.059721134076826554
2024-02-29,111447.4839751631,0.0,0,,-0.059721134076826554
2024-03-01,111447.4839751631,0.0,0,,-0.059721134076826554
2024-03-04,111447.4839751631,0.0,0,,-0.059721134076826554
2024-03-05,111447.4839751631,0.0,0,,-0.059721134076826554
2024-03-06,111447.4839751631,0.0,0,,-0.059721134076826554
2024-03-07,111447.4839751631,0.0,0,,-0.059721134076826554
2024-03-08,111447.4839751631,0.0,0,,-0.059721134076826554
2024-03-11,111447.4839751631,0.0,0,,-0.059721134076826554
2024-03-12,111447.4839751631,0.0,0,,-0.059721134076826554
2024-03-13,111447.4839751631,0.0,0,,-0.059721134076826554
2024-03-14,111447.4839751631,0.0,0,,-0.059721134076826554
2024-03-15,111447.4839751631,0.0,0,,-0.059721134076826554
2024-03-18,111447.4839751631,0.0,0,,-0.059721134076826554
2024-03-19,111447.4839751631,0.0,0,,-0.059721134076826554
2024-03-20,111447.4839751631,0.0,0,,-0.059721134076826554
2024-03-21,111447.4839751631,0.0,0,,-0.059721134076826554
2024-03-22,111447.4839751631,0.0,0,,-0.059721134076826554
2024-03-25,111447.4839751631,0.0,0,,-0.059721134076826554
2024-03-26,111447.4839751631,0.0,0,,-0.059721134076826554
2024-03-27,111447.4839751631,0.0,0,,-0.059721134076826554
2024-03-28,111447.4839751631,0.0,0,,-0.059721134076826554
2024-04-01,111447.4839751631,0.0,0,,-0.059721134076826554
2024-04-02,111447.4839751631,0.0,0,,-0.059721134076826554
2024-04-03,111447.4839751631,0.0,0,,-0.059721134076826554
2024-04-04,106663.96303246416,-0.04292174907927915,1,215.73142078944616,-0.1000795476245302
2024-04-05,106975.63297231837,0.0029219797482993304,0,,-0.0974499982876087
2024-04-08,106975.63297231837,0.0,0,,-0.0974499982876087
2024-04-09,106975.63297231837,0.0,0,,-0.0974499982876087
2024-04-10,106975.63297231837,0.0,0,,-0.0974499982876087
2024-04-11,106975.63297231837,0.0,0,,-0.0974499982876087
2024-04-12,105166.08710224784,-0.0169154957983636,1,209.19178662981307,-0.11271707904938766
2024-04-15,106443.31017318698,0.012144818792177325,0,,-0.1019411887570486
2024-04-16,106443.31017318698,0.0,0,,-0.1019411887570486
2024-04-17,106443.31017318698,0.0,0,,-0.1019411887570486
2024-04-18,106443.31017318698,0.0,0,,-0.1019411887570486
2024-04-19,106443.31017318698,0.0,0,,-0.1019411887570486
2024-04-22,106443.31017318698,0.0,0,,-0.1019411887570486
2024-04-23,106443.31017318698,0.0,0,,-0.1019411887570486
2024-04-24,106443.31017318698,0.0,0,,-0.1019411887570486
2024-04-25,106443.31017318698,0.0,0,,-0.1019411887570486
2024-04-26,106443.31017318698,0.0,0,,-0.1019411887570486
2024-04-29,106443.31017318698,0.0,0,,-0.1019411887570486
2024-04-30,106443.31017318698,0.0,0,,-0.1019411887570486
2024-05-01,106443.31017318698,0.0,0,,-0.1019411887570486
2024-05-02,106443.31017318698,0.0,0,,-0.1019411887570486
2024-05-03,106443.31017318698,0.0,0,,-0.1019411887570486
2024-05-06,106443.31017318698,0.0,0,,-0.1019411887570486
2024-05-07,106443.31017318698,0.0,0,,-0.1019411887570486
2024-05-08,106443.31017318698,0.0,0,,-0.1019411887570486
2024-05-09,106443.31017318698,0.0,0,,-0.1019411887570486
2024-05-10,106443.31017318698,0.0,0,,-0.1019411887570486
2024-05-13,106043.64048180937,-0.0037547657126345557,1,208.52856499808175,-0.105313189189433
2024-05-14,107807.0295700648,0.016628899953297305,1,212.62535149710519,-0.09043553172292951
2024-05-15,110834.10373360265,0.028078634348890352,1,219.0057111467634,-0.06489620360143489
2024-05-16,110291.150252893,-0.004898794345959412,1,219.0057111467634,-0.06947708479211734
2024-05-17,109666.522069592,-0.00566344790011486,1,219.0057111467634,-0.07474705284226013
2024-05-20,112078.56519396637,0.02199434320387894,1,221.8778533935547,-0.05439672197207246
2024-05-21,111718.19939667998,-0.003215296311678606,1,222.05821446010046,-0.0574371167042268
2024-05-22,113029.9361775983,0.011741478004498651,1,225.19893755231584,-0.04637003534215256
2024-05-23,112395.68885517701,-0.00561132160089628,1,225.19893755231584,-0.05172115976209912
2024-05-24,114625.15162778903,0.019835838859306287,1,227.86178534371513,-0.032911253493450254
2024-05-28,116561.51659200837,0.016893019871477177,1,231.49714006696428,-0.016574204081233113
2024-05-29,114154.2757055332,-0.020652106774666,1,231.49714006696428,-0.03688401862350843
2024-05-30,113361.46655250661,-0.00694506752486157,1,231.49714006696428,-0.043572924148441494
2024-05-31,111064.6879634346,-0.0202606640414994,0,,-0.06295077181246356
2024-06-03,111064.6879634346,0.0,0,,-0.06295077181246356
2024-06-04,111064.6879634346,0.0,0,,-0.06295077181246356
2024-06-05,111064.6879634346,0.0,0,,-0.06295077181246356
2024-06-06,111064.6879634346,0.0,0,,-0.06295077181246356
2024-06-07,111064.6879634346,0.0,0,,-0.06295077181246356
2024-06-10,111064.6879634346,0.0,0,,-0.06295077181246356
2024-06-11,111064.6879634346,0.0,0,,-0.06295077181246356
2024-06-12,111064.6879634346,0.0,0,,-0.06295077181246356
2024-06-13,111064.6879634346,0.0,0,,-0.06295077181246356
2024-06-14,111064.6879634346,0.0,0,,-0.06295077181246356
2024-06-17,111064.6879634346,0.0,0,,-0.06295077181246356
2024-06-18,111064.6879634346,0.0,0,,-0.06295077181246356
2024-06-20,111064.6879634346,0.0,0,,-0.06295077181246356
2024-06-21,111064.6879634346,0.0,0,,-0.06295077181246356
2024-06-24,111064.6879634346,0.0,0,,-0.06295077181246356
2024-06-25,111064.6879634346,0.0,0,,-0.06295077181246356
2024-06-26,111064.6879634346,0.0,0,,-0.06295077181246356
2024-06-27,111064.6879634346,0.0,0,,-0.06295077181246356
2024-06-28,111064.6879634346,0.0,0,,-0.06295077181246356
2024-07-01,111064.6879634346,0.0,0,,-0.06295077181246356
2024-07-02,111064.6879634346,0.0,0,,-0.06295077181246356
2024-07-03,111064.6879634346,0.0,0,,-0.06295077181246356
2024-07-05,111064.6879634346,0.0,0,,-0.06295077181246356
2024-07-08,111064.6879634346,0.0,0,,-0.06295077181246356
2024-07-09,111064.6879634346,0.0,0,,-0.06295077181246356
2024-07-10,111064.6879634346,0.0,0,,-0.06295077181246356
2024-07-11,111064.6879634346,0.0,0,,-0.06295077181246356
2024-07-12,111064.6879634346,0.0,0,,-0.06295077181246356
2024-07-15,111064.6879634346,0.0,0,,-0.06295077181246356
2024-07-16,111064.6879634346,0.0,0,,-0.06295077181246356
2024-07-17,111064.6879634346,0.0,0,,-0.06295077181246356
2024-07-18,111064.6879634346,0.0,0,,-0.06295077181246356
2024-07-19,111064.6879634346,0.0,0,,-0.06295077181246356
2024-07-22,111064.6879634346,0.0,0,,-0.06295077181246356
2024-07-23,111064.6879634346,0.0,0,,-0.06295077181246356
2024-07-24,111064.6879634346,0.0,0,,-0.06295077181246356
2024-07-25,111064.6879634346,0.0,0,,-0.06295077181246356
2024-07-26,111064.6879634346,0.0,0,,-0.06295077181246356
2024-07-29,111064.6879634346,0.0,0,,-0.06295077181246356
2024-07-30,111064.6879634346,0.0,0,,-0.06295077181246356
2024-07-31,111064.6879634346,0.0,0,,-0.06295077181246356
2024-08-01,111064.6879634346,0.0,0,,-0.06295077181246356
2024-08-02,111064.6879634346,0.0,0,,-0.06295077181246356
2024-08-05,111064.6879634346,0.0,0,,-0.06295077181246356
2024-08-06,111064.6879634346,0.0,0,,-0.06295077181246356
2024-08-07,111064.6879634346,0.0,0,,-0.06295077181246356
2024-08-08,111064.6879634346,0.0,0,,-0.06295077181246356
2024-08-09,111064.6879634346,0.0,0,,-0.06295077181246356
2024-08-12,111064.6879634346,0.0,0,,-0.06295077181246356
2024-08-13,111064.6879634346,0.0,0,,-0.06295077181246356
2024-08-14,111064.6879634346,0.0,0,,-0.06295077181246356
2024-08-15,111064.6879634346,0.0,0,,-0.06295077181246356
2024-08-16,111064.6879634346,0.0,0,,-0.06295077181246356
2024-08-19,111064.6879634346,0.0,0,,-0.06295077181246356
2024-08-20,111064.6879634346,0.0,0,,-0.06295077181246356
2024-08-21,111064.6879634346,0.0,0,,-0.06295077181246356
2024-08-22,106494.26889877867,-0.04115096479774594,1,214.15179552350725,-0.1015112516153639
2024-08-23,109347.54518075136,0.026792768394745092,1,214.15179552350725,-0.07743825067460985
2024-08-26,106602.02616461793,-0.02510819069230219,1,214.15179552350725,-0.1006021070020956
2024-08-27,105670.22994896371,-0.008740886540142379,0,,-0.10846364193923341
2024-08-28,104042.74282669334,-0.015401566960310475,1,210.25964518955774,-0.12219469885545764
2024-08-29,104438.53920812026,0.0038041709654483835,0,,-0.11885537741552687
2024-08-30,104544.45043243175,0.001014100973783627,1,212.98107583182198,-0.11796180779571974
2024-09-03,96186.68599015998,-0.07994460162831396,0,,-0.18847599969244921
2024-09-04,96186.68599015998,0.0,0,,-0.18847599969244921
2024-09-05,96186.68599015998,0.0,0,,-0.18847599969244921
2024-09-06,96186.68599015998,0.0,0,,-0.18847599969244921
2024-09-09,96186.68599015998,0.0,0,,-0.18847599969244921
2024-09-10,96186.68599015998,0.0,0,,-0.18847599969244921
2024-09-11,96186.68599015998,0.0,0,,-0.18847599969244921
2024-09-12,96186.68599015998,0.0,0,,-0.18847599969244921
2024-09-13,96186.68599015998,0.0,0,,-0.18847599969244921
2024-09-16,96186.68599015998,0.0,0,,-0.18847599969244921
2024-09-17,96186.68599015998,0.0,0,,-0.18847599969244921
2024-09-18,96186.68599015998,0.0,0,,-0.18847599969244921
2024-09-19,96186.68599015998,0.0,0,,-0.18847599969244921
2024-09-20,96186.68599015998,0.0,0,,-0.18847599969244921
2024-09-23,96186.68599015998,0.0,0,,-0.18847599969244921
2024-09-24,96186.68599015998,0.0,0,,-0.18847599969244921
2024-09-25,96186.68599015998,0.0,0,,-0.18847599969244921
2024-09-26,96186.68599015998,0.0,0,,-0.18847599969244921
2024-09-27,94232.33047417832,-0.020318357950097066,1,220.9303479875837,-0.20496483481579275
2024-09-30,93385.90950202213,-0.008982277822239926,1,220.9303479875837,-0.21210606154792766
2024-10-01,93209.43797800828,-0.0018897018292681755,0,,-0.21359494616468988
2024-10-02,94139.07182717895,0.009973602130183501,1,211.34642246791296,-0.20575165504457094
2024-10-03,94474.77007435252,0.0035659821225966226,1,211.95822089059013,-0.20291937964555784
2024-10-04,95767.80750481448,0.01368658986356186,1,215.2371471949986,-0.19201006410657318
2024-10-07,95506.71097605301,-0.0027263496530224307,1,215.2371471949986,-0.1942129271879418
2024-10-08,96447.48183669671,0.009850311575273274,1,217.51465061732702,-0.1862756734574157
2024-10-09,97454.5576068556,0.010441701027135597,1,221.32678713117326,-0.1777790073211507
2024-10-10,96770.7411943122,-0.007016772014932338,1,221.32678713117326,-0.18354834457266955
2024-10-11,97583.03799279938,0.008394033035833859,1,221.66001510620117,-0.17669502240485135
2024-10-14,99381.68751056501,0.01843198935760082,1,225.96965735299247,-0.16151987381975774
2024-10-15,93509.42335173288,-0.059087990010311175,0,,-0.21106397913934039
2024-10-16,93509.42335173288,0.0,0,,-0.21106397913934039
2024-10-17,93509.42335173288,0.0,0,,-0.21106397913934039
2024-10-18,93509.42335173288,0.0,0,,-0.21106397913934039
2024-10-21,93509.42335173288,0.0,0,,-0.21106397913934039
2024-10-22,93509.42335173288,0.0,0,,-0.21106397913934039
2024-10-23,93509.42335173288,0.0,0,,-0.21106397913934039
2024-10-24,93509.42335173288,0.0,0,,-0.21106397913934039
2024-10-25,93509.42335173288,0.0,0,,-0.21106397913934039
2024-10-28,93509.42335173288,0.0,0,,-0.21106397913934039
2024-10-29,93509.42335173288,0.0,0,,-0.21106397913934039
2024-10-30,92465.36696369747,-0.011165253197083946,1,216.343567439488,-0.21987264956854957
2024-10-31,91444.34141592782,-0.011042248371441743,0,,-0.2284870095333683
2024-11-01,91444.34141592782,0.0,0,,-0.2284870095333683
2024-11-04,91444.34141592782,0.0,0,,-0.2284870095333683
2024-11-05,91444.34141592782,0.0,0,,-0.2284870095333683
2024-11-06,91444.34141592782,0.0,0,,-0.2284870095333683
2024-11-07,91444.34141592782,0.0,0,,-0.2284870095333683
2024-11-08,91444.34141592782,0.0,0,,-0.2284870095333683
2024-11-11,91444.34141592782,0.0,0,,-0.2284870095333683
2024-11-12,91444.34141592782,0.0,0,,-0.2284870095333683
2024-11-13,91444.34141592782,0.0,0,,-0.2284870095333683
2024-11-14,91444.34141592782,0.0,0,,-0.2284870095333683
2024-11-15,91444.34141592782,0.0,0,,-0.2284870095333683
2024-11-18,91444.34141592782,0.0,0,,-0.2284870095333683
2024-11-19,91444.34141592782,0.0,0,,-0.2284870095333683
2024-11-20,91444.34141592782,0.0,0,,-0.2284870095333683
2024-11-21,91444.34141592782,0.0,0,,-0.2284870095333683
2024-11-22,91444.34141592782,0.0,0,,-0.2284870095333683
2024-11-25,91444.34141592782,0.0,0,,-0.2284870095333683
2024-11-26,91444.34141592782,0.0,0,,-0.2284870095333683
2024-11-27,91444.34141592782,0.0,0,,-0.2284870095333683
2024-11-29,91444.34141592782,0.0,0,,-0.2284870095333683
2024-12-02,91444.34141592782,0.0,0,,-0.2284870095333683
2024-12-03,91373.8930503441,-0.0007703961173857188,1,207.6617807660784,-0.22908138014573654
2024-12-04,92583.56670646073,0.013238722962697347,1,210.68428257533483,-0.218875402110701
2024-12-05,90833.48842300326,-0.018902688087251485,1,210.68428257533483,-0.23364075674188212
2024-12-06,90734.59942522843,-0.0010886843552051495,0,,-0.23447508006048412
2024-12-09,90734.59942522843,0.0,0,,-0.23447508006048412
2024-12-10,90734.59942522843,0.0,0,,-0.23447508006048412
2024-12-11,90734.59942522843,0.0,0,,-0.23447508006048412
2024-12-12,90734.59942522843,0.0,0,,-0.23447508006048412
2024-12-13,90734.59942522843,0.0,0,,-0.23447508006048412
2024-12-16,91985.93530108278,0.013791165484623447,1,214.05250494820731,-0.22391759920699505
2024-12-17,90542.07995802553,-0.015696479449073486,1,214.05250494820731,-0.23609936066183013
2024-12-18,86441.63265192823,-0.04528775247926964,0,,-0.270694703734933
2024-12-19,86441.63265192823,0.0,0,,-0.270694703734933
2024-12-20,86441.63265192823,0.0,0,,-0.270694703734933
2024-12-23,86441.63265192823,0.0,0,,-0.270694703734933
2024-12-24,86629.86171822692,0.0021775278939561993,1,208.89822551182337,-0.26910662110910577
2024-12-26,86602.73862050426,-0.00031309178134075744,1,209.108576638358,-0.26933545781907287
2024-12-27,85870.49183471044,-0.008455238222922046,1,209.108576638358,-0.2755134005842549
2024-12-30,84181.28682730412,-0.019671542241283757,1,209.108576638358,-0.28976516932790575
2024-12-31,83487.78563490053,-0.00823818711427271,1,209.108576638358,-0.29561621675805627
2025-01-02,84209.75299130386,0.008647580612097583,0,,-0.2895250012106172
2025-01-03,84209.75299130386,0.0,0,,-0.2895250012106172
2025-01-06,84209.75299130386,0.0,0,,-0.2895250012106172
2025-01-07,81938.89490738492,-0.026966687387783295,1,216.5375017438616,-0.30868415839980623
2025-01-08,81122.37283367202,-0.009965012032879028,1,216.5375017438616,-0.315573129079872
2025-01-10,79184.49510770146,-0.02388832646628647,1,216.5375017438616,-0.3319229416147109
2025-01-13,77489.4802539952,-0.021405893305258883,0,,-0.3462237278461977
2025-01-14,77489.4802539952,0.0,0,,-0.3462237278461977
2025-01-15,77627.30113704599,0.0017785753962864526,1,209.8368034362793,-0.345060937453869
2025-01-16,78913.76930828388,0.01657236761286751,0,,-0.33420704654532774
2025-01-17,78913.76930828388,0.0,0,,-0.33420704654532774
2025-01-21,79013.12100731762,0.0012589906667062056,1,218.02321788242884,-0.3333688194309695
2025-01-22,80155.23388447754,0.014454724260976048,1,221.39750453404017,-0.32373284953207515
2025-01-23,80005.67068119606,-0.0018659193671249907,1,221.39750453404017,-0.3249947095054837
2025-01-24,78397.8766192871,-0.02009600129865352,1,221.39750453404017,-0.33855961669985946
2025-01-27,74329.61031270219,-0.05189255732449327,0,,-0.37288344970699683
2025-01-28,74329.61031270219,0.0,0,,-0.37288344970699683
2025-01-29,74329.61031270219,0.0,0,,-0.37288344970699683
2025-01-30,74329.61031270219,0.0,0,,-0.37288344970699683
2025-01-31,73590.77232868694,-0.00994002229941715,1,203.8400105067662,-0.3791170022012429
2025-02-03,72264.9010010891,-0.018016814957124594,1,203.8400105067662,-0.3903033362826078
2025-02-04,71994.80984025318,-0.0037375151296735742,0,,-0.3925820867877631
2025-02-05,71994.80984025318,0.0,0,,-0.3925820867877631
2025-02-06,71994.80984025318,0.0,0,,-0.3925820867877631
2025-02-07,71994.80984025318,0.0,0,,-0.3925820867877631
2025-02-10,71994.80984025318,0.0,0,,-0.3925820867877631
2025-02-11,72550.12331563569,0.007713243171482587,1,204.31249509538924,-0.38789692471644266
2025-02-12,72629.30671085525,0.0010914301947504423,1,204.61678641183036,-0.38722885693777853
2025-02-13,73520.09851160001,0.012264908493359261,1,207.79356602260046,-0.37971327494074925
2025-02-14,73403.2334154973,-0.0015895666418926924,0,,-0.3806992620273123
2025-02-18,73403.2334154973,0.0,0,,-0.3806992620273123
2025-02-19,73403.2334154973,0.0,0,,-0.3806992620273123
2025-02-20,73403.2334154973,0.0,0,,-0.3806992620273123
2025-02-21,73403.2334154973,0.0,0,,-0.3806992620273123
2025-02-24,73403.2334154973,0.0,0,,-0.3806992620273123
2025-02-25,73403.2334154973,0.0,0,,-0.3806992620273123
2025-02-26,73627.75194116731,0.0030587007577598246,1,206.04892894199915,-0.37880500639079395
2025-02-27,69506.11580733335,-0.055979383115314696,0,,-0.4135791189273592
2025-02-28,69506.11580733335,0.0,0,,-0.4135791189273592
2025-03-03,69506.11580733335,0.0,0,,-0.4135791189273592
2025-03-04,69506.11580733335,0.0,0,,-0.4135791189273592
2025-03-05,69506.11580733335,0.0,0,,-0.4135791189273592
2025-03-06,69506.11580733335,0.0,0,,-0.4135791189273592
2025-03-07,69506.11580733335,0.0,0,,-0.4135791189273592
2025-03-10,69506.11580733335,0.0,0,,-0.4135791189273592
2025-03-11,69506.11580733335,0.0,0,,-0.4135791189273592
2025-03-12,69506.11580733335,0.0,0,,-0.4135791189273592
2025-03-13,69506.11580733335,0.0,0,,-0.4135791189273592
2025-03-14,69506.11580733335,0.0,0,,-0.4135791189273592
2025-03-17,69506.11580733335,0.0,0,,-0.4135791189273592
2025-03-18,69506.11580733335,0.0,0,,-0.4135791189273592
2025-03-19,69506.11580733335,0.0,0,,-0.4135791189273592
2025-03-20,69506.11580733335,0.0,0,,-0.4135791189273592
2025-03-21,69506.11580733335,0.0,0,,-0.4135791189273592
2025-03-24,69506.11580733335,0.0,0,,-0.4135791189273592
2025-03-25,69506.11580733335,0.0,0,,-0.4135791189273592
2025-03-26,69506.11580733335,0.0,0,,-0.4135791189273592
2025-03-27,69506.11580733335,0.0,0,,-0.4135791189273592
2025-03-28,69506.11580733335,0.0,0,,-0.4135791189273592
2025-03-31,69506.11580733335,0.0,0,,-0.4135791189273592
2025-04-01,69506.11580733335,0.0,0,,-0.4135791189273592
2025-04-02,69506.11580733335,0.0,0,,-0.4135791189273592
2025-04-03,69506.11580733335,0.0,0,,-0.4135791189273592
2025-04-04,69506.11580733335,0.0,0,,-0.4135791189273592
2025-04-07,69506.11580733335,0.0,0,,-0.4135791189273592
2025-04-08,69506.11580733335,0.0,0,,-0.4135791189273592
2025-04-09,69506.11580733335,0.0,0,,-0.4135791189273592
2025-04-10,69506.11580733335,0.0,0,,-0.4135791189273592
2025-04-11,69506.11580733335,0.0,0,,-0.4135791189273592
2025-04-14,69506.11580733335,0.0,0,,-0.4135791189273592
2025-04-15,69506.11580733335,0.0,0,,-0.4135791189273592
2025-04-16,69506.11580733335,0.0,0,,-0.4135791189273592
2025-04-17,69506.11580733335,0.0,0,,-0.4135791189273592
2025-04-21,69506.11580733335,0.0,0,,-0.4135791189273592
2025-04-22,69506.11580733335,0.0,0,,-0.4135791189273592
2025-04-23,69506.11580733335,0.0,0,,-0.4135791189273592
2025-04-24,69506.11580733335,0.0,0,,-0.4135791189273592
2025-04-25,69506.11580733335,0.0,0,,-0.4135791189273592
2025-04-28,69506.11580733335,0.0,0,,-0.4135791189273592
2025-04-29,69506.11580733335,0.0,0,,-0.4135791189273592
2025-04-30,69506.11580733335,0.0,0,,-0.4135791189273592
2025-05-01,69506.11580733335,0.0,0,,-0.4135791189273592
2025-05-02,69506.11580733335,0.0,0,,-0.4135791189273592
2025-05-05,69542.1536213217,0.0005184840725132034,1,172.95393644060408,-0.41327506904073397
2025-05-06,68878.33602635832,-0.00954554267298191,1,172.95393644060408,-0.41887567690650795
2025-05-07,70084.26522769636,0.01750810589960472,1,175.4221360342843,-0.40870129071695094
2025-05-08,70711.20750625407,0.008945549711063316,1,176.93286296299524,-0.4034117987189718
2025-05-09,71522.53762132401,0.011473854621959045,1,179.56143297467912,-0.39656663242829726
2025-05-12,76659.7368204389,0.07182629937312623,1,191.51464135306222,-0.3532242467173584
2025-05-13,78831.89159837327,0.028335014807345793,1,198.00642286028182,-0.33489784617106255
2025-05-14,79211.7416835275,0.004818482437151994,1,200.2864216395787,-0.3316930631239259
2025-05-15,78702.81955009053,-0.006424832008747661,1,200.2864216395787,-0.33598682292363535
2025-05-16,78599.55966056755,-0.0013120227472569468,1,200.2864216395787,-0.3368580233164379
2025-05-19,78127.51284353624,-0.00600571834078778,1,200.2864216395787,-0.3408406672483526
2025-05-20,78013.18416912544,-0.0014633599643670836,1,200.2864216395787,-0.3418052546260403
2025-05-21,76585.98056038562,-0.018294389902683283,1,200.2864216395787,-0.3538465259298088
2025-05-22,75877.91033483866,-0.009245428737295835,1,200.2864216395787,-0.35982049182768083
2025-05-23,73752.21953701075,-0.02801461964948071,0,,-0.37775487725652
2025-05-27,73752.21953701075,0.0,0,,-0.37775487725652
2025-05-28,73752.21953701075,0.0,0,,-0.37775487725652
2025-05-29,73752.21953701075,0.0,0,,-0.37775487725652
2025-05-30,73752.21953701075,0.0,0,,-0.37775487725652
2025-06-02,73752.21953701075,0.0,0,,-0.37775487725652
2025-06-03,73752.21953701075,0.0,0,,-0.37775487725652
2025-06-04,73752.21953701075,0.0,0,,-0.37775487725652
2025-06-05,73752.21953701075,0.0,0,,-0.37775487725652
2025-06-06,73752.21953701075,0.0,0,,-0.37775487725652
2025-06-09,73752.21953701075,0.0,0,,-0.37775487725652
2025-06-10,73752.21953701075,0.0,0,,-0.37775487725652
2025-06-11,73752.21953701075,0.0,0,,-0.37775487725652
2025-06-12,73752.21953701075,0.0,0,,-0.37775487725652
2025-06-13,73752.21953701075,0.0,0,,-0.37775487725652
2025-06-16,73752.21953701075,0.0,0,,-0.37775487725652
2025-06-17,73752.21953701075,0.0,0,,-0.37775487725652
2025-06-18,73752.21953701075,0.0,0,,-0.37775487725652
2025-06-20,73752.21953701075,0.0,0,,-0.37775487725652
2025-06-23,73752.21953701075,0.0,0,,-0.37775487725652
2025-06-24,73752.21953701075,0.0,0,,-0.37775487725652
2025-06-25,73752.21953701075,0.0,0,,-0.37775487725652
2025-06-26,73752.21953701075,0.0,0,,-0.37775487725652
2025-06-27,73752.21953701075,0.0,0,,-0.37775487725652
2025-06-30,73752.21953701075,0.0,0,,-0.37775487725652
2025-07-01,73752.21953701075,0.0,0,,-0.37775487725652
2025-07-02,73752.21953701075,0.0,0,,-0.37775487725652
2025-07-03,73752.21953701075,0.0,0,,-0.37775487725652
2025-07-07,73752.21953701075,0.0,0,,-0.37775487725652
2025-07-08,73752.21953701075,0.0,0,,-0.37775487725652
2025-07-09,73752.21953701075,0.0,0,,-0.37775487725652
2025-07-10,73752.21953701075,0.0,0,,-0.37775487725652
2025-07-11,73752.21953701075,0.0,0,,-0.37775487725652
2025-07-14,73752.21953701075,0.0,0,,-0.37775487725652
2025-07-15,73752.21953701075,0.0,0,,-0.37775487725652
2025-07-16,73752.21953701075,0.0,0,,-0.37775487725652
2025-07-17,73752.21953701075,0.0,0,,-0.37775487725652
2025-07-18,73752.21953701075,0.0,0,,-0.37775487725652
2025-07-21,73752.21953701075,0.0,0,,-0.37775487725652
2025-07-22,73752.21953701075,0.0,0,,-0.37775487725652
2025-07-23,73752.21953701075,0.0,0,,-0.37775487725652
2025-07-24,73752.21953701075,0.0,0,,-0.37775487725652
2025-07-25,73752.21953701075,0.0,0,,-0.37775487725652
2025-07-28,73752.21953701075,0.0,0,,-0.37775487725652
2025-07-29,73752.21953701075,0.0,0,,-0.37775487725652
2025-07-30,73752.21953701075,0.0,0,,-0.37775487725652
2025-07-31,73752.21953701075,0.0,0,,-0.37775487725652
2025-08-01,73752.21953701075,0.0,0,,-0.37775487725652
2025-08-04,73752.21953701075,0.0,0,,-0.37775487725652
2025-08-05,72718.79843629069,-0.014012067802264161,1,229.63857323782784,-0.38647381810602977
2025-08-06,71949.71536792324,-0.01057612453595802,0,,-0.39296254741181125
2025-08-07,71949.71536792324,0.0,0,,-0.39296254741181125
2025-08-08,71949.71536792324,0.0,0,,-0.39296254741181125
2025-08-11,71949.71536792324,0.0,0,,-0.39296254741181125
2025-08-12,71949.71536792324,0.0,0,,-0.39296254741181125
2025-08-13,72340.59763949407,0.005432714633713198,1,240.53536551339286,-0.38966468615992333
2025-08-14,72414.68050401969,0.001024084220244026,1,240.53536551339286,-0.3890396513959621
2025-08-15,70756.33129899019,-0.022900732192520645,1,240.53536551339286,-0.4030310907195922
2025-08-18,70964.33636511909,0.002939737862466929,1,240.53536551339286,-0.401276158614265
2025-08-19,69853.06731018817,-0.015659542692167516,1,240.53536551339286,-0.41065190016926345
2025-08-20,68435.36730886211,-0.02029545810824085,0,,-0.4226129898405495
2025-08-21,68435.36730886211,0.0,0,,-0.4226129898405495
2025-08-22,68435.36730886211,0.0,0,,-0.4226129898405495
2025-08-25,68435.36730886211,0.0,0,,-0.4226129898405495
2025-08-26,68435.36730886211,0.0,0,,-0.4226129898405495
2025-08-27,68435.36730886211,0.0,0,,-0.4226129898405495
2025-08-28,68435.36730886211,0.0,0,,-0.4226129898405495
2025-08-29,68435.36730886211,0.0,0,,-0.4226129898405495
2025-09-02,68435.36730886211,0.0,0,,-0.4226129898405495
2025-09-03,68435.36730886211,0.0,0,,-0.4226129898405495
2025-09-04,68435.36730886211,0.0,0,,-0.4226129898405495
2025-09-05,68435.36730886211,0.0,0,,-0.4226129898405495
2025-09-08,68435.36730886211,0.0,0,,-0.4226129898405495
2025-09-09,68435.36730886211,0.0,0,,-0.4226129898405495
2025-09-10,68435.36730886211,0.0,0,,-0.4226129898405495
2025-09-11,68435.36730886211,0.0,0,,-0.4226129898405495
2025-09-12,68435.36730886211,0.0,0,,-0.4226129898405495
2025-09-15,68435.36730886211,0.0,0,,-0.4226129898405495
2025-09-16,68435.36730886211,0.0,0,,-0.4226129898405495
2025-09-17,68435.36730886211,0.0,0,,-0.4226129898405495
2025-09-18,68435.36730886211,0.0,0,,-0.4226129898405495
2025-09-19,68435.36730886211,0.0,0,,-0.4226129898405495
2025-09-22,68435.36730886211,0.0,0,,-0.4226129898405495
2025-09-23,68435.36730886211,0.0,0,,-0.4226129898405495
2025-09-24,68435.36730886211,0.0,0,,-0.4226129898405495
2025-09-25,68435.36730886211,0.0,0,,-0.4226129898405495
2025-09-26,68435.36730886211,0.0,0,,-0.4226129898405495
2025-09-29,68435.36730886211,0.0,0,,-0.4226129898405495
2025-09-30,68435.36730886211,0.0,0,,-0.4226129898405495
2025-10-01,68435.36730886211,0.0,0,,-0.4226129898405495
2025-10-02,68435.36730886211,0.0,0,,-0.4226129898405495
2025-10-03,68435.36730886211,0.0,0,,-0.4226129898405495
2025-10-06,68435.36730886211,0.0,0,,-0.4226129898405495
2025-10-07,68435.36730886211,0.0,0,,-0.4226129898405495
2025-10-08,68435.36730886211,0.0,0,,-0.4226129898405495
2025-10-09,68435.36730886211,0.0,0,,-0.4226129898405495
2025-10-10,68435.36730886211,0.0,0,,-0.4226129898405495
2025-10-13,68435.36730886211,0.0,0,,-0.4226129898405495
2025-10-14,68435.36730886211,0.0,0,,-0.4226129898405495
2025-10-15,68435.36730886211,0.0,0,,-0.4226129898405495
2025-10-16,68435.36730886211,0.0,0,,-0.4226129898405495
2025-10-17,68435.36730886211,0.0,0,,-0.4226129898405495
2025-10-20,68435.36730886211,0.0,0,,-0.4226129898405495
2025-10-21,68435.36730886211,0.0,0,,-0.4226129898405495
2025-10-22,68435.36730886211,0.0,0,,-0.4226129898405495
2025-10-23,68435.36730886211,0.0,0,,-0.4226129898405495
2025-10-24,68435.36730886211,0.0,0,,-0.4226129898405495
2025-10-27,68435.36730886211,0.0,0,,-0.4226129898405495
2025-10-28,68435.36730886211,0.0,0,,-0.4226129898405495
2025-10-29,68435.36730886211,0.0,0,,-0.4226129898405495
2025-10-30,68435.36730886211,0.0,0,,-0.4226129898405495
2025-10-31,68435.36730886211,0.0,0,,-0.4226129898405495
2025-11-03,68435.36730886211,0.0,0,,-0.4226129898405495
2025-11-04,68435.36730886211,0.0,0,,-0.4226129898405495
2025-11-05,68435.36730886211,0.0,0,,-0.4226129898405495
2025-11-06,68435.36730886211,0.0,0,,-0.4226129898405495
2025-11-07,68435.36730886211,0.0,0,,-0.4226129898405495
2025-11-10,68435.36730886211,0.0,0,,-0.4226129898405495
2025-11-11,68435.36730886211,0.0,0,,-0.4226129898405495
2025-11-12,68435.36730886211,0.0,0,,-0.4226129898405495
2025-11-13,68435.36730886211,0.0,0,,-0.4226129898405495
2025-11-14,68435.36730886211,0.0,0,,-0.4226129898405495
2025-11-17,68435.36730886211,0.0,0,,-0.4226129898405495
2025-11-18,68435.36730886211,0.0,0,,-0.4226129898405495
2025-11-19,68435.36730886211,0.0,0,,-0.4226129898405495
2025-11-20,68435.36730886211,0.0,0,,-0.4226129898405495
2025-11-21,68435.36730886211,0.0,0,,-0.4226129898405495
2025-11-24,68435.36730886211,0.0,0,,-0.4226129898405495
2025-11-25,68435.36730886211,0.0,0,,-0.4226129898405495
2025-11-26,68435.36730886211,0.0,0,,-0.4226129898405495
2025-11-28,68435.36730886211,0.0,0,,-0.4226129898405495
2025-12-01,68435.36730886211,0.0,0,,-0.4226129898405495
2025-12-02,68435.36730886211,0.0,0,,-0.4226129898405495
2025-12-03,68435.36730886211,0.0,0,,-0.4226129898405495
2025-12-04,67986.58711895384,-0.0065577231124198665,1,279.83821650913785,-0.42639933398188323
2025-12-05,68679.14889474981,0.010186741313903847,1,284.1285727364676,-0.42055621237967367
2025-12-08,69424.98934309397,0.010859780011065023,1,288.6689485822405,-0.4142635803173387
2025-12-09,69296.23988976267,-0.0018545116758322822,1,289.1710739135742,-0.4153498353466004
2025-12-10,70217.43592839062,0.01329359341998071,1,293.5942818777902,-0.40757773376477335
2025-12-11,69815.66122160965,-0.005721865252822811,1,294.0075007847377,-0.41096749414494327
2025-12-12,66477.15795499584,-0.047818830448610905,1,294.0075007847377,-0.43913433967114657
2025-12-15,66150.85402899799,-0.004908511976681629,1,294.0075007847377,-0.4418873554821803
2025-12-16,65164.50240115379,-0.01491064087263061,0,,-0.45020917269105964
2025-12-17,65164.50240115379,0.0,0,,-0.45020917269105964
2025-12-18,65164.50240115379,0.0,0,,-0.45020917269105964
2025-12-19,65164.50240115379,0.0,0,,-0.45020917269105964
2025-12-22,65164.50240115379,0.0,0,,-0.45020917269105964
2025-12-23,65164.50240115379,0.0,0,,-0.45020917269105964
2025-12-24,65164.50240115379,0.0,0,,-0.45020917269105964
2025-12-26,65164.50240115379,0.0,0,,-0.45020917269105964
2025-12-29,65164.50240115379,0.0,0,,-0.45020917269105964
2025-12-30,65164.50240115379,0.0,0,,-0.45020917269105964
2025-12-31,65164.50240115379,0.0,0,,-0.45020917269105964
2026-01-02,65164.50240115379,0.0,0,,-0.45020917269105964
2026-01-05,64531.26884572154,-0.009717461686948092,1,301.81787109375,-0.45555174399126974
2026-01-06,66619.01113627726,0.03235241345628892,1,309.96607535226,-0.43793752890731985
2026-01-07,65917.01264383744,-0.010537509945979129,1,309.96607535226,-0.4438602677867206
2026-01-08,64839.65977962304,-0.0163440790321544,1,309.96607535226,-0.45294985952293565
2026-01-09,66706.252452933,0.028787823373135124,1,311.3781999860491,-0.4372014767026332
2026-01-12,67024.79161380389,0.004775251931528501,1,313.6267765590123,-0.4345139719671961
2026-01-13,67623.31410312443,0.008929867216435738,1,316.7660435267857,-0.4294642568241135
2026-01-14,67339.26900719953,-0.004200401883464822,1,316.7660435267857,-0.4318607362343335
2026-01-15,68418.64656343285,0.01602894673712485,1,318.3235604422433,-0.4227540622361644
2026-01-16,69483.82031694024,0.015568471564544106,1,322.51284572056363,-0.41376722526833953
2026-01-20,68445.02328514708,-0.014950200306414363,1,322.51284572056363,-0.42253152267676297
2026-01-21,70634.21069508445,0.03198461049267309,1,325.70785631452287,-0.4040614183577822
2026-01-22,70741.74227396026,0.0015223724851971543,1,325.84142630440846,-0.4031541778582227
2026-01-23,69938.29247042007,-0.011357506582587162,1,325.84142630440846,-0.40993285821198755
2026-01-26,69605.55569854197,-0.004757576430949206,1,325.84142630440846,-0.4127401477384358
2026-01-27,71230.70230066737,0.0233479437929327,1,330.6978302001953,-0.39902883771598685
2026-01-28,73133.81373094223,0.026717572181750526,1,339.23497772216797,-0.38297234730851326
2026-01-29,73269.75291526988,0.0018587733552057895,1,339.23497772216797,-0.3818254327482652
2026-01-30,70260.88720704749,-0.04106559103183938,1,339.23497772216797,-0.4072111367133092
2026-02-02,71557.35880477003,0.018452252017570503,1,339.23497772216797,-0.396272847214734
2026-02-03,68724.22442847714,-0.03959249507828444,0,,-0.4201759115400113
2026-02-04,68724.22442847714,0.0,0,,-0.4201759115400113
2026-02-05,68724.22442847714,0.0,0,,-0.4201759115400113
2026-02-06,68724.22442847714,0.0,0,,-0.4201759115400113
2026-02-09,68724.22442847714,0.0,0,,-0.4201759115400113
2026-02-10,68724.22442847714,0.0,0,,-0.4201759115400113
2026-02-11,68724.22442847714,0.0,0,,-0.4201759115400113
2026-02-12,68724.22442847714,0.0,0,,-0.4201759115400113
2026-02-13,68724.22442847714,0.0,0,,-0.4201759115400113
2026-02-17,68724.22442847714,0.0,0,,-0.4201759115400113
2026-02-18,68724.22442847714,0.0,0,,-0.4201759115400113
2026-02-19,68724.22442847714,0.0,0,,-0.4201759115400113
2026-02-20,68724.22442847714,0.0,0,,-0.4201759115400113
2026-02-23,68724.22442847714,0.0,0,,-0.4201759115400113
2026-02-24,68724.22442847714,0.0,0,,-0.4201759115400113
2026-02-25,68724.22442847714,0.0,0,,-0.4201759115400113
2026-02-26,68724.22442847714,0.0,0,,-0.4201759115400113
2026-02-27,68724.22442847714,0.0,0,,-0.4201759115400113
2026-03-02,68724.22442847714,0.0,0,,-0.4201759115400113
2026-03-03,67949.47045102833,-0.01127337534751105,1,314.3649935041155,-0.4267124861247492
2026-03-04,68897.33952422788,0.013949616780055463,0,,-0.41871534500139873
2026-03-05,68897.33952422788,0.0,0,,-0.41871534500139873
2026-03-06,67769.78076296915,-0.016365780871149815,1,302.6732177734375,-0.42822852228886776
2026-03-09,66580.44697500435,-0.017549618348694396,0,,-0.4382628935053672
2026-03-10,66580.44697500435,0.0,0,,-0.4382628935053672
2026-03-11,66580.44697500435,0.0,0,,-0.4382628935053672
2026-03-12,66580.44697500435,0.0,0,,-0.4382628935053672
2026-03-13,66580.44697500435,0.0,0,,-0.4382628935053672
2026-03-16,66580.44697500435,0.0,0,,-0.4382628935053672
2026-03-17,66580.44697500435,0.0,0,,-0.4382628935053672
2026-03-18,66580.44697500435,0.0,0,,-0.4382628935053672
2026-03-19,66580.44697500435,0.0,0,,-0.4382628935053672
2026-03-20,66580.44697500435,0.0,0,,-0.4382628935053672
2026-03-23,66580.44697500435,0.0,0,,-0.4382628935053672
2026-03-24,66580.44697500435,0.0,0,,-0.4382628935053672
2026-03-25,66580.44697500435,0.0,0,,-0.4382628935053672
2026-03-26,66580.44697500435,0.0,0,,-0.4382628935053672
2026-03-27,66580.44697500435,0.0,0,,-0.4382628935053672
2026-03-30,66580.44697500435,0.0,0,,-0.4382628935053672
2026-03-31,66580.44697500435,0.0,0,,-0.4382628935053672
2026-04-01,66580.44697500435,0.0,0,,-0.4382628935053672
2026-04-02,66580.44697500435,0.0,0,,-0.4382628935053672
2026-04-06,66982.95537331847,0.006045444520149212,1,314.22322627476285,-0.43486694299314477
2026-04-07,67695.41645328574,0.01063645334841512,1,316.9725145612444,-0.42885593159664426
2026-04-08,72102.5452524459,0.06510232198957455,1,336.3553575788225,-0.39167312655301334
2026-04-09,73704.60991051306,0.02221925248904877,1,345.9175044468471,-0.3781565581560211
2026-04-10,75256.06072894475,0.021049576414763793,1,354.30536215645924,-0.36506701710890654
2026-04-13,76568.07600670656,0.017434014816260168,1,361.62034715924943,-0.3539975860778509
2026-04-14,78105.89910822232,0.02008439001890383,1,369.788198198591,-0.3410230216434852
2026-04-15,78226.58816526858,0.0015451977177680654,1,369.86534009660994,-0.34000477192046685
2026-04-16,79022.75812015409,0.01017774101566915,1,375.2482223510742,-0.3332875114174959
2026-04-17,80922.64839280864,0.02404231790752953,1,384.65284620012557,-0.31725819781407527
2026-04-20,81280.82447651065,0.004426153750719752,1,388.8678458077567,-0.31423627762555684
2026-04-21,81894.01233181263,0.0075440653961278414,1,394.28751155308316,-0.309062831257672
2026-04-22,84048.90843547562,0.026313231484274224,1,405.8092738560268,-0.29088204159546616
2026-04-23,85845.63439602811,0.021377148067685425,1,415.1267830984933,-0.27572312200119764
2026-04-24,89855.65841534409,0.046712031980761015,1,432.74286215645924,-0.24189067731319192
2026-04-27,88650.70447771261,-0.013409883794538113,1,432.74286215645924,-0.25205683523397804
2026-04-28,84111.9317548207,-0.05119838302055446,0,,-0.29035031586127447
2026-04-29,84111.9317548207,0.0,0,,-0.29035031586127447
2026-04-30,84111.9317548207,0.0,0,,-0.29035031586127447
2026-05-01,84111.9317548207,0.0,0,,-0.29035031586127447
2026-05-04,84111.9317548207,0.0,0,,-0.29035031586127447
2026-05-05,84111.9317548207,0.0,0,,-0.29035031586127447
2026-05-06,84111.9317548207,0.0,0,,-0.29035031586127447
2026-05-07,84111.9317548207,0.0,0,,-0.29035031586127447
2026-05-08,84111.9317548207,0.0,0,,-0.29035031586127447
2026-05-11,84111.9317548207,0.0,0,,-0.29035031586127447
2026-05-12,84111.9317548207,0.0,0,,-0.29035031586127447
2026-05-13,84111.9317548207,0.0,0,,-0.29035031586127447
2026-05-14,84111.9317548207,0.0,0,,-0.29035031586127447
2026-05-15,84111.9317548207,0.0,0,,-0.29035031586127447
2026-05-18,84111.9317548207,0.0,0,,-0.29035031586127447
2026-05-19,84111.9317548207,0.0,0,,-0.29035031586127447
2026-05-20,84111.9317548207,0.0,0,,-0.29035031586127447
2026-05-21,84111.9317548207,0.0,0,,-0.29035031586127447
2026-05-22,84111.9317548207,0.0,0,,-0.29035031586127447
2026-05-26,84111.9317548207,0.0,0,,-0.29035031586127447
2026-05-27,84111.9317548207,0.0,0,,-0.29035031586127447
2026-05-28,84111.9317548207,0.0,0,,-0.29035031586127447
2026-05-29,84111.9317548207,0.0,0,,-0.29035031586127447
2026-06-01,84111.9317548207,0.0,0,,-0.29035031586127447
2026-06-02,84111.9317548207,0.0,0,,-0.29035031586127447
2026-06-03,84111.9317548207,0.0,0,,-0.29035031586127447
2026-06-04,84111.9317548207,0.0,0,,-0.29035031586127447
2026-06-05,84111.9317548207,0.0,0,,-0.29035031586127447
2026-06-08,84111.9317548207,0.0,0,,-0.29035031586127447
2026-06-09,84111.9317548207,0.0,0,,-0.29035031586127447
2026-06-10,84111.9317548207,0.0,0,,-0.29035031586127447
2026-06-11,84111.9317548207,0.0,0,,-0.29035031586127447
2026-06-12,84111.9317548207,0.0,0,,-0.29035031586127447
2026-06-15,84111.9317548207,0.0,0,,-0.29035031586127447
2026-06-16,84111.9317548207,0.0,0,,-0.29035031586127447
2026-06-17,84111.9317548207,0.0,0,,-0.29035031586127447
2026-06-18,84111.9317548207,0.0,0,,-0.29035031586127447
2026-06-22,84111.9317548207,0.0,0,,-0.29035031586127447
2026-06-23,84111.9317548207,0.0,0,,-0.29035031586127447
2026-06-24,84111.9317548207,0.0,0,,-0.29035031586127447
2026-06-25,84111.9317548207,0.0,0,,-0.29035031586127447
2026-06-26,84111.9317548207,0.0,0,,-0.29035031586127447
2026-06-29,84111.9317548207,0.0,0,,-0.29035031586127447
2026-06-30,84111.9317548207,0.0,0,,-0.29035031586127447
2026-07-01,84111.9317548207,0.0,0,,-0.29035031586127447
2026-07-02,84111.9317548207,0.0,0,,-0.29035031586127447
2026-07-06,84111.9317548207,0.0,0,,-0.29035031586127447
2026-07-07,84111.9317548207,0.0,0,,-0.29035031586127447
2026-07-08,86664.39586990228,0.030346040827142096,1,469.8425183977399,-0.2688152575734323
2026-07-09,90763.88398156907,0.047303025314118674,0,,-0.23422800719313086
2026-07-10,92109.39207930888,0.01482426752487842,1,493.32574026925226,-0.22287599830870264
2026-07-13,87715.75471173463,-0.0477002102433941,1,493.32574026925226,-0.2599449765745653
2026-07-14,91839.9146676957,0.04701732282318649,0,,-0.22514957063125063
2026-07-15,91839.9146676957,0.0,0,,-0.22514957063125063
2026-07-16,91839.9146676957,0.0,0,,-0.22514957063125063
2026-07-17,91839.9146676957,0.0,0,,-0.22514957063125063
2026-07-20,91839.9146676957,0.0,0,,-0.22514957063125063
2026-07-21,91839.9146676957,0.0,0,,-0.22514957063125063
2026-07-22,91839.9146676957,0.0,0,,-0.22514957063125063
2026-07-23,91839.9146676957,0.0,0,,-0.22514957063125063
2026-07-24,91839.9146676957,0.0,0,,-0.22514957063125063
2026-07-27,91839.9146676957,0.0,0,,-0.22514957063125063
2026-07-28,91839.9146676957,0.0,0,,-0.22514957063125063
2026-07-29,91839.9146676957,0.0,0,,-0.22514957063125063
2026-07-30,91839.9146676957,0.0,0,,-0.22514957063125063
2026-07-31,91839.9146676957,0.0,0,,-0.22514957063125063
2026-08-03,91839.9146676957,0.0,0,,-0.22514957063125063
2026-08-04,91839.9146676957,0.0,0,,-0.22514957063125063
2026-08-05,91839.9146676957,0.0,0,,-0.22514957063125063
2026-08-06,91839.9146676957,0.0,0,,-0.22514957063125063
2026-08-07,91839.9146676957,0.0,0,,-0.22514957063125063
2026-08-10,91839.9146676957,0.0,0,,-0.22514957063125063
2026-08-11,91839.9146676957,0.0,0,,-0.22514957063125063
2026-08-12,91839.9146676957,0.0,0,,-0.22514957063125063
2026-08-13,91839.9146676957,0.0,0,,-0.22514957063125063
2026-08-14,91842.51696608921,2.833515691880173e-05,1,489.40391649518693,-0.22512761512274593
2026-08-17,93294.1921296704,0.01580613436494982,1,501.6985615321568,-0.21287987809168707
2026-08-18,88667.19587091319,-0.04959575889060819,1,501.6985615321568,-0.2519176978757979
2026-08-19,89345.57859174605,0.00765088727764085,0,,-0.24619420450784757
2026-08-20,89345.57859174605,0.0,0,,-0.24619420450784757
2026-08-21,89345.57859174605,0.0,0,,-0.24619420450784757
2026-08-24,89345.57859174605,0.0,0,,-0.24619420450784757
2026-08-25,89345.57859174605,0.0,0,,-0.24619420450784757
2026-08-26,89788.39922768882,0.004956268042833889,1,474.02325657435824,-0.24245814093314677
2026-08-27,91535.7309154358,0.01946055061429508,1,484.8121534075056,-0.22771595924232912
2026-08-28,88607.24294432365,-0.0319928397558501,1,484.8121534075056,-0.2524235188042896
2026-08-31,89028.8361175735,0.004757998999187496,1,484.8121534075056,-0.24886655065494434
2026-09-01,87159.549224828,-0.02099642064596774,1,484.8121534075056,-0.2646376645186498
2026-09-02,86658.29603770791,-0.005750984161553063,0,,-0.26886672166300574
2026-09-03,86658.29603770791,0.0,0,,-0.26886672166300574
2026-09-04,86658.29603770791,0.0,0,,-0.26886672166300574
2026-09-08,86658.29603770791,0.0,0,,-0.26886672166300574
2026-09-09,86658.29603770791,0.0,0,,-0.26886672166300574
2026-09-10,86658.29603770791,0.0,0,,-0.26886672166300574
2026-09-11,86658.29603770791,0.0,0,,-0.26886672166300574
2026-09-14,86658.29603770791,0.0,0,,-0.26886672166300574
2026-09-15,86658.29603770791,0.0,0,,-0.26886672166300574
2026-09-16,86658.29603770791,0.0,0,,-0.26886672166300574
2026-09-17,86658.29603770791,0.0,0,,-0.26886672166300574
2026-09-18,86658.29603770791,0.0,0,,-0.26886672166300574
2026-09-21,88792.20267210482,0.02462437795301642,1,518.1203700474331,-0.25086301948320766
2026-09-22,90925.73033576921,0.024028322301488103,1,530.8085828508649,-0.2328625146673865
2026-09-23,89804.98423601768,-0.012325951032923887,1,530.8085828508649,-0.2423182137471166
2026-09-24,89447.1835439098,-0.003984196368962523,0,,-0.2453369667687344
